,celllabel,True,Predict
EOC3_PBMC_cell_CTACGTCTCTATGTGG,0,0,0
EOC3_PBMC_cell_TAGTGGTAGTGCTGCC,0,0,0
EOC3_PBMC_cell_ATTGGACCAGCCACCA,0,0,0
EOC3_PBMC_cell_TCAGCAAGTAAAGGAG,0,0,0
EOC3_PBMC_cell_GTGTTAGAGAGACTTA,0,0,0
EOC3_PBMC_cell_TTGGCAAAGAGCCCAA,0,0,0
EOC3_PBMC_cell_ATCTACTTCTCATTCA,0,0,0
EOC3_PBMC_cell_TTGAACGAGAGACTTA,0,0,0
EOC3_PBMC_cell_TCTGAGAGTAAGAGGA,0,0,0
EOC3_PBMC_cell_GGACAAGCAAGCGTAG,0,0,0
EOC3_PBMC_cell_CATGCCTGTTAAGAAC,0,0,0
EOC3_PBMC_cell_TGGCGCATCGTGGACC,0,0,0
EOC3_PBMC_cell_CACCACTAGCTAGTTC,0,0,0
EOC3_PBMC_cell_GCAATCATCAGTTAGC,0,0,0
EOC3_PBMC_cell_TACGGATGTCTCTCGT,0,0,0
EOC3_PBMC_cell_TGTGTTTGTAGGCATG,0,0,0
EOC3_PBMC_cell_GTAGTCAAGTACTTGC,0,0,0
EOC3_PBMC_cell_CAAGGCCGTTGGAGGT,0,0,0
EOC3_PBMC_cell_CCATTCGTCCCAAGAT,0,0,0
EOC3_PBMC_cell_GAACATCGTTACCAGT,0,0,0
EOC3_PBMC_cell_TGTTCCGAGTGAACAT,0,0,0
EOC3_PBMC_cell_CGAGCACCAGCCAGAA,0,0,0
EOC3_PBMC_cell_CGTTGGGCATGCCACG,0,0,0
EOC3_PBMC_cell_ACTGTCCGTAAGTTCC,0,0,0
EOC3_PBMC_cell_AAGGAGCGTTAGGGTG,0,0,0
EOC3_PBMC_cell_CTACCCACATACCATG,0,0,0
EOC3_PBMC_cell_ACGGGCTTCGGAAATA,0,0,0
EOC3_PBMC_cell_AAGCCGCCAATGGTCT,0,0,0
EOC3_PBMC_cell_GGCTCGAAGAGCTATA,0,0,0
EOC3_PBMC_cell_CAAGTTGTCTCGCATC,0,0,0
EOC3_PBMC_cell_TCATTACAGTTTCCTT,0,0,0
EOC3_PBMC_cell_GACAGAGGTGATAAAC,0,0,0
EOC3_PBMC_cell_GTGAAGGGTTCCATGA,0,0,0
EOC3_PBMC_cell_TGAGCCGAGCCCAATT,0,0,0
EOC3_PBMC_cell_TCCCGATTCAGGCCCA,0,0,0
EOC3_PBMC_cell_GTGCTTCTCGTGACAT,0,0,0
EOC3_PBMC_cell_TTCTCCTAGAGGGCTT,0,0,0
EOC3_PBMC_cell_GACAGAGAGCAGGCTA,0,0,0
EOC3_PBMC_cell_CGTCTACAGCAGGCTA,0,0,0
EOC3_PBMC_cell_ATTCTACGTCGAAAGC,0,0,0
EOC3_PBMC_cell_ACGAGCCCAGCCTATA,0,0,0
EOC3_PBMC_cell_TGCTGCTAGAGTAAGG,0,0,0
EOC3_PBMC_cell_TCCACACTCAAACCGT,0,0,0
EOC3_PBMC_cell_CCTCTGATCGTATCAG,0,0,0
EOC3_PBMC_cell_AAACCTGGTCACTGGC,0,0,0
EOC3_PBMC_cell_ACGCCGAGTGTAAGTA,0,0,0
EOC3_PBMC_cell_AAGGCAGTCCATGAAC,0,0,0
EOC3_PBMC_cell_TCTCATACAGTCAGCC,0,0,0
EOC3_PBMC_cell_CGGACGTTCGATCCCT,0,0,0
EOC3_PBMC_cell_GGACATTTCAGCTCGG,0,0,0
EOC3_PBMC_cell_GGGAGATTCTATCCTA,0,0,0
EOC3_PBMC_cell_AGTGTCACATGCATGT,0,0,0
EOC3_PBMC_cell_CGAGCCAGTTCCAACA,0,0,0
EOC3_PBMC_cell_CATATTCCAAGAAGAG,0,0,0
EOC3_PBMC_cell_TCTCATAGTTAAGATG,0,0,0
EOC3_PBMC_cell_ACTGATGCAAGTAGTA,0,0,0
EOC3_PBMC_cell_TAGACCAAGCGTTGCC,0,0,0
EOC3_PBMC_cell_CTCAGAACAAGACACG,0,0,0
EOC3_PBMC_cell_CAGCGACTCGGAAATA,0,0,0
EOC3_PBMC_cell_CCTTTCTAGACTTGAA,0,0,0
EOC3_PBMC_cell_CTACATTAGCCTCGTG,0,0,0
EOC3_PBMC_cell_GTGTGCGTCCCTAACC,0,0,0
EOC3_PBMC_cell_GACGTGCTCCTCGCAT,0,0,0
EOC3_PBMC_cell_TCACGAAGTTCCACAA,0,0,0
EOC3_PBMC_cell_GCACATAGTCCAACTA,0,0,0
EOC3_PBMC_cell_AGGGATGGTACAAGTA,0,0,0
EOC3_PBMC_cell_GTGCAGCTCCTATTCA,0,0,0
EOC3_PBMC_cell_TAAACCGTCCATGCTC,0,0,0
EOC3_PBMC_cell_CGTCCATTCGTAGATC,0,0,0
EOC3_PBMC_cell_ACGCCGATCGCATGGC,0,0,0
EOC3_PBMC_cell_TTCTACAGTAGCGATG,0,0,0
EOC3_PBMC_cell_AAGGAGCAGATAGCAT,0,0,0
EOC3_PBMC_cell_CTGCCTAAGTTAAGTG,0,0,0
EOC3_PBMC_cell_GCGCCAAGTCATACTG,0,0,0
EOC3_PBMC_cell_TCAATCTGTTGGTAAA,0,0,0
EOC3_PBMC_cell_CATCGGGCAGGCTCAC,0,0,0
EOC3_PBMC_cell_TCTCATACAATCGGTT,0,0,0
EOC3_PBMC_cell_GTGCAGCAGTCTCCTC,0,0,0
EOC3_PBMC_cell_GACCTGGAGTGGGATC,0,0,0
EOC3_PBMC_cell_CGTCACTAGAGATGAG,0,0,0
EOC3_PBMC_cell_GCACATAAGCCTCGTG,0,0,0
EOC3_PBMC_cell_CATATGGTCTTAACCT,0,0,0
EOC3_PBMC_cell_TTCGGTCTCGGCTTGG,0,0,0
EOC3_PBMC_cell_GATTCAGGTCTCTCGT,0,0,0
EOC3_PBMC_cell_ACGATACGTAGAGCTG,0,0,0
EOC3_PBMC_cell_CTAACTTTCCAAACAC,0,0,0
EOC3_PBMC_cell_ACACCAAAGCGATATA,0,0,0
EOC3_PBMC_cell_CATCGGGGTCCCGACA,0,0,0
EOC3_PBMC_cell_AGCGGTCCATCCGTGG,0,0,0
EOC3_PBMC_cell_CTCGTCAGTTCCATGA,0,0,0
EOC3_PBMC_cell_ATCCACCGTACATCCA,0,0,0
EOC3_PBMC_cell_GCACATATCCTTTCGG,0,0,0
EOC3_PBMC_cell_TACTCGCGTATAAACG,0,0,0
EOC3_PBMC_cell_ACAGCCGGTTGAGTTC,0,0,0
EOC3_PBMC_cell_CACCAGGGTTCCCTTG,0,0,0
EOC3_PBMC_cell_GCTGCAGGTTGTCTTT,0,0,0
EOC3_PBMC_cell_CGTCACTTCTTGAGAC,0,0,0
EOC3_PBMC_cell_GCATGCGAGTGTACCT,0,0,0
EOC3_PBMC_cell_CGAGCACTCTTGCATT,0,0,0
EOC3_PBMC_cell_CTTCTCTCAACGATCT,0,0,0
EOC3_PBMC_cell_GTCCTCAAGATTACCC,0,0,0
EOC3_PBMC_cell_AACTCCCGTCGACTGC,0,0,0
EOC3_PBMC_cell_GTGCGGTTCAGTCCCT,0,0,0
EOC3_PBMC_cell_TGGGAAGCATACGCTA,0,0,0
EOC3_PBMC_cell_TACGGTATCCCTTGTG,0,0,0
EOC3_PBMC_cell_ACAGCTAGTTTAGCTG,0,0,0
EOC3_PBMC_cell_ATTATCCGTTCAGCGC,0,0,0
EOC3_PBMC_cell_CGCTTCATCACCAGGC,0,0,0
EOC3_PBMC_cell_TCGCGTTGTCGGATCC,0,0,0
EOC3_PBMC_cell_GTTCGGGCATTTCACT,0,0,0
EOC3_PBMC_cell_GTCGGGTCACTCGACG,0,0,0
EOC3_PBMC_cell_AACACGTTCGGTTCGG,0,0,0
EOC3_PBMC_cell_CTGCTGTCAGTGACAG,0,0,0
EOC3_PBMC_cell_ATAGACCCATGGTCTA,0,0,0
EOC3_PBMC_cell_TCTTCGGAGATTACCC,0,0,0
EOC3_PBMC_cell_CGTAGGCGTGAGGGTT,0,0,0
EOC3_PBMC_cell_GAACATCAGCGTGTCC,0,0,0
EOC3_PBMC_cell_GACGGCTCAAACCCAT,0,0,0
EOC3_PBMC_cell_CGAGCCATCAAGGCTT,0,0,0
EOC3_PBMC_cell_CGTAGCGCACGCTTTC,0,0,0
EOC3_PBMC_cell_CAGCATACACATGTGT,0,0,0
EOC3_PBMC_cell_GACCTGGAGGCATGGT,0,0,0
EOC3_PBMC_cell_TGCTGCTTCCGTCAAA,0,0,0
EOC3_PBMC_cell_TAGACCAAGTACTTGC,0,0,0
EOC3_PBMC_cell_GTGTTAGGTCTGGTCG,0,0,0
EOC3_PBMC_cell_ATCCACCCAGGGAGAG,0,0,0
EOC3_PBMC_cell_GATCGATGTTCGTGAT,0,0,0
EOC3_PBMC_cell_CGGAGTCCACTTGGAT,0,0,0
EOC3_PBMC_cell_GCATGTAAGGTGGGTT,0,0,0
EOC3_PBMC_cell_ACGGAGATCTTGCCGT,0,0,0
EOC3_PBMC_cell_TACTTGTTCTCGATGA,0,0,0
EOC3_PBMC_cell_TACTCGCTCGAATCCA,0,0,0
EOC3_PBMC_cell_GATGCTATCGTCGTTC,0,0,0
EOC3_PBMC_cell_CGAACATCATTACGAC,0,0,0
EOC3_PBMC_cell_GAAGCAGTCTACTATC,0,0,0
EOC3_PBMC_cell_CGGGTCAAGATCTGCT,0,0,0
EOC3_PBMC_cell_CGAGAAGTCAGAGACG,0,0,0
EOC3_PBMC_cell_GGAAAGCAGACACTAA,0,0,0
EOC3_PBMC_cell_GCACTCTTCAGATAAG,0,0,0
EOC3_PBMC_cell_CATCAGAAGACTCGGA,0,0,0
EOC3_PBMC_cell_TCGTAGAAGAAACCAT,0,0,0
EOC3_PBMC_cell_GCGAGAAGTTCCACAA,0,0,0
EOC3_PBMC_cell_GAAACTCCATTTGCTT,0,0,0
EOC3_PBMC_cell_ACTGTCCTCGCTGATA,0,0,0
EOC3_PBMC_cell_CCACTACTCGTCGTTC,0,0,0
EOC3_PBMC_cell_CACCACTGTATAGTAG,0,0,0
EOC3_PBMC_cell_ATTTCTGCAGTAAGCG,0,0,0
EOC3_PBMC_cell_GACGCGTTCTTGCCGT,0,0,0
EOC3_PBMC_cell_ACGGGCTTCTTCAACT,0,0,0
EOC3_PBMC_cell_GCGCAACTCCGAATGT,0,0,0
EOC3_PBMC_cell_ATCATCTCACAGATTC,0,0,0
EOC3_PBMC_cell_GACGCGTGTGGTCCGT,0,0,0
EOC3_PBMC_cell_GATCGCGTCTGGCGAC,0,0,0
EOC3_PBMC_cell_CTGAAACAGTACTTGC,0,0,0
EOC3_PBMC_cell_CTCGGGAAGTACATGA,0,0,0
EOC3_PBMC_cell_GCCAAATAGCTTCGCG,0,0,0
EOC3_PBMC_cell_GACGGCTTCCTAGGGC,0,0,0
EOC3_PBMC_cell_GCGCGATAGGGTGTGT,0,0,0
EOC3_PBMC_cell_TCTTCGGGTATATGAG,0,0,0
EOC3_PBMC_cell_CGGACACTCTCACATT,0,0,0
EOC3_PBMC_cell_AGGTCATCATATGGTC,0,0,0
EOC3_PBMC_cell_CTGCGGAGTTACAGAA,0,0,0
EOC3_PBMC_cell_CTCCTAGGTGCTTCTC,0,0,0
EOC3_PBMC_cell_TGATTTCAGATAGTCA,0,0,0
EOC3_PBMC_cell_GTGAAGGGTTCCGGCA,0,0,0
EOC3_PBMC_cell_GTGCGGTGTAGCGATG,0,0,0
EOC3_PBMC_cell_CGTCACTCATATGGTC,0,0,0
EOC3_PBMC_cell_CTCACACCAGCGTTCG,0,0,0
EOC3_PBMC_cell_CTAACTTTCGTTTATC,0,0,0
EOC3_PBMC_cell_TTAACTCTCCCTCTTT,0,0,0
EOC3_PBMC_cell_CAGGTGCTCAGGTAAA,0,0,0
EOC3_PBMC_cell_AGAGCTTAGAATTGTG,0,0,0
EOC3_PBMC_cell_CGTAGGCAGCGATTCT,0,0,0
EOC3_PBMC_cell_TGAGCATTCGCTGATA,0,0,0
EOC3_PBMC_cell_TACGGATAGACTAGGC,0,0,0
EOC3_PBMC_cell_CTCGGGAAGGCCCGTT,0,0,0
EOC3_PBMC_cell_ACTTGTTTCTTTACGT,0,0,0
EOC3_PBMC_cell_TTGGAACAGGACTGGT,0,0,0
EOC3_PBMC_cell_TTTACTGTCCGTACAA,0,0,0
EOC3_PBMC_cell_ACACCGGTCCCGACTT,0,0,0
EOC3_PBMC_cell_CGGCTAGTCCGTCAAA,0,0,0
EOC3_PBMC_cell_GATCAGTAGGATATAC,0,0,0
EOC3_PBMC_cell_ATTGGACAGAGACTAT,0,0,0
EOC3_PBMC_cell_TACACGATCGTTGCCT,0,0,0
EOC3_PBMC_cell_CCGGTAGGTGTTTGTG,0,0,0
EOC3_PBMC_cell_CGATGTACACGGTAAG,0,0,0
EOC3_PBMC_cell_TAAGTGCCACGGCGTT,0,0,0
EOC3_PBMC_cell_GTTAAGCTCAGGTAAA,0,0,0
EOC3_PBMC_cell_CACACTCGTGCCTTGG,0,0,0
EOC3_PBMC_cell_CTAGCCTAGAGTAATC,0,0,0
EOC3_PBMC_cell_CCCAGTTCATCGACGC,0,0,0
EOC3_PBMC_cell_TCTATTGGTGTGCGTC,0,0,0
EOC3_PBMC_cell_TGGTTCCGTTATTCTC,0,0,0
EOC3_PBMC_cell_GGACAAGGTTCCCGAG,0,0,1
EOC3_PBMC_cell_CTAACTTCACGAAACG,0,0,0
EOC3_PBMC_cell_CGAATGTTCCGCGTTT,0,0,0
EOC3_PBMC_cell_CCTTCCCCAATGTTGC,0,0,0
EOC3_PBMC_cell_CTAAGACAGGCGACAT,0,0,0
EOC3_PBMC_cell_AGGTCCGTCCATGAGT,0,0,0
EOC3_PBMC_cell_CCTAGCTGTTAGATGA,0,0,0
EOC3_PBMC_cell_TTGACTTCATGCAACT,0,0,0
EOC3_PBMC_cell_AACTCAGTCAGCGATT,0,0,0
EOC3_PBMC_cell_CGGACTGTCTGCGACG,0,0,0
EOC3_PBMC_cell_ACTGCTCAGCAGCGTA,0,0,0
EOC3_PBMC_cell_TCAGGATAGGTGCAAC,0,0,0
EOC3_PBMC_cell_CCTTCGAGTACTCGCG,0,0,0
EOC3_PBMC_cell_CACATTTGTCTAAAGA,0,0,0
EOC3_PBMC_cell_GGGATGACAGCAGTTT,0,0,0
EOC3_PBMC_cell_TACTCATGTCGCCATG,0,0,0
EOC3_PBMC_cell_CGTCTACAGCTGGAAC,0,0,0
EOC3_PBMC_cell_TACCTATCACGGCGTT,0,0,0
EOC3_PBMC_cell_GACAGAGGTCTAGGTT,0,0,0
EOC3_PBMC_cell_CTACACCTCATGGTCA,0,0,0
EOC3_PBMC_cell_ATGAGGGCAACTTGAC,0,0,0
EOC3_PBMC_cell_GATCTAGGTCTAGCGC,0,0,0
EOC3_PBMC_cell_CATATGGGTCCGAACC,0,0,0
EOC3_PBMC_cell_ATCTGCCAGAGGACGG,0,0,0
EOC3_PBMC_cell_TGCGCAGGTTTACTCT,0,0,0
EOC3_PBMC_cell_CAGGTGCAGTCCAGGA,0,0,0
EOC3_PBMC_cell_GGACATTCAGGCTGAA,0,0,0
EOC3_PBMC_cell_TACCTTAGTGTCTGAT,0,0,0
EOC3_PBMC_cell_GGACAAGGTACTTGAC,0,0,0
EOC3_PBMC_cell_GTAACGTCAGTAAGAT,0,0,0
EOC3_PBMC_cell_GGGACCTGTTCACCTC,0,0,0
EOC3_PBMC_cell_AGCTCTCCAGTTCCCT,0,0,0
EOC3_PBMC_cell_ACTATCTAGTCGCCGT,0,0,0
EOC3_PBMC_cell_TCATTACCAACACCTA,0,0,0
EOC3_PBMC_cell_GTACTCCAGAACTCGG,0,0,0
EOC3_PBMC_cell_AGAGCTTTCAAAGACA,0,0,0
EOC3_PBMC_cell_TTAACTCCACGGTGTC,0,0,0
EOC3_PBMC_cell_CAAGAAACATACCATG,0,0,0
EOC3_PBMC_cell_CCACGGAGTCCAGTGC,0,0,0
EOC3_PBMC_cell_CAAGAAAAGAGAACAG,0,0,0
EOC3_PBMC_cell_ACCGTAAGTTCACCTC,0,0,0
EOC3_PBMC_cell_CCAGCGAGTGTCGCTG,0,0,0
EOC3_PBMC_cell_GTCAAGTTCTGGCGAC,0,0,0
EOC3_PBMC_cell_AAGACCTGTACCGCTG,0,0,0
EOC3_PBMC_cell_GATCAGTAGCGATGAC,0,0,0
EOC3_PBMC_cell_TCCCGATGTTCCACGG,0,0,0
EOC3_PBMC_cell_GGGATGATCAAACGGG,0,0,0
EOC3_PBMC_cell_CAACCAACAGGCAGTA,0,0,0
EOC3_PBMC_cell_GACCAATAGCACGCCT,0,0,0
EOC3_PBMC_cell_ACGCCGATCCGTAGTA,0,0,0
EOC3_PBMC_cell_TCTATTGAGTCCCACG,0,0,0
EOC3_PBMC_cell_GAAACTCGTGGAAAGA,0,0,0
EOC3_PBMC_cell_AAATGCCTCGCGTTTC,0,0,0
EOC3_PBMC_cell_ACATACGAGCCACCTG,0,0,0
EOC3_PBMC_cell_TGGCCAGTCGGCCGAT,0,0,0
EOC3_PBMC_cell_TGCGGGTAGAAGAAGC,0,0,0
EOC3_PBMC_cell_TAAACCGCATGTAGTC,0,0,0
EOC3_PBMC_cell_CGCCAAGAGCCAGGAT,0,0,0
EOC3_PBMC_cell_CAGCAGCAGATCCGAG,0,0,0
EOC3_PBMC_cell_CGTCTACGTTATGTGC,0,0,0
EOC3_PBMC_cell_ACTGCTCAGTTCGATC,0,0,0
EOC3_PBMC_cell_TGCCAAACATCTGGTA,0,0,0
EOC3_PBMC_cell_TGCTGCTAGTGGAGAA,0,0,0
EOC3_PBMC_cell_TCAGCTCCAATAGCGG,0,0,0
EOC3_PBMC_cell_TTTGCGCTCCTAGGGC,0,0,0
EOC3_PBMC_cell_TGCTACCTCCTCAATT,0,0,0
EOC3_PBMC_cell_GTTTCTATCCACTGGG,0,0,0
EOC3_PBMC_cell_GCTTCCACACCAGCAC,0,0,0
EOC3_PBMC_cell_CATCGGGGTCCAGTTA,0,0,0
EOC3_PBMC_cell_AGAGCTTTCGAGCCCA,0,0,0
EOC3_PBMC_cell_AAAGATGTCAGCTCGG,0,0,0
EOC3_PBMC_cell_TACTCATCACCTGGTG,0,0,0
EOC3_PBMC_cell_CGAATGTGTCAATGTC,0,0,0
EOC3_PBMC_cell_CGTGTCTCATGCTGGC,0,0,0
EOC3_PBMC_cell_TATTACCAGAGGACGG,0,0,0
EOC3_PBMC_cell_GACACGCCAAAGCAAT,0,0,0
EOC3_PBMC_cell_TCGCGTTTCCGTCATC,0,0,0
EOC3_PBMC_cell_GACGTTAGTAATCACC,0,0,0
EOC3_PBMC_cell_CTAAGACGTCGACTAT,0,0,0
EOC3_PBMC_cell_AGGCCACAGTTCCACA,0,0,0
EOC3_PBMC_cell_GTAGTCATCAGTCAGT,0,0,0
EOC3_PBMC_cell_ACACCGGGTTTACTCT,0,0,0
EOC3_PBMC_cell_GTTACAGAGAGCCCAA,0,0,0
EOC3_PBMC_cell_TGTGGTAAGAAGGCCT,0,0,0
EOC3_PBMC_cell_TCAGGTAGTACCTACA,0,0,0
EOC3_PBMC_cell_GGACATTAGATGCCAG,0,0,0
EOC3_PBMC_cell_GACGTTATCACTTACT,0,0,0
EOC3_PBMC_cell_TGCCAAATCTCGATGA,0,0,0
EOC3_PBMC_cell_GTCGTAAAGATCCTGT,0,0,0
EOC3_PBMC_cell_CTCGGGAGTACCATCA,0,0,0
EOC3_PBMC_cell_GATCGATTCTGCGGCA,0,0,0
EOC3_PBMC_cell_GATCTAGTCGCGTTTC,0,0,0
EOC3_PBMC_cell_AGCGTCGAGCGTGAAC,0,0,0
EOC3_PBMC_cell_CATCAAGTCAACACAC,0,0,0
EOC3_PBMC_cell_CATGACAGTTCGTGAT,0,0,0
EOC3_PBMC_cell_GACGGCTAGCGTAATA,0,0,0
EOC3_PBMC_cell_CGAATGTTCTGGTGTA,0,0,0
EOC3_PBMC_cell_GGGAGATCAATCTGCA,0,0,0
EOC3_PBMC_cell_TGGACGCAGTACGTAA,0,0,0
EOC3_PBMC_cell_CATCCACGTGCGAAAC,0,0,0
EOC3_PBMC_cell_CGAATGTCATCGGAAG,0,0,0
EOC3_PBMC_cell_TCGCGAGCACGGCTAC,0,0,0
EOC3_PBMC_cell_ATCATGGGTCGATTGT,0,0,0
EOC3_PBMC_cell_TCAGCAAAGCCACCTG,0,0,0
EOC3_PBMC_cell_ATCACGAGTTTAAGCC,0,0,0
EOC3_PBMC_cell_ATTTCTGTCATCTGCC,0,0,0
EOC3_PBMC_cell_GAAATGACAAGCCTAT,0,0,0
EOC3_PBMC_cell_GAATGAAGTACAGTTC,0,0,0
EOC3_PBMC_cell_GCTTCCATCGTACGGC,0,0,0
EOC3_PBMC_cell_GATCGCGGTTAAGATG,0,0,0
EOC3_PBMC_cell_CTTACCGTCGTTTAGG,0,0,0
EOC3_PBMC_cell_CGTCAGGCATCCTAGA,0,0,0
EOC3_PBMC_cell_AGTGAGGCAGGAACGT,0,0,0
EOC3_PBMC_cell_GTCACGGCAGTCACTA,0,0,0
EOC3_PBMC_cell_ACTATCTGTTCCCGAG,0,0,0
EOC3_PBMC_cell_ATGGGAGTCAACGAAA,0,0,0
EOC3_PBMC_cell_TGACTAGGTGACCAAG,0,0,0
EOC3_PBMC_cell_CATTCGCCACTGCCAG,0,0,0
EOC3_PBMC_cell_TGGCTGGCACATTCGA,0,0,0
EOC3_PBMC_cell_CTTGGCTGTCTAGGTT,0,0,0
EOC3_PBMC_cell_AGTGGGACAAGCGATG,0,0,0
EOC3_PBMC_cell_TATCAGGTCATGTCCC,0,0,0
EOC3_PBMC_cell_TAAACCGAGAGATGAG,0,0,0
EOC3_PBMC_cell_GTTACAGGTGAGTGAC,0,0,0
EOC3_PBMC_cell_AGCCTAAAGCCGTCGT,0,0,0
EOC3_PBMC_cell_ATCCGAAAGTGGGCTA,0,0,0
EOC3_PBMC_cell_CTTCTCTGTCGCATCG,0,0,0
EOC3_PBMC_cell_TACTCGCCAGGGTACA,0,0,0
EOC3_PBMC_cell_GGGAGATTCGGTGTTA,0,0,0
EOC3_PBMC_cell_ATTTCTGCACCAACCG,0,0,0
EOC3_PBMC_cell_GACGTGCGTACTTCTT,0,0,0
EOC3_PBMC_cell_TGGTTCCTCTTGCCGT,0,0,0
EOC3_PBMC_cell_AACCATGTCATCGGAT,0,0,0
EOC3_PBMC_cell_GGCAATTAGGTTCCTA,0,0,0
EOC3_PBMC_cell_AGGTCATAGGGCTTGA,0,0,0
EOC3_PBMC_cell_CTTAGGAGTGCAGTAG,0,0,0
EOC3_PBMC_cell_TGCCCTAGTACCGTAT,0,0,0
EOC3_PBMC_cell_AACTCTTAGATACACA,0,0,0
EOC3_PBMC_cell_CGAGAAGGTACAGTTC,0,0,0
EOC3_PBMC_cell_GTTAAGCAGAGCAATT,0,0,0
EOC3_PBMC_cell_CGGAGTCTCGGCGCAT,0,0,0
EOC3_PBMC_cell_AGAATAGGTGATAAGT,0,0,0
EOC3_PBMC_cell_CTGGTCTAGACAAAGG,0,0,0
EOC3_PBMC_cell_GCGCCAAGTACACCGC,0,0,0
EOC3_PBMC_cell_TGTGGTATCGGTGTCG,0,0,0
EOC3_PBMC_cell_CGCGTTTGTCGTTGTA,0,0,0
EOC3_PBMC_cell_GTTCATTTCCTATTCA,0,0,0
EOC3_PBMC_cell_TATCTCATCATCACCC,0,0,0
EOC3_PBMC_cell_GGGAATGCAGCTTAAC,0,0,0
EOC3_PBMC_cell_CACCAGGCACCTGGTG,0,0,0
EOC3_PBMC_cell_CGAGAAGAGAGGTAGA,0,0,0
EOC3_PBMC_cell_GTAGTCACAGACAAGC,0,0,0
EOC3_PBMC_cell_TGAGCCGTCAGCGACC,0,0,0
EOC3_PBMC_cell_CTCTAATTCTTCATGT,0,0,0
EOC3_PBMC_cell_TCAGCAATCACTCCTG,0,0,0
EOC3_PBMC_cell_CGTGTCTGTTGAACTC,0,0,0
EOC3_PBMC_cell_TGGGAAGGTGTGGTTT,0,0,0
EOC3_PBMC_cell_CATCGGGCAGCTATTG,0,0,0
EOC3_PBMC_cell_GGGCACTGTTGACGTT,0,0,0
EOC3_PBMC_cell_GCAGTTAAGCCGCCTA,0,0,0
EOC3_PBMC_cell_TGACAACGTACGCTGC,0,0,0
EOC3_PBMC_cell_GCTGCGACAAGACACG,0,0,0
EOC3_PBMC_cell_GACCAATAGCGGCTTC,0,0,0
EOC3_PBMC_cell_ATCTGCCGTATGGTTC,0,0,0
EOC3_PBMC_cell_TGCCCATGTGCAACTT,0,0,0
EOC3_PBMC_cell_TACTTGTTCTCCGGTT,0,0,0
EOC3_PBMC_cell_GCATGATGTGTGCGTC,0,0,0
EOC3_PBMC_cell_AGGGATGGTTGGGACA,0,0,0
EOC3_PBMC_cell_TTAGGCAAGTGTTGAA,0,0,0
EOC3_PBMC_cell_CATCAAGAGCTGCGAA,0,0,0
EOC3_PBMC_cell_GAACCTATCTAAGCCA,0,0,0
EOC3_PBMC_cell_GCTCTGTGTGTAAGTA,0,0,0
EOC3_PBMC_cell_CCCAGTTCATCGGGTC,0,0,0
EOC3_PBMC_cell_ATGAGGGTCCAACCAA,0,0,0
EOC3_PBMC_cell_AAAGCAACAGGAATCG,0,0,0
EOC3_PBMC_cell_GTCAAGTTCTAAGCCA,0,0,0
EOC3_PBMC_cell_TGGCCAGCATCACCCT,0,0,0
EOC3_PBMC_cell_CCTACCAAGCGCCTCA,0,0,0
EOC3_PBMC_cell_GCGACCATCGGAATCT,0,0,0
EOC3_PBMC_cell_GCTGGGTCATCGGTTA,0,0,0
EOC3_PBMC_cell_GCTTGAATCTTGCATT,0,0,0
EOC3_PBMC_cell_ATTGGTGCATGCAATC,0,0,0
EOC3_PBMC_cell_CAACTAGGTACCATCA,0,0,0
EOC3_PBMC_cell_GGTGTTACACTTGGAT,0,0,0
EOC3_PBMC_cell_GTAGTCATCTTAGCCC,0,0,0
EOC3_PBMC_cell_CGGACGTCAGCTGCAC,0,0,0
EOC3_PBMC_cell_AGTAGTCCAAGAGTCG,0,0,0
EOC3_PBMC_cell_GTTTCTAAGAACTCGG,0,0,0
EOC3_PBMC_cell_GCAAACTAGTACGTTC,0,0,0
EOC3_PBMC_cell_CATCGGGAGATCCTGT,0,0,0
EOC3_PBMC_cell_GCTGCAGGTCATATGC,0,0,0
EOC3_PBMC_cell_CAGCCGACACGGCTAC,0,0,0
EOC3_PBMC_cell_CACACAAAGTTGTCGT,0,0,0
EOC3_PBMC_cell_GACAGAGGTACAAGTA,0,0,0
EOC3_PBMC_cell_CTCTGGTTCGAGAGCA,0,0,0
EOC3_PBMC_cell_CAACTAGTCCGCGGTA,0,0,0
EOC3_PBMC_cell_CCAGCGAGTACATGTC,0,0,0
EOC3_PBMC_cell_CACACCTGTGCAGTAG,0,0,0
EOC3_PBMC_cell_TGTTCCGTCCGCATAA,0,0,0
EOC3_PBMC_cell_ACTATCTCACATCCGG,0,0,0
EOC3_PBMC_cell_TTCTCAAGTAACGACG,0,0,0
EOC3_PBMC_cell_CCTACACAGGAATCGC,0,0,0
EOC3_PBMC_cell_TTGACTTAGCCTTGAT,0,0,0
EOC3_PBMC_cell_CTTGGCTCACCAGATT,0,0,0
EOC3_PBMC_cell_CGTTGGGCACATTTCT,0,0,0
EOC3_PBMC_cell_TTTATGCCAGCCAATT,0,0,0
EOC3_PBMC_cell_GCCAAATAGGCATGGT,0,0,0
EOC3_PBMC_cell_ACTTTCAGTACCGCTG,0,0,0
EOC3_PBMC_cell_GTGAAGGTCACAGGCC,0,0,0
EOC3_PBMC_cell_GATCGTAGTAGCGCTC,0,0,0
EOC3_PBMC_cell_CCAGCGAAGAGCTGGT,0,0,0
EOC3_PBMC_cell_TCAGATGGTATATGAG,0,0,0
EOC3_PBMC_cell_ACGGGTCAGCCCAATT,0,0,0
EOC3_PBMC_cell_CTGATAGTCGGCATCG,0,0,0
EOC3_PBMC_cell_GTGCATAGTCAAAGCG,0,0,0
EOC3_PBMC_cell_CGCGGTAGTGACAAAT,0,0,0
EOC3_PBMC_cell_GAAACTCAGCATGGCA,0,0,0
EOC3_PBMC_cell_CAGATCACAGGGTTAG,0,0,0
EOC3_PBMC_cell_GATGAAATCTGGTATG,0,0,0
EOC3_PBMC_cell_CAGCCGAAGACAGAGA,0,0,0
EOC3_PBMC_cell_CCTAAAGGTAAACGCG,0,0,0
EOC3_PBMC_cell_AAGACCTTCTGATACG,0,0,0
EOC3_PBMC_cell_CATGCCTGTGTTTGTG,0,0,0
EOC3_PBMC_cell_TCAATCTCAACAACCT,0,0,0
EOC3_PBMC_cell_CGCTTCATCATAACCG,0,0,0
EOC3_PBMC_cell_TTGGAACGTGCGCTTG,0,0,0
EOC3_PBMC_cell_CACATAGGTCCAACTA,0,0,0
EOC3_PBMC_cell_AGCCTAATCTGGCGAC,0,0,0
EOC3_PBMC_cell_AGCATACTCGTTACGA,0,0,0
EOC3_PBMC_cell_CACCACTCAGGTGGAT,0,0,0
EOC3_PBMC_cell_TAGAGCTGTGATGATA,0,0,0
EOC3_PBMC_cell_TCACAAGCAACACGCC,0,0,0
EOC3_PBMC_cell_GGAAAGCGTAAATACG,0,0,0
EOC3_PBMC_cell_TACGGTACAAACAACA,0,0,0
EOC3_PBMC_cell_ATTGGTGAGTTAGCGG,0,0,0
EOC3_PBMC_cell_GTGTTAGTCTGGAGCC,0,0,0
EOC3_PBMC_cell_AAATGCCCACGAAATA,0,0,0
EOC3_PBMC_cell_TTATGCTTCGAATGGG,0,0,0
EOC3_PBMC_cell_TTTGGTTTCGGCTACG,0,0,0
EOC3_PBMC_cell_GGAGCAATCGACGGAA,0,0,0
EOC3_PBMC_cell_CGTCAGGGTGTGGTTT,0,0,0
EOC3_PBMC_cell_CTAGAGTAGTATCGAA,0,0,0
EOC3_PBMC_cell_ATAACGCAGGATGCGT,0,0,0
EOC3_PBMC_cell_GTACTCCGTAGGCATG,0,0,0
EOC3_PBMC_cell_GGACATTTCGCACTCT,0,0,0
EOC3_PBMC_cell_TACTCATAGATCCCGC,0,0,0
EOC3_PBMC_cell_AAAGATGTCATCACCC,0,0,0
EOC3_PBMC_cell_ACGTCAACACCAGGTC,0,0,0
EOC3_PBMC_cell_TACTCATAGACAATAC,0,0,0
EOC3_PBMC_cell_CACCTTGTCCGAACGC,0,0,0
EOC3_PBMC_cell_TAGACCAAGGAGTTTA,0,0,0
EOC3_PBMC_cell_TCAACGATCTTAGCCC,0,0,0
EOC3_PBMC_cell_CTCTGGTAGTGACTCT,0,0,0
EOC3_PBMC_cell_ACGCCAGCACCGAAAG,0,0,0
EOC3_PBMC_cell_GACCTGGAGCCTTGAT,0,0,0
EOC3_PBMC_cell_AACTCCCTCCAGATCA,0,0,0
EOC3_PBMC_cell_TACCTATGTGAGGGTT,0,0,0
EOC3_PBMC_cell_TTGTAGGCACCAGTTA,0,0,0
EOC3_PBMC_cell_AATCCAGAGGCAATTA,0,0,0
EOC3_PBMC_cell_CTAACTTGTAGGGTAC,0,0,0
EOC3_PBMC_cell_CGATGTACACGCCAGT,0,0,0
EOC3_PBMC_cell_GGATGTTGTCTAAAGA,0,0,0
EOC3_PBMC_cell_AGAGCTTGTCATTAGC,0,0,0
EOC3_PBMC_cell_TGAAAGACAAGCGCTC,0,0,0
EOC3_PBMC_cell_CTTGGCTTCTAACTTC,0,0,0
EOC3_PBMC_cell_AACTGGTTCACGACTA,0,0,0
EOC3_PBMC_cell_CCTTCCCCAGCTGCAC,0,0,0
EOC3_PBMC_cell_GTTCGGGGTTTCGCTC,0,0,0
EOC3_PBMC_cell_CGCTGGAGTAGGAGTC,0,0,0
EOC3_PBMC_cell_CAGTCCTGTAGGAGTC,0,0,0
EOC3_PBMC_cell_AGGGTGACAGGTCTCG,0,0,0
EOC3_PBMC_cell_CGTGTAAGTGTTAAGA,0,0,0
EOC3_PBMC_cell_AACGTTGAGCTGCGAA,0,0,0
EOC3_PBMC_cell_CGTCTACCATCCTTGC,0,0,0
EOC3_PBMC_cell_TACCTTACACCAGATT,0,0,0
EOC3_PBMC_cell_CCCTCCTAGTTCGCGC,0,0,0
EOC3_PBMC_cell_ACGAGGAAGCAGGCTA,0,0,0
EOC3_PBMC_cell_ACTTGTTAGCCAGTTT,0,0,0
EOC3_PBMC_cell_GGACAAGGTGGCGAAT,0,0,0
EOC3_PBMC_cell_GATCTAGGTTTGTTTC,0,0,0
EOC3_PBMC_cell_TTTATGCTCATAAAGG,0,0,0
EOC3_PBMC_cell_CCATTCGAGTTAGCGG,0,0,0
EOC3_PBMC_cell_CCGTTCAAGTGTCTCA,0,0,0
EOC3_PBMC_cell_GGACAGAGTAGGGACT,0,0,1
EOC3_PBMC_cell_GCAGTTAAGCTGAAAT,0,0,0
EOC3_PBMC_cell_GCGCAACGTCTAGAGG,0,0,0
EOC3_PBMC_cell_CGGACGTGTCGCATAT,0,0,0
EOC3_PBMC_cell_ACGTCAATCCTCCTAG,0,0,0
EOC3_PBMC_cell_TACGGATAGAATAGGG,0,0,0
EOC3_PBMC_cell_GCAGCCACACCACCAG,0,0,0
EOC3_PBMC_cell_GATCGATAGGTGTGGT,0,0,0
EOC3_PBMC_cell_CGCCAAGTCTACGAGT,0,0,0
EOC3_PBMC_cell_AGGGTGATCCCTCTTT,0,0,0
EOC3_PBMC_cell_CGAGAAGTCCATGAAC,0,0,0
EOC3_PBMC_cell_GTACTTTCAATCCAAC,0,0,0
EOC3_PBMC_cell_CGGACACTCAGTCCCT,0,0,0
EOC3_PBMC_cell_AGTGAGGAGAAACCTA,0,0,0
EOC3_PBMC_cell_GCTCCTACACCCAGTG,0,0,0
EOC3_PBMC_cell_ACGGAGACAATGGATA,0,0,0
EOC3_PBMC_cell_ATCTGCCAGGTAGCCA,0,0,0
EOC3_PBMC_cell_TGACAACGTCTGCAAT,0,0,0
EOC3_PBMC_cell_CTCACACTCTTCTGGC,0,0,0
EOC3_PBMC_cell_CGTTCTGAGTGTACCT,0,0,0
EOC3_PBMC_cell_GTAACTGGTTAAGATG,0,0,0
EOC3_PBMC_cell_GCACATAGTTTGTGTG,0,0,0
EOC3_PBMC_cell_GTATCTTCAAGAGGCT,0,0,0
EOC3_PBMC_cell_GATCGTACACGCGAAA,0,0,0
EOC3_PBMC_cell_TAGTTGGGTCCAACTA,0,0,0
EOC3_PBMC_cell_TGCACCTAGGATGCGT,0,0,0
EOC3_PBMC_cell_CGATGTATCACTCTTA,0,0,0
EOC3_PBMC_cell_ACTTGTTTCTCGTATT,0,0,0
EOC3_PBMC_cell_AGGTCATTCAACGGCC,0,0,0
EOC3_PBMC_cell_TGATTTCTCGCCGTGA,0,0,0
EOC3_PBMC_cell_GATGCTATCCCTAATT,0,0,0
EOC3_PBMC_cell_AACCATGGTGCGAAAC,0,0,0
EOC3_PBMC_cell_GACCAATGTAAAGGAG,0,0,0
EOC3_PBMC_cell_ATTGGACCAGCCTGTG,0,0,0
EOC3_PBMC_cell_GATGCTAGTAAATGTG,0,0,0
EOC3_PBMC_cell_TGGCGCATCCAGTATG,0,0,0
EOC3_PBMC_cell_TACTCATGTAAGTGGC,0,0,0
EOC3_PBMC_cell_AGCTCTCAGCTGCCCA,0,0,0
EOC3_PBMC_cell_GTCATTTGTAACGACG,0,0,0
EOC3_PBMC_cell_CTGAAGTGTGTCGCTG,0,0,0
EOC3_PBMC_cell_TCAGCTCGTAATCGTC,0,0,0
EOC3_PBMC_cell_TAGGCATAGGCGATAC,0,0,0
EOC3_PBMC_cell_TCCCGATTCGAGAGCA,0,0,0
EOC3_PBMC_cell_TTGAACGGTAAATACG,0,0,0
EOC3_PBMC_cell_TGCCAAAGTATAGTAG,0,0,0
EOC3_PBMC_cell_AAGTCTGTCACTCCTG,0,0,0
EOC3_PBMC_cell_TTCTCCTTCGCGTAGC,0,0,0
EOC3_PBMC_cell_CTAAGACAGTCCGGTC,0,0,0
EOC3_PBMC_cell_CGTAGCGCAAACGCGA,0,0,0
EOC3_PBMC_cell_ATGCGATCACGACGAA,0,0,0
EOC3_PBMC_cell_CTTTGCGAGGAACTGC,0,0,0
EOC3_PBMC_cell_ATCGAGTCAAAGGTGC,0,0,0
EOC3_PBMC_cell_CGAATGTGTAGCGCAA,0,0,0
EOC3_PBMC_cell_AAAGTAGGTAGCTCCG,0,0,0
EOC3_PBMC_cell_GTCACGGTCAGCTTAG,0,0,0
EOC3_PBMC_cell_GTCGTAATCTACCTGC,0,0,0
EOC3_PBMC_cell_CACATTTTCGGTGTCG,0,0,0
EOC3_PBMC_cell_AACCATGAGAATGTGT,0,0,0
EOC3_PBMC_cell_AAGGAGCGTACAGTTC,0,0,0
EOC3_PBMC_cell_TTAGTTCCATAAAGGT,0,0,0
EOC3_PBMC_cell_CACATTTTCATAACCG,0,0,0
EOC3_PBMC_cell_CTTACCGGTACGCTGC,0,0,0
EOC3_PBMC_cell_AGCTCTCGTAGTAGTA,0,0,0
EOC3_PBMC_cell_CTTACCGGTTGCTCCT,0,0,0
EOC3_PBMC_cell_TGTGGTACAAGGACTG,0,0,0
EOC3_PBMC_cell_GCGGGTTTCATCATTC,0,0,0
EOC3_PBMC_cell_ACTGTCCTCACTCTTA,0,0,0
EOC3_PBMC_cell_ACTGAACGTAGGGACT,0,0,0
EOC3_PBMC_cell_CCTACCACACTTCGAA,0,0,0
EOC3_PBMC_cell_GCTGGGTTCCCAACGG,0,0,0
EOC3_PBMC_cell_ACTTACTTCCTGTAGA,0,0,0
EOC3_PBMC_cell_CGTTAGAAGTGTCTCA,0,0,0
EOC3_PBMC_cell_CTGCCTATCGCTAGCG,0,0,0
EOC3_PBMC_cell_GTCCTCAAGCTGTCTA,0,0,0
EOC3_PBMC_cell_GTGCTTCTCATGTGGT,0,0,0
EOC3_PBMC_cell_TACGGTAGTGGTGTAG,0,0,0
EOC3_PBMC_cell_CCAGCGACACGTGAGA,0,0,0
EOC3_PBMC_cell_TGACGGCGTAGGCTGA,0,0,0
EOC3_PBMC_cell_GATTCAGCACCTGGTG,0,0,0
EOC3_PBMC_cell_CTCGAGGCATGGATGG,0,0,0
EOC3_PBMC_cell_CAGGTGCGTCAACATC,0,0,0
EOC3_PBMC_cell_AGATCTGAGGCCCGTT,0,0,0
EOC3_PBMC_cell_AATCGGTGTTATCCGA,0,0,0
EOC3_PBMC_cell_GAATAAGTCTGTGCAA,0,0,0
EOC3_PBMC_cell_GTGTTAGTCTTACCGC,0,0,0
EOC3_PBMC_cell_TTGACTTGTAAGAGGA,0,0,0
EOC3_PBMC_cell_GATTCAGGTATTCGTG,0,0,0
EOC3_PBMC_cell_CTAACTTGTGCTCTTC,0,0,0
EOC3_PBMC_cell_CGACTTCGTTGTTTGG,0,0,0
EOC3_PBMC_cell_GATCGCGCAAAGCAAT,0,0,0
EOC3_PBMC_cell_GGCGTGTTCGGTGTTA,0,0,0
EOC3_PBMC_cell_TTTATGCGTTGGTTTG,0,0,0
EOC3_PBMC_cell_CTACATTAGGAGTCTG,0,0,0
EOC3_PBMC_cell_GACGTTATCTATCCCG,0,0,0
EOC3_PBMC_cell_CCAGCGATCCTAGAAC,0,0,0
EOC3_PBMC_cell_GCTTCCAGTCCCTACT,0,0,0
EOC3_PBMC_cell_CTGATCCCACGGACAA,0,0,0
EOC3_PBMC_cell_GACTGCGCATGTCGAT,0,0,0
EOC3_PBMC_cell_CACATTTGTGCCTGCA,0,0,0
EOC3_PBMC_cell_ACTGCTCGTTGCCTCT,0,0,0
EOC3_PBMC_cell_CAGGTGCTCGCCATAA,0,0,0
EOC3_PBMC_cell_AGGCCACCAAATCCGT,0,0,0
EOC3_PBMC_cell_CCTTCCCTCGGTTCGG,0,0,0
EOC3_PBMC_cell_TCGTACCTCATGTGGT,0,0,0
EOC3_PBMC_cell_TGAAAGAAGATCTGAA,0,0,0
EOC3_PBMC_cell_CCTATTACACATTTCT,0,0,0
EOC3_PBMC_cell_AGAGCGAGTCAAAGAT,0,0,0
EOC3_PBMC_cell_ACGATACTCTCCAACC,0,0,0
EOC3_PBMC_cell_CTTAACTTCCTAGAAC,0,0,0
EOC3_PBMC_cell_GTGTTAGTCACAAACC,0,0,0
EOC3_PBMC_cell_GCTCCTATCAAACGGG,0,0,0
EOC3_PBMC_cell_GATGCTAAGCGATAGC,0,0,0
EOC3_PBMC_cell_GTAGGCCGTCCATGAT,0,0,0
EOC3_PBMC_cell_GTGCGGTTCCGCGCAA,0,0,0
EOC3_PBMC_cell_GCTGCTTGTCTCTTAT,0,0,0
EOC3_PBMC_cell_GGACGTCTCTGCAAGT,0,0,0
EOC3_PBMC_cell_ATCCACCTCTCTTATG,0,0,0
EOC3_PBMC_cell_GGGTTGCAGCCACGCT,0,0,0
EOC3_PBMC_cell_GCGCCAATCCAAGTAC,0,0,0
EOC3_PBMC_cell_TTCGGTCGTATAGGTA,0,0,0
EOC3_PBMC_cell_CTGGTCTCAGACGCTC,0,0,0
EOC3_PBMC_cell_CTGAAGTCATTCCTGC,0,0,0
EOC3_PBMC_cell_CTGAAGTTCGAATGCT,0,0,0
EOC3_PBMC_cell_TGACTTTCATCGGAAG,0,0,0
EOC3_PBMC_cell_CAGCAGCAGCACGCCT,0,0,0
EOC3_PBMC_cell_CTCACACTCGTCACGG,0,0,0
EOC3_PBMC_cell_GTAACGTGTTAAAGTG,0,0,0
EOC3_PBMC_cell_GACAGAGCAGGTCTCG,0,0,0
EOC3_PBMC_cell_AGATCTGAGAGTGAGA,0,0,0
EOC3_PBMC_cell_GTGCGGTGTGCCTGTG,0,0,0
EOC3_PBMC_cell_TCAGCAAGTCCAGTTA,0,0,0
EOC3_PBMC_cell_ATAGACCTCTGCCAGG,0,0,0
EOC3_PBMC_cell_CCTAAAGAGAAGATTC,0,0,0
EOC3_PBMC_cell_CGACTTCTCCACGTTC,0,0,0
EOC3_PBMC_cell_TAGACCAAGCTGCCCA,0,0,0
EOC3_PBMC_cell_CAGCGACTCGCAAGCC,0,0,0
EOC3_PBMC_cell_CTCGAAAGTATGAATG,0,0,0
EOC3_PBMC_cell_CCTTTCTAGTCCAGGA,0,0,0
EOC3_PBMC_cell_AACACGTTCCGTACAA,0,0,0
EOC3_PBMC_cell_TATGCCCGTCATATCG,0,0,0
EOC3_PBMC_cell_CAGAATCAGGCTCATT,0,0,0
EOC3_PBMC_cell_ACTGTCCCAGACGCAA,0,0,0
EOC3_PBMC_cell_CTAGTGAAGAACAATC,0,0,0
EOC3_PBMC_cell_CGACCTTGTAAGGGAA,0,0,0
EOC3_PBMC_cell_GGGTCTGTCTATCGCC,0,0,0
EOC3_PBMC_cell_CAGTCCTTCGACAGCC,0,0,0
EOC3_PBMC_cell_CCACCTAAGGACGAAA,0,0,0
EOC3_PBMC_cell_TCACGAAAGAGTGAGA,0,0,0
EOC3_PBMC_cell_GTAGTCAAGGGCACTA,0,0,0
EOC3_PBMC_cell_CAACCTCCATCTGGTA,0,0,0
EOC3_PBMC_cell_GTGGGTCAGGTGACCA,0,0,0
EOC3_PBMC_cell_CACCACTCACACCGCA,0,0,0
EOC3_PBMC_cell_AGTGTCATCTTCGAGA,0,0,0
EOC3_PBMC_cell_CGATGTAGTCTGGAGA,0,0,0
EOC3_PBMC_cell_GCATACAGTATGAATG,0,0,0
EOC3_PBMC_cell_CACCTTGTCATCACCC,0,0,0
EOC3_PBMC_cell_GCTGCTTTCGGAATCT,0,0,0
EOC3_PBMC_cell_AGACGTTCATAGGATA,0,0,0
EOC3_PBMC_cell_GGACGTCAGCACAGGT,0,0,0
EOC3_PBMC_cell_TGGCCAGAGGGCTTCC,0,0,0
EOC3_PBMC_cell_GCACTCTCACGGCTAC,0,0,0
EOC3_PBMC_cell_CAAGATCAGTCGCCGT,0,0,0
EOC3_PBMC_cell_ACGAGCCCACAGACAG,0,0,0
EOC3_PBMC_cell_GAGGTGATCGTGGGAA,0,0,0
EOC3_PBMC_cell_CCGTACTAGCTGCGAA,0,0,0
EOC3_PBMC_cell_GATGAAAAGACCTAGG,0,0,0
EOC3_PBMC_cell_GAACATCCACGGTTTA,0,0,0
EOC3_PBMC_cell_ACATACGCAAGTCATC,0,0,0
EOC3_PBMC_cell_CAGAATCAGTCTTGCA,0,0,0
EOC3_PBMC_cell_CGTGTCTAGAATGTGT,0,0,0
EOC3_PBMC_cell_TAAGCGTTCAACACTG,0,0,0
EOC3_PBMC_cell_CTCTACGGTGTGTGCC,0,0,0
EOC3_PBMC_cell_ACTGAGTAGGCTCATT,0,0,0
EOC3_PBMC_cell_ACATACGGTTGGTGGA,0,0,0
EOC3_PBMC_cell_GATCTAGCAAAGCAAT,0,0,0
EOC3_PBMC_cell_ACGGGTCGTGGAAAGA,0,0,0
EOC3_PBMC_cell_TGATTTCAGTAGGTGC,0,0,0
EOC3_PBMC_cell_CAGCATACATGAGCGA,0,0,0
EOC3_PBMC_cell_CCCTCCTCAGATCCAT,0,0,0
EOC3_PBMC_cell_AGAGTGGCACACTGCG,0,0,0
EOC3_PBMC_cell_CTCAGAACAGCTCGAC,0,0,0
EOC3_PBMC_cell_ATCATGGCACAGGAGT,0,0,0
EOC3_PBMC_cell_GGAACTTGTTATCGGT,0,0,0
EOC3_PBMC_cell_TGGACGCAGCAATCTC,0,0,0
EOC3_PBMC_cell_GCGACCATCTAAGCCA,0,0,0
EOC3_PBMC_cell_CTAGTGATCCGAATGT,0,0,0
EOC3_PBMC_cell_GACCAATAGCATCATC,0,0,0
EOC3_PBMC_cell_GAGCAGATCTGTCTCG,0,0,0
EOC3_PBMC_cell_GTATCTTAGCTAGTGG,0,0,0
EOC3_PBMC_cell_CGATGGCTCCGCAAGC,0,0,0
EOC3_PBMC_cell_AACCGCGAGTGGAGTC,0,0,0
EOC3_PBMC_cell_TCCCGATGTCACCCAG,0,0,0
EOC3_PBMC_cell_TCTATTGCACGTAAGG,0,0,0
EOC3_PBMC_cell_GGACATTCAAAGCGGT,0,0,0
EOC3_PBMC_cell_GCAATCAAGACATAAC,0,0,0
EOC3_PBMC_cell_TAAGTGCCATTAGGCT,0,0,0
EOC3_PBMC_cell_ATAACGCCACTACAGT,0,0,0
EOC3_PBMC_cell_ATTACTCGTGTGAATA,0,0,0
EOC3_PBMC_cell_TTCCCAGGTAAGCACG,0,0,0
EOC3_PBMC_cell_TACTTACGTGCGATAG,0,0,0
EOC3_PBMC_cell_GTGTGCGCACACAGAG,0,0,0
EOC3_PBMC_cell_GAACATCGTGCACTTA,0,0,0
EOC3_PBMC_cell_GTCACGGAGGAGTACC,0,0,0
EOC3_PBMC_cell_CAGGTGCTCCCTTGCA,0,0,0
EOC3_PBMC_cell_CGACTTCCACATCCGG,0,0,0
EOC3_PBMC_cell_CGGACGTCAATGGACG,0,0,0
EOC3_PBMC_cell_CTCGGGACAGGTTTCA,0,0,0
EOC3_PBMC_cell_AGCGTCGCACAACGTT,0,0,0
EOC3_PBMC_cell_TAAGCGTGTCCGAACC,0,0,0
EOC3_PBMC_cell_AAGGCAGTCTCGCATC,0,0,0
EOC3_PBMC_cell_GGGATGATCAACGCTA,0,0,0
EOC3_PBMC_cell_CCACCTAAGAGTCTGG,0,0,0
EOC3_PBMC_cell_TTCTACAGTGTCCTCT,0,0,0
EOC3_PBMC_cell_CTGAAGTCACCGATAT,0,0,0
EOC3_PBMC_cell_CTACATTGTAGTACCT,0,0,0
EOC3_PBMC_cell_ATCCGAATCTTTAGGG,0,0,0
EOC3_PBMC_cell_ACGAGCCGTTCGAATC,0,0,0
EOC3_PBMC_cell_ACTTACTCAGATGGCA,0,0,0
EOC3_PBMC_cell_CTCTAATAGCTAAGAT,0,0,0
EOC3_PBMC_cell_TACGGATCACAGGTTT,0,0,0
EOC3_PBMC_cell_ATGCGATTCGGTGTTA,0,0,0
EOC3_PBMC_cell_GTCAAGTAGAGACTAT,0,0,0
EOC3_PBMC_cell_GAAGCAGAGCTAACAA,0,0,0
EOC3_PBMC_cell_CAGATCACAGCTGTTA,0,0,0
EOC3_PBMC_cell_TAGAGCTAGCCAGTTT,0,0,0
EOC3_PBMC_cell_GGATTACGTACGAAAT,0,0,0
EOC3_PBMC_cell_CACATTTGTCGGGTCT,0,0,0
EOC3_PBMC_cell_CGGACACGTCGCTTCT,0,0,0
EOC3_PBMC_cell_ACGGAGACACCAGGTC,0,0,0
EOC3_PBMC_cell_TATTACCTCTTGTACT,0,0,0
EOC3_PBMC_cell_TGGCTGGGTGCAGGTA,0,0,0
EOC3_PBMC_cell_GTACTTTAGCTACCGC,0,0,0
EOC3_PBMC_cell_ACAGCTAGTTCCACAA,0,0,0
EOC3_PBMC_cell_ACGTCAATCGTTGCCT,0,0,0
EOC3_PBMC_cell_GAACATCCACACAGAG,0,0,0
EOC3_PBMC_cell_TCTTCGGGTGCAACGA,0,0,0
EOC3_PBMC_cell_GTGCAGCGTATAGGTA,0,0,0
EOC3_PBMC_cell_CAAGGCCCAATGACCT,0,0,0
EOC3_PBMC_cell_TTGAACGAGCGAAGGG,0,0,0
EOC3_PBMC_cell_TTTCCTCCAACGCACC,0,0,0
EOC3_PBMC_cell_TCATTTGGTGCACTTA,0,0,0
EOC3_PBMC_cell_CGATCGGAGGAACTGC,0,0,0
EOC3_PBMC_cell_ACAGCTAGTCTAACGT,0,0,0
EOC3_PBMC_cell_CATATGGCACGTCTCT,0,0,0
EOC3_PBMC_cell_CCGGTAGTCGACGGAA,0,0,0
EOC3_PBMC_cell_GTCATTTCAGAGCCAA,0,0,0
EOC3_PBMC_cell_GATCGATTCCAATGGT,0,0,0
EOC3_PBMC_cell_TCATTACCAAGTTAAG,0,0,0
EOC3_PBMC_cell_CTGCTGTCAGTGGGAT,0,0,0
EOC3_PBMC_cell_TAGACCAGTCTCTTTA,0,0,0
EOC3_PBMC_cell_TCACGAACATGTAAGA,0,0,0
EOC3_PBMC_cell_GGCCGATCAATGGACG,0,0,0
EOC3_PBMC_cell_CGCGTTTGTACCGGCT,0,0,0
EOC3_PBMC_cell_TACCTATCAGGCTCAC,0,0,0
EOC3_PBMC_cell_GGAATAAGTCAGATAA,0,0,0
EOC3_PBMC_cell_GACTAACCATTTCAGG,0,0,0
EOC3_PBMC_cell_TTGGAACGTGCATCTA,0,0,0
EOC3_PBMC_cell_GGTGCGTAGCCGTCGT,0,0,0
EOC3_PBMC_cell_TTGGAACTCTCAAGTG,0,0,0
EOC3_PBMC_cell_AGATTGCGTGAGGCTA,0,0,0
EOC3_PBMC_cell_GGTATTGAGAGGTTAT,0,0,0
EOC3_PBMC_cell_CCTTCGAAGTGTACTC,0,0,0
EOC3_PBMC_cell_GTAACTGGTAGGAGTC,0,0,0
EOC3_PBMC_cell_AGAGCTTTCAAACCAC,0,0,0
EOC3_PBMC_cell_AACGTTGGTGACTACT,0,0,0
EOC3_PBMC_cell_CAAGGCCTCTACCAGA,0,0,0
EOC3_PBMC_cell_GCTGCAGAGCTAACTC,0,0,0
EOC3_PBMC_cell_ATCGAGTCATACGCCG,0,0,0
EOC3_PBMC_cell_TTCGGTCAGAGGTTAT,0,0,0
EOC3_PBMC_cell_AGGGATGTCGCTAGCG,0,0,0
EOC3_PBMC_cell_CCAGCGATCAGTCCCT,0,0,0
EOC3_PBMC_cell_CTAAGACCATCCCATC,0,0,0
EOC3_PBMC_cell_GACTACAGTGATAAGT,0,0,0
EOC3_PBMC_cell_CGTGTCTGTGGGTATG,0,0,0
EOC3_PBMC_cell_CTCAGAAAGAAACGAG,0,0,0
EOC3_PBMC_cell_CCTATTACACCTGGTG,0,0,0
EOC3_PBMC_cell_CCTTACGGTCCCTTGT,0,0,0
EOC3_PBMC_cell_CACAAACAGAGCCTAG,0,0,0
EOC3_PBMC_cell_AAAGTAGCAGACTCGC,0,0,0
EOC3_PBMC_cell_TGACTAGTCTCCAACC,0,0,0
EOC3_PBMC_cell_CGGAGTCCAATCCAAC,0,0,0
EOC3_PBMC_cell_ATTTCTGGTCCGAAGA,0,0,0
EOC3_PBMC_cell_CGTGAGCTCAGGCGAA,0,0,0
EOC3_PBMC_cell_TGTGGTAAGGGCACTA,0,0,0
EOC3_PBMC_cell_ATTCTACTCTCAACTT,0,0,0
EOC3_PBMC_cell_AATCCAGGTCCATGAT,0,0,0
EOC3_PBMC_cell_GTCTTCGTCTAACGGT,0,0,0
EOC3_PBMC_cell_CGATCGGGTCATGCAT,0,0,0
EOC3_PBMC_cell_CTAGCCTGTAAGTGTA,0,0,0
EOC3_PBMC_cell_GTGAAGGCATGGATGG,0,0,0
EOC3_PBMC_cell_TATTACCTCACAGTAC,0,0,0
EOC3_PBMC_cell_ATCATGGTCTATGTGG,0,0,0
EOC3_PBMC_cell_AGGGATGAGGATATAC,0,0,0
EOC3_PBMC_cell_GAAGCAGCATAGTAAG,0,0,0
EOC3_PBMC_cell_CCTCTGATCGCATGGC,0,0,0
EOC3_PBMC_cell_CCTCAGTTCCAAAGTC,0,0,0
EOC3_PBMC_cell_TAGCCGGCACTCGACG,0,0,0
EOC3_PBMC_cell_GTCCTCATCGCGTTTC,0,0,0
EOC3_PBMC_cell_TTATGCTAGTACGCGA,0,0,0
EOC3_PBMC_cell_CTTCTCTTCACAACGT,0,0,0
EOC3_PBMC_cell_AAGGAGCAGGCTACGA,0,0,0
EOC3_PBMC_cell_CCAATCCAGATGTTAG,0,0,0
EOC3_PBMC_cell_CAAGTTGAGGTCATCT,0,0,0
EOC3_PBMC_cell_GTCGTAACACATGTGT,0,0,0
EOC3_PBMC_cell_AACTTTCGTTTGACTG,0,0,0
EOC3_PBMC_cell_TGTTCCGCATTGTGCA,0,0,0
EOC3_PBMC_cell_CCACCTATCTGACCTC,0,0,0
EOC3_PBMC_cell_AACTCCCTCCTAAGTG,0,0,0
EOC3_PBMC_cell_TTCTCCTAGAGCTTCT,0,0,0
EOC3_PBMC_cell_TACTCATAGAGACTTA,0,0,0
EOC3_PBMC_cell_CTGATCCAGACAGACC,0,0,0
EOC3_PBMC_cell_GACAGAGGTCTCAACA,0,0,0
EOC3_PBMC_cell_TGACTAGTCACCTCGT,0,0,0
EOC3_PBMC_cell_TGCGGGTCATAAAGGT,0,0,0
EOC3_PBMC_cell_CCCTCCTTCTTCAACT,0,0,0
EOC3_PBMC_cell_CTCAGAATCCCAGGTG,0,0,0
EOC3_PBMC_cell_AACTTTCCAAACCTAC,0,0,0
EOC3_PBMC_cell_CAGGTGCCAGGGCATA,0,0,0
EOC3_PBMC_cell_GGCAATTAGGGATGGG,0,0,0
EOC3_PBMC_cell_GGGAGATTCGGGAGTA,0,0,0
EOC3_PBMC_cell_GACGTTAAGCGATATA,0,0,0
EOC3_PBMC_cell_CATGCCTCACTGTTAG,0,0,0
EOC3_PBMC_cell_AGCTCCTTCGTAGGAG,0,0,0
EOC3_PBMC_cell_CTCATTAGTTGGAGGT,0,0,0
EOC3_PBMC_cell_CGTGAGCTCTGAGTGT,0,0,0
EOC3_PBMC_cell_GCATGCGCACACCGCA,0,0,0
EOC3_PBMC_cell_ACACCCTCAATGGAGC,0,0,0
EOC3_PBMC_cell_TCTGGAATCTGAAAGA,0,0,0
EOC3_PBMC_cell_ATGCGATCAGGCTGAA,0,0,0
EOC3_PBMC_cell_ACACTGAAGTTGTAGA,0,0,0
EOC3_PBMC_cell_TTCGGTCCACAGGCCT,0,0,0
EOC3_PBMC_cell_GCAGCCAAGAACTCGG,0,0,0
EOC3_PBMC_cell_GTTAAGCAGTACGCGA,0,0,0
EOC3_PBMC_cell_TAGTTGGTCTTAACCT,0,0,0
EOC3_PBMC_cell_TGCGGGTCAGATGGGT,0,0,0
EOC3_PBMC_cell_GATCAGTAGTGGGATC,0,0,0
EOC3_PBMC_cell_CCCAATCTCGGCTTGG,0,0,0
EOC3_PBMC_cell_CCCTCCTAGAGTACCG,0,0,0
EOC3_PBMC_cell_GTCACAAGTTGGTGGA,0,0,0
EOC3_PBMC_cell_ACTGAACCAGATCTGT,0,0,0
EOC3_PBMC_cell_ATCACGAAGAACTCGG,0,0,0
EOC3_PBMC_cell_GACGTTAGTAACGCGA,0,0,0
EOC3_PBMC_cell_ACTTGTTGTTCCGGCA,0,0,0
EOC3_PBMC_cell_AAAGATGTCCGTTGTC,0,0,0
EOC3_PBMC_cell_ATTGGACAGTTTGCGT,0,0,0
EOC3_PBMC_cell_AGTAGTCCAAAGAATC,0,0,0
EOC3_PBMC_cell_GAGTCCGGTAGGCTGA,0,0,0
EOC3_PBMC_cell_CCACCTAAGTTATCGC,0,0,0
EOC3_PBMC_cell_ACTGAACGTGAGGCTA,0,0,0
EOC3_PBMC_cell_CCAATCCAGCAGATCG,0,0,0
EOC3_PBMC_cell_CGGTTAATCTGGCGTG,0,0,0
EOC3_PBMC_cell_CAACCTCGTACCTACA,0,0,0
EOC3_PBMC_cell_CTCTGGTCACATTAGC,0,0,0
EOC3_PBMC_cell_CTTTGCGGTCTCATCC,0,0,0
EOC3_PBMC_cell_TGGCGCATCTAGAGTC,0,0,0
EOC3_PBMC_cell_TTGGAACTCATACGGT,0,0,0
EOC3_PBMC_cell_CTGGTCTCATTAGCCA,0,0,0
EOC3_PBMC_cell_CTTCTCTCAGGAATGC,0,0,0
EOC3_PBMC_cell_TCATTTGTCTGTCAAG,0,0,0
EOC3_PBMC_cell_TGGACGCGTAGCTTGT,0,0,0
EOC3_PBMC_cell_TTCGGTCGTCTCTTTA,0,0,0
EOC3_PBMC_cell_AAAGTAGAGGTGCAAC,0,0,0
EOC3_PBMC_cell_CCACCTATCCTCAACC,0,0,0
EOC3_PBMC_cell_CTGATAGCAGACACTT,0,0,0
EOC3_PBMC_cell_ACGAGGATCGCCCTTA,0,0,0
EOC3_PBMC_cell_TAGAGCTAGGACACCA,0,0,0
EOC3_PBMC_cell_TAGCCGGGTTTAGGAA,0,0,0
EOC3_PBMC_cell_ACGAGGAGTAATAGCA,0,0,0
EOC3_PBMC_cell_ACGCCGAAGGCTCATT,0,0,0
EOC3_PBMC_cell_GTCTCGTCATTAGGCT,0,0,0
EOC3_PBMC_cell_CATCAAGAGAAACGCC,0,0,0
EOC3_PBMC_cell_GGATTACAGATCCCAT,0,0,0
EOC3_PBMC_cell_TGGCCAGGTGCTAGCC,0,0,0
EOC3_PBMC_cell_TCGCGTTTCCGCGCAA,0,0,0
EOC3_PBMC_cell_ATGAGGGAGTTAGGTA,0,0,0
EOC3_PBMC_cell_GATCAGTGTTTGTGTG,0,0,0
EOC3_PBMC_cell_CTTCTCTTCGGAATCT,0,0,0
EOC3_PBMC_cell_TAGCCGGAGAGGTTGC,0,0,0
EOC3_PBMC_cell_CGGAGCTCAAACCCAT,0,0,0
EOC3_PBMC_cell_CGTGAGCAGACAAGCC,0,0,0
EOC3_PBMC_cell_TATGCCCTCTGGCGAC,0,0,0
EOC3_PBMC_cell_ATCTACTTCCCAAGAT,0,0,0
EOC3_PBMC_cell_CTGAAGTAGGCTAGAC,0,0,0
EOC3_PBMC_cell_CTAGAGTTCATGTAGC,0,0,0
EOC3_PBMC_cell_CCGTACTCAAGCGAGT,0,0,0
EOC3_PBMC_cell_TAGACCATCTACCAGA,0,0,0
EOC3_PBMC_cell_ACTGTCCGTCCATGAT,0,0,0
EOC3_PBMC_cell_CCATTCGGTCTCCACT,0,0,0
EOC3_PBMC_cell_ATCTGCCGTAGGCATG,0,0,0
EOC3_PBMC_cell_GTACGTAAGTGCCATT,0,0,0
EOC3_PBMC_cell_TTCTCAAAGGCAATTA,0,0,0
EOC3_PBMC_cell_GTCAAGTCATCCGTGG,0,0,0
EOC3_PBMC_cell_CTAGCCTCAGGCAGTA,0,0,0
EOC3_PBMC_cell_CAAGGCCCAATGAAAC,0,0,0
EOC3_PBMC_cell_TCTGGAATCTGAGGGA,0,0,0
EOC3_PBMC_cell_GTCACAAGTCTTGTCC,0,0,0
EOC3_PBMC_cell_CACCACTAGTCAAGCG,0,0,0
EOC3_PBMC_cell_GATGAGGTCAGCCTAA,0,0,0
EOC3_PBMC_cell_CAGCATATCTGACCTC,0,0,0
EOC3_PBMC_cell_ACGAGCCAGTCGTACT,0,0,0
EOC3_PBMC_cell_ACTGATGCAGTACACT,0,0,0
EOC3_PBMC_cell_ACGCAGCTCGCGGATC,0,0,0
EOC3_PBMC_cell_ATCACGAAGGATGGTC,0,0,0
EOC3_PBMC_cell_AGCCTAATCCCTTGCA,0,0,0
EOC3_PBMC_cell_ATGTGTGGTGAGGGTT,0,0,0
EOC3_PBMC_cell_CCTATTATCCGAAGAG,0,0,0
EOC3_PBMC_cell_ATTACTCAGCCCGAAA,0,0,0
EOC3_PBMC_cell_ACTATCTCACGTGAGA,0,0,0
EOC3_PBMC_cell_CTAGAGTTCCTCGCAT,0,0,0
EOC3_PBMC_cell_GCAATCACATGATCCA,0,0,0
EOC3_PBMC_cell_CTACCCACATGGGAAC,0,0,0
EOC3_PBMC_cell_GGAAAGCCATGGTCTA,0,0,0
EOC3_PBMC_cell_CTCGGGACAATCAGAA,0,0,0
EOC3_PBMC_cell_GGTGAAGTCGGAAACG,0,0,0
EOC3_PBMC_cell_TCTTCGGCACATGTGT,0,0,0
EOC3_PBMC_cell_GCATACAAGGCAATTA,0,0,0
EOC3_PBMC_cell_ACACCGGAGACAATAC,0,0,0
EOC3_PBMC_cell_GCGGGTTCACGAAGCA,0,0,0
EOC3_PBMC_cell_AGTGTCACACCAACCG,0,0,0
EOC3_PBMC_cell_CTCTAATAGTCGATAA,0,0,0
EOC3_PBMC_cell_GTGCATATCCTTTCTC,0,0,0
EOC3_PBMC_cell_ATGAGGGCACGACTCG,0,0,0
EOC3_PBMC_cell_TGCTACCTCCACGCAG,0,0,0
EOC3_PBMC_cell_GGGACCTCATTACCTT,0,0,0
EOC3_PBMC_cell_GACTGCGTCAGCAACT,0,0,0
EOC3_PBMC_cell_ATCATCTTCTGCAAGT,0,0,0
EOC3_PBMC_cell_AGCGGTCCATCACAAC,0,0,0
EOC3_PBMC_cell_TTGGCAATCATCTGTT,0,0,0
EOC3_PBMC_cell_TACTCATAGTACATGA,0,0,0
EOC3_PBMC_cell_AAGGCAGCAAGTACCT,0,0,0
EOC3_PBMC_cell_TACGGGCAGTTAAGTG,0,0,0
EOC3_PBMC_cell_GGATGTTAGTATCTCG,0,0,0
EOC3_PBMC_cell_AGAGCGATCAGAAATG,0,0,0
EOC3_PBMC_cell_TCCACACGTTTAGCTG,0,0,0
EOC3_PBMC_cell_CAGCTAAAGTGCAAGC,0,0,0
EOC3_PBMC_cell_GCTGCAGCATGTCGAT,0,0,0
EOC3_PBMC_cell_TTGCCGTGTTCCAACA,0,0,0
EOC3_PBMC_cell_GGCGTGTGTTATCGGT,0,0,0
EOC3_PBMC_cell_GTAGGCCTCGCAGGCT,0,0,0
EOC3_PBMC_cell_AAGACCTGTGGTGTAG,0,0,0
EOC3_PBMC_cell_TGGCCAGTCACATGCA,0,0,0
EOC3_PBMC_cell_TCTTTCCCAATGGAGC,0,0,0
EOC3_PBMC_cell_GCTGCAGCAGCCACCA,0,0,0
EOC3_PBMC_cell_AGCTCCTGTACCGAGA,0,0,0
EOC3_PBMC_cell_CTCGAGGGTTAAAGTG,0,0,0
EOC3_PBMC_cell_CGATCGGAGTTGTCGT,0,0,0
EOC3_PBMC_cell_GGACATTGTACGACCC,0,0,0
EOC3_PBMC_cell_GTACGTACAACGATCT,0,0,0
EOC3_PBMC_cell_CAGCTGGCAAAGGTGC,0,0,0
EOC3_PBMC_cell_CCACTACCAATCTACG,0,0,0
EOC3_PBMC_cell_TGTGTTTCAATAGCGG,0,0,0
EOC3_PBMC_cell_GCATGCGCAAACTGCT,0,0,0
EOC3_PBMC_cell_GACACGCTCGCACTCT,0,0,0
EOC3_PBMC_cell_ATTGGTGCAAGTCTGT,0,0,0
EOC3_PBMC_cell_ATGTGTGCAGACAAAT,0,0,0
EOC3_PBMC_cell_GTGAAGGAGTATCGAA,0,0,0
EOC3_PBMC_cell_ACGAGCCCAAACCTAC,0,0,0
EOC3_PBMC_cell_GTAACGTCAGCTGCAC,0,0,0
EOC3_PBMC_cell_ACGTCAAAGGTGGGTT,0,0,0
EOC3_PBMC_cell_GCCAAATAGACGCACA,0,0,0
EOC3_PBMC_cell_GATCGATAGATGGGTC,0,0,0
EOC3_PBMC_cell_TACTCATGTACAGTGG,0,0,0
EOC3_PBMC_cell_ATCTACTCAGTCGTGC,0,0,0
EOC3_PBMC_cell_CGATGTAAGGCGCTCT,0,0,0
EOC3_PBMC_cell_CTGATAGCATGCTGGC,0,0,0
EOC3_PBMC_cell_CTCTACGAGACAGAGA,0,0,0
EOC3_PBMC_cell_TGACGGCAGCTTTGGT,0,0,0
EOC3_PBMC_cell_GGTGAAGTCATTTGGG,0,0,0
EOC3_PBMC_cell_GAGGTGATCTGATTCT,0,0,0
EOC3_PBMC_cell_AACTCAGAGCGATAGC,0,0,0
EOC3_PBMC_cell_GGACAGAGTTTAGGAA,0,0,0
EOC3_PBMC_cell_AGCTCTCCAGTCGATT,0,0,0
EOC3_PBMC_cell_TCTGAGACAACTGCTA,0,0,0
EOC3_PBMC_cell_TGCGGGTGTGACCAAG,0,0,0
EOC3_PBMC_cell_CAGCTGGGTCGTGGCT,0,0,0
EOC3_PBMC_cell_CTAAGACGTTAAGACA,0,0,0
EOC3_PBMC_cell_GACCTGGCACCATGTA,0,0,0
EOC3_PBMC_cell_CTACATTTCGTGACAT,0,0,0
EOC3_PBMC_cell_GATCGCGAGTAGTGCG,0,0,0
EOC3_PBMC_cell_TCACGAAGTGACGCCT,0,0,0
EOC3_PBMC_cell_TTAACTCTCAGTTAGC,0,0,0
EOC3_PBMC_cell_TGACGGCAGGTGTTAA,0,0,0
EOC3_PBMC_cell_TGAGCCGTCCGAACGC,0,0,0
EOC3_PBMC_cell_TTCGAAGTCCGAAGAG,0,0,0
EOC3_PBMC_cell_GGACATTGTTCCGGCA,0,0,0
EOC3_PBMC_cell_CCTTTCTTCAACGCTA,0,0,0
EOC3_PBMC_cell_CAACCAACACGGCTAC,0,0,0
EOC3_PBMC_cell_GTCACAACATGCAACT,0,0,0
EOC3_PBMC_cell_CACTCCAGTACTTAGC,0,0,0
EOC3_PBMC_cell_CTCATTACAACTGCTA,0,0,0
EOC3_PBMC_cell_TGGCGCAGTGAGGGTT,0,0,0
EOC3_PBMC_cell_ACGAGGATCATGTGGT,0,0,0
EOC3_PBMC_cell_GTTCTCGGTACAGACG,0,0,0
EOC3_PBMC_cell_TATCTCAGTACTCAAC,0,0,0
EOC3_PBMC_cell_AAACGGGTCGTAGGAG,0,0,0
EOC3_PBMC_cell_ACGGCCAAGCAACGGT,0,0,0
EOC3_PBMC_cell_GTCAAGTAGGACCACA,0,0,0
EOC3_PBMC_cell_CTCTGGTCACTTCTGC,0,0,0
EOC3_PBMC_cell_CACACAAGTCGCTTTC,0,0,0
EOC3_PBMC_cell_AGTAGTCAGCGATGAC,0,0,0
EOC3_PBMC_cell_AGTTGGTTCACTTCAT,0,0,0
EOC3_PBMC_cell_GTTCTCGAGAATAGGG,0,0,0
EOC3_PBMC_cell_TCATTTGAGATGCCAG,0,0,0
EOC3_PBMC_cell_CAAGATCTCAACACAC,0,0,0
EOC3_PBMC_cell_CGCTTCACAGCTCGAC,0,0,0
EOC3_PBMC_cell_CTTGGCTTCTTGACGA,0,0,0
EOC3_PBMC_cell_TGTATTCAGATGTCGG,0,0,0
EOC3_PBMC_cell_CAGGTGCGTGTGAATA,0,0,0
EOC3_PBMC_cell_GAAACTCCACTGTCGG,0,0,0
EOC3_PBMC_cell_AGCATACAGGGTTCCC,0,0,0
EOC3_PBMC_cell_GGGAGATGTGACTCAT,0,0,0
EOC3_PBMC_cell_GGATGTTGTCAAAGCG,0,0,0
EOC3_PBMC_cell_CATCGAAGTGACCAAG,0,0,0
EOC3_PBMC_cell_CGCTTCAGTACCGCTG,0,0,0
EOC3_PBMC_cell_CTTAACTGTCTCTTAT,0,0,0
EOC3_PBMC_cell_GGTATTGAGCTCTCGG,0,0,0
EOC3_PBMC_cell_TCTGGAACAAGTAATG,0,0,0
EOC3_PBMC_cell_CTCGTACCAGTGGAGT,0,0,0
EOC3_PBMC_cell_CTCCTAGCACCGATAT,0,0,0
EOC3_PBMC_cell_ATTTCTGAGGGTCTCC,0,0,0
EOC3_PBMC_cell_TCTCTAATCGGCTACG,0,0,0
EOC3_PBMC_cell_TACGGTACAATGGAAT,0,0,0
EOC3_PBMC_cell_CATATGGAGCCACTAT,0,0,0
EOC3_PBMC_cell_TGAGCATGTCGACTGC,0,0,0
EOC3_PBMC_cell_CGGACTGGTAGCGATG,0,0,0
EOC3_PBMC_cell_AAATGCCCAATGTTGC,0,0,0
EOC3_PBMC_cell_CGGACTGGTGCGCTTG,0,0,0
EOC3_PBMC_cell_TACCTTACACCAGCAC,0,0,0
EOC3_PBMC_cell_TAAGCGTGTTATCCGA,0,0,0
EOC3_PBMC_cell_TAGAGCTAGCTGTCTA,0,0,0
EOC3_PBMC_cell_GTCATTTGTTCGCTAA,0,0,0
EOC3_PBMC_cell_CTAGAGTAGAAGCCCA,0,0,0
EOC3_PBMC_cell_TCATTACCAGCTGTTA,0,0,0
EOC3_PBMC_cell_GAATAAGTCAGCTTAG,0,0,0
EOC3_PBMC_cell_GGGCATCGTCAGAATA,0,0,0
EOC3_PBMC_cell_CAAGATCGTCAACATC,0,0,0
EOC3_PBMC_cell_AAAGTAGCATACGCTA,0,0,0
EOC3_PBMC_cell_CCCAGTTTCCGCGTTT,0,0,0
EOC3_PBMC_cell_GAAATGAGTTCAGACT,0,0,0
EOC3_PBMC_cell_CCGTTCATCCGAGCCA,0,0,0
EOC3_PBMC_cell_GGCGACTTCGTTACGA,0,0,0
EOC3_PBMC_cell_CGCGGTATCCTCTAGC,0,0,0
EOC3_PBMC_cell_CACATAGTCACAGGCC,0,0,0
EOC3_PBMC_cell_CGAACATTCGCGATCG,0,0,0
EOC3_PBMC_cell_CAGTCCTTCGGAGCAA,0,0,0
EOC3_PBMC_cell_AGCGGTCAGTCGATAA,0,0,0
EOC3_PBMC_cell_ATCGAGTTCAACGCTA,0,0,0
EOC3_PBMC_cell_CTACGTCAGGAATCGC,0,0,0
EOC3_PBMC_cell_GCTGCTTCATGCTAGT,0,0,0
EOC3_PBMC_cell_TGACAACGTTCCACGG,0,0,0
EOC3_PBMC_cell_ACTTACTAGGAATTAC,0,0,0
EOC3_PBMC_cell_TTAGTTCGTTAAGACA,0,0,0
EOC3_PBMC_cell_GGCGACTCAAGCCATT,0,0,0
EOC3_PBMC_cell_AGGGATGCATCACGTA,0,0,0
EOC3_PBMC_cell_CTCTACGGTCGGATCC,0,0,0
EOC3_PBMC_cell_TCGAGGCAGCTCTCGG,0,0,0
EOC3_PBMC_cell_CGATGTATCTGACCTC,0,0,0
EOC3_PBMC_cell_TGAGGGAAGGTGGGTT,0,0,0
EOC3_PBMC_cell_GGGCATCGTTCAGTAC,0,0,0
EOC3_PBMC_cell_ACCCACTTCTCGTATT,0,0,0
EOC3_PBMC_cell_CATATGGCATCTATGG,0,0,0
EOC3_PBMC_cell_GAACCTACAATGGAGC,0,0,0
EOC3_PBMC_cell_GATGAGGCAATGGATA,0,0,0
EOC3_PBMC_cell_GTTTCTAAGGTTCCTA,0,0,0
EOC3_PBMC_cell_CGTCAGGAGATCCGAG,0,0,0
EOC3_PBMC_cell_TCGTAGAAGGCGACAT,0,0,0
EOC3_PBMC_cell_AGTGAGGCATCGGAAG,0,0,0
EOC3_PBMC_cell_AACTGGTAGCTTCGCG,0,0,0
EOC3_PBMC_cell_GCAAACTAGCAGGTCA,0,0,0
EOC3_PBMC_cell_AAGTCTGAGAGGTAGA,0,0,0
EOC3_PBMC_cell_CACAAACAGACCTAGG,0,0,0
EOC3_PBMC_cell_CAGAATCCAAGCCGCT,0,0,0
EOC3_PBMC_cell_ACCCACTAGCACGCCT,0,0,0
EOC3_PBMC_cell_AGCTTGAAGGTGTTAA,0,0,0
EOC3_PBMC_cell_CGGACACAGCTCCCAG,0,0,0
EOC3_PBMC_cell_GCGGGTTCAGGCAGTA,0,0,0
EOC3_PBMC_cell_TAAGTGCCACCATGTA,0,0,0
EOC3_PBMC_cell_CTCGAAATCTCCGGTT,0,0,0
EOC3_PBMC_cell_GTAACTGTCAACGGGA,0,0,0
EOC3_PBMC_cell_GTTTCTATCTGCTGCT,0,0,0
EOC3_PBMC_cell_ACCCACTGTCTACCTC,0,0,0
EOC3_PBMC_cell_TATCAGGCAATGCCAT,0,0,0
EOC3_PBMC_cell_GGCCGATTCACAATGC,0,0,0
EOC3_PBMC_cell_GCGGGTTTCAGTGCAT,0,0,0
EOC3_PBMC_cell_CCAGCGAAGCCGATTT,0,0,0
EOC3_PBMC_cell_GCAGTTAAGTTACCCA,0,0,0
EOC3_PBMC_cell_CATCAGAAGAGTCTGG,0,0,0
EOC3_PBMC_cell_CTAAGACGTCTGCCAG,0,0,0
EOC3_PBMC_cell_ACGAGCCGTTTACTCT,0,0,0
EOC3_PBMC_cell_TTGACTTGTTACCAGT,0,0,0
EOC3_PBMC_cell_TGCGTGGCACCGGAAA,0,0,0
EOC3_PBMC_cell_TATTACCCACACCGAC,0,0,0
EOC3_PBMC_cell_AGTTGGTAGCAGGCTA,0,0,0
EOC3_PBMC_cell_ACGAGGAAGCGCTCCA,0,0,0
EOC3_PBMC_cell_CCCTCCTCAGTCTTCC,0,0,0
EOC3_PBMC_cell_ACGTCAAGTAGCCTCG,0,0,0
EOC3_PBMC_cell_CTACACCGTTCCCTTG,0,0,0
EOC3_PBMC_cell_CTAATGGAGCAGCGTA,0,0,0
EOC3_PBMC_cell_CCTCAGTGTCCTAGCG,0,0,0
EOC3_PBMC_cell_ATCTACTGTCTTCTCG,0,0,0
EOC3_PBMC_cell_GCTCTGTCACCAGTTA,0,0,0
EOC3_PBMC_cell_CTCGAAAAGCTGGAAC,0,0,0
EOC3_PBMC_cell_GGTGCGTAGTCACGCC,0,0,0
EOC3_PBMC_cell_GCTGCGACAATAACGA,0,0,0
EOC3_PBMC_cell_GGAACTTTCTCCGGTT,0,0,0
EOC3_PBMC_cell_TACCTATAGTCCATAC,0,0,0
EOC3_PBMC_cell_CTAGCCTGTTACCAGT,0,0,0
EOC3_PBMC_cell_CAGGTGCTCCGGCACA,0,0,0
EOC3_PBMC_cell_ACATGGTAGGTGACCA,0,0,0
EOC3_PBMC_cell_AGAGCGATCTGTTTGT,0,0,0
EOC3_PBMC_cell_CCTAAAGCAGGGTATG,0,0,0
EOC3_PBMC_cell_TACTCGCAGGACATTA,0,0,0
EOC3_PBMC_cell_TACAGTGTCGGATGTT,0,0,0
EOC3_PBMC_cell_CGGCTAGTCTCTAGGA,0,0,0
EOC3_PBMC_cell_CTAAGACCATCGTCGG,0,0,0
EOC3_PBMC_cell_TAGTGGTAGGCCCTTG,0,0,0
EOC3_PBMC_cell_GTGCGGTTCGAGAACG,0,0,0
EOC3_PBMC_cell_GCTCTGTTCGCATGGC,0,0,0
EOC3_PBMC_cell_CGTCACTGTTTGTTTC,0,0,0
EOC3_PBMC_cell_GCGAGAATCAAACCGT,0,0,0
EOC3_PBMC_cell_GGTGTTAGTGAACCTT,0,0,0
EOC3_PBMC_cell_GTTACAGGTCGTTGTA,0,0,0
EOC3_PBMC_cell_ACGATGTTCAGTTGAC,0,0,0
EOC3_PBMC_cell_TTGCGTCCAGGGTATG,0,0,0
EOC3_PBMC_cell_AAACCTGGTACCCAAT,0,0,0
EOC3_PBMC_cell_ACTGTCCCATTTGCCC,0,0,0
EOC3_PBMC_cell_AACGTTGCACAGTCGC,0,0,0
EOC3_PBMC_cell_AGTGTCACACCAGGTC,0,0,0
EOC3_PBMC_cell_AAAGATGCAGCTTAAC,0,0,0
EOC3_PBMC_cell_ACTGAACCAGCCAATT,0,0,0
EOC3_PBMC_cell_CAACCTCAGTATCGAA,0,0,0
EOC3_PBMC_cell_CATTCGCGTCTCAACA,0,0,0
EOC3_PBMC_cell_GGCCGATGTCTTCTCG,0,0,0
EOC3_PBMC_cell_GACCAATCAACGATCT,0,0,0
EOC3_PBMC_cell_CGTCCATGTGCAGACA,0,0,0
EOC3_PBMC_cell_GATCGCGTCCGAGCCA,0,0,0
EOC3_PBMC_cell_GGTGAAGTCAACTCTT,0,0,0
EOC3_PBMC_cell_AAGGAGCCATGACATC,0,0,0
EOC3_PBMC_cell_AAACCTGAGATCCCAT,0,0,0
EOC3_PBMC_cell_CCCAGTTGTTTGGGCC,0,0,0
EOC3_PBMC_cell_GTGTTAGTCCCACTTG,0,0,0
EOC3_PBMC_cell_TAAGCGTCATAACCTG,0,0,0
EOC3_PBMC_cell_GGACGTCAGTGTACTC,0,0,0
EOC3_PBMC_cell_CATCGGGTCAATCTCT,0,0,0
EOC3_PBMC_cell_TCATTACCACTCAGGC,0,0,0
EOC3_PBMC_cell_CGTTAGAAGCCACCTG,0,0,0
EOC3_PBMC_cell_CCTACCAGTCCTCCAT,0,0,0
EOC3_PBMC_cell_TACAGTGAGATCCCAT,0,0,0
EOC3_PBMC_cell_CGACTTCGTGGTACAG,0,0,0
EOC3_PBMC_cell_ACATACGCACCTTGTC,0,0,0
EOC3_PBMC_cell_ACTTACTCAGGGATTG,0,0,0
EOC3_PBMC_cell_TCAGCAAAGAACTCGG,0,0,0
EOC3_PBMC_cell_ATAACGCTCAGTCAGT,0,0,0
EOC3_PBMC_cell_CCATTCGAGACTAAGT,0,0,0
EOC3_PBMC_cell_TGTGTTTAGAAACCTA,0,0,0
EOC3_PBMC_cell_TACGGTACACACCGAC,0,0,0
EOC3_PBMC_cell_GATCGCGTCAGTTTGG,0,0,0
EOC3_PBMC_cell_GGATGTTCAGTTCATG,0,0,0
EOC3_PBMC_cell_ATTGGTGAGTCACGCC,0,0,0
EOC3_PBMC_cell_CGGACGTAGATTACCC,0,0,0
EOC3_PBMC_cell_CATCGAAAGTTAGGTA,0,0,0
EOC3_PBMC_cell_TCACAAGAGGCAAAGA,0,0,0
EOC3_PBMC_cell_TACTCGCGTCCGTTAA,0,0,0
EOC3_PBMC_cell_GTCCTCATCTGGGCCA,0,0,0
EOC3_PBMC_cell_CCAATCCCAAGCGAGT,0,0,0
EOC3_PBMC_cell_TTGCGTCTCGCCATAA,0,0,0
EOC3_PBMC_cell_TGTGTTTAGCTGGAAC,0,0,0
EOC3_PBMC_cell_CATTATCCAGGTCTCG,0,0,0
EOC3_PBMC_cell_TGACTTTTCGAATGGG,0,0,0
EOC3_PBMC_cell_CATCGAACACCCTATC,0,0,0
EOC3_PBMC_cell_ATTCTACAGATCCTGT,0,0,0
EOC3_PBMC_cell_ACTGAGTTCTCGCATC,0,0,0
EOC3_PBMC_cell_AGCTTGAGTAACGACG,0,0,0
EOC3_PBMC_cell_GACGGCTGTGATGATA,0,0,0
EOC3_PBMC_cell_ACGAGCCGTTGAGTTC,0,0,0
EOC3_PBMC_cell_TCGAGGCGTGTATGGG,0,0,0
EOC3_PBMC_cell_ATCTACTAGAGCTGCA,0,0,0
EOC3_PBMC_cell_CTCTACGGTTAAGGGC,0,0,0
EOC3_PBMC_cell_AGCCTAAAGAGCTTCT,0,0,0
EOC3_PBMC_cell_GTTAAGCCAGATGAGC,0,0,0
EOC3_PBMC_cell_AGACGTTGTCTAGAGG,0,0,0
EOC3_PBMC_cell_GGCTGGTGTTAAAGAC,0,0,0
EOC3_PBMC_cell_TGACTAGCATCGGACC,0,0,0
EOC3_PBMC_cell_ACGGGTCTCATGGTCA,0,0,0
EOC3_PBMC_cell_CTGCTGTGTCGGGTCT,0,0,0
EOC3_PBMC_cell_TGACTAGTCGGACAAG,0,0,0
EOC3_PBMC_cell_AGGCCGTTCTCAAGTG,0,0,0
EOC3_PBMC_cell_AGTAGTCTCGCCTGTT,0,0,0
EOC3_PBMC_cell_TGCGTGGGTATCTGCA,0,0,0
EOC3_PBMC_cell_CTGAAGTAGAGTACAT,0,0,0
EOC3_PBMC_cell_GTCATTTCAAAGGTGC,0,0,0
EOC3_PBMC_cell_AAATGCCTCTCTGCTG,0,0,0
EOC3_PBMC_cell_GAACCTATCGGGAGTA,0,0,0
EOC3_PBMC_cell_TTTGCGCCAGACTCGC,0,0,0
EOC3_PBMC_cell_ACTTGTTAGTAACCCT,0,0,0
EOC3_PBMC_cell_TGTGTTTTCGTCCAGG,0,0,0
EOC3_PBMC_cell_CTACGTCCAGACGTAG,0,0,0
EOC3_PBMC_cell_AGGTCCGGTTGAACTC,0,0,0
EOC3_PBMC_cell_TATCTCAAGTGACATA,0,0,0
EOC3_PBMC_cell_ACTTACTAGGCTATCT,0,0,0
EOC3_PBMC_cell_CTGCGGACACGGTAAG,0,0,0
EOC3_PBMC_cell_CTGGTCTGTCATACTG,0,0,0
EOC3_PBMC_cell_AGACGTTCAACACCTA,0,0,0
EOC3_PBMC_cell_AGGTCCGGTTAAAGTG,0,0,0
EOC3_PBMC_cell_AATCGGTTCCTTTACA,0,0,0
EOC3_PBMC_cell_TACTTACAGGCCCGTT,0,0,0
EOC3_PBMC_cell_TCTCATAAGATCACGG,0,0,0
EOC3_PBMC_cell_GTTAAGCCATCCGGGT,0,0,0
EOC3_PBMC_cell_TGCGCAGGTTCCTCCA,0,0,0
EOC3_PBMC_cell_CTCGTCACAGTAACGG,0,0,0
EOC3_PBMC_cell_CATGCCTGTTACGACT,0,0,0
EOC3_PBMC_cell_AGACGTTTCACAGTAC,0,0,0
EOC3_PBMC_cell_TGCTACCGTTGCGTTA,0,0,0
EOC3_PBMC_cell_CCGGGATTCAAGATCC,0,0,0
EOC3_PBMC_cell_GAAACTCAGCCCAATT,0,0,0
EOC3_PBMC_cell_GGACGTCTCGCAGGCT,0,0,0
EOC3_PBMC_cell_TGGGAAGGTCTAGTGT,0,0,0
EOC3_PBMC_cell_CAAGATCAGAAGATTC,0,0,0
EOC3_PBMC_cell_CAAGATCCATGCCCGA,0,0,0
EOC3_PBMC_cell_AAAGTAGAGCTGATAA,0,0,0
EOC3_PBMC_cell_CCTTTCTTCAATCACG,0,0,0
EOC3_PBMC_cell_CTTAGGATCTCAAACG,0,0,0
EOC3_PBMC_cell_CACAAACCATTCCTGC,0,0,0
EOC3_PBMC_cell_CTGATAGGTCATGCCG,0,0,0
EOC3_PBMC_cell_CTCCTAGGTGTTCTTT,0,0,0
EOC3_PBMC_cell_AGAGCGAAGAAGGCCT,0,0,0
EOC3_PBMC_cell_TCGAGGCAGTGAAGAG,0,0,0
EOC3_PBMC_cell_TGAGCATTCCGTACAA,0,0,0
EOC3_PBMC_cell_TATCAGGAGCTGATAA,0,0,0
EOC3_PBMC_cell_GTCGGGTTCATAGCAC,0,0,0
EOC3_PBMC_cell_GCGCAACAGGATGTAT,0,0,0
EOC3_PBMC_cell_TGAAAGAAGAGCCCAA,0,0,0
EOC3_PBMC_cell_TCTGAGATCATGTGGT,0,0,0
EOC3_PBMC_cell_ACTGCTCTCTGACCTC,0,0,0
EOC3_PBMC_cell_GACAGAGAGTGGCACA,0,0,0
EOC3_PBMC_cell_AACACGTTCTGTCAAG,0,0,0
EOC3_PBMC_cell_ATCTGCCGTAAGTGGC,0,0,0
EOC3_PBMC_cell_GATGAGGTCTGCAGTA,0,0,0
EOC3_PBMC_cell_GTGTTAGGTATCGCAT,0,0,0
EOC3_PBMC_cell_TAGTGGTCACAAGACG,0,0,0
EOC3_PBMC_cell_CGATGTATCAAGATCC,0,0,0
EOC3_PBMC_cell_ACACCGGGTGACGGTA,0,0,0
EOC3_PBMC_cell_CTTAACTTCCTCCTAG,0,0,0
EOC3_PBMC_cell_TTAGTTCTCCGAATGT,0,0,0
EOC3_PBMC_cell_CGTGTCTCATTTCAGG,0,0,0
EOC3_PBMC_cell_CCTATTATCTTCTGGC,0,0,0
EOC3_PBMC_cell_ACATGGTAGCTTTGGT,0,0,0
EOC3_PBMC_cell_GTGCATATCGAATCCA,0,0,0
EOC3_PBMC_cell_CTACATTCATGCCTTC,0,0,0
EOC3_PBMC_cell_ACGCAGCTCGCAAACT,0,0,0
EOC3_PBMC_cell_CGATGTACAGACGCCT,0,0,0
EOC3_PBMC_cell_TGAGAGGAGTACGACG,0,0,0
EOC3_PBMC_cell_TCTTTCCAGACAGAGA,0,0,0
EOC3_PBMC_cell_TCGGGACAGAACTCGG,0,0,0
EOC3_PBMC_cell_CACTCCAGTCTTGTCC,0,0,0
EOC3_PBMC_cell_TGCTACCTCCCTTGTG,0,0,0
EOC3_PBMC_cell_AGTCTTTTCCCAACGG,0,0,0
EOC3_PBMC_cell_GGAAAGCCAGCATACT,0,0,0
EOC3_PBMC_cell_ACGAGGAAGCGTGAAC,0,0,0
EOC3_PBMC_cell_TTAACTCGTCTTGCGG,0,0,0
EOC3_PBMC_cell_CACACTCAGACCTTTG,0,0,0
EOC3_PBMC_cell_CTCGAAAGTAGCTCCG,0,0,0
EOC3_PBMC_cell_GCAAACTGTTAAGTAG,0,0,0
EOC3_PBMC_cell_ATGTGTGAGATCCCAT,0,0,0
EOC3_PBMC_cell_AGCAGCCGTGTGGCTC,0,0,0
EOC3_PBMC_cell_GACTGCGAGGCTAGAC,0,0,0
EOC3_PBMC_cell_TTTATGCAGCGTCAAG,0,0,0
EOC3_PBMC_cell_TCAGATGCACAGGCCT,0,0,0
EOC3_PBMC_cell_CGGTTAAAGGATGCGT,0,0,0
EOC3_PBMC_cell_TCGCGTTAGAATAGGG,0,0,0
EOC3_PBMC_cell_GTCACAACAGCATGAG,0,0,0
EOC3_PBMC_cell_GCATGATTCGTCACGG,0,0,0
EOC3_PBMC_cell_GTGAAGGCAGTAAGAT,0,0,0
EOC3_PBMC_cell_ACTTTCACACACTGCG,0,0,0
EOC3_PBMC_cell_CGAGCACGTTCGCTAA,0,0,0
EOC3_PBMC_cell_CAGCATACAGGTCTCG,0,0,0
EOC3_PBMC_cell_CGGCTAGAGACTCGGA,0,0,0
EOC3_PBMC_cell_TGCTGCTCATCGGTTA,0,0,0
EOC3_PBMC_cell_CCATTCGAGAGTACAT,0,0,0
EOC3_PBMC_cell_ACTGATGGTCTAGTCA,0,0,0
EOC3_PBMC_cell_CGAGAAGGTAATTGGA,0,0,0
EOC3_PBMC_cell_TCCACACTCTCAAGTG,0,0,0
EOC3_PBMC_cell_TGCCCATAGTTTAGGA,0,0,0
EOC3_PBMC_cell_GACGCGTCAAGCGCTC,0,0,0
EOC3_PBMC_cell_GAGCAGACATATGGTC,0,0,0
EOC3_PBMC_cell_TCGTACCTCAAGGCTT,0,0,0
EOC3_PBMC_cell_CACCACTAGATGAGAG,0,0,0
EOC3_PBMC_cell_CTCTGGTTCGTAGATC,0,0,0
EOC3_PBMC_cell_CTTTGCGCAGCGTCCA,0,0,0
EOC3_PBMC_cell_GTGCTTCAGGGAGTAA,0,0,0
EOC3_PBMC_cell_CGCTGGAGTCTAGCCG,0,0,1
EOC3_PBMC_cell_TGAAAGAAGTCCCACG,0,0,0
EOC3_PBMC_cell_CTACATTCAAGCCATT,0,0,0
EOC3_PBMC_cell_CTGCGGATCCGAATGT,0,0,0
EOC3_PBMC_cell_CTAATGGTCAGCCTAA,0,0,0
EOC3_PBMC_cell_AAGGAGCAGGACAGAA,0,0,0
EOC3_PBMC_cell_TCTGAGACACCAGTTA,0,0,0
EOC3_PBMC_cell_GATGAAAGTTCACCTC,0,0,0
EOC3_PBMC_cell_GGCGACTCAGACAAAT,0,0,0
EOC3_PBMC_cell_CAAGGCCCAGCTGTAT,0,0,0
EOC3_PBMC_cell_ATTTCTGGTACCCAAT,0,0,0
EOC3_PBMC_cell_CGCCAAGCAGTATGCT,0,0,0
EOC3_PBMC_cell_TGACTTTTCTACTATC,0,0,0
EOC3_PBMC_cell_CCTTACGGTAAGCACG,0,0,0
EOC3_PBMC_cell_ACTATCTGTACCGTAT,0,0,0
EOC3_PBMC_cell_GTGCGGTTCAGCGACC,0,0,0
EOC3_PBMC_cell_ATCGAGTCAGCTTAAC,0,0,0
EOC3_PBMC_cell_ACCCACTGTTCCCTTG,0,0,0
EOC3_PBMC_cell_AATCCAGGTTACCAGT,0,0,0
EOC3_PBMC_cell_TTCTCCTGTGCACTTA,0,0,0
EOC3_PBMC_cell_ACGAGCCAGTGACATA,0,0,0
EOC3_PBMC_cell_CGTCTACGTGCGATAG,0,0,0
EOC3_PBMC_cell_CACAGTAAGGCGCTCT,0,0,0
EOC3_PBMC_cell_TAAACCGCATAGTAAG,0,0,0
EOC3_PBMC_cell_TCTCATATCTATCCTA,0,0,0
EOC3_PBMC_cell_GACACGCCATTGGGCC,0,0,0
EOC3_PBMC_cell_AGCAGCCCACTATCTT,0,0,0
EOC3_PBMC_cell_TGCGCAGCACGCTTTC,0,0,0
EOC3_PBMC_cell_GCTCCTATCGCAAGCC,0,0,0
EOC3_PBMC_cell_CCAATCCCATTTGCCC,0,0,0
EOC3_PBMC_cell_ACTGAACTCAATCTCT,0,0,0
EOC3_PBMC_cell_GATCGTAAGTGTTAGA,0,0,0
EOC3_PBMC_cell_GTACGTATCCGCGTTT,0,0,0
EOC3_PBMC_cell_GGCCGATTCGGTGTCG,0,0,0
EOC3_PBMC_cell_TACGGTAGTACGCTGC,0,0,0
EOC3_PBMC_cell_GGAGCAATCCATGCTC,0,0,0
EOC3_PBMC_cell_TAGACCATCCCAACGG,0,0,0
EOC3_PBMC_cell_GAACATCAGGATATAC,0,0,0
EOC3_PBMC_cell_CCTATTACAAAGTGCG,0,0,0
EOC3_PBMC_cell_CGCGGTATCGCAAACT,0,0,0
EOC3_PBMC_cell_TCAGGATGTACCATCA,0,0,0
EOC3_PBMC_cell_TGGCTGGAGATTACCC,0,0,0
EOC3_PBMC_cell_GTCACAAAGTGTACTC,0,0,0
EOC3_PBMC_cell_CCTTACGCACAACGCC,0,0,0
EOC3_PBMC_cell_CGCTTCACACGAAACG,0,0,0
EOC3_PBMC_cell_CATCAAGGTACACCGC,0,0,0
EOC3_PBMC_cell_GCCAAATCAGTATGCT,0,0,0
EOC3_PBMC_cell_CTCGGAGTCGTACCGG,0,0,0
EOC3_PBMC_cell_GCTCTGTAGCAATATG,0,0,1
EOC3_PBMC_cell_TTTGTCACACGGCCAT,0,0,0
EOC3_PBMC_cell_TCGAGGCGTGCGAAAC,0,0,0
EOC3_PBMC_cell_TCAGCTCGTTGTTTGG,0,0,0
EOC3_PBMC_cell_GACCTGGAGCGGCTTC,0,0,0
EOC3_PBMC_cell_GAAACTCTCTGGAGCC,0,0,0
EOC3_PBMC_cell_CACAGGCAGCTGAAAT,0,0,0
EOC3_PBMC_cell_CACATAGGTTGCCTCT,0,0,0
EOC3_PBMC_cell_TCTTTCCGTTGACGTT,0,0,0
EOC3_PBMC_cell_GTGCAGCTCACCACCT,0,0,0
EOC3_PBMC_cell_TCATTTGTCAGCTTAG,0,0,0
EOC3_PBMC_cell_CTGAAACTCCGCTGTT,0,0,0
EOC3_PBMC_cell_CCTAGCTGTGGGTCAA,0,0,0
EOC3_PBMC_cell_TATCTCATCAGCACAT,0,0,0
EOC3_PBMC_cell_CGGACTGAGGTGATAT,0,0,0
EOC3_PBMC_cell_CCAGCGACAATAGCGG,0,0,0
EOC3_PBMC_cell_TGGACGCTCCAATGGT,0,0,0
EOC3_PBMC_cell_CCAATCCGTCGATTGT,0,0,0
EOC3_PBMC_cell_TGGGCGTCAAGTACCT,0,0,0
EOC3_PBMC_cell_ACAGCTATCGCTGATA,0,0,0
EOC3_PBMC_cell_TTTATGCGTACGACCC,0,0,0
EOC3_PBMC_cell_ACCCACTTCTTGAGGT,0,0,0
EOC3_PBMC_cell_GACCAATCACATCTTT,0,0,0
EOC3_PBMC_cell_TTCTACAAGCCGGTAA,0,0,0
EOC3_PBMC_cell_GGAACTTAGACAGGCT,0,0,0
EOC3_PBMC_cell_TCAGCAACATCGACGC,0,0,0
EOC3_PBMC_cell_ATGGGAGAGACAGACC,0,0,0
EOC3_PBMC_cell_AAGTCTGCAGCCAGAA,0,0,0
EOC3_PBMC_cell_CTCACACCACGACTCG,0,0,0
EOC3_PBMC_cell_TACCTATTCCTATGTT,0,0,0
EOC3_PBMC_cell_TGGCTGGGTGGTCTCG,0,0,0
EOC3_PBMC_cell_CTGTTTACAGTAGAGC,0,0,0
EOC3_PBMC_cell_GAACCTATCGTGGTCG,0,0,0
EOC3_PBMC_cell_AGGGAGTGTGACCAAG,0,0,0
EOC3_PBMC_cell_GCTGCGAAGGCAATTA,0,0,0
EOC3_PBMC_cell_GGCGTGTAGTGTTTGC,0,0,0
EOC3_PBMC_cell_CAGCATAGTTGTCGCG,0,0,0
EOC3_PBMC_cell_CCTACACCACGACTCG,0,0,0
EOC3_PBMC_cell_AGGTCCGCAAGCCGCT,0,0,0
EOC3_PBMC_cell_CTAACTTAGGCGACAT,0,0,0
EOC3_PBMC_cell_CGTCCATGTAAGAGGA,0,0,0
EOC3_PBMC_cell_TGCGTGGAGTGAATTG,0,0,0
EOC3_PBMC_cell_CCGTACTCATGTTGAC,0,0,0
EOC3_PBMC_cell_CAGAGAGAGTCTTGCA,0,0,0
EOC3_PBMC_cell_TTCTTAGTCACTGGGC,0,0,0
EOC3_PBMC_cell_TCCACACGTCTGATCA,0,0,0
EOC3_PBMC_cell_TTGTAGGTCTGGTTCC,0,0,0
EOC3_PBMC_cell_GTAACTGGTCTTCTCG,0,0,0
EOC3_PBMC_cell_CTCGGAGAGTGGCACA,0,0,0
EOC3_PBMC_cell_TGGACGCCACTATCTT,0,0,0
EOC3_PBMC_cell_ACGGCCACACTTAACG,0,0,0
EOC3_PBMC_cell_GGGTTGCTCTCTGAGA,0,0,0
EOC3_PBMC_cell_ATGAGGGTCCCGGATG,0,0,0
EOC3_PBMC_cell_CGATGGCCATCGGGTC,0,0,0
EOC3_PBMC_cell_TGCGCAGCATCATCCC,0,0,0
EOC3_PBMC_cell_CAGTCCTGTCTTCAAG,0,0,0
EOC3_PBMC_cell_CTACATTCAACGATGG,0,0,0
EOC3_PBMC_cell_TGCCAAATCACCCTCA,0,0,0
EOC3_PBMC_cell_CTCGTACAGAGGTTGC,0,0,0
EOC3_PBMC_cell_TAAACCGCACATGACT,0,0,0
EOC3_PBMC_cell_CTAAGACAGGGCTCTC,0,0,0
EOC3_PBMC_cell_GCTGGGTGTCCGTTAA,0,0,1
EOC3_PBMC_cell_CTTCTCTTCTACTTAC,0,0,0
EOC3_PBMC_cell_TGGTTCCTCATGTCTT,0,0,0
EOC3_PBMC_cell_CTTAGGACATCAGTCA,0,0,0
EOC3_PBMC_cell_GGTGTTATCAGTGTTG,0,0,0
EOC3_PBMC_cell_CTAACTTCAATCTGCA,0,0,0
EOC3_PBMC_cell_TATTACCCATGCTAGT,0,0,0
EOC3_PBMC_cell_TGCTACCCAGCTGTGC,0,0,0
EOC3_PBMC_cell_GAATGAAGTTCGTGAT,0,0,0
EOC3_PBMC_cell_TGACTTTTCAACCATG,0,0,0
EOC3_PBMC_cell_TGGCCAGTCTAGAGTC,0,0,0
EOC3_PBMC_cell_GTTCGGGAGGCCCTTG,0,0,0
EOC3_PBMC_cell_GTGCGGTAGTTGAGAT,0,0,0
EOC3_PBMC_cell_GGGAGATTCGGAGGTA,0,0,0
EOC3_PBMC_cell_GGTGCGTTCTGGGCCA,0,0,0
EOC3_PBMC_cell_CTGCTGTTCTGATACG,0,0,0
EOC3_PBMC_cell_TGAGAGGCAGCGTCCA,0,0,0
EOC3_PBMC_cell_CAGCTAAAGTGTACCT,0,0,0
EOC3_PBMC_cell_CTAACTTGTAGGGACT,0,0,0
EOC3_PBMC_cell_TAGAGCTAGAGTCTGG,0,0,0
EOC3_PBMC_cell_TGCCCATCATACGCTA,0,0,0
EOC3_PBMC_cell_ATCATGGAGTGAAGAG,0,0,0
EOC3_PBMC_cell_CAGTAACGTTCGCGAC,0,0,0
EOC3_PBMC_cell_CCCAATCAGCGACGTA,0,0,0
EOC3_PBMC_cell_AAATGCCAGTTAAGTG,0,0,0
EOC3_PBMC_cell_AGGTCCGAGTCGTTTG,0,0,0
EOC3_PBMC_cell_CAGCGACCACCATCCT,0,0,0
EOC3_PBMC_cell_TTGACTTCATTACCTT,0,0,0
EOC3_PBMC_cell_GCTGCGAAGGCTACGA,0,0,0
EOC3_PBMC_cell_CTCATTACATGCAACT,0,0,0
EOC3_PBMC_cell_CGGGTCACATAAGACA,0,0,0
EOC3_PBMC_cell_CAAGGCCTCTGATTCT,0,0,0
EOC3_PBMC_cell_TGAAAGACACTCAGGC,0,0,0
EOC3_PBMC_cell_ACTGAACGTTAGATGA,0,0,0
EOC3_PBMC_cell_GACACGCGTACCTACA,0,0,0
EOC3_PBMC_cell_ATCCGAAAGGTGTGGT,0,0,0
EOC3_PBMC_cell_TGAGCCGGTCTTCGTC,0,0,0
EOC3_PBMC_cell_AAGGTTCAGCTGGAAC,0,0,0
EOC3_PBMC_cell_GACGGCTTCTGTACGA,0,0,0
EOC3_PBMC_cell_CGTTCTGAGACTAAGT,0,0,0
EOC3_PBMC_cell_CACACAATCCAATGGT,0,0,0
EOC3_PBMC_cell_AGCATACGTATATCCG,0,0,0
EOC3_PBMC_cell_CAGTCCTAGTCCATAC,0,0,0
EOC3_PBMC_cell_ACTTGTTAGTCCTCCT,0,0,0
EOC3_PBMC_cell_TGATTTCAGGTTACCT,0,0,0
EOC3_PBMC_cell_TTCGAAGAGCCACGCT,0,0,0
EOC3_PBMC_cell_CGATTGATCAAGCCTA,0,0,0
EOC3_PBMC_cell_CGCGGTAAGGGCATGT,0,0,0
EOC3_PBMC_cell_CGATCGGCACTAGTAC,0,0,0
EOC3_PBMC_cell_GCGCAGTTCGAACTGT,0,0,0
EOC3_PBMC_cell_ACGATACGTCCGACGT,0,0,0
EOC3_PBMC_cell_CAGAGAGCACTCTGTC,0,0,0
EOC3_PBMC_cell_GGAATAAGTACTCGCG,0,0,0
EOC3_PBMC_cell_TCTCTAAAGTATGACA,0,0,0
EOC3_PBMC_cell_ACCGTAACAGTAAGCG,0,0,0
EOC3_PBMC_cell_CCGTGGATCTTACCTA,0,0,0
EOC3_PBMC_cell_GATCGTATCAGCCTAA,0,0,0
EOC3_PBMC_cell_GGGAATGCATCCGGGT,0,0,0
EOC3_PBMC_cell_CTCGGGACATTGGGCC,0,0,0
EOC3_PBMC_cell_CAGTCCTTCAGATAAG,0,0,0
EOC3_PBMC_cell_ATGTGTGTCTGGTTCC,0,0,0
EOC3_PBMC_cell_TTGTAGGTCTCTAAGG,0,0,0
EOC3_PBMC_cell_CCAATCCAGACTACAA,0,0,0
EOC3_PBMC_cell_GAGCAGATCCGATATG,0,0,0
EOC3_PBMC_cell_GTCATTTAGTGTACTC,0,0,0
EOC3_PBMC_cell_GACGTTACAGACAGGT,0,0,0
EOC3_PBMC_cell_GGCAATTTCTTACCGC,0,0,0
EOC3_PBMC_cell_ACGATACCACTGTTAG,0,0,0
EOC3_PBMC_cell_GTTAAGCTCGCCTGTT,0,0,0
EOC3_PBMC_cell_AGCTCTCAGCCAGAAC,0,0,0
EOC3_PBMC_cell_CGACTTCAGCAGACTG,0,0,0
EOC3_PBMC_cell_GAGCAGATCATCGATG,0,0,0
EOC3_PBMC_cell_ACTGTCCCAGGAACGT,0,0,0
EOC3_PBMC_cell_GAATAAGAGCCAGTAG,0,0,0
EOC3_PBMC_cell_ATCTACTAGGCGCTCT,0,0,0
EOC3_PBMC_cell_TTCTCCTCAACACGCC,0,0,0
EOC3_PBMC_cell_GTATCTTCATTAGCCA,0,0,0
EOC3_PBMC_cell_TACAGTGCATCACCCT,0,0,0
EOC3_PBMC_cell_TAGTGGTAGAAGCCCA,0,0,0
EOC3_PBMC_cell_GTTCGGGGTTGATTCG,0,0,0
EOC3_PBMC_cell_ATCTACTGTTTAGGAA,0,0,0
EOC3_PBMC_cell_CGCTTCATCTTGCATT,0,0,0
EOC3_PBMC_cell_CTCATTACACAGCCCA,0,0,0
EOC3_PBMC_cell_AGTGTCAAGATGTGTA,0,0,0
EOC3_PBMC_cell_TTAGTTCCATGGTCAT,0,0,0
EOC3_PBMC_cell_TCAGCAACATTTGCTT,0,0,0
EOC3_PBMC_cell_CTACCCAAGTGAAGTT,0,0,0
EOC3_PBMC_cell_GAGTCCGCACCGATAT,0,0,0
EOC3_PBMC_cell_GGACAAGGTCGATTGT,0,0,0
EOC3_PBMC_cell_TGCCCTAGTCTCTCGT,0,0,0
EOC3_PBMC_cell_ACCGTAAAGCTTATCG,0,0,0
EOC3_PBMC_cell_CCGTGGACAGGATTGG,0,0,0
EOC3_PBMC_cell_CAGTAACCAAGTCTGT,0,0,0
EOC3_PBMC_cell_CGCTATCAGTTGCAGG,0,0,0
EOC3_PBMC_cell_CAGCTGGTCGCCAAAT,0,0,0
EOC3_PBMC_cell_GTTTCTATCTCGTTTA,0,0,0
EOC3_PBMC_cell_CGTTGGGAGACACTAA,0,0,0
EOC3_PBMC_cell_TGCCCATGTTCCCTTG,0,0,0
EOC3_PBMC_cell_GGACGTCAGTCGTACT,0,0,0
EOC3_PBMC_cell_AGATTGCCAAGTAATG,0,0,0
EOC3_PBMC_cell_GACTGCGTCGGTGTTA,0,0,0
EOC3_PBMC_cell_CAAGTTGAGTGCAAGC,0,0,0
EOC3_PBMC_cell_CTGTTTATCCGGCACA,0,0,0
EOC3_PBMC_cell_TGCTGCTAGGAGTACC,0,0,0
EOC3_PBMC_cell_CATGACATCGGAAATA,0,0,0
EOC3_PBMC_cell_GCGACCATCATCTGCC,0,0,0
EOC3_PBMC_cell_CGCGTTTTCTACCAGA,0,0,0
EOC3_PBMC_cell_CAAGATCGTCATTAGC,0,0,0
EOC3_PBMC_cell_CAAGAAATCCTGCAGG,0,0,0
EOC3_PBMC_cell_GACGGCTAGGGTCTCC,0,0,0
EOC3_PBMC_cell_GATCTAGTCGGCGCAT,0,0,0
EOC3_PBMC_cell_CCGTGGATCCGCGGTA,0,0,0
EOC3_PBMC_cell_CCCTCCTGTTGGTGGA,0,0,0
EOC3_PBMC_cell_GCACTCTGTCACCCAG,0,0,0
EOC3_PBMC_cell_GTCACGGGTACCCAAT,0,0,0
EOC3_PBMC_cell_TGGACGCCACTGAAGG,0,0,0
EOC3_PBMC_cell_CGGACTGTCTTGTATC,0,0,0
EOC3_PBMC_cell_AAAGCAATCCTCAACC,0,0,0
EOC3_PBMC_cell_TCTTCGGCAACGATCT,0,0,0
EOC3_PBMC_cell_AAATGCCGTAGCGTGA,0,0,0
EOC3_PBMC_cell_GTTCTCGTCGGAGGTA,0,0,0
EOC3_PBMC_cell_ACACCAATCATTCACT,0,0,0
EOC3_PBMC_cell_CTGATCCCACATTTCT,0,0,0
EOC3_PBMC_cell_CAGCAGCTCGCCTGAG,0,0,0
EOC3_PBMC_cell_CTGTGCTTCAGCTCGG,0,0,0
EOC3_PBMC_cell_GATCGATAGTCTCCTC,0,0,0
EOC3_PBMC_cell_TACCTATAGTAGCGGT,0,0,0
EOC3_PBMC_cell_GTAACGTGTGTTGGGA,0,0,0
EOC3_PBMC_cell_CACAAACTCTGTTGAG,0,0,0
EOC3_PBMC_cell_CCTAAAGGTTCGCTAA,0,0,0
EOC3_PBMC_cell_ATGGGAGGTTAAGTAG,0,0,0
EOC3_PBMC_cell_GTTACAGAGCTGCAAG,0,0,0
EOC3_PBMC_cell_CAACCAACACGAAAGC,0,0,0
EOC3_PBMC_cell_CATGGCGTCCTGTAGA,0,0,0
EOC3_PBMC_cell_CATGCCTAGTCCTCCT,0,0,0
EOC3_PBMC_cell_GGTATTGGTCAGGACA,0,0,0
EOC3_PBMC_cell_TCAGGATAGCGCCTCA,0,0,0
EOC3_PBMC_cell_TGTGGTACAAGCCTAT,0,0,0
EOC3_PBMC_cell_TCACAAGGTGGTTTCA,0,0,0
EOC3_PBMC_cell_CAGATCACAGCATGAG,0,0,0
EOC3_PBMC_cell_CTACCCAGTCGGCATC,0,0,0
EOC3_PBMC_cell_CTCGAAAAGGGCTTGA,0,0,0
EOC3_PBMC_cell_GTATTCTGTATGAAAC,0,0,0
EOC3_PBMC_cell_CATATGGTCCGTTGCT,0,0,0
EOC3_PBMC_cell_ATGAGGGCAAACGCGA,0,0,0
EOC3_PBMC_cell_GCATACAGTCATCGGC,0,0,0
EOC3_PBMC_cell_ATGTGTGCACCACCAG,0,0,0
EOC3_PBMC_cell_ATGTGTGAGACAAAGG,0,0,0
EOC3_PBMC_cell_GTGTTAGTCCTACAGA,0,0,0
EOC3_PBMC_cell_CCTTTCTGTACGCACC,0,0,0
EOC3_PBMC_cell_TTGGCAACAGTAAGAT,0,0,0
EOC3_PBMC_cell_CTACGTCGTGCACTTA,0,0,0
EOC3_PBMC_cell_TCGGGACAGTGTCTCA,0,0,0
EOC3_PBMC_cell_TGGACGCCATGGATGG,0,0,0
EOC3_PBMC_cell_CTACATTCAATGACCT,0,0,0
EOC3_PBMC_cell_ACTTACTTCTGAGGGA,0,0,0
EOC3_PBMC_cell_CACAGGCAGAAACGAG,0,0,0
EOC3_PBMC_cell_TCGGTAAAGACCACGA,0,0,0
EOC3_PBMC_cell_GTTCGGGCACCGGAAA,0,0,0
EOC3_PBMC_cell_AAACGGGTCATCGATG,0,0,0
EOC3_PBMC_cell_GATGAAACATTACCTT,0,0,0
EOC3_PBMC_cell_ACTTGTTAGGACCACA,0,0,0
EOC3_PBMC_cell_GTCTCGTGTTCAACCA,0,0,0
EOC3_PBMC_cell_ACACCAACACACGCTG,0,0,0
EOC3_PBMC_cell_ACTTGTTGTTAAAGTG,0,0,0
EOC3_PBMC_cell_TGGTTCCGTCATCCCT,0,0,0
EOC3_PBMC_cell_TACACGACACAGCGTC,0,0,0
EOC3_PBMC_cell_CGATCGGGTAGGGTAC,0,0,0
EOC3_PBMC_cell_GCACTCTAGTTGCAGG,0,0,0
EOC3_PBMC_cell_TACTTACAGACAAGCC,0,0,0
EOC3_PBMC_cell_AGAGCTTTCAAGGTAA,0,0,0
EOC3_PBMC_cell_CTCAGAAGTGTTAAGA,0,0,0
EOC3_PBMC_cell_ATCCACCAGGCGCTCT,0,0,0
EOC3_PBMC_cell_CTCACACAGGAGTCTG,0,0,0
EOC3_PBMC_cell_GATCAGTCAGGGTTAG,0,0,0
EOC3_PBMC_cell_TCAACGAAGACACTAA,0,0,0
EOC3_PBMC_cell_GGGCACTCATGTTGAC,0,0,0
EOC3_PBMC_cell_AGCAGCCGTCGCGGTT,0,0,0
EOC3_PBMC_cell_GCCAAATAGGTTCCTA,0,0,0
EOC3_PBMC_cell_CACATTTGTAGGACAC,0,0,0
EOC3_PBMC_cell_GACGTTACAGCCTTGG,0,0,0
EOC3_PBMC_cell_AGATTGCTCATACGGT,0,0,0
EOC3_PBMC_cell_GATCGATGTAGTACCT,0,0,0
EOC3_PBMC_cell_GGGTTGCGTAGTAGTA,0,0,0
EOC3_PBMC_cell_TAGAGCTTCCGCAAGC,0,0,0
EOC3_PBMC_cell_GGCTGGTAGTGTACGG,0,0,0
EOC3_PBMC_cell_GTTACAGAGTCCGGTC,0,0,0
EOC3_PBMC_cell_GTATTCTCATGTCGAT,0,0,0
EOC3_PBMC_cell_AATCCAGAGGGTGTGT,0,0,0
EOC3_PBMC_cell_ATCACGAAGAATTCCC,0,0,0
EOC3_PBMC_cell_GATGCTATCCAAAGTC,0,0,0
EOC3_PBMC_cell_ACGGCCACAACTGGCC,0,0,0
EOC3_PBMC_cell_CAGTAACAGCGGCTTC,0,0,0
EOC3_PBMC_cell_TGAGAGGGTCATCCCT,0,0,0
EOC3_PBMC_cell_CACCTTGAGCAATCTC,0,0,0
EOC3_PBMC_cell_GCTGCGAGTACTTCTT,0,0,0
EOC3_PBMC_cell_TAAGAGAAGTTAGCGG,0,0,0
EOC3_PBMC_cell_CGAGCACAGTAGGCCA,0,0,0
EOC3_PBMC_cell_GACTACACACTTCTGC,0,0,0
EOC3_PBMC_cell_TTATGCTGTGGTTTCA,0,0,0
EOC3_PBMC_cell_GCGCAACCACGTCTCT,0,0,0
EOC3_PBMC_cell_CTTAGGATCCTCTAGC,0,0,0
EOC3_PBMC_cell_GCTGCAGGTGAAAGAG,0,0,0
EOC3_PBMC_cell_ATCCGAAAGTCCGTAT,0,0,0
EOC3_PBMC_cell_CGAGCACAGGGAAACA,0,0,0
EOC3_PBMC_cell_CCACCTAGTGCAGTAG,0,0,0
EOC3_PBMC_cell_TGAGCCGAGCGTGTCC,0,0,0
EOC3_PBMC_cell_CGGAGTCTCAGGCCCA,0,0,0
EOC3_PBMC_cell_CCAATCCCACCGATAT,0,0,0
EOC3_PBMC_cell_CGTTCTGCACGGTAGA,0,0,0
EOC3_PBMC_cell_GCAGTTAGTCTCAACA,0,0,0
EOC3_PBMC_cell_CTACCCAGTGGTAACG,0,0,0
EOC3_PBMC_cell_ACCCACTAGTCTCGGC,0,0,0
EOC3_PBMC_cell_TAAGTGCGTAAGTAGT,0,0,0
EOC3_PBMC_cell_CCTCTGATCCAAACTG,0,0,0
EOC3_PBMC_cell_TGGTTAGAGCTGAACG,0,0,0
EOC3_PBMC_cell_TAGGCATTCTGAGTGT,0,0,0
EOC3_PBMC_cell_CGGCTAGGTACTTAGC,0,0,0
EOC3_PBMC_cell_CGGACGTGTCCAGTGC,0,0,0
EOC3_PBMC_cell_TCTTTCCCAGGTCGTC,0,0,0
EOC3_PBMC_cell_ATGTGTGAGCCAGAAC,0,0,0
EOC3_PBMC_cell_TGCGCAGGTATATGGA,0,0,0
EOC3_PBMC_cell_GTGTTAGCATTGGCGC,0,0,0
EOC3_PBMC_cell_CGGTTAACATATGAGA,0,0,0
EOC3_PBMC_cell_AGGCCACCACCACCAG,0,0,0
EOC3_PBMC_cell_CGACTTCCAGCTCGCA,0,0,0
EOC3_PBMC_cell_TGAAAGAAGGTGCACA,0,0,0
EOC3_PBMC_cell_CCACCTACACAGTCGC,0,0,0
EOC3_PBMC_cell_TGCCAAATCGACAGCC,0,0,0
EOC3_PBMC_cell_CTCGGGAGTGAGGGAG,0,0,0
EOC3_PBMC_cell_AGTGTCATCGATGAGG,0,0,0
EOC3_PBMC_cell_CAACCTCCATTTGCTT,0,0,0
EOC3_PBMC_cell_CGTTCTGCATGAAGTA,0,0,0
EOC3_PBMC_cell_CCACCTAGTTCAGACT,0,0,0
EOC3_PBMC_cell_TGGCGCAAGTTTCCTT,0,0,0
EOC3_PBMC_cell_GGCTCGAAGTTCGCAT,0,0,0
EOC3_PBMC_cell_TTGACTTCATAGTAAG,0,0,0
EOC3_PBMC_cell_CCTTACGAGAAACGCC,0,0,0
EOC3_PBMC_cell_AAGGTTCGTAATCGTC,0,0,0
EOC3_PBMC_cell_GCACATAGTCCGACGT,0,0,0
EOC3_PBMC_cell_GTAGGCCTCAATAAGG,0,0,0
EOC3_PBMC_cell_ACCGTAAAGCGCTTAT,0,0,0
EOC3_PBMC_cell_TAAGTGCGTTCTGAAC,0,0,0
EOC3_PBMC_cell_CATGACATCGTAGATC,0,0,0
EOC3_PBMC_cell_CTGAAACGTTCCATGA,0,0,0
EOC3_PBMC_cell_TTCTCAAGTCAACTGT,0,0,0
EOC3_PBMC_cell_GTTCGGGAGACTTGAA,0,0,0
EOC3_PBMC_cell_GGGAGATCAGGATTGG,0,0,0
EOC3_PBMC_cell_CACAAACTCGCGTAGC,0,0,0
EOC3_PBMC_cell_TGGACGCGTTCAGTAC,0,0,0
EOC3_PBMC_cell_CATATTCGTAGGACAC,0,0,0
EOC3_PBMC_cell_GCGCAACAGCTAGTTC,0,0,0
EOC3_PBMC_cell_CTACCCATCCATTCTA,0,0,0
EOC3_PBMC_cell_TGCGTGGCACGAGAGT,0,0,0
EOC3_PBMC_cell_CGATTGAGTAACGTTC,0,0,0
EOC3_PBMC_cell_CTTCTCTAGTCCTCCT,0,0,0
EOC3_PBMC_cell_TTGTAGGCACTTGGAT,0,0,0
EOC3_PBMC_cell_CTACATTTCAGCTCGG,0,0,0
EOC3_PBMC_cell_CACACTCGTAAGTTCC,0,0,0
EOC3_PBMC_cell_ACTTACTAGGACATTA,0,0,0
EOC3_PBMC_cell_TCGCGTTCACAAGCCC,0,0,0
EOC3_PBMC_cell_TAGTTGGTCAGTCCCT,0,0,0
EOC3_PBMC_cell_ATCACGAGTCGTGGCT,0,0,0
EOC3_PBMC_cell_GGACGTCAGGACGAAA,0,0,0
EOC3_PBMC_cell_ACTGTCCTCCTCCTAG,0,0,0
EOC3_PBMC_cell_ACGGGTCAGTTTCCTT,0,0,0
EOC3_PBMC_cell_CTCTAATAGTATTGGA,0,0,0
EOC3_PBMC_cell_GTTAAGCCAGCGATCC,0,0,0
EOC3_PBMC_cell_CGAATGTCACTTACGA,0,0,0
EOC3_PBMC_cell_CTCGTCAAGCAGGTCA,0,0,0
EOC3_PBMC_cell_ACCGTAACAGATAATG,0,0,0
EOC3_PBMC_cell_GTCATTTAGCTAGGCA,0,0,0
EOC3_PBMC_cell_CGGTTAATCAACACGT,0,0,0
EOC3_PBMC_cell_AGCTTGAAGCACCGCT,0,0,0
EOC3_PBMC_cell_TTAACTCGTACTCAAC,0,0,0
EOC3_PBMC_cell_ATCACGACAGTTCATG,0,0,0
EOC3_PBMC_cell_AAGTCTGTCTTGCATT,0,0,0
EOC3_PBMC_cell_GTCACAAAGTACGCCC,0,0,0
EOC3_PBMC_cell_GAAACTCAGGCTAGAC,0,0,0
EOC3_PBMC_cell_GTGCGGTCAAAGCGGT,0,0,0
EOC3_PBMC_cell_CGCCAAGGTCGTCTTC,0,0,0
EOC3_PBMC_cell_TCAATCTGTGTTCTTT,0,0,0
EOC3_PBMC_cell_CTCGGAGCATCTCGCT,0,0,0
EOC3_PBMC_cell_CGGCTAGTCTGATTCT,0,0,0
EOC3_PBMC_cell_ATAAGAGCATAACCTG,0,0,0
EOC3_PBMC_cell_CACAGGCCAATCGGTT,0,0,0
EOC3_PBMC_cell_TGCACCTCAAACTGTC,0,0,0
EOC3_PBMC_cell_CTGTGCTGTAAGAGGA,0,0,0
EOC3_PBMC_cell_AGCATACGTCGTCTTC,0,0,0
EOC3_PBMC_cell_GACTAACCAGCGATCC,0,0,0
EOC3_PBMC_cell_CGACCTTCAAAGGCGT,0,0,0
EOC3_PBMC_cell_CCGGGATCAGATCCAT,0,0,0
EOC3_PBMC_cell_CCACTACTCGTGGTCG,0,0,0
EOC3_PBMC_cell_CAGCTGGGTGAAGGCT,0,0,0
EOC3_PBMC_cell_CATTATCAGTAGCGGT,0,0,0
EOC3_PBMC_cell_GTCCTCACACGACTCG,0,0,0
EOC3_PBMC_cell_AGGGAGTAGCACGCCT,0,0,0
EOC3_PBMC_cell_TGAGGGACAGTATCTG,0,0,0
EOC3_PBMC_cell_TGAGCATCAATCAGAA,0,0,0
EOC3_PBMC_cell_GGACGTCCACCGTTGG,0,0,0
EOC3_PBMC_cell_TCGCGTTCATTAGCCA,0,0,0
EOC3_PBMC_cell_TGCCCTAGTCCAGTTA,0,0,0
EOC3_PBMC_cell_AACTTTCAGAATGTTG,0,0,0
EOC3_PBMC_cell_AACCATGCACTACAGT,0,0,0
EOC3_PBMC_cell_CAAGTTGGTCTTGATG,0,0,0
EOC3_PBMC_cell_CGTAGCGAGTTATCGC,0,0,0
EOC3_PBMC_cell_ACGTCAATCCGTCATC,0,0,0
EOC3_PBMC_cell_GTATTCTAGAACAACT,0,0,0
EOC3_PBMC_cell_TGACTAGAGCTAGGCA,0,0,0
EOC3_PBMC_cell_GTGCTTCTCTGCGTAA,0,0,0
EOC3_PBMC_cell_CGACTTCAGCTAGTCT,0,0,0
EOC3_PBMC_cell_CCGTGGAGTGTTTGTG,0,0,0
EOC3_PBMC_cell_TCCCGATCAACTGCTA,0,0,0
EOC3_PBMC_cell_GCTGCGAAGAAACCAT,0,0,0
EOC3_PBMC_cell_GACTAACCAAGCTGGA,0,0,0
EOC3_PBMC_cell_TACTTGTTCTACCAGA,0,0,0
EOC3_PBMC_cell_GTCATTTGTATTCTCT,0,0,0
EOC3_PBMC_cell_GCATGTATCAGTTAGC,0,0,0
EOC3_PBMC_cell_ATCCACCGTACAGTGG,0,0,0
EOC3_PBMC_cell_CTTAGGAGTTTAGGAA,0,0,0
EOC3_PBMC_cell_GGAATAATCGGAATCT,0,0,0
EOC3_PBMC_cell_CCTACACGTGGCAAAC,0,0,0
EOC3_PBMC_cell_GATGCTAGTTAAGGGC,0,0,0
EOC3_PBMC_cell_GATCGATTCACCACCT,0,0,0
EOC3_PBMC_cell_GAAATGAAGGATTCGG,0,0,0
EOC3_PBMC_cell_GGTGTTACATCCGGGT,0,0,0
EOC3_PBMC_cell_GGAAAGCGTAACGACG,0,0,0
EOC3_PBMC_cell_TAAGTGCAGAGGACGG,0,0,0
EOC3_PBMC_cell_CATCCACGTATCGCAT,0,0,0
EOC3_PBMC_cell_CAACTAGTCTACGAGT,0,0,0
EOC3_PBMC_cell_AGCATACCACGCTTTC,0,0,0
EOC3_PBMC_cell_TGCGGGTTCGTTACAG,0,0,0
EOC3_PBMC_cell_CGTGAGCAGTTCGCAT,0,0,0
EOC3_PBMC_cell_GGCGACTTCATAGCAC,0,0,0
EOC3_PBMC_cell_TCTGGAAAGGTGTTAA,0,0,0
EOC3_PBMC_cell_TTGCGTCTCGGCGGTT,0,0,0
EOC3_PBMC_cell_ACTTACTCATCATCCC,0,0,0
EOC3_PBMC_cell_CACAGTAAGCGACGTA,0,0,0
EOC3_PBMC_cell_GATCGTACAGCATACT,0,0,0
EOC3_PBMC_cell_TAGCCGGAGGCTATCT,0,0,0
EOC3_PBMC_cell_ACTGATGCAAGCCGTC,0,0,0
EOC3_PBMC_cell_ATCGAGTCACCAGATT,0,0,0
EOC3_PBMC_cell_AGTAGTCCACAGGTTT,0,0,0
EOC3_PBMC_cell_TGGCTGGGTCGATTGT,0,0,0
EOC3_PBMC_cell_CCATGTCAGCACACAG,0,0,0
EOC3_PBMC_cell_CCACTACAGACTACAA,0,0,0
EOC3_PBMC_cell_TCATTACCAGGAATCG,0,0,0
EOC3_PBMC_cell_CCTATTAGTCGAACAG,0,0,0
EOC3_PBMC_cell_ATTATCCTCAGAGGTG,0,0,0
EOC3_PBMC_cell_CCACGGATCAGTTAGC,0,0,0
EOC3_PBMC_cell_AAGGCAGTCCGTAGTA,0,0,0
EOC3_PBMC_cell_AAATGCCCATACGCCG,0,0,0
EOC3_PBMC_cell_CTAGAGTAGTACGCGA,0,0,0
EOC3_PBMC_cell_CACTCCATCGCCGTGA,0,0,0
EOC3_PBMC_cell_GTACTTTGTGGTACAG,0,0,0
EOC3_PBMC_cell_CAACCTCTCGTACCGG,0,0,0
EOC3_PBMC_cell_TTCGAAGTCGGAAATA,0,0,0
EOC3_PBMC_cell_TTGGCAAAGTGAACAT,0,0,0
EOC3_PBMC_cell_CGGGTCACAATGTTGC,0,0,0
EOC3_PBMC_cell_CACACCTTCGCATGGC,0,0,0
EOC3_PBMC_cell_GTCGGGTAGAGACGAA,0,0,0
EOC3_PBMC_cell_CGGACGTTCCGAGCCA,0,0,0
EOC3_PBMC_cell_CCTCAGTTCGCAGGCT,0,0,0
EOC3_PBMC_cell_ACTTTCACAATAGAGT,0,0,0
EOC3_PBMC_cell_TACACGATCCTTGGTC,0,0,0
EOC3_PBMC_cell_CGATTGATCCGCGTTT,0,0,0
EOC3_PBMC_cell_CGTTGGGGTCAGAGGT,0,0,0
EOC3_PBMC_cell_GAACATCCAGGAACGT,0,0,0
EOC3_PBMC_cell_CCTAGCTAGCCAGTTT,0,0,0
EOC3_PBMC_cell_AACTGGTGTATAAACG,0,0,0
EOC3_PBMC_cell_ACGCCGAAGTATCGAA,0,0,0
EOC3_PBMC_cell_CCTTCGATCGCAAACT,0,0,0
EOC3_PBMC_cell_CAAGTTGGTAAACACA,0,0,0
EOC3_PBMC_cell_GCGGGTTCAGCTCGCA,0,0,0
EOC3_PBMC_cell_GTTCTCGTCCCATTTA,0,0,0
EOC3_PBMC_cell_CTCTGGTGTGTGACCC,0,0,0
EOC3_PBMC_cell_CACCACTAGAATAGGG,0,0,0
EOC3_PBMC_cell_GTAGTCACATGACATC,0,0,0
EOC3_PBMC_cell_CTGATCCTCCTTTCTC,0,0,0
EOC3_PBMC_cell_CTTAACTTCAGCCTAA,0,0,0
EOC3_PBMC_cell_CTTTGCGTCTTCATGT,0,0,0
EOC3_PBMC_cell_CACTCCATCCATGCTC,0,0,0
EOC3_PBMC_cell_GAGCAGAGTTCGGCAC,0,0,0
EOC3_PBMC_cell_AAATGCCGTCAGAGGT,0,0,0
EOC3_PBMC_cell_CCCTCCTGTCCAGTAT,0,0,0
EOC3_PBMC_cell_ACTGATGCACGAGGTA,0,0,0
EOC3_PBMC_cell_GGACAAGTCGCGATCG,0,0,0
EOC3_PBMC_cell_GGACAGACACATCCGG,0,0,0
EOC3_PBMC_cell_CTCGTACTCTAACGGT,0,0,0
EOC3_PBMC_cell_TCAGCTCTCCATGAGT,0,0,0
EOC3_PBMC_cell_CGATTGAGTAGAAAGG,0,0,0
EOC3_PBMC_cell_TACGGTAAGACGACGT,0,0,0
EOC3_PBMC_cell_CACCAGGTCAACCAAC,0,0,0
EOC3_PBMC_cell_TTCTACAAGACTCGGA,0,0,0
EOC3_PBMC_cell_GATGCTAGTCCAGTGC,0,0,0
EOC3_PBMC_cell_AAACGGGAGAAGGTTT,0,0,0
EOC3_PBMC_cell_ACTTGTTCAAGTTGTC,0,0,0
EOC3_PBMC_cell_TTGCGTCCACAGGAGT,0,0,0
EOC3_PBMC_cell_GCTTGAAAGAAGGGTA,0,0,0
EOC3_PBMC_cell_TACGGGCAGTCCAGGA,0,0,0
EOC3_PBMC_cell_GGAGCAAAGGGCTCTC,0,0,0
EOC3_PBMC_cell_GTAACTGGTCGGCTCA,0,0,0
EOC3_PBMC_cell_CAGCCGATCCACGTGG,0,0,0
EOC3_PBMC_cell_TCAACGACAAGTTAAG,0,0,0
EOC3_PBMC_cell_GCGACCAGTGCCTGTG,0,0,0
EOC3_PBMC_cell_CATTCGCAGGCAATTA,0,0,0
EOC3_PBMC_cell_CTACACCAGATTACCC,0,0,0
EOC3_PBMC_cell_TACTCATCACATGTGT,0,0,0
EOC3_PBMC_cell_TTGGCAAGTATGAATG,0,0,0
EOC3_PBMC_cell_TGCTGCTGTTTCCACC,0,0,0
EOC3_PBMC_cell_CGGAGTCAGCAGACTG,0,0,0
EOC3_PBMC_cell_ACTGCTCCACAAGCCC,0,0,0
EOC3_PBMC_cell_CCACTACTCAGTTAGC,0,0,0
EOC3_PBMC_cell_GGAATAAGTCTAGTCA,0,0,0
EOC3_PBMC_cell_TGCCAAACACTTAAGC,0,0,0
EOC3_PBMC_cell_TAGCCGGTCGTCTGAA,0,0,0
EOC3_PBMC_cell_GGACGTCTCTAACTCT,0,0,0
EOC3_PBMC_cell_GCAAACTTCACAACGT,0,0,0
EOC3_PBMC_cell_CGAACATCATGGATGG,0,0,0
EOC3_PBMC_cell_GGGATGAAGCCCAATT,0,0,0
EOC3_PBMC_cell_CTCGAAATCACTATTC,0,0,0
EOC3_PBMC_cell_ATCATCTTCCATGAAC,0,0,0
EOC3_PBMC_cell_ACACCGGTCCCGGATG,0,0,0
EOC3_PBMC_cell_CATGCCTGTCCCTTGT,0,0,0
EOC3_PBMC_cell_AGGGTGAAGACAGAGA,0,0,0
EOC3_PBMC_cell_ACATGGTAGATATGCA,0,0,0
EOC3_PBMC_cell_ATTACTCCAAGCCATT,0,0,0
EOC3_PBMC_cell_TGCCCTAGTTATCACG,0,0,0
EOC3_PBMC_cell_TAGCCGGTCTCAAACG,0,0,0
EOC3_PBMC_cell_ATCTACTAGGTGTTAA,0,0,0
EOC3_PBMC_cell_GAACCTATCTGCAAGT,0,0,0
EOC3_PBMC_cell_TTCGGTCAGTGGTAGC,0,0,0
EOC3_PBMC_cell_GACCTGGTCCCTAATT,0,0,0
EOC3_PBMC_cell_CGTCTACAGCAACGGT,0,0,0
EOC3_PBMC_cell_GGGTTGCCAAGTCTGT,0,0,0
EOC3_PBMC_cell_TTAACTCTCGTTACAG,0,0,0
EOC3_PBMC_cell_GGGACCTTCGTGACAT,0,0,0
EOC3_PBMC_cell_CTAGCCTTCCTCGCAT,0,0,0
EOC3_PBMC_cell_CGATCGGAGCCGCCTA,0,0,0
EOC3_PBMC_cell_CACATTTAGGCGCTCT,0,0,0
EOC3_PBMC_cell_CGGACTGCAGTTAACC,0,0,0
EOC3_PBMC_cell_CTACATTCAGTATAAG,0,0,0
EOC3_PBMC_cell_GGAACTTGTTGTGGAG,0,0,0
EOC3_PBMC_cell_TCGCGTTCACCACCAG,0,0,0
EOC3_PBMC_cell_TTGACTTCAGACGTAG,0,0,0
EOC3_PBMC_cell_TCTCTAAGTGAAAGAG,0,0,0
EOC3_PBMC_cell_CGTAGGCGTTGGTAAA,0,0,0
EOC3_PBMC_cell_GGGAGATAGTTACGGG,0,0,0
EOC3_PBMC_cell_GGACAGAGTGCAACGA,0,0,0
EOC3_PBMC_cell_CGGACGTTCTCCAGGG,0,0,0
EOC3_PBMC_cell_AGGGAGTGTGTGACGA,0,0,0
EOC3_PBMC_cell_TAGCCGGTCACCCGAG,0,0,0
EOC3_PBMC_cell_ACCCACTGTCCCTACT,0,0,0
EOC3_PBMC_cell_CGTCAGGCACCAGCAC,0,0,0
EOC3_PBMC_cell_GGGCATCTCCGCGGTA,0,0,0
EOC3_PBMC_cell_TATCAGGCAATCGAAA,0,0,0
EOC3_PBMC_cell_TGCCCTATCTCGCTTG,0,0,0
EOC3_PBMC_cell_ACATGGTCAATGGAAT,0,0,0
EOC3_PBMC_cell_CCACCTAAGAGCTGCA,0,0,0
EOC3_PBMC_cell_CTAACTTAGATAGTCA,0,0,0
EOC3_PBMC_cell_ACCAGTACATGGTCAT,0,0,0
EOC3_PBMC_cell_TGAGAGGTCAGCCTAA,0,0,0
EOC3_PBMC_cell_CGAATGTTCAAACCAC,0,0,0
EOC3_PBMC_cell_TCTGGAACATCCAACA,0,0,0
EOC3_PBMC_cell_TGAGCCGTCCATGAAC,0,0,0
EOC3_PBMC_cell_GCGCCAAAGCCAGTTT,0,0,0
EOC3_PBMC_cell_GAAATGAGTTTGGCGC,0,0,0
EOC3_PBMC_cell_GTAGGCCCAGTCTTCC,0,0,0
EOC3_PBMC_cell_TGGTTCCAGCCGGTAA,0,0,0
EOC3_PBMC_cell_CTGTTTAGTAGTACCT,0,0,0
EOC3_PBMC_cell_ACAGCTATCTTTACGT,0,0,0
EOC3_PBMC_cell_TCAATCTTCAGTTGAC,0,0,0
EOC3_PBMC_cell_ACGATGTCAATGCCAT,0,0,0
EOC3_PBMC_cell_GGATGTTCAGCCTATA,0,0,0
EOC3_PBMC_cell_AGCAGCCAGAAGGACA,0,0,0
EOC3_PBMC_cell_CAGTCCTTCCGTACAA,0,0,0
EOC3_PBMC_cell_AGGGTGACACATAACC,0,0,0
EOC3_PBMC_cell_GGCCGATTCCGGCACA,0,0,0
EOC3_PBMC_cell_TCACGAACAGTATAAG,0,0,0
EOC3_PBMC_cell_CGATGGCTCCGTACAA,0,0,0
EOC3_PBMC_cell_TGACGGCCAATGGAGC,0,0,0
EOC3_PBMC_cell_ATCCACCTCGAATGCT,0,0,0
EOC3_PBMC_cell_CAAGAAAGTGTGTGCC,0,0,0
EOC3_PBMC_cell_GGAACTTGTTACAGAA,0,0,0
EOC3_PBMC_cell_AAGTCTGCACGCCAGT,0,0,0
EOC3_PBMC_cell_GCGACCAGTACTTCTT,0,0,0
EOC3_PBMC_cell_TCTTCGGGTGGTTTCA,0,0,0
EOC3_PBMC_cell_AGGCCACAGACTACAA,0,0,0
EOC3_PBMC_cell_CGAGCCAAGAGATGAG,0,0,0
EOC3_PBMC_cell_CACCAGGCAGTGGGAT,0,0,0
EOC3_PBMC_cell_TGGCCAGCATCTGGTA,0,0,0
EOC3_PBMC_cell_ATGTGTGCAGTACACT,0,0,0
EOC3_PBMC_cell_GCACATAGTACTCTCC,0,0,0
EOC3_PBMC_cell_ACGATACCACTCTGTC,0,0,0
EOC3_PBMC_cell_ACACTGATCTTATCTG,0,0,0
EOC3_PBMC_cell_GGAATAAAGCGTTCCG,0,0,0
EOC3_PBMC_cell_GACTAACCACACCGCA,0,0,0
EOC3_PBMC_cell_TGCTACCAGGTGCACA,0,0,0
EOC3_PBMC_cell_ACTGAGTCACAACTGT,0,0,0
EOC3_PBMC_cell_GGGAGATGTCCAGTGC,0,0,0
EOC3_PBMC_cell_TGCACCTGTGTCAATC,0,0,0
EOC3_PBMC_cell_ACCAGTAGTCGCATAT,0,0,0
EOC3_PBMC_cell_AAACCTGCAAATACAG,0,0,0
EOC3_PBMC_cell_ACTGAGTGTCCAGTAT,0,0,0
EOC3_PBMC_cell_ATAAGAGCAGTCTTCC,0,0,0
EOC3_PBMC_cell_TGATTTCTCTGGCGAC,0,0,0
EOC3_PBMC_cell_CTCATTATCTATGTGG,0,0,0
EOC3_PBMC_cell_TTGGCAACAATGGTCT,0,0,0
EOC3_PBMC_cell_ACAGCTATCTGTTTGT,0,0,0
EOC3_PBMC_cell_AGGTCATCAATGGATA,0,0,0
EOC3_PBMC_cell_AGCATACAGTCCGGTC,0,0,0
EOC3_PBMC_cell_CACACTCTCCGTACAA,0,0,0
EOC3_PBMC_cell_AGTGTCAAGGAGTTGC,0,0,0
EOC3_PBMC_cell_CATTATCCACTAAGTC,0,0,0
EOC3_PBMC_cell_CTTCTCTGTATCTGCA,0,0,0
EOC3_PBMC_cell_GTATTCTAGGCGACAT,0,0,0
EOC3_PBMC_cell_ACACCCTAGAACTCGG,0,0,0
EOC3_PBMC_cell_GCTTGAATCTGTCTAT,0,0,0
EOC3_PBMC_cell_GTGCATACAGACTCGC,0,0,0
EOC3_PBMC_cell_GCATGTACACCACGTG,0,0,0
EOC3_PBMC_cell_GCGACCATCACGATGT,0,0,0
EOC3_PBMC_cell_CACACCTCAAGACACG,0,0,0
EOC3_PBMC_cell_ACCAGTAAGCTTATCG,0,0,0
EOC3_PBMC_cell_TTGAACGCAATTCCTT,0,0,0
EOC3_PBMC_cell_TACCTATCACAAGCCC,0,0,0
EOC3_PBMC_cell_ACGATACAGATATACG,0,0,0
EOC3_PBMC_cell_TGAGGGAAGAAGGACA,0,0,0
EOC3_PBMC_cell_TAGGCATGTAGCTTGT,0,0,0
EOC3_PBMC_cell_TACCTATTCCTGCCAT,0,0,0
EOC3_PBMC_cell_CTGCTGTTCCGAACGC,0,0,0
EOC3_PBMC_cell_TAGTGGTGTAATCACC,0,0,0
EOC3_PBMC_cell_TGCGTGGAGCACGCCT,0,0,0
EOC3_PBMC_cell_AAGACCTAGCTCCTCT,0,0,0
EOC3_PBMC_cell_TGCGCAGGTTCGGCAC,0,0,0
EOC3_PBMC_cell_AACTTTCCACACTGCG,0,0,0
EOC3_PBMC_cell_CTCTGGTGTTTGGGCC,0,0,0
EOC3_PBMC_cell_GTCACAATCTGTTTGT,0,0,0
EOC3_PBMC_cell_CAGAGAGGTCGAGTTT,0,0,0
EOC3_PBMC_cell_AACTCAGTCTGGAGCC,0,0,0
EOC3_PBMC_cell_TATCAGGGTATTACCG,0,0,0
EOC3_PBMC_cell_TGGCTGGAGGCCCGTT,0,0,0
EOC3_PBMC_cell_TTGAACGAGCCGTCGT,0,0,0
EOC3_PBMC_cell_GACTAACAGATCACGG,0,0,0
EOC3_PBMC_cell_AACACGTTCTGTTTGT,0,0,0
EOC3_PBMC_cell_ATTCTACAGACCTTTG,0,0,0
EOC3_PBMC_cell_CTTGGCTAGGAGTTTA,0,0,0
EOC3_PBMC_cell_GAAATGAAGAGCCCAA,0,0,0
EOC3_PBMC_cell_CATTATCCATAGACTC,0,0,0
EOC3_PBMC_cell_GCGCCAAAGTCCAGGA,0,0,0
EOC3_PBMC_cell_GAGTCCGTCAGGCGAA,0,0,0
EOC3_PBMC_cell_GTACTCCAGGTCGGAT,0,0,0
EOC3_PBMC_cell_GTCACAAGTTGTGGAG,0,0,0
EOC3_PBMC_cell_TAAGAGATCAGTGTTG,0,0,0
EOC3_PBMC_cell_CCTTCGAAGAACTGTA,0,0,0
EOC3_PBMC_cell_CACATTTCATGTCCTC,0,0,0
EOC3_PBMC_cell_GTATTCTAGGCCGAAT,0,0,0
EOC3_PBMC_cell_GAACATCCACGTCAGC,0,0,0
EOC3_PBMC_cell_GCTGGGTTCACAGTAC,0,0,0
EOC3_PBMC_cell_CTGTTTAGTCATGCCG,0,0,0
EOC3_PBMC_cell_GTTCTCGCATTCACTT,0,0,0
EOC3_PBMC_cell_ACTGAACGTCTCTTTA,0,0,0
EOC3_PBMC_cell_CATGGCGTCTACCTGC,0,0,0
EOC3_PBMC_cell_AGCTCTCGTACATGTC,0,0,0
EOC3_PBMC_cell_TATCTCAAGAACAATC,0,0,0
EOC3_PBMC_cell_AAGGTTCTCATATCGG,0,0,0
EOC3_PBMC_cell_CTGTTTAGTGTCTGAT,0,0,0
EOC3_PBMC_cell_ACGGAGAAGTGATCGG,0,0,0
EOC3_PBMC_cell_GCTCCTAAGTATCTCG,0,0,0
EOC3_PBMC_cell_GATGAGGGTACGAAAT,0,0,0
EOC3_PBMC_cell_GTAGGCCAGGCAATTA,0,0,0
EOC3_PBMC_cell_CATCAGAAGGAGTACC,0,0,0
EOC3_PBMC_cell_CGAGCCACAGTAAGCG,0,0,0
EOC3_PBMC_cell_ACTATCTTCAGAGGTG,0,0,0
EOC3_PBMC_cell_ACCCACTTCAGCTCGG,0,0,0
EOC3_PBMC_cell_TATTACCAGTATGACA,0,0,0
EOC3_PBMC_cell_TCATTACCACTGCCAG,0,0,0
EOC3_PBMC_cell_TTTGCGCCAATGTTGC,0,0,0
EOC3_PBMC_cell_GTGCAGCGTTCACGGC,0,0,0
EOC3_PBMC_cell_GCTGCTTGTTTGACTG,0,0,0
EOC3_PBMC_cell_GACGTGCCAGGCAGTA,0,0,0
EOC3_PBMC_cell_CACCTTGAGTGAAGTT,0,0,0
EOC3_PBMC_cell_GCGCGATCAAACGCGA,0,0,0
EOC3_PBMC_cell_CCTACCAGTTCCCTTG,0,0,0
EOC3_PBMC_cell_CATGGCGAGTCAATAG,0,0,0
EOC3_PBMC_cell_GGGAATGTCAATCTCT,0,0,0
EOC3_PBMC_cell_CTCGAAACACATGACT,0,0,0
EOC3_PBMC_cell_GTTACAGGTCCAACTA,0,0,0
EOC3_PBMC_cell_TTGACTTTCAGCACAT,0,0,0
EOC3_PBMC_cell_ACTGAACCATGCCTAA,0,0,0
EOC3_PBMC_cell_TGCGTGGAGAGCCTAG,0,0,0
EOC3_PBMC_cell_GTCCTCATCAGGCAAG,0,0,0
EOC3_PBMC_cell_ACTATCTAGTAAGTAC,0,0,0
EOC3_PBMC_cell_GTCTTCGAGTTGTAGA,0,0,0
EOC3_PBMC_cell_GTGCAGCAGGCCGAAT,0,0,0
EOC3_PBMC_cell_GGGAGATCAGCATACT,0,0,0
EOC3_PBMC_cell_CATCCACCACGGTTTA,0,0,0
EOC3_PBMC_cell_CTCTAATCATATACGC,0,0,0
EOC3_PBMC_cell_ACCCACTGTACGCACC,0,0,0
EOC3_PBMC_cell_CTCGAAAAGGACTGGT,0,0,0
EOC3_PBMC_cell_CGTCAGGAGTTTGCGT,0,0,0
EOC3_PBMC_cell_ACGCCGACAATACGCT,0,0,0
EOC3_PBMC_cell_ACGATGTAGAAGGTTT,0,0,0
EOC3_PBMC_cell_CTGCTGTAGTTGAGTA,0,0,0
EOC3_PBMC_cell_AGCGTATTCACGATGT,0,0,0
EOC3_PBMC_cell_CAGAGAGTCGAATGGG,0,0,0
EOC3_PBMC_cell_AGCTTGAGTCGACTAT,0,0,0
EOC3_PBMC_cell_AGCCTAATCTACTATC,0,0,0
EOC3_PBMC_cell_GCGCAGTTCTGTTTGT,0,0,0
EOC3_PBMC_cell_CTCTGGTTCTCCTATA,0,0,0
EOC3_PBMC_cell_CAAGAAAAGGCGCTCT,0,0,0
EOC3_PBMC_cell_TCGAGGCGTTGGTAAA,0,0,0
EOC3_PBMC_cell_ACGCCAGCAAGCCCAC,0,0,0
EOC3_PBMC_cell_CCTTCGAGTGAGTGAC,0,0,0
EOC3_PBMC_cell_CGATCGGCAATAGCAA,0,0,0
EOC3_PBMC_cell_ACGGGCTCATACGCCG,0,0,0
EOC3_PBMC_cell_CTCATTATCTGGTGTA,0,0,0
EOC3_PBMC_cell_TAGTTGGTCGGGAGTA,0,0,0
EOC3_PBMC_cell_GCATGCGGTGCACGAA,0,0,0
EOC3_PBMC_cell_ACGCCAGCATGTTCCC,0,0,0
EOC3_PBMC_cell_GAATAAGCAGCATACT,0,0,0
EOC3_PBMC_cell_TTAGTTCCACTTCTGC,0,0,0
EOC3_PBMC_cell_CTACCCAAGAATTCCC,0,0,0
EOC3_PBMC_cell_AATCGGTCACAGTCGC,0,0,0
EOC3_PBMC_cell_CCTTTCTGTAGGGACT,0,0,0
EOC3_PBMC_cell_AACACGTTCCCACTTG,0,0,0
EOC3_PBMC_cell_CATCGAACAGCCTATA,0,0,0
EOC3_PBMC_cell_CCATTCGCAAGTTAAG,0,0,0
EOC3_PBMC_cell_AGGCCGTCAGCATGAG,0,0,0
EOC3_PBMC_cell_AGCTCTCTCTGGGCCA,0,0,0
EOC3_PBMC_cell_TGCCAAACATGCCCGA,0,0,0
EOC3_PBMC_cell_AAAGTAGAGTCAAGGC,0,0,0
EOC3_PBMC_cell_CAACCAAGTGAGGCTA,0,0,0
EOC3_PBMC_cell_CGGACACCACTGTCGG,0,0,0
EOC3_PBMC_cell_TGAGGGAAGCTAGGCA,0,0,0
EOC3_PBMC_cell_GTCGTAATCATACGGT,0,0,0
EOC3_PBMC_cell_CACCTTGAGGCGCTCT,0,0,0
EOC3_PBMC_cell_CATGACAAGGAGTCTG,0,0,0
EOC3_PBMC_cell_GTTCTCGCACTAAGTC,0,0,0
EOC3_PBMC_cell_AGGTCATCAGTCAGAG,0,0,0
EOC3_PBMC_cell_ACGATACTCGAACTGT,0,0,0
EOC3_PBMC_cell_GTGCTTCGTAGCCTCG,0,0,0
EOC3_PBMC_cell_GCTGCGATCCTCCTAG,0,0,0
EOC3_PBMC_cell_AGTCTTTGTGAAAGAG,0,0,0
EOC3_PBMC_cell_CGGGTCAGTTCAACCA,0,0,0
EOC3_PBMC_cell_ACGGCCAGTACAAGTA,0,0,0
EOC3_PBMC_cell_TTAGGCATCTTCGAGA,0,0,0
EOC3_PBMC_cell_CGTTGGGAGGGATGGG,0,0,0
EOC3_PBMC_cell_GCTTCCAGTGGCCCTA,0,0,0
EOC3_PBMC_cell_CTACACCTCCAGAGGA,0,0,0
EOC3_PBMC_cell_AAGGAGCCAGCTGCTG,0,0,0
EOC3_PBMC_cell_GCATGTAAGTGCCATT,0,0,0
EOC3_PBMC_cell_GGAATAACACGAGGTA,0,0,0
EOC3_PBMC_cell_ACATACGTCCGTTGCT,0,0,0
EOC3_PBMC_cell_TACTTGTTCGTCTGCT,0,0,0
EOC3_PBMC_cell_TCAGGTAAGGGCTTGA,0,0,0
EOC3_PBMC_cell_CGCGTTTCAGCTCGCA,0,0,0
EOC3_PBMC_cell_ATTGGTGCAATGGATA,0,0,0
EOC3_PBMC_cell_AGTTGGTAGACGCTTT,0,0,0
EOC3_PBMC_cell_CACAAACGTAGCGCAA,0,0,0
EOC3_PBMC_cell_GCGGGTTTCTTGAGAC,0,0,0
EOC3_PBMC_cell_GAACATCCACAGACAG,0,0,0
EOC3_PBMC_cell_GGACGTCTCAGAGACG,0,0,0
EOC3_PBMC_cell_TCGGGACAGGGAGTAA,0,0,0
EOC3_PBMC_cell_GCGACCATCCAAGCCG,0,0,0
EOC3_PBMC_cell_CCGGTAGCACAGAGGT,0,0,0
EOC3_PBMC_cell_GTCGTAACAATAAGCA,0,0,0
EOC3_PBMC_cell_CGCGTTTTCCACGTGG,0,0,0
EOC3_PBMC_cell_GGAGCAACAGATCTGT,0,0,0
EOC3_PBMC_cell_TGCGTGGAGGCCATAG,0,0,0
EOC3_PBMC_cell_CCTAAAGCATACTCTT,0,0,0
EOC3_PBMC_cell_AGTCTTTAGCCGGTAA,0,0,0
EOC3_PBMC_cell_CGAGCCAGTCTCACCT,0,0,0
EOC3_PBMC_cell_CTTCTCTCACGGATAG,0,0,0
EOC3_PBMC_cell_CCGTACTTCGAACGGA,0,0,0
EOC3_PBMC_cell_CTCGTACTCTAACTTC,0,0,0
EOC3_PBMC_cell_GCGCAGTGTGTGACCC,0,0,0
EOC3_PBMC_cell_TGCGTGGCATTTCACT,0,0,0
EOC3_PBMC_cell_CGATGTAAGAAGGTGA,0,0,0
EOC3_PBMC_cell_AGGCCGTTCTTTAGGG,0,0,0
EOC3_PBMC_cell_CTACCCACAAGCGAGT,0,0,0
EOC3_PBMC_cell_AAGGTTCTCGCCTGAG,0,0,0
EOC3_PBMC_cell_TCCCGATCACCGAATT,0,0,0
EOC3_PBMC_cell_TGCGTGGCACCAGCAC,0,0,0
EOC3_PBMC_cell_CCGTTCAAGATGTGTA,0,0,0
EOC3_PBMC_cell_GCTCTGTGTCAGTGGA,0,0,0
EOC3_PBMC_cell_AACTCTTTCTTTACGT,0,0,0
EOC3_PBMC_cell_ACGGAGACACCCAGTG,0,0,0
EOC3_PBMC_cell_TCAGGTACATAGACTC,0,0,0
EOC3_PBMC_cell_AGCGTATGTTCCACAA,0,0,0
EOC3_PBMC_cell_TAGGCATGTGATAAGT,0,0,0
EOC3_PBMC_cell_ACTTACTTCACTCCTG,0,0,0
EOC3_PBMC_cell_CATCAGATCAAACGGG,0,0,0
EOC3_PBMC_cell_GTCAAGTTCTTAGAGC,0,0,0
EOC3_PBMC_cell_TCGAGGCTCGGCTACG,0,0,0
EOC3_PBMC_cell_ACCGTAATCTGAGGGA,0,0,0
EOC3_PBMC_cell_TACTCGCCACTCTGTC,0,0,0
EOC3_PBMC_cell_TAGGCATGTCCAAGTT,0,0,0
EOC3_PBMC_cell_TTGAACGTCAACACTG,0,0,0
EOC3_PBMC_cell_TGTGTTTCATCACGAT,0,0,0
EOC3_PBMC_cell_ACTTGTTGTCGCTTCT,0,0,0
EOC3_PBMC_cell_TAGAGCTCAGCCTTTC,0,0,0
EOC3_PBMC_cell_TCGTAGAAGTTCGATC,0,0,0
EOC3_PBMC_cell_GCGCCAATCCCAAGTA,0,0,0
EOC3_PBMC_cell_AGTCTTTCAAACCCAT,0,0,0
EOC3_PBMC_cell_TCAGATGCAATGAATG,0,0,0
EOC3_PBMC_cell_TACTCATGTACTCGCG,0,0,0
EOC3_PBMC_cell_AAGTCTGGTTCGGCAC,0,0,0
EOC3_PBMC_cell_GCGAGAATCTTTACAC,0,0,0
EOC3_PBMC_cell_CACTCCACAGTTAACC,0,0,0
EOC3_PBMC_cell_ATAGACCAGAAACGAG,0,0,0
EOC3_PBMC_cell_GGTGAAGTCTCTTATG,0,0,0
EOC3_PBMC_cell_AGGGAGTAGGAGTCTG,0,0,0
EOC3_PBMC_cell_CGGAGTCAGCGATCCC,0,0,0
EOC3_PBMC_cell_CACACCTGTTTAAGCC,0,0,0
EOC3_PBMC_cell_CTCGAAAAGGATTCGG,0,0,0
EOC3_PBMC_cell_TCAATCTCAGGATTGG,0,0,0
EOC3_PBMC_cell_ACATACGAGCACCGCT,0,0,0
EOC3_PBMC_cell_ATCCGAACACGTCAGC,0,0,0
EOC3_PBMC_cell_AGCGTCGGTCTGCGGT,0,0,0
EOC3_PBMC_cell_TCGAGGCGTATAAACG,0,0,0
EOC3_PBMC_cell_CGGAGCTGTTATCACG,0,0,0
EOC3_PBMC_cell_CCTACACAGTGTACCT,0,0,0
EOC3_PBMC_cell_ATAACGCCAACACGCC,0,0,0
EOC3_PBMC_cell_AGCATACAGCCAGTAG,0,0,0
EOC3_PBMC_cell_CACAAACTCACAAACC,0,0,0
EOC3_PBMC_cell_ACGCCGACAACTGGCC,0,0,0
EOC3_PBMC_cell_TTAACTCAGGGATCTG,0,0,0
EOC3_PBMC_cell_ACTGATGTCCACGTGG,0,0,0
EOC3_PBMC_cell_AGGGTGAAGTGAATTG,0,0,0
EOC3_PBMC_cell_CAAGTTGTCCTAGAAC,0,0,0
EOC3_PBMC_cell_GGAATAAAGAAACGAG,0,0,0
EOC3_PBMC_cell_TAGGCATTCCTATGTT,0,0,0
EOC3_PBMC_cell_GACACGCTCACCTCGT,0,0,0
EOC3_PBMC_cell_GACTAACTCCAAGCCG,0,0,0
EOC3_PBMC_cell_GTACTTTTCAGTACGT,0,0,0
EOC3_PBMC_cell_CTAGTGAGTAAGAGAG,0,0,0
EOC3_PBMC_cell_AGATTGCCACATCCGG,0,0,0
EOC3_PBMC_cell_TTGTAGGCATATACCG,0,0,0
EOC3_PBMC_cell_GATCTAGAGATGCGAC,0,0,0
EOC3_PBMC_cell_AAACCTGTCACTCTTA,0,0,0
EOC3_PBMC_cell_CGATGGCTCAGCATGT,0,0,0
EOC3_PBMC_cell_TAAGCGTAGACGCAAC,0,0,0
EOC3_PBMC_cell_CGTGAGCAGGAGTTTA,0,0,0
EOC3_PBMC_cell_GTTCTCGTCAACCAAC,0,0,0
EOC3_PBMC_cell_GTAACTGTCATCGGAT,0,0,0
EOC3_PBMC_cell_TTCTCAAAGTTTGCGT,0,0,0
EOC3_PBMC_cell_AACCGCGAGCGATTCT,0,0,0
EOC3_PBMC_cell_GGTGAAGAGTGACATA,0,0,0
EOC3_PBMC_cell_TGGACGCCATCCAACA,0,0,0
EOC3_PBMC_cell_GTCGTAAGTTAAGTAG,0,0,0
EOC3_PBMC_cell_TCATTACAGTCGTACT,0,0,0
EOC3_PBMC_cell_GAGTCCGCATATGCTG,0,0,0
EOC3_PBMC_cell_ACGATACCAGTCAGCC,0,0,0
EOC3_PBMC_cell_CGATTGATCGTCACGG,0,0,0
EOC3_PBMC_cell_TGGTTCCCAAGTTAAG,0,0,0
EOC3_PBMC_cell_ACGCCAGAGTATTGGA,0,0,0
EOC3_PBMC_cell_TTCTACAGTTCTCATT,0,0,0
EOC3_PBMC_cell_TCAGGATGTAGCACGA,0,0,0
EOC3_PBMC_cell_TCGAGGCCATTAACCG,0,0,0
EOC3_PBMC_cell_AGCATACGTCTCAACA,0,0,0
EOC3_PBMC_cell_TACGGGCTCAGTCAGT,0,0,0
EOC3_PBMC_cell_AAACCTGTCAGGTAAA,0,0,0
EOC3_PBMC_cell_TAAGCGTGTAAATACG,0,0,0
EOC3_PBMC_cell_ACACCCTGTTGCCTCT,0,0,0
EOC3_PBMC_cell_TTCTCAACAAACCTAC,0,0,0
EOC3_PBMC_cell_GTCTCGTCATGGATGG,0,0,0
EOC3_PBMC_cell_GCCAAATCACTTGGAT,0,0,0
EOC3_PBMC_cell_GTAACGTAGGAGTTGC,0,0,0
EOC3_PBMC_cell_ACTTACTAGTGTTAGA,0,0,0
EOC3_PBMC_cell_ACAGCCGAGCTTATCG,0,0,0
EOC3_PBMC_cell_TACCTATGTCTAGGTT,0,0,0
EOC3_PBMC_cell_GATGAGGAGTGCCAGA,0,0,0
EOC3_PBMC_cell_AGTCTTTAGTGGGATC,0,0,0
EOC3_PBMC_cell_AGTGAGGGTAGCTGCC,0,0,0
EOC3_PBMC_cell_ATTTCTGTCAAGATCC,0,0,0
EOC3_PBMC_cell_ATTGGTGCACCAGTTA,0,0,0
EOC3_PBMC_cell_TCAACGAGTTGCGCAC,0,0,0
EOC3_PBMC_cell_AGATCTGGTTAGATGA,0,0,0
EOC3_PBMC_cell_ACATGGTAGTGGAGAA,0,0,0
EOC3_PBMC_cell_TGCGTGGAGTTATCGC,0,0,0
EOC3_PBMC_cell_ACACCGGGTGCGCTTG,0,0,0
EOC3_PBMC_cell_TCTGGAATCTGTACGA,0,0,0
EOC3_PBMC_cell_AGATCTGCAAGCCATT,0,0,0
EOC3_PBMC_cell_TGACTTTCAAAGTCAA,0,0,0
EOC3_PBMC_cell_CACAGGCCACCATCCT,0,0,0
EOC3_PBMC_cell_CGGAGTCAGGAGCGTT,0,0,0
EOC3_PBMC_cell_CGCGGTACATCGGACC,0,0,0
EOC3_PBMC_cell_TGAGCATCATTTGCCC,0,0,0
EOC3_PBMC_cell_CCCTCCTCAGTTCCCT,0,0,0
EOC3_PBMC_cell_TAAACCGGTCGCTTCT,0,0,0
EOC3_PBMC_cell_AAGGAGCCATCGGAAG,0,0,0
EOC3_PBMC_cell_GCTCCTAAGGCTAGCA,0,0,0
EOC3_PBMC_cell_CGTTAGAAGCTACCGC,0,0,0
EOC3_PBMC_cell_ACCGTAAGTTCGCTAA,0,0,0
EOC3_PBMC_cell_CGGAGCTGTTGAACTC,0,0,0
EOC3_PBMC_cell_GACGCGTGTGATGATA,0,0,0
EOC3_PBMC_cell_TGCGTGGGTAAACGCG,0,0,0
EOC3_PBMC_cell_TTGACTTTCACAATGC,0,0,0
EOC3_PBMC_cell_TTGGAACAGTACGCGA,0,0,0
EOC3_PBMC_cell_GGGCATCTCACCCGAG,0,0,0
EOC3_PBMC_cell_AAGCCGCAGACACTAA,0,0,0
EOC3_PBMC_cell_GACGTGCGTGCGCTTG,0,0,0
EOC3_PBMC_cell_CTAGAGTGTCCCGACA,0,0,0
EOC3_PBMC_cell_CGGACGTGTGACGCCT,0,0,0
EOC3_PBMC_cell_GTCGTAAGTACGAAAT,0,0,0
EOC3_PBMC_cell_GTGGGTCCAAGTCATC,0,0,0
EOC3_PBMC_cell_TTCCCAGTCCGCTGTT,0,0,0
EOC3_PBMC_cell_GTACGTAAGGTAGCTG,0,0,0
EOC3_PBMC_cell_GACTACATCTCATTCA,0,0,0
EOC3_PBMC_cell_CCCAATCCATGGTCAT,0,0,0
EOC3_PBMC_cell_GCGAGAAGTGCCTGGT,0,0,0
EOC3_PBMC_cell_CTCATTAGTTCAGACT,0,0,0
EOC3_PBMC_cell_GGTATTGTCGGAAACG,0,0,0
EOC3_PBMC_cell_ATGCGATAGGCGCTCT,0,0,0
EOC3_PBMC_cell_ATTGGACGTCTCGTTC,0,0,0
EOC3_PBMC_cell_GGAACTTGTCGAGTTT,0,0,0
EOC3_PBMC_cell_AAATGCCAGTAGCCGA,0,0,0
EOC3_PBMC_cell_GTCGGGTCACGGTAGA,0,0,0
EOC3_PBMC_cell_CTCCTAGCAGTCAGCC,0,0,0
EOC3_PBMC_cell_AAAGCAATCTGATTCT,0,0,0
EOC3_PBMC_cell_CACAGGCCATGTCGAT,0,0,0
EOC3_PBMC_cell_CGAATGTAGAATTCCC,0,0,0
EOC3_PBMC_cell_CGAATGTCAAGCCTAT,0,0,0
EOC3_PBMC_cell_CATGCCTAGCTAAGAT,0,0,0
EOC3_PBMC_cell_ATGTGTGTCACAGTAC,0,0,0
EOC3_PBMC_cell_GTCACAACAGGGATTG,0,0,0
EOC3_PBMC_cell_GTCAAGTGTTTAGGAA,0,0,0
EOC3_PBMC_cell_TTGAACGGTATATCCG,0,0,0
EOC3_PBMC_cell_TCTATTGTCTCCGGTT,0,0,0
EOC3_PBMC_cell_TATTACCGTCTAGTGT,0,0,0
EOC3_PBMC_cell_ATTGGTGTCTTTAGTC,0,0,0
EOC3_PBMC_cell_CAACCTCCATGCTGGC,0,0,0
EOC3_PBMC_cell_CTAGAGTTCTTTACGT,0,0,0
EOC3_PBMC_cell_AGGCCGTTCTCGGACG,0,0,0
EOC3_PBMC_cell_TGGCTGGCAAGCCTAT,0,0,0
EOC3_PBMC_cell_GATCGATAGCTCAACT,0,0,0
EOC3_PBMC_cell_CCTTTCTAGTACCGGA,0,0,0
EOC3_PBMC_cell_TACGGTAGTCCTCCAT,0,0,0
EOC3_PBMC_cell_AAGTCTGTCACCCTCA,0,0,0
EOC3_PBMC_cell_TTTACTGGTCGCATCG,0,0,1
EOC3_PBMC_cell_ATCCACCAGGTTCCTA,0,0,0
EOC3_PBMC_cell_CACACTCTCGATAGAA,0,0,0
EOC3_PBMC_cell_GATCGTAGTAGAGGAA,0,0,0
EOC3_PBMC_cell_CATCAAGAGTTTGCGT,0,0,0
EOC3_PBMC_cell_CACATAGTCAACGGCC,0,0,0
EOC3_PBMC_cell_ACGGGCTTCCGTTGCT,0,0,0
EOC3_PBMC_cell_CTCTACGAGCGTTTAC,0,0,0
EOC3_PBMC_cell_ACGATGTAGAGGACGG,0,0,0
EOC3_PBMC_cell_AAGGAGCGTAGCTCCG,0,0,0
EOC3_PBMC_cell_AACGTTGAGTGAATTG,0,0,0
EOC3_PBMC_cell_TTAACTCGTTATCCGA,0,0,0
EOC3_PBMC_cell_ACACCCTGTCTTGCGG,0,0,0
EOC3_PBMC_cell_CAGTAACAGCTTCGCG,0,0,0
EOC3_PBMC_cell_GTTCTCGAGTTAGGTA,0,0,0
EOC3_PBMC_cell_GTGCGGTCAACCGCCA,0,0,0
EOC3_PBMC_cell_AAGACCTCAGATGAGC,0,0,0
EOC3_PBMC_cell_CGTAGGCCAGGTTTCA,0,0,0
EOC3_PBMC_cell_TCAGATGTCACAGTAC,0,0,0
EOC3_PBMC_cell_CGATCGGTCTATCCTA,0,0,0
EOC3_PBMC_cell_AGCTCTCGTATCACCA,0,0,0
EOC3_PBMC_cell_CGTCCATCAGATGGGT,0,0,0
EOC3_PBMC_cell_TTTGGTTGTTGTGGCC,0,0,0
EOC3_PBMC_cell_CGTCACTAGGTGCAAC,0,0,0
EOC3_PBMC_cell_ATGTGTGCAAAGCGGT,0,0,0
EOC3_PBMC_cell_CATTATCAGATCCCGC,0,0,0
EOC3_PBMC_cell_TCAGCAAGTCACTTCC,0,0,0
EOC3_PBMC_cell_CTCGGGACACGGTTTA,0,0,0
EOC3_PBMC_cell_GTCACAACACATCTTT,0,0,0
EOC3_PBMC_cell_GCAAACTGTAGGAGTC,0,0,0
EOC3_PBMC_cell_CCACTACCAAGTACCT,0,0,0
EOC3_PBMC_cell_ACATCAGGTCTTCAAG,0,0,0
EOC3_PBMC_cell_GGCGACTAGACTACAA,0,0,0
EOC3_PBMC_cell_CCGGGATAGACAAGCC,0,0,0
EOC3_PBMC_cell_AACTCAGCAGGATCGA,0,0,0
EOC3_PBMC_cell_GTCACAAGTCAGGACA,0,0,0
EOC3_PBMC_cell_GCGAGAAAGAGGGCTT,0,0,0
EOC3_PBMC_cell_GTACTTTTCAATACCG,0,0,0
EOC3_PBMC_cell_ATGAGGGTCTGCGTAA,0,0,0
EOC3_PBMC_cell_TGATTTCAGCTCCTTC,0,0,0
EOC3_PBMC_cell_TCTGGAATCGACCAGC,0,0,0
EOC3_PBMC_cell_GAAATGAGTCTCTCTG,0,0,0
EOC3_PBMC_cell_AGGTCCGGTGTCAATC,0,0,0
EOC3_PBMC_cell_AGCGTATGTTCTCATT,0,0,0
EOC3_PBMC_cell_GCTCTGTAGCCACGCT,0,0,0
EOC3_PBMC_cell_AAACCTGAGACACTAA,0,0,0
EOC3_PBMC_cell_CTTGGCTTCGGTCTAA,0,0,0
EOC3_PBMC_cell_CTACGTCTCGTAGATC,0,0,0
EOC3_PBMC_cell_AACTCAGCAAGCGCTC,0,0,0
EOC3_PBMC_cell_GTTCATTTCACTTACT,0,0,0
EOC3_PBMC_cell_GCATACATCGCTTGTC,0,0,0
EOC3_PBMC_cell_GGATTACCAGACGCCT,0,0,0
EOC3_PBMC_cell_TGGTTCCTCCACTGGG,0,0,0
EOC3_PBMC_cell_TGACTAGGTTATCCGA,0,0,0
EOC3_PBMC_cell_ATCTGCCTCCTAGAAC,0,0,0
EOC3_PBMC_cell_GGAATAACACCACCAG,0,0,0
EOC3_PBMC_cell_GTGCATACAGTATAAG,0,0,0
EOC3_PBMC_cell_GAATAAGAGTACGCCC,0,0,0
EOC3_PBMC_cell_CAGCGACAGATGTGGC,0,0,0
EOC3_PBMC_cell_CACAGGCCAAGCCGTC,0,0,0
EOC3_PBMC_cell_TGAGGGAAGGGAACGG,0,0,0
EOC3_PBMC_cell_GGAAAGCGTAGCGCAA,0,0,0
EOC3_PBMC_cell_CTAATGGCACATCCAA,0,0,0
EOC3_PBMC_cell_TTCTTAGGTAAATGTG,0,0,0
EOC3_PBMC_cell_CACAGTAGTCGAACAG,0,0,0
EOC3_PBMC_cell_ACACCGGGTCTTGATG,0,0,0
EOC3_PBMC_cell_CGTGTAACATCGGTTA,0,0,0
EOC3_PBMC_cell_AATCCAGAGCGATCCC,0,0,0
EOC3_PBMC_cell_TGTCCCAAGATATGCA,0,0,0
EOC3_PBMC_cell_GTACGTAGTTGCTCCT,0,0,0
EOC3_PBMC_cell_CGCTTCATCGACAGCC,0,0,0
EOC3_PBMC_cell_GACTACAGTGAAATCA,0,0,0
EOC3_PBMC_cell_GATCGATCACCGCTAG,0,0,0
EOC3_PBMC_cell_CAAGAAACAGCCAATT,0,0,0
EOC3_PBMC_cell_GTCACAATCTCTAAGG,0,0,0
EOC3_PBMC_cell_TAGTTGGGTGTAATGA,0,0,0
EOC3_PBMC_cell_TCCACACGTACTCGCG,0,0,0
EOC3_PBMC_cell_AAAGCAATCCTTTACA,0,0,0
EOC3_PBMC_cell_AGCGTATCAAGCGTAG,0,0,0
EOC3_PBMC_cell_GGGAGATCAATGCCAT,0,0,0
EOC3_PBMC_cell_CTGCTGTAGCGTGTCC,0,0,0
EOC3_PBMC_cell_AGGGATGAGTATCGAA,0,0,0
EOC3_PBMC_cell_TAAGTGCGTACCGCTG,0,0,0
EOC3_PBMC_cell_CACACCTCATGTAGTC,0,0,0
EOC3_PBMC_cell_GATCGATGTCATCCCT,0,0,0
EOC3_PBMC_cell_TCGAGGCGTCATATGC,0,0,0
EOC3_PBMC_cell_ACATCAGCAAGACACG,0,0,0
EOC3_PBMC_cell_CAGCTGGAGCCATCGC,0,0,0
EOC3_PBMC_cell_TACCTTAGTGGTACAG,0,0,0
EOC3_PBMC_cell_CGATTGAGTCGAATCT,0,0,0
EOC3_PBMC_cell_GGGTTGCTCGCATGAT,0,0,0
EOC3_PBMC_cell_ACATGGTCATATGAGA,0,0,0
EOC3_PBMC_cell_TCGCGAGTCACGCGGT,0,0,0
EOC3_PBMC_cell_CACAAACTCAGTTGAC,0,0,0
EOC3_PBMC_cell_AGAGCGATCCTTCAAT,0,0,0
EOC3_PBMC_cell_CGCCAAGAGGCAGTCA,0,0,0
EOC3_PBMC_cell_CTGCGGACACCGCTAG,0,0,0
EOC3_PBMC_cell_CCTTTCTCAAAGCAAT,0,0,0
EOC3_PBMC_cell_CGGTTAATCGAGAACG,0,0,0
EOC3_PBMC_cell_GTATTCTGTGACGGTA,0,0,0
EOC3_PBMC_cell_TATGCCCAGATCCCGC,0,0,0
EOC3_PBMC_cell_TGTCCCAGTACCGAGA,0,0,0
EOC3_PBMC_cell_TCAACGACACGGCGTT,0,0,0
EOC3_PBMC_cell_CTACGTCCACGAGAGT,0,0,0
EOC3_PBMC_cell_CTCTGGTGTCAGAGGT,0,0,0
EOC3_PBMC_cell_ACATCAGGTGCAACGA,0,0,0
EOC3_PBMC_cell_GTCACAACAGCGTAAG,0,0,0
EOC3_PBMC_cell_TGCGTGGCACTTAAGC,0,0,0
EOC3_PBMC_cell_TCAGATGTCCTCCTAG,0,0,0
EOC3_PBMC_cell_GTACTCCTCTGATTCT,0,0,0
EOC3_PBMC_cell_ACCAGTAAGTATTGGA,0,0,0
EOC3_PBMC_cell_CACAGTATCGTGGGAA,0,0,0
EOC3_PBMC_cell_CTCGAGGCAGCAGTTT,0,0,0
EOC3_PBMC_cell_GCGAGAAAGCGTGAAC,0,0,0
EOC3_PBMC_cell_TCGCGTTTCCAGGGCT,0,0,0
EOC3_PBMC_cell_GGTGAAGAGGCTATCT,0,0,0
EOC3_PBMC_cell_CTTTGCGCATGCCCGA,0,0,0
EOC3_PBMC_cell_ATGCGATGTTCCACTC,0,0,0
EOC3_PBMC_cell_TTCTTAGTCGCGGATC,0,0,0
EOC3_PBMC_cell_CTACACCCATCCGCGA,0,0,0
EOC3_PBMC_cell_AGATCTGGTAGCTCCG,0,0,0
EOC3_PBMC_cell_GCTTGAACATCGATTG,0,0,0
EOC3_PBMC_cell_CGGTTAACAAAGCAAT,0,0,1
EOC3_PBMC_cell_GACTGCGAGGATATAC,0,0,0
EOC3_PBMC_cell_AGCTTGAGTAGTAGTA,0,0,0
EOC3_PBMC_cell_AACACGTCAAGTTCTG,0,0,0
EOC3_PBMC_cell_GTTAAGCGTGATGCCC,0,0,0
EOC3_PBMC_cell_GGCTCGACACACGCTG,0,0,0
EOC3_PBMC_cell_ACACTGACAAATACAG,0,0,0
EOC3_PBMC_cell_AGAGCTTCACCTTGTC,0,0,0
EOC3_PBMC_cell_TGAGCATGTGACTCAT,0,0,0
EOC3_PBMC_cell_GCAATCAAGCCCAATT,0,0,0
EOC3_PBMC_cell_GACTAACCAGAGTGTG,0,0,0
EOC3_PBMC_cell_CATCCACAGGCACATG,0,0,0
EOC3_PBMC_cell_GACAGAGTCGGAAACG,0,0,0
EOC3_PBMC_cell_GAAGCAGCAAGGTTTC,0,0,0
EOC3_PBMC_cell_CTGATCCAGACCTTTG,0,0,0
EOC3_PBMC_cell_TATCTCATCCAAATGC,0,0,0
EOC3_PBMC_cell_ACGTCAATCGCGTTTC,0,0,0
EOC3_PBMC_cell_AGAGTGGGTTCTGAAC,0,0,0
EOC3_PBMC_cell_GTATCTTTCACCTTAT,0,0,0
EOC3_PBMC_cell_CGCGTTTCACTGAAGG,0,0,0
EOC3_PBMC_cell_TATTACCTCTGATACG,0,0,0
EOC3_PBMC_cell_AACTGGTTCTATCCCG,0,0,0
EOC3_PBMC_cell_ACTATCTGTGGTAACG,0,0,0
EOC3_PBMC_cell_TAAACCGCATCGGACC,0,0,0
EOC3_PBMC_cell_AGCTCTCGTCAAAGAT,0,0,0
EOC3_PBMC_cell_AGGCCGTAGCTTCGCG,0,0,0
EOC3_PBMC_cell_CTAAGACCAGCAGTTT,0,0,0
EOC3_PBMC_cell_AATCGGTAGTGAACGC,0,0,0
EOC3_PBMC_cell_GTGCGGTAGCAGACTG,0,0,0
EOC3_PBMC_cell_TTGCCGTAGGGAACGG,0,0,0
EOC3_PBMC_cell_ATTCTACAGCTAGGCA,0,0,0
EOC3_PBMC_cell_ATGCGATCAATACGCT,0,0,0
EOC3_PBMC_cell_GTGCTTCAGCAGGCTA,0,0,0
EOC3_PBMC_cell_GCAGTTAAGTCCATAC,0,0,0
EOC3_PBMC_cell_GCAGTTATCCGTAGTA,0,0,0
EOC3_PBMC_cell_ATTCTACAGTACGACG,0,0,0
EOC3_PBMC_cell_TGTGGTAGTGTGTGCC,0,0,0
EOC3_PBMC_cell_CACCACTAGAATTCCC,0,0,0
EOC3_PBMC_cell_AGACGTTTCTCGCTTG,0,0,0
EOC3_PBMC_cell_ACATCAGCACCAGATT,0,0,0
EOC3_PBMC_cell_ACGGGCTAGAGCTGCA,0,0,0
EOC3_PBMC_cell_CATCCACGTGACCAAG,0,0,0
EOC3_PBMC_cell_GCACTCTCAAGTAGTA,0,0,0
EOC3_PBMC_cell_AGCTCTCTCAGCATGT,0,0,0
EOC3_PBMC_cell_AGCTCTCGTCTAGGTT,0,0,0
EOC3_PBMC_cell_CCCAATCGTCCAGTTA,0,0,0
EOC3_PBMC_cell_AGAGCTTCAGCTGCAC,0,0,0
EOC3_PBMC_cell_CGATTGAAGACCTTTG,0,0,0
EOC3_PBMC_cell_CCACGGACAGCGTTCG,0,0,0
EOC3_PBMC_cell_GAGCAGATCTTGCAAG,0,0,0
EOC3_PBMC_cell_CGCTATCCATCGGACC,0,0,0
EOC3_PBMC_cell_GTGTTAGAGTTATCGC,0,0,0
EOC3_PBMC_cell_ATCACGATCACTCCTG,0,0,0
EOC3_PBMC_cell_GTCGGGTGTCTCGTTC,0,0,0
EOC3_PBMC_cell_AACTGGTCACCGGAAA,0,0,0
EOC3_PBMC_cell_AGCTCCTCACTGTCGG,0,0,0
EOC3_PBMC_cell_CGGGTCAGTCTTCAAG,0,0,0
EOC3_PBMC_cell_AAGGAGCAGATGCCAG,0,0,0
EOC3_PBMC_cell_TTAGTTCAGATCCGAG,0,0,0
EOC3_PBMC_cell_AGCGTATTCGGATGGA,0,0,0
EOC3_PBMC_cell_TACACGACATGACGGA,0,0,0
EOC3_PBMC_cell_GCAATCATCTAGAGTC,0,0,0
EOC3_PBMC_cell_CAAGATCCAAACCTAC,0,0,0
EOC3_PBMC_cell_ACTTACTGTTACAGAA,0,0,0
EOC3_PBMC_cell_CTAGAGTGTATAGGGC,0,0,0
EOC3_PBMC_cell_AGTAGTCAGACTACAA,0,0,0
EOC3_PBMC_cell_TACTTGTTCTCAACTT,0,0,0
EOC3_PBMC_cell_GCTGCTTCACTTCGAA,0,0,0
EOC3_PBMC_cell_AGGCCACGTGTGCGTC,0,0,0
EOC3_PBMC_cell_ATCTGCCTCCGCAGTG,0,0,0
EOC3_PBMC_cell_GCTGCAGAGATCCTGT,0,0,0
EOC3_PBMC_cell_GACAGAGCAAGTCTAC,0,0,0
EOC3_PBMC_cell_GGTATTGTCGAATGCT,0,0,0
EOC3_PBMC_cell_AGTGGGAGTACGCACC,0,0,0
EOC3_PBMC_cell_TCAACGAAGTTTGCGT,0,0,0
EOC3_PBMC_cell_ATGAGGGTCTGGAGCC,0,0,0
EOC3_PBMC_cell_TAAACCGCACCTCGGA,0,0,0
EOC3_PBMC_cell_TCTCATAAGCCCAGCT,0,0,0
EOC3_PBMC_cell_GTTCATTCACCAACCG,0,0,0
EOC3_PBMC_cell_CGTCAGGTCGCGATCG,0,0,0
EOC3_PBMC_cell_TCGGGACAGAGTAATC,0,0,0
EOC3_PBMC_cell_GCACTCTGTCCGTTAA,0,0,0
EOC3_PBMC_cell_AAGACCTCATCCTAGA,0,0,0
EOC3_PBMC_cell_GTTCGGGAGACACTAA,0,0,0
EOC3_PBMC_cell_CGTCACTCACAGAGGT,0,0,0
EOC3_PBMC_cell_ATTGGTGTCAAAGTAG,0,0,0
EOC3_PBMC_cell_GCAAACTGTACCAGTT,0,0,0
EOC3_PBMC_cell_CTGCCTACACATTAGC,0,0,0
EOC3_PBMC_cell_TCAACGAAGTGCCATT,0,0,0
EOC3_PBMC_cell_ATTACTCAGATCTGAA,0,0,0
EOC3_PBMC_cell_ACTTTCATCATTTGGG,0,0,0
EOC3_PBMC_cell_GTACTTTGTGACGGTA,0,0,0
EOC3_PBMC_cell_TTTGCGCCAATAACGA,0,0,0
EOC3_PBMC_cell_CAGAGAGTCTATCCCG,0,0,0
EOC3_PBMC_cell_GGGACCTAGGTAAACT,0,0,0
EOC3_PBMC_cell_AAGCCGCTCATGTCCC,0,0,0
EOC3_PBMC_cell_GTAACGTGTACAGTGG,0,0,0
EOC3_PBMC_cell_AACTGGTGTTGTACAC,0,0,0
EOC3_PBMC_cell_ATAAGAGTCTACTATC,0,0,0
EOC3_PBMC_cell_AAGACCTAGATGAGAG,0,0,0
EOC3_PBMC_cell_ACGAGGAGTAATTGGA,0,0,0
EOC3_PBMC_cell_ACACTGAGTCCTCCAT,0,0,0
EOC3_PBMC_cell_TAGTGGTTCGTACGGC,0,0,0
EOC3_PBMC_cell_AGCTCCTTCTACTATC,0,0,0
EOC3_PBMC_cell_CCTATTAGTCTCCATC,0,0,0
EOC3_PBMC_cell_CGATTGAAGAGTAATC,0,0,0
EOC3_PBMC_cell_CCTTACGTCTGGTATG,0,0,0
EOC3_PBMC_cell_GACGTTAAGATGAGAG,0,0,0
EOC3_PBMC_cell_CGTCTACTCATGTGGT,0,0,0
EOC3_PBMC_cell_TACGGATAGAGTAATC,0,0,0
EOC3_PBMC_cell_TGTGTTTCAGGAATGC,0,0,0
EOC3_PBMC_cell_GAGGTGAAGGCATGTG,0,0,0
EOC3_PBMC_cell_GGTGCGTTCCAGAGGA,0,0,0
EOC3_PBMC_cell_TCCCGATTCGACGGAA,0,0,0
EOC3_PBMC_cell_TCATTTGCACCGAATT,0,0,0
EOC3_PBMC_cell_AGGCCACTCTGCTTGC,0,0,0
EOC3_PBMC_cell_GAAACTCAGCGTCAAG,0,0,0
EOC3_PBMC_cell_GCCAAATCACATGACT,0,0,0
EOC3_PBMC_cell_CAGAATCAGGCCGAAT,0,0,0
EOC3_PBMC_cell_ACATACGCAGTGGGAT,0,0,0
EOC3_PBMC_cell_ACCAGTAAGTAGGTGC,0,0,0
EOC3_PBMC_cell_AAACGGGCAATCTACG,0,0,0
EOC3_PBMC_cell_TAGCCGGCATCCGGGT,0,0,0
EOC3_PBMC_cell_GGCGACTTCACCCGAG,0,0,0
EOC3_PBMC_cell_TGCCAAATCCTACAGA,0,0,0
EOC3_PBMC_cell_ACATACGAGGTGCTTT,0,0,0
EOC3_PBMC_cell_TCCACACTCTCCTATA,0,0,0
EOC3_PBMC_cell_AAAGTAGAGCCAGAAC,0,0,0
EOC3_PBMC_cell_TGAAAGATCACTTCAT,0,0,0
EOC3_PBMC_cell_AGCTCCTGTTACCAGT,0,0,0
EOC3_PBMC_cell_TTCTCAAAGGGAAACA,0,0,0
EOC3_PBMC_cell_CTTGGCTCAGTCAGCC,0,0,0
EOC3_PBMC_cell_AGCTCTCTCCAGATCA,0,0,0
EOC3_PBMC_cell_GGGACCTAGTAGCCGA,0,0,0
EOC3_PBMC_cell_AGAGTGGAGCGCCTTG,0,0,0
EOC3_PBMC_cell_CTAAGACAGTCAAGCG,0,0,0
EOC3_PBMC_cell_GTGCGGTCACCAGTTA,0,0,0
EOC3_PBMC_cell_AGCCTAACATGACATC,0,0,0
EOC3_PBMC_cell_AGATCTGTCAATCTCT,0,0,0
EOC3_PBMC_cell_CATTCGCGTCTCTTTA,0,0,0
EOC3_PBMC_cell_AGGTCATTCGTGGTCG,0,0,0
EOC3_PBMC_cell_TGCGTGGTCCGAATGT,0,0,0
EOC3_PBMC_cell_GTGTGCGGTACACCGC,0,0,0
EOC3_PBMC_cell_GATTCAGAGAACAACT,0,0,0
EOC3_PBMC_cell_GTGAAGGGTTCTGGTA,0,0,0
EOC3_PBMC_cell_CTCTGGTCACACATGT,0,0,0
EOC3_PBMC_cell_GATGAGGAGTTAACGA,0,0,0
EOC3_PBMC_cell_CGCTGGACACGTCAGC,0,0,0
EOC3_PBMC_cell_CTGAAGTCAGCCACCA,0,0,0
EOC3_PBMC_cell_GGAACTTGTCTAACGT,0,0,0
EOC3_PBMC_cell_TATTACCGTCGCGAAA,0,0,0
EOC3_PBMC_cell_ACACCAAAGATAGGAG,0,0,0
EOC3_PBMC_cell_AACCATGGTATTACCG,0,0,0
EOC3_PBMC_cell_ATAACGCGTGCAACGA,0,0,0
EOC3_PBMC_cell_CCTTCGATCTCTTATG,0,0,0
EOC3_PBMC_cell_CGCTGGACAAACTGTC,0,0,0
EOC3_PBMC_cell_TACTTGTTCTCGAGTA,0,0,0
EOC3_PBMC_cell_TTGACTTTCAGTTAGC,0,0,0
EOC3_PBMC_cell_ATTGGACCACAGGAGT,0,0,0
EOC3_PBMC_cell_CGATTGACAAATTGCC,0,0,0
EOC3_PBMC_cell_CGTCTACAGTATTGGA,0,0,0
EOC3_PBMC_cell_CGTTAGAAGAGGTAGA,0,0,0
EOC3_PBMC_cell_AGAATAGTCGTAGGTT,0,0,0
EOC3_PBMC_cell_TGACGGCAGATACACA,0,0,0
EOC3_PBMC_cell_TCGTAGAAGTACTTGC,0,0,0
EOC3_PBMC_cell_CGTGTAACAGTTTACG,0,0,0
EOC3_PBMC_cell_TAAACCGCATGGTAGG,0,0,0
EOC3_PBMC_cell_ATTCTACAGCAGGTCA,0,0,0
EOC3_PBMC_cell_TTGAACGCAATGAATG,0,0,0
EOC3_PBMC_cell_CTGTGCTTCAACCATG,0,0,0
EOC3_PBMC_cell_GGATGTTCACGGTAAG,0,0,0
EOC3_PBMC_cell_GCAGTTATCAAGAAGT,0,0,0
EOC3_PBMC_cell_ACTGAGTTCTGGGCCA,0,0,0
EOC3_PBMC_cell_GTAACTGAGCAGACTG,0,0,0
EOC3_PBMC_cell_TCAGGATCATCGGACC,0,0,0
EOC3_PBMC_cell_CGGAGCTTCGTACCGG,0,0,0
EOC3_PBMC_cell_TGACGGCCACGAAAGC,0,0,0
EOC3_PBMC_cell_GCATGATTCATCTGTT,0,0,0
EOC3_PBMC_cell_CGGACTGGTAACGTTC,0,0,0
EOC3_PBMC_cell_AGTCTTTGTAACGACG,0,0,0
EOC3_PBMC_cell_CGATGTAGTGTTCTTT,0,0,0
EOC3_PBMC_cell_TGCTACCTCACTATTC,0,0,0
EOC3_PBMC_cell_TTTCCTCCAATGAAAC,0,0,0
EOC3_PBMC_cell_GTCACGGGTCGCGGTT,0,0,0
EOC3_PBMC_cell_AGGGATGTCATCTGTT,0,0,0
EOC3_PBMC_cell_AGAATAGGTGAAAGAG,0,0,0
EOC3_PBMC_cell_AGCTCCTTCAGCCTAA,0,0,0
EOC3_PBMC_cell_TATTACCCACTAGTAC,0,0,0
EOC3_PBMC_cell_ATTCTACGTCCGTCAG,0,0,0
EOC3_PBMC_cell_GATCGCGAGAGCTGCA,0,0,0
EOC3_PBMC_cell_CGCTGGAGTAGAGTGC,0,0,0
EOC3_PBMC_cell_TATCTCAAGCCACGCT,0,0,0
EOC3_PBMC_cell_GGAATAAGTAGCACGA,0,0,0
EOC3_PBMC_cell_GCGCGATTCTACTTAC,0,0,0
EOC3_PBMC_cell_GGATTACTCAGGTAAA,0,0,0
EOC3_PBMC_cell_CGGTTAACAAGCTGGA,0,0,0
EOC3_PBMC_cell_ACTGAACTCGCCCTTA,0,0,0
EOC3_PBMC_cell_GCTTGAACACCATCCT,0,0,0
EOC3_PBMC_cell_CTCGAGGCACTTAACG,0,0,0
EOC3_PBMC_cell_CAGTCCTCAATGAATG,0,0,0
EOC3_PBMC_cell_ACGGGTCTCTTCCTTC,0,0,0
EOC3_PBMC_cell_CGTCCATCATGAGCGA,0,0,0
EOC3_PBMC_cell_GGTGCGTAGCACCGCT,0,0,0
EOC3_PBMC_cell_GTTTCTACATTCGACA,0,0,0
EOC3_PBMC_cell_TGCGTGGCACGACGAA,0,0,0
EOC3_PBMC_cell_TTGGAACGTCCTCCAT,0,0,0
EOC3_PBMC_cell_ACGGGCTAGAACTCGG,0,0,0
EOC3_PBMC_cell_CAAGAAAAGAAGGTTT,0,0,0
EOC3_PBMC_cell_CACCACTTCAGGCGAA,0,0,0
EOC3_PBMC_cell_CTGAAGTAGTGGTAAT,0,0,0
EOC3_PBMC_cell_AACTGGTCATGAAGTA,0,0,0
EOC3_PBMC_cell_CCATTCGGTGTTCGAT,0,0,0
EOC3_PBMC_cell_CTACCCAGTGACTACT,0,0,0
EOC3_PBMC_cell_CGTCACTTCATCATTC,0,0,0
EOC3_PBMC_cell_AACTCTTCACGCATCG,0,0,0
EOC3_PBMC_cell_AGGCCGTCACACATGT,0,0,0
EOC3_PBMC_cell_GGTATTGTCAGCTCTC,0,0,0
EOC3_PBMC_cell_GACTGCGGTCTTCGTC,0,0,0
EOC3_PBMC_cell_ATTGGACCATGCGCAC,0,0,0
EOC3_PBMC_cell_TGCTGCTAGGCTCAGA,0,0,0
EOC3_PBMC_cell_CTGCGGACAGATGGCA,0,0,0
EOC3_PBMC_cell_TAGCCGGGTATATCCG,0,0,0
EOC3_PBMC_cell_TCTGAGAAGAGTCTGG,0,0,0
EOC3_PBMC_cell_CGGACGTAGGCCCGTT,0,0,0
EOC3_PBMC_cell_GCCAAATGTCTCATCC,0,0,0
EOC3_PBMC_cell_GAACGGAAGAGACTTA,0,0,0
EOC3_PBMC_cell_ACAGCCGTCCAGAGGA,0,0,0
EOC3_PBMC_cell_AAGCCGCTCCTTAATC,0,0,0
EOC3_PBMC_cell_AGGGAGTCATTGGCGC,0,0,0
EOC3_PBMC_cell_GATCGCGGTATGCTTG,0,0,0
EOC3_PBMC_cell_GAGGTGATCGCCATAA,0,0,0
EOC3_PBMC_cell_CAAGATCCATACTCTT,0,0,0
EOC3_PBMC_cell_ACGAGGATCTGGAGCC,0,0,0
EOC3_PBMC_cell_GGCGACTGTTTACTCT,0,0,0
EOC3_PBMC_cell_GTGCGGTCAGCAGTTT,0,0,0
EOC3_PBMC_cell_AGTGAGGTCTCGCTTG,0,0,0
EOC3_PBMC_cell_TTTCCTCGTCGCGTGT,0,0,0
EOC3_PBMC_cell_GGTATTGAGCTAGCCC,0,0,0
EOC3_PBMC_cell_TACCTATCAGTCACTA,0,0,0
EOC3_PBMC_cell_GGGTCTGAGCGTGTCC,0,0,0
EOC3_PBMC_cell_GAACGGAGTGAGGGAG,0,0,0
EOC3_PBMC_cell_CGATGGCGTAGGAGTC,0,0,0
EOC3_PBMC_cell_GGCCGATTCACCATAG,0,0,0
EOC3_PBMC_cell_CGGCTAGTCCGTACAA,0,0,0
EOC3_PBMC_cell_TCATTACGTCTGATCA,0,0,0
EOC3_PBMC_cell_ACGAGGACAGCTTAAC,0,0,0
EOC3_PBMC_cell_GCGCAACCATTCCTCG,0,0,0
EOC3_PBMC_cell_GCACATACAAGTAGTA,0,0,0
EOC3_PBMC_cell_GGACAGATCATCGGAT,0,0,0
EOC3_PBMC_cell_CTACCCATCAGTGTTG,0,0,0
EOC3_PBMC_cell_ATGGGAGAGCTGAAAT,0,0,0
EOC3_PBMC_cell_CGGACTGTCTCGCATC,0,0,0
EOC3_PBMC_cell_CGGAGTCTCCGAAGAG,0,0,0
EOC3_PBMC_cell_CTCATTAGTCCGTCAG,0,0,0
EOC3_PBMC_cell_CAGCGACGTCCCTTGT,0,0,0
EOC3_PBMC_cell_GAAGCAGCAATCTACG,0,0,0
EOC3_PBMC_cell_GGTGCGTAGTAGATGT,0,0,0
EOC3_PBMC_cell_CTCGGAGAGTGCCATT,0,0,0
EOC3_PBMC_cell_TGCGTGGAGCCAGAAC,0,0,0
EOC3_PBMC_cell_TCCACACTCGTTACAG,0,0,0
EOC3_PBMC_cell_CTCTGGTTCCTAAGTG,0,0,0
EOC3_PBMC_cell_TAAGAGAGTATCTGCA,0,0,0
EOC3_PBMC_cell_CCGGGATCAGGGTATG,0,0,0
EOC3_PBMC_cell_CGGTTAATCACTTATC,0,0,0
EOC3_PBMC_cell_GTCGTAACAATAACGA,0,0,0
EOC3_PBMC_cell_TCAGGATCATAGTAAG,0,0,0
EOC3_PBMC_cell_GTCTTCGCAAGTCTAC,0,0,0
EOC3_PBMC_cell_AGTGTCAGTTGAGTTC,0,0,0
EOC3_PBMC_cell_CGGACGTTCAATCTCT,0,0,0
EOC3_PBMC_cell_CGGACGTGTGTAACGG,0,0,0
EOC3_PBMC_cell_GGGATGATCATGGTCA,0,0,0
EOC3_PBMC_cell_CTGAAGTTCCGAACGC,0,0,0
EOC3_PBMC_cell_CAAGGCCGTTGCCTCT,0,0,0
EOC3_PBMC_cell_GTGAAGGCATTCTCAT,0,0,0
EOC3_PBMC_cell_AGGGAGTAGTTGCAGG,0,0,0
EOC3_PBMC_cell_ATGGGAGTCTTGCAAG,0,0,0
EOC3_PBMC_cell_GTCGTAACATTGGCGC,0,0,0
EOC3_PBMC_cell_GCTGGGTAGACTGGGT,0,0,0
EOC3_PBMC_cell_TGTTCCGAGTAATCCC,0,0,0
EOC3_PBMC_cell_CGATGGCCAGTCACTA,0,0,0
EOC3_PBMC_cell_GGCGTGTTCATGTGGT,0,0,0
EOC3_PBMC_cell_TCTATTGAGGACAGAA,0,0,0
EOC3_PBMC_cell_TGGCTGGGTCTCTCTG,0,0,0
EOC3_PBMC_cell_GCGGGTTTCAATCTCT,0,0,0
EOC3_PBMC_cell_CACTCCACATATACCG,0,0,0
EOC3_PBMC_cell_CCACGGAGTCTCTCGT,0,0,0
EOC3_PBMC_cell_CCAGCGACATTCCTCG,0,0,0
EOC3_PBMC_cell_TTGGAACGTATCTGCA,0,0,0
EOC3_PBMC_cell_AGCGGTCAGCCCTAAT,0,0,0
EOC3_PBMC_cell_TACGGTAAGTAAGTAC,0,0,0
EOC3_PBMC_cell_ATAACGCTCAGTTAGC,0,0,0
EOC3_PBMC_cell_GACTGCGGTAGCACGA,0,0,0
EOC3_PBMC_cell_TAGAGCTAGCCCAACC,0,0,0
EOC3_PBMC_cell_TAAGTGCTCAGTGTTG,0,0,0
EOC3_PBMC_cell_ATCCACCCACATCCAA,0,0,0
EOC3_PBMC_cell_TACACGAGTTCTGGTA,0,0,0
EOC3_PBMC_cell_GTCAAGTGTAGTGAAT,0,0,0
EOC3_PBMC_cell_CGTTGGGCAGTCGTGC,0,0,0
EOC3_PBMC_cell_TCCACACCAGACAGGT,0,0,0
EOC3_PBMC_cell_CAACCAACAGGCGATA,0,0,0
EOC3_PBMC_cell_GGAGCAAAGTTTAGGA,0,0,0
EOC3_PBMC_cell_GTCACAAGTCTAGTCA,0,0,0
EOC3_PBMC_cell_GAAGCAGTCGGCGCAT,0,0,0
EOC3_PBMC_cell_ACTATCTGTCACTGGC,0,0,0
EOC3_PBMC_cell_TTGGCAAGTACAGCAG,0,0,0
EOC3_PBMC_cell_GGATTACAGCGTTGCC,0,0,0
EOC3_PBMC_cell_GGATGTTGTAAGGATT,0,0,0
EOC3_PBMC_cell_CTTCTCTCATCCCACT,0,0,0
EOC3_PBMC_cell_TAGGCATTCCCTTGTG,0,0,0
EOC3_PBMC_cell_CTGGTCTTCAAGGTAA,0,0,0
EOC3_PBMC_cell_ATTTCTGTCAACACAC,0,0,0
EOC3_PBMC_cell_GACTACAGTTGATTGC,0,0,0
EOC3_PBMC_cell_CGGCTAGAGCTGTTCA,0,0,0
EOC3_PBMC_cell_TAGGCATGTGCACCAC,0,0,0
EOC3_PBMC_cell_ATCTGCCGTGTCCTCT,0,0,0
EOC3_PBMC_cell_GTCTCGTCAGATAATG,0,0,0
EOC3_PBMC_cell_CATCGAAAGGGATACC,0,0,0
EOC3_PBMC_cell_AACCGCGGTATGCTTG,0,0,0
EOC3_PBMC_cell_GACTAACCATATGCTG,0,0,0
EOC3_PBMC_cell_CACATAGCACTGCCAG,0,0,0
EOC3_PBMC_cell_GACTGCGGTCCGAAGA,0,0,0
EOC3_PBMC_cell_CCGTTCATCCAACCAA,0,0,0
EOC3_PBMC_cell_CGCTGGAAGAGGACGG,0,0,0
EOC3_PBMC_cell_GTGGGTCTCACATACG,0,0,0
EOC3_PBMC_cell_CGATGTATCCTTGCCA,0,0,0
EOC3_PBMC_cell_CTGAAACCAGTCCTTC,0,0,0
EOC3_PBMC_cell_GTGTTAGGTTGGTGGA,0,0,0
EOC3_PBMC_cell_CCATGTCCACTTCTGC,0,0,0
EOC3_PBMC_cell_ATTGGTGTCACCCGAG,0,0,0
EOC3_PBMC_cell_GAGTCCGAGCTGTCTA,0,0,0
EOC3_PBMC_cell_ATCATCTCAGACTCGC,0,0,0
EOC3_PBMC_cell_TTGACTTAGCCACGCT,0,0,0
EOC3_PBMC_cell_AAGGCAGTCGCTAGCG,0,0,0
EOC3_PBMC_cell_ACACTGAGTAAGAGAG,0,0,0
EOC3_PBMC_cell_AGCTCCTGTCAGAATA,0,0,0
EOC3_PBMC_cell_CAGAGAGCAGGTTTCA,0,0,0
EOC3_PBMC_cell_TCGCGAGGTATAATGG,0,0,0
EOC3_PBMC_cell_CAGAATCGTACTCTCC,0,0,0
EOC3_PBMC_cell_GGGACCTCAAAGTCAA,0,0,0
EOC3_PBMC_cell_CGAGCACAGGAACTGC,0,0,0
EOC3_PBMC_cell_GTTACAGTCACAACGT,0,0,0
EOC3_PBMC_cell_GTAACGTCACATTAGC,0,0,0
EOC3_PBMC_cell_ACATCAGTCGGCCGAT,0,0,0
EOC3_PBMC_cell_GATCGCGGTTAAAGAC,0,0,0
EOC3_PBMC_cell_TGTGTTTGTTCCATGA,0,0,0
EOC3_PBMC_cell_CTCTAATCAGGGATTG,0,0,0
EOC3_PBMC_cell_CTGCGGACAGGCAGTA,0,0,0
EOC3_PBMC_cell_TCTGAGATCACTTATC,0,0,0
EOC3_PBMC_cell_CGTAGGCCAGCCAGAA,0,0,0
EOC3_PBMC_cell_TTCTTAGTCTTGGGTA,0,0,0
EOC3_PBMC_cell_CGTCTACAGCGCTTAT,0,0,0
EOC3_PBMC_cell_CTGGTCTCAATGTTGC,0,0,0
EOC3_PBMC_cell_CCGTTCAGTCGCATAT,0,0,0
EOC3_PBMC_cell_GCACTCTCACATGTGT,0,0,0
EOC3_PBMC_cell_GATCTAGTCGTTTAGG,0,0,0
EOC3_PBMC_cell_CGTGTCTGTAAACGCG,0,0,0
EOC3_PBMC_cell_CGTAGGCGTGATAAGT,0,0,0
EOC3_PBMC_cell_TGCGTGGTCCTGCTTG,0,0,0
EOC3_PBMC_cell_AGACGTTAGATAGGAG,0,0,0
EOC3_PBMC_cell_GTTCATTCAAACAACA,0,0,0
EOC3_PBMC_cell_GCTGCGACACATTAGC,0,0,0
EOC3_PBMC_cell_AAGGCAGGTGCTAGCC,0,0,0
EOC3_PBMC_cell_CTGTGCTGTTAGAACA,0,0,0
EOC3_PBMC_cell_GAAGCAGCACTGAAGG,0,0,0
EOC3_PBMC_cell_TAAGTGCCAAACGCGA,0,0,0
EOC3_PBMC_cell_CGCCAAGGTGTCTGAT,0,0,0
EOC3_PBMC_cell_CATCCACCAGCCTGTG,0,0,0
EOC3_PBMC_cell_GGAGCAAAGTGTCTCA,0,0,0
EOC3_PBMC_cell_CTGCGGATCGTACGGC,0,0,0
EOC3_PBMC_cell_GCATGCGGTCTTTCAT,0,0,0
EOC3_PBMC_cell_AGACGTTTCCTCCTAG,0,0,0
EOC3_PBMC_cell_CGGAGCTCATCGGGTC,0,0,0
EOC3_PBMC_cell_CGGCTAGTCATTTGGG,0,0,0
EOC3_PBMC_cell_CCACTACCAGCTTAAC,0,0,0
EOC3_PBMC_cell_TACTCATGTGAGGGAG,0,0,0
EOC3_PBMC_cell_TGTGGTATCGTAGGAG,0,0,0
EOC3_PBMC_cell_TAGAGCTGTTGGACCC,0,0,0
EOC3_PBMC_cell_CACAGGCAGAAGGACA,0,0,0
EOC3_PBMC_cell_GGGTCTGAGGTCATCT,0,0,0
EOC3_PBMC_cell_CCCAGTTTCTGTGCAA,0,0,0
EOC3_PBMC_cell_CGAATGTCAATAAGCA,0,0,0
EOC3_PBMC_cell_TTGAACGTCAGTGTTG,0,0,0
EOC3_PBMC_cell_CGCGTTTCATTTGCCC,0,0,0
EOC3_PBMC_cell_GACACGCAGTGAACAT,0,0,0
EOC3_PBMC_cell_CCGGGATTCACAATGC,0,0,0
EOC3_PBMC_cell_TTAACTCAGAGGGCTT,0,0,0
EOC3_PBMC_cell_CTAGCCTAGCGATCCC,0,0,0
EOC3_PBMC_cell_ACCGTAAGTCTTGATG,0,0,0
EOC3_PBMC_cell_AACTTTCAGGAATGGA,0,0,0
EOC3_PBMC_cell_CTCATTAGTCCTAGCG,0,0,0
EOC3_PBMC_cell_ATGCGATCAGGCGATA,0,0,0
EOC3_PBMC_cell_TTTGCGCTCCGGGTGT,0,0,0
EOC3_PBMC_cell_GAGCAGAAGCAATCTC,0,0,0
EOC3_PBMC_cell_TGCGCAGAGTTGTAGA,0,0,0
EOC3_PBMC_cell_TTAGTTCGTGCCTGCA,0,0,0
EOC3_PBMC_cell_CCAGCGAAGTCGTACT,0,0,0
EOC3_PBMC_cell_GTTTCTAAGACCACGA,0,0,0
EOC3_PBMC_cell_ATTGGTGAGGGCTTGA,0,0,0
EOC3_PBMC_cell_GCCTCTACATCACCCT,0,0,0
EOC3_PBMC_cell_GTCTTCGGTCAGTGGA,0,0,0
EOC3_PBMC_cell_CATATGGCACTCTGTC,0,0,0
EOC3_PBMC_cell_GCATGTAAGTGACTCT,0,0,0
EOC3_PBMC_cell_CACAGTAAGTAATCCC,0,0,0
EOC3_PBMC_cell_ATCACGAAGAGTGAGA,0,0,0
EOC3_PBMC_cell_GACCAATTCTGATTCT,0,0,0
EOC3_PBMC_cell_CGTGTCTGTGCTGTAT,0,0,0
EOC3_PBMC_cell_GAACGGACATGCATGT,0,0,0
EOC3_PBMC_cell_AGGTCATCAGCTTAAC,0,0,0
EOC3_PBMC_cell_GGGACCTTCAAGAAGT,0,0,0
EOC3_PBMC_cell_TGGACGCTCCCTAACC,0,0,0
EOC3_PBMC_cell_GCTGGGTTCAAGATCC,0,0,0
EOC3_PBMC_cell_AATCGGTAGTTGTCGT,0,0,0
EOC3_PBMC_cell_ATCGAGTGTCAAAGAT,0,0,0
EOC3_PBMC_cell_AGTGAGGCAATCGGTT,0,0,0
EOC3_PBMC_cell_ACACCGGCACAACGCC,0,0,0
EOC3_PBMC_cell_CAGCTGGTCTTGAGAC,0,0,0
EOC3_PBMC_cell_GCGCAGTAGCTGTCTA,0,0,0
EOC3_PBMC_cell_CTGATAGAGAGTCTGG,0,0,0
EOC3_PBMC_cell_AACGTTGCATGGATGG,0,0,0
EOC3_PBMC_cell_ATAACGCAGACTGGGT,0,0,0
EOC3_PBMC_cell_CCACTACAGCAGCGTA,0,0,0
EOC3_PBMC_cell_ATTTCTGCAGTCACTA,0,0,0
EOC3_PBMC_cell_CATCCACTCCGCGGTA,0,0,0
EOC3_PBMC_cell_TTCCCAGCAACACCTA,0,0,0
EOC3_PBMC_cell_TTCTTAGTCTCCAGGG,0,0,0
EOC3_PBMC_cell_ATCCGAACAGGATTGG,0,0,0
EOC3_PBMC_cell_GGTGTTATCTGTCAAG,0,0,0
EOC3_PBMC_cell_TGATTTCTCCCTCAGT,0,0,0
EOC3_PBMC_cell_TTGAACGGTCACTTCC,0,0,0
EOC3_PBMC_cell_TCGTAGATCCAGAAGG,0,0,0
EOC3_PBMC_cell_AGGGTGAAGTGGGTTG,0,0,0
EOC3_PBMC_cell_CGTCAGGTCGAATGGG,0,0,0
EOC3_PBMC_cell_TGATTTCTCTGACCTC,0,0,0
EOC3_PBMC_cell_CATATTCTCCTAGTGA,0,0,0
EOC3_PBMC_cell_TCTGAGAAGAAACGCC,0,0,0
EOC3_PBMC_cell_GATGAGGCACTTCGAA,0,0,0
EOC3_PBMC_cell_CCCAGTTGTTCCTCCA,0,0,0
EOC3_PBMC_cell_AAGTCTGCAGATCTGT,0,0,0
EOC3_PBMC_cell_TCACAAGGTCATATGC,0,0,0
EOC3_PBMC_cell_AATCGGTGTCTCTTTA,0,0,0
EOC3_PBMC_cell_CACACTCCATCCTAGA,0,0,0
EOC3_PBMC_cell_CCTTTCTGTGCAGACA,0,0,0
EOC3_PBMC_cell_CGTGTAATCTGGTTCC,0,0,0
EOC3_PBMC_cell_CTGTTTATCACAAACC,0,0,0
EOC3_PBMC_cell_TCACGAAGTCTTCAAG,0,0,0
EOC3_PBMC_cell_ATGAGGGGTGCTCTTC,0,0,0
EOC3_PBMC_cell_GTGTGCGTCAGCACAT,0,0,0
EOC3_PBMC_cell_GGTGTTAGTACAAGTA,0,0,0
EOC3_PBMC_cell_GAAACTCGTAAGGGAA,0,0,0
EOC3_PBMC_cell_ACATGGTCACTAGTAC,0,0,0
EOC3_PBMC_cell_CTCGAAATCGATCCCT,0,0,0
EOC3_PBMC_cell_ATGTGTGGTATATGAG,0,0,0
EOC3_PBMC_cell_TAAACCGCATACGCCG,0,0,0
EOC3_PBMC_cell_TCAGGATAGTCTCCTC,0,0,0
EOC3_PBMC_cell_ATCGAGTAGTGTGGCA,0,0,0
EOC3_PBMC_cell_TGTGTTTGTGAGTGAC,0,0,0
EOC3_PBMC_cell_ACTGCTCAGGGTCGAT,0,0,0
EOC3_PBMC_cell_CTCCTAGTCGTCCAGG,0,0,0
EOC3_PBMC_cell_CAACTAGAGAGTAAGG,0,0,0
EOC3_PBMC_cell_CTGATCCCATACTACG,0,0,0
EOC3_PBMC_cell_ACCGTAACAGCGTCCA,0,0,0
EOC3_PBMC_cell_ACAGCCGAGAATAGGG,0,0,0
EOC3_PBMC_cell_TACGGATGTCGCGGTT,0,0,0
EOC3_PBMC_cell_TATTACCTCTATCCTA,0,0,0
EOC3_PBMC_cell_GCGCAGTCAAGAGTCG,0,0,0
EOC3_PBMC_cell_TTGTAGGCACGAGAGT,0,0,0
EOC3_PBMC_cell_CAACCTCGTGTCGCTG,0,0,0
EOC3_PBMC_cell_ACATACGGTCGAAAGC,0,0,0
EOC3_PBMC_cell_CAACCTCAGTCCAGGA,0,0,0
EOC3_PBMC_cell_ATGAGGGTCCAAAGTC,0,0,0
EOC3_PBMC_cell_CGATGGCGTTCGCTAA,0,0,0
EOC3_PBMC_cell_AGTGTCATCCTTGCCA,0,0,0
EOC3_PBMC_cell_AGGCCGTAGGGATGGG,0,0,0
EOC3_PBMC_cell_ATGCGATAGTTGCAGG,0,0,0
EOC3_PBMC_cell_CCAATCCCACTGAAGG,0,0,0
EOC3_PBMC_cell_TGTCCCACAGCTTAAC,0,0,0
EOC3_PBMC_cell_ACATACGTCTCACATT,0,0,0
EOC3_PBMC_cell_TATGCCCGTGACAAAT,0,0,0
EOC3_PBMC_cell_TTAGTTCCAACTGCTA,0,0,0
EOC3_PBMC_cell_TAGGCATCATCACGAT,0,0,0
EOC3_PBMC_cell_CCATTCGTCGGAGGTA,0,0,0
EOC3_PBMC_cell_GTGGGTCCAGAGCCAA,0,0,0
EOC3_PBMC_cell_TCAGCTCAGTCTCAAC,0,0,0
EOC3_PBMC_cell_CTGAAACAGGACGAAA,0,0,0
EOC3_PBMC_cell_ATTATCCTCTGTACGA,0,0,0
EOC3_PBMC_cell_GGAAAGCAGCTAGGCA,0,0,0
EOC3_PBMC_cell_ATTACTCAGCCCAGCT,0,0,0
EOC3_PBMC_cell_TAGACCATCTCTGAGA,0,0,0
EOC3_PBMC_cell_TGACTTTAGATCTGAA,0,0,0
EOC3_PBMC_cell_CTCTAATGTTGTGGAG,0,0,0
EOC3_PBMC_cell_CGTGTAAAGTGGGCTA,0,0,0
EOC3_PBMC_cell_CTCTACGGTTACCAGT,0,0,0
EOC3_PBMC_cell_GACAGAGTCCCTAACC,0,0,0
EOC3_PBMC_cell_GAGCAGACACAGCCCA,0,0,0
EOC3_PBMC_cell_TGCGTGGCAGGACGTA,0,0,0
EOC3_PBMC_cell_TGGACGCGTTGCGCAC,0,0,0
EOC3_PBMC_cell_GCCAAATCATTGGGCC,0,0,0
EOC3_PBMC_cell_TTAGTTCGTGCTGTAT,0,0,0
EOC3_PBMC_cell_GCAGCCAAGCTGATAA,0,0,0
EOC3_PBMC_cell_ACCCACTTCCAAGTAC,0,0,0
EOC3_PBMC_cell_CCTACCAGTAGCGCAA,0,0,0
EOC3_PBMC_cell_CCAGCGAGTCCTCCAT,0,0,0
EOC3_PBMC_cell_TGAGCCGTCTGTCTAT,0,0,0
EOC3_PBMC_cell_GAACATCAGCCGGTAA,0,0,0
EOC3_PBMC_cell_CACAAACGTAGCTTGT,0,0,0
EOC3_PBMC_cell_ACTGTCCTCTTCAACT,0,0,0
EOC3_PBMC_cell_ACACCAAAGCGTTCCG,0,0,0
EOC3_PBMC_cell_CTAGAGTGTACACCGC,0,0,0
EOC3_PBMC_cell_TTTATGCGTGTGACCC,0,0,0
EOC3_PBMC_cell_GTCACAAGTATTAGCC,0,0,0
EOC3_PBMC_cell_CACAGTACAAAGCGGT,0,0,0
EOC3_PBMC_cell_GACTGCGCAAGGTGTG,0,0,0
EOC3_PBMC_cell_GAAGCAGGTCCGTTAA,0,0,0
EOC3_PBMC_cell_CACAGTAGTAAGAGGA,0,0,0
EOC3_PBMC_cell_CTCGGGAGTTGACGTT,0,0,0
EOC3_PBMC_cell_ATTTCTGTCACATACG,0,0,0
EOC3_PBMC_cell_GATTCAGCAGATCCAT,0,0,0
EOC3_PBMC_cell_TCAGCTCCATTCACTT,0,0,0
EOC3_PBMC_cell_AGAGCTTGTTCCAACA,0,0,0
EOC3_PBMC_cell_CTGATAGTCTCGCATC,0,0,0
EOC3_PBMC_cell_TAGTGGTCACTTCGAA,0,0,0
EOC3_PBMC_cell_AGGGTGATCTCAACTT,0,0,0
EOC3_PBMC_cell_GTCGGGTGTACTCAAC,0,0,0
EOC3_PBMC_cell_TAGAGCTGTAAGAGGA,0,0,0
EOC3_PBMC_cell_CTCTAATGTAGCTTGT,0,0,0
EOC3_PBMC_cell_GCGCAGTAGCCGATTT,0,0,0
EOC3_PBMC_cell_ACCCACTCAAGTCTAC,0,0,0
EOC3_PBMC_cell_GGGCACTAGGTGATTA,0,0,0
EOC3_PBMC_cell_TCGGGACAGGGATACC,0,0,0
EOC3_PBMC_cell_CAACCAACAACCGCCA,0,0,0
EOC3_PBMC_cell_CCTTCCCAGTCAAGCG,0,0,0
EOC3_PBMC_cell_GGACGTCAGTCAAGGC,0,0,0
EOC3_PBMC_cell_AGGTCATGTATAGGGC,0,0,0
EOC3_PBMC_cell_AGTCTTTGTCTAGGTT,0,0,0
EOC3_PBMC_cell_TGTTCCGAGGCAGGTT,0,0,0
EOC3_PBMC_cell_CTCGTACGTACCGTAT,0,0,0
EOC3_PBMC_cell_ACATGGTCAGCCAGAA,0,0,0
EOC3_PBMC_cell_TGAGCATTCGTTTATC,0,0,0
EOC3_PBMC_cell_TCCCGATGTTACGCGC,0,0,0
EOC3_PBMC_cell_AGAGTGGTCCTGCAGG,0,0,0
EOC3_PBMC_cell_AGCTCTCAGGCTCAGA,0,0,0
EOC3_PBMC_cell_TCTATTGAGGTGTTAA,0,0,0
EOC3_PBMC_cell_CTCAGAAGTGTGCCTG,0,0,0
EOC3_PBMC_cell_GAACGGATCTCGTATT,0,0,0
EOC3_PBMC_cell_TACCTATAGATGTCGG,0,0,0
EOC3_PBMC_cell_CAGATCAAGATATGGT,0,0,0
EOC3_PBMC_cell_CTGTTTACATCCCATC,0,0,0
EOC3_PBMC_cell_GCAGTTAAGTTTCCTT,0,0,0
EOC3_PBMC_cell_TACCTTATCATATCGG,0,0,0
EOC3_PBMC_cell_TACACGAGTAACGTTC,0,0,0
EOC3_PBMC_cell_ACATGGTGTTAAGATG,0,0,0
EOC3_PBMC_cell_TCAGATGTCCTACAGA,0,0,0
EOC3_PBMC_cell_ACGTCAAAGGTAGCTG,0,0,0
EOC3_PBMC_cell_TGGCTGGCAATAAGCA,0,0,0
EOC3_PBMC_cell_AGCTCCTAGGACATTA,0,0,0
EOC3_PBMC_cell_TCAGCAATCCTGCTTG,0,0,0
EOC3_PBMC_cell_AGAGCTTGTTTGTGTG,0,0,0
EOC3_PBMC_cell_GAACGGAAGGGAGTAA,0,0,0
EOC3_PBMC_cell_CATTCGCAGGTGTGGT,0,0,0
EOC3_PBMC_cell_ATCATGGTCCGTCATC,0,0,0
EOC3_PBMC_cell_TACACGAGTAGCGTAG,0,0,0
EOC3_PBMC_cell_ACGATGTGTCTGCCAG,0,0,0
EOC3_PBMC_cell_GATCGCGGTGAAATCA,0,0,0
EOC3_PBMC_cell_GGACAAGGTGTTGGGA,0,0,0
EOC3_PBMC_cell_GAAGCAGGTGCAGGTA,0,0,0
EOC3_PBMC_cell_AGGTCCGTCCCAAGAT,0,0,0
EOC3_PBMC_cell_GGGACCTTCGGATGGA,0,0,0
EOC3_PBMC_cell_TGAGGGATCTTACCGC,0,0,0
EOC3_PBMC_cell_TACCTTAAGAGGTAGA,0,0,0
EOC3_PBMC_cell_ATCACGAGTTGACGTT,0,0,0
EOC3_PBMC_cell_GATCTAGTCAGGTTCA,0,0,0
EOC3_PBMC_cell_TAGTTGGCAGTATGCT,0,0,0
EOC3_PBMC_cell_AGAGCTTGTTCAGCGC,0,0,0
EOC3_PBMC_cell_CTTGGCTTCAACCATG,0,0,0
EOC3_PBMC_cell_AGGGATGCACAACGCC,0,0,0
EOC3_PBMC_cell_AGTTGGTAGGCGACAT,0,0,0
EOC3_PBMC_cell_TCTGAGATCTCAACTT,0,0,0
EOC3_PBMC_cell_TGGTTCCTCTTGTACT,0,0,0
EOC3_PBMC_cell_CTGTTTAAGATGGGTC,0,0,0
EOC3_PBMC_cell_CATTCGCTCTCCTATA,0,0,0
EOC3_PBMC_cell_GAAACTCGTCAGTGGA,0,0,0
EOC3_PBMC_cell_CGTCCATTCGCCCTTA,0,0,0
EOC3_PBMC_cell_CCTCTGAAGTTAACGA,0,0,0
EOC3_PBMC_cell_TACTTACTCAGCATGT,0,0,0
EOC3_PBMC_cell_GTCTCGTCAGGCTCAC,0,0,0
EOC3_PBMC_cell_CATGACATCCCTTGCA,0,0,0
EOC3_PBMC_cell_GGGTTGCAGACCTAGG,0,0,0
EOC3_PBMC_cell_CACCACTTCGCATGGC,0,0,0
EOC3_PBMC_cell_CTTAGGATCTATCCCG,0,0,0
EOC3_PBMC_cell_TAAGCGTAGCTAAACA,0,0,0
EOC3_PBMC_cell_CCTAAAGAGAGATGAG,0,0,0
EOC3_PBMC_cell_GGAACTTAGTGGGTTG,0,0,0
EOC3_PBMC_cell_TGGGAAGAGTGACTCT,0,0,0
EOC3_PBMC_cell_AACTTTCGTACCATCA,0,0,0
EOC3_PBMC_cell_GGTGCGTAGAGTCGGT,0,0,0
EOC3_PBMC_cell_ACACTGAGTTCGCGAC,0,0,0
EOC3_PBMC_cell_CCAATCCCAGTATAAG,0,0,0
EOC3_PBMC_cell_CATCAGAGTGTCAATC,0,0,0
EOC3_PBMC_cell_GTCTTCGGTCAAAGAT,0,0,0
EOC3_PBMC_cell_TTTGCGCGTCCTCCAT,0,0,0
EOC3_PBMC_cell_GGAATAAGTAGGGTAC,0,0,0
EOC3_PBMC_cell_GCTGGGTGTAGCTTGT,0,0,0
EOC3_PBMC_cell_CACACTCGTAGCGTGA,0,0,0
EOC3_PBMC_cell_TGATTTCAGTTGAGTA,0,0,0
EOC3_PBMC_cell_ACGAGGAAGGTAGCTG,0,0,0
EOC3_PBMC_cell_TCAGGATAGACAGAGA,0,0,0
EOC3_PBMC_cell_CGATCGGCAGCTATTG,0,0,0
EOC3_PBMC_cell_GCACATATCATTATCC,0,0,0
EOC3_PBMC_cell_TTATGCTCAGCTGCAC,0,0,0
EOC3_PBMC_cell_AGTGGGATCTCGATGA,0,0,0
EOC3_PBMC_cell_TGCGCAGCAGACGTAG,0,0,0
EOC3_PBMC_cell_CAGCCGATCTGCCAGG,0,0,0
EOC3_PBMC_cell_ATTATCCAGGTGCTAG,0,0,0
EOC3_PBMC_cell_CACCACTTCTAACGGT,0,0,0
EOC3_PBMC_cell_AGTCTTTAGATGGCGT,0,0,0
EOC3_PBMC_cell_CTCACACTCTTGTACT,0,0,0
EOC3_PBMC_cell_AGTGGGAGTCGACTGC,0,0,0
EOC3_PBMC_cell_CCTTCCCCAGGTTTCA,0,0,0
EOC3_PBMC_cell_AACTTTCTCACCCGAG,0,0,0
EOC3_PBMC_cell_TTTATGCAGAACAATC,0,0,0
EOC3_PBMC_cell_GGCTGGTAGGTACTCT,0,0,0
EOC3_PBMC_cell_AGTAGTCCATTACCTT,0,0,0
EOC3_PBMC_cell_CGAACATCATATGCTG,0,0,0
EOC3_PBMC_cell_GACAGAGCATTGGTAC,0,0,0
EOC3_PBMC_cell_CTTCTCTAGATTACCC,0,0,0
EOC3_PBMC_cell_GGCGTGTTCAGGTAAA,0,0,0
EOC3_PBMC_cell_GTGAAGGTCTTAGAGC,0,0,0
EOC3_PBMC_cell_AGCAGCCTCGGCTACG,0,0,0
EOC3_PBMC_cell_CGAGAAGAGTGGAGAA,0,0,0
EOC3_PBMC_cell_CTCTAATGTGTCAATC,0,0,0
EOC3_PBMC_cell_CATTATCGTACTTCTT,0,0,0
EOC3_PBMC_cell_GGCCGATCATTCCTGC,0,0,0
EOC3_PBMC_cell_CTGCCTACAGGATTGG,0,0,0
EOC3_PBMC_cell_CTTTGCGCAGACAAGC,0,0,0
EOC3_PBMC_cell_TCTATTGAGTGGGCTA,0,0,0
EOC3_PBMC_cell_AGTGGGACACGGATAG,0,0,0
EOC3_PBMC_cell_TTAGGACTCTCCGGTT,0,0,0
EOC3_PBMC_cell_GAACCTAAGCAGGTCA,0,0,0
EOC3_PBMC_cell_ACCGTAAGTAAATGAC,0,0,0
EOC3_PBMC_cell_GATCTAGTCCTCAATT,0,0,0
EOC3_PBMC_cell_CCAATCCGTTGATTGC,0,0,0
EOC3_PBMC_cell_GATGCTACAGATCTGT,0,0,0
EOC3_PBMC_cell_CGGACTGTCGTCGTTC,0,0,0
EOC3_PBMC_cell_TTGCCGTTCTCTGCTG,0,0,0
EOC3_PBMC_cell_GACAGAGAGATCCGAG,0,0,0
EOC3_PBMC_cell_CGTCACTAGGACGAAA,0,0,0
EOC3_PBMC_cell_GGACATTCATCGGTTA,0,0,0
EOC3_PBMC_cell_CCATGTCGTAGCCTCG,0,0,0
EOC3_PBMC_cell_ACACCAAAGTGGACGT,0,0,0
EOC3_PBMC_cell_GGAGCAATCGTTTGCC,0,0,0
EOC3_PBMC_cell_GGGTCTGGTCTACCTC,0,0,0
EOC3_PBMC_cell_CACAGGCCACAACTGT,0,0,0
EOC3_PBMC_cell_TTAACTCTCTCCTATA,0,0,0
EOC3_PBMC_cell_GAGCAGAAGGCGTACA,0,0,0
EOC3_PBMC_cell_GAACATCTCTGATACG,0,0,0
EOC3_PBMC_cell_CCATGTCCACAGCCCA,0,0,0
EOC3_PBMC_cell_GCTGCAGCAAGCGCTC,0,0,0
EOC3_PBMC_cell_GGCCGATTCGTTACAG,0,0,0
EOC3_PBMC_cell_AACACGTCATCAGTCA,0,0,0
EOC3_PBMC_cell_GCTCCTACAGGATCGA,0,0,0
EOC3_PBMC_cell_TGGCGCAGTCAGATAA,0,0,0
EOC3_PBMC_cell_ACAGCCGAGAGTAATC,0,0,0
EOC3_PBMC_cell_AGCTTGAAGATGCCTT,0,0,0
EOC3_PBMC_cell_GACGGCTTCCGATATG,0,0,0
EOC3_PBMC_cell_GCCAAATAGCCGGTAA,0,0,0
EOC3_PBMC_cell_GCATACAGTTGCTCCT,0,0,0
EOC3_PBMC_cell_AACTCAGAGCAGACTG,0,0,0
EOC3_PBMC_cell_CGGACACGTAATAGCA,0,0,0
EOC3_PBMC_cell_TCCCGATGTGGCTCCA,0,0,0
EOC3_PBMC_cell_CTTGGCTGTCATCCCT,0,0,0
EOC3_PBMC_cell_GCTGGGTAGTCCGGTC,0,0,0
EOC3_PBMC_cell_ACGGGCTGTGGTGTAG,0,0,0
EOC3_PBMC_cell_GGCGACTTCAAGATCC,0,0,0
EOC3_PBMC_cell_GAATAAGTCTTGCCGT,0,0,0
EOC3_PBMC_cell_GGCTCGATCCCGACTT,0,0,0
EOC3_PBMC_cell_CAGCTGGCATGGTCAT,0,0,0
EOC3_PBMC_cell_TTCTCAAGTCGGCATC,0,0,0
EOC3_PBMC_cell_CAAGTTGAGCGTCAAG,0,0,0
EOC3_PBMC_cell_ACATACGCATCCGCGA,0,0,0
EOC3_PBMC_cell_AAGGAGCGTAAATGAC,0,0,0
EOC3_PBMC_cell_ACCAGTACAGGATCGA,0,0,0
EOC3_PBMC_cell_GGCGACTTCATCGATG,0,0,0
EOC3_PBMC_cell_GACCTGGTCCAAGCCG,0,0,0
EOC3_PBMC_cell_ACTGTCCGTCAAAGAT,0,0,0
EOC3_PBMC_cell_GGACAAGGTAGCTAAA,0,0,0
EOC3_PBMC_cell_AAGACCTCATGCCTAA,0,0,0
EOC3_PBMC_cell_GTTCATTTCGGAAATA,0,0,0
EOC3_PBMC_cell_TGCCCTACACTATCTT,0,0,0
EOC3_PBMC_cell_GAATAAGAGACAAAGG,0,0,0
EOC3_PBMC_cell_TAAGAGAAGCCCAACC,0,0,0
EOC3_PBMC_cell_GTAGGCCTCTTTACGT,0,0,0
EOC3_PBMC_cell_GGAAAGCAGATAGGAG,0,0,0
EOC3_PBMC_cell_CGTAGGCGTCTAGTGT,0,0,0
EOC3_PBMC_cell_ACACCCTTCGTTGACA,0,0,0
EOC3_PBMC_cell_TCAGCAATCACGAAGG,0,0,0
EOC3_PBMC_cell_AGTTGGTTCAGAGGTG,0,0,0
EOC3_PBMC_cell_AGACGTTCATCACGTA,0,0,0
EOC3_PBMC_cell_GTACTTTGTCAATACC,0,0,0
EOC3_PBMC_cell_TAAGTGCTCTGAGTGT,0,0,0
EOC3_PBMC_cell_CTCGAGGCAGTAGAGC,0,0,0
EOC3_PBMC_cell_AGCAGCCGTTATCGGT,0,0,0
EOC3_PBMC_cell_CTCGTACCATACGCTA,0,0,0
EOC3_PBMC_cell_CATCGAACAAATTGCC,0,0,0
EOC3_PBMC_cell_TCTATTGTCGAATCCA,0,0,0
EOC3_PBMC_cell_AGCTCCTTCAACCATG,0,0,0
EOC3_PBMC_cell_GATGAAATCGATCCCT,0,0,0
EOC3_PBMC_cell_ACGGGTCTCGAATGGG,0,0,0
EOC3_PBMC_cell_GATCGATAGAAACCGC,0,0,0
EOC3_PBMC_cell_CAGCGACTCAACCATG,0,0,0
EOC3_PBMC_cell_GTGCATAGTCTTGTCC,0,0,0
EOC3_PBMC_cell_TCTTTCCCATCAGTAC,0,0,0
EOC3_PBMC_cell_TAGAGCTTCATATCGG,0,0,0
EOC3_PBMC_cell_CATTATCGTGAAGGCT,0,0,0
EOC3_PBMC_cell_TGATTTCTCAGAGACG,0,0,0
EOC3_PBMC_cell_AGAGCGATCTGCAAGT,0,0,0
EOC3_PBMC_cell_GTACTCCTCGGTTCGG,0,0,0
EOC3_PBMC_cell_TCGCGTTGTTCCCTTG,0,0,0
EOC3_PBMC_cell_ATGGGAGGTCGAACAG,0,0,0
EOC3_PBMC_cell_CCTTCGACATTAGGCT,0,0,0
EOC3_PBMC_cell_CGATTGACAGACACTT,0,0,0
EOC3_PBMC_cell_AAGGTTCTCCCTAACC,0,0,0
EOC3_PBMC_cell_CTCGGAGTCTCTAAGG,0,0,0
EOC3_PBMC_cell_TAGGCATCAGGTTTCA,0,0,0
EOC3_PBMC_cell_AACTCTTAGAATTCCC,0,0,0
EOC3_PBMC_cell_ATTGGACTCCTTTCGG,0,0,0
EOC3_PBMC_cell_GGAACTTGTCTGGTCG,0,0,0
EOC3_PBMC_cell_CCAGCGATCTTCAACT,0,0,0
EOC3_PBMC_cell_TGCGTGGCAGCTGGCT,0,0,0
EOC3_PBMC_cell_GATCGTATCTTACCTA,0,0,0
EOC3_PBMC_cell_TCCCGATTCCTGCTTG,0,0,0
EOC3_PBMC_cell_GTGCGGTTCAGAAATG,0,0,0
EOC3_PBMC_cell_TTAGGCAGTATGGTTC,0,0,0
EOC3_PBMC_cell_ATAGACCAGTAGTGCG,0,0,0
EOC3_PBMC_cell_CACAGTAAGGAATGGA,0,0,0
EOC3_PBMC_cell_CTCGTCACAAGGGTCA,0,0,0
EOC3_PBMC_cell_CACAAACCATCGTCGG,0,0,0
EOC3_PBMC_cell_CCAATCCTCCTCCTAG,0,0,0
EOC3_PBMC_cell_GCGCGATCAAGCGCTC,0,0,0
EOC3_PBMC_cell_GCATGTAGTTCGTTGA,0,0,0
EOC3_PBMC_cell_CTGCCTAAGCCCAGCT,0,0,0
EOC3_PBMC_cell_AAACCTGGTTCTGGTA,0,0,0
EOC3_PBMC_cell_TGGGCGTTCATTATCC,0,0,0
EOC3_PBMC_cell_TCGAGGCGTTCTGGTA,0,0,0
EOC3_PBMC_cell_GCAGCCACAAAGTCAA,0,0,0
EOC3_PBMC_cell_ATCACGAGTTCCACGG,0,0,0
EOC3_PBMC_cell_ATTGGTGTCTACTTAC,0,0,0
EOC3_PBMC_cell_TTTACTGCATAAAGGT,0,0,0
EOC3_PBMC_cell_ATTATCCAGGAGTTGC,0,0,0
EOC3_PBMC_cell_AAATGCCAGATCCTGT,0,0,0
EOC3_PBMC_cell_AGATCTGGTCCCGACA,0,0,0
EOC3_PBMC_cell_CGGTTAAAGAAGCCCA,0,0,0
EOC3_PBMC_cell_CAGGTGCAGAAGATTC,0,0,0
EOC3_PBMC_cell_CGTTGGGGTGACGCCT,0,0,0
EOC3_PBMC_cell_TACAGTGAGAAACCTA,0,0,0
EOC3_PBMC_cell_CTCACACTCAAGGTAA,0,0,0
EOC3_PBMC_cell_AAAGCAAGTTTGACTG,0,0,0
EOC3_PBMC_cell_CCCAGTTAGCTAGTGG,0,0,0
EOC3_PBMC_cell_ATTCTACTCCTATGTT,0,0,0
EOC3_PBMC_cell_GAGTCCGGTTAGAACA,0,0,0
EOC3_PBMC_cell_GCTGCGACATATGGTC,0,0,0
EOC3_PBMC_cell_AAGGAGCCAAGTTGTC,0,0,0
EOC3_PBMC_cell_CTCAGAATCACTCTTA,0,0,0
EOC3_PBMC_cell_GGTATTGCATGCATGT,0,0,0
EOC3_PBMC_cell_TGAGCCGTCATTGCGA,0,0,0
EOC3_PBMC_cell_GCTGGGTGTCGCTTCT,0,0,0
EOC3_PBMC_cell_GAAGCAGAGCTGAACG,0,0,0
EOC3_PBMC_cell_GTGCATACACCTATCC,0,0,0
EOC3_PBMC_cell_AGTTGGTGTGTTCGAT,0,0,0
EOC3_PBMC_cell_TATGCCCTCCAAACTG,0,0,0
EOC3_PBMC_cell_AGCATACAGATCACGG,0,0,0
EOC3_PBMC_cell_CCTATTACACTTGGAT,0,0,0
EOC3_PBMC_cell_TGACAACAGACACTAA,0,0,0
EOC3_PBMC_cell_CTACCCACAAACTGCT,0,0,0
EOC3_PBMC_cell_CTGATAGGTCTCCATC,0,0,0
EOC3_PBMC_cell_CCCAATCCAAAGGCGT,0,0,0
EOC3_PBMC_cell_CAGATCATCTCCTATA,0,0,0
EOC3_PBMC_cell_CTGATAGCAATACGCT,0,0,0
EOC3_PBMC_cell_AAACCTGGTAAATGAC,0,0,0
EOC3_PBMC_cell_CGCCAAGGTTAAAGAC,0,0,0
EOC3_PBMC_cell_CCATGTCAGTCCATAC,0,0,0
EOC3_PBMC_cell_CTGGTCTTCCTCCTAG,0,0,0
EOC3_PBMC_cell_CCCAATCGTATAGTAG,0,0,0
EOC3_PBMC_cell_GCATGCGAGTCCATAC,0,0,0
EOC3_PBMC_cell_GCATGATCACTCTGTC,0,0,0
EOC3_PBMC_cell_CATCGAAAGGAGTAGA,0,0,0
EOC3_PBMC_cell_ACAGCCGCAGATCGGA,0,0,0
EOC3_PBMC_cell_GACCAATCAAGTTCTG,0,0,0
EOC3_PBMC_cell_CGTGAGCAGGGCTTGA,0,0,0
EOC3_PBMC_cell_CGGACACGTTATTCTC,0,0,0
EOC3_PBMC_cell_GGTATTGCATGAACCT,0,0,0
EOC3_PBMC_cell_GCGGGTTCATGAACCT,0,0,0
EOC3_PBMC_cell_GGAACTTAGTCGCCGT,0,0,0
EOC3_PBMC_cell_TAGTGGTAGTACGTAA,0,0,0
EOC3_PBMC_cell_TACTCGCCAAATTGCC,0,0,0
EOC3_PBMC_cell_TCAATCTCAGTACACT,0,0,0
EOC3_PBMC_cell_ATCTGCCCAACACGCC,0,0,0
EOC3_PBMC_cell_AAAGTAGAGCTGAAAT,0,0,0
EOC3_PBMC_cell_GGTGCGTCATCTCGCT,0,0,0
EOC3_PBMC_cell_ATGTGTGCAAACTGTC,0,0,0
EOC3_PBMC_cell_GATGAGGGTAGCGTAG,0,0,0
EOC3_PBMC_cell_TCAGATGTCGGTTAAC,0,0,0
EOC3_PBMC_cell_ATGCGATTCTGGTATG,0,0,0
EOC3_PBMC_cell_GACTGCGTCGTCTGCT,0,0,0
EOC3_PBMC_cell_CCACGGAAGGATGTAT,0,0,0
EOC3_PBMC_cell_TCGTACCAGCACCGTC,0,0,0
EOC3_PBMC_cell_ACGATACTCAAAGTAG,0,0,0
EOC3_PBMC_cell_CCCTCCTGTAATCGTC,0,0,0
EOC3_PBMC_cell_GCAGCCACATAAGACA,0,0,0
EOC3_PBMC_cell_AGCGGTCTCGGAATCT,0,0,0
EOC3_PBMC_cell_GCCAAATCATCCGGGT,0,0,0
EOC3_PBMC_cell_AATCCAGAGCTGTTCA,0,0,0
EOC3_PBMC_cell_CCAATCCTCCGAGCCA,0,0,0
EOC3_PBMC_cell_GATCGCGTCACTTCAT,0,0,0
EOC3_PBMC_cell_GGACAAGAGTAGCGGT,0,0,0
EOC3_PBMC_cell_CGGACACCAGAAGCAC,0,0,0
EOC3_PBMC_cell_CTCACACCAAACCTAC,0,0,0
EOC3_PBMC_cell_AACCATGTCGGAGGTA,0,0,0
EOC3_PBMC_cell_TACGGGCCAAGTTAAG,0,0,0
EOC3_PBMC_cell_ATCATCTAGACCTAGG,0,0,0
EOC3_PBMC_cell_CAGAGAGGTCCTAGCG,0,0,0
EOC3_PBMC_cell_TGTTCCGAGGATGGAA,0,0,0
EOC3_PBMC_cell_CGTGTCTAGCTGAAAT,0,0,0
EOC3_PBMC_cell_CTAATGGTCTTTACAC,0,0,0
EOC3_PBMC_cell_GCTGCGAAGACCGGAT,0,0,0
EOC3_PBMC_cell_CAACTAGGTTAAGAAC,0,0,0
EOC3_PBMC_cell_GTCACAAGTTACGACT,0,0,0
EOC3_PBMC_cell_CCGTGGACACATTAGC,0,0,0
EOC3_PBMC_cell_GATTCAGGTTCTGAAC,0,0,0
EOC3_PBMC_cell_TGCCCATGTCTTTCAT,0,0,0
EOC3_PBMC_cell_CACAAACAGGATGGTC,0,0,0
EOC3_PBMC_cell_GGATTACGTTCACGGC,0,0,0
EOC3_PBMC_cell_GTGAAGGGTTACGGAG,0,0,0
EOC3_PBMC_cell_CAACCAAGTACCGCTG,0,0,0
EOC3_PBMC_cell_GTCGGGTTCGGTTCGG,0,0,0
EOC3_PBMC_cell_GGTGCGTGTTCACCTC,0,0,0
EOC3_PBMC_cell_TATTACCAGTCATCCA,0,0,0
EOC3_PBMC_cell_ATCATCTTCGGTGTCG,0,0,0
EOC3_PBMC_cell_TGCGCAGGTACGCACC,0,0,0
EOC3_PBMC_cell_CAGCCGACATTGGTAC,0,0,0
EOC3_PBMC_cell_CACAGGCAGACCGGAT,0,0,0
EOC3_PBMC_cell_TTGCGTCTCGTACCGG,0,0,0
EOC3_PBMC_cell_GTCACGGGTTACGACT,0,0,0
EOC3_PBMC_cell_TCCCGATAGTGTCCCG,0,0,0
EOC3_PBMC_cell_TCAGATGAGTGGAGTC,0,0,0
EOC3_PBMC_cell_ATCATCTCAATCCGAT,0,0,0
EOC3_PBMC_cell_AGTAGTCTCAATAAGG,0,0,0
EOC3_PBMC_cell_TAAGCGTGTCAGTGGA,0,0,0
EOC3_PBMC_cell_AGTAGTCGTCAAAGAT,0,0,0
EOC3_PBMC_cell_ACTGCTCCAGCTCGAC,0,0,0
EOC3_PBMC_cell_CATTCGCAGCTCCTTC,0,0,0
EOC3_PBMC_cell_ACTGTCCCACCCTATC,0,0,0
EOC3_PBMC_cell_TACCTTAGTAGCGTAG,0,0,0
EOC3_PBMC_cell_TACAGTGAGTGGGTTG,0,0,0
EOC3_PBMC_cell_CATCCACGTCAAAGAT,0,0,0
EOC3_PBMC_cell_GAAATGACACCATCCT,0,0,0
EOC3_PBMC_cell_TAGAGCTCATGGGAAC,0,0,0
EOC3_PBMC_cell_AGAGCGAGTTCCACTC,0,0,0
EOC3_PBMC_cell_CAACCAAGTTCCACAA,0,0,0
EOC3_PBMC_cell_GCATGATGTATGAAAC,0,0,0
EOC3_PBMC_cell_TGACGGCTCACCTCGT,0,0,0
EOC3_PBMC_cell_CACAGGCTCTCTAGGA,0,0,0
EOC3_PBMC_cell_GTCTTCGAGTCAATAG,0,0,0
EOC3_PBMC_cell_GTGTGCGTCGCGATCG,0,0,0
EOC3_PBMC_cell_CAGAGAGTCAACCATG,0,0,0
EOC3_PBMC_cell_GTAACTGTCCTGTACC,0,0,0
EOC3_PBMC_cell_CGTAGGCAGTTGCAGG,0,0,0
EOC3_PBMC_cell_ACACCAAGTAGGGTAC,0,0,0
EOC3_PBMC_cell_ACACCCTTCGTCCAGG,0,0,0
EOC3_PBMC_cell_CCACTACAGTGGTAGC,0,0,0
EOC3_PBMC_cell_ACGCAGCGTAGTACCT,0,0,0
EOC3_PBMC_cell_TGACTAGCAGGGTATG,0,0,0
EOC3_PBMC_cell_GCAAACTCACACCGCA,0,0,0
EOC3_PBMC_cell_ATTATCCCACTAAGTC,0,0,0
EOC3_PBMC_cell_AGCATACGTCAAAGCG,0,0,0
EOC3_PBMC_cell_CATCGAAGTTACTGAC,0,0,0
EOC3_PBMC_cell_TTTACTGCACAAGACG,0,0,0
EOC3_PBMC_cell_TTTGTCATCTGGAGCC,0,0,0
EOC3_PBMC_cell_TTTATGCGTGGTCCGT,0,0,0
EOC3_PBMC_cell_CAGAGAGCACGAAGCA,0,0,0
EOC3_PBMC_cell_TACGGGCGTTGTTTGG,0,0,0
EOC3_PBMC_cell_ATAGACCTCTCTAAGG,0,0,0
EOC3_PBMC_cell_TGGACGCGTAGCCTCG,0,0,0
EOC3_PBMC_cell_TTGGAACTCTGCAAGT,0,0,0
EOC3_PBMC_cell_GTTACAGGTTGTACAC,0,0,0
EOC3_PBMC_cell_CTGAAGTCACGGCCAT,0,0,0
EOC3_PBMC_cell_GTCACAAGTGTGGCTC,0,0,0
EOC3_PBMC_cell_CCTTTCTGTGAGCGAT,0,0,0
EOC3_PBMC_cell_CTGCCTAGTCCCTACT,0,0,0
EOC3_PBMC_cell_ACCGTAAAGAGTCTGG,0,0,0
EOC3_PBMC_cell_CAGCATATCAGCAACT,0,0,0
EOC3_PBMC_cell_TAGCCGGAGGGTTTCT,0,0,0
EOC3_PBMC_cell_GTGCATAGTCTCTTAT,0,0,0
EOC3_PBMC_cell_ATTACTCAGTAGTGCG,0,0,0
EOC3_PBMC_cell_CATATTCCAATGGAGC,0,0,0
EOC3_PBMC_cell_AACGTTGAGCTAGGCA,0,0,0
EOC3_PBMC_cell_AGGGTGAGTTCAGTAC,0,0,0
EOC3_PBMC_cell_TTGACTTGTTACGGAG,0,0,0
EOC3_PBMC_cell_TACTCATAGTCGATAA,0,0,0
EOC3_PBMC_cell_CGATGGCCACATCTTT,0,0,0
EOC3_PBMC_cell_CGTCTACAGTACGCGA,0,0,0
EOC3_PBMC_cell_ATCTGCCTCTTGTACT,0,0,0
EOC3_PBMC_cell_CGACCTTGTAGCCTAT,0,0,0
EOC3_PBMC_cell_TAGACCAAGACTGGGT,0,0,0
EOC3_PBMC_cell_GAAGCAGCACGGCTAC,0,0,0
EOC3_PBMC_cell_ACGCCAGCAGACAAAT,0,0,1
EOC3_PBMC_cell_AGGCCACAGCGATATA,0,0,0
EOC3_PBMC_cell_AGTGGGAGTATATGAG,0,0,0
EOC3_PBMC_cell_CGGACTGCAGCGAACA,0,0,0
EOC3_PBMC_cell_TTGTAGGGTCCAACTA,0,0,0
EOC3_PBMC_cell_AAGGAGCAGAAGGGTA,0,0,0
EOC3_PBMC_cell_TTTCCTCTCCGTCAAA,0,0,0
EOC3_PBMC_cell_CCGTGGATCACCTCGT,0,0,0
EOC3_PBMC_cell_CTACATTCACAAGCCC,0,0,0
EOC3_PBMC_cell_TACACGAAGTAGCCGA,0,0,0
EOC3_PBMC_cell_TGTATTCCACGAAACG,0,0,0
EOC3_PBMC_cell_CGCGGTATCGGATGGA,0,0,0
EOC3_PBMC_cell_AGTGGGATCCCTTGTG,0,0,0
EOC3_PBMC_cell_GAACATCAGGTCATCT,0,0,0
EOC3_PBMC_cell_GCTTGAATCGCATGAT,0,0,0
EOC3_PBMC_cell_ACGGGTCTCGCCATAA,0,0,0
EOC3_PBMC_cell_TTTACTGTCTCGGACG,0,0,0
EOC3_PBMC_cell_ATAACGCTCGTCACGG,0,0,0
EOC3_PBMC_cell_CGAGCCAAGGGAGTAA,0,0,0
EOC3_PBMC_cell_CCACGGACAAGCGAGT,0,0,0
EOC3_PBMC_cell_ATTACTCTCTGAAAGA,0,0,0
EOC3_PBMC_cell_CAGCTGGCATGGGAAC,0,0,0
EOC3_PBMC_cell_AATCCAGTCTCGCTTG,0,0,0
EOC3_PBMC_cell_TCTGGAATCGCGGATC,0,0,0
EOC3_PBMC_cell_CATCGAACATGCCTAA,0,0,0
EOC3_PBMC_cell_CGGAGTCTCCTATTCA,0,0,0
EOC3_PBMC_cell_CTACCCACACATTAGC,0,0,0
EOC3_PBMC_cell_GTCTTCGTCATGCTCC,0,0,0
EOC3_PBMC_cell_ACGCCGATCTCAAGTG,0,0,0
EOC3_PBMC_cell_CGTGAGCTCTCTGTCG,0,0,0
EOC3_PBMC_cell_CTCATTACACCTATCC,0,0,0
EOC3_PBMC_cell_CGTAGGCAGCTCAACT,0,0,0
EOC3_PBMC_cell_GGACGTCTCCCTTGTG,0,0,0
EOC3_PBMC_cell_TTCTTAGCACGAGAGT,0,0,0
EOC3_PBMC_cell_TGACAACAGTATTGGA,0,0,0
EOC3_PBMC_cell_AACTCAGTCATTATCC,0,0,0
EOC3_PBMC_cell_GCACTCTTCCGCATCT,0,0,0
EOC3_PBMC_cell_CTCGTCAGTATATGAG,0,0,0
EOC3_PBMC_cell_TCAGGATAGTTCGATC,0,0,0
EOC3_PBMC_cell_TCAGGTATCTTGAGGT,0,0,0
EOC3_PBMC_cell_CAGCCGATCAAACCGT,0,0,0
EOC3_PBMC_cell_CTCGAGGAGGGAAACA,0,0,0
EOC3_PBMC_cell_ATCATGGAGCAATCTC,0,0,0
EOC3_PBMC_cell_GTTTCTAGTAATTGGA,0,0,0
EOC3_PBMC_cell_TTGGAACAGAGTCGGT,0,0,0
EOC3_PBMC_cell_CCGTACTTCTGCTGCT,0,0,0
EOC3_PBMC_cell_CGTAGCGGTCGCGAAA,0,0,0
EOC3_PBMC_cell_TCGAGGCTCAGTACGT,0,0,0
EOC3_PBMC_cell_CGGGTCAAGTGGCACA,0,0,0
EOC3_PBMC_cell_ATGCGATTCAGCTTAG,0,0,0
EOC3_PBMC_cell_CGAGCACCAGGGTATG,0,0,0
EOC3_PBMC_cell_CTTACCGAGTTTCCTT,0,0,0
EOC3_PBMC_cell_AAGGAGCGTCATTAGC,0,0,0
EOC3_PBMC_cell_GCCAAATCACAGATTC,0,0,0
EOC3_PBMC_cell_TAGGCATAGCTCCCAG,0,0,0
EOC3_PBMC_cell_TTCGGTCCACGGCCAT,0,0,0
EOC3_PBMC_cell_CGGACTGTCACGAAGG,0,0,0
EOC3_PBMC_cell_GACTACAGTTAAGAAC,0,0,0
EOC3_PBMC_cell_CGGAGTCAGAGACTAT,0,0,0
EOC3_PBMC_cell_ACCCACTCACGTCAGC,0,0,0
EOC3_PBMC_cell_TCGGTAAAGTAAGTAC,0,0,0
EOC3_PBMC_cell_AAGACCTGTCGTTGTA,0,0,0
EOC3_PBMC_cell_GGGTCTGGTTTGGCGC,0,0,0
EOC3_PBMC_cell_CCAATCCGTGACTCAT,0,0,0
EOC3_PBMC_cell_TTCTCAACACAACGTT,0,0,0
EOC3_PBMC_cell_CCTAGCTGTGCGATAG,0,0,0
EOC3_PBMC_cell_GAAACTCCAGGGTATG,0,0,0
EOC3_PBMC_cell_GTAACGTGTCGTTGTA,0,0,0
EOC3_PBMC_cell_CGCTGGAAGTGACATA,0,0,0
EOC3_PBMC_cell_ACGTCAAGTGTTTGGT,0,0,0
EOC3_PBMC_cell_AGTGTCAGTAGGAGTC,0,0,0
EOC3_PBMC_cell_CTGTTTAAGCGCTCCA,0,0,0
EOC3_PBMC_cell_CACATTTGTTAGAACA,0,0,0
EOC3_PBMC_cell_TCCACACTCCTGTACC,0,0,0
EOC3_PBMC_cell_GTCACGGTCCGCAGTG,0,0,0
EOC3_PBMC_cell_CTCGAGGAGACCTTTG,0,0,0
EOC3_PBMC_cell_CAGCTAAAGCGATATA,0,0,0
EOC3_PBMC_cell_AGAGCTTAGACTGTAA,0,0,0
EOC3_PBMC_cell_AGGGTGACAAGACACG,0,0,0
EOC3_PBMC_cell_CGGGTCAGTCAAACTC,0,0,0
EOC3_PBMC_cell_ACTATCTAGACAGACC,0,0,0
EOC3_PBMC_cell_CCTAGCTAGCACACAG,0,0,0
EOC3_PBMC_cell_GGCTCGAGTTGTACAC,0,0,0
EOC3_PBMC_cell_ACTGAACGTATGAATG,0,0,0
EOC3_PBMC_cell_TCAATCTGTATCACCA,0,0,0
EOC3_PBMC_cell_CGTAGGCGTACTCTCC,0,0,0
EOC3_PBMC_cell_CGCCAAGTCCTTTCTC,0,0,0
EOC3_PBMC_cell_CGTAGCGGTGGCAAAC,0,0,0
EOC3_PBMC_cell_CGATGTATCAAGCCTA,0,0,0
EOC3_PBMC_cell_ATCCGAATCAATACCG,0,0,0
EOC3_PBMC_cell_TGGCGCATCATGGTCA,0,0,0
EOC3_PBMC_cell_CGTAGGCAGCGGCTTC,0,0,0
EOC3_PBMC_cell_TACACGACAGCCAATT,0,0,0
EOC3_PBMC_cell_TGACAACTCAACGGGA,0,0,0
EOC3_PBMC_cell_GTGCTTCCAACACCTA,0,0,0
EOC3_PBMC_cell_ACAGCTACATTGGGCC,0,0,0
EOC3_PBMC_cell_GCTCTGTGTAGGGTAC,0,0,0
EOC3_PBMC_cell_CATTCGCGTACGACCC,0,0,0
EOC3_PBMC_cell_TTCTCCTTCGTCCGTT,0,0,0
EOC3_PBMC_cell_ACGATACTCTTACCGC,0,0,0
EOC3_PBMC_cell_AATCGGTTCGCCTGTT,0,0,0
EOC3_PBMC_cell_TACTCATGTCCGTCAG,0,0,0
EOC3_PBMC_cell_CTGTGCTAGTCCCACG,0,0,0
EOC3_PBMC_cell_CCACTACAGCTGTCTA,0,0,0
EOC3_PBMC_cell_GACGCGTAGGAGTTTA,0,0,0
EOC3_PBMC_cell_CATCCACAGCAGGTCA,0,0,0
EOC3_PBMC_cell_AAAGTAGAGCGTCAAG,0,0,0
EOC3_PBMC_cell_GCATGATGTAGGGACT,0,0,0
EOC3_PBMC_cell_TGACTAGTCGAACTGT,0,0,0
EOC3_PBMC_cell_TCGCGAGGTGTTGAGG,0,0,0
EOC3_PBMC_cell_CTCTACGGTCTTGTCC,0,0,0
EOC3_PBMC_cell_CATCAAGAGCAATCTC,0,0,0
EOC3_PBMC_cell_TTAGGCAGTTACGGAG,0,0,0
EOC3_PBMC_cell_TTAACTCCAGTCAGAG,0,0,0
EOC3_PBMC_cell_ACGGGTCCAAGTAATG,0,0,0
EOC3_PBMC_cell_AAGGAGCGTGCAGGTA,0,0,0
EOC3_PBMC_cell_GGCTGGTCAATGTAAG,0,0,0
EOC3_PBMC_cell_CGTAGGCTCCACTGGG,0,0,0
EOC3_PBMC_cell_CATCAAGGTTGATTCG,0,0,0
EOC3_PBMC_cell_TCTCTAATCCAGAGGA,0,0,0
EOC3_PBMC_cell_AAGGAGCTCGGTGTTA,0,0,0
EOC3_PBMC_cell_CGTCACTCAACGCACC,0,0,0
EOC3_PBMC_cell_TATTACCCAACGATCT,0,0,0
EOC3_PBMC_cell_CGTTGGGCATTCGACA,0,0,0
EOC3_PBMC_cell_CACACCTTCAAAGACA,0,0,0
EOC3_PBMC_cell_ATTTCTGCACTACAGT,0,0,0
EOC3_PBMC_cell_ACTGTCCAGCTAAGAT,0,0,0
EOC3_PBMC_cell_CGTGTCTAGACGCACA,0,0,0
EOC3_PBMC_cell_TTGGCAAAGTTTAGGA,0,0,0
EOC3_PBMC_cell_CAAGATCAGGGATACC,0,0,0
EOC3_PBMC_cell_GGAATAATCCGCGCAA,0,0,0
EOC3_PBMC_cell_TCACGAAAGAATTCCC,0,0,0
EOC3_PBMC_cell_CGACTTCTCAGGCGAA,0,0,0
EOC3_PBMC_cell_TGCACCTCACGGCCAT,0,0,0
EOC3_PBMC_cell_ACATACGGTTCCCGAG,0,0,0
EOC3_PBMC_cell_TACTTGTAGCGTTGCC,0,0,0
EOC3_PBMC_cell_ACACCAATCAGGTAAA,0,0,0
EOC3_PBMC_cell_ACGGGCTAGCATCATC,0,0,0
EOC3_PBMC_cell_TCAACGACAGTGGAGT,0,0,0
EOC3_PBMC_cell_ATTATCCAGTAAGTAC,0,0,0
EOC3_PBMC_cell_AAAGATGCAAAGGCGT,0,0,0
EOC3_PBMC_cell_ATTGGACCACCAACCG,0,0,0
EOC3_PBMC_cell_TAAGCGTTCCCATTTA,0,0,0
EOC3_PBMC_cell_GATCGATCAAGCTGTT,0,0,0
EOC3_PBMC_cell_TCATTTGGTTTGGCGC,0,0,0
EOC3_PBMC_cell_GAATAAGAGTGAACGC,0,0,0
EOC3_PBMC_cell_GCTGCGAGTTCCCTTG,0,0,0
EOC3_PBMC_cell_CAAGATCCATAGAAAC,0,0,0
EOC3_PBMC_cell_CTACACCAGAATCTCC,0,0,0
EOC3_PBMC_cell_GTATTCTAGATATGCA,0,0,0
EOC3_PBMC_cell_AAGTCTGCACCCATTC,0,0,0
EOC3_PBMC_cell_ACGATACGTCCGAGTC,0,0,0
EOC3_PBMC_cell_CTAGCCTCATACCATG,0,0,0
EOC3_PBMC_cell_CCGTGGAGTCTCCCTA,0,0,0
EOC3_PBMC_cell_GACGTTAAGTACGCGA,0,0,0
EOC3_PBMC_cell_TGGCGCATCCGCAGTG,0,0,0
EOC3_PBMC_cell_TGAAAGAAGATAGTCA,0,0,0
EOC3_PBMC_cell_CTGTGCTCAGATGAGC,0,0,0
EOC3_PBMC_cell_GTCTTCGGTCCGTCAG,0,0,0
EOC3_PBMC_cell_TATCTCACAAACTGTC,0,0,0
EOC3_PBMC_cell_CACAAACAGCTGGAAC,0,0,0
EOC3_PBMC_cell_TTAACTCTCAGTTTGG,0,0,0
EOC3_PBMC_cell_CCATGTCTCCCATTTA,0,0,0
EOC3_PBMC_cell_GTGAAGGGTAAGTGGC,0,0,0
EOC3_PBMC_cell_CGTCACTCAATTGCTG,0,0,0
EOC3_PBMC_cell_GGAATAAAGCGGATCA,0,0,0
EOC3_PBMC_cell_GCATGTATCTGATTCT,0,0,0
EOC3_PBMC_cell_ATAGACCGTAGCTTGT,0,0,0
EOC3_PBMC_cell_GTCCTCATCATGTCTT,0,0,0
EOC3_PBMC_cell_ATTACTCCAGACTCGC,0,0,0
EOC3_PBMC_cell_TATGCCCAGTCACGCC,0,0,0
EOC3_PBMC_cell_ACTTGTTAGTTATCGC,0,0,0
EOC3_PBMC_cell_GGACAAGAGTGACTCT,0,0,0
EOC3_PBMC_cell_CAGCATAGTGACTCAT,0,0,0
EOC3_PBMC_cell_GCAGCCAAGACTCGGA,0,0,0
EOC3_PBMC_cell_ACCTTTATCAGCTGGC,0,0,0
EOC3_PBMC_cell_GTATCTTCAGTGAGTG,0,0,0
EOC3_PBMC_cell_GGCTCGACAGTTTACG,0,0,0
EOC3_PBMC_cell_TCTTCGGCATCGATGT,0,0,0
EOC3_PBMC_cell_CTACATTAGAGCCTAG,0,0,0
EOC3_PBMC_cell_CGATGTAAGTTGTAGA,0,0,0
EOC3_PBMC_cell_AAACGGGGTATGGTTC,0,0,0
EOC3_PBMC_cell_ATCTGCCTCGTCCGTT,0,0,0
EOC3_PBMC_cell_TGCTGCTGTATAGGTA,0,0,0
EOC3_PBMC_cell_GCATGATTCAACACGT,0,0,0
EOC3_PBMC_cell_AGTTGGTAGAATGTTG,0,0,0
EOC3_PBMC_cell_TGCACCTCAAGTTGTC,0,0,0
EOC3_PBMC_cell_TAGACCACATACGCCG,0,0,0
EOC3_PBMC_cell_GTCCTCATCTGTCTCG,0,0,0
EOC3_PBMC_cell_CACCTTGTCTACTATC,0,0,0
EOC3_PBMC_cell_CAGCTAATCTCGTTTA,0,0,0
EOC3_PBMC_cell_CTCAGAAGTGACAAAT,0,0,0
EOC3_PBMC_cell_ACTTGTTAGGAGCGAG,0,0,0
EOC3_PBMC_cell_CTTTGCGCAAGTTAAG,0,0,0
EOC3_PBMC_cell_CGTCACTAGGAATTAC,0,0,0
EOC3_PBMC_cell_TAGCCGGGTGGTAACG,0,0,0
EOC3_PBMC_cell_ACTATCTAGACAAGCC,0,0,0
EOC3_PBMC_cell_GATCGCGAGGTCATCT,0,0,0
EOC3_PBMC_cell_GGGTCTGGTCGCATAT,0,0,0
EOC3_PBMC_cell_TCAGGATTCTTCAACT,0,0,0
EOC3_PBMC_cell_ATCACGACAAGCGAGT,0,0,0
EOC3_PBMC_cell_CTAACTTTCGGATGGA,0,0,0
EOC3_PBMC_cell_CCGTACTGTTACAGAA,0,0,0
EOC3_PBMC_cell_TCTCATAAGGTAAACT,0,0,0
EOC3_PBMC_cell_AAAGCAACATGCTAGT,0,0,0
EOC3_PBMC_cell_ACGCCGACAATGGACG,0,0,0
EOC3_PBMC_cell_TGAGCCGTCGGCGCTA,0,0,0
EOC3_PBMC_cell_TGAGCATGTTTGGGCC,0,0,0
EOC3_PBMC_cell_GATTCAGCAAACTGTC,0,0,0
EOC3_PBMC_cell_GCAATCATCGTCACGG,0,0,0
EOC3_PBMC_cell_GCGCCAACACACGCTG,0,0,0
EOC3_PBMC_cell_GCACTCTGTCGAAAGC,0,0,0
EOC3_PBMC_cell_TTTCCTCAGTCCGTAT,0,0,0
EOC3_PBMC_cell_GTCTTCGTCCCAAGTA,0,0,0
EOC3_PBMC_cell_GGACAGAAGTCCGTAT,0,0,0
EOC3_PBMC_cell_GAATAAGTCAGTTAGC,0,0,1
EOC3_PBMC_cell_CCTAGCTCATGTAAGA,0,0,0
EOC3_PBMC_cell_GCAATCAAGTGTCTCA,0,0,0
EOC3_PBMC_cell_TGGCCAGTCAAGGCTT,0,0,0
EOC3_PBMC_cell_CCATGTCCAGTAGAGC,0,0,0
EOC3_PBMC_cell_AGACGTTTCACCTCGT,0,0,0
EOC3_PBMC_cell_TGGACGCAGAATTCCC,0,0,0
EOC3_PBMC_cell_GACGCGTCAGGCTGAA,0,0,0
EOC3_PBMC_cell_TCTTTCCGTTAAGATG,0,0,0
EOC3_PBMC_cell_CTTGGCTGTTGTGGCC,0,0,0
EOC3_PBMC_cell_CACAGGCAGGGCACTA,0,0,0
EOC3_PBMC_cell_CGCTGGAGTAAGTGGC,0,0,0
EOC3_PBMC_cell_CACATAGAGTGAACAT,0,0,0
EOC3_PBMC_cell_ACACCCTCAAGCGCTC,0,0,0
EOC3_PBMC_cell_ACACCCTGTCCGAATT,0,0,0
EOC3_PBMC_cell_CTCCTAGCACAACGCC,0,0,0
EOC3_PBMC_cell_CGGACACTCTAGAGTC,0,0,0
EOC3_PBMC_cell_AAAGATGAGACTAGAT,0,0,0
EOC3_PBMC_cell_AGATTGCGTGACAAAT,0,0,0
EOC3_PBMC_cell_GTGAAGGCAAGCCTAT,0,0,0
EOC3_PBMC_cell_CGATCGGGTGCCTGGT,0,0,0
EOC3_PBMC_cell_TCGTAGACACCAACCG,0,0,0
EOC3_PBMC_cell_CACAGTAAGGGCTTGA,0,0,0
EOC3_PBMC_cell_CCGGGATCAGTTCCCT,0,0,0
EOC3_PBMC_cell_GCCAAATCAGCTCGAC,0,0,0
EOC3_PBMC_cell_GTGCAGCCAATGACCT,0,0,0
EOC3_PBMC_cell_TATGCCCAGTGTACTC,0,0,0
EOC3_PBMC_cell_CGTTCTGGTTGATTCG,0,0,0
EOC3_PBMC_cell_GGCTCGAGTCTCCACT,0,0,0
EOC3_PBMC_cell_CTGTTTAAGGCATTGG,0,0,0
EOC3_PBMC_cell_CCTATTACACCAGTTA,0,0,0
EOC3_PBMC_cell_GCAGTTACAAATCCGT,0,0,0
EOC3_PBMC_cell_CGCCAAGTCCGTAGTA,0,0,0
EOC3_PBMC_cell_TCGCGTTCACACCGCA,0,0,0
EOC3_PBMC_cell_GTATCTTAGTGTTTGC,0,0,0
EOC3_PBMC_cell_CCACCTACATGCCCGA,0,0,0
EOC3_PBMC_cell_AAGGCAGGTGTCCTCT,0,0,0
EOC3_PBMC_cell_ATTCTACAGTTTAGGA,0,0,0
EOC3_PBMC_cell_GTCGTAACACTGCCAG,0,0,0
EOC3_PBMC_cell_GCATGCGAGCTAGGCA,0,0,0
EOC3_PBMC_cell_GGTGCGTGTTTAGGAA,0,0,0
EOC3_PBMC_cell_TGGGCGTGTTTGGCGC,0,0,0
EOC3_PBMC_cell_GCAATCATCGCCCTTA,0,0,0
EOC3_PBMC_cell_ACAGCCGTCCTAAGTG,0,0,0
EOC3_PBMC_cell_TCGGTAACAGACAAAT,0,0,0
EOC3_PBMC_cell_AAGGAGCTCTTGACGA,0,0,0
EOC3_PBMC_cell_TTAGTTCGTCCAACTA,0,0,0
EOC3_PBMC_cell_CAGTAACGTCAACATC,0,0,0
EOC3_PBMC_cell_TGAGCCGAGAGCTATA,0,0,0
EOC3_PBMC_cell_GCATGCGGTAAATGTG,0,0,0
EOC3_PBMC_cell_CGGTTAAGTGTTGAGG,0,0,0
EOC3_PBMC_cell_CATCGGGCAAGTTGTC,0,0,0
EOC3_PBMC_cell_CAACCAATCGGATGTT,0,0,0
EOC3_PBMC_cell_CTGCTGTCAAAGGTGC,0,0,0
EOC3_PBMC_cell_CGGCTAGGTCTTCAAG,0,0,0
EOC3_PBMC_cell_TGGGCGTCAAGGTTTC,0,0,0
EOC3_PBMC_cell_CCTTTCTTCTGCGTAA,0,0,0
EOC3_PBMC_cell_TGAGAGGTCTGAGTGT,0,0,0
EOC3_PBMC_cell_CGTTGGGGTCTGCAAT,0,0,0
EOC3_PBMC_cell_CGAACATAGACATAAC,0,0,0
EOC3_PBMC_cell_TGGCGCACACTAGTAC,0,0,0
EOC3_PBMC_cell_GGACGTCGTACAGTTC,0,0,0
EOC3_PBMC_cell_AGCGTCGGTAAACACA,0,0,0
EOC3_PBMC_cell_TAAACCGTCGGATGTT,0,0,0
EOC3_PBMC_cell_AAATGCCGTCTCTTAT,0,0,0
EOC3_PBMC_cell_TGATTTCTCTTGCAAG,0,0,0
EOC3_PBMC_cell_CATATGGGTCTAGTCA,0,0,0
EOC3_PBMC_cell_GAGCAGAGTAAACACA,0,0,0
EOC3_PBMC_cell_GCGAGAAGTCTAAACC,0,0,0
EOC3_PBMC_cell_TAGCCGGCAATCAGAA,0,0,0
EOC3_PBMC_cell_GGAAAGCCAGATCTGT,0,0,0
EOC3_PBMC_cell_CTAGCCTGTCTGCGGT,0,0,0
EOC3_PBMC_cell_CTGCGGACAGATCTGT,0,0,0
EOC3_PBMC_cell_GTGCGGTTCACCCGAG,0,0,0
EOC3_PBMC_cell_ATCTGCCCAAGAGGCT,0,0,0
EOC3_PBMC_cell_AAAGTAGCACCAGGCT,0,0,0
EOC3_PBMC_cell_GTGGGTCCATTGGGCC,0,0,0
EOC3_PBMC_cell_AAGGAGCAGTGGTAGC,0,0,0
EOC3_PBMC_cell_TGCTGCTGTCGCGGTT,0,0,0
EOC3_PBMC_cell_CAGTAACAGAGGACGG,0,0,0
EOC3_PBMC_cell_TATCAGGTCTTACCTA,0,0,0
EOC3_PBMC_cell_CGTCTACGTTGAGTTC,0,0,0
EOC3_PBMC_cell_TCGCGTTTCCGAATGT,0,0,0
EOC3_PBMC_cell_TATTACCGTAGCCTCG,0,0,0
EOC3_PBMC_cell_AAGGAGCTCGAGGTAG,0,0,0
EOC3_PBMC_cell_GACAGAGGTTTAGCTG,0,0,0
EOC3_PBMC_cell_GGGATGACATACGCTA,0,0,0
EOC3_PBMC_cell_GGAATAAGTTACGGAG,0,0,0
EOC3_PBMC_cell_GAACCTACAGTGGAGT,0,0,0
EOC3_PBMC_cell_CTCGGAGTCGAACGGA,0,0,0
EOC3_PBMC_cell_CCCTCCTCATTCGACA,0,0,0
EOC3_PBMC_cell_CATGACACATTAGCCA,0,0,0
EOC3_PBMC_cell_GCTGCGAAGGACAGCT,0,0,0
EOC3_PBMC_cell_CGGACTGAGCAATATG,0,0,0
EOC3_PBMC_cell_GGACATTCACTAGTAC,0,0,0
EOC3_PBMC_cell_GTGGGTCAGTTGAGAT,0,0,0
EOC3_PBMC_cell_GTCGTAAGTCCGAAGA,0,0,0
EOC3_PBMC_cell_CGGTTAAAGTAACCCT,0,0,0
EOC3_PBMC_cell_AACTCCCGTCCAGTTA,0,0,0
EOC3_PBMC_cell_ACGTCAAGTCAAGCGA,0,0,0
EOC3_PBMC_cell_CACCACTGTATCGCAT,0,0,0
EOC3_PBMC_cell_ACTGATGAGGACGAAA,0,0,0
EOC3_PBMC_cell_GGGACCTAGAGAGCTC,0,0,0
EOC3_PBMC_cell_CAGATCAGTGGTTTCA,0,0,0
EOC3_PBMC_cell_GGTGAAGAGATGGGTC,0,0,0
EOC3_PBMC_cell_TTAGTTCGTCGCCATG,0,0,0
EOC3_PBMC_cell_GTTAAGCCAACTGCTA,0,0,0
EOC3_PBMC_cell_AGCGGTCTCCGCATCT,0,0,0
EOC3_PBMC_cell_CACCTTGGTGAAAGAG,0,0,0
EOC3_PBMC_cell_AGCCTAATCCACTCCA,0,0,0
EOC3_PBMC_cell_AGCTTGATCCCTAACC,0,0,0
EOC3_PBMC_cell_CCATTCGTCAACCATG,0,0,0
EOC3_PBMC_cell_GATCTAGTCACATACG,0,0,0
EOC3_PBMC_cell_GGCCGATAGGGCACTA,0,0,0
EOC3_PBMC_cell_AAGCCGCGTCTAGTGT,0,0,0
EOC3_PBMC_cell_AGTGTCATCTGGCGTG,0,0,0
EOC3_PBMC_cell_GGAACTTAGCCGTCGT,0,0,0
EOC3_PBMC_cell_CGACCTTCAAGCCGTC,0,0,0
EOC3_PBMC_cell_TCGTAGATCATCGCTC,0,0,0
EOC3_PBMC_cell_AGGTCATGTGTAACGG,0,0,0
EOC3_PBMC_cell_TGCGCAGAGCTCTCGG,0,0,0
EOC3_PBMC_cell_TGTTCCGGTAAAGGAG,0,0,0
EOC3_PBMC_cell_GGATGTTGTCCATGAT,0,0,0
EOC3_PBMC_cell_ATCATGGTCTTTACAC,0,0,0
EOC3_PBMC_cell_TTTGCGCAGAGTGAGA,0,0,0
EOC3_PBMC_cell_GGGATGACAGGGTATG,0,0,0
EOC3_PBMC_cell_CACACTCCACTGTGTA,0,0,0
EOC3_PBMC_cell_TCTGGAATCGCGTAGC,0,0,0
EOC3_PBMC_cell_ATCGAGTAGGCTCTTA,0,0,0
EOC3_PBMC_cell_TTAGTTCAGACGACGT,0,0,0
EOC3_PBMC_cell_CAGAGAGTCTCCGGTT,0,0,0
EOC3_PBMC_cell_CTTAACTTCTAACTCT,0,0,0
EOC3_PBMC_cell_TGGCGCAGTTGAACTC,0,0,0
EOC3_PBMC_cell_TCTGAGACAAAGCGGT,0,0,0
EOC3_PBMC_cell_CTGGTCTGTAGTACCT,0,0,0
EOC3_PBMC_cell_CATTATCTCTGCCAGG,0,0,0
EOC3_PBMC_cell_TGTCCCATCTAACTTC,0,0,0
EOC3_PBMC_cell_TCTTCGGCACGAAAGC,0,0,0
EOC3_PBMC_cell_GAGTCCGCAACACGCC,0,0,0
EOC3_PBMC_cell_TCAGATGAGGAGTTGC,0,0,0
EOC3_PBMC_cell_TAAGTGCGTGCAACGA,0,0,0
EOC3_PBMC_cell_CACACCTTCCTTGACC,0,0,0
EOC3_PBMC_cell_CCAGCGAAGACGACGT,0,0,0
EOC3_PBMC_cell_CGTGTCTAGTCACGCC,0,0,0
EOC3_PBMC_cell_AGGTCATAGGGATACC,0,0,0
EOC3_PBMC_cell_CGGGTCATCGCAAGCC,0,0,0
EOC3_PBMC_cell_AGTTGGTCATGACATC,0,0,0
EOC3_PBMC_cell_TGGCTGGCAAACCTAC,0,0,0
EOC3_PBMC_cell_CGCTTCAGTTTAGGAA,0,0,0
EOC3_PBMC_cell_GCTGGGTTCACCTCGT,0,0,0
EOC3_PBMC_cell_GTCATTTTCCGCATAA,0,0,0
EOC3_PBMC_cell_GTCATTTTCACTTCAT,0,0,0
EOC3_PBMC_cell_CATGGCGCACTACAGT,0,0,0
EOC3_PBMC_cell_CACAAACCATGGTCTA,0,0,0
EOC3_PBMC_cell_GCAAACTCACCAGGTC,0,0,0
EOC3_PBMC_cell_TCCCGATGTCTCCATC,0,0,0
EOC3_PBMC_cell_AAACGGGGTCGACTAT,0,0,0
EOC3_PBMC_cell_CTGCTGTTCGCGGATC,0,0,0
EOC3_PBMC_cell_CAGCAGCGTGTTCTTT,0,0,0
EOC3_PBMC_cell_TCGGTAACAGCTTAAC,0,0,0
EOC3_PBMC_cell_ACTTACTGTAAGAGAG,0,0,0
EOC3_PBMC_cell_GTAGTCAAGCTGAAAT,0,0,0
EOC3_PBMC_cell_AGGGATGAGCAGGCTA,0,0,0
EOC3_PBMC_cell_ATCATGGTCGTAGGTT,0,0,0
EOC3_PBMC_cell_CGGTTAAAGCACGCCT,0,0,0
EOC3_PBMC_cell_TATCTCAGTAGGGTAC,0,0,0
EOC3_PBMC_cell_GTGTTAGAGGAACTGC,0,0,0
EOC3_PBMC_cell_GTTACAGTCCTGCTTG,0,0,0
EOC3_PBMC_cell_GAATGAATCTCGCATC,0,0,0
EOC3_PBMC_cell_TGGACGCCATTGGTAC,0,0,0
EOC3_PBMC_cell_CTAGAGTTCACGCATA,0,0,0
EOC3_PBMC_cell_AGCCTAATCTTAGCCC,0,0,0
EOC3_PBMC_cell_CACAGTATCCATGAGT,0,0,0
EOC3_PBMC_cell_CTGTGCTGTGCGAAAC,0,0,0
EOC3_PBMC_cell_GGAAAGCGTGTGGCTC,0,0,0
EOC3_PBMC_cell_ACACTGAAGAGATGAG,0,0,0
EOC3_PBMC_cell_AGTAGTCGTCTCACCT,0,0,0
EOC3_PBMC_cell_CTCGAGGGTTCCACGG,0,0,0
EOC3_PBMC_cell_TACTTGTGTGAGTGAC,0,0,0
EOC3_PBMC_cell_ACACCGGAGAACTCGG,0,0,0
EOC3_PBMC_cell_GTAACTGCAGCAGTTT,0,0,0
EOC3_PBMC_cell_ATCCACCTCCACGAAT,0,0,0
EOC3_PBMC_cell_GTACGTACAGCTGCTG,0,0,0
EOC3_PBMC_cell_CATCGAATCTCTGAGA,0,0,0
EOC3_PBMC_cell_CGGTTAACATGGATGG,0,0,0
EOC3_PBMC_cell_TTCTCCTTCAGCTGGC,0,0,0
EOC3_PBMC_cell_ACTGTCCAGAATAGGG,0,0,0
EOC3_PBMC_cell_CTCGGAGTCGGCGGTT,0,0,0
EOC3_PBMC_cell_AAAGTAGAGGAACTGC,0,0,0
EOC3_PBMC_cell_CGCTATCTCCTGTAGA,0,0,0
EOC3_PBMC_cell_AGAATAGGTGTTGAGG,0,0,0
EOC3_PBMC_cell_GGACATTGTCCCTTGT,0,0,0
EOC3_PBMC_cell_ATTGGACCACGGTGTC,0,0,0
EOC3_PBMC_cell_CCACTACGTACTCAAC,0,0,0
EOC3_PBMC_cell_AAGACCTCAGGTTTCA,0,0,0
EOC3_PBMC_cell_CAAGGCCGTAAACACA,0,0,0
EOC3_PBMC_cell_CGGACGTAGGAGCGTT,0,0,0
EOC3_PBMC_cell_TGGCCAGTCATCTGCC,0,0,0
EOC3_PBMC_cell_ATTCTACGTGCTCTTC,0,0,0
EOC3_PBMC_cell_GGACGTCTCCTCGCAT,0,0,0
EOC3_PBMC_cell_GGACAAGAGGTACTCT,0,0,0
EOC3_PBMC_cell_TCAGCTCAGGGTCTCC,0,0,0
EOC3_PBMC_cell_CACAAACTCGCTGATA,0,0,0
EOC3_PBMC_cell_GTCGGGTCACAAGACG,0,0,0
EOC3_PBMC_cell_ATTTCTGCACATCCGG,0,0,0
EOC3_PBMC_cell_CATTCGCTCCGCTGTT,0,0,0
EOC3_PBMC_cell_TTATGCTTCTAGAGTC,0,0,0
EOC3_PBMC_cell_GACGGCTGTAGCGATG,0,0,0
EOC3_PBMC_cell_CACATAGGTGTGTGCC,0,0,0
EOC3_PBMC_cell_TCTCTAATCGCATGGC,0,0,0
EOC3_PBMC_cell_CTGAAGTAGATGTGTA,0,0,0
EOC3_PBMC_cell_CGCGGTAGTGTTGAGG,0,0,0
EOC3_PBMC_cell_TCGTACCCATGCCTAA,0,0,0
EOC3_PBMC_cell_GGACGTCGTAGCTAAA,0,0,0
EOC3_PBMC_cell_TATCAGGTCCAAACAC,0,0,0
EOC3_PBMC_cell_GACGCGTCATTGAGCT,0,0,0
EOC3_PBMC_cell_GATCAGTGTATTCGTG,0,0,0
EOC3_PBMC_cell_ACGGGTCAGTTGCAGG,0,0,0
EOC3_PBMC_cell_GTGCAGCTCATCTGTT,0,0,0
EOC3_PBMC_cell_AAAGCAAAGGCGATAC,0,0,0
EOC3_PBMC_cell_TCGTACCGTAAAGTCA,0,0,0
EOC3_PBMC_cell_ACTATCTCACGAGAGT,0,0,0
EOC3_PBMC_cell_GTGCATAAGAAGATTC,0,0,0
EOC3_PBMC_cell_TCGCGTTAGTTACCCA,0,0,0
EOC3_PBMC_cell_TCCACACGTATATCCG,0,0,0
EOC3_PBMC_cell_ACTGAGTTCAGTCAGT,0,0,0
EOC3_PBMC_cell_CACACAAAGTGTACCT,0,0,0
EOC3_PBMC_cell_CTCTGGTAGCACACAG,0,0,0
EOC3_PBMC_cell_ACAGCTAAGAGTACCG,0,0,0
EOC3_PBMC_cell_CCTCTGAGTCGACTAT,0,0,0
EOC3_PBMC_cell_TTCGAAGAGTACGTTC,0,0,0
EOC3_PBMC_cell_CTGAAGTCATTCACTT,0,0,0
EOC3_PBMC_cell_CTCGAGGGTTTAAGCC,0,0,0
EOC3_PBMC_cell_CAGAGAGAGAGACTTA,0,0,0
EOC3_PBMC_cell_GGCGACTGTGTTAAGA,0,0,0
EOC3_PBMC_cell_CAAGGCCCACGGCCAT,0,0,0
EOC3_PBMC_cell_GGCTGGTCAGTAGAGC,0,0,0
EOC3_PBMC_cell_TACGGTACAATCGAAA,0,0,0
EOC3_PBMC_cell_CGGAGCTCATGTCCTC,0,0,0
EOC3_PBMC_cell_CTGCGGACATGCAACT,0,0,0
EOC3_PBMC_cell_TGGCGCAGTCCAGTTA,0,0,0
EOC3_PBMC_cell_CTCGGAGGTATAGTAG,0,0,0
EOC3_PBMC_cell_TATGCCCCAATTCCTT,0,0,0
EOC3_PBMC_cell_TCAGGTACAGCAGTTT,0,0,0
EOC3_PBMC_cell_TTAGGCACATGACATC,0,0,0
EOC3_PBMC_cell_TGGTTCCGTATTCTCT,0,0,0
EOC3_PBMC_cell_CAGATCACAAATACAG,0,0,0
EOC3_PBMC_cell_TAGAGCTCACGGCCAT,0,0,0
EOC3_PBMC_cell_CGCCAAGGTGAAAGAG,0,0,0
EOC3_PBMC_cell_ACTGAACTCGATCCCT,0,0,0
EOC3_PBMC_cell_GCGCAACGTCTGGAGA,0,0,0
EOC3_PBMC_cell_CGTAGGCTCCAGAGGA,0,0,0
EOC3_PBMC_cell_GATCAGTGTTCTCATT,0,0,0
EOC3_PBMC_cell_GACACGCTCTTGGGTA,0,0,0
EOC3_PBMC_cell_GGATTACGTGCTGTAT,0,0,0
EOC3_PBMC_cell_GTACGTACATTGGTAC,0,0,0
EOC3_PBMC_cell_AACCGCGCACTGTGTA,0,0,0
EOC3_PBMC_cell_GAGCAGAGTTGCTCCT,0,0,0
EOC3_PBMC_cell_TGAGCCGCAATGGAAT,0,0,0
EOC3_PBMC_cell_AGCAGCCCAAGAGTCG,0,0,0
EOC3_PBMC_cell_TAGACCACAAACCTAC,0,0,0
EOC3_PBMC_cell_TGACAACCATCCTAGA,0,0,0
EOC3_PBMC_cell_CCGTTCAGTCTGGTCG,0,0,0
EOC3_PBMC_cell_ATTGGTGTCACTATTC,0,0,0
EOC3_PBMC_cell_GTCGGGTAGAGTAATC,0,0,0
EOC3_PBMC_cell_TAAGTGCAGATCCTGT,0,0,0
EOC3_PBMC_cell_CGAGCACTCCTTGCCA,0,0,0
EOC3_PBMC_cell_TGAGCCGAGGTAAACT,0,0,0
EOC3_PBMC_cell_AGTCTTTAGAGAACAG,0,0,0
EOC3_PBMC_cell_AACCGCGTCGCAAACT,0,0,0
EOC3_PBMC_cell_AGCATACTCACAAACC,0,0,0
EOC3_PBMC_cell_CACCAGGCAATCGAAA,0,0,0
EOC3_PBMC_cell_CCTTCGAGTCCTGCTT,0,0,0
EOC3_PBMC_cell_CGCGGTACAGATTGCT,0,0,0
EOC3_PBMC_cell_ACATCAGGTACAGTTC,0,0,0
EOC3_PBMC_cell_CAGTAACCATCGGAAG,0,0,0
EOC3_PBMC_cell_CATGCCTCACCAGTTA,0,0,0
EOC3_PBMC_cell_CTCGGGACACGGCGTT,0,0,0
EOC3_PBMC_cell_GCAATCAAGTCTCAAC,0,0,0
EOC3_PBMC_cell_CTAGAGTTCGACCAGC,0,0,0
EOC3_PBMC_cell_CGAATGTCAGAAGCAC,0,0,0
EOC3_PBMC_cell_CTAAGACGTACCGCTG,0,0,0
EOC3_PBMC_cell_GAGTCCGTCATTGCCC,0,0,0
EOC3_PBMC_cell_AGTGTCAAGACAGACC,0,0,0
EOC3_PBMC_cell_GAAATGAGTAAGAGAG,0,0,0
EOC3_PBMC_cell_ACTGATGGTAGCCTAT,0,0,0
EOC3_PBMC_cell_ACTTACTTCTCAACTT,0,0,0
EOC3_PBMC_cell_GGGCATCGTCAAAGCG,0,0,0
EOC3_PBMC_cell_TAAGTGCAGGACACCA,0,0,0
EOC3_PBMC_cell_GAGGTGATCACCAGGC,0,0,0
EOC3_PBMC_cell_CTGTTTACATTAGCCA,0,0,0
EOC3_PBMC_cell_GCTTGAAAGCACGCCT,0,0,0
EOC3_PBMC_cell_CTAAGACGTGTGTGCC,0,0,0
EOC3_PBMC_cell_TTGGCAATCGCACTCT,0,0,0
EOC3_PBMC_cell_CGGAGTCCACGTTGGC,0,0,0
EOC3_PBMC_cell_AACTCTTAGTTAGGTA,0,0,0
EOC3_PBMC_cell_CTCACACCAGTCAGAG,0,0,0
EOC3_PBMC_cell_TACTTACGTTAAGGGC,0,0,0
EOC3_PBMC_cell_CCATTCGCAGCTGTGC,0,0,0
EOC3_PBMC_cell_TACGGTAGTAGCGTAG,0,0,0
EOC3_PBMC_cell_GTAACTGGTGGTACAG,0,0,0
EOC3_PBMC_cell_CTACGTCCACATCTTT,0,0,0
EOC3_PBMC_cell_GACGCGTAGTTGAGAT,0,0,0
EOC3_PBMC_cell_CAGCCGAAGTGTACCT,0,0,0
EOC3_PBMC_cell_AGGCCGTTCCGTAGGC,0,0,0
EOC3_PBMC_cell_GGAATAACATGCATGT,0,0,0
EOC3_PBMC_cell_GCAAACTCATTAGGCT,0,0,0
EOC3_PBMC_cell_TTTGTCAGTCTCAACA,0,0,0
EOC3_PBMC_cell_TGAGGGAGTTCATGGT,0,0,0
EOC3_PBMC_cell_TTTGTCACAATGTTGC,0,0,0
EOC3_PBMC_cell_CTCAGAAAGCCAACAG,0,0,0
EOC3_PBMC_cell_GATCGCGCAGCGATCC,0,0,0
EOC3_PBMC_cell_TGACAACCATAGACTC,0,0,0
EOC3_PBMC_cell_ACGGGCTAGGCCCTTG,0,0,0
EOC3_PBMC_cell_GTAACTGCAAGCGAGT,0,0,0
EOC3_PBMC_cell_TAAACCGCACTGTCGG,0,0,0
EOC3_PBMC_cell_CGGGTCACACGTAAGG,0,0,0
EOC3_PBMC_cell_CCGGGATTCGGATGTT,0,0,0
EOC3_PBMC_cell_CACTCCAGTGATAAGT,0,0,0
EOC3_PBMC_cell_CCACTACCATGCAACT,0,0,0
EOC3_PBMC_cell_GAAGCAGCATACCATG,0,0,0
EOC3_PBMC_cell_CACATAGGTAGGAGTC,0,0,0
EOC3_PBMC_cell_AGAATAGCATTTCAGG,0,0,0
EOC3_PBMC_cell_AAGGTTCAGCGAAGGG,0,0,0
EOC3_PBMC_cell_CCAATCCAGAACTCGG,0,0,0
EOC3_PBMC_cell_TACTCATCAAGGTTCT,0,0,0
EOC3_PBMC_cell_GAACGGAAGGCATTGG,0,0,0
EOC3_PBMC_cell_GTCACAATCACTCTTA,0,0,0
EOC3_PBMC_cell_CTCAGAACACGAAATA,0,0,0
EOC3_PBMC_cell_TCAGGTATCGCGTAGC,0,0,0
EOC3_PBMC_cell_AGATCTGAGGCACATG,0,0,0
EOC3_PBMC_cell_CATCGAAAGTACGACG,0,0,0
EOC3_PBMC_cell_CTTTGCGAGATGGCGT,0,0,0
EOC3_PBMC_cell_TTGAACGGTAGGGTAC,0,0,0
EOC3_PBMC_cell_ATTGGACGTTCATGGT,0,0,0
EOC3_PBMC_cell_GTATTCTGTGTGACCC,0,0,0
EOC3_PBMC_cell_TGCACCTAGACACGAC,0,0,0
EOC3_PBMC_cell_AGCTCTCAGTTATCGC,0,0,0
EOC3_PBMC_cell_TAGAGCTGTAAACCTC,0,0,0
EOC3_PBMC_cell_CGTCACTAGAGGTTGC,0,0,0
EOC3_PBMC_cell_TAAGAGATCAATACCG,0,0,0
EOC3_PBMC_cell_AGCGTCGAGCCAGGAT,0,0,0
EOC3_PBMC_cell_TTCTCAAGTATATCCG,0,0,0
EOC3_PBMC_cell_AAACGGGCAATCCGAT,0,0,0
EOC3_PBMC_cell_CTTCTCTGTCCCGACA,0,0,0
EOC3_PBMC_cell_CCGGTAGTCATCTGCC,0,0,0
EOC3_PBMC_cell_CGACCTTCAACAACCT,0,0,0
EOC3_PBMC_cell_GACACGCGTGTGCGTC,0,0,0
EOC3_PBMC_cell_CTACCCATCTCTTGAT,0,0,0
EOC3_PBMC_cell_TAAGAGACACGGTAGA,0,0,0
EOC3_PBMC_cell_CTCCTAGGTCTAAAGA,0,0,0
EOC3_PBMC_cell_AGTTGGTCAGATTGCT,0,0,0
EOC3_PBMC_cell_CCGGGATCAACGCACC,0,0,0
EOC3_PBMC_cell_TGATTTCCACGGTAGA,0,0,0
EOC3_PBMC_cell_GCATGTAGTTAGAACA,0,0,0
EOC3_PBMC_cell_ACAGCTAAGAGGGCTT,0,0,0
EOC3_PBMC_cell_CCTCAGTGTGCCTGCA,0,0,0
EOC3_PBMC_cell_GGGAATGGTGTGACGA,0,0,0
EOC3_PBMC_cell_CCACTACAGGTACTCT,0,0,0
EOC3_PBMC_cell_TTAGGCAGTCCGAGTC,0,0,0
EOC3_PBMC_cell_ACACCGGAGCCCAACC,0,0,0
EOC3_PBMC_cell_CAGGTGCTCATTATCC,0,0,0
EOC3_PBMC_cell_ACGATACTCTGCAAGT,0,0,0
EOC3_PBMC_cell_TATCTCACAAACAACA,0,0,0
EOC3_PBMC_cell_CTCATTAGTCCGCTGA,0,0,0
EOC3_PBMC_cell_ACGGAGATCTCGAGTA,0,0,0
EOC3_PBMC_cell_AGATTGCAGAAGGACA,0,0,0
EOC3_PBMC_cell_GATGAAATCTTAGCCC,0,0,0
EOC3_PBMC_cell_GTCTTCGTCCGATATG,0,0,0
EOC3_PBMC_cell_CAACCAAAGGACGAAA,0,0,0
EOC3_PBMC_cell_TGTGGTAGTCTCCATC,0,0,0
EOC3_PBMC_cell_TAGAGCTGTTATGTGC,0,0,0
EOC3_PBMC_cell_CTGTTTAGTCCCTTGT,0,0,0
EOC3_PBMC_cell_TCGCGTTTCAGCTGGC,0,0,0
EOC3_PBMC_cell_GGAACTTCACACGCTG,0,0,0
EOC3_PBMC_cell_GGGATGAAGCAATATG,0,0,0
EOC3_PBMC_cell_ACGCAGCTCCTAGAAC,0,0,0
EOC3_PBMC_cell_TTCTTAGAGTGTCTCA,0,0,0
EOC3_PBMC_cell_TTCGAAGGTGGTTTCA,0,0,0
EOC3_PBMC_cell_AGCGGTCTCAAACGGG,0,0,0
EOC3_PBMC_cell_AGTGTCACAATCCGAT,0,0,0
EOC3_PBMC_cell_CTACGTCTCGTAGGTT,0,0,0
EOC3_PBMC_cell_CATTCGCAGACTGGGT,0,0,0
EOC3_PBMC_cell_CCGTACTAGCAGGCTA,0,0,0
EOC3_PBMC_cell_CTCTACGAGTACTTGC,0,0,0
EOC3_PBMC_cell_CACCACTCATAAAGGT,0,0,0
EOC3_PBMC_cell_ATTGGACGTCGAACAG,0,0,0
EOC3_PBMC_cell_ACTGAGTAGGGTCGAT,0,0,0
EOC3_PBMC_cell_ACAGCCGTCTAGAGTC,0,0,0
EOC3_PBMC_cell_ACACTGATCAACACTG,0,0,0
EOC3_PBMC_cell_GATGAAAAGAGAACAG,0,0,0
EOC3_PBMC_cell_CTGCCTATCTCGCATC,0,0,0
EOC3_PBMC_cell_ACGATACTCGGTGTTA,0,0,0
EOC3_PBMC_cell_ACTTACTGTGTCCTCT,0,0,0
EOC3_PBMC_cell_TACTTGTAGAGGTTAT,0,0,0
EOC3_PBMC_cell_ATAGACCCACAGGAGT,0,0,0
EOC3_PBMC_cell_CCTTACGCACAGGAGT,0,0,0
EOC3_PBMC_cell_CGTAGCGAGTGAAGAG,0,0,0
EOC3_PBMC_cell_TATCAGGTCTCGGACG,0,0,0
EOC3_PBMC_cell_AGTAGTCCATATGCTG,0,0,0
EOC3_PBMC_cell_TAAACCGTCCCAGGTG,0,0,0
EOC3_PBMC_cell_GCGCAACGTCCCTTGT,0,0,0
EOC3_PBMC_cell_CACAGGCTCGCAAGCC,0,0,0
EOC3_PBMC_cell_CTGAAACCATTCCTGC,0,0,0
EOC3_PBMC_cell_GTATCTTTCTGCTTGC,0,0,0
EOC3_PBMC_cell_GTGTTAGGTTTGTGTG,0,0,0
EOC3_PBMC_cell_GTATCTTTCTGTCCGT,0,0,0
EOC3_PBMC_cell_TACAGTGTCACCCTCA,0,0,0
EOC3_PBMC_cell_CACCTTGAGTGTCTCA,0,0,0
EOC3_PBMC_cell_TAGAGCTTCTCAACTT,0,0,0
EOC3_PBMC_cell_GCATGCGGTACCGAGA,0,0,0
EOC3_PBMC_cell_CTCGGAGAGCCTATGT,0,0,0
EOC3_PBMC_cell_TCATTTGTCCGTTGCT,0,0,0
EOC3_PBMC_cell_CGTTCTGAGTGAAGTT,0,0,0
EOC3_PBMC_cell_CACTCCACAAGCTGGA,0,0,0
EOC3_PBMC_cell_GCTCTGTTCTTGTATC,0,0,0
EOC3_PBMC_cell_TTCGGTCTCCTGCCAT,0,0,0
EOC3_PBMC_cell_GTTAAGCAGTTAGGTA,0,0,0
EOC3_PBMC_cell_TTGACTTAGAAGGTTT,0,0,0
EOC3_PBMC_cell_TGCCCTATCTTCGGTC,0,0,0
EOC3_PBMC_cell_CGTCAGGCACATGACT,0,0,0
EOC3_PBMC_cell_CGTTCTGCAGGTCTCG,0,0,0
EOC3_PBMC_cell_CGATGTACAAGTAGTA,0,0,0
EOC3_PBMC_cell_GATCGCGGTTTACTCT,0,0,0
EOC3_PBMC_cell_TTCTCAATCCGCAAGC,0,0,0
EOC3_PBMC_cell_GACACGCGTGCGCTTG,0,0,0
EOC3_PBMC_cell_GACGGCTTCTCTGCTG,0,0,0
EOC3_PBMC_cell_GTCGTAATCCTTAATC,0,0,0
EOC3_PBMC_cell_TGCCAAATCGGCATCG,0,0,0
EOC3_PBMC_cell_GCCTCTACAGCTCGCA,0,0,0
EOC3_PBMC_cell_GGCCGATTCTTAGCCC,0,0,0
EOC3_PBMC_cell_AAAGATGAGAGTTGGC,0,0,0
EOC3_PBMC_cell_ATGGGAGTCTCGATGA,0,0,0
EOC3_PBMC_cell_CTACACCTCTTCTGGC,0,0,0
EOC3_PBMC_cell_GGGCACTTCTGCTGCT,0,0,0
EOC3_PBMC_cell_TTAGTTCCAAATACAG,0,0,0
EOC3_PBMC_cell_GGGATGAGTTGTTTGG,0,0,0
EOC3_PBMC_cell_CCTTCGAAGGAGTTGC,0,0,0
EOC3_PBMC_cell_GTAACTGTCACGCGGT,0,0,0
EOC3_PBMC_cell_TTGGAACCACGGCTAC,0,0,0
EOC3_PBMC_cell_GTAGGCCCACAACGCC,0,0,0
EOC3_PBMC_cell_GTCACAACATAGAAAC,0,0,0
EOC3_PBMC_cell_TGCTGCTCACTGAAGG,0,0,0
EOC3_PBMC_cell_ACATGGTAGGATGGAA,0,0,0
EOC3_PBMC_cell_TACCTTATCAGTCAGT,0,0,0
EOC3_PBMC_cell_TAAGCGTGTTGCGCAC,0,0,0
EOC3_PBMC_cell_GTCATTTCACACTGCG,0,0,0
EOC3_PBMC_cell_AGCTCTCCAGCTGCTG,0,0,0
EOC3_PBMC_cell_CTTAGGACACATGGGA,0,0,0
EOC3_PBMC_cell_GGACATTCAAAGAATC,0,0,0
EOC3_PBMC_cell_ATAAGAGCAAGCTGAG,0,0,0
EOC3_PBMC_cell_TTGACTTTCTGCTGCT,0,0,0
EOC3_PBMC_cell_TCGGTAACAATGAATG,0,0,0
EOC3_PBMC_cell_CTCATTACACAGCGTC,0,0,0
EOC3_PBMC_cell_AATCGGTTCACTCCTG,0,0,0
EOC3_PBMC_cell_CTGCTGTAGCAGCGTA,0,0,0
EOC3_PBMC_cell_GGCGTGTAGAGTCGGT,0,0,0
EOC3_PBMC_cell_CGAGAAGAGCGTGAAC,0,0,0
EOC3_PBMC_cell_CAAGATCCACGGACAA,0,0,0
EOC3_PBMC_cell_ACGAGCCCAGACTCGC,0,0,0
EOC3_PBMC_cell_GCTCCTATCAGATAAG,0,0,0
EOC3_PBMC_cell_TCCACACTCCTGCCAT,0,0,0
EOC3_PBMC_cell_TTGCGTCAGGTAGCTG,0,0,0
EOC3_PBMC_cell_ACTTACTTCTGCCAGG,0,0,0
EOC3_PBMC_cell_CTGCCTATCGTCTGAA,0,0,0
EOC3_PBMC_cell_TGTGGTATCAACGCTA,0,0,0
EOC3_PBMC_cell_CTGCGGAGTTGCCTCT,0,0,0
EOC3_PBMC_cell_GCAGCCAGTCACCTAA,0,0,0
EOC3_PBMC_cell_CGGAGTCGTGATGCCC,0,0,0
EOC3_PBMC_cell_GTCTTCGAGGGTCTCC,0,0,0
EOC3_PBMC_cell_CATGGCGGTCTGCAAT,0,0,0
EOC3_PBMC_cell_TTATGCTCACAGAGGT,0,0,0
EOC3_PBMC_cell_GGATTACTCGTCGTTC,0,0,0
EOC3_PBMC_cell_GCTGCGAAGACAGAGA,0,0,0
EOC3_PBMC_cell_CACAGGCTCTGCTTGC,0,0,0
EOC3_PBMC_cell_GTGTTAGTCAACACGT,0,0,0
EOC3_PBMC_cell_TGCGGGTCAGGGATTG,0,0,0
EOC3_PBMC_cell_CGATTGACATTACGAC,0,0,0
EOC3_PBMC_cell_GGATTACAGAGTAATC,0,0,0
EOC3_PBMC_cell_TTATGCTAGAGTACCG,0,0,0
EOC3_PBMC_cell_GCAGCCACACCCTATC,0,0,0
EOC3_PBMC_cell_CTGAAACGTAAACGCG,0,0,0
EOC3_PBMC_cell_GACCTGGAGTTAACGA,0,0,0
EOC3_PBMC_cell_CGTGAGCTCAGAAATG,0,0,0
EOC3_PBMC_cell_TCTCTAAGTCCAGTTA,0,0,0
EOC3_PBMC_cell_GTAACTGGTCGCATAT,0,0,0
EOC3_PBMC_cell_GCAATCAAGCCGTCGT,0,0,0
EOC3_PBMC_cell_TTCTACACAGACAAGC,0,0,0
EOC3_PBMC_cell_ATCACGACAAGCCATT,0,0,0
EOC3_PBMC_cell_TACCTATCACAGAGGT,0,0,0
EOC3_PBMC_cell_CAGCATATCTTAGAGC,0,0,0
EOC3_PBMC_cell_TTGACTTAGGGTATCG,0,0,0
EOC3_PBMC_cell_TTTATGCAGCCTTGAT,0,0,0
EOC3_PBMC_cell_GCGCAACAGTAGCGGT,0,0,0
EOC3_PBMC_cell_CCACGGAGTAGAGGAA,0,0,0
EOC3_PBMC_cell_CATATTCTCCTTGCCA,0,0,0
EOC3_PBMC_cell_AACGTTGTCTATCCCG,0,0,0
EOC3_PBMC_cell_CGGTTAAAGGGTATCG,0,0,0
EOC3_PBMC_cell_TGCGCAGGTGCAGTAG,0,0,0
EOC3_PBMC_cell_AGGGATGCATGTCTCC,0,0,0
EOC3_PBMC_cell_CGAGCCACAATCGGTT,0,0,0
EOC3_PBMC_cell_TCGAGGCCAACAACCT,0,0,0
EOC3_PBMC_cell_CCTTCCCTCCCGGATG,0,0,0
EOC3_PBMC_cell_ACCTTTACAGGTCTCG,0,0,0
EOC3_PBMC_cell_TACGGATTCGATAGAA,0,0,0
EOC3_PBMC_cell_CCATGTCCAGCCTATA,0,0,0
EOC3_PBMC_cell_TAGTGGTCAGGCGATA,0,0,0
EOC3_PBMC_cell_CTGGTCTCAGGGTACA,0,0,0
EOC3_PBMC_cell_CGGAGCTCACGGCTAC,0,0,0
EOC3_PBMC_cell_CCGGGATGTTCTGTTT,0,0,0
EOC3_PBMC_cell_GCACTCTGTGCAGGTA,0,0,0
EOC3_PBMC_cell_CAGCGACAGATGTGTA,0,0,0
EOC3_PBMC_cell_CGAGCACTCTATGTGG,0,0,0
EOC3_PBMC_cell_TGGGAAGGTCCAACTA,0,0,0
EOC3_PBMC_cell_CTAGAGTTCCAAGTAC,0,0,0
EOC3_PBMC_cell_CTTGGCTCAGCAGTTT,0,0,0
EOC3_PBMC_cell_GCGCCAAGTTTGTTTC,0,0,0
EOC3_PBMC_cell_TCGGGACTCTGATTCT,0,0,0
EOC3_PBMC_cell_TGCACCTAGGCTAGAC,0,0,0
EOC3_PBMC_cell_GCGCAGTCATGGGAAC,0,0,0
EOC3_PBMC_cell_ACGGGTCGTAGAGTGC,0,0,0
EOC3_PBMC_cell_CCTCAGTGTATGAATG,0,0,0
EOC3_PBMC_cell_TCTTCGGTCATACGGT,0,0,0
EOC3_PBMC_cell_CGTAGGCCAGTATGCT,0,0,0
EOC3_PBMC_cell_GTTCATTTCACTCTTA,0,0,0
EOC3_PBMC_cell_GAGGTGAGTGGTACAG,0,0,0
EOC3_PBMC_cell_ACGCCAGTCATTGCCC,0,0,0
EOC3_PBMC_cell_ATTACTCAGTTATCGC,0,0,0
EOC3_PBMC_cell_ATTCTACAGCCAGAAC,0,0,0
EOC3_PBMC_cell_GCACATAGTACTCGCG,0,0,0
EOC3_PBMC_cell_AGCTTGAGTTCTCATT,0,0,0
EOC3_PBMC_cell_AGGGTGATCTAACCGA,0,0,0
EOC3_PBMC_cell_TATCTCAGTGCAACGA,0,0,0
EOC3_PBMC_cell_CCTCAGTTCTGTTGAG,0,0,0
EOC3_PBMC_cell_GTCTTCGCACGGACAA,0,0,0
EOC3_PBMC_cell_AATCGGTTCAACACAC,0,0,0
EOC3_PBMC_cell_ACGGGTCAGGATATAC,0,0,0
EOC3_PBMC_cell_GATGCTAGTGCCTTGG,0,0,0
EOC3_PBMC_cell_ATGTGTGCATCTCGCT,0,0,0
EOC3_PBMC_cell_AGGGAGTCATGAACCT,0,0,0
EOC3_PBMC_cell_TTCGGTCGTGGACGAT,0,0,0
EOC3_PBMC_cell_ACGGGTCCAAGTCATC,0,0,0
EOC3_PBMC_cell_GGAGCAAAGTCAATAG,0,0,0
EOC3_PBMC_cell_CAGAGAGAGCTAAACA,0,0,0
EOC3_PBMC_cell_GGACAGATCAAGATCC,0,0,0
EOC3_PBMC_cell_TGTCCCAGTCTTGCGG,0,0,0
EOC3_PBMC_cell_TCATTACCACACATGT,0,0,0
EOC3_PBMC_cell_CGCTTCATCATCATTC,0,0,0
EOC3_PBMC_cell_CATTCGCTCTGCTGTC,0,0,0
EOC3_PBMC_cell_CACAGTAAGAGCTTCT,0,0,0
EOC3_PBMC_cell_CGGTTAAAGACGCAAC,0,0,0
EOC3_PBMC_cell_TAGTGGTGTCTAAACC,0,0,0
EOC3_PBMC_cell_TAAGAGAAGGTGGGTT,0,0,0
EOC3_PBMC_cell_AGTGTCACATGACATC,0,0,0
EOC3_PBMC_cell_CCTCAGTTCGAACGGA,0,0,0
EOC3_PBMC_cell_AACGTTGTCCCTAATT,0,0,0
EOC3_PBMC_cell_GGCCGATAGATCGATA,0,0,0
EOC3_PBMC_cell_CACATAGTCATGTGGT,0,0,0
EOC3_PBMC_cell_CCTTCGAAGTTAACGA,0,0,0
EOC3_PBMC_cell_ATGCGATAGATATGGT,0,0,0
EOC3_PBMC_cell_CTCGAAAGTTTGGCGC,0,0,0
EOC3_PBMC_cell_AACGTTGCAAACTGCT,0,0,0
EOC3_PBMC_cell_TGCTGCTCAATCACAC,0,0,0
EOC3_PBMC_cell_GGGATGAAGTCCGTAT,0,0,0
EOC3_PBMC_cell_ATGTGTGTCTGGGCCA,0,0,0
EOC3_PBMC_cell_GGACAGACAGCTCCGA,0,0,0
EOC3_PBMC_cell_GCAGCCAGTACAGTTC,0,0,0
EOC3_PBMC_cell_GCGGGTTTCTTCGAGA,0,0,0
EOC3_PBMC_cell_CTCGGGACAAGTTAAG,0,0,0
EOC3_PBMC_cell_CCCAATCTCCACGTTC,0,0,0
EOC3_PBMC_cell_CATGACACATGATCCA,0,0,0
EOC3_PBMC_cell_TTTGGTTCAAGCGCTC,0,0,0
EOC3_PBMC_cell_CAGTAACGTCTGGTCG,0,0,0
EOC3_PBMC_cell_GCGCAGTCACATGTGT,0,0,0
EOC3_PBMC_cell_GGAGCAAAGCGTTTAC,0,0,0
EOC3_PBMC_cell_GCGGGTTAGTACATGA,0,0,0
EOC3_PBMC_cell_CATCCACTCTAAGCCA,0,0,0
EOC3_PBMC_cell_GTCATTTCACATCCGG,0,0,0
EOC3_PBMC_cell_CTCTAATTCCTGTAGA,0,0,0
EOC3_PBMC_cell_GAGGTGAGTGCGATAG,0,0,0
EOC3_PBMC_cell_CGACTTCTCGGCATCG,0,0,0
EOC3_PBMC_cell_CCTAGCTTCTCATTCA,0,0,0
EOC3_PBMC_cell_TAAGAGACAGGACGTA,0,0,0
EOC3_PBMC_cell_GTGCAGCCAAGGGTCA,0,0,0
EOC3_PBMC_cell_TCGGTAATCTTCAACT,0,0,0
EOC3_PBMC_cell_ACCTTTAAGCGTGAGT,0,0,0
EOC3_PBMC_cell_TTCTTAGGTGACGCCT,0,0,0
EOC3_PBMC_cell_CCTATTACATAAGACA,0,0,0
EOC3_PBMC_cell_GACGTGCAGGATGGTC,0,0,0
EOC3_PBMC_cell_GAATAAGCATGGAATA,0,0,0
EOC3_PBMC_cell_TCGCGTTCACCAGTTA,0,0,0
EOC3_PBMC_cell_CTCTACGTCACCGTAA,0,0,0
EOC3_PBMC_cell_AAGCCGCTCATCTGCC,0,0,0
EOC3_PBMC_cell_CGTAGCGGTTCACCTC,0,0,0
EOC3_PBMC_cell_GTCGGGTAGTCATGCT,0,0,0
EOC3_PBMC_cell_ACGAGCCGTATCGCAT,0,0,0
EOC3_PBMC_cell_TTCGGTCTCAACACCA,0,0,0
EOC3_PBMC_cell_ACATCAGAGTTAAGTG,0,0,0
EOC3_PBMC_cell_CCTATTAGTGTTAAGA,0,0,0
EOC3_PBMC_cell_TGTGGTAAGGCGACAT,0,0,0
EOC3_PBMC_cell_CTCACACAGGTAGCCA,0,0,0
EOC3_PBMC_cell_TGTTCCGTCACGACTA,0,0,0
EOC3_PBMC_cell_CAACCAACAGGCTGAA,0,0,0
EOC3_PBMC_cell_GGGAGATGTAACGACG,0,0,0
EOC3_PBMC_cell_GACGTGCAGGCAGTCA,0,0,0
EOC3_PBMC_cell_GCAGCCAAGCTTTGGT,0,0,0
EOC3_PBMC_cell_ACCAGTACAGGTCCAC,0,0,0
EOC3_PBMC_cell_CGATGTAAGCTATGCT,0,0,0
EOC3_PBMC_cell_AAGTCTGAGCTCAACT,0,0,0
EOC3_PBMC_cell_ACAGCCGCAATGAATG,0,0,0
EOC3_PBMC_cell_CTGTGCTGTTACGTCA,0,0,0
EOC3_PBMC_cell_ATTGGTGTCGGAATCT,0,0,0
EOC3_PBMC_cell_CTTCTCTTCTCCGGTT,0,0,0
EOC3_PBMC_cell_CTCTGGTGTCCCTTGT,0,0,0
EOC3_PBMC_cell_GCGCAGTAGAGCTATA,0,0,0
EOC3_PBMC_cell_CGGTTAAGTTCGTCTC,0,0,0
EOC3_PBMC_cell_AGAGCTTAGGGATGGG,0,0,0
EOC3_PBMC_cell_TTCTTAGTCGCCTGAG,0,0,0
EOC3_PBMC_cell_TGCGCAGGTCGATTGT,0,0,0
EOC3_PBMC_cell_GGGAATGGTAAACGCG,0,0,0
EOC3_PBMC_cell_GCAATCAGTGAGGCTA,0,0,1
EOC3_PBMC_cell_TCAGGATTCAACTCTT,0,0,0
EOC3_PBMC_cell_TTGAACGTCACCAGGC,0,0,0
EOC3_PBMC_cell_TCATTTGTCGTCTGCT,0,0,0
EOC3_PBMC_cell_ACGATACTCACAATGC,0,0,0
EOC3_PBMC_cell_AAACCTGAGCCGATTT,0,0,0
EOC3_PBMC_cell_ACTTACTGTAAACGCG,0,0,0
EOC3_PBMC_cell_ACCAGTATCGCATGAT,0,0,0
EOC3_PBMC_cell_AGCGTATGTCTCTTAT,0,0,0
EOC3_PBMC_cell_TGGCCAGCATGGAATA,0,0,0
EOC3_PBMC_cell_ACTTTCATCAATCACG,0,0,0
EOC3_PBMC_cell_AGCGTCGCAGTGACAG,0,0,0
EOC3_PBMC_cell_GTGTGCGGTGTATGGG,0,0,0
EOC3_PBMC_cell_AGGCCACAGCTACCGC,0,0,0
EOC3_PBMC_cell_TATCAGGAGATCCTGT,0,0,0
EOC3_PBMC_cell_GTTCATTGTGGAAAGA,0,0,0
EOC3_PBMC_cell_AGAGCGACAGCCTTGG,0,0,0
EOC3_PBMC_cell_CGCTATCGTAGGCTGA,0,0,0
EOC3_PBMC_cell_GTTCTCGCACGAAAGC,0,0,0
EOC3_PBMC_cell_ATGCGATTCACCTTAT,0,0,0
EOC3_PBMC_cell_GCGCAACGTCATATCG,0,0,0
EOC3_PBMC_cell_CTGAAGTCAATCTGCA,0,0,0
EOC3_PBMC_cell_CAGTAACTCGGAAATA,0,0,0
EOC3_PBMC_cell_CGGACACTCTACGAGT,0,0,0
EOC3_PBMC_cell_TCAATCTAGGCCCGTT,0,0,0
EOC3_PBMC_cell_CATCGGGCATACTACG,0,0,0
EOC3_PBMC_cell_ACTGAACTCTTGAGGT,0,0,0
EOC3_PBMC_cell_AGGGATGTCCACGACG,0,0,0
EOC3_PBMC_cell_TCTATTGTCTCTGAGA,0,0,0
EOC3_PBMC_cell_GACAGAGGTGCGAAAC,0,0,0
EOC3_PBMC_cell_GGGCACTCACCTATCC,0,0,0
EOC3_PBMC_cell_GCTCCTAGTCAGAGGT,0,0,0
EOC3_PBMC_cell_CGATCGGTCCTCAACC,0,0,0
EOC3_PBMC_cell_AACCGCGCAAAGGCGT,0,0,0
EOC3_PBMC_cell_GATCTAGCAAACCTAC,0,0,0
EOC3_PBMC_cell_ACATCAGGTGTGTGCC,0,0,0
EOC3_PBMC_cell_GCTCTGTCATCACCCT,0,0,0
EOC3_PBMC_cell_CGGTTAATCGCGCCAA,0,0,0
EOC3_PBMC_cell_CAGCGACTCACAGTAC,0,0,0
EOC3_PBMC_cell_GTTCTCGTCTACGAGT,0,0,0
EOC3_PBMC_cell_GCCAAATCAGGCTGAA,0,0,0
EOC3_PBMC_cell_GCTGCGATCTGCTGCT,0,0,0
EOC3_PBMC_cell_GTTCTCGTCACTTCAT,0,0,0
EOC3_PBMC_cell_TGGGAAGGTCTCACCT,0,0,0
EOC3_PBMC_cell_ACGAGCCTCAAACCGT,0,0,0
EOC3_PBMC_cell_CACACCTTCACGCGGT,0,0,0
EOC3_PBMC_cell_GGGATGACACTGTTAG,0,0,0
EOC3_PBMC_cell_ACACCCTAGGATCGCA,0,0,0
EOC3_PBMC_cell_AAGGCAGAGCTATGCT,0,0,0
EOC3_PBMC_cell_TCTCATACACTGAAGG,0,0,0
EOC3_PBMC_cell_GAAATGAGTGAGGCTA,0,0,0
EOC3_PBMC_cell_ACGAGCCGTGACTCAT,0,0,0
EOC3_PBMC_cell_GACCAATCAAAGCAAT,0,0,0
EOC3_PBMC_cell_AGGTCATCATCTCGCT,0,0,0
EOC3_PBMC_cell_ACTGAGTAGGTGCTAG,0,0,0
EOC3_PBMC_cell_GACAGAGCAGTGGGAT,0,0,0
EOC3_PBMC_cell_TGCGGGTAGATAGCAT,0,0,0
EOC3_PBMC_cell_GGTATTGAGCGACGTA,0,0,0
EOC3_PBMC_cell_TGTGGTAGTGAAAGAG,0,0,0
EOC3_PBMC_cell_GCATGATCAGGAATGC,0,0,0
EOC3_PBMC_cell_GTCACAACAGGTCCAC,0,0,0
EOC3_PBMC_cell_GTATCTTTCAATCACG,0,0,0
EOC3_PBMC_cell_AGACGTTGTCAGAATA,0,0,0
EOC3_PBMC_cell_CATTCGCCAAGCCTAT,0,0,0
EOC3_PBMC_cell_GCGCAACTCACATACG,0,0,0
EOC3_PBMC_cell_AACCATGTCTGACCTC,0,0,0
EOC3_PBMC_cell_GGGAGATCATCAGTCA,0,0,0
EOC3_PBMC_cell_TCTCTAACAGCTCGAC,0,0,0
EOC3_PBMC_cell_GTCATTTTCAGTGTTG,0,0,0
EOC3_PBMC_cell_GTGCGGTTCGTAGGTT,0,0,0
EOC3_PBMC_cell_AGCTCTCCAGATCCAT,0,0,0
EOC3_PBMC_cell_TGGCCAGTCCTCGCAT,0,0,0
EOC3_PBMC_cell_CGTAGCGAGTCACGCC,0,0,0
EOC3_PBMC_cell_TACCTATGTACAGACG,0,0,0
EOC3_PBMC_cell_GGCGTGTTCCGCTGTT,0,0,0
EOC3_PBMC_cell_TACTCGCAGTGGGTTG,0,0,0
EOC3_PBMC_cell_CAGCCGAGTGTGGCTC,0,0,0
EOC3_PBMC_cell_CGATCGGGTCGGCATC,0,0,0
EOC3_PBMC_cell_CCACGGATCGGTGTTA,0,0,0
EOC3_PBMC_cell_CATCCACGTCTCAACA,0,0,0
EOC3_PBMC_cell_CTCTGGTAGGATGTAT,0,0,0
EOC3_PBMC_cell_GACGGCTGTAAGAGGA,0,0,0
EOC3_PBMC_cell_TAAACCGGTATTAGCC,0,0,0
EOC3_PBMC_cell_GCGCAACGTTGTGGAG,0,0,0
EOC3_PBMC_cell_TTATGCTCAAGACACG,0,0,0
EOC3_PBMC_cell_TGCCCATAGGAATTAC,0,0,0
EOC3_PBMC_cell_CATCGAAAGCGATATA,0,0,0
EOC3_PBMC_cell_CGGGTCATCGTTACAG,0,0,0
EOC3_PBMC_cell_TAAGCGTCAACGATCT,0,0,0
EOC3_PBMC_cell_CCAATCCTCTATCGCC,0,0,0
EOC3_PBMC_cell_TAGACCACATCGATTG,0,0,0
EOC3_PBMC_cell_CGTAGGCTCGCAAGCC,0,0,0
EOC3_PBMC_cell_GGATTACCACGTGAGA,0,0,0
EOC3_PBMC_cell_CCATGTCGTCAACTGT,0,0,0
EOC3_PBMC_cell_CCCAATCCATGGTTGT,0,0,0
EOC3_PBMC_cell_CGTGTAATCTCCTATA,0,0,0
EOC3_PBMC_cell_GCGGGTTTCTGTCAAG,0,0,0
EOC3_PBMC_cell_CATCAAGAGCAGATCG,0,0,0
EOC3_PBMC_cell_TTCTACATCCGTCAAA,0,0,0
EOC3_PBMC_cell_CGAACATCACACCGAC,0,0,0
EOC3_PBMC_cell_TCTGGAACAATCACAC,0,0,0
EOC3_PBMC_cell_GGTGCGTCAATGAATG,0,0,0
EOC3_PBMC_cell_GGCTGGTGTGAAATCA,0,0,0
EOC3_PBMC_cell_CAGCCGACACAACGTT,0,0,0
EOC3_PBMC_cell_GCATGCGAGACTAGAT,0,0,0
EOC3_PBMC_cell_CAAGTTGTCAGAGCTT,0,0,0
EOC3_PBMC_cell_AAAGTAGTCGTCCAGG,0,0,0
EOC3_PBMC_cell_TCTGGAAGTTCAGCGC,0,0,0
EOC3_PBMC_cell_GTTAAGCCAGGGTTAG,0,0,0
EOC3_PBMC_cell_ACGAGGAAGCAATATG,0,0,0
EOC3_PBMC_cell_CAGCAGCCAGACAAGC,0,0,0
EOC3_PBMC_cell_AAGTCTGTCTAAGCCA,0,0,0
EOC3_PBMC_cell_ATCATCTTCAAGAAGT,0,0,0
EOC3_PBMC_cell_ACCAGTAGTACAAGTA,0,0,0
EOC3_PBMC_cell_CGTCAGGAGGTACTCT,0,0,0
EOC3_PBMC_cell_CCTCTGAGTTCGCTAA,0,0,0
EOC3_PBMC_cell_CCTCAGTAGTGAAGTT,0,0,0
EOC3_PBMC_cell_CTTAACTTCAGGCAAG,0,0,0
EOC3_PBMC_cell_CGGACTGCACGGCTAC,0,0,0
EOC3_PBMC_cell_CGGAGTCCATCACAAC,0,0,0
EOC3_PBMC_cell_AGCCTAATCTTGACGA,0,0,0
EOC3_PBMC_cell_AGTGTCAGTGAAGGCT,0,0,0
EOC3_PBMC_cell_CGGCTAGTCTGTCAAG,0,0,0
EOC3_PBMC_cell_AGCGGTCCACAGGAGT,0,0,0
EOC3_PBMC_cell_CTAGAGTTCAACACGT,0,0,0
EOC3_PBMC_cell_AGCAGCCGTAAAGGAG,0,0,0
EOC3_PBMC_cell_CCTAGCTCACCAACCG,0,0,0
EOC3_PBMC_cell_TATCAGGGTAAGCACG,0,0,0
EOC3_PBMC_cell_CCTACACCACTTAAGC,0,0,0
EOC3_PBMC_cell_GGGCATCTCCATTCTA,0,0,0
EOC3_PBMC_cell_AAGACCTGTTCCACAA,0,0,0
EOC3_PBMC_cell_AGTGTCACACATGTGT,0,0,0
EOC3_PBMC_cell_AGCAGCCAGCGTGTCC,0,0,0
EOC3_PBMC_cell_ACTTACTCATCCTAGA,0,0,0
EOC3_PBMC_cell_TTGGAACTCTAGAGTC,0,0,0
EOC3_PBMC_cell_ATCTACTAGCTGTTCA,0,0,0
EOC3_PBMC_cell_CTCGTACGTTTGCATG,0,0,0
EOC3_PBMC_cell_GCTCTGTGTGCGATAG,0,0,0
EOC3_PBMC_cell_GTTAAGCAGTGTGAAT,0,0,0
EOC3_PBMC_cell_GTGGGTCCACATCCAA,0,0,0
EOC3_PBMC_cell_TCCCGATCAGGGTTAG,0,0,0
EOC3_PBMC_cell_TCTGAGATCAGCTGGC,0,0,0
EOC3_PBMC_cell_ACTATCTAGATCCTGT,0,0,0
EOC3_PBMC_cell_CGTGTCTTCCCAAGTA,0,0,0
EOC3_PBMC_cell_TCCACACAGCTACCGC,0,0,0
EOC3_PBMC_cell_GTACGTACATGCTAGT,0,0,0
EOC3_PBMC_cell_TCTTCGGTCGAGGTAG,0,0,0
EOC3_PBMC_cell_GCAGCCAAGGCCCTTG,0,0,0
EOC3_PBMC_cell_ATGAGGGTCCACGACG,0,0,0
EOC3_PBMC_cell_AGGTCATAGGCAAAGA,0,0,0
EOC3_PBMC_cell_ACTGAACGTTCGTGAT,0,0,0
EOC3_PBMC_cell_TGAGCCGGTAAGTGGC,0,0,0
EOC3_PBMC_cell_TGGACGCGTTATCGGT,0,0,0
EOC3_PBMC_cell_CGCGGTATCCTTGACC,0,0,0
EOC3_PBMC_cell_CTGAAACCATCCAACA,0,0,0
EOC3_PBMC_cell_AGGGAGTCAGCGATCC,0,0,0
EOC3_PBMC_cell_TGCGCAGCACCATGTA,0,0,0
EOC3_PBMC_cell_AACCGCGAGAATCTCC,0,0,0
EOC3_PBMC_cell_TGCGGGTCAGCTCGCA,0,0,0
EOC3_PBMC_cell_CACATAGCACATTAGC,0,0,0
EOC3_PBMC_cell_AATCGGTAGAATTGTG,0,0,0
EOC3_PBMC_cell_ATGGGAGGTGCAGGTA,0,0,0
EOC3_PBMC_cell_GGGAATGAGCACACAG,0,0,0
EOC3_PBMC_cell_CGGACTGTCCGTAGGC,0,0,0
EOC3_PBMC_cell_GTTACAGCACTACAGT,0,0,0
EOC3_PBMC_cell_ACGGCCATCCAGAGGA,0,0,0
EOC3_PBMC_cell_TCAGGATAGTAGTGCG,0,0,0
EOC3_PBMC_cell_GCAGTTAAGAATTCCC,0,0,0
EOC3_PBMC_cell_CATCCACAGAACAATC,0,0,0
EOC3_PBMC_cell_CGGTTAACAGCCACCA,0,0,0
EOC3_PBMC_cell_CCTTCGAGTATTCTCT,0,0,0
EOC3_PBMC_cell_ATTACTCAGTTCGCGC,0,0,0
EOC3_PBMC_cell_GGACGTCAGAGCTTCT,0,0,0
EOC3_PBMC_cell_ATCATCTAGAGTAATC,0,0,0
EOC3_PBMC_cell_CACCAGGTCTGAGGGA,0,0,0
EOC3_PBMC_cell_GGATGTTTCGCATGGC,0,0,0
EOC3_PBMC_cell_CACCAGGCAATACGCT,0,0,0
EOC3_PBMC_cell_TGACTAGAGATGGGTC,0,0,0
EOC3_PBMC_cell_GCGCAGTGTTTGACTG,0,0,0
EOC3_PBMC_cell_CATGACAAGAGTCTGG,0,0,0
EOC3_PBMC_cell_TGGCGCAAGCGTCTAT,0,0,0
EOC3_PBMC_cell_AGCCTAATCAAACGGG,0,0,0
EOC3_PBMC_cell_GCGGGTTAGGCATGGT,0,0,0
EOC3_PBMC_cell_TAGTTGGAGATATGGT,0,0,0
EOC3_PBMC_cell_CATCCACGTCAAACTC,0,0,0
EOC3_PBMC_cell_TGGGAAGTCAATACCG,0,0,0
EOC3_PBMC_cell_GACCTGGTCGTACGGC,0,0,0
EOC3_PBMC_cell_GTCGGGTTCAGGTAAA,0,0,0
EOC3_PBMC_cell_CTTGGCTGTGTATGGG,0,0,0
EOC3_PBMC_cell_ATCTACTCATGGATGG,0,0,0
EOC3_PBMC_cell_GACTAACTCGTGGACC,0,0,0
EOC3_PBMC_cell_GGCGACTCACGGCCAT,0,0,0
EOC3_PBMC_cell_CCTTCCCGTCCAGTTA,0,0,0
EOC3_PBMC_cell_GAACATCTCCGAAGAG,0,0,0
EOC3_PBMC_cell_TTCGAAGAGCGTCAAG,0,0,0
EOC3_PBMC_cell_TTGACTTGTCTCATCC,0,0,0
EOC3_PBMC_cell_GGATTACAGTCCAGGA,0,0,0
EOC3_PBMC_cell_CGATGTAGTACCATCA,0,0,0
EOC3_PBMC_cell_GGGCACTCATGTCTCC,0,0,0
EOC3_PBMC_cell_CGTAGCGAGCAATATG,0,0,0
EOC3_PBMC_cell_CGACTTCGTTGATTCG,0,0,0
EOC3_PBMC_cell_TTCTTAGAGGAATCGC,0,0,0
EOC3_PBMC_cell_TGTATTCAGCTATGCT,0,0,0
EOC3_PBMC_cell_CTTAGGACATGCCCGA,0,0,0
EOC3_PBMC_cell_CTAGTGAGTGCAGGTA,0,0,0
EOC3_PBMC_cell_CCCAATCCATCACGTA,0,0,0
EOC3_PBMC_cell_AACCGCGGTTGAACTC,0,0,0
EOC3_PBMC_cell_GTATTCTAGTTAGCGG,0,0,0
EOC3_PBMC_cell_CCTTTCTGTCCGAGTC,0,0,0
EOC3_PBMC_cell_GAAGCAGAGTCCCACG,0,0,0
EOC3_PBMC_cell_TCGTAGAGTCCTGCTT,0,0,0
EOC3_PBMC_cell_CCTTACGAGGAGTACC,0,0,0
EOC3_PBMC_cell_TGGCCAGGTAGGACAC,0,0,0
EOC3_PBMC_cell_AGGGAGTGTCCCGACA,0,0,0
EOC3_PBMC_cell_AACGTTGTCCGCAGTG,0,0,0
EOC3_PBMC_cell_TTGACTTCACATGTGT,0,0,0
EOC3_PBMC_cell_GTCTCGTGTAAGTGGC,0,0,0
EOC3_PBMC_cell_GATCGCGCACGGACAA,0,0,0
EOC3_PBMC_cell_CATATTCGTGTGACCC,0,0,0
EOC3_PBMC_cell_CTTTGCGAGACACGAC,0,0,0
EOC3_PBMC_cell_GAGGTGAGTTGGACCC,0,0,0
EOC3_PBMC_cell_TGACAACAGTGATCGG,0,0,0
EOC3_PBMC_cell_TAAGTGCTCTTCATGT,0,0,0
EOC3_PBMC_cell_CACCACTCACAGCGTC,0,0,0
EOC3_PBMC_cell_GTTTCTACATTTGCTT,0,0,0
EOC3_PBMC_cell_GGCGACTTCGACGGAA,0,0,0
EOC3_PBMC_cell_CTTAGGACATGCCTAA,0,0,0
EOC3_PBMC_cell_TTGCCGTGTATAGGGC,0,0,0
EOC3_PBMC_cell_GACAGAGGTGCTGTAT,0,0,0
EOC3_PBMC_cell_GATGCTAAGCTAAGAT,0,0,0
EOC3_PBMC_cell_ACGGGCTGTACGACCC,0,0,0
EOC3_PBMC_cell_GGATGTTGTTATGTGC,0,0,0
EOC3_PBMC_cell_TTCCCAGCACATCCGG,0,0,0
EOC3_PBMC_cell_TTGGCAAAGTGACATA,0,0,0
EOC3_PBMC_cell_CATTCGCGTCGATTGT,0,0,0
EOC3_PBMC_cell_CGATCGGAGAGTTGGC,0,0,0
EOC3_PBMC_cell_CGCTTCAAGGAGTCTG,0,0,0
EOC3_PBMC_cell_CGAGAAGCAATCCGAT,0,0,0
EOC3_PBMC_cell_GAACATCTCCAAACTG,0,0,0
EOC3_PBMC_cell_TACGGTACACGGATAG,0,0,0
EOC3_PBMC_cell_CTCTACGCACAAGACG,0,0,0
EOC3_PBMC_cell_CCGGGATGTGTGACCC,0,0,0
EOC3_PBMC_cell_AGGCCGTTCTGTTGAG,0,0,0
EOC3_PBMC_cell_CACCAGGCAGATCCAT,0,0,0
EOC3_PBMC_cell_GCTGGGTGTTGTTTGG,0,0,0
EOC3_PBMC_cell_ATGAGGGTCGAACTGT,0,0,0
EOC3_PBMC_cell_CGTCAGGGTTGAACTC,0,0,0
EOC3_PBMC_cell_AAGACCTGTCTGATCA,0,0,0
EOC3_PBMC_cell_CTTCTCTAGCAATATG,0,0,0
EOC3_PBMC_cell_ACGTCAATCGTAGGAG,0,0,0
EOC3_PBMC_cell_CATCGAAGTTCCGGCA,0,0,0
EOC3_PBMC_cell_TTTGTCACAGCTTAAC,0,0,0
EOC3_PBMC_cell_TTCGAAGAGCAGATCG,0,0,0
EOC3_PBMC_cell_GACGGCTTCTGCAGTA,0,0,0
EOC3_PBMC_cell_TCTCATATCCCTCTTT,0,0,0
EOC3_PBMC_cell_ATTCTACAGCTCCTTC,0,0,0
EOC3_PBMC_cell_TGACTTTTCTAACCGA,0,0,0
EOC3_PBMC_cell_CCGTGGAGTCACTTCC,0,0,0
EOC3_PBMC_cell_CGTCTACTCTTCTGGC,0,0,0
EOC3_PBMC_cell_TAGACCAGTTTCCACC,0,0,0
EOC3_PBMC_cell_ACGTCAACATAGAAAC,0,0,0
EOC3_PBMC_cell_AAGGTTCCAAAGAATC,0,0,0
EOC3_PBMC_cell_CCGGGATTCATGTCTT,0,0,0
EOC3_PBMC_cell_GAACATCCACGACTCG,0,0,0
EOC3_PBMC_cell_TGATTTCTCGCCAAAT,0,0,0
EOC3_PBMC_cell_GTGTGCGCATACAGCT,0,0,0
EOC3_PBMC_cell_CAGGTGCTCACCCGAG,0,0,0
EOC3_PBMC_cell_CGGACTGCAGCTCGAC,0,0,0
EOC3_PBMC_cell_GGTGAAGTCTCTGCTG,0,0,0
EOC3_PBMC_cell_ACTGCTCGTAACGTTC,0,0,0
EOC3_PBMC_cell_CCGTGGATCCTTTACA,0,0,0
EOC3_PBMC_cell_GGGCACTGTAGCGATG,0,0,0
EOC3_PBMC_cell_TTGGCAATCAGAAATG,0,0,0
EOC3_PBMC_cell_CGTTCTGAGTGGTAAT,0,0,0
EOC3_PBMC_cell_TGAAAGATCGCGATCG,0,0,0
EOC3_PBMC_cell_CTACATTAGACACTAA,0,0,0
EOC3_PBMC_cell_AACTCAGTCTTAACCT,0,0,0
EOC3_PBMC_cell_AGTGGGATCACATAGC,0,0,0
EOC3_PBMC_cell_GACGGCTTCAGCGACC,0,0,0
EOC3_PBMC_cell_TTCGAAGGTCGTTGTA,0,0,0
EOC3_PBMC_cell_TCGTACCAGAGCCTAG,0,0,0
EOC3_PBMC_cell_CGTGTAAGTTATTCTC,0,0,0
EOC3_PBMC_cell_GTCTCGTTCTTGGGTA,0,0,0
EOC3_PBMC_cell_AAACCTGGTTTGACTG,0,0,0
EOC3_PBMC_cell_CATCCACGTCGCATCG,0,0,0
EOC3_PBMC_cell_ACGGAGATCAGAGCTT,0,0,0
EOC3_PBMC_cell_TAGAGCTGTGCACGAA,0,0,0
EOC3_PBMC_cell_CGTCAGGGTATAGGGC,0,0,0
EOC3_PBMC_cell_TGACTAGCATCGTCGG,0,0,0
EOC3_PBMC_cell_AACCATGGTAGAGGAA,0,0,0
EOC3_PBMC_cell_CTGCGGACAAAGTGCG,0,0,0
EOC3_PBMC_cell_ACTTTCATCTTAACCT,0,0,0
EOC3_PBMC_cell_TTCTCAAAGCGTGAGT,0,0,0
EOC3_PBMC_cell_ATCACGAAGTATGACA,0,0,0
EOC3_PBMC_cell_CACACTCAGACAAGCC,0,0,0
EOC3_PBMC_cell_CTCATTATCAGTTCGA,0,0,0
EOC3_PBMC_cell_AGCTCTCGTAATCACC,0,0,0
EOC3_PBMC_cell_TCGGGACGTTGGGACA,0,0,0
EOC3_PBMC_cell_GAAATGAGTTCAGCGC,0,0,0
EOC3_PBMC_cell_TGCGTGGCATGGTCAT,0,0,0
EOC3_PBMC_cell_TGCTACCGTCCGAGTC,0,0,0
EOC3_PBMC_cell_CAGCCGAGTTTAGGAA,0,0,0
EOC3_PBMC_cell_GAGTCCGAGATAGCAT,0,0,0
EOC3_PBMC_cell_AGAATAGAGTCGTACT,0,0,0
EOC3_PBMC_cell_CGATCGGTCCGTAGGC,0,0,0
EOC3_PBMC_cell_AATCGGTTCGAATCCA,0,0,0
EOC3_PBMC_cell_GTTAAGCCACGGCCAT,0,0,0
EOC3_PBMC_cell_AGCAGCCCACGACGAA,0,0,0
EOC3_PBMC_cell_TTCTACACAAACGTGG,0,0,0
EOC3_PBMC_cell_GTCTCGTCATCCGGGT,0,0,0
EOC3_PBMC_cell_TTTCCTCAGTCAAGCG,0,0,0
EOC3_PBMC_cell_TCAGCAAGTGATAAAC,0,0,0
EOC3_PBMC_cell_CGACCTTCAGTTCATG,0,0,0
EOC3_PBMC_cell_TTGCCGTCATACGCCG,0,0,0
EOC3_PBMC_cell_GCCAAATCACGGTGTC,0,0,0
EOC3_PBMC_cell_CGTGTCTCAGAAGCAC,0,0,0
EOC3_PBMC_cell_CGGCTAGAGGGATCTG,0,0,0
EOC3_PBMC_cell_GGCCGATGTTAGTGGG,0,0,0
EOC3_PBMC_cell_TACTTGTTCTGGTTCC,0,0,0
EOC3_PBMC_cell_CCACGGACAGCTCGCA,0,0,0
EOC3_PBMC_cell_TAAACCGTCTCTTATG,0,0,0
EOC3_PBMC_cell_AAACCTGCACTGTTAG,0,0,0
EOC3_PBMC_cell_ATCACGAGTAGGCATG,0,0,0
EOC3_PBMC_cell_TCAGGATCAGCTGCTG,0,0,0
EOC3_PBMC_cell_GCTGCGAAGTCGTACT,0,0,0
EOC3_PBMC_cell_ATAACGCGTGCATCTA,0,0,0
EOC3_PBMC_cell_TCAGCTCCACAACTGT,0,0,0
EOC3_PBMC_cell_GAGGTGACAGGCAGTA,0,0,0
EOC3_PBMC_cell_GGAACTTCACGCTTTC,0,0,0
EOC3_PBMC_cell_AACTCAGGTATTACCG,0,0,0
EOC3_PBMC_cell_CTGGTCTGTACCATCA,0,0,0
EOC3_PBMC_cell_GGACATTCACCTCGTT,0,0,0
EOC3_PBMC_cell_GCTTCCAGTCTAAACC,0,0,0
EOC3_PBMC_cell_TCACGAATCAACCAAC,0,0,0
EOC3_PBMC_cell_AAGGCAGTCGATAGAA,0,0,0
EOC3_PBMC_cell_CGGAGTCAGAATAGGG,0,0,0
EOC3_PBMC_cell_TCGCGAGTCGGACAAG,0,0,0
EOC3_PBMC_cell_GGCGTGTTCGGCGCAT,0,0,0
EOC3_PBMC_cell_ATCACGAAGAGACGAA,0,0,0
EOC3_PBMC_cell_AGAGCGATCGACCAGC,0,0,0
EOC3_PBMC_cell_CTTACCGAGGACTGGT,0,0,0
EOC3_PBMC_cell_CTGCTGTTCGCCAAAT,0,0,1
EOC3_PBMC_cell_AGGTCATTCGTTACGA,0,0,0
EOC3_PBMC_cell_ACGGGTCTCTCCGGTT,0,0,0
EOC3_PBMC_cell_TGTATTCGTAGCTTGT,0,0,0
EOC3_PBMC_cell_GTCACAAGTGCAGTAG,0,0,0
EOC3_PBMC_cell_CCTACACAGCGTCAAG,0,0,0
EOC3_PBMC_cell_CAAGATCTCATTATCC,0,0,0
EOC3_PBMC_cell_CGTCACTAGCGGCTTC,0,0,0
EOC3_PBMC_cell_CGAGCACCAAACGTGG,0,0,0
EOC3_PBMC_cell_GGCGACTAGTATCTCG,0,0,0
EOC3_PBMC_cell_GAGGTGAGTAACGACG,0,0,0
EOC3_PBMC_cell_CTCGGAGAGTCCGTAT,0,0,0
EOC3_PBMC_cell_CGTCAGGAGGCATTGG,0,0,0
EOC3_PBMC_cell_TACGGTAGTGAGGGAG,0,0,0
EOC3_PBMC_cell_GCACATACAAGTTCTG,0,0,0
EOC3_PBMC_cell_GTTCTCGGTACAGTGG,0,0,0
EOC3_PBMC_cell_GCAATCATCTACCTGC,0,0,0
EOC3_PBMC_cell_CATCGAAGTACCTACA,0,0,0
EOC3_PBMC_cell_CAGAATCAGGATGTAT,0,0,0
EOC3_PBMC_cell_AATCCAGTCTCCAACC,0,0,0
EOC3_PBMC_cell_CTCACACCAAGCTGTT,0,0,0
EOC3_PBMC_cell_ACGGAGATCTAGCACA,0,0,0
EOC3_PBMC_cell_GAACCTATCCCTTGCA,0,0,0
EOC3_PBMC_cell_CCTCTGACAATGGACG,0,0,0
EOC3_PBMC_cell_CAGGTGCCAACGATGG,0,0,0
EOC3_PBMC_cell_CACATAGAGATCGGGT,0,0,0
EOC3_PBMC_cell_CCATTCGGTCCGAACC,0,0,0
EOC3_PBMC_cell_TGAAAGAGTTCCCTTG,0,0,0
EOC3_PBMC_cell_CTCTACGGTCGAACAG,0,0,0
EOC3_PBMC_cell_AGCTCCTTCAGTGTTG,0,0,0
EOC3_PBMC_cell_ACTTTCATCGCGCCAA,0,0,0
EOC3_PBMC_cell_TAAGTGCCATGGTTGT,0,0,0
EOC3_PBMC_cell_CACACCTAGACAATAC,0,0,0
EOC3_PBMC_cell_GACGTTAAGGTCGGAT,0,0,0
EOC3_PBMC_cell_ATCTACTAGTGTTTGC,0,0,0
EOC3_PBMC_cell_GGGTCTGTCTCCTATA,0,0,0
EOC3_PBMC_cell_CTGAAGTCATTGGCGC,0,0,0
EOC3_PBMC_cell_ATCCACCTCCATGAAC,0,0,0
EOC3_PBMC_cell_AAGACCTAGCTAGTCT,0,0,0
EOC3_PBMC_cell_CACCACTTCCCTCTTT,0,0,0
EOC3_PBMC_cell_GCCTCTAAGATCTGCT,0,0,0
EOC3_PBMC_cell_CACTCCAAGCAGCCTC,0,0,0
EOC3_PBMC_cell_GTTCGGGCATCGACGC,0,0,0
EOC3_PBMC_cell_GGGATGACATGCATGT,0,0,0
EOC3_PBMC_cell_AACTTTCAGTGAACGC,0,0,0
EOC3_PBMC_cell_GGACATTTCACCACCT,0,0,0
EOC3_PBMC_cell_TTCGGTCTCAGCATGT,0,0,0
EOC3_PBMC_cell_CCAGCGAAGCGCCTCA,0,0,0
EOC3_PBMC_cell_CACCAGGAGTCTCAAC,0,0,0
EOC3_PBMC_cell_CGGACTGGTCATACTG,0,0,0
EOC3_PBMC_cell_GTGCTTCTCGAGAGCA,0,0,0
EOC3_PBMC_cell_AAACCTGTCAAAGACA,0,0,0
EOC3_PBMC_cell_TAGACCATCATCGATG,0,0,0
EOC3_PBMC_cell_AGTTGGTGTAGGGACT,0,0,0
EOC3_PBMC_cell_CACATAGGTAGCACGA,0,0,0
EOC3_PBMC_cell_GAGTCCGAGAGTCTGG,0,0,0
EOC3_PBMC_cell_GACAGAGCACATAACC,0,0,0
EOC3_PBMC_cell_GTTACAGCATTGCGGC,0,0,0
EOC3_PBMC_cell_CGCCAAGTCCAAACTG,0,0,0
EOC3_PBMC_cell_GTCATTTAGCATGGCA,0,0,0
EOC3_PBMC_cell_CGTGTAAAGGGCTCTC,0,0,0
EOC3_PBMC_cell_CTTAACTTCGGATGTT,0,0,0
EOC3_PBMC_cell_CGCGTTTGTATCAGTC,0,0,0
EOC3_PBMC_cell_GCCTCTATCGGTTCGG,0,0,0
EOC3_PBMC_cell_CCGGGATGTCTTCTCG,0,0,0
EOC3_PBMC_cell_TGGTTCCGTGACCAAG,0,0,0
EOC3_PBMC_cell_AGGGATGCAAGCCGCT,0,0,0
EOC3_PBMC_cell_TCGCGTTAGCCACGCT,0,0,0
EOC3_PBMC_cell_CGTAGCGAGTCATCCA,0,0,0
EOC3_PBMC_cell_TCTTCGGTCCCTAACC,0,0,0
EOC3_PBMC_cell_ACAGCTATCTTAACCT,0,0,0
EOC3_PBMC_cell_TCTGAGAGTGAAGGCT,0,0,0
EOC3_PBMC_cell_CACACCTCATATGGTC,0,0,0
EOC3_PBMC_cell_CTTACCGCATCTGGTA,0,0,0
EOC3_PBMC_cell_TTGGAACTCTTGAGAC,0,0,0
EOC3_PBMC_cell_CCATGTCGTATAATGG,0,0,0
EOC3_PBMC_cell_CATGCCTGTAAGAGAG,0,0,0
EOC3_PBMC_cell_TCTCTAAGTATAGGGC,0,0,0
EOC3_PBMC_cell_GGTGCGTAGGGCTTGA,0,0,0
EOC3_PBMC_cell_CGCTATCAGCAACGGT,0,0,0
EOC3_PBMC_cell_GTCGTAAGTCCGAGTC,0,0,0
EOC3_PBMC_cell_ATAGACCTCGGAGCAA,0,0,0
EOC3_PBMC_cell_GGTGCGTTCATTCACT,0,0,0
EOC3_PBMC_cell_GACTAACCATTAGCCA,0,0,0
EOC3_PBMC_cell_TGTGTTTGTCGCCATG,0,0,0
EOC3_PBMC_cell_CGACCTTTCGCCTGTT,0,0,0
EOC3_PBMC_cell_GAAGCAGAGCTCCCAG,0,0,0
EOC3_PBMC_cell_AGCGGTCAGGTGATAT,0,0,0
EOC3_PBMC_cell_AGTGGGAGTAAATACG,0,0,0
EOC3_PBMC_cell_TCACGAATCCGCTGTT,0,0,0
EOC3_PBMC_cell_AACTCTTTCTATGTGG,0,0,0
EOC3_PBMC_cell_CTCTGGTTCGTCCAGG,0,0,0
EOC3_PBMC_cell_GGAACTTAGTGGGCTA,0,0,0
EOC3_PBMC_cell_CGATTGAAGTCCCACG,0,0,0
EOC3_PBMC_cell_CCTATTATCCTTTACA,0,0,0
EOC3_PBMC_cell_GCGACCAGTCACACGC,0,0,0
EOC3_PBMC_cell_TCGGTAAAGATTACCC,0,0,0
EOC3_PBMC_cell_ACTGCTCCACCTTGTC,0,0,0
EOC3_PBMC_cell_GCCTCTAGTGACGCCT,0,0,0
EOC3_PBMC_cell_AAATGCCCACCATGTA,0,0,0
EOC3_PBMC_cell_TTCTCAATCAGTCCCT,0,0,0
EOC3_PBMC_cell_TCAGGATTCCGAAGAG,0,0,0
EOC3_PBMC_cell_TCCACACTCCTCATTA,0,0,0
EOC3_PBMC_cell_AGCTCTCGTAGCGTCC,0,0,0
EOC3_PBMC_cell_CAGCTGGTCGGCGGTT,0,0,0
EOC3_PBMC_cell_TTGTAGGAGGCTAGCA,0,0,0
EOC3_PBMC_cell_GGTGAAGTCGGTGTTA,0,0,0
EOC3_PBMC_cell_AGAATAGTCGGATGTT,0,0,0
EOC3_PBMC_cell_TGTGGTAAGTTACCCA,0,0,0
EOC3_PBMC_cell_GCAGCCAAGCCCAACC,0,0,0
EOC3_PBMC_cell_CTACCCATCCGCAAGC,0,0,0
EOC3_PBMC_cell_TACGGTATCATATCGG,0,0,0
EOC3_PBMC_cell_TACACGATCCAAATGC,0,0,0
EOC3_PBMC_cell_TTGGCAAAGGGCTTGA,0,0,0
EOC3_PBMC_cell_TCGGGACAGCCCAGCT,0,0,0
EOC3_PBMC_cell_CGCGGTAGTTTAGCTG,0,0,0
EOC3_PBMC_cell_GATCTAGTCGAGAACG,0,0,0
EOC3_PBMC_cell_AGTAGTCGTACATCCA,0,0,0
EOC3_PBMC_cell_ACGCAGCAGCCTATGT,0,0,0
EOC3_PBMC_cell_GCGCAGTCATGACGGA,0,0,0
EOC3_PBMC_cell_GGAACTTGTCATGCAT,0,0,0
EOC3_PBMC_cell_AGGTCCGAGCCGGTAA,0,0,0
EOC3_PBMC_cell_CGGCTAGAGTGAAGTT,0,0,0
EOC3_PBMC_cell_CTCTAATCAAGGTGTG,0,0,0
EOC3_PBMC_cell_CCGTTCAGTTCTCATT,0,0,0
EOC3_PBMC_cell_GTACTCCGTTACGGAG,0,0,0
EOC3_PBMC_cell_TTCCCAGGTTCCAACA,0,0,0
EOC3_PBMC_cell_TGACTAGCACGCGAAA,0,0,0
EOC3_PBMC_cell_GTAGGCCAGGAGTCTG,0,0,0
EOC3_PBMC_cell_GACCTGGCAAAGTGCG,0,0,0
EOC3_PBMC_cell_ATCTACTTCAAACGGG,0,0,0
EOC3_PBMC_cell_TTCTACACAAGGCTCC,0,0,0
EOC3_PBMC_cell_GCTGCGAAGGAGCGAG,0,0,0
EOC3_PBMC_cell_CGAGCCATCTTTAGTC,0,0,0
EOC3_PBMC_cell_CTAGTGATCTATCGCC,0,0,0
EOC3_PBMC_cell_TGAAAGATCAACTCTT,0,0,0
EOC3_PBMC_cell_ATGTGTGTCCAGTATG,0,0,0
EOC3_PBMC_cell_TAGACCACAGATCCAT,0,0,0
EOC3_PBMC_cell_GGGACCTCACGACGAA,0,0,0
EOC3_PBMC_cell_CGTTCTGAGATGTCGG,0,0,0
EOC3_PBMC_cell_GAACCTAGTAAACGCG,0,0,0
EOC3_PBMC_cell_TGCTGCTAGTGCGATG,0,0,0
EOC3_PBMC_cell_GCTGCGATCAATCACG,0,0,0
EOC3_PBMC_cell_TGCGTGGGTTGAGGTG,0,0,0
EOC3_PBMC_cell_GCATGTAGTTGACGTT,0,0,0
EOC3_PBMC_cell_CCTCAGTTCATGCATG,0,0,0
EOC3_PBMC_cell_CTCGGAGAGGGATCTG,0,0,0
EOC3_PBMC_cell_CTCGGAGGTCACTTCC,0,0,0
EOC3_PBMC_cell_GTACTCCGTATGGTTC,0,0,0
EOC3_PBMC_cell_TACTCGCGTCTCTCGT,0,0,0
EOC3_PBMC_cell_TGCGGGTCACCCATTC,0,0,0
EOC3_PBMC_cell_GTATCTTTCGTGGGAA,0,0,0
EOC3_PBMC_cell_AACCGCGAGATGCGAC,0,0,0
EOC3_PBMC_cell_GTTACAGAGGCTAGAC,0,0,0
EOC3_PBMC_cell_TTGTAGGCATGCTAGT,0,0,0
EOC3_PBMC_cell_CATTCGCAGAATTGTG,0,0,0
EOC3_PBMC_cell_TTGGCAATCCGCTGTT,0,0,0
EOC3_PBMC_cell_CAAGGCCTCAGGCCCA,0,0,0
EOC3_PBMC_cell_AACTCTTGTATCACCA,0,0,0
EOC3_PBMC_cell_ACTGAGTTCGGTTCGG,0,0,0
EOC3_PBMC_cell_AGGGAGTAGCCCAGCT,0,0,0
EOC3_PBMC_cell_ATCCGAATCTACTATC,0,0,0
EOC3_PBMC_cell_AAACCTGTCTCACATT,0,0,0
EOC3_PBMC_cell_TTAGTTCGTTAAAGAC,0,0,0
EOC3_PBMC_cell_CCTCTGAGTTTGTTTC,0,0,0
EOC3_PBMC_cell_ATTCTACAGGCGATAC,0,0,0
EOC3_PBMC_cell_AAGACCTTCAAGGCTT,0,0,0
EOC3_PBMC_cell_ACCAGTAAGTTACCCA,0,0,0
EOC3_PBMC_cell_GGTATTGAGTCCTCCT,0,0,0
EOC3_PBMC_cell_TCGAGGCGTCTTCTCG,0,0,0
EOC3_PBMC_cell_CTACATTTCACAGGCC,0,0,0
EOC3_PBMC_cell_AAGGCAGTCCAGGGCT,0,0,0
EOC3_PBMC_cell_TGCACCTCATGCGCAC,0,0,0
EOC3_PBMC_cell_CCCTCCTCATTCTCAT,0,0,0
EOC3_PBMC_cell_TGGCCAGAGTCAAGGC,0,0,0
EOC3_PBMC_cell_AGCATACCAGTAACGG,0,0,0
EOC3_PBMC_cell_AGGTCCGGTAAAGTCA,0,0,0
EOC3_PBMC_cell_ATCATCTTCATTGCCC,0,0,0
EOC3_PBMC_cell_GTCGTAAGTGTAATGA,0,0,0
EOC3_PBMC_cell_TGCTACCAGCCGTCGT,0,0,0
EOC3_PBMC_cell_CACAGTATCAGCGATT,0,0,0
EOC3_PBMC_cell_GTACTCCGTCAGAAGC,0,0,0
EOC3_PBMC_cell_ATTCTACTCAACACGT,0,0,0
EOC3_PBMC_cell_CCGTTCAGTTCAGACT,0,0,0
EOC3_PBMC_cell_ACTGAGTAGGATGCGT,0,0,0
EOC3_PBMC_cell_CGCTGGAAGGAATCGC,0,0,0
EOC3_PBMC_cell_GCTTCCACAAACAACA,0,0,0
EOC3_PBMC_cell_CGATGGCCAGCGTTCG,0,0,0
EOC3_PBMC_cell_GTCACAAGTCCAGTGC,0,0,0
EOC3_PBMC_cell_CCTTCGACATTGAGCT,0,0,0
EOC3_PBMC_cell_GCACATAAGGCCGAAT,0,0,0
EOC3_PBMC_cell_AAACGGGCACTCTGTC,0,0,0
EOC3_PBMC_cell_AAACGGGGTGTGACGA,0,0,0
EOC3_PBMC_cell_CGATGTATCTCGTATT,0,0,0
EOC3_PBMC_cell_CATATTCTCCGCATAA,0,0,0
EOC3_PBMC_cell_CCTAAAGCAGCCTTTC,0,0,0
EOC3_PBMC_cell_TGCCCATGTCCAGTGC,0,0,0
EOC3_PBMC_cell_GACGTTATCATTCACT,0,0,0
EOC3_PBMC_cell_ATTGGACCATTATCTC,0,0,0
EOC3_PBMC_cell_GTTCGGGTCCCTCAGT,0,0,0
EOC3_PBMC_cell_ATCGAGTTCCATGCTC,0,0,0
EOC3_PBMC_cell_TCAGATGCATTGTGCA,0,0,0
EOC3_PBMC_cell_AATCGGTAGTTCGCAT,0,0,0
EOC3_PBMC_cell_ATGGGAGAGAGCTGCA,0,0,0
EOC3_PBMC_cell_CACACTCTCAGCCTAA,0,0,0
EOC3_PBMC_cell_CGCGTTTTCACCTTAT,0,0,0
EOC3_PBMC_cell_CACTCCACAGTCAGCC,0,0,0
EOC3_PBMC_cell_GCTGCAGAGCCCAACC,0,0,0
EOC3_PBMC_cell_CGACTTCGTCCGCTGA,0,0,0
EOC3_PBMC_cell_CTCGTACCAGGGTATG,0,0,0
EOC3_PBMC_cell_CGCTATCCATTGTGCA,0,0,0
EOC3_PBMC_cell_CCGTTCATCCCAGGTG,0,0,0
EOC3_PBMC_cell_GTGCTTCAGAACTCGG,0,0,0
EOC3_PBMC_cell_CACCTTGAGGCTAGAC,0,0,0
EOC3_PBMC_cell_CCACTACAGTACGTAA,0,0,0
EOC3_PBMC_cell_CAAGTTGCACAACTGT,0,0,0
EOC3_PBMC_cell_ACTGAACTCCGTCAAA,0,0,0
EOC3_PBMC_cell_ACGATACGTAAAGTCA,0,0,0
EOC3_PBMC_cell_CCTTCGACAGACACTT,0,0,0
EOC3_PBMC_cell_ACTGAACAGCTTATCG,0,0,0
EOC3_PBMC_cell_CGGACTGGTTACGCGC,0,0,0
EOC3_PBMC_cell_ATTACTCGTTGAACTC,0,0,0
EOC3_PBMC_cell_TGGCCAGCACCTCGTT,0,0,0
EOC3_PBMC_cell_TGAGCCGCACGGACAA,0,0,0
EOC3_PBMC_cell_GTATTCTTCCATGAGT,0,0,0
EOC3_PBMC_cell_CATGACAAGGACAGAA,0,0,0
EOC3_PBMC_cell_AGCTCCTGTCTCCATC,0,0,0
EOC3_PBMC_cell_TTCTCCTGTACTCAAC,0,0,0
EOC3_PBMC_cell_ACAGCCGAGCTCAACT,0,0,0
EOC3_PBMC_cell_AAGGAGCCATGGGACA,0,0,0
EOC3_PBMC_cell_AGAGCGAAGCCCAATT,0,0,0
EOC3_PBMC_cell_ACGAGCCCACAGGTTT,0,0,0
EOC3_PBMC_cell_GTACTCCAGGCAAAGA,0,0,0
EOC3_PBMC_cell_ACGATACAGCGTAATA,0,0,0
EOC3_PBMC_cell_GCTCTGTTCTAACGGT,0,0,0
EOC3_PBMC_cell_CCTTTCTTCTGTGCAA,0,0,0
EOC3_PBMC_cell_TCAACGATCCTTCAAT,0,0,0
EOC3_PBMC_cell_CTTCTCTCAGTCCTTC,0,0,0
EOC3_PBMC_cell_TAGTGGTCAGCCTATA,0,0,0
EOC3_PBMC_cell_AGTTGGTGTAAGGATT,0,0,0
EOC3_PBMC_cell_ACCAGTATCGTTTGCC,0,0,0
EOC3_PBMC_cell_TCTGGAAAGACTAAGT,0,0,0
EOC3_PBMC_cell_TCACGAAAGCTGGAAC,0,0,0
EOC3_PBMC_cell_TGCACCTAGGCACATG,0,0,0
EOC3_PBMC_cell_AAAGATGAGTTGCAGG,0,0,0
EOC3_PBMC_cell_CCTAAAGTCAGGATCT,0,0,0
EOC3_PBMC_cell_GTCTTCGAGTTTGCGT,0,0,0
EOC3_PBMC_cell_CACCAGGGTCTGGTCG,0,0,0
EOC3_PBMC_cell_CATGCCTGTCTTGATG,0,0,0
EOC3_PBMC_cell_TCCACACAGGCTATCT,0,0,0
EOC3_PBMC_cell_GCAAACTAGCCGGTAA,0,0,0
EOC3_PBMC_cell_CTTAACTTCCTGTAGA,0,0,0
EOC3_PBMC_cell_AGAGCTTAGTCGTTTG,0,0,0
EOC3_PBMC_cell_CATTATCTCTCTGTCG,0,0,0
EOC3_PBMC_cell_AGCATACCATCAGTAC,0,0,0
EOC3_PBMC_cell_GTCGGGTGTCTAGAGG,0,0,0
EOC3_PBMC_cell_TGGGCGTGTTATCGGT,0,0,0
EOC3_PBMC_cell_GCTGGGTAGATCGATA,0,0,0
EOC3_PBMC_cell_TCGAGGCGTTACTGAC,0,0,0
EOC3_PBMC_cell_GGAGCAAGTTTAAGCC,0,0,0
EOC3_PBMC_cell_TATCTCATCGCGATCG,0,0,0
EOC3_PBMC_cell_TAGGCATGTGTGGCTC,0,0,0
EOC3_PBMC_cell_AGACGTTTCTGAGGGA,0,0,0
EOC3_PBMC_cell_CCTTACGCAGGACGTA,0,0,0
EOC3_PBMC_cell_CTGAAACAGAACTCGG,0,0,0
EOC3_PBMC_cell_CTTGGCTAGTGGAGAA,0,0,0
EOC3_PBMC_cell_GCACTCTGTTACCGAT,0,0,0
EOC3_PBMC_cell_CAGATCACATGAGCGA,0,0,0
EOC3_PBMC_cell_CCATGTCAGCCGATTT,0,0,0
EOC3_PBMC_cell_TCTGGAATCACGCGGT,0,0,0
EOC3_PBMC_cell_ACGGCCACAGGTCGTC,0,0,0
EOC3_PBMC_cell_TATTACCGTTGGTTTG,0,0,0
EOC3_PBMC_cell_CTGCTGTTCCAAACTG,0,0,0
EOC3_PBMC_cell_TCAGCAAGTGATGTCT,0,0,0
EOC3_PBMC_cell_CCTTACGGTCGTGGCT,0,0,0
EOC3_PBMC_cell_CGGAGTCAGAACTGTA,0,0,0
EOC3_PBMC_cell_TCATTACTCTACTTAC,0,0,0
EOC3_PBMC_cell_AAGTCTGGTCATGCCG,0,0,0
EOC3_PBMC_cell_AGAGTGGGTTACAGAA,0,0,0
EOC3_PBMC_cell_GATCGTATCACAGTAC,0,0,0
EOC3_PBMC_cell_CCTTCGACAAACTGCT,0,0,0
EOC3_PBMC_cell_CAGCGACGTACAGCAG,0,0,0
EOC3_PBMC_cell_CACACAACACCAGGTC,0,0,0
EOC3_PBMC_cell_AGCGGTCGTCTGGTCG,0,0,0
EOC3_PBMC_cell_ACACCGGTCGGAAATA,0,0,0
EOC3_PBMC_cell_GACCTGGGTAGCGCTC,0,0,0
EOC3_PBMC_cell_CATCCACGTTAAAGTG,0,0,0
EOC3_PBMC_cell_CCTAGCTTCACCCTCA,0,0,0
EOC3_PBMC_cell_AACTGGTGTAAGTAGT,0,0,0
EOC3_PBMC_cell_TACGGGCAGCTAGGCA,0,0,0
EOC3_PBMC_cell_CTCATTAGTGAGGGTT,0,0,0
EOC3_PBMC_cell_CATCCACGTGGAAAGA,0,0,0
EOC3_PBMC_cell_TAAGAGAGTCGAGATG,0,0,0
EOC3_PBMC_cell_GGGAGATTCTAACTCT,0,0,0
EOC3_PBMC_cell_GTATTCTCAACACCTA,0,0,0
EOC3_PBMC_cell_CGATCGGGTCAGCTAT,0,0,0
EOC3_PBMC_cell_CAGCCGATCCCTCAGT,0,0,0
EOC3_PBMC_cell_TAGACCACATTGCGGC,0,0,0
EOC3_PBMC_cell_AAGGCAGGTACCGAGA,0,0,0
EOC3_PBMC_cell_GACGGCTAGTAGGTGC,0,0,0
EOC3_PBMC_cell_ACCTTTAGTCATACTG,0,0,0
EOC3_PBMC_cell_GATGAGGGTTGTTTGG,0,0,0
EOC3_PBMC_cell_CCTCTGACAGGGAGAG,0,0,0
EOC3_PBMC_cell_CGGACTGGTTGGGACA,0,0,0
EOC3_PBMC_cell_TGACTTTGTGCACCAC,0,0,0
EOC3_PBMC_cell_AGGGAGTAGCGATATA,0,0,0
EOC3_PBMC_cell_GGGCACTAGTTGTCGT,0,0,0
EOC3_PBMC_cell_GTCACAAGTAGCGTGA,0,0,0
EOC3_PBMC_cell_CTGAAGTCACAGTCGC,0,0,0
EOC3_PBMC_cell_GCTGCTTGTCACAAGG,0,0,0
EOC3_PBMC_cell_TGTCCCAAGTACCGGA,0,0,0
EOC3_PBMC_cell_CGCGTTTTCACTATTC,0,0,0
EOC3_PBMC_cell_CTGCTGTAGACTTTCG,0,0,0
EOC3_PBMC_cell_ACGCAGCGTCCTAGCG,0,0,0
EOC3_PBMC_cell_TGATTTCAGTCCAGGA,0,0,0
EOC3_PBMC_cell_TGGCGCATCACGCATA,0,0,0
EOC3_PBMC_cell_CACAGGCCAACGATCT,0,0,0
EOC3_PBMC_cell_ATAGACCGTGCTGTAT,0,0,0
EOC3_PBMC_cell_TTTGGTTTCCGATATG,0,0,0
EOC3_PBMC_cell_CGGAGTCCAGATTGCT,0,0,0
EOC3_PBMC_cell_TAGTTGGTCGTTACGA,0,0,0
EOC3_PBMC_cell_CAACCAAAGACACTAA,0,0,0
EOC3_PBMC_cell_GTGCAGCAGCACCGTC,0,0,0
EOC3_PBMC_cell_GACACGCCATTACGAC,0,0,0
EOC3_PBMC_cell_CTTACCGTCTGTACGA,0,0,0
EOC3_PBMC_cell_AGCTCCTGTACTTCTT,0,0,0
EOC3_PBMC_cell_ATCCGAATCATCGGAT,0,0,0
EOC3_PBMC_cell_TCAATCTTCTCCTATA,0,0,0
EOC3_PBMC_cell_CGAGCACCATATGAGA,0,0,0
EOC3_PBMC_cell_TGGCTGGAGCGCCTCA,0,0,0
EOC3_PBMC_cell_AATCGGTTCCGAAGAG,0,0,0
EOC3_PBMC_cell_GTAGGCCCAATGCCAT,0,0,0
EOC3_PBMC_cell_GCGCGATGTTTGGCGC,0,0,0
EOC3_PBMC_cell_CCTTCGATCGAGAACG,0,0,0
EOC3_PBMC_cell_AACCGCGTCTGATTCT,0,0,0
EOC3_PBMC_cell_CCGTGGACATCCGTGG,0,0,0
EOC3_PBMC_cell_GGTGTTACATAGAAAC,0,0,0
EOC3_PBMC_cell_GCATGTACATGTAAGA,0,0,0
EOC3_PBMC_cell_GGTGCGTGTAAATACG,0,0,0
EOC3_PBMC_cell_CAGCCGATCTACTATC,0,0,0
EOC3_PBMC_cell_GGACGTCTCAGTTCGA,0,0,0
EOC3_PBMC_cell_CGATCGGTCATGCATG,0,0,0
EOC3_PBMC_cell_TTCGAAGCACCGTTGG,0,0,0
EOC3_PBMC_cell_TGGCGCATCCGCATAA,0,0,0
EOC3_PBMC_cell_GATCGCGAGACAATAC,0,0,0
EOC3_PBMC_cell_ATTACTCTCGGATGTT,0,0,0
EOC3_PBMC_cell_TGTGGTAAGGACAGAA,0,0,0
EOC3_PBMC_cell_GCGCCAACATGTCGAT,0,0,0
EOC3_PBMC_cell_CTCTAATCAATAAGCA,0,0,0
EOC3_PBMC_cell_GCGCCAATCCTGCCAT,0,0,0
EOC3_PBMC_cell_TTCTTAGAGCGGATCA,0,0,0
EOC3_PBMC_cell_CTGCGGACAATCTACG,0,0,0
EOC3_PBMC_cell_CAAGGCCGTGCACCAC,0,0,0
EOC3_PBMC_cell_TTGAACGTCAGAGACG,0,0,0
EOC3_PBMC_cell_AACACGTGTATCGCAT,0,0,0
EOC3_PBMC_cell_CTCTGGTCATAGGATA,0,0,0
EOC3_PBMC_cell_AACGTTGAGCGGCTTC,0,0,0
EOC3_PBMC_cell_CTCGTCAAGTTGCAGG,0,0,0
EOC3_PBMC_cell_CCACTACAGAACTGTA,0,0,0
EOC3_PBMC_cell_CGTTGGGGTTACGGAG,0,0,0
EOC3_PBMC_cell_GTACTTTGTCCGTTAA,0,0,0
EOC3_PBMC_cell_GGTGTTATCGTTGCCT,0,0,0
EOC3_PBMC_cell_TAGACCATCTAGCACA,0,0,0
EOC3_PBMC_cell_CACATAGTCTCACATT,0,0,0
EOC3_PBMC_cell_AAAGCAACATTGCGGC,0,0,0
EOC3_PBMC_cell_ACGAGCCAGAATGTTG,0,0,0
EOC3_PBMC_cell_CAGCATAAGGTGGGTT,0,0,0
EOC3_PBMC_cell_CATATTCTCATGTAGC,0,0,0
EOC3_PBMC_cell_CCACGGATCTCTAAGG,0,0,0
EOC3_PBMC_cell_ACACCGGGTATCGCAT,0,0,0
EOC3_PBMC_cell_ACGTCAAAGAAGGGTA,0,0,0
EOC3_PBMC_cell_AGAGTGGGTAAATACG,0,0,0
EOC3_PBMC_cell_ATGGGAGCAATAGAGT,0,0,0
EOC3_PBMC_cell_TCACAAGAGTCATGCT,0,0,0
EOC3_PBMC_cell_GTCGGGTTCGCAAACT,0,0,0
EOC3_PBMC_cell_CCAGCGAAGAGTGACC,0,0,0
EOC3_PBMC_cell_GCATGTAGTCTTGTCC,0,0,0
EOC3_PBMC_cell_ATTCTACAGTAGCCGA,0,0,0
EOC3_PBMC_cell_GTGAAGGTCTCCAGGG,0,0,0
EOC3_PBMC_cell_CTCAGAAAGTGTCTCA,0,0,0
EOC3_PBMC_cell_TGTATTCTCCGTAGGC,0,0,0
EOC3_PBMC_cell_CTAAGACGTTAAGATG,0,0,0
EOC3_PBMC_cell_CTACGTCGTAGCGCTC,0,0,0
EOC3_PBMC_cell_GGCTCGAAGCAGACTG,0,0,0
EOC3_PBMC_cell_GTCTTCGGTGCACCAC,0,0,0
EOC3_PBMC_cell_ACGAGGAAGCTGCAAG,0,0,0
EOC3_PBMC_cell_TGAGGGATCCAGTAGT,0,0,0
EOC3_PBMC_cell_GTTTCTAGTTCCACGG,0,0,0
EOC3_PBMC_cell_AATCGGTCACCGATAT,0,0,0
EOC3_PBMC_cell_GCACATACAACCGCCA,0,0,0
EOC3_PBMC_cell_GACGGCTTCTTGTACT,0,0,0
EOC3_PBMC_cell_AGAGTGGAGTATTGGA,0,0,0
EOC3_PBMC_cell_GGGCATCGTCGACTGC,0,0,0
EOC3_PBMC_cell_AGTGAGGTCCGAAGAG,0,0,0
EOC3_PBMC_cell_CTGTGCTGTAGCGATG,0,0,0
EOC3_PBMC_cell_GCGCGATGTGGCGAAT,0,0,0
EOC3_PBMC_cell_CCAATCCGTTGTGGAG,0,0,0
EOC3_PBMC_cell_GGGAATGAGTCGAGTG,0,0,0
EOC3_PBMC_cell_TTCTACAGTCGCGGTT,0,0,0
EOC3_PBMC_cell_GTTAAGCCAGCCTTTC,0,0,0
EOC3_PBMC_cell_TTTGGTTGTTTGCATG,0,0,0
EOC3_PBMC_cell_CAGCATACACGGACAA,0,0,0
EOC3_PBMC_cell_AGATTGCTCAGGTTCA,0,0,0
EOC3_PBMC_cell_CATATGGAGGTTACCT,0,0,0
EOC3_PBMC_cell_AGCTCCTCACACCGCA,0,0,0
EOC3_PBMC_cell_GCGACCAGTGCAGGTA,0,0,0
EOC3_PBMC_cell_CGTTCTGTCGTTACAG,0,0,0
EOC3_PBMC_cell_GTCCTCATCACCTCGT,0,0,0
EOC3_PBMC_cell_GCCAAATGTTACGTCA,0,0,0
EOC3_PBMC_cell_CATCGGGCATACGCCG,0,0,0
EOC3_PBMC_cell_TACACGAAGATAGTCA,0,0,0
EOC3_PBMC_cell_CTCGTACGTAGCGATG,0,0,0
EOC3_PBMC_cell_CATCGAATCCACGAAT,0,0,0
EOC3_PBMC_cell_CTACGTCCACCGTTGG,0,0,0
EOC3_PBMC_cell_TTTGGTTGTCAAAGCG,0,0,0
EOC3_PBMC_cell_GATCTAGGTGCGATAG,0,0,0
EOC3_PBMC_cell_TCCCGATGTATCAGTC,0,0,0
EOC3_PBMC_cell_GTCACAAAGTGTTTGC,0,0,0
EOC3_PBMC_cell_CTGATCCTCTCCTATA,0,0,0
EOC3_PBMC_cell_GACGCGTTCATTGCGA,0,0,0
EOC3_PBMC_cell_ATTACTCTCAGTGCAT,0,0,0
EOC3_PBMC_cell_AGAATAGTCCTCGCAT,0,0,0
EOC3_PBMC_cell_ACTGAGTAGACTACAA,0,0,0
EOC3_PBMC_cell_CATCGGGGTAATTGGA,0,0,0
EOC3_PBMC_cell_CCTAGCTGTCATTAGC,0,0,0
EOC3_PBMC_cell_CAACCAATCAGGTAAA,0,0,0
EOC3_PBMC_cell_AATCGGTGTACGCACC,0,0,0
EOC3_PBMC_cell_CGCTTCACAAGTAATG,0,0,0
EOC3_PBMC_cell_ACTGAACTCTCACATT,0,0,0
EOC3_PBMC_cell_GTGTGCGCAATCGGTT,0,0,0
EOC3_PBMC_cell_GTCACGGAGCAGATCG,0,0,0
EOC3_PBMC_cell_ACATCAGCAAACTGTC,0,0,0
EOC3_PBMC_cell_AGGCCGTGTCACAAGG,0,0,0
EOC3_PBMC_cell_TCTCATACAAACGCGA,0,0,0
EOC3_PBMC_cell_TACGGATTCGTCTGAA,0,0,0
EOC3_PBMC_cell_GTGCATAGTAACGTTC,0,0,0
EOC3_PBMC_cell_CTGATAGCAGCCTTTC,0,0,0
EOC3_PBMC_cell_CGTGTAATCTGGTGTA,0,0,0
EOC3_PBMC_cell_ACTATCTCAGATAATG,0,0,0
EOC3_PBMC_cell_TCAATCTCACTATCTT,0,0,0
EOC3_PBMC_cell_AACCATGGTGCTTCTC,0,0,0
EOC3_PBMC_cell_ACATCAGAGTTAACGA,0,0,0
EOC3_PBMC_cell_GAATAAGCACGGATAG,0,0,0
EOC3_PBMC_cell_GAATGAATCCCAAGAT,0,0,0
EOC3_PBMC_cell_AAACCTGCATCGGTTA,0,0,0
EOC3_PBMC_cell_CAGCCGATCACTTCAT,0,0,0
EOC3_PBMC_cell_TGGCCAGCACGGCTAC,0,0,0
EOC3_PBMC_cell_TGAGCATTCCAAACAC,0,0,0
EOC3_PBMC_cell_TTTCCTCCAAGCCATT,0,0,0
EOC3_PBMC_cell_ATAACGCCAGCAGTTT,0,0,0
EOC3_PBMC_cell_TTCTACAAGAAAGTGG,0,0,0
EOC3_PBMC_cell_CGATCGGCATTGGGCC,0,0,0
EOC3_PBMC_cell_AGCTCTCTCCCAAGTA,0,0,0
EOC3_PBMC_cell_TGGGCGTCACGGCGTT,0,0,0
EOC3_PBMC_cell_TCACAAGCATAGACTC,0,0,0
EOC3_PBMC_cell_GGCGTGTCAGAGTGTG,0,0,0
EOC3_PBMC_cell_GAACATCCACGGTAGA,0,0,0
EOC3_PBMC_cell_GTTACAGTCTAACCGA,0,0,0
EOC3_PBMC_cell_CATCGAAAGGACGAAA,0,0,0
EOC3_PBMC_cell_CCTACCAGTCTTCTCG,0,0,0
EOC3_PBMC_cell_GTGAAGGCACGGTGTC,0,0,0
EOC3_PBMC_cell_GTCAAGTGTTGCCTCT,0,0,0
EOC3_PBMC_cell_GATCGATGTTTAGGAA,0,0,0
EOC3_PBMC_cell_CGAGCCACACATAACC,0,0,0
EOC3_PBMC_cell_CCTCAGTCATGCGCAC,0,0,0
EOC3_PBMC_cell_AGTCTTTAGGTACTCT,0,0,0
EOC3_PBMC_cell_TGCCAAAAGACTAGGC,0,0,0
EOC3_PBMC_cell_AACTGGTCAAAGCGGT,0,0,0
EOC3_PBMC_cell_ACATCAGTCACGCGGT,0,0,0
EOC3_PBMC_cell_ATAGACCAGAGTCGGT,0,0,0
EOC3_PBMC_cell_CTCAGAACATGAGCGA,0,0,0
EOC3_PBMC_cell_TTTATGCTCGGCCGAT,0,0,0
EOC3_PBMC_cell_CTTTGCGAGACTCGGA,0,0,0
EOC3_PBMC_cell_CACAGTAAGCTAGTTC,0,0,0
EOC3_PBMC_cell_CGTCACTGTATTCGTG,0,0,0
EOC3_PBMC_cell_ATCGAGTCATAAAGGT,0,0,0
EOC3_PBMC_cell_CCAGCGAGTTAGTGGG,0,0,0
EOC3_PBMC_cell_TCTATTGTCGATCCCT,0,0,0
EOC3_PBMC_cell_GTAACTGTCGCATGGC,0,0,0
EOC3_PBMC_cell_TCGGTAATCTGCTGCT,0,0,0
EOC3_PBMC_cell_TGCACCTTCACTCTTA,0,0,0
EOC3_PBMC_cell_AAGGTTCGTTCAGCGC,0,0,0
EOC3_PBMC_cell_TCTATTGGTGATGATA,0,0,0
EOC3_PBMC_cell_AGCTCCTTCCATGAAC,0,0,0
EOC3_PBMC_cell_ACTGCTCGTCCGTGAC,0,0,0
EOC3_PBMC_cell_GGGCATCCAGGACGTA,0,0,0
EOC3_PBMC_cell_CGGAGTCCAAACAACA,0,0,0
EOC3_PBMC_cell_GTTCTCGTCCTATTCA,0,0,0
EOC3_PBMC_cell_ACACCCTAGCTAGTGG,0,0,0
EOC3_PBMC_cell_ATCCGAACAGTGACAG,0,0,0
EOC3_PBMC_cell_ACATCAGAGTCCAGGA,0,0,0
EOC3_PBMC_cell_TTGTAGGAGGACACCA,0,0,0
EOC3_PBMC_cell_AGCGTATCATAACCTG,0,0,0
EOC3_PBMC_cell_GACGCGTTCACGGTTA,0,0,0
EOC3_PBMC_cell_TGCGCAGAGTGGCACA,0,0,0
EOC3_PBMC_cell_GCAGCCAAGAATTCCC,0,0,0
EOC3_PBMC_cell_CCTTCGATCAGTCCCT,0,0,0
EOC3_PBMC_cell_TCGCGTTTCATTTGGG,0,0,0
EOC3_PBMC_cell_TTCTACAAGGAGCGTT,0,0,0
EOC3_PBMC_cell_CGAATGTCAATGTAAG,0,0,0
EOC3_PBMC_cell_ATCTACTCATACTCTT,0,0,0
EOC3_PBMC_cell_CTACCCAGTCTGGAGA,0,0,0
EOC3_PBMC_cell_TACACGACACACGCTG,0,0,0
EOC3_PBMC_cell_AGCTCCTTCTACGAGT,0,0,0
EOC3_PBMC_cell_CCTTACGAGACTGGGT,0,0,0
EOC3_PBMC_cell_ATGTGTGAGTGGTAGC,0,0,0
EOC3_PBMC_cell_TGCGCAGGTGGTCCGT,0,0,0
EOC3_PBMC_cell_AGGTCATGTGGCGAAT,0,0,0
EOC3_PBMC_cell_GATGAGGGTCGAACAG,0,0,0
EOC3_PBMC_cell_GATGCTAAGATATGCA,0,0,0
EOC3_PBMC_cell_GACAGAGTCGGTCTAA,0,0,0
EOC3_PBMC_cell_GAGCAGATCAAAGTAG,0,0,0
EOC3_PBMC_cell_AGACGTTGTTTGACTG,0,0,0
EOC3_PBMC_cell_GTAGGCCAGACAATAC,0,0,0
EOC3_PBMC_cell_CGTGAGCCATTACGAC,0,0,0
EOC3_PBMC_cell_GACCAATTCCATGCTC,0,0,0
EOC3_PBMC_cell_CTCCTAGGTGTTAAGA,0,0,0
EOC3_PBMC_cell_AACTCCCTCGTGTAGT,0,0,0
EOC3_PBMC_cell_GTATCTTTCAGGTAAA,0,0,0
EOC3_PBMC_cell_AGATTGCCAACACGCC,0,0,0
EOC3_PBMC_cell_GACGGCTCAGGGTATG,0,0,0
EOC3_PBMC_cell_CATATTCCAGCGTTCG,0,0,0
EOC3_PBMC_cell_TTTGCGCCAAGCCGTC,0,0,0
EOC3_PBMC_cell_ATTGGTGGTGGGTATG,0,0,0
EOC3_PBMC_cell_GGCTCGATCCTAAGTG,0,0,0
EOC3_PBMC_cell_AGTGAGGGTTACAGAA,0,0,0
EOC3_PBMC_cell_GCTGCGACACGGCGTT,0,0,0
EOC3_PBMC_cell_CGAGCCATCTTGAGGT,0,0,0
EOC3_PBMC_cell_CTCGTACCAACACGCC,0,0,0
EOC3_PBMC_cell_GTGCTTCGTTCCCGAG,0,0,0
EOC3_PBMC_cell_ACACCAAAGAAGCCCA,0,0,0
EOC3_PBMC_cell_CTACACCCATTACGAC,0,0,0
EOC3_PBMC_cell_ACGATACCAATCGAAA,0,0,0
EOC3_PBMC_cell_CTCGTCAAGTGGGTTG,0,0,0
EOC3_PBMC_cell_ACACCCTTCTGAGGGA,0,0,0
EOC3_PBMC_cell_ATCTACTGTGGCCCTA,0,0,0
EOC3_PBMC_cell_CGTGTCTGTCAGCTAT,0,0,0
EOC3_PBMC_cell_CGTTGGGGTCAAACTC,0,0,0
EOC3_PBMC_cell_GGAATAAAGTGAAGAG,0,0,0
EOC3_PBMC_cell_GATGAGGTCTTCTGGC,0,0,0
EOC3_PBMC_cell_ATCCGAACAGGATCGA,0,0,0
EOC3_PBMC_cell_CTGCCTACAGTCGTGC,0,0,0
EOC3_PBMC_cell_GGAGCAACACAAGCCC,0,0,0
EOC3_PBMC_cell_TAAGAGAAGAAGGCCT,0,0,0
EOC3_PBMC_cell_AAATGCCAGGAACTGC,0,0,0
EOC3_PBMC_cell_GATCGCGGTCAGAAGC,0,0,0
EOC3_PBMC_cell_GTACGTACATTTGCTT,0,0,0
EOC3_PBMC_cell_GATGAAATCGTGGGAA,0,0,0
EOC3_PBMC_cell_ATGCGATAGCTTCGCG,0,0,0
EOC3_PBMC_cell_TCAGATGCAGTGGAGT,0,0,0
EOC3_PBMC_cell_CTGCCTACACTCTGTC,0,0,0
EOC3_PBMC_cell_CATCAGATCCAAGCCG,0,0,0
EOC3_PBMC_cell_CTACACCAGCTGCGAA,0,0,0
EOC3_PBMC_cell_GAATGAAAGCCCAACC,0,0,0
EOC3_PBMC_cell_CAGATCAAGGAATTAC,0,0,0
EOC3_PBMC_cell_ACTTTCAGTTATGCGT,0,0,0
EOC3_PBMC_cell_CGGAGTCAGCCTCGTG,0,0,0
EOC3_PBMC_cell_ACGCAGCGTTGTACAC,0,0,0
EOC3_PBMC_cell_TCGGGACAGCTACCTA,0,0,0
EOC3_PBMC_cell_GGTGAAGGTAGCGATG,0,0,0
EOC3_PBMC_cell_CCGGGATCAGACGCTC,0,0,0
EOC3_PBMC_cell_GGTGTTATCGGAAATA,0,0,0
EOC3_PBMC_cell_CAGATCAGTTACAGAA,0,0,0
EOC3_PBMC_cell_TCGTACCCACGCCAGT,0,0,0
EOC3_PBMC_cell_ATTGGTGTCCCAACGG,0,0,0
EOC3_PBMC_cell_TAGAGCTGTCGATTGT,0,0,0
EOC3_PBMC_cell_TGCTGCTAGATAGGAG,0,0,0
EOC3_PBMC_cell_TACACGACAATCCAAC,0,0,0
EOC3_PBMC_cell_CTCAGAAAGTCCTCCT,0,0,0
EOC3_PBMC_cell_TCGAGGCAGCACAGGT,0,0,0
EOC3_PBMC_cell_TACTTGTTCTAACTCT,0,0,0
EOC3_PBMC_cell_CACAGGCGTCCCTTGT,0,0,0
EOC3_PBMC_cell_CTAAGACGTAAACCTC,0,0,0
EOC3_PBMC_cell_GCAAACTCATCCTTGC,0,0,0
EOC3_PBMC_cell_GAACATCCAAGCCTAT,0,0,0
EOC3_PBMC_cell_CCTTACGTCCACGACG,0,0,0
EOC3_PBMC_cell_ACTGAGTAGTGAATTG,0,0,0
EOC3_PBMC_cell_TGGCCAGAGAATCTCC,0,0,0
EOC3_PBMC_cell_ACTGCTCCAGTCTTCC,0,0,0
EOC3_PBMC_cell_CGGCTAGGTAGGGACT,0,0,0
EOC3_PBMC_cell_TATTACCGTTGGTGGA,0,0,0
EOC3_PBMC_cell_CGGTTAAGTGACCAAG,0,0,0
EOC3_PBMC_cell_CCGTACTAGAAGGCCT,0,0,0
EOC3_PBMC_cell_AAGTCTGCAGTCAGCC,0,0,0
EOC3_PBMC_cell_AGCTCTCTCATTCACT,0,0,0
EOC3_PBMC_cell_GTCCTCATCTGCAAGT,0,0,0
EOC3_PBMC_cell_CGGACGTGTAACGCGA,0,0,0
EOC3_PBMC_cell_TCTTCGGTCGTAGGTT,0,0,0
EOC3_PBMC_cell_GGGACCTCAGTTTACG,0,0,0
EOC3_PBMC_cell_GTCTTCGGTTAAAGTG,0,0,0
EOC3_PBMC_cell_ACAGCCGAGCGTGAGT,0,0,0
EOC3_PBMC_cell_CGTAGCGCACCATGTA,0,0,0
EOC3_PBMC_cell_AGCATACAGCCTTGAT,0,0,0
EOC3_PBMC_cell_CGTCACTGTAATCGTC,0,0,0
EOC3_PBMC_cell_ACATCAGCAAGGACAC,0,0,0
EOC3_PBMC_cell_CTTAGGACATACGCCG,0,0,0
EOC3_PBMC_cell_GCGCGATTCGTTACGA,0,0,0
EOC3_PBMC_cell_CTAGCCTGTGTGCGTC,0,0,0
EOC3_PBMC_cell_CCAATCCAGAGTACCG,0,0,0
EOC3_PBMC_cell_CCTCTGATCAAGAAGT,0,0,0
EOC3_PBMC_cell_TAGTGGTTCACTTACT,0,0,0
EOC3_PBMC_cell_CTAAGACAGCCAACAG,0,0,0
EOC3_PBMC_cell_CGCGGTAGTGAAAGAG,0,0,0
EOC3_PBMC_cell_TCGTAGACATTGGGCC,0,0,0
EOC3_PBMC_cell_CCTTACGCACTTGGAT,0,0,0
EOC3_PBMC_cell_TTCTCAATCATCTGCC,0,0,0
EOC3_PBMC_cell_CCAATCCCAATTCCTT,0,0,0
EOC3_PBMC_cell_TTTGGTTCACTAGTAC,0,0,0
EOC3_PBMC_cell_AGGCCGTGTCATCCCT,0,0,0
EOC3_PBMC_cell_ACACTGACAAAGCGGT,0,0,0
EOC3_PBMC_cell_TTCGAAGCATGAACCT,0,0,0
EOC3_PBMC_cell_TAGTTGGCAAGTCTAC,0,0,0
EOC3_PBMC_cell_CTCGGAGCACTGCCAG,0,0,0
EOC3_PBMC_cell_CTACCCAGTGGGTCAA,0,0,0
EOC3_PBMC_cell_ATGTGTGAGCTCCTCT,0,0,0
EOC3_PBMC_cell_TGAGAGGAGAGGACGG,0,0,0
EOC3_PBMC_cell_GCTGGGTAGTACGTAA,0,0,0
EOC3_PBMC_cell_ACTTTCATCCCTAACC,0,0,0
EOC3_PBMC_cell_CTGTGCTAGGATGTAT,0,0,0
EOC3_PBMC_cell_AAGACCTCAAGAGTCG,0,0,0
EOC3_PBMC_cell_CGTGAGCCATCCGCGA,0,0,0
EOC3_PBMC_cell_TCATTTGGTACTTCTT,0,0,0
EOC3_PBMC_cell_AAGGAGCAGCTCCTTC,0,0,0
EOC3_PBMC_cell_TTGGAACCACTAGTAC,0,0,0
EOC3_PBMC_cell_TTGCCGTCATGCGCAC,0,0,0
EOC3_PBMC_cell_AGAATAGAGAGCTATA,0,0,1
EOC3_PBMC_cell_GCTCTGTTCACTGGGC,0,0,0
EOC3_PBMC_cell_CCAGCGAAGATACACA,0,0,0
EOC3_PBMC_cell_AAGCCGCCACCCATGG,0,0,0
EOC3_PBMC_cell_CAAGGCCAGACGACGT,0,0,0
EOC3_PBMC_cell_CTGATCCAGGAGTTTA,0,0,0
EOC3_PBMC_cell_TGAAAGATCGGTCTAA,0,0,0
EOC3_PBMC_cell_CGATTGAAGATAGCAT,0,0,1
EOC3_PBMC_cell_TGAGCCGCATACTCTT,0,0,0
EOC3_PBMC_cell_TACTTGTAGGTGTTAA,0,0,0
EOC3_PBMC_cell_TCCCGATAGCGTTCCG,0,0,0
EOC3_PBMC_cell_CCTATTATCAGCATGT,0,0,0
EOC3_PBMC_cell_TCAGGTACACCAGGCT,0,0,0
EOC3_PBMC_cell_GTTCATTAGATATACG,0,0,0
EOC3_PBMC_cell_ATTATCCAGGATATAC,0,0,0
EOC3_PBMC_cell_TGACTAGGTGACTCAT,0,0,0
EOC3_PBMC_cell_ATAGACCCAAGAGGCT,0,0,0
EOC3_PBMC_cell_AAGGCAGGTTCCCGAG,0,0,0
EOC3_PBMC_cell_TATTACCTCTGGAGCC,0,0,0
EOC3_PBMC_cell_GGAATAAGTGCAACTT,0,0,0
EOC3_PBMC_cell_TCTCTAACAGCTATTG,0,0,0
EOC3_PBMC_cell_AGTGAGGTCACAGTAC,0,0,0
EOC3_PBMC_cell_ATTGGTGAGTGGGTTG,0,0,0
EOC3_PBMC_cell_GTATCTTAGACAATAC,0,0,0
EOC3_PBMC_cell_CTAACTTGTATGAAAC,0,0,0
EOC3_PBMC_cell_GGAATAAGTCGGGTCT,0,0,0
EOC3_PBMC_cell_TACTCGCGTACCCAAT,0,0,0
EOC3_PBMC_cell_ACGATACCACTGTCGG,0,0,0
EOC3_PBMC_cell_TGGACGCAGAGTCGGT,0,0,0
EOC3_PBMC_cell_ACTGAGTCAGGTGGAT,0,0,0
EOC3_PBMC_cell_CCTACCAAGCGTAGTG,0,0,0
EOC3_PBMC_cell_CCCTCCTGTTCCACGG,0,0,0
EOC3_PBMC_cell_CAGTCCTGTACTCTCC,0,0,0
EOC3_PBMC_cell_TTCCCAGAGCGATATA,0,0,0
EOC3_PBMC_cell_GGCTGGTAGACACGAC,0,0,0
EOC3_PBMC_cell_ATCACGAGTCTTCTCG,0,0,0
EOC3_PBMC_cell_GATTCAGTCCACGCAG,0,0,0
EOC3_PBMC_cell_GCCAAATTCTATGTGG,0,0,0
EOC3_PBMC_cell_CCATGTCCATTCTCAT,0,0,0
EOC3_PBMC_cell_GTGTGCGCATGAGCGA,0,0,0
EOC3_PBMC_cell_ACTTTCAGTATCAGTC,0,0,0
EOC3_PBMC_cell_CGAGCCACATGGATGG,0,0,0
EOC3_PBMC_cell_CCATTCGCATCACGAT,0,0,0
EOC3_PBMC_cell_AACTCAGAGACTCGGA,0,0,0
EOC3_PBMC_cell_CACAGGCTCTTCAACT,0,0,0
EOC3_PBMC_cell_GTGTGCGCACTCTGTC,0,0,0
EOC3_PBMC_cell_GACTACATCTTGTACT,0,0,0
EOC3_PBMC_cell_CGTTAGACACGCCAGT,0,0,0
EOC3_PBMC_cell_GCTTCCACAGAGCCAA,0,0,0
EOC3_PBMC_cell_CCTAAAGGTTTAGCTG,0,0,0
EOC3_PBMC_cell_CGGACGTTCAGTTGAC,0,0,0
EOC3_PBMC_cell_CAGAGAGTCTCAAACG,0,0,0
EOC3_PBMC_cell_TTTACTGGTTTGACTG,0,0,0
EOC3_PBMC_cell_TGGCCAGTCACTGGGC,0,0,0
EOC3_PBMC_cell_TGTTCCGCATCATCCC,0,0,0
EOC3_PBMC_cell_TGAAAGACAATCGAAA,0,0,0
EOC3_PBMC_cell_AAGTCTGGTGACGCCT,0,0,0
EOC3_PBMC_cell_ACACCCTGTTACCAGT,0,0,0
EOC3_PBMC_cell_TTTGCGCGTCTCCCTA,0,0,0
EOC3_PBMC_cell_TAAACCGCATGGGACA,0,0,0
EOC3_PBMC_cell_CGTTAGACAGGGTACA,0,0,0
EOC3_PBMC_cell_CTCGAGGCAGCTGCTG,0,0,0
EOC3_PBMC_cell_GCTGCGAGTGTAAGTA,0,0,0
EOC3_PBMC_cell_CCGTGGAAGTGGTCCC,0,0,0
EOC3_PBMC_cell_CAGTCCTGTGCCTGCA,0,0,0
EOC3_PBMC_cell_TAAGCGTCAAGGACTG,0,0,0
EOC3_PBMC_cell_CACCAGGTCGTACGGC,0,0,0
EOC3_PBMC_cell_CGCGTTTTCGGATGTT,0,0,0
EOC3_PBMC_cell_GGACAAGCAAGCGCTC,0,0,0
EOC3_PBMC_cell_ACAGCTATCGCCAAAT,0,0,0
EOC3_PBMC_cell_CAGCATATCAGGATCT,0,0,0
EOC3_PBMC_cell_GCTTCCACACCAGGCT,0,0,0
EOC3_PBMC_cell_CTGTGCTTCAAGATCC,0,0,0
EOC3_PBMC_cell_GACGTTACACCGTTGG,0,0,0
EOC3_PBMC_cell_AAGGAGCAGAAACCTA,0,0,0
EOC3_PBMC_cell_AGTTGGTCACCAGATT,0,0,0
EOC3_PBMC_cell_CGGAGCTAGCGTCTAT,0,0,0
EOC3_PBMC_cell_CACTCCATCTACTTAC,0,0,0
EOC3_PBMC_cell_TGAGCCGAGTAGCGGT,0,0,0
EOC3_PBMC_cell_TGTGGTAGTGAACCTT,0,0,0
EOC3_PBMC_cell_CGAGCACCACGCATCG,0,0,0
EOC3_PBMC_cell_CAGAGAGCATAACCTG,0,0,0
EOC3_PBMC_cell_CGGTTAAGTTCAACCA,0,0,0
EOC3_PBMC_cell_TTGTAGGAGGGCATGT,0,0,0
EOC3_PBMC_cell_TTAGTTCTCTCAACTT,0,0,0
EOC3_PBMC_cell_AGCATACCAGCCTGTG,0,0,0
EOC3_PBMC_cell_CAGCATATCATGTCCC,0,0,0
EOC3_PBMC_cell_TGTCCCATCAGCACAT,0,0,0
EOC3_PBMC_cell_TCATTACCAAGGTTTC,0,0,0
EOC3_PBMC_cell_GTTACAGGTCACACGC,0,0,0
EOC3_PBMC_cell_GCTGCAGCACGACGAA,0,0,0
EOC3_PBMC_cell_CAGAGAGGTGCGAAAC,0,0,0
EOC3_PBMC_cell_TGAGCATGTATATGAG,0,0,0
EOC3_PBMC_cell_TTTACTGCATCCCATC,0,0,0
EOC3_PBMC_cell_ACGAGGATCTGCTGTC,0,0,1
EOC3_PBMC_cell_CCTTTCTTCCTGCTTG,0,0,0
EOC3_PBMC_cell_CTGCCTATCAGCATGT,0,0,0
EOC3_PBMC_cell_AGCTCTCGTCGCTTCT,0,0,0
EOC3_PBMC_cell_GACGCGTAGATCGGGT,0,0,0
EOC3_PBMC_cell_TCTCTAAAGGGTCTCC,0,0,0
EOC3_PBMC_cell_GCTGGGTGTGCAACTT,0,0,0
EOC3_PBMC_cell_ACATCAGGTGGAAAGA,0,0,0
EOC3_PBMC_cell_GTGCATATCCACGACG,0,0,0
EOC3_PBMC_cell_TGTCCCATCTCGTATT,0,0,0
EOC3_PBMC_cell_CTCGTACGTTGTCTTT,0,0,0
EOC3_PBMC_cell_GAACATCCAATCTGCA,0,0,0
EOC3_PBMC_cell_GCATGATGTAGCTCCG,0,0,0
EOC3_PBMC_cell_CAAGGCCTCGGCGCAT,0,0,0
EOC3_PBMC_cell_TGGACGCAGAGAACAG,0,0,0
EOC3_PBMC_cell_AGGTCATGTCCTAGCG,0,0,0
EOC3_PBMC_cell_GCTGCGAAGCAATCTC,0,0,0
EOC3_PBMC_cell_TGAGCCGTCGGCGCAT,0,0,0
EOC3_PBMC_cell_TCTCATAGTCGTCTTC,0,0,0
EOC3_PBMC_cell_CACACAAGTCTAGTCA,0,0,0
EOC3_PBMC_cell_GATCGCGCAGTCCTTC,0,0,0
EOC3_PBMC_cell_GCATGATGTCTTGCGG,0,0,0
EOC3_PBMC_cell_CGCGTTTCAATTGCTG,0,0,0
EOC3_PBMC_cell_TCTCTAAAGTTGAGTA,0,0,0
EOC3_PBMC_cell_TATGCCCAGAGGTACC,0,0,0
EOC3_PBMC_cell_CGCTTCAGTCGAGATG,0,0,0
EOC3_PBMC_cell_CTGCCTAGTTGGAGGT,0,0,0
EOC3_PBMC_cell_CCTAGCTGTCTGGTCG,0,0,0
EOC3_PBMC_cell_GTGCATAAGGCCGAAT,0,0,0
EOC3_PBMC_cell_GTACGTATCCTTCAAT,0,0,0
EOC3_PBMC_cell_GTTACAGTCTAGAGTC,0,0,0
EOC3_PBMC_cell_CGACTTCAGCTAGCCC,0,0,0
EOC3_PBMC_cell_CATATTCAGTGACATA,0,0,0
EOC3_PBMC_cell_TGCCCATGTGAAATCA,0,0,0
EOC3_PBMC_cell_ATGGGAGAGGTAGCTG,0,0,0
EOC3_PBMC_cell_AACACGTCAACCGCCA,0,0,0
EOC3_PBMC_cell_TTGCGTCGTACCGCTG,0,0,0
EOC3_PBMC_cell_CATCAGACAACGATGG,0,0,0
EOC3_PBMC_cell_GTCCTCAGTAAAGGAG,0,0,0
EOC3_PBMC_cell_ATGCGATTCTGGCGTG,0,0,0
EOC3_PBMC_cell_TAAGCGTTCGTTTATC,0,0,0
EOC3_PBMC_cell_ACTGATGCAGACGCCT,0,0,0
EOC3_PBMC_cell_CTGCCTAAGCCTTGAT,0,0,0
EOC3_PBMC_cell_CCTATTATCTCCAACC,0,0,0
EOC3_PBMC_cell_GACTAACCACACGCTG,0,0,0
EOC3_PBMC_cell_CCACTACGTTCCACAA,0,0,0
EOC3_PBMC_cell_GCAATCACAGGTCCAC,0,0,0
EOC3_PBMC_cell_CGGAGTCCACATCTTT,0,0,0
EOC3_PBMC_cell_ACGGGCTAGGCCGAAT,0,0,0
EOC3_PBMC_cell_TTGAACGGTAGGACAC,0,0,0
EOC3_PBMC_cell_GTGCAGCGTAGCTGCC,0,0,0
EOC3_PBMC_cell_CTCCTAGCATGCGCAC,0,0,0
EOC3_PBMC_cell_GCGCAGTGTAGTAGTA,0,0,0
EOC3_PBMC_cell_ACACCCTGTGTTTGTG,0,0,1
EOC3_PBMC_cell_GTGCTTCAGCTGCAAG,0,0,0
EOC3_PBMC_cell_ATCCACCCACGCCAGT,0,0,0
EOC3_PBMC_cell_CCCTCCTCACGTCTCT,0,0,0
EOC3_PBMC_cell_CGCTTCACACCCATGG,0,0,0
EOC3_PBMC_cell_GACACGCAGGTACTCT,0,0,0
EOC3_PBMC_cell_GTAGTCAAGACAGACC,0,0,0
EOC3_PBMC_cell_GCTGCTTTCACCCGAG,0,0,0
EOC3_PBMC_cell_TCGGTAACAGGTGCCT,0,0,0
EOC3_PBMC_cell_ATGGGAGAGAGACGAA,0,0,0
EOC3_PBMC_cell_TGCGGGTCACATTCGA,0,0,0
EOC3_PBMC_cell_AACTCTTCACAGCCCA,0,0,0
EOC3_PBMC_cell_TGAGCCGTCGTACGGC,0,0,0
EOC3_PBMC_cell_CTGCTGTGTCTAACGT,0,0,0
EOC3_PBMC_cell_TACCTTAAGGGTGTTG,0,0,0
EOC3_PBMC_cell_GCGCAGTCATCCGGGT,0,0,0
EOC3_PBMC_cell_CACAGTATCCGCGGTA,0,0,0
EOC3_PBMC_cell_TGCCCATTCAACACAC,0,0,0
EOC3_PBMC_cell_TACGGTAGTAAGGATT,0,0,0
EOC3_PBMC_cell_CGCTATCGTAAACGCG,0,0,0
EOC3_PBMC_cell_GACACGCCAAGTTAAG,0,0,0
EOC3_PBMC_cell_CGAGCACGTTTGTTTC,0,0,0
EOC3_PBMC_cell_CTCTGGTAGTAGGTGC,0,0,0
EOC3_PBMC_cell_GGAAAGCTCACAGTAC,0,0,0
EOC3_PBMC_cell_CAAGAAAAGCGATAGC,0,0,0
EOC3_PBMC_cell_GGTGCGTTCTTCAACT,0,0,0
EOC3_PBMC_cell_GTGGGTCGTATAAACG,0,0,0
EOC3_PBMC_cell_CCTTTCTAGTGCGTGA,0,0,0
EOC3_PBMC_cell_TGTGTTTCAATAGAGT,0,0,0
EOC3_PBMC_cell_ATTTCTGTCTACTTAC,0,0,0
EOC3_PBMC_cell_CCGGGATAGATGTGTA,0,0,0
EOC3_PBMC_cell_TGACAACCAAGAAAGG,0,0,0
EOC3_PBMC_cell_CGTGTAACAATGGAAT,0,0,0
EOC3_PBMC_cell_GCGCCAATCGTACCGG,0,0,0
EOC3_PBMC_cell_CACAAACTCTGTCAAG,0,0,0
EOC3_PBMC_cell_CACATAGGTATCACCA,0,0,0
EOC3_PBMC_cell_GTCAAGTGTGGTCTCG,0,0,0
EOC3_PBMC_cell_GGACGTCGTGCACCAC,0,0,0
EOC3_PBMC_cell_ACGCCAGTCAAACAAG,0,0,0
EOC3_PBMC_cell_CATCGAACAAGTTCTG,0,0,0
EOC3_PBMC_cell_CACCACTTCCAAACTG,0,0,0
EOC3_PBMC_cell_GTGTTAGCAAGCCTAT,0,0,0
EOC3_PBMC_cell_CGATGTATCAGCAACT,0,0,0
EOC3_PBMC_cell_CTCTAATCATGGATGG,0,0,0
EOC3_PBMC_cell_GCTGGGTAGGAATGGA,0,0,0
EOC3_PBMC_cell_CAGCCGATCGAGAGCA,0,0,0
EOC3_PBMC_cell_CGGACTGCACCTGGTG,0,0,0
EOC3_PBMC_cell_TACTCATCACGGTAAG,0,0,0
EOC3_PBMC_cell_AGTAGTCGTTCAGACT,0,0,0
EOC3_PBMC_cell_ACCTTTAAGCCATCGC,0,0,0
EOC3_PBMC_cell_ACGCAGCGTGATAAGT,0,0,0
EOC3_PBMC_cell_TCTTCGGTCGGAGCAA,0,0,0
EOC3_PBMC_cell_GCATGATTCAGAGGTG,0,0,0
EOC3_PBMC_cell_TGGCGCAGTTCTGGTA,0,0,0
EOC3_PBMC_cell_TATCTCACATCCCATC,0,0,0
EOC3_PBMC_cell_GTGCATAAGGTGATAT,0,0,0
EOC3_PBMC_cell_GGAACTTGTTGCCTCT,0,0,0
EOC3_PBMC_cell_TTGGCAATCGTCACGG,0,0,0
EOC3_PBMC_cell_CGCGGTAGTAAAGGAG,0,0,0
EOC3_PBMC_cell_CGTAGCGCAGCGAACA,0,0,0
EOC3_PBMC_cell_GCGCAGTTCGTTACGA,0,0,0
EOC3_PBMC_cell_GCATGCGGTATGAAAC,0,0,0
EOC3_PBMC_cell_CACAGGCAGAGCTATA,0,0,0
EOC3_PBMC_cell_TGAAAGAAGGTGATAT,0,0,0
EOC3_PBMC_cell_TGAGGGAAGAACTCGG,0,0,0
EOC3_PBMC_cell_TTAGGCACACGGCGTT,0,0,0
EOC3_PBMC_cell_ACGCCAGCAATAGAGT,0,0,0
EOC3_PBMC_cell_TCTATTGAGGGCTCTC,0,0,0
EOC3_PBMC_cell_AGGCCACGTCCGTCAG,0,0,0
EOC3_PBMC_cell_ACCAGTACACGTTGGC,0,0,0
EOC3_PBMC_cell_TTGCCGTCACGAAAGC,0,0,0
EOC3_PBMC_cell_ACACTGATCGGATGGA,0,0,0
EOC3_PBMC_cell_CTACCCAGTATAGGTA,0,0,0
EOC3_PBMC_cell_CGGACACGTCGGCACT,0,0,0
EOC3_PBMC_cell_GACCTGGAGACACTAA,0,0,0
EOC3_PBMC_cell_TGGCTGGTCCGCAAGC,0,0,0
EOC3_PBMC_cell_GACCTGGAGCCAGAAC,0,0,0
EOC3_PBMC_cell_GTGAAGGTCCGCGTTT,0,0,0
EOC3_PBMC_cell_CGGAGCTCATACCATG,0,0,0
EOC3_PBMC_cell_CTACGTCCATCGACGC,0,0,0
EOC3_PBMC_cell_AAAGATGAGCAGCCTC,0,0,0
EOC3_PBMC_cell_CAACCTCCATATACCG,0,0,0
EOC3_PBMC_cell_AAGGTTCCACGCATCG,0,0,0
EOC3_PBMC_cell_TGGTTCCCAGACGCTC,0,0,0
EOC3_PBMC_cell_TTGCCGTTCAGGTTCA,0,0,0
EOC3_PBMC_cell_GTGCGGTAGGCTCATT,0,0,0
EOC3_PBMC_cell_TGGGCGTCAGTATAAG,0,0,0
EOC3_PBMC_cell_CAAGGCCGTGAGTGAC,0,0,0
EOC3_PBMC_cell_GTCACAAGTCTCGTTC,0,0,0
EOC3_PBMC_cell_CGGGTCATCTTCTGGC,0,0,0
EOC3_PBMC_cell_GAATGAAAGGGCTTCC,0,0,0
EOC3_PBMC_cell_CAAGATCCATAACCTG,0,0,0
EOC3_PBMC_cell_GAGTCCGCATCTACGA,0,0,0
EOC3_PBMC_cell_AGCTTGAGTCATCGGC,0,0,0
EOC3_PBMC_cell_CTGAAACAGAGCTGGT,0,0,0
EOC3_PBMC_cell_TTGAACGCAGCCTTGG,0,0,0
EOC3_PBMC_cell_CATCAGATCTGCTGCT,0,0,0
EOC3_PBMC_cell_TCGGTAACACATTAGC,0,0,0
EOC3_PBMC_cell_CGTCCATTCCTTAATC,0,0,0
EOC3_PBMC_cell_TCGGTAACAGGTCCAC,0,0,0
EOC3_PBMC_cell_GTGCTTCAGGTGCTAG,0,0,0
EOC3_PBMC_cell_TGCTGCTTCCTACAGA,0,0,0
EOC3_PBMC_cell_TGCCAAATCAAACCGT,0,0,0
EOC3_PBMC_cell_CTTGGCTGTTGAACTC,0,0,0
EOC3_PBMC_cell_TACGGGCCACGCATCG,0,0,0
EOC3_PBMC_cell_TGAGAGGGTCATCGGC,0,0,0
EOC3_PBMC_cell_GTTTCTACACAGGTTT,0,0,0
EOC3_PBMC_cell_TCGGGACAGTCTCGGC,0,0,0
EOC3_PBMC_cell_GCGCAGTTCGCGTAGC,0,0,0
EOC3_PBMC_cell_CAGAATCAGCCAGAAC,0,0,0
EOC3_PBMC_cell_TAAACCGAGAGCTTCT,0,0,0
EOC3_PBMC_cell_ATTCTACGTTCTCATT,0,0,0
EOC3_PBMC_cell_ACTGTCCAGACACTAA,0,0,0
EOC3_PBMC_cell_ACGAGCCCATGTTGAC,0,0,0
EOC3_PBMC_cell_AACGTTGAGATCCGAG,0,0,0
EOC3_PBMC_cell_CTACGTCTCACGCATA,0,0,0
EOC3_PBMC_cell_ACGGCCAGTCAAACTC,0,0,0
EOC3_PBMC_cell_AGTCTTTAGACTACAA,0,0,0
EOC3_PBMC_cell_AACTTTCGTTCCCTTG,0,0,0
EOC3_PBMC_cell_CTGATCCGTCGAAAGC,0,0,0
EOC3_PBMC_cell_GCTGCAGTCCATGCTC,0,0,0
EOC3_PBMC_cell_TAGTGGTCAGTATGCT,0,0,0
EOC3_PBMC_cell_ATTACTCTCAGGTTCA,0,0,0
EOC3_PBMC_cell_GTTCGGGTCGTCTGCT,0,0,0
EOC3_PBMC_cell_GCCTCTAAGAGTACCG,0,0,0
EOC3_PBMC_cell_CGATCGGTCCAAATGC,0,0,0
EOC3_PBMC_cell_TCAACGATCGGTGTCG,0,0,0
EOC3_PBMC_cell_GGGACCTTCGTCACGG,0,0,0
EOC3_PBMC_cell_ATTTCTGAGCAATCTC,0,0,0
EOC3_PBMC_cell_CGTGTAACAAACAACA,0,0,0
EOC3_PBMC_cell_CCACGGAAGACAGAGA,0,0,0
EOC3_PBMC_cell_GTACGTAAGGGCATGT,0,0,0
EOC3_PBMC_cell_AGAATAGAGCTAGTGG,0,0,0
EOC3_PBMC_cell_GGAAAGCCAATGGATA,0,0,0
EOC3_PBMC_cell_TGACGGCAGGATGTAT,0,0,0
EOC3_PBMC_cell_TTCTCAAGTCAGTGGA,0,0,0
EOC3_PBMC_cell_ACGTCAATCTTGGGTA,0,0,0
EOC3_PBMC_cell_CTGTGCTGTTCAGCGC,0,0,0
EOC3_PBMC_cell_CAAGTTGAGCACACAG,0,0,0
EOC3_PBMC_cell_AAGGAGCAGCATCATC,0,0,0
EOC3_PBMC_cell_AATCGGTTCCGAGCCA,0,0,0
EOC3_PBMC_cell_CTAGAGTCAAGACGTG,0,0,0
EOC3_PBMC_cell_AGCCTAACAGATGGGT,0,0,0
EOC3_PBMC_cell_TTAACTCTCAACACGT,0,0,0
EOC3_PBMC_cell_AAGACCTGTTTGACAC,0,0,0
EOC3_PBMC_cell_TCACGAACATCCGTGG,0,0,0
EOC3_PBMC_cell_AACCATGTCACGATGT,0,0,0
EOC3_PBMC_cell_AGCTTGAGTACCGTAT,0,0,0
EOC3_PBMC_cell_AGGGATGTCGCACTCT,0,0,0
EOC3_PBMC_cell_GGACAAGGTACATGTC,0,0,0
EOC3_PBMC_cell_AGTAGTCTCGCGTAGC,0,0,0
EOC3_PBMC_cell_CAACCAACATGGATGG,0,0,0
EOC3_PBMC_cell_ACGGAGAAGAGCTTCT,0,0,0
EOC3_PBMC_cell_GTGCAGCTCTGGTTCC,0,0,0
EOC3_PBMC_cell_CGGAGCTAGATGCGAC,0,0,0
EOC3_PBMC_cell_CACAGGCTCTTCGGTC,0,0,0
EOC3_PBMC_cell_CTCGAGGAGTGGGTTG,0,0,0
EOC3_PBMC_cell_CTTCTCTCATCACCCT,0,0,0
EOC3_PBMC_cell_AGGCCACCAAAGCGGT,0,0,0
EOC3_PBMC_cell_CGGTTAATCTCAAGTG,0,0,0
EOC3_PBMC_cell_CTGGTCTTCGCCAGCA,0,0,0
EOC3_PBMC_cell_AACTTTCGTCGGATCC,0,0,0
EOC3_PBMC_cell_CTGGTCTCAATGGATA,0,0,0
EOC3_PBMC_cell_TTCTTAGAGAGTTGGC,0,0,0
EOC3_PBMC_cell_TAGTTGGAGACAGGCT,0,0,0
EOC3_PBMC_cell_TTGGCAAAGAGCTGGT,0,0,0
EOC3_PBMC_cell_GATTCAGCATGTTGAC,0,0,0
EOC3_PBMC_cell_CGATTGACATCCTAGA,0,0,0
EOC3_PBMC_cell_GTGGGTCCACAACGTT,0,0,0
EOC3_PBMC_cell_CAACCTCTCGGTCTAA,0,0,0
EOC3_PBMC_cell_CTAGAGTAGCCGCCTA,0,0,0
EOC3_PBMC_cell_CTGCGGAAGTGGGATC,0,0,0
EOC3_PBMC_cell_CCATGTCCACCACGTG,0,0,0
EOC3_PBMC_cell_TACTCGCGTGAGGGAG,0,0,0
EOC3_PBMC_cell_TCTATTGAGTTACGGG,0,0,0
EOC3_PBMC_cell_TACGGTACAAGCCGCT,0,0,0
EOC3_PBMC_cell_GGCGTGTAGAGACTAT,0,0,0
EOC3_PBMC_cell_TCGTAGATCAAACCGT,0,0,0
EOC3_PBMC_cell_AGTCTTTAGCTGCCCA,0,0,0
EOC3_PBMC_cell_AGTAGTCGTCAATACC,0,0,0
EOC3_PBMC_cell_ATTCTACCATCACGAT,0,0,0
EOC3_PBMC_cell_ATCCACCGTAGCGTCC,0,0,0
EOC3_PBMC_cell_CACCAGGGTCCGTGAC,0,0,0
EOC3_PBMC_cell_CTTACCGTCTGCAGTA,0,0,0
EOC3_PBMC_cell_TGAGCCGCACAAGACG,0,0,0
EOC3_PBMC_cell_AGCCTAAGTTCGCTAA,0,0,0
EOC3_PBMC_cell_CAAGGCCTCGCTGATA,0,0,0
EOC3_PBMC_cell_GTCTTCGGTCCTGCTT,0,0,0
EOC3_PBMC_cell_TGCCCATGTAGCGTAG,0,0,0
EOC3_PBMC_cell_CAAGAAATCATGCATG,0,0,0
EOC3_PBMC_cell_CAGGTGCTCCTACAGA,0,0,0
EOC3_PBMC_cell_AGATTGCTCTGCTTGC,0,0,0
EOC3_PBMC_cell_GTAGTCACAAAGCAAT,0,0,0
EOC3_PBMC_cell_CACAGTACACAGACAG,0,0,0
EOC3_PBMC_cell_ACCCACTGTGTGAATA,0,0,0
EOC3_PBMC_cell_CGTCAGGTCGTAGGAG,0,0,0
EOC3_PBMC_cell_TAAGTGCCACTACAGT,0,0,0
EOC3_PBMC_cell_CGAGAAGCATACAGCT,0,0,0
EOC3_PBMC_cell_CTTACCGTCAAGAAGT,0,0,0
EOC3_PBMC_cell_TCGGTAATCGTCTGCT,0,0,0
EOC3_PBMC_cell_GGAATAACAGCGATCC,0,0,0
EOC3_PBMC_cell_CAGCTAAGTTGTGGAG,0,0,0
EOC3_PBMC_cell_AAGTCTGGTCCGAATT,0,0,0
EOC3_PBMC_cell_CTAAGACGTGTTGAGG,0,0,0
EOC3_PBMC_cell_ATCCACCCACAGGCCT,0,0,0
EOC3_PBMC_cell_GCGAGAATCTTATCTG,0,0,0
EOC3_PBMC_cell_AAGCCGCGTGATGATA,0,0,0
EOC3_PBMC_cell_GGACGTCGTCAGAAGC,0,0,0
EOC3_PBMC_cell_CAGTAACTCAACGGGA,0,0,0
EOC3_PBMC_cell_GATCGATTCGGAGGTA,0,0,0
EOC3_PBMC_cell_TACACGATCAGGCCCA,0,0,0
EOC3_PBMC_cell_TGGGAAGGTTCAACCA,0,0,0
EOC3_PBMC_cell_CGGAGCTAGGCCGAAT,0,0,0
EOC3_PBMC_cell_GCTGCTTTCTGTCTCG,0,0,0
EOC3_PBMC_cell_GCGAGAAGTCCGTGAC,0,0,0
EOC3_PBMC_cell_TCGTAGACAATAGCAA,0,0,0
EOC3_PBMC_cell_TAGACCAAGCCCAGCT,0,0,0
EOC3_PBMC_cell_TACCTTAAGCGACGTA,0,0,0
EOC3_PBMC_cell_CAGCGACGTATATGAG,0,0,0
EOC3_PBMC_cell_CTACACCGTGTATGGG,0,0,0
EOC3_PBMC_cell_TGCGGGTTCTCCTATA,0,0,0
EOC3_PBMC_cell_AGGGTGAGTACCCAAT,0,0,0
EOC3_PBMC_cell_GCGACCACAAGCCTAT,0,0,0
EOC3_PBMC_cell_GCATGCGTCCGTCAAA,0,0,0
EOC3_PBMC_cell_TTTGTCAGTATATCCG,0,0,0
EOC3_PBMC_cell_GGGCATCGTAGGCATG,0,0,0
EOC3_PBMC_cell_CGCCAAGAGCCCAGCT,0,0,0
EOC3_PBMC_cell_AAGACCTTCAGTCCCT,0,0,0
EOC3_PBMC_cell_AGGTCCGCATCGGAAG,0,0,0
EOC3_PBMC_cell_GAAGCAGCACCGCTAG,0,0,0
EOC3_PBMC_cell_AAGGTTCCAGATAATG,0,0,0
EOC3_PBMC_cell_GTATTCTCAGGTGCCT,0,0,0
EOC3_PBMC_cell_CTTACCGGTGCCTGCA,0,0,0
EOC3_PBMC_cell_TGAGCCGTCAGTTGAC,0,0,0
EOC3_PBMC_cell_CGTAGCGGTTGGACCC,0,0,0
EOC3_PBMC_cell_CGTCTACCACGGCCAT,0,0,0
EOC3_PBMC_cell_ATTGGTGAGAAACCGC,0,0,0
EOC3_PBMC_cell_CCTTACGAGAGGTAGA,0,0,0
EOC3_PBMC_cell_TCAGATGGTTCCCTTG,0,0,0
EOC3_PBMC_cell_GGCTCGAGTTGTGGAG,0,0,0
EOC3_PBMC_cell_CATATTCGTAGCTTGT,0,0,0
EOC3_PBMC_cell_TTCGAAGAGATATGGT,0,0,0
EOC3_PBMC_cell_TGATTTCGTGATGATA,0,0,0
EOC3_PBMC_cell_TGGCCAGTCTATGTGG,0,0,0
EOC3_PBMC_cell_CTCGAGGTCCCTAACC,0,0,0
EOC3_PBMC_cell_TTGACTTAGCGTAATA,0,0,0
EOC3_PBMC_cell_CTAACTTGTCGCGTGT,0,0,0
EOC3_PBMC_cell_CTCCTAGCAGACAGGT,0,0,0
EOC3_PBMC_cell_CCACGGATCTTGAGGT,0,0,0
EOC3_PBMC_cell_TCTGGAAGTAGCCTAT,0,0,0
EOC3_PBMC_cell_ATCCACCCAAAGTCAA,0,0,0
EOC3_PBMC_cell_GATGAGGAGTCCGGTC,0,0,0
EOC3_PBMC_cell_ACGTCAACACGTTGGC,0,0,0
EOC3_PBMC_cell_TGCCCATTCACTATTC,0,0,0
