,celllabel,True,Predict
EOC1_PBMC_cell_GACCTGGTCCTAGAAC,0,0,0
EOC1_PBMC_cell_TCGGTAACATACAGCT,0,0,0
EOC1_PBMC_cell_CGTAGGCAGTGTTTGC,0,0,0
EOC1_PBMC_cell_CATTCGCTCATCATTC,0,0,0
EOC1_PBMC_cell_AGGCCACAGCTGAAAT,0,0,0
EOC1_PBMC_cell_CTAAGACTCGTTGCCT,0,0,0
EOC1_PBMC_cell_GATCGATTCGCGTAGC,0,0,0
EOC1_PBMC_cell_GATCAGTCATGCCTTC,0,0,0
EOC1_PBMC_cell_GTACTTTGTCTTGATG,0,0,0
EOC1_PBMC_cell_AATCGGTAGTACATGA,0,0,0
EOC1_PBMC_cell_TCTTTCCTCGGAATCT,0,0,0
EOC1_PBMC_cell_TACGGTATCTCCCTGA,0,0,0
EOC1_PBMC_cell_TCCACACGTCCGCTGA,0,0,0
EOC1_PBMC_cell_CCGTGGAGTCATACTG,0,0,0
EOC1_PBMC_cell_AGAATAGGTCGACTAT,0,0,0
EOC1_PBMC_cell_GCAATCAGTTAGAACA,0,0,0
EOC1_PBMC_cell_AGGGTGATCATTTGGG,0,0,0
EOC1_PBMC_cell_TATCTCAAGTAGCGGT,0,0,0
EOC1_PBMC_cell_ACGTCAAAGAGTACAT,0,0,0
EOC1_PBMC_cell_CACATAGTCAGCTGGC,0,0,0
EOC1_PBMC_cell_TCCACACGTTTGTTGG,0,0,0
EOC1_PBMC_cell_TGAGCCGTCGGCTACG,0,0,0
EOC1_PBMC_cell_GCGCAACCAGCTGCTG,0,0,0
EOC1_PBMC_cell_ATTCTACCAATCGGTT,0,0,0
EOC1_PBMC_cell_TTGACTTCAGCTCGAC,0,0,0
EOC1_PBMC_cell_CTTAGGACAAGCTGAG,0,0,0
EOC1_PBMC_cell_CGAGAAGTCAACACGT,0,0,0
EOC1_PBMC_cell_AACGTTGGTGCACGAA,0,0,0
EOC1_PBMC_cell_TGTTCCGAGATGCGAC,0,0,0
EOC1_PBMC_cell_GGACAGAAGGAATTAC,0,0,0
EOC1_PBMC_cell_ACACCAATCAACGAAA,0,0,0
EOC1_PBMC_cell_AACCGCGAGCCACCTG,0,0,0
EOC1_PBMC_cell_GTGCATATCCCATTAT,0,0,0
EOC1_PBMC_cell_GAGGTGATCTTCAACT,0,0,0
EOC1_PBMC_cell_TAGTGGTTCCTAGGGC,0,0,0
EOC1_PBMC_cell_TGTCCCAAGTAGCGGT,0,0,0
EOC1_PBMC_cell_GGTATTGCAGTCGTGC,0,0,0
EOC1_PBMC_cell_TGACAACTCACTCCTG,0,0,0
EOC1_PBMC_cell_CCTCAGTGTGTGTGCC,0,0,0
EOC1_PBMC_cell_TCACAAGCAAAGAATC,0,0,0
EOC1_PBMC_cell_TAGTTGGTCACCATAG,0,0,0
EOC1_PBMC_cell_TGAGCATAGTTACCCA,0,0,0
EOC1_PBMC_cell_CCTTACGGTGCATCTA,0,0,0
EOC1_PBMC_cell_TCGGGACAGTTAGCGG,0,0,0
EOC1_PBMC_cell_GGTATTGAGGCAATTA,0,0,0
EOC1_PBMC_cell_GCTGGGTCATGCCTAA,0,0,0
EOC1_PBMC_cell_TTCGGTCTCAAAGTAG,0,0,0
EOC1_PBMC_cell_GACGTGCTCACGGTTA,0,0,0
EOC1_PBMC_cell_AAGGTTCGTCTCATCC,0,0,0
EOC1_PBMC_cell_CTACACCAGGAGTAGA,0,0,0
EOC1_PBMC_cell_TCAGGATTCAGTGTTG,0,0,0
EOC1_PBMC_cell_CAACCAAGTCTAGCGC,0,0,0
EOC1_PBMC_cell_CGGACGTTCCAGTAGT,0,0,0
EOC1_PBMC_cell_GTGGGTCTCACTATTC,0,0,0
EOC1_PBMC_cell_GCATGTATCTCCAGGG,0,0,0
EOC1_PBMC_cell_AAACCTGAGGTGCTAG,0,0,0
EOC1_PBMC_cell_CTGGTCTGTCAGAAGC,0,0,0
EOC1_PBMC_cell_AACTCAGCATCCGTGG,0,0,0
EOC1_PBMC_cell_CGTAGCGAGCTCCTCT,0,0,0
EOC1_PBMC_cell_ATCCGAATCTGGGCCA,0,0,0
EOC1_PBMC_cell_CCACCTACACAGTCGC,0,0,0
EOC1_PBMC_cell_GTGCTTCGTCTAGGTT,0,0,0
EOC1_PBMC_cell_GAATGAATCCGCGGTA,0,0,0
EOC1_PBMC_cell_CTCCTAGAGATGAGAG,0,0,0
EOC1_PBMC_cell_GCGCAACGTGATGTCT,0,0,0
EOC1_PBMC_cell_AGCTCCTAGTGTACGG,0,0,0
EOC1_PBMC_cell_CGTAGCGAGTGACATA,0,0,0
EOC1_PBMC_cell_CTTACCGCAGCAGTTT,0,0,0
EOC1_PBMC_cell_CGGCTAGTCTGGCGAC,0,0,0
EOC1_PBMC_cell_ATTGGTGTCAATACCG,0,0,0
EOC1_PBMC_cell_CGATGTACATGAACCT,0,0,0
EOC1_PBMC_cell_GGAATAAGTAGCGTCC,0,0,0
EOC1_PBMC_cell_GGACGTCAGAAGGGTA,0,0,0
EOC1_PBMC_cell_GATGAAAGTCGCGAAA,0,0,0
EOC1_PBMC_cell_GCCAAATTCTCCCTGA,0,0,0
EOC1_PBMC_cell_ATTGGACTCATGTCTT,0,0,0
EOC1_PBMC_cell_CCTTCCCTCAACACAC,0,0,0
EOC1_PBMC_cell_TGCCCATCACCGTTGG,0,0,0
EOC1_PBMC_cell_CACATTTGTTCGAATC,0,0,0
EOC1_PBMC_cell_TCTCTAATCAGCTGGC,0,0,0
EOC1_PBMC_cell_CAGAATCGTGACCAAG,0,0,0
EOC1_PBMC_cell_TAGCCGGCAGTTTACG,0,0,0
EOC1_PBMC_cell_GTACTTTGTTACCGAT,0,0,0
EOC1_PBMC_cell_TTCGAAGTCTACTTAC,0,0,0
EOC1_PBMC_cell_TTTACTGGTCCCTTGT,0,0,0
EOC1_PBMC_cell_ACGATGTTCATCATTC,0,0,0
EOC1_PBMC_cell_TAAGCGTCATCATCCC,0,0,0
EOC1_PBMC_cell_CCGGTAGAGGGTTTCT,0,0,0
EOC1_PBMC_cell_ATTACTCCATAACCTG,0,0,0
EOC1_PBMC_cell_TACCTTATCCCAAGAT,0,0,0
EOC1_PBMC_cell_ATGTGTGTCCGTCAAA,0,0,0
EOC1_PBMC_cell_CTGGTCTGTCATCCCT,0,0,0
EOC1_PBMC_cell_TCGCGTTGTAGCCTAT,0,0,0
EOC1_PBMC_cell_AACCGCGGTCTGCAAT,0,0,0
EOC1_PBMC_cell_CACAAACTCTAACCGA,0,0,0
EOC1_PBMC_cell_GGTGAAGTCCCGACTT,0,0,0
EOC1_PBMC_cell_GTCACAAAGCTCCTTC,0,0,0
EOC1_PBMC_cell_CGCTGGATCGGTTAAC,0,0,0
EOC1_PBMC_cell_TTTGGTTAGGTGCACA,0,0,0
EOC1_PBMC_cell_GCAAACTGTAAGGATT,0,0,0
EOC1_PBMC_cell_CGTAGCGAGCCAGGAT,0,0,0
EOC1_PBMC_cell_CCTCAGTTCCCATTAT,0,0,0
EOC1_PBMC_cell_CACTCCAAGACCTAGG,0,0,0
EOC1_PBMC_cell_TTAGGACGTAAATGTG,0,0,0
EOC1_PBMC_cell_ATGGGAGAGGCATTGG,0,0,0
EOC1_PBMC_cell_CAGGTGCTCAAACCGT,0,0,0
EOC1_PBMC_cell_GATGCTACATCACCCT,0,0,0
EOC1_PBMC_cell_CTAGAGTCAGCTCCGA,0,0,0
EOC1_PBMC_cell_AGGCCGTTCGCTTGTC,0,0,0
EOC1_PBMC_cell_ATCACGAAGCTAACTC,0,0,0
EOC1_PBMC_cell_CAGCTGGCAGCCTATA,0,0,0
EOC1_PBMC_cell_CTGCGGATCGCAAGCC,0,0,0
EOC1_PBMC_cell_ATTGGACAGCCTTGAT,0,0,0
EOC1_PBMC_cell_CTGAAACTCTCAAGTG,0,0,0
EOC1_PBMC_cell_CACAGGCTCTCATTCA,0,0,0
EOC1_PBMC_cell_AGCTTGACATGAGCGA,0,0,0
EOC1_PBMC_cell_ACCAGTATCCACGAAT,0,0,0
EOC1_PBMC_cell_GAAACTCGTTGTACAC,0,0,0
EOC1_PBMC_cell_CAAGGCCAGCACCGTC,0,0,0
EOC1_PBMC_cell_TGGCCAGCAGACTCGC,0,0,0
EOC1_PBMC_cell_GTATTCTTCGTATCAG,0,0,0
EOC1_PBMC_cell_ACGTCAAAGAACTGTA,0,0,0
EOC1_PBMC_cell_CAGTAACCAATGGAAT,0,0,0
EOC1_PBMC_cell_TACTCGCCAAGAGGCT,0,0,0
EOC1_PBMC_cell_CTGATAGAGCCGGTAA,0,0,0
EOC1_PBMC_cell_CTCGAAATCTTATCTG,0,0,0
EOC1_PBMC_cell_CAAGGCCAGCGATTCT,0,0,0
EOC1_PBMC_cell_TCTGGAATCATAGCAC,0,0,0
EOC1_PBMC_cell_AGATCTGGTCCAACTA,0,0,0
EOC1_PBMC_cell_CATCGGGTCTCTTGAT,0,0,0
EOC1_PBMC_cell_ATGGGAGGTCTTTCAT,0,0,0
EOC1_PBMC_cell_TCGGGACCAGCGTTCG,0,0,0
EOC1_PBMC_cell_GAAGCAGGTTAAAGTG,0,0,0
EOC1_PBMC_cell_CATATGGCAGACGCTC,0,0,0
EOC1_PBMC_cell_TTCGGTCGTTTCGCTC,0,0,0
EOC1_PBMC_cell_ATAAGAGAGCTGTCTA,0,0,0
EOC1_PBMC_cell_CTAGTGACATTATCTC,0,0,0
EOC1_PBMC_cell_CACACTCCACGGATAG,0,0,0
EOC1_PBMC_cell_GTTCTCGCAGCAGTTT,0,0,0
EOC1_PBMC_cell_AAATGCCGTCAAAGCG,0,0,0
EOC1_PBMC_cell_CCTCTGATCTCAAGTG,0,0,0
EOC1_PBMC_cell_GATGAGGAGCCACTAT,0,0,0
EOC1_PBMC_cell_CTAATGGAGTTAAGTG,0,0,0
EOC1_PBMC_cell_TACTCATGTCCGAAGA,0,0,0
EOC1_PBMC_cell_AAGACCTAGTCAATAG,0,0,0
EOC1_PBMC_cell_ACTGCTCAGTTTCCTT,0,0,0
EOC1_PBMC_cell_GCGCGATGTCCCTACT,0,0,0
EOC1_PBMC_cell_CGGAGTCAGCTGTCTA,0,0,0
EOC1_PBMC_cell_TGACTTTTCAGCGATT,0,0,0
EOC1_PBMC_cell_CGAACATAGAGTACCG,0,0,0
EOC1_PBMC_cell_AAGTCTGCAAAGAATC,0,0,0
EOC1_PBMC_cell_GACGCGTGTCATATGC,0,0,0
EOC1_PBMC_cell_AAAGATGGTACAGACG,0,0,0
EOC1_PBMC_cell_CCTAGCTAGTCCAGGA,0,0,0
EOC1_PBMC_cell_AAAGCAACAGGGTACA,0,0,0
EOC1_PBMC_cell_CACACAAGTGCCTGGT,0,0,0
EOC1_PBMC_cell_GACACGCCATCGGGTC,0,0,0
EOC1_PBMC_cell_CGCTATCGTTATTCTC,0,0,0
EOC1_PBMC_cell_CGTCACTAGACTACAA,0,0,0
EOC1_PBMC_cell_ATGCGATTCGGATGGA,0,0,0
EOC1_PBMC_cell_GGGCACTGTTGCCTCT,0,0,0
EOC1_PBMC_cell_GGTGCGTCACAGGAGT,0,0,0
EOC1_PBMC_cell_ATAAGAGGTATGAATG,0,0,0
EOC1_PBMC_cell_CCCAGTTTCCTCATTA,0,0,0
EOC1_PBMC_cell_GCTGCGAGTCCAACTA,0,0,0
EOC1_PBMC_cell_TCTCATATCCCAGGTG,0,0,0
EOC1_PBMC_cell_AGCATACGTCATCCCT,0,0,0
EOC1_PBMC_cell_CACCTTGTCTAACGGT,0,0,0
EOC1_PBMC_cell_CGTTGGGCAGACGCCT,0,0,0
EOC1_PBMC_cell_CGATGTACATGGTCTA,0,0,0
EOC1_PBMC_cell_TACACGATCTCTAGGA,0,0,0
EOC1_PBMC_cell_GACCAATGTGATGTGG,0,0,0
EOC1_PBMC_cell_CAGCATAAGTGTTGAA,0,0,0
EOC1_PBMC_cell_GCTCTGTCAGTACACT,0,0,0
EOC1_PBMC_cell_CATATTCAGTTATCGC,0,0,0
EOC1_PBMC_cell_TCGTAGACATAGACTC,0,0,0
EOC1_PBMC_cell_AGCGGTCAGCGATGAC,0,0,0
EOC1_PBMC_cell_CTGTGCTAGACTCGGA,0,0,0
EOC1_PBMC_cell_TACTCGCTCTGATTCT,0,0,0
EOC1_PBMC_cell_CGGGTCAAGAAGCCCA,0,0,0
EOC1_PBMC_cell_TACTCGCCAAGCTGAG,0,0,0
EOC1_PBMC_cell_TTAGGACGTCTTCTCG,0,0,0
EOC1_PBMC_cell_GTACTTTAGAAACCAT,0,0,0
EOC1_PBMC_cell_TCGGGACAGCGTTTAC,0,0,0
EOC1_PBMC_cell_TCTGGAAAGAGCTGGT,0,0,0
EOC1_PBMC_cell_GCCTCTATCATAAAGG,0,0,0
EOC1_PBMC_cell_GGGTTGCAGTGGTAAT,0,0,0
EOC1_PBMC_cell_ATCTGCCAGAGCTATA,0,0,0
EOC1_PBMC_cell_GCGCAACAGCGAAGGG,0,0,0
EOC1_PBMC_cell_GTCGGGTGTCCCTACT,0,0,0
EOC1_PBMC_cell_CAGTAACGTTTACTCT,0,0,0
EOC1_PBMC_cell_AGCTCCTTCTTAACCT,0,0,0
EOC1_PBMC_cell_CGGCTAGTCTACTATC,0,0,0
EOC1_PBMC_cell_TGAGGGAAGCGCCTTG,0,0,0
EOC1_PBMC_cell_GTATTCTTCATTGCGA,0,0,0
EOC1_PBMC_cell_CTACACCTCCTCATTA,0,0,0
EOC1_PBMC_cell_GGGCACTAGGTTACCT,0,0,0
EOC1_PBMC_cell_TCGTAGAAGGATGGTC,0,0,0
EOC1_PBMC_cell_ACAGCTAGTACTCAAC,0,0,0
EOC1_PBMC_cell_AGGGATGCAGCTCGAC,0,0,0
EOC1_PBMC_cell_AGATCTGAGCGATGAC,0,0,0
EOC1_PBMC_cell_GCATGTACAAGCCCAC,0,0,0
EOC1_PBMC_cell_ACTTACTGTCCGCTGA,0,0,0
EOC1_PBMC_cell_CACTCCAGTGTTGGGA,0,0,0
EOC1_PBMC_cell_CTGTGCTCACCATCCT,0,0,0
EOC1_PBMC_cell_GTCAAGTCAGATCCAT,0,0,0
EOC1_PBMC_cell_ACGGGTCAGGAATGGA,0,0,0
EOC1_PBMC_cell_GGTGAAGCACAAGACG,0,0,0
EOC1_PBMC_cell_CAGCCGAAGAGTAAGG,0,0,0
EOC1_PBMC_cell_CAAGTTGCACAGATTC,0,0,0
EOC1_PBMC_cell_AAATGCCCAGCTTAAC,0,0,0
EOC1_PBMC_cell_GGATGTTTCCAGAGGA,0,0,0
EOC1_PBMC_cell_GGATTACCACAGTCGC,0,0,0
EOC1_PBMC_cell_GTATTCTAGAATAGGG,0,0,0
EOC1_PBMC_cell_GGTGCGTGTACAGACG,0,0,0
EOC1_PBMC_cell_CATCGAAAGTGTCCCG,0,0,0
EOC1_PBMC_cell_TATTACCGTTTAGGAA,0,0,0
EOC1_PBMC_cell_ATCCGAACATCCGCGA,0,0,0
EOC1_PBMC_cell_GAAGCAGCAAGGTTTC,0,0,0
EOC1_PBMC_cell_CACACAAAGTAACCCT,0,0,0
EOC1_PBMC_cell_CGAATGTAGTTGTCGT,0,0,0
EOC1_PBMC_cell_GGATGTTGTAAGGGCT,0,0,0
EOC1_PBMC_cell_TCACGAACATGCAATC,0,0,0
EOC1_PBMC_cell_TAAGAGACAGCTGCAC,0,0,0
EOC1_PBMC_cell_TAAGTGCCAGTTCATG,0,0,0
EOC1_PBMC_cell_GCTGCTTTCAGGATCT,0,0,0
EOC1_PBMC_cell_CGAGAAGTCATAAAGG,0,0,0
EOC1_PBMC_cell_CAACCAATCGGCCGAT,0,0,0
EOC1_PBMC_cell_TCGGTAACAATGAAAC,0,0,0
EOC1_PBMC_cell_ATTGGACAGCTGAACG,0,0,0
EOC1_PBMC_cell_TCTCTAACATCCGCGA,0,0,0
EOC1_PBMC_cell_AGCGGTCAGAGTCTGG,0,0,0
EOC1_PBMC_cell_ACCAGTACATAGACTC,0,0,0
EOC1_PBMC_cell_GCTGCGATCATTGCGA,0,0,0
EOC1_PBMC_cell_TCACAAGAGGCTAGAC,0,0,0
EOC1_PBMC_cell_TTAGTTCAGAAGGACA,0,0,0
EOC1_PBMC_cell_CGAGCACTCAAACCAC,0,0,0
EOC1_PBMC_cell_TGCACCTAGCTGAAAT,0,0,0
EOC1_PBMC_cell_CAAGATCCACCGGAAA,0,0,0
EOC1_PBMC_cell_ACATCAGGTCAACATC,0,0,0
EOC1_PBMC_cell_CTCAGAAGTCATCGGC,0,0,0
EOC1_PBMC_cell_TTGGAACTCCTTGCCA,0,0,0
EOC1_PBMC_cell_TGGTTCCCACTCAGGC,0,0,0
EOC1_PBMC_cell_AACTGGTTCTCTAAGG,0,0,0
EOC1_PBMC_cell_GCTGCAGAGCAAATCA,0,0,0
EOC1_PBMC_cell_GTAACTGTCGGCCGAT,0,0,0
EOC1_PBMC_cell_GACGTTAAGTAGATGT,0,0,0
EOC1_PBMC_cell_CGAGAAGAGGCTATCT,0,0,0
EOC1_PBMC_cell_GCATACAAGTAACCCT,0,0,0
EOC1_PBMC_cell_ATAGACCTCTTGGGTA,0,0,0
EOC1_PBMC_cell_CGACTTCAGACAGACC,0,0,0
EOC1_PBMC_cell_TTGTAGGAGATCCCAT,0,0,0
EOC1_PBMC_cell_CCTTCGAGTGAGGGAG,0,0,0
EOC1_PBMC_cell_GATCAGTCACAGGCCT,0,0,0
EOC1_PBMC_cell_GGACATTAGGAGTTGC,0,0,0
EOC1_PBMC_cell_AGGTCATCACTGCCAG,0,0,0
EOC1_PBMC_cell_CGGTTAAAGTACACCT,0,0,0
EOC1_PBMC_cell_CTAATGGTCGATAGAA,0,0,0
EOC1_PBMC_cell_GTCGGGTGTATGCTTG,0,0,0
EOC1_PBMC_cell_CTCGAGGGTAGCCTCG,0,0,0
EOC1_PBMC_cell_ATTCTACTCCTATTCA,0,0,0
EOC1_PBMC_cell_GCGACCACACAGACAG,0,0,0
EOC1_PBMC_cell_AGTGGGAGTAAACGCG,0,0,0
EOC1_PBMC_cell_TGGGCGTTCTCCAGGG,0,0,0
EOC1_PBMC_cell_ATTGGACAGGCCGAAT,0,0,0
EOC1_PBMC_cell_GACGTTATCCACGAAT,0,0,0
EOC1_PBMC_cell_CATGACAAGTGGACGT,0,0,0
EOC1_PBMC_cell_ACGCCAGGTTCGTGAT,0,0,0
EOC1_PBMC_cell_TCCACACAGAGACGAA,0,0,0
EOC1_PBMC_cell_CGTCAGGCAAACAACA,0,0,0
EOC1_PBMC_cell_AGTCTTTAGACAGAGA,0,0,0
EOC1_PBMC_cell_CTAGTGATCATAGCAC,0,0,0
EOC1_PBMC_cell_AAATGCCAGGAGCGTT,0,0,0
EOC1_PBMC_cell_GCTCCTACAGGCTCAC,0,0,0
EOC1_PBMC_cell_ACAGCCGAGGCTAGCA,0,0,0
EOC1_PBMC_cell_TAGGCATTCGGCGGTT,0,0,0
EOC1_PBMC_cell_GCCAAATGTGTAACGG,0,0,0
EOC1_PBMC_cell_AGAGTGGTCACGCATA,0,0,0
EOC1_PBMC_cell_GTGCTTCGTGGCAAAC,0,0,0
EOC1_PBMC_cell_TACTCGCAGGACTGGT,0,0,0
EOC1_PBMC_cell_TTAGGACGTGTCCTCT,0,0,0
EOC1_PBMC_cell_CCTTACGAGCTCCTTC,0,0,0
EOC1_PBMC_cell_GCTGGGTGTCTTGTCC,0,0,0
EOC1_PBMC_cell_TACGGTAAGGTTACCT,0,0,0
EOC1_PBMC_cell_CACCAGGTCAAACAAG,0,0,0
EOC1_PBMC_cell_GGACAAGAGATCCGAG,0,0,0
EOC1_PBMC_cell_GACGCGTCATGAGCGA,0,0,0
EOC1_PBMC_cell_CAGCCGACAGTCTTCC,0,0,0
EOC1_PBMC_cell_AGCGTATTCCCAGGTG,0,0,0
EOC1_PBMC_cell_GACCTGGTCTCCCTGA,0,0,0
EOC1_PBMC_cell_TGCGGGTCATATGCTG,0,0,0
EOC1_PBMC_cell_CGTTCTGCAAGAGTCG,0,0,0
EOC1_PBMC_cell_AGCCTAATCAACCAAC,0,0,0
EOC1_PBMC_cell_CCAATCCTCCATGAAC,0,0,0
EOC1_PBMC_cell_TACGGTAGTCTCTCTG,0,0,0
EOC1_PBMC_cell_CATTCGCTCGCTGATA,0,0,0
EOC1_PBMC_cell_CTGATCCGTACTCAAC,0,0,0
EOC1_PBMC_cell_GTGTTAGGTGGTCCGT,0,0,0
EOC1_PBMC_cell_CCATTCGCACTAAGTC,0,0,0
EOC1_PBMC_cell_GAAATGAGTGTAAGTA,0,0,0
EOC1_PBMC_cell_TTTGGTTTCGCTAGCG,0,0,0
EOC1_PBMC_cell_CCTTTCTAGCGTTGCC,0,0,0
EOC1_PBMC_cell_TTTGCGCTCTGCAGTA,0,0,0
EOC1_PBMC_cell_CCTTTCTGTTAGAACA,0,0,0
EOC1_PBMC_cell_ACACCGGAGTAGCGGT,0,0,0
EOC1_PBMC_cell_CGGACACGTTATGTGC,0,0,0
EOC1_PBMC_cell_TGTGTTTGTATCGCAT,0,0,0
EOC1_PBMC_cell_CCGTACTCAGGTCCAC,0,0,0
EOC1_PBMC_cell_CTTGGCTCAATCACAC,0,0,0
EOC1_PBMC_cell_CTACATTGTCGACTGC,0,0,0
EOC1_PBMC_cell_TCAGGATAGACAAGCC,0,0,0
EOC1_PBMC_cell_GAGCAGACATTATCTC,0,0,0
EOC1_PBMC_cell_CACAAACAGTGAAGTT,0,0,0
EOC1_PBMC_cell_AGGGAGTGTCATATGC,0,0,0
EOC1_PBMC_cell_TGACTTTGTTCTGTTT,0,0,0
EOC1_PBMC_cell_GACTGCGGTAGGGACT,0,0,0
EOC1_PBMC_cell_AAGGTTCAGGATTCGG,0,0,0
EOC1_PBMC_cell_TCTATTGCATCGATTG,0,0,0
EOC1_PBMC_cell_AGGGATGGTCTTGCGG,0,0,0
EOC1_PBMC_cell_GTTCATTGTCAATGTC,0,0,0
EOC1_PBMC_cell_CTCTAATAGGCGATAC,0,0,0
EOC1_PBMC_cell_ATCTACTCAGGAATGC,0,0,0
EOC1_PBMC_cell_CAGCAGCGTCATACTG,0,0,0
EOC1_PBMC_cell_TGGTTAGAGGCATGGT,0,0,0
EOC1_PBMC_cell_TAGTTGGGTTGTGGAG,0,0,0
EOC1_PBMC_cell_GGTATTGTCTTACCTA,0,0,0
EOC1_PBMC_cell_CACATTTAGTTGTCGT,0,0,0
EOC1_PBMC_cell_TGACGGCAGGTGCACA,0,0,0
EOC1_PBMC_cell_ATCATCTGTTGTACAC,0,0,0
EOC1_PBMC_cell_CCATTCGTCGGCTACG,0,0,0
EOC1_PBMC_cell_TCTCTAATCAGGTTCA,0,0,0
EOC1_PBMC_cell_GACCAATAGGATGTAT,0,0,0
EOC1_PBMC_cell_ACTTGTTAGGCATGTG,0,0,0
EOC1_PBMC_cell_CACCTTGGTTGAGTTC,0,0,0
EOC1_PBMC_cell_AATCGGTGTACCGAGA,0,0,0
EOC1_PBMC_cell_CACACCTTCTGCGGCA,0,0,0
EOC1_PBMC_cell_CGGGTCATCTCAACTT,0,0,0
EOC1_PBMC_cell_CACAGGCTCTCAACTT,0,0,0
EOC1_PBMC_cell_TCATTTGTCCCATTTA,0,0,0
EOC1_PBMC_cell_TCTTCGGAGCGAGAAA,0,0,0
EOC1_PBMC_cell_AAAGCAAAGGACTGGT,0,0,0
EOC1_PBMC_cell_CTGATAGGTGCAGACA,0,0,0
EOC1_PBMC_cell_TTCGAAGAGCCGTCGT,0,0,0
EOC1_PBMC_cell_CTAAGACAGATATACG,0,0,0
EOC1_PBMC_cell_TCTGGAAGTGAAAGAG,0,0,0
EOC1_PBMC_cell_GTGTTAGAGCGGATCA,0,0,0
EOC1_PBMC_cell_CGAATGTTCCTAGGGC,0,0,0
EOC1_PBMC_cell_ATCACGATCTTAACCT,0,0,0
EOC1_PBMC_cell_AGCATACCATGAACCT,0,0,0
EOC1_PBMC_cell_ATTACTCAGGTGCTAG,0,0,0
EOC1_PBMC_cell_ACAGCCGCAGCCAGAA,0,0,0
EOC1_PBMC_cell_CGTGTCTTCACTCCTG,0,0,0
EOC1_PBMC_cell_TACTTGTAGCGTGAGT,0,0,0
EOC1_PBMC_cell_TAGGCATGTGGTGTAG,0,0,0
EOC1_PBMC_cell_TCGAGGCAGTGAAGTT,0,0,0
EOC1_PBMC_cell_CTCGAGGAGGGATCTG,0,0,0
EOC1_PBMC_cell_TACTCATAGCCAACAG,0,0,0
EOC1_PBMC_cell_CGAATGTCACGAGAGT,0,0,0
EOC1_PBMC_cell_GTCGGGTCACCTTGTC,0,0,0
EOC1_PBMC_cell_GCAAACTGTAGCCTAT,0,0,0
EOC1_PBMC_cell_ACCCACTCATCACGTA,0,0,0
EOC1_PBMC_cell_AAACCTGTCGAACTGT,0,0,0
EOC1_PBMC_cell_CGATCGGGTCTCATCC,0,0,0
EOC1_PBMC_cell_AGTTGGTTCATAACCG,0,0,0
EOC1_PBMC_cell_ATTATCCCACATCCAA,0,0,0
EOC1_PBMC_cell_TAGAGCTAGAAGGTTT,0,0,0
EOC1_PBMC_cell_TCAGCAATCGTAGGAG,0,0,0
EOC1_PBMC_cell_CACCACTGTGATGCCC,0,0,0
EOC1_PBMC_cell_CGGAGTCAGTTGTAGA,0,0,0
EOC1_PBMC_cell_GGTGTTAAGCGATGAC,0,0,0
EOC1_PBMC_cell_ATTGGACCACAGACTT,0,0,0
EOC1_PBMC_cell_ACGATACTCGTGTAGT,0,0,0
EOC1_PBMC_cell_CCGTGGAGTGGAAAGA,0,0,0
EOC1_PBMC_cell_CTGAAGTTCCGCAGTG,0,0,0
EOC1_PBMC_cell_TTCCCAGAGAAGGTTT,0,0,0
EOC1_PBMC_cell_CCTTCGAGTTACGCGC,0,0,0
EOC1_PBMC_cell_TGGTTCCAGCTGAAAT,0,0,0
EOC1_PBMC_cell_TCATTACAGGAATCGC,0,0,0
EOC1_PBMC_cell_ACGGGTCAGGCCCTCA,0,0,0
EOC1_PBMC_cell_CGGACACCATTCTTAC,0,0,0
EOC1_PBMC_cell_CCAATCCTCAGTACGT,0,0,0
EOC1_PBMC_cell_CAGAGAGAGTGTTAGA,0,0,0
EOC1_PBMC_cell_CGTTAGACACGGTGTC,0,0,0
EOC1_PBMC_cell_GTTTCTAGTGTTTGGT,0,0,0
EOC1_PBMC_cell_CAAGATCTCCAGTATG,0,0,0
EOC1_PBMC_cell_CAACCAAGTTATGTGC,0,0,0
EOC1_PBMC_cell_GTACGTAAGTCGTTTG,0,0,0
EOC1_PBMC_cell_CAGCCGATCACGGTTA,0,0,0
EOC1_PBMC_cell_ACGAGGAAGCCGTCGT,0,0,0
EOC1_PBMC_cell_AGCTCCTTCTGGTTCC,0,0,0
EOC1_PBMC_cell_AGCTTGAGTTACAGAA,0,0,0
EOC1_PBMC_cell_GGTGAAGTCTCGCATC,0,0,0
EOC1_PBMC_cell_GCGACCAGTAGCCTCG,0,0,0
EOC1_PBMC_cell_CCATTCGCATAAAGGT,0,0,0
EOC1_PBMC_cell_GGAATAAGTCGAGATG,0,0,0
EOC1_PBMC_cell_CGTTGGGGTCGCATAT,0,0,0
EOC1_PBMC_cell_AGCTCTCGTTGATTGC,0,0,0
EOC1_PBMC_cell_AGTTGGTTCAGCTCGG,0,0,0
EOC1_PBMC_cell_TATCAGGGTGTGCCTG,0,0,0
EOC1_PBMC_cell_GAACCTACAAAGCGGT,0,0,0
EOC1_PBMC_cell_ACGGGTCGTTCAGTAC,0,0,0
EOC1_PBMC_cell_TGTTCCGCAAGCTGAG,0,0,0
EOC1_PBMC_cell_CGCTTCAGTCGGATCC,0,0,0
EOC1_PBMC_cell_GACAGAGCAGTTCCCT,0,0,0
EOC1_PBMC_cell_GACTACACAAGCTGGA,0,0,0
EOC1_PBMC_cell_CCACTACAGAGGTTAT,0,0,0
EOC1_PBMC_cell_CACAGTAGTCTAGCGC,0,0,0
EOC1_PBMC_cell_GGGTTGCTCAAACGGG,0,0,0
EOC1_PBMC_cell_CATGGCGCACACATGT,0,0,0
EOC1_PBMC_cell_CAGCATATCGCCAAAT,0,0,0
EOC1_PBMC_cell_CACACCTGTGTATGGG,0,0,0
EOC1_PBMC_cell_ATGTGTGAGGTGCACA,0,0,0
EOC1_PBMC_cell_TTGGAACGTCCGAAGA,0,0,0
EOC1_PBMC_cell_GAATAAGCACATAACC,0,0,0
EOC1_PBMC_cell_GTTCGGGTCAACGAAA,0,0,0
EOC1_PBMC_cell_TGGCTGGGTGATGTGG,0,0,0
EOC1_PBMC_cell_TTGTAGGAGCCATCGC,0,0,0
EOC1_PBMC_cell_CCATGTCCACAGCCCA,0,0,0
EOC1_PBMC_cell_CTTAACTAGTACATGA,0,0,0
EOC1_PBMC_cell_ACTGAGTCATGAAGTA,0,0,0
EOC1_PBMC_cell_CGTCTACCACCGATAT,0,0,0
EOC1_PBMC_cell_GCAATCAGTAGAAGGA,0,0,0
EOC1_PBMC_cell_CCTTTCTAGGTTCCTA,0,0,0
EOC1_PBMC_cell_TCTATTGTCACGATGT,0,0,0
EOC1_PBMC_cell_TCAACGAAGCTGATAA,0,0,0
EOC1_PBMC_cell_CACACTCTCCTGCTTG,0,0,0
EOC1_PBMC_cell_GAATAAGTCAACACGT,0,0,0
EOC1_PBMC_cell_CGCGTTTAGAGCCTAG,0,0,0
EOC1_PBMC_cell_TACCTTACACATGTGT,0,0,0
EOC1_PBMC_cell_CCTTTCTAGTGGTCCC,0,0,0
EOC1_PBMC_cell_CTTTGCGTCTCCAACC,0,0,0
EOC1_PBMC_cell_ACGTCAAGTGTTCGAT,0,0,0
EOC1_PBMC_cell_GGGAGATTCATAGCAC,0,0,0
EOC1_PBMC_cell_CGATGGCCAGTCGTGC,0,0,0
EOC1_PBMC_cell_AAACCTGTCCGAATGT,0,0,0
EOC1_PBMC_cell_TCGTAGATCTGATTCT,0,0,0
EOC1_PBMC_cell_CTGATCCAGGATGTAT,0,0,0
EOC1_PBMC_cell_CCATTCGTCATGCATG,0,0,0
EOC1_PBMC_cell_ACTTACTGTCAGCTAT,0,0,0
EOC1_PBMC_cell_GGTGCGTGTGCCTGTG,0,0,0
EOC1_PBMC_cell_TCAGGATGTGCAACTT,0,0,0
EOC1_PBMC_cell_AAAGCAAGTCCGAACC,0,0,0
EOC1_PBMC_cell_GTGCAGCCAATGGTCT,0,0,0
EOC1_PBMC_cell_ACGCAGCGTCCGAAGA,0,0,0
EOC1_PBMC_cell_GGGAGATAGATACACA,0,0,0
EOC1_PBMC_cell_CGTTAGATCACGAAGG,0,0,0
EOC1_PBMC_cell_CCTAGCTCATCACGTA,0,0,0
EOC1_PBMC_cell_TTAGTTCGTTCTGTTT,0,0,0
EOC1_PBMC_cell_AAATGCCGTGTGACGA,0,0,0
EOC1_PBMC_cell_GCGCAACAGCCGTCGT,0,0,0
EOC1_PBMC_cell_CCTTCGACAAACAACA,0,0,0
EOC1_PBMC_cell_GCTCTGTTCGTTGACA,0,0,0
EOC1_PBMC_cell_ACATGGTCAATCGAAA,0,0,0
EOC1_PBMC_cell_GGCTGGTGTCGCTTTC,0,0,0
EOC1_PBMC_cell_GTCAAGTTCTTGAGGT,0,0,0
EOC1_PBMC_cell_CTACACCGTTGGGACA,0,0,0
EOC1_PBMC_cell_ATCATGGAGTGGACGT,0,0,0
EOC1_PBMC_cell_CCGGTAGAGAGGGATA,0,0,0
EOC1_PBMC_cell_TGGTTCCCACACCGAC,0,0,0
EOC1_PBMC_cell_TACCTATGTGATAAGT,0,0,0
EOC1_PBMC_cell_ACGCCGATCGGAGCAA,0,0,0
EOC1_PBMC_cell_CGCGTTTGTCTCTCTG,0,0,0
EOC1_PBMC_cell_GTGCTTCAGACCGGAT,0,0,0
EOC1_PBMC_cell_TTTACTGTCAGCATGT,0,0,0
EOC1_PBMC_cell_AGATCTGCAATGTAAG,0,0,0
EOC1_PBMC_cell_ATAACGCTCCTCCTAG,0,0,0
EOC1_PBMC_cell_CCGTGGAGTCATCGGC,0,0,0
EOC1_PBMC_cell_GGTGTTAAGACAGAGA,0,0,0
EOC1_PBMC_cell_TTTGGTTAGCGAAGGG,0,0,0
EOC1_PBMC_cell_CGATTGACAGTAAGCG,0,0,0
EOC1_PBMC_cell_CAAGGCCCATCTGGTA,0,0,0
EOC1_PBMC_cell_TTATGCTAGCGTGTCC,0,0,0
EOC1_PBMC_cell_GAACGGATCTGTCAAG,0,0,0
EOC1_PBMC_cell_TAGGCATCATCGGTTA,0,0,0
EOC1_PBMC_cell_TGCACCTCAATCTGCA,0,0,0
EOC1_PBMC_cell_GCTTGAAGTCTTGCGG,0,0,0
EOC1_PBMC_cell_CTAATGGGTAGTACCT,0,0,0
EOC1_PBMC_cell_TCATTACTCGCCGTGA,0,0,0
EOC1_PBMC_cell_GCAAACTCACTCTGTC,0,0,0
EOC1_PBMC_cell_AGATCTGGTACCGGCT,0,0,0
EOC1_PBMC_cell_CCCAATCTCACCACCT,0,0,0
EOC1_PBMC_cell_GTAGGCCTCGTAGGAG,0,0,0
EOC1_PBMC_cell_CGTCCATGTCCGTTAA,0,0,0
EOC1_PBMC_cell_CGGACTGGTCACTGGC,0,0,0
EOC1_PBMC_cell_GTCCTCAAGTCCTCCT,0,0,0
EOC1_PBMC_cell_CACCTTGTCAGAGCTT,0,0,0
EOC1_PBMC_cell_TTAACTCAGAAAGTGG,0,0,0
EOC1_PBMC_cell_ACTATCTTCATCACCC,0,0,0
EOC1_PBMC_cell_CGTTAGAGTCTGATCA,0,0,0
EOC1_PBMC_cell_TACTCGCTCTCTGTCG,0,0,0
EOC1_PBMC_cell_ACGCCAGAGAGTGAGA,0,0,0
EOC1_PBMC_cell_CTGAAACCAGGCAGTA,0,0,0
EOC1_PBMC_cell_TCTGGAAGTCACTTCC,0,0,0
EOC1_PBMC_cell_GTAGTCATCGGAAATA,0,0,0
EOC1_PBMC_cell_ACGATGTTCATCGATG,0,0,0
EOC1_PBMC_cell_TCTTCGGTCCATGAAC,0,0,0
EOC1_PBMC_cell_GATGCTATCTAACCGA,0,0,0
EOC1_PBMC_cell_CACATTTAGGAATCGC,0,0,0
EOC1_PBMC_cell_GTCATTTCACGACGAA,0,0,0
EOC1_PBMC_cell_GCAGCCATCGTAGATC,0,0,0
EOC1_PBMC_cell_TGGCTGGAGAGTGACC,0,0,0
EOC1_PBMC_cell_TTTACTGGTGGACGAT,0,0,0
EOC1_PBMC_cell_ACTGAACAGGCGCTCT,0,0,0
EOC1_PBMC_cell_ATAAGAGTCCTAGAAC,0,0,0
EOC1_PBMC_cell_AAACGGGTCCTCATTA,0,0,0
EOC1_PBMC_cell_CCTTTCTGTTCTGTTT,0,0,0
EOC1_PBMC_cell_CCTAAAGCAGTCCTTC,0,0,0
EOC1_PBMC_cell_TAGTTGGAGCGTCAAG,0,0,0
EOC1_PBMC_cell_GCATGCGGTCTAGCCG,0,0,0
EOC1_PBMC_cell_TTCGAAGAGATGTGTA,0,0,0
EOC1_PBMC_cell_CATCAGACAGACGTAG,0,0,0
EOC1_PBMC_cell_CATGCCTTCCTAGAAC,0,0,0
EOC1_PBMC_cell_CATGGCGTCTTGCATT,0,0,0
EOC1_PBMC_cell_ACTTACTAGTCGTACT,0,0,0
EOC1_PBMC_cell_TCAATCTTCTTAGCCC,0,0,0
EOC1_PBMC_cell_TGCGTGGTCTGAGGGA,0,0,0
EOC1_PBMC_cell_GACTGCGCATGAGCGA,0,0,0
EOC1_PBMC_cell_TGGCCAGCAGTCGATT,0,0,0
EOC1_PBMC_cell_CCGGGATGTCTGATTG,0,0,0
EOC1_PBMC_cell_GTTACAGCAGGTTTCA,0,0,0
EOC1_PBMC_cell_ATCCGAAGTATAATGG,0,0,0
EOC1_PBMC_cell_GAAGCAGCATCCCACT,0,0,0
EOC1_PBMC_cell_CACTCCATCTCAAACG,0,0,0
EOC1_PBMC_cell_TACCTTAAGCCTTGAT,0,0,0
EOC1_PBMC_cell_GTATCTTCAGCTCGAC,0,0,0
EOC1_PBMC_cell_GTACTTTAGCGCTCCA,0,0,0
EOC1_PBMC_cell_GCAAACTAGTCGTACT,0,0,0
EOC1_PBMC_cell_TAGTTGGCATGCCACG,0,0,0
EOC1_PBMC_cell_CATCGGGTCGCAAACT,0,0,0
EOC1_PBMC_cell_GATCTAGTCTTCAACT,0,0,0
EOC1_PBMC_cell_GAGTCCGGTGTGAAAT,0,0,0
EOC1_PBMC_cell_GGTATTGAGTGGTAGC,0,0,0
EOC1_PBMC_cell_CAAGTTGCAATGGAGC,0,0,0
EOC1_PBMC_cell_TGCGCAGCACATCCGG,0,0,0
EOC1_PBMC_cell_ACTTTCAAGAATAGGG,0,0,0
EOC1_PBMC_cell_TGAGCATTCCGATATG,0,0,0
EOC1_PBMC_cell_AGGGATGGTCGTTGTA,0,0,0
EOC1_PBMC_cell_TGCCCATTCCAACCAA,0,0,0
EOC1_PBMC_cell_AGAGCGACATACTACG,0,0,0
EOC1_PBMC_cell_TCGTACCTCCGGCACA,0,0,0
EOC1_PBMC_cell_ACACCGGAGTGGGATC,0,0,0
EOC1_PBMC_cell_CTAGCCTAGTCAAGGC,0,0,0
EOC1_PBMC_cell_GCATGATTCAACGCTA,0,0,0
EOC1_PBMC_cell_CTAGTGACATACGCTA,0,0,0
EOC1_PBMC_cell_GGGATGAAGCTATGCT,0,0,0
EOC1_PBMC_cell_ACAGCTACATCACAAC,0,0,0
EOC1_PBMC_cell_GGAACTTAGTGACTCT,0,0,0
EOC1_PBMC_cell_TCGTAGAAGAAGCCCA,0,0,0
EOC1_PBMC_cell_CTCGAAAAGAGTAATC,0,0,0
EOC1_PBMC_cell_GTATTCTAGAGATGAG,0,0,0
EOC1_PBMC_cell_CGATTGAGTTCCCGAG,0,0,0
EOC1_PBMC_cell_ACATCAGTCCCACTTG,0,0,0
EOC1_PBMC_cell_TAAGAGACAGTATGCT,0,0,0
EOC1_PBMC_cell_CAGCCGAAGGCGACAT,0,0,0
EOC1_PBMC_cell_TCTTTCCAGCACCGCT,0,0,0
EOC1_PBMC_cell_GCACTCTAGGAATGGA,0,0,0
EOC1_PBMC_cell_TCAGGATGTGAAAGAG,0,0,0
EOC1_PBMC_cell_CTGCTGTTCCAACCAA,0,0,0
EOC1_PBMC_cell_CGCTTCACATCCTAGA,0,0,0
EOC1_PBMC_cell_CGCTATCAGTTCGCAT,0,0,0
EOC1_PBMC_cell_CTGTGCTCAGACAGGT,0,0,0
EOC1_PBMC_cell_CACAAACAGGTGCACA,0,0,0
EOC1_PBMC_cell_TAAGCGTTCAACTCTT,0,0,0
EOC1_PBMC_cell_ATCATCTGTTTGACAC,0,0,0
EOC1_PBMC_cell_CACAGGCGTTGGGACA,0,0,0
EOC1_PBMC_cell_GATCTAGCATCACAAC,0,0,0
EOC1_PBMC_cell_CAGCGACCACCTCGGA,0,0,0
EOC1_PBMC_cell_TGCCCTATCAGGCAAG,0,0,0
EOC1_PBMC_cell_GATCTAGTCTCGCTTG,0,0,0
EOC1_PBMC_cell_GCATGATGTGTGGTTT,0,0,0
EOC1_PBMC_cell_CTCTAATGTCTTTCAT,0,0,0
EOC1_PBMC_cell_AGGCCACAGCCGCCTA,0,0,0
EOC1_PBMC_cell_TAGAGCTCAACACCCG,0,0,0
EOC1_PBMC_cell_ATCCACCTCGTTGACA,0,0,0
EOC1_PBMC_cell_CTCATTAAGATGAGAG,0,0,0
EOC1_PBMC_cell_GATCGATGTACTTGAC,0,0,0
EOC1_PBMC_cell_TCAACGAGTGGGTCAA,0,0,0
EOC1_PBMC_cell_GAAACTCGTAGAAAGG,0,0,0
EOC1_PBMC_cell_CTTTGCGTCGAACTGT,0,0,0
EOC1_PBMC_cell_TGAGAGGGTGCTGTAT,0,0,0
EOC1_PBMC_cell_GAATGAAAGTCTCGGC,0,0,0
EOC1_PBMC_cell_TAGTGGTGTAGGGACT,0,0,0
EOC1_PBMC_cell_TACGGATTCTCCAGGG,0,0,0
EOC1_PBMC_cell_TTGAACGCACAGCCCA,0,0,0
EOC1_PBMC_cell_AGATCTGAGCAACGGT,0,0,0
EOC1_PBMC_cell_TTTATGCTCTTGTCAT,0,0,0
EOC1_PBMC_cell_CGATTGAGTATATGAG,0,0,0
EOC1_PBMC_cell_CTGCCTACATTACCTT,0,0,0
EOC1_PBMC_cell_GTCGGGTTCACCATAG,0,0,0
EOC1_PBMC_cell_CGAGCCATCCGAACGC,0,0,0
EOC1_PBMC_cell_GACGTTATCTAACCGA,0,0,0
EOC1_PBMC_cell_TACAGTGGTACCGTTA,0,0,0
EOC1_PBMC_cell_CTCGGGACATATGCTG,0,0,0
EOC1_PBMC_cell_CTACGTCAGTGAACGC,0,0,0
EOC1_PBMC_cell_CTCGAGGCAGGAATCG,0,0,0
EOC1_PBMC_cell_CCACGGATCACAATGC,0,0,0
EOC1_PBMC_cell_TTTATGCAGACGCAAC,0,0,0
EOC1_PBMC_cell_ATGTGTGGTACAGACG,0,0,0
EOC1_PBMC_cell_ATTTCTGGTCATACTG,0,0,0
EOC1_PBMC_cell_GACACGCCAAGTTCTG,0,0,0
EOC1_PBMC_cell_TAGACCAAGGCGACAT,0,0,0
EOC1_PBMC_cell_CCGTACTCATGGTTGT,0,0,0
EOC1_PBMC_cell_GTCTTCGCATGTCCTC,0,0,0
EOC1_PBMC_cell_CGATCGGGTCCAACTA,0,0,0
EOC1_PBMC_cell_CTCGGAGTCCTGCCAT,0,0,0
EOC1_PBMC_cell_CAACCAAAGTAATCCC,0,0,0
EOC1_PBMC_cell_TTGTAGGGTACTTGAC,0,0,0
EOC1_PBMC_cell_CTGTTTAAGCCGCCTA,0,0,0
EOC1_PBMC_cell_TACTCATTCAAAGACA,0,0,0
EOC1_PBMC_cell_GATCGCGTCCGTAGTA,0,0,0
EOC1_PBMC_cell_TACTTACAGAGCTTCT,0,0,0
EOC1_PBMC_cell_CGCTGGATCAACACAC,0,0,0
EOC1_PBMC_cell_TGCGTGGGTACAGACG,0,0,0
EOC1_PBMC_cell_TCGCGTTTCAACACGT,0,0,0
EOC1_PBMC_cell_TCAGCAACAAGCGATG,0,0,0
EOC1_PBMC_cell_CAAGGCCTCCAAACTG,0,0,0
EOC1_PBMC_cell_CTGCTGTTCCTCTAGC,0,0,0
EOC1_PBMC_cell_CACCTTGTCGTAGATC,0,0,0
EOC1_PBMC_cell_TCAATCTCACATCCAA,0,0,0
EOC1_PBMC_cell_AAATGCCGTGAGGCTA,0,0,0
EOC1_PBMC_cell_CGAGCACCAGCTGCTG,0,0,0
EOC1_PBMC_cell_CTCCTAGAGATCTGAA,0,0,0
EOC1_PBMC_cell_AACTCCCTCATGTAGC,0,0,0
EOC1_PBMC_cell_TGGCGCACAAATACAG,0,0,0
EOC1_PBMC_cell_ATTGGACAGACACGAC,0,0,0
EOC1_PBMC_cell_ATAGACCTCCAGAAGG,0,0,0
EOC1_PBMC_cell_GTGAAGGGTCAACATC,0,0,0
EOC1_PBMC_cell_TATGCCCAGAAGGGTA,0,0,0
EOC1_PBMC_cell_ACCCACTCACGAAAGC,0,0,0
EOC1_PBMC_cell_CGTCAGGTCCGCAAGC,0,0,0
EOC1_PBMC_cell_AGAATAGGTGGTGTAG,0,0,0
EOC1_PBMC_cell_GGGATGACATAGACTC,0,0,0
EOC1_PBMC_cell_AACACGTGTGCTAGCC,0,0,0
EOC1_PBMC_cell_AGTGGGAGTAGCAAAT,0,0,0
EOC1_PBMC_cell_CGAACATAGGGTGTTG,0,0,0
EOC1_PBMC_cell_GCGCGATCATCCTAGA,0,0,0
EOC1_PBMC_cell_CGTGAGCCAGCTGTTA,0,0,0
EOC1_PBMC_cell_AGCGTATCACGAAACG,0,0,0
EOC1_PBMC_cell_GAAGCAGAGAATCTCC,0,0,0
EOC1_PBMC_cell_TCAATCTAGCTAAGAT,0,0,0
EOC1_PBMC_cell_ATTACTCTCTCACATT,0,0,0
EOC1_PBMC_cell_AAAGTAGCAGCATACT,0,0,0
EOC1_PBMC_cell_ATTACTCAGCTTATCG,0,0,0
EOC1_PBMC_cell_TACGGTAGTATTCGTG,0,0,0
EOC1_PBMC_cell_AGGTCATGTAGCACGA,0,0,0
EOC1_PBMC_cell_TTTGGTTCATGCCTTC,0,0,0
EOC1_PBMC_cell_CTGCGGAGTTCAGCGC,0,0,0
EOC1_PBMC_cell_CTTAGGACATTTCAGG,0,0,0
EOC1_PBMC_cell_GTCTCGTTCAGGATCT,0,0,0
EOC1_PBMC_cell_CAGCCGACATGGTAGG,0,0,0
EOC1_PBMC_cell_CTCGAAAAGCGTCTAT,0,0,0
EOC1_PBMC_cell_AGGGTGAGTCTCACCT,0,0,0
EOC1_PBMC_cell_TTTACTGTCGCAAGCC,0,0,0
EOC1_PBMC_cell_AGGTCCGTCTCTAAGG,0,0,0
EOC1_PBMC_cell_CCAATCCGTGCTGTAT,0,0,0
EOC1_PBMC_cell_CAGTCCTAGGCGCTCT,0,0,0
EOC1_PBMC_cell_CATCCACAGCAGACTG,0,0,0
EOC1_PBMC_cell_ATCCGAAGTTGCCTCT,0,0,0
EOC1_PBMC_cell_ACACCCTTCACTTCAT,0,0,0
EOC1_PBMC_cell_TACGGTATCGTGGTCG,0,0,0
EOC1_PBMC_cell_TTATGCTCATGGAATA,0,0,0
EOC1_PBMC_cell_GTAGGCCTCCAGAAGG,0,0,0
EOC1_PBMC_cell_CAGCATAAGATCTGAA,0,0,0
EOC1_PBMC_cell_ATCATCTCATTGGTAC,0,0,0
EOC1_PBMC_cell_TCGGGACCATCACAAC,0,0,0
EOC1_PBMC_cell_ACGCAGCCAGCTGTGC,0,0,0
EOC1_PBMC_cell_CGCGTTTCACGCATCG,0,0,0
EOC1_PBMC_cell_ATAACGCTCTGTTTGT,0,0,0
EOC1_PBMC_cell_CTACCCATCAGCTTAG,0,0,0
EOC1_PBMC_cell_CACCACTTCCTCATTA,0,0,0
EOC1_PBMC_cell_CCGTACTGTGCTCTTC,0,0,0
EOC1_PBMC_cell_GCGGGTTAGGGAAACA,0,0,0
EOC1_PBMC_cell_AACACGTGTAGCGATG,0,0,0
EOC1_PBMC_cell_ACGCCGAGTCATCCCT,0,0,0
EOC1_PBMC_cell_CATCGAATCCTATGTT,0,0,0
EOC1_PBMC_cell_GATCGTAAGCAGGCTA,0,0,0
EOC1_PBMC_cell_CTGGTCTGTGTTCGAT,0,0,0
EOC1_PBMC_cell_GACCTGGTCTGCAAGT,0,0,0
EOC1_PBMC_cell_TTAACTCTCCAGAGGA,0,0,0
EOC1_PBMC_cell_GGCAATTCATGGTCTA,0,0,0
EOC1_PBMC_cell_GGACATTTCGGGAGTA,0,0,0
EOC1_PBMC_cell_GGAAAGCAGCTAAACA,0,0,0
EOC1_PBMC_cell_GTTAAGCAGATGCCTT,0,0,0
EOC1_PBMC_cell_CAGTAACAGTACACCT,0,0,0
EOC1_PBMC_cell_GACGGCTTCACCTCGT,0,0,0
EOC1_PBMC_cell_GTTACAGTCCTCAACC,0,0,0
EOC1_PBMC_cell_CAGCCGAAGCGACGTA,0,0,0
EOC1_PBMC_cell_CGCCAAGTCTCTAAGG,0,0,0
EOC1_PBMC_cell_TGCCCTAAGCGAAGGG,0,0,0
EOC1_PBMC_cell_TCTATTGTCTAAGCCA,0,0,0
EOC1_PBMC_cell_TAGGCATTCCGCAGTG,0,0,0
EOC1_PBMC_cell_ATCACGAAGTGTGGCA,0,0,0
EOC1_PBMC_cell_ACATCAGGTAGAGCTG,0,0,0
EOC1_PBMC_cell_ACGCAGCTCGAGAGCA,0,0,0
EOC1_PBMC_cell_GTATCTTTCAAGGTAA,0,0,0
EOC1_PBMC_cell_CAGCTAAGTTGGTAAA,0,0,0
EOC1_PBMC_cell_CTCGTACGTCCGTCAG,0,0,0
EOC1_PBMC_cell_GGTATTGCATTGGTAC,0,0,0
EOC1_PBMC_cell_TACTTGTTCGTTTAGG,0,0,0
EOC1_PBMC_cell_ACTGTCCTCTACCTGC,0,0,0
EOC1_PBMC_cell_TGTATTCTCCAGAAGG,0,0,0
EOC1_PBMC_cell_CTAAGACGTGCAACTT,0,0,0
EOC1_PBMC_cell_CAGCTAAAGGGCACTA,0,0,0
EOC1_PBMC_cell_CTAAGACTCAGTCCCT,0,0,0
EOC1_PBMC_cell_TGGACGCAGAATGTTG,0,0,0
EOC1_PBMC_cell_CGATCGGTCGTTTATC,0,0,0
EOC1_PBMC_cell_TGGCCAGTCCTTCAAT,0,0,0
EOC1_PBMC_cell_ACGAGGAGTGATGTCT,0,0,0
EOC1_PBMC_cell_GTTCTCGCAACTTGAC,0,0,0
EOC1_PBMC_cell_CAAGTTGGTTACTGAC,0,0,0
EOC1_PBMC_cell_TGAGAGGTCATTGCGA,0,0,0
EOC1_PBMC_cell_CGCTTCATCTCTAGGA,0,0,0
EOC1_PBMC_cell_CGATTGATCTGATACG,0,0,0
EOC1_PBMC_cell_CGGACTGTCAAACCAC,0,0,0
EOC1_PBMC_cell_CTAGTGAAGGTAAACT,0,0,0
EOC1_PBMC_cell_GTCATTTAGACGCACA,0,0,0
EOC1_PBMC_cell_CATTCGCCAGGTTTCA,0,0,0
EOC1_PBMC_cell_CTCTGGTGTACAGACG,0,0,0
EOC1_PBMC_cell_TGTATTCAGTGAACAT,0,0,0
EOC1_PBMC_cell_ACTGAACTCAGAGACG,0,0,0
EOC1_PBMC_cell_ATTGGACAGTAAGTAC,0,0,0
EOC1_PBMC_cell_ATGCGATCATCACAAC,0,0,0
EOC1_PBMC_cell_ACTGAACCACGGCCAT,0,0,0
EOC1_PBMC_cell_CACAGGCAGGCTAGAC,0,0,0
EOC1_PBMC_cell_GACCTGGAGGCTCTTA,0,0,0
EOC1_PBMC_cell_TCCACACGTAGAAGGA,0,0,0
EOC1_PBMC_cell_AGTTGGTTCAGTCCCT,0,0,0
EOC1_PBMC_cell_CTCGGGAAGGCATTGG,0,0,1
EOC1_PBMC_cell_TGCGGGTTCATTGCGA,0,0,0
EOC1_PBMC_cell_CCTACCACAAACCTAC,0,0,0
EOC1_PBMC_cell_CCTATTATCACATGCA,0,0,0
EOC1_PBMC_cell_AGAGTGGTCTACGAGT,0,0,0
EOC1_PBMC_cell_AAAGCAACATACTCTT,0,0,0
EOC1_PBMC_cell_AACGTTGCACAAGACG,0,0,0
EOC1_PBMC_cell_TCTCATAAGCTTTGGT,0,0,0
EOC1_PBMC_cell_GATCGATTCAATCTCT,0,0,0
EOC1_PBMC_cell_GGGACCTTCAATCACG,0,0,0
EOC1_PBMC_cell_TTGGCAACAAGTACCT,0,0,0
EOC1_PBMC_cell_ACGAGGATCGTTTATC,0,0,0
EOC1_PBMC_cell_CACACCTGTCTCATCC,0,0,0
EOC1_PBMC_cell_CTACACCGTAATTGGA,0,0,0
EOC1_PBMC_cell_CATCGAAGTCAAACTC,0,0,0
EOC1_PBMC_cell_CAGATCAGTCTCCCTA,0,0,0
EOC1_PBMC_cell_ACAGCTAGTAATCACC,0,0,0
EOC1_PBMC_cell_CTTAACTCACCTCGGA,0,0,0
EOC1_PBMC_cell_AGTAGTCGTAGCAAAT,0,0,0
EOC1_PBMC_cell_TCAGATGAGAACAATC,0,0,0
EOC1_PBMC_cell_CATGGCGAGCTATGCT,0,0,0
EOC1_PBMC_cell_TTCGGTCTCTCGTTTA,0,0,0
EOC1_PBMC_cell_ACATACGCAGGATCGA,0,0,0
EOC1_PBMC_cell_TCTGAGAGTTGTGGCC,0,0,0
EOC1_PBMC_cell_ATTATCCGTTCAACCA,0,0,0
EOC1_PBMC_cell_GGCTCGAAGTTAGCGG,0,0,0
EOC1_PBMC_cell_GTTCTCGCAGGGAGAG,0,0,0
EOC1_PBMC_cell_CCTTACGGTACAAGTA,0,0,0
EOC1_PBMC_cell_CGATCGGCAGCGTCCA,0,0,0
EOC1_PBMC_cell_GCACTCTCAGCCTTGG,0,0,0
EOC1_PBMC_cell_GGCCGATTCAACTCTT,0,0,0
EOC1_PBMC_cell_CAGCTGGAGCAGCCTC,0,0,0
EOC1_PBMC_cell_TACTCATCACGGTAGA,0,0,0
EOC1_PBMC_cell_CAAGAAACATAAAGGT,0,0,0
EOC1_PBMC_cell_AGCGGTCAGAGCTATA,0,0,0
EOC1_PBMC_cell_CTTGGCTTCCTAGAAC,0,0,0
EOC1_PBMC_cell_CTGAAACCAACACCCG,0,0,0
EOC1_PBMC_cell_TTAGTTCTCAGTTTGG,0,0,0
EOC1_PBMC_cell_GGGTTGCGTAGCACGA,0,0,0
EOC1_PBMC_cell_CCTTCGAAGTGGCACA,0,0,0
EOC1_PBMC_cell_TTAACTCAGTTTAGGA,0,0,0
EOC1_PBMC_cell_CTAGTGATCATTGCGA,0,0,0
EOC1_PBMC_cell_TGAGCATCACCACGTG,0,0,0
EOC1_PBMC_cell_CAGCTGGCACGTCAGC,0,0,0
EOC1_PBMC_cell_GGAACTTTCGCAAACT,0,0,0
EOC1_PBMC_cell_GCGAGAAGTTGTCGCG,0,0,0
EOC1_PBMC_cell_GTACGTACACATTAGC,0,0,0
EOC1_PBMC_cell_CCATGTCAGACTCGGA,0,0,0
EOC1_PBMC_cell_CTTAACTAGTGAACAT,0,0,0
EOC1_PBMC_cell_TCCACACAGCCACGTC,0,0,0
EOC1_PBMC_cell_GGACAAGCAGTAAGCG,0,0,0
EOC1_PBMC_cell_GGTGTTAAGGGCACTA,0,0,0
EOC1_PBMC_cell_TAGGCATGTAGAGCTG,0,0,0
EOC1_PBMC_cell_TAGTTGGGTGTGTGCC,0,0,0
EOC1_PBMC_cell_AGGGATGGTGTAACGG,0,0,0
EOC1_PBMC_cell_TCGCGAGAGAAACCTA,0,0,0
EOC1_PBMC_cell_TAGACCACAATCGAAA,0,0,0
EOC1_PBMC_cell_GTCGGGTCATCAGTCA,0,0,0
EOC1_PBMC_cell_CACAAACCATTATCTC,0,0,0
EOC1_PBMC_cell_CAGAGAGTCTGAGTGT,0,0,0
EOC1_PBMC_cell_AGAGTGGTCCTCAACC,0,0,0
EOC1_PBMC_cell_CTTAGGAAGGGATCTG,0,0,0
EOC1_PBMC_cell_AGCGGTCAGCGTTTAC,0,0,0
EOC1_PBMC_cell_ACGATACTCTCGATGA,0,0,0
EOC1_PBMC_cell_AGTGGGAGTTCAGGCC,0,0,0
EOC1_PBMC_cell_GCCAAATAGCGCCTTG,0,0,0
EOC1_PBMC_cell_CGTCAGGGTCAACATC,0,0,0
EOC1_PBMC_cell_TTCGGTCAGGTGCTTT,0,0,0
EOC1_PBMC_cell_TGACTAGCATGAAGTA,0,0,0
EOC1_PBMC_cell_AGTCTTTAGCTAGTTC,0,0,0
EOC1_PBMC_cell_CTTCTCTTCTATCGCC,0,0,0
EOC1_PBMC_cell_CTGCTGTAGCCTCGTG,0,0,0
EOC1_PBMC_cell_TCATTACCAAAGCGGT,0,0,0
EOC1_PBMC_cell_GGGACCTCACATCCAA,0,0,0
EOC1_PBMC_cell_CATGACACAATCCAAC,0,0,0
EOC1_PBMC_cell_GTCACGGTCCTGTAGA,0,0,0
EOC1_PBMC_cell_CAGCGACTCGCATGAT,0,0,0
EOC1_PBMC_cell_TGCGCAGTCACGGTTA,0,0,0
EOC1_PBMC_cell_GCTGCGAAGCTAGTGG,0,0,0
EOC1_PBMC_cell_GTTACAGAGAGGTTAT,0,0,0
EOC1_PBMC_cell_TGCTGCTTCACCATAG,0,0,0
EOC1_PBMC_cell_CCTTACGAGATCGGGT,0,0,0
EOC1_PBMC_cell_AAATGCCGTCAACATC,0,0,0
EOC1_PBMC_cell_CATGCCTCACCAGTTA,0,0,0
EOC1_PBMC_cell_CCACGGAAGGCATTGG,0,0,0
EOC1_PBMC_cell_ACGTCAAAGCCCAGCT,0,0,0
EOC1_PBMC_cell_TCAGCTCCAAGCGATG,0,0,0
EOC1_PBMC_cell_CCCTCCTAGTGGACGT,0,0,0
EOC1_PBMC_cell_GTCACAACAAATTGCC,0,0,0
EOC1_PBMC_cell_TGTATTCGTCTCAACA,0,0,0
EOC1_PBMC_cell_TGCTACCAGCGATATA,0,0,0
EOC1_PBMC_cell_GGGAATGAGGCGTACA,0,0,0
EOC1_PBMC_cell_CAAGTTGGTGTAATGA,0,0,0
EOC1_PBMC_cell_GGCGACTTCTTCGGTC,0,0,0
EOC1_PBMC_cell_TTATGCTTCTGTGCAA,0,0,0
EOC1_PBMC_cell_TGGTTAGCACACAGAG,0,0,0
EOC1_PBMC_cell_GGCTCGATCGTTTGCC,0,0,0
EOC1_PBMC_cell_GATCTAGGTCGCGTGT,0,0,0
EOC1_PBMC_cell_CAACCTCAGGCGATAC,0,0,0
EOC1_PBMC_cell_TTAGGACCAGTAAGAT,0,0,0
EOC1_PBMC_cell_GTGTTAGTCGTCTGCT,0,0,0
EOC1_PBMC_cell_CACCAGGCATTTGCTT,0,0,0
EOC1_PBMC_cell_TGGGAAGAGCCACTAT,0,0,0
EOC1_PBMC_cell_CTTGGCTCATGTTCCC,0,0,0
EOC1_PBMC_cell_CCTCTGATCCGTAGTA,0,0,0
EOC1_PBMC_cell_TGAAAGAGTAACGCGA,0,0,0
EOC1_PBMC_cell_CGCTTCAGTTATGTGC,0,0,0
EOC1_PBMC_cell_ACGGGCTCAGGATCGA,0,0,0
EOC1_PBMC_cell_AGTAGTCCAATGGAGC,0,0,0
EOC1_PBMC_cell_ATAACGCTCACCAGGC,0,0,0
EOC1_PBMC_cell_CGATGTACATGGTAGG,0,0,0
EOC1_PBMC_cell_AGCCTAACACCGTTGG,0,0,0
EOC1_PBMC_cell_CAAGAAACAGCATACT,0,0,0
EOC1_PBMC_cell_TACACGAAGATGTTAG,0,0,0
EOC1_PBMC_cell_TATTACCCAACTGCGC,0,0,0
EOC1_PBMC_cell_AGTGTCAGTGCAGTAG,0,0,0
EOC1_PBMC_cell_CTCGTACAGCCCAGCT,0,0,0
EOC1_PBMC_cell_CTCGGAGTCGACCAGC,0,0,0
EOC1_PBMC_cell_GATCGTAGTTCCACAA,0,0,0
EOC1_PBMC_cell_ACAGCTACACCGCTAG,0,0,0
EOC1_PBMC_cell_CAACCAACAGTGACAG,0,0,0
EOC1_PBMC_cell_ATAACGCAGCTGCCCA,0,0,0
EOC1_PBMC_cell_GTGTGCGAGCTTTGGT,0,0,0
EOC1_PBMC_cell_TGCGCAGCAACACCCG,0,0,0
EOC1_PBMC_cell_GATGCTACACATAACC,0,0,0
EOC1_PBMC_cell_AGGCCGTTCAAACCGT,0,0,0
EOC1_PBMC_cell_AGAGCTTTCACTCTTA,0,0,0
EOC1_PBMC_cell_TACCTATAGATAGTCA,0,0,0
EOC1_PBMC_cell_CTGCGGATCGAGAACG,0,0,0
EOC1_PBMC_cell_CCGTGGACAGCTGTAT,0,0,0
EOC1_PBMC_cell_GACTGCGAGGTACTCT,0,0,0
EOC1_PBMC_cell_TTGGAACCACAGTCGC,0,0,0
EOC1_PBMC_cell_TGAAAGAGTAAACCTC,0,0,0
EOC1_PBMC_cell_TCTATTGGTTCCACTC,0,0,0
EOC1_PBMC_cell_TTAGGCACACGCCAGT,0,0,0
EOC1_PBMC_cell_CAGCATAAGGGAGTAA,0,0,0
EOC1_PBMC_cell_GATCGATTCGTAGGAG,0,0,0
EOC1_PBMC_cell_ACGGAGATCGAGCCCA,0,0,0
EOC1_PBMC_cell_GCGCAGTAGTTAGGTA,0,0,0
EOC1_PBMC_cell_CAGTCCTCAATGGACG,0,0,0
EOC1_PBMC_cell_TGTGTTTTCATGTGGT,0,0,0
EOC1_PBMC_cell_AGATTGCGTCGCATCG,0,0,0
EOC1_PBMC_cell_CATGCCTCAGGACGTA,0,0,0
EOC1_PBMC_cell_CTTCTCTCAGGACGTA,0,0,0
EOC1_PBMC_cell_CCACCTAGTACTCGCG,0,0,0
EOC1_PBMC_cell_CTAACTTGTAAGCACG,0,0,0
EOC1_PBMC_cell_CAGTAACCAGACGCCT,0,0,0
EOC1_PBMC_cell_ACTTTCAGTGGTTTCA,0,0,0
EOC1_PBMC_cell_GATCGATAGGGTTTCT,0,0,0
EOC1_PBMC_cell_CTGCGGACAAACGTGG,0,0,0
EOC1_PBMC_cell_GTAACTGCAGGACGTA,0,0,0
EOC1_PBMC_cell_TGTATTCGTAGGGTAC,0,0,0
EOC1_PBMC_cell_AGGTCCGCATGCCTAA,0,0,0
EOC1_PBMC_cell_GTACTCCAGAGAACAG,0,0,0
EOC1_PBMC_cell_GGGCATCAGACTGGGT,0,0,0
EOC1_PBMC_cell_CTGATAGGTTTGACAC,0,0,0
EOC1_PBMC_cell_AGCAGCCCAGTATAAG,0,0,0
EOC1_PBMC_cell_GCTTGAACACGCATCG,0,0,0
EOC1_PBMC_cell_CGACCTTGTTGCTCCT,0,0,0
EOC1_PBMC_cell_CAAGGCCGTTATGTGC,0,0,0
EOC1_PBMC_cell_ACACTGACAGGACCCT,0,0,0
EOC1_PBMC_cell_AAGACCTGTTCGTTGA,0,0,0
EOC1_PBMC_cell_GTACGTATCTTCAACT,0,0,0
EOC1_PBMC_cell_ACACCCTAGCCAGGAT,0,0,0
EOC1_PBMC_cell_CGTGTAATCCCTGACT,0,0,0
EOC1_PBMC_cell_AGCATACGTCCGAGTC,0,0,0
EOC1_PBMC_cell_GCAGTTAAGTGTACCT,0,0,0
EOC1_PBMC_cell_ACCCACTGTAGGACAC,0,0,0
EOC1_PBMC_cell_CAACCTCGTACAGACG,0,0,0
EOC1_PBMC_cell_ACGGGTCGTATCAGTC,0,0,0
EOC1_PBMC_cell_CATTATCTCAGCTCGG,0,0,0
EOC1_PBMC_cell_TAGACCAGTATAAACG,0,0,0
EOC1_PBMC_cell_CATCAGACAGCCTTTC,0,0,0
EOC1_PBMC_cell_CAACCAAGTTACGCGC,0,0,0
EOC1_PBMC_cell_GGTATTGCATCTACGA,0,0,0
EOC1_PBMC_cell_CAGATCACAATCCGAT,0,0,0
EOC1_PBMC_cell_GTTACAGGTTCCACGG,0,0,0
EOC1_PBMC_cell_ATAGACCGTCGCATCG,0,0,0
EOC1_PBMC_cell_CTCGTACTCAACACTG,0,0,0
EOC1_PBMC_cell_CGGACTGGTGTGTGCC,0,0,0
EOC1_PBMC_cell_CGGTTAAAGGCCCGTT,0,0,0
EOC1_PBMC_cell_CCAATCCTCAGTGCAT,0,0,0
EOC1_PBMC_cell_GTACTTTCATCACAAC,0,0,0
EOC1_PBMC_cell_CGACTTCAGCCCTAAT,0,0,0
EOC1_PBMC_cell_GACACGCCACACAGAG,0,0,0
EOC1_PBMC_cell_TTGCGTCTCCTCAACC,0,0,0
EOC1_PBMC_cell_GACGTGCAGCACCGCT,0,0,0
EOC1_PBMC_cell_TGCTGCTCAAGCTGTT,0,0,0
EOC1_PBMC_cell_TTTATGCTCTCGGACG,0,0,0
EOC1_PBMC_cell_TGCACCTCAGGTGGAT,0,0,0
EOC1_PBMC_cell_CGATTGAGTTACCAGT,0,0,0
EOC1_PBMC_cell_CAGCTGGTCAGCGATT,0,0,0
EOC1_PBMC_cell_GTGTTAGAGCAACGGT,0,0,0
EOC1_PBMC_cell_AACTCCCTCCATGAAC,0,0,0
EOC1_PBMC_cell_TATGCCCGTGAGGCTA,0,0,0
EOC1_PBMC_cell_GGGCATCAGGGATGGG,0,0,0
EOC1_PBMC_cell_ATCCACCAGCAAATCA,0,0,0
EOC1_PBMC_cell_TCACAAGCAATCGAAA,0,0,0
EOC1_PBMC_cell_GATGAGGTCAAGATCC,0,0,0
EOC1_PBMC_cell_ATAACGCCATCGATGT,0,0,0
EOC1_PBMC_cell_ATCCGAAGTACAGCAG,0,0,0
EOC1_PBMC_cell_TCACGAATCGTCTGAA,0,0,0
EOC1_PBMC_cell_AGTGAGGCAAGTTGTC,0,0,0
EOC1_PBMC_cell_CAAGATCGTTGACGTT,0,0,0
EOC1_PBMC_cell_GAAATGAAGCCGTCGT,0,0,0
EOC1_PBMC_cell_TGGCCAGGTGTTTGGT,0,0,0
EOC1_PBMC_cell_CCTACACAGTGTCTCA,0,0,0
EOC1_PBMC_cell_TACGGGCAGGTGACCA,0,0,0
EOC1_PBMC_cell_AACTCAGGTTGATTCG,0,0,0
EOC1_PBMC_cell_TTTACTGCAAAGCAAT,0,0,0
EOC1_PBMC_cell_GTGGGTCAGGCGATAC,0,0,0
EOC1_PBMC_cell_AGGCCGTGTGCACGAA,0,0,0
EOC1_PBMC_cell_CTAGAGTTCTACCTGC,0,0,0
EOC1_PBMC_cell_CAAGTTGGTAGCTCCG,0,0,0
EOC1_PBMC_cell_GGACAGAAGACAAGCC,0,0,0
EOC1_PBMC_cell_ACGTCAATCAGGTTCA,0,0,0
EOC1_PBMC_cell_CTGCGGAGTCCTCTTG,0,0,0
EOC1_PBMC_cell_CTTAGGACATCCCACT,0,0,0
EOC1_PBMC_cell_TGATTTCAGCGTGAAC,0,0,0
EOC1_PBMC_cell_CAAGGCCAGCCGTCGT,0,0,0
EOC1_PBMC_cell_TAAGAGAGTAGGCTGA,0,0,0
EOC1_PBMC_cell_CGAGCACTCTCATTCA,0,0,0
EOC1_PBMC_cell_ACTGAACTCACAACGT,0,0,0
EOC1_PBMC_cell_CCTAAAGAGTACCGGA,0,0,0
EOC1_PBMC_cell_GGGTCTGTCAAGATCC,0,0,0
EOC1_PBMC_cell_GATCTAGCAGCCAGAA,0,0,0
EOC1_PBMC_cell_CGATTGAAGTGTCTCA,0,0,0
EOC1_PBMC_cell_GTGAAGGTCAGGCCCA,0,0,0
EOC1_PBMC_cell_AGAGTGGGTTTAGGAA,0,0,0
EOC1_PBMC_cell_GCGGGTTAGCCAACAG,0,0,0
EOC1_PBMC_cell_AATCGGTTCTCGAGTA,0,0,0
EOC1_PBMC_cell_CGCTATCTCGTTACAG,0,0,0
EOC1_PBMC_cell_CTAATGGAGCTGCAAG,0,0,0
EOC1_PBMC_cell_GTTAAGCTCGCTTAGA,0,0,0
EOC1_PBMC_cell_TACTTACGTTGCGTTA,0,0,0
EOC1_PBMC_cell_CTGATAGAGTTAGGTA,0,0,0
EOC1_PBMC_cell_TCCACACGTCTGCGGT,0,0,0
EOC1_PBMC_cell_CGAGCACCAGACGCAA,0,0,0
EOC1_PBMC_cell_ACACCCTTCAGGTAAA,0,0,0
EOC1_PBMC_cell_CACATAGAGTGACTCT,0,0,0
EOC1_PBMC_cell_GATGAGGGTACGCACC,0,0,0
EOC1_PBMC_cell_CCTCTGAAGACTGGGT,0,0,0
EOC1_PBMC_cell_AGAATAGGTACAGCAG,0,0,0
EOC1_PBMC_cell_TGTGTTTAGGGAACGG,0,0,0
EOC1_PBMC_cell_CTCGAAACACCGAATT,0,0,0
EOC1_PBMC_cell_CGGACGTAGAGCTGCA,0,0,0
EOC1_PBMC_cell_ATAAGAGTCAAGGTAA,0,0,0
EOC1_PBMC_cell_CTGATAGAGTGGAGAA,0,0,0
EOC1_PBMC_cell_AGCGTATGTCTAGCGC,0,0,0
EOC1_PBMC_cell_GCATACAAGTGTACCT,0,0,0
EOC1_PBMC_cell_ATCTACTAGCCTTGAT,0,0,0
EOC1_PBMC_cell_CAGCATACACGGTGTC,0,0,0
EOC1_PBMC_cell_GACCTGGCACATGGGA,0,0,0
EOC1_PBMC_cell_GGCTGGTAGGTAAACT,0,0,0
EOC1_PBMC_cell_CGATGTAGTTTGGCGC,0,0,0
EOC1_PBMC_cell_CTGCTGTCATGTCGAT,0,0,0
EOC1_PBMC_cell_GTGCAGCCACGAAATA,0,0,0
EOC1_PBMC_cell_GCGCGATAGACAAAGG,0,0,0
EOC1_PBMC_cell_AATCGGTGTCTAGCCG,0,0,0
EOC1_PBMC_cell_CGAGCACAGATAGGAG,0,0,0
EOC1_PBMC_cell_TACCTATGTGGTACAG,0,0,0
EOC1_PBMC_cell_CATTCGCAGGGTGTGT,0,0,0
EOC1_PBMC_cell_GGTGTTACAGATCCAT,0,0,0
EOC1_PBMC_cell_TTAGTTCTCGCGTTTC,0,0,0
EOC1_PBMC_cell_CTTGGCTTCAATAAGG,0,0,0
EOC1_PBMC_cell_CCCTCCTTCGGTCTAA,0,0,0
EOC1_PBMC_cell_TCAGCTCGTAGCTAAA,0,0,0
EOC1_PBMC_cell_TTCTCAAAGTTAACGA,0,0,0
EOC1_PBMC_cell_TGCGCAGGTACAAGTA,0,0,0
EOC1_PBMC_cell_ACCGTAAGTGGTGTAG,0,0,0
EOC1_PBMC_cell_CCCTCCTCAAGTAGTA,0,0,0
EOC1_PBMC_cell_AGTGTCAAGAGCTGGT,0,0,0
EOC1_PBMC_cell_CCGGTAGGTGCGAAAC,0,0,0
EOC1_PBMC_cell_CTTGGCTAGTTACCCA,0,0,0
EOC1_PBMC_cell_AAAGTAGGTATTAGCC,0,0,0
EOC1_PBMC_cell_AGAATAGGTCGGCATC,0,0,0
EOC1_PBMC_cell_GTCATTTGTCCGTGAC,0,0,0
EOC1_PBMC_cell_AACTCAGTCCCTTGCA,0,0,0
EOC1_PBMC_cell_GACCTGGCAAATACAG,0,0,0
EOC1_PBMC_cell_TGCGGGTCAGTAACGG,0,0,0
EOC1_PBMC_cell_ACGATGTTCTGTTTGT,0,0,0
EOC1_PBMC_cell_TACACGATCCTATGTT,0,0,0
EOC1_PBMC_cell_AGGGATGGTGCCTGCA,0,0,0
EOC1_PBMC_cell_TGGTTCCCATCTCCCA,0,0,0
EOC1_PBMC_cell_ATTGGACCAATGAATG,0,0,0
EOC1_PBMC_cell_CAGAGAGTCATTCACT,0,0,0
EOC1_PBMC_cell_GCTTGAACATCCTAGA,0,0,0
EOC1_PBMC_cell_CAACCTCAGTGGGATC,0,0,0
EOC1_PBMC_cell_GCATGTACACGAGGTA,0,0,0
EOC1_PBMC_cell_GCCAAATAGGTGGGTT,0,0,0
EOC1_PBMC_cell_GAGTCCGAGGCTAGCA,0,0,0
EOC1_PBMC_cell_TGAGCATGTCCAGTTA,0,0,0
EOC1_PBMC_cell_CTCGGGAAGGACTGGT,0,0,0
EOC1_PBMC_cell_CGTGAGCAGACGCTTT,0,0,0
EOC1_PBMC_cell_ATCTACTAGAACAATC,0,0,0
EOC1_PBMC_cell_GACTACAAGGCGTACA,0,0,0
EOC1_PBMC_cell_ATTACTCGTCCAGTGC,0,0,0
EOC1_PBMC_cell_CTACACCCATTCTCAT,0,0,0
EOC1_PBMC_cell_ACTGTCCGTTGTTTGG,0,0,0
EOC1_PBMC_cell_AACTCCCTCCTGTAGA,0,0,0
EOC1_PBMC_cell_TGCCAAATCTGCGGCA,0,0,0
EOC1_PBMC_cell_CAAGATCCATCCTAGA,0,0,0
EOC1_PBMC_cell_ATAGACCAGTCTTGCA,0,0,0
EOC1_PBMC_cell_CAACCAAAGTCGATAA,0,0,0
EOC1_PBMC_cell_TGCGCAGTCTTCGAGA,0,0,0
EOC1_PBMC_cell_CCTCAGTGTAGAAAGG,0,0,0
EOC1_PBMC_cell_CGCTATCGTTGGTAAA,0,0,0
EOC1_PBMC_cell_GACCAATAGCTACCGC,0,0,0
EOC1_PBMC_cell_GTGTGCGTCTGTTTGT,0,0,0
EOC1_PBMC_cell_GAACGGAGTCCAACTA,0,0,0
EOC1_PBMC_cell_GGGTTGCAGGTACTCT,0,0,0
EOC1_PBMC_cell_AGTGAGGGTTGTGGCC,0,0,0
EOC1_PBMC_cell_GCATGTAGTGACTACT,0,0,0
EOC1_PBMC_cell_CGATTGATCGCACTCT,0,0,0
EOC1_PBMC_cell_ATGGGAGCAACTGCGC,0,0,0
EOC1_PBMC_cell_CTACGTCAGGGTGTTG,0,0,0
EOC1_PBMC_cell_CACACTCGTGTTTGGT,0,0,0
EOC1_PBMC_cell_CTCTACGAGCTAGTGG,0,0,0
EOC1_PBMC_cell_TCACAAGTCCCTAATT,0,0,0
EOC1_PBMC_cell_GCAATCAGTCTAGGTT,0,0,0
EOC1_PBMC_cell_TGTTCCGCATTTGCCC,0,0,0
EOC1_PBMC_cell_GAGGTGATCAGCCTAA,0,0,0
EOC1_PBMC_cell_ATTGGACCAAGCGCTC,0,0,0
EOC1_PBMC_cell_AACCATGCACCTCGTT,0,0,0
EOC1_PBMC_cell_TACCTTAGTAGTGAAT,0,0,0
EOC1_PBMC_cell_TCGGTAACAAAGGTGC,0,0,0
EOC1_PBMC_cell_AGGGAGTAGCGATTCT,0,0,0
EOC1_PBMC_cell_AAATGCCGTGCAACTT,0,0,0
EOC1_PBMC_cell_TTTACTGGTGAACCTT,0,0,0
EOC1_PBMC_cell_TCTGAGACATCATCCC,0,0,0
EOC1_PBMC_cell_CTAGCCTGTAGCGCAA,0,0,0
EOC1_PBMC_cell_CGATCGGGTATTAGCC,0,0,0
EOC1_PBMC_cell_GGCGTGTGTAAGAGAG,0,0,0
EOC1_PBMC_cell_GGTATTGCAGTAGAGC,0,0,0
EOC1_PBMC_cell_GGCTCGACACGTCAGC,0,0,0
EOC1_PBMC_cell_TGTCCCAAGACAATAC,0,0,0
EOC1_PBMC_cell_TATCAGGGTTCTGTTT,0,0,0
EOC1_PBMC_cell_GCAGTTACAGTGAGTG,0,0,0
EOC1_PBMC_cell_CAACCTCTCACCAGGC,0,0,0
EOC1_PBMC_cell_CTCGTCAGTCGACTGC,0,0,0
EOC1_PBMC_cell_AGCCTAATCTAGCACA,0,0,0
EOC1_PBMC_cell_GTGCAGCAGCCAGTAG,0,0,0
EOC1_PBMC_cell_CCATTCGTCAGGCAAG,0,0,0
EOC1_PBMC_cell_CAGAATCTCATTATCC,0,0,0
EOC1_PBMC_cell_AGCTTGATCTTGAGAC,0,0,0
EOC1_PBMC_cell_GAAATGAGTACCGAGA,0,0,0
EOC1_PBMC_cell_GGATGTTCACCCTATC,0,0,0
EOC1_PBMC_cell_GCTTCCATCCTGTAGA,0,0,0
EOC1_PBMC_cell_CATATGGGTAGCAAAT,0,0,0
EOC1_PBMC_cell_AACTGGTCACGGTGTC,0,0,0
EOC1_PBMC_cell_TGAGCCGCACACGCTG,0,0,0
EOC1_PBMC_cell_CGTAGGCTCGCCTGTT,0,0,0
EOC1_PBMC_cell_TACCTTAGTTCTGAAC,0,0,0
EOC1_PBMC_cell_ACTGAACCAGTAAGCG,0,0,0
EOC1_PBMC_cell_CTGAAGTTCGTCTGCT,0,0,0
EOC1_PBMC_cell_TGCCAAATCGCCCTTA,0,0,0
EOC1_PBMC_cell_TTGGAACTCAGAAATG,0,0,0
EOC1_PBMC_cell_TGCGTGGCAATAACGA,0,0,0
EOC1_PBMC_cell_GTAGGCCCACATCCGG,0,0,0
EOC1_PBMC_cell_CATGCCTAGATGGGTC,0,0,0
EOC1_PBMC_cell_CGCGGTAGTACCAGTT,0,0,0
EOC1_PBMC_cell_TTTCCTCGTTGGTTTG,0,0,0
EOC1_PBMC_cell_GTTACAGCAGGCGATA,0,0,0
EOC1_PBMC_cell_CAGCAGCGTGATAAAC,0,0,0
EOC1_PBMC_cell_TGCGGGTGTCAGAGGT,0,0,0
EOC1_PBMC_cell_GCAGCCATCCACTCCA,0,0,0
EOC1_PBMC_cell_AGGTCATCATTTGCTT,0,0,0
EOC1_PBMC_cell_CCTACACGTTTAGCTG,0,0,0
EOC1_PBMC_cell_ACACCGGTCAAAGACA,0,0,0
EOC1_PBMC_cell_GTGCTTCGTGCCTGGT,0,0,0
EOC1_PBMC_cell_GTTCTCGGTGGTCCGT,0,0,0
EOC1_PBMC_cell_TTCGAAGCAAAGTGCG,0,0,0
EOC1_PBMC_cell_GACACGCTCTTCGGTC,0,0,0
EOC1_PBMC_cell_CAGAGAGAGTACGACG,0,0,0
EOC1_PBMC_cell_ACATCAGAGCCAACAG,0,0,0
EOC1_PBMC_cell_AAACCTGTCTGGGCCA,0,0,0
EOC1_PBMC_cell_ACTGTCCTCCCAACGG,0,0,0
EOC1_PBMC_cell_CGCTTCATCTCCGGTT,0,0,0
EOC1_PBMC_cell_ACGCCAGTCATAGCAC,0,0,0
EOC1_PBMC_cell_GTAACTGGTTCGTGAT,0,0,0
EOC1_PBMC_cell_AGGCCGTTCACAGTAC,0,0,0
EOC1_PBMC_cell_ACACCGGTCGAACGGA,0,0,0
EOC1_PBMC_cell_GCAATCAGTCTGATTG,0,0,0
EOC1_PBMC_cell_ATGCGATAGGATGCGT,0,0,0
EOC1_PBMC_cell_GACTGCGAGGTGACCA,0,0,0
EOC1_PBMC_cell_CAAGGCCTCCATTCTA,0,0,0
EOC1_PBMC_cell_GGGATGAGTGGACGAT,0,0,0
EOC1_PBMC_cell_CTAAGACTCTGCCAGG,0,0,0
EOC1_PBMC_cell_TGAAAGACAGAGTGTG,0,0,0
EOC1_PBMC_cell_TAGTGGTTCTTGCAAG,0,0,0
EOC1_PBMC_cell_TTCTACATCAACACTG,0,0,0
EOC1_PBMC_cell_TCCCGATTCTGGTGTA,0,0,0
EOC1_PBMC_cell_GGGAATGCACCAGTTA,0,0,0
EOC1_PBMC_cell_CACACTCGTATGAATG,0,0,0
EOC1_PBMC_cell_GACGTGCCAGGCTGAA,0,0,0
EOC1_PBMC_cell_TAGCCGGGTCCGAATT,0,0,0
EOC1_PBMC_cell_CTACGTCTCGCACTCT,0,0,0
EOC1_PBMC_cell_GTTAAGCGTGAACCTT,0,0,0
EOC1_PBMC_cell_AAAGATGTCACAATGC,0,0,0
EOC1_PBMC_cell_GCACATAAGCTGATAA,0,0,0
EOC1_PBMC_cell_CAAGTTGTCAGAGCTT,0,0,0
EOC1_PBMC_cell_AAGTCTGCAATGACCT,0,0,0
EOC1_PBMC_cell_CGATTGACACAGGCCT,0,0,0
EOC1_PBMC_cell_TACTTACCACTAAGTC,0,0,0
EOC1_PBMC_cell_CGATTGATCGTTTATC,0,0,0
EOC1_PBMC_cell_AAGTCTGAGCGACGTA,0,0,0
EOC1_PBMC_cell_AATCGGTCAGGTCTCG,0,0,0
EOC1_PBMC_cell_ATTTCTGGTCCAAGTT,0,0,0
EOC1_PBMC_cell_TGCCCTACAGTTCCCT,0,0,0
EOC1_PBMC_cell_AGCTCCTTCCGTACAA,0,0,0
EOC1_PBMC_cell_CCACTACAGGATATAC,0,0,0
EOC1_PBMC_cell_CACCTTGCACCATCCT,0,0,0
EOC1_PBMC_cell_GTGTGCGTCCGAATGT,0,0,0
EOC1_PBMC_cell_GTTCATTAGAGTGAGA,0,0,0
EOC1_PBMC_cell_TTTACTGGTCGACTAT,0,0,0
EOC1_PBMC_cell_TCTCATAGTTGCGTTA,0,0,0
EOC1_PBMC_cell_CGGAGTCAGTAGATGT,0,0,0
EOC1_PBMC_cell_TATTACCAGTGGAGAA,0,0,0
EOC1_PBMC_cell_ACTGAACAGATATACG,0,0,0
EOC1_PBMC_cell_CAGCAGCTCCAAGTAC,0,0,0
EOC1_PBMC_cell_GGGAGATTCTGAAAGA,0,0,0
EOC1_PBMC_cell_CGATTGATCCACGTGG,0,0,0
EOC1_PBMC_cell_ATCGAGTCATCACCCT,0,0,0
EOC1_PBMC_cell_GCTTCCACACCAGGCT,0,0,0
EOC1_PBMC_cell_CGCTATCAGCTAAGAT,0,0,0
EOC1_PBMC_cell_GACCTGGGTTCGCTAA,0,0,0
EOC1_PBMC_cell_GGCGACTGTAGCCTAT,0,0,0
EOC1_PBMC_cell_GGACAGATCCTGTACC,0,0,0
EOC1_PBMC_cell_GCATACATCGCATGGC,0,0,0
EOC1_PBMC_cell_CGTCTACTCTAACTTC,0,0,0
EOC1_PBMC_cell_TGACTTTGTAGAGGAA,0,0,0
EOC1_PBMC_cell_ACAGCTAGTAAGTGTA,0,0,0
EOC1_PBMC_cell_AGGGTGATCATCGGAT,0,0,0
EOC1_PBMC_cell_GACGCGTAGCCCGAAA,0,0,0
EOC1_PBMC_cell_AGCCTAACATGTCTCC,0,0,0
EOC1_PBMC_cell_TGGCCAGCAGATCCAT,0,0,0
EOC1_PBMC_cell_GACGTTATCCAGATCA,0,0,0
EOC1_PBMC_cell_TTTGTCATCATCATTC,0,0,0
EOC1_PBMC_cell_GGACATTAGGGTTTCT,0,0,0
EOC1_PBMC_cell_TGGCGCAGTTTGCATG,0,0,0
EOC1_PBMC_cell_TCCCGATTCTCGGACG,0,0,0
EOC1_PBMC_cell_TACAGTGCATCGGACC,0,0,0
EOC1_PBMC_cell_GAGGTGAAGACTAGAT,0,0,0
EOC1_PBMC_cell_GGAAAGCCAGTGAGTG,0,0,0
EOC1_PBMC_cell_TGCGTGGGTACTCAAC,0,0,0
EOC1_PBMC_cell_AGATCTGAGAGTGACC,0,0,0
EOC1_PBMC_cell_CAGCGACGTCTCCATC,0,0,0
EOC1_PBMC_cell_AGCATACTCACTCCTG,0,0,0
EOC1_PBMC_cell_AAGGTTCGTAGGCTGA,0,0,0
EOC1_PBMC_cell_ACACTGATCTCCCTGA,0,0,0
EOC1_PBMC_cell_CTGCTGTGTCTAGGTT,0,0,0
EOC1_PBMC_cell_GTGAAGGCAAGAGTCG,0,0,0
EOC1_PBMC_cell_TACCTATCACAGCCCA,0,0,0
EOC1_PBMC_cell_TGGCCAGTCGCCTGAG,0,0,0
EOC1_PBMC_cell_GACAGAGAGTACGACG,0,0,0
EOC1_PBMC_cell_ACCTTTATCAAGATCC,0,0,0
EOC1_PBMC_cell_TGGTTCCAGCAACGGT,0,0,0
EOC1_PBMC_cell_ACTGATGCAAACTGTC,0,0,0
EOC1_PBMC_cell_GCATGTACATCACGAT,0,0,0
EOC1_PBMC_cell_ACTGATGCATGTTCCC,0,0,0
EOC1_PBMC_cell_ACACCGGGTATTCGTG,0,0,0
EOC1_PBMC_cell_TGGTTCCTCAGCACAT,0,0,0
EOC1_PBMC_cell_GGACATTAGATATGGT,0,0,0
EOC1_PBMC_cell_TAGTGGTCAGGTTTCA,0,0,0
EOC1_PBMC_cell_CAGGTGCCAGATCTGT,0,0,0
EOC1_PBMC_cell_ATTGGTGTCATGCTCC,0,0,0
EOC1_PBMC_cell_TTTGCGCCATCGATTG,0,0,0
EOC1_PBMC_cell_CAAGATCGTAAGTGTA,0,0,0
EOC1_PBMC_cell_TCCACACGTAAGGATT,0,0,0
EOC1_PBMC_cell_CCCTCCTTCCACTCCA,0,0,0
EOC1_PBMC_cell_GGAAAGCTCGAATGCT,0,0,0
EOC1_PBMC_cell_GTAGTCAGTCAGTGGA,0,0,0
EOC1_PBMC_cell_TCATTTGTCCTTCAAT,0,0,0
EOC1_PBMC_cell_AACTGGTGTGAGGGAG,0,0,0
EOC1_PBMC_cell_GTTAAGCAGATTACCC,0,0,0
EOC1_PBMC_cell_TGATTTCCAATAAGCA,0,0,0
EOC1_PBMC_cell_CATCGAAGTAGAGGAA,0,0,0
EOC1_PBMC_cell_ACGGAGACATGCTGGC,0,0,0
EOC1_PBMC_cell_GGCAATTGTATATCCG,0,0,0
EOC1_PBMC_cell_CACCACTCAAGAAGAG,0,0,0
EOC1_PBMC_cell_ACTGAACAGGCATGTG,0,0,0
EOC1_PBMC_cell_TACGGTACACTTAACG,0,0,0
EOC1_PBMC_cell_ACCAGTACACAAGCCC,0,0,0
EOC1_PBMC_cell_GTAACGTCATACTACG,0,0,0
EOC1_PBMC_cell_TTCGAAGAGACAATAC,0,0,0
EOC1_PBMC_cell_GACAGAGTCCTTGGTC,0,0,0
EOC1_PBMC_cell_TGACTTTAGAAGAAGC,0,0,0
EOC1_PBMC_cell_TTCGGTCTCGAATCCA,0,0,0
EOC1_PBMC_cell_GAAACTCGTGGTCCGT,0,0,0
EOC1_PBMC_cell_TTCTCAATCTCAAACG,0,0,0
EOC1_PBMC_cell_CGCTTCAAGTGTACGG,0,0,0
EOC1_PBMC_cell_TCAGGATTCGCGGATC,0,0,0
EOC1_PBMC_cell_AACGTTGGTTCGAATC,0,0,0
EOC1_PBMC_cell_AGTCTTTCATCACAAC,0,0,0
EOC1_PBMC_cell_AACCGCGCATGGTTGT,0,0,0
EOC1_PBMC_cell_TCTGAGATCTAGCACA,0,0,0
EOC1_PBMC_cell_ACCAGTACAGACAAAT,0,0,0
EOC1_PBMC_cell_TGTGTTTTCAGAGGTG,0,0,0
EOC1_PBMC_cell_CGGACGTGTGTGCCTG,0,0,0
EOC1_PBMC_cell_GATCGTACACGGCTAC,0,0,0
EOC1_PBMC_cell_TCTGAGAAGGATATAC,0,0,0
EOC1_PBMC_cell_GATGAAAGTGCGAAAC,0,0,0
EOC1_PBMC_cell_CATCGGGTCCGCTGTT,0,0,0
EOC1_PBMC_cell_GTCGTAAGTCGAAAGC,0,0,0
EOC1_PBMC_cell_GTGCAGCCACGTCAGC,0,0,0
EOC1_PBMC_cell_CTCAGAAAGTGTCCAT,0,0,0
EOC1_PBMC_cell_CAGATCACAGCTTAAC,0,0,0
EOC1_PBMC_cell_TCGTACCCAGCCAATT,0,0,0
EOC1_PBMC_cell_TGACTTTGTCGCATCG,0,0,0
EOC1_PBMC_cell_CAAGGCCTCCGCGCAA,0,0,0
EOC1_PBMC_cell_CCAGCGATCAGCTCTC,0,0,0
EOC1_PBMC_cell_TGTGTTTTCGACAGCC,0,0,0
EOC1_PBMC_cell_AGCTCTCCACCACCAG,0,0,0
EOC1_PBMC_cell_AACCATGTCGTTTATC,0,0,0
EOC1_PBMC_cell_CTAACTTTCCTATTCA,0,0,0
EOC1_PBMC_cell_GGACAAGTCTTCAACT,0,0,0
EOC1_PBMC_cell_TGGCTGGTCCTCAACC,0,0,0
EOC1_PBMC_cell_CATCGGGTCCCAACGG,0,0,0
EOC1_PBMC_cell_GAAATGAAGGCTAGCA,0,0,0
EOC1_PBMC_cell_CAAGAAACATGCCTTC,0,0,0
EOC1_PBMC_cell_ATAAGAGTCCGTTGTC,0,0,0
EOC1_PBMC_cell_CCAATCCTCGAGCCCA,0,0,0
EOC1_PBMC_cell_CCGTACTCAATAGCGG,0,0,0
EOC1_PBMC_cell_GATGAGGAGCCAGGAT,0,0,0
EOC1_PBMC_cell_GTTCATTGTAGTGAAT,0,0,0
EOC1_PBMC_cell_GCACATAGTCCAACTA,0,0,0
EOC1_PBMC_cell_TCGCGTTAGCTGTTCA,0,0,0
EOC1_PBMC_cell_GTATCTTAGGCTCTTA,0,0,0
EOC1_PBMC_cell_CACCAGGCAAAGGCGT,0,0,0
EOC1_PBMC_cell_CCTTTCTTCCGAACGC,0,0,0
EOC1_PBMC_cell_TATCAGGGTCAAAGAT,0,0,0
EOC1_PBMC_cell_GACGTTATCTCCTATA,0,0,0
EOC1_PBMC_cell_GACGGCTTCAAAGACA,0,0,0
EOC1_PBMC_cell_CCTCAGTCAGGATCGA,0,0,0
EOC1_PBMC_cell_CTGCGGAAGGAATCGC,0,0,0
EOC1_PBMC_cell_CCGGTAGAGAAACGCC,0,0,0
EOC1_PBMC_cell_CTGTGCTTCTAACTGG,0,0,0
EOC1_PBMC_cell_CATATTCGTTGTGGCC,0,0,0
EOC1_PBMC_cell_TCACAAGGTGGGTATG,0,0,0
EOC1_PBMC_cell_CAGCAGCTCTATCCTA,0,0,0
EOC1_PBMC_cell_CGATCGGTCTCGGACG,0,0,0
EOC1_PBMC_cell_GACCTGGGTAACGTTC,0,0,0
EOC1_PBMC_cell_ATAGACCGTTGGAGGT,0,0,0
EOC1_PBMC_cell_GGCGTGTCATGGTCTA,0,0,0
EOC1_PBMC_cell_AGAATAGTCTCGATGA,0,0,0
EOC1_PBMC_cell_CAAGGCCGTACTCGCG,0,0,0
EOC1_PBMC_cell_GGCCGATGTGGTCTCG,0,0,0
EOC1_PBMC_cell_ACTTGTTAGGAGTAGA,0,0,0
EOC1_PBMC_cell_CAGCAGCAGCATGGCA,0,0,0
EOC1_PBMC_cell_AAAGTAGTCGACAGCC,0,0,0
EOC1_PBMC_cell_AAACCTGCAAGGTTTC,0,0,0
EOC1_PBMC_cell_GAAATGAGTGCGATAG,0,0,0
EOC1_PBMC_cell_CGTAGGCAGCTACCTA,0,0,0
EOC1_PBMC_cell_CGTTCTGCACTACAGT,0,0,0
EOC1_PBMC_cell_GATGAGGCAGACAAGC,0,0,0
EOC1_PBMC_cell_ATTGGACGTAAGAGGA,0,0,0
EOC1_PBMC_cell_TAAGTGCTCCTTCAAT,0,0,0
EOC1_PBMC_cell_TCAGCAAAGCGGATCA,0,0,0
EOC1_PBMC_cell_GGTATTGTCATGTCCC,0,0,0
EOC1_PBMC_cell_GGACAGAAGCAGCCTC,0,0,0
EOC1_PBMC_cell_CAGCATAGTCGAGTTT,0,0,0
EOC1_PBMC_cell_GTGTGCGCAAGCGAGT,0,0,0
EOC1_PBMC_cell_GAACCTAGTATATGAG,0,0,0
EOC1_PBMC_cell_TGGCCAGCAAGTTGTC,0,0,0
EOC1_PBMC_cell_CGCTTCACACGAGAGT,0,0,0
EOC1_PBMC_cell_TCAGATGAGCATCATC,0,0,0
EOC1_PBMC_cell_TCTATTGTCGCCATAA,0,0,0
EOC1_PBMC_cell_CGTCCATTCACTGGGC,0,0,0
EOC1_PBMC_cell_CGTGTAAAGGAGTTTA,0,0,0
EOC1_PBMC_cell_GTCGGGTGTAGGGTAC,0,0,0
EOC1_PBMC_cell_CTACGTCTCATAGCAC,0,0,0
EOC1_PBMC_cell_TCTTCGGAGAACTGTA,0,0,0
EOC1_PBMC_cell_GCCTCTACAAAGTCAA,0,0,0
EOC1_PBMC_cell_GACTACAGTCGCTTCT,0,0,0
EOC1_PBMC_cell_CCTAAAGTCTCCGGTT,0,0,0
EOC1_PBMC_cell_GATCGTAAGCGTGAGT,0,0,0
EOC1_PBMC_cell_TGGCGCAGTCATCGGC,0,0,0
EOC1_PBMC_cell_GGACGTCAGTGCAAGC,0,0,0
EOC1_PBMC_cell_CTAAGACGTAGCGCAA,0,0,0
EOC1_PBMC_cell_TACCTTACAAGGTTCT,0,0,0
EOC1_PBMC_cell_AAGTCTGAGTATTGGA,0,0,0
EOC1_PBMC_cell_GTGCTTCCAGCTGTAT,0,0,0
EOC1_PBMC_cell_TCATTTGCACATTCGA,0,0,0
EOC1_PBMC_cell_TATTACCGTGCACCAC,0,0,0
EOC1_PBMC_cell_TACTTGTCAGCCACCA,0,0,0
EOC1_PBMC_cell_CGAACATCACTTCTGC,0,0,0
EOC1_PBMC_cell_GTCAAGTAGGAGCGAG,0,0,0
EOC1_PBMC_cell_CGCGTTTCAGCCTTTC,0,0,0
EOC1_PBMC_cell_TCATTTGAGAAACCGC,0,0,0
EOC1_PBMC_cell_CTCGGAGGTATATGGA,0,0,0
EOC1_PBMC_cell_ACACCAAAGTGTACTC,0,0,0
EOC1_PBMC_cell_AGGTCCGCACCATGTA,0,0,0
EOC1_PBMC_cell_CAAGTTGAGAAGGTGA,0,0,0
EOC1_PBMC_cell_AGAGCGAAGTCATGCT,0,0,0
EOC1_PBMC_cell_ACGCCAGTCAGAGGTG,0,0,0
EOC1_PBMC_cell_GACACGCAGTACCGGA,0,0,0
EOC1_PBMC_cell_CGAACATAGTACGCGA,0,0,0
EOC1_PBMC_cell_GACGGCTTCCCTTGTG,0,0,0
EOC1_PBMC_cell_TCAGCTCAGAGTTGGC,0,0,0
EOC1_PBMC_cell_TCGGGACGTACAGCAG,0,0,0
EOC1_PBMC_cell_GAGCAGATCATTTGGG,0,0,0
EOC1_PBMC_cell_ATCCACCCAGGGTACA,0,0,0
EOC1_PBMC_cell_CACACTCTCGGTTAAC,0,0,0
EOC1_PBMC_cell_TATCTCACAATCCGAT,0,0,0
EOC1_PBMC_cell_CTAATGGTCGCCAGCA,0,0,0
EOC1_PBMC_cell_GATGAGGGTTCATGGT,0,0,0
EOC1_PBMC_cell_CACAGGCTCACTATTC,0,0,0
EOC1_PBMC_cell_CTTTGCGGTTACGTCA,0,0,0
EOC1_PBMC_cell_CCATTCGTCAGCTTAG,0,0,0
EOC1_PBMC_cell_AACGTTGTCGTCCGTT,0,0,0
EOC1_PBMC_cell_GCAAACTAGATGGCGT,0,0,0
EOC1_PBMC_cell_ATCCACCGTCGAGTTT,0,0,0
EOC1_PBMC_cell_TGGACGCAGAGAGCTC,0,0,0
EOC1_PBMC_cell_GGGACCTAGTTGAGTA,0,0,0
EOC1_PBMC_cell_ACTGAACTCATCATTC,0,0,0
EOC1_PBMC_cell_TGACAACCAAACCCAT,0,0,0
EOC1_PBMC_cell_CGTAGGCGTCCGAAGA,0,0,0
EOC1_PBMC_cell_GGATTACGTGATAAAC,0,0,0
EOC1_PBMC_cell_TGGACGCAGGGCTCTC,0,0,0
EOC1_PBMC_cell_CAACTAGCAGTGAGTG,0,0,0
EOC1_PBMC_cell_TCGAGGCGTCTCCACT,0,0,0
EOC1_PBMC_cell_GACTAACGTACATGTC,0,0,0
EOC1_PBMC_cell_CGTAGCGTCCCACTTG,0,0,0
EOC1_PBMC_cell_CGAGCCATCTAACTGG,0,0,0
EOC1_PBMC_cell_GATGCTACAGCTGTTA,0,0,0
EOC1_PBMC_cell_CGTGAGCCACTTAACG,0,0,0
EOC1_PBMC_cell_TCAGCTCCATACCATG,0,0,0
EOC1_PBMC_cell_ATCGAGTAGAGCTATA,0,0,0
EOC1_PBMC_cell_AAAGATGTCTTAACCT,0,0,0
EOC1_PBMC_cell_ATCGAGTAGCAACGGT,0,0,0
EOC1_PBMC_cell_CGAGCACGTCAGAAGC,0,0,0
EOC1_PBMC_cell_GCAGCCATCCGGCACA,0,0,0
EOC1_PBMC_cell_CGATTGACAATAGAGT,0,0,0
EOC1_PBMC_cell_GTTCATTAGCGGATCA,0,0,0
EOC1_PBMC_cell_ATCTACTCAGTCACTA,0,0,0
EOC1_PBMC_cell_ATTTCTGGTAAGGATT,0,0,0
EOC1_PBMC_cell_TCAGGATCAATAGCGG,0,0,0
EOC1_PBMC_cell_GACCTGGTCCTAGGGC,0,0,0
EOC1_PBMC_cell_GGGTTGCCAGTCGTGC,0,0,0
EOC1_PBMC_cell_GTCCTCAGTAGAAAGG,0,0,0
EOC1_PBMC_cell_ACGGAGACACCACCAG,0,0,0
EOC1_PBMC_cell_GAGCAGATCAAACGGG,0,0,0
EOC1_PBMC_cell_AAAGATGTCTGGTATG,0,0,0
EOC1_PBMC_cell_GCAGTTAAGAGGTTGC,0,0,0
EOC1_PBMC_cell_CACAGTATCCAAGTAC,0,0,0
EOC1_PBMC_cell_AAATGCCTCTATGTGG,0,0,0
EOC1_PBMC_cell_GCATGATCATGGTCTA,0,0,0
EOC1_PBMC_cell_TTTCCTCGTGGTGTAG,0,0,0
EOC1_PBMC_cell_GCGCCAATCACATAGC,0,0,0
EOC1_PBMC_cell_GTTAAGCCAAGTTGTC,0,0,0
EOC1_PBMC_cell_TTCGAAGGTGCCTTGG,0,0,0
EOC1_PBMC_cell_AGAGTGGCATCCTTGC,0,0,0
EOC1_PBMC_cell_AGTTGGTGTACCATCA,0,0,0
EOC1_PBMC_cell_TGCCCTAGTAGGAGTC,0,0,0
EOC1_PBMC_cell_AGCGTATGTCCTCTTG,0,0,0
EOC1_PBMC_cell_GAAACTCGTGCAACGA,0,0,0
EOC1_PBMC_cell_ACTATCTCAAGACACG,0,0,0
EOC1_PBMC_cell_ATTTCTGAGTCATGCT,0,0,0
EOC1_PBMC_cell_TTTACTGTCGGTGTCG,0,0,0
EOC1_PBMC_cell_TTAGGCATCTCTTGAT,0,0,0
EOC1_PBMC_cell_CGTCCATGTCGCATCG,0,0,0
EOC1_PBMC_cell_ACAGCTAGTTTGTGTG,0,0,0
EOC1_PBMC_cell_CTACCCAGTTCTGGTA,0,0,0
EOC1_PBMC_cell_TCAGGTATCTCCGGTT,0,0,0
EOC1_PBMC_cell_TATTACCTCGGCTTGG,0,0,0
EOC1_PBMC_cell_AAGGTTCCAGGCGATA,0,0,0
EOC1_PBMC_cell_GTATTCTTCATTGCCC,0,0,0
EOC1_PBMC_cell_ACGATGTTCACAGTAC,0,0,0
EOC1_PBMC_cell_CAAGGCCGTGCAACTT,0,0,0
EOC1_PBMC_cell_CGGAGCTAGCTCCTCT,0,0,0
EOC1_PBMC_cell_ATCACGACACGCTTTC,0,0,0
EOC1_PBMC_cell_TCAGGTAGTGGTTTCA,0,0,0
EOC1_PBMC_cell_CGTGTAAGTGCGGTAA,0,0,0
EOC1_PBMC_cell_TCCACACAGGCAGGTT,0,0,0
EOC1_PBMC_cell_ACGGCCAGTAGGGTAC,0,0,0
EOC1_PBMC_cell_AAGGCAGCAGCTTAAC,0,0,0
EOC1_PBMC_cell_AGCGTATGTCTGCCAG,0,0,0
EOC1_PBMC_cell_GGGCATCGTAAGTTCC,0,0,0
EOC1_PBMC_cell_TTCCCAGGTGCGGTAA,0,0,0
EOC1_PBMC_cell_CGAACATTCGTTTAGG,0,0,0
EOC1_PBMC_cell_ATGGGAGTCATGTCCC,0,0,0
EOC1_PBMC_cell_GCCAAATGTCTCTCTG,0,0,0
EOC1_PBMC_cell_ACGCCGATCAATACCG,0,0,0
EOC1_PBMC_cell_AACACGTCAAGACACG,0,0,0
EOC1_PBMC_cell_GTTCGGGGTTAAGTAG,0,0,0
EOC1_PBMC_cell_CAGCTGGCAGTTCATG,0,0,0
EOC1_PBMC_cell_CTCTGGTAGGTTACCT,0,0,0
EOC1_PBMC_cell_AGACGTTCATGCAACT,0,0,0
EOC1_PBMC_cell_GTGCGGTCATTATCTC,0,0,0
EOC1_PBMC_cell_CGATCGGCAAGCGATG,0,0,0
EOC1_PBMC_cell_GATCGTATCATGTCTT,0,0,0
EOC1_PBMC_cell_AAGGCAGCAAACAACA,0,0,0
EOC1_PBMC_cell_ACGATACCATTGTGCA,0,0,0
EOC1_PBMC_cell_CACTCCAGTAATTGGA,0,0,0
EOC1_PBMC_cell_GCGCGATTCCTCCTAG,0,0,0
EOC1_PBMC_cell_TTGGCAAAGTTAAGTG,0,0,0
EOC1_PBMC_cell_CGACTTCAGAAGGGTA,0,0,0
EOC1_PBMC_cell_GAACGGATCTGTCCGT,0,0,0
EOC1_PBMC_cell_GGATGTTTCAGCACAT,0,0,0
EOC1_PBMC_cell_TCATTACCAACAACCT,0,0,0
EOC1_PBMC_cell_AGATTGCGTGAGGGTT,0,0,0
EOC1_PBMC_cell_CGAATGTCATCGGGTC,0,0,0
EOC1_PBMC_cell_CTGCCTAAGCGTTCCG,0,0,0
EOC1_PBMC_cell_CGCGGTATCCCTAACC,0,0,0
EOC1_PBMC_cell_CCACTACTCATGCATG,0,0,0
EOC1_PBMC_cell_TACGGGCGTAGTACCT,0,0,0
EOC1_PBMC_cell_CATCGAAGTAGCCTCG,0,0,0
EOC1_PBMC_cell_GCACTCTCACCACGTG,0,0,0
EOC1_PBMC_cell_TTCTCAAGTCGTTGTA,0,0,0
EOC1_PBMC_cell_TCAGGTAAGCTATGCT,0,0,0
EOC1_PBMC_cell_AGCTCTCAGATGCCAG,0,0,0
EOC1_PBMC_cell_ATTGGACCACGGCTAC,0,0,0
EOC1_PBMC_cell_CTGCGGAGTGTCTGAT,0,0,0
EOC1_PBMC_cell_GTCAAGTCAATGTTGC,0,0,0
EOC1_PBMC_cell_CTCACACAGTGGTAAT,0,0,0
EOC1_PBMC_cell_GTTTCTATCCCGACTT,0,0,0
EOC1_PBMC_cell_CGCTATCCAACTGGCC,0,0,0
EOC1_PBMC_cell_ACGGCCAAGATCTGCT,0,0,0
EOC1_PBMC_cell_AAGGTTCTCCAATGGT,0,0,0
EOC1_PBMC_cell_GTGTTAGAGCTATGCT,0,0,0
EOC1_PBMC_cell_AGGTCATGTAGGCTGA,0,0,0
EOC1_PBMC_cell_ACACCCTGTAAACGCG,0,0,0
EOC1_PBMC_cell_GGAATAAGTCTCATCC,0,0,0
EOC1_PBMC_cell_GGAATAAAGTTGTAGA,0,0,0
EOC1_PBMC_cell_GCATGTAGTCCATCCT,0,0,0
EOC1_PBMC_cell_GACCTGGGTCTGCAAT,0,0,0
EOC1_PBMC_cell_TTGTAGGAGTTCGCGC,0,0,0
EOC1_PBMC_cell_CAACTAGGTGACAAAT,0,0,0
EOC1_PBMC_cell_AGAATAGGTTGTGGCC,0,0,0
EOC1_PBMC_cell_TAGTTGGAGACGCACA,0,0,0
EOC1_PBMC_cell_TGGTTAGTCATCGATG,0,0,0
EOC1_PBMC_cell_GTGAAGGCATTGGGCC,0,0,0
EOC1_PBMC_cell_CATGACACAGACGTAG,0,0,0
EOC1_PBMC_cell_TATTACCCACCAGGTC,0,0,0
EOC1_PBMC_cell_TTTGGTTCAATGTTGC,0,0,0
EOC1_PBMC_cell_CGACCTTGTAACGTTC,0,0,0
EOC1_PBMC_cell_GGACATTCACATTTCT,0,0,0
EOC1_PBMC_cell_TATGCCCGTGATAAGT,0,0,0
EOC1_PBMC_cell_AGCGGTCAGCAGGCTA,0,0,0
EOC1_PBMC_cell_AAGGAGCAGCTCTCGG,0,0,0
EOC1_PBMC_cell_ACCAGTACATACTCTT,0,0,0
EOC1_PBMC_cell_GCATGATGTAGGCTGA,0,0,0
EOC1_PBMC_cell_CGGACTGTCTACTCAT,0,0,0
EOC1_PBMC_cell_TGGACGCTCGCCGTGA,0,0,0
EOC1_PBMC_cell_TGACAACCAGCCTTGG,0,0,0
EOC1_PBMC_cell_CGAGAAGTCGCGCCAA,0,0,0
EOC1_PBMC_cell_ATCTACTTCTACGAGT,0,0,0
EOC1_PBMC_cell_TAGCCGGTCGCCCTTA,0,0,0
EOC1_PBMC_cell_GGAATAAAGCTCAACT,0,0,0
EOC1_PBMC_cell_CTACCCAAGTAAGTAC,0,0,0
EOC1_PBMC_cell_CCTTACGAGCCTATGT,0,0,0
EOC1_PBMC_cell_CATCGGGCATCCCACT,0,0,0
EOC1_PBMC_cell_TGCGCAGAGTCGTACT,0,0,0
EOC1_PBMC_cell_TGCTGCTGTTAAGGGC,0,0,0
EOC1_PBMC_cell_AGAGCTTGTACCGTAT,0,0,0
EOC1_PBMC_cell_ATGGGAGGTCCCTTGT,0,0,0
EOC1_PBMC_cell_TTGCCGTCACACCGAC,0,0,0
EOC1_PBMC_cell_CCGGGATTCAGCTCTC,0,0,0
EOC1_PBMC_cell_CCTTTCTAGTGACTCT,0,0,0
EOC1_PBMC_cell_GGTGCGTGTCACTTCC,0,0,0
EOC1_PBMC_cell_CTGCTGTCAGCTCGAC,0,0,0
EOC1_PBMC_cell_CTCAGAACAGGTGCCT,0,0,0
EOC1_PBMC_cell_AAACCTGAGGGTCTCC,0,0,0
EOC1_PBMC_cell_CTTAGGAAGTTCCACA,0,0,0
EOC1_PBMC_cell_GTACTCCCACAAGCCC,0,0,0
EOC1_PBMC_cell_TAAACCGGTGTGGCTC,0,0,0
EOC1_PBMC_cell_CTCGTCAAGAAGATTC,0,0,0
EOC1_PBMC_cell_TGCTGCTCATATGCTG,0,0,0
EOC1_PBMC_cell_GAATGAATCAGTCCCT,0,0,0
EOC1_PBMC_cell_GTAGGCCCAGGAACGT,0,0,0
EOC1_PBMC_cell_AAACCTGTCCAGGGCT,0,0,0
EOC1_PBMC_cell_ACACCGGTCACGAAGG,0,0,0
EOC1_PBMC_cell_TCGCGAGCACGGTTTA,0,0,0
EOC1_PBMC_cell_ACTTGTTTCAACCAAC,0,0,0
EOC1_PBMC_cell_AGGCCACTCTGATTCT,0,0,0
EOC1_PBMC_cell_TACTCGCCAACAACCT,0,0,0
EOC1_PBMC_cell_GTCTTCGCACAGACAG,0,0,0
EOC1_PBMC_cell_AACTTTCGTGTTAAGA,0,0,0
EOC1_PBMC_cell_CACCTTGTCCGTCAAA,0,0,0
EOC1_PBMC_cell_TACTTACAGCTACCGC,0,0,0
EOC1_PBMC_cell_ATGTGTGGTCGCCATG,0,0,0
EOC1_PBMC_cell_TTATGCTAGTGTACGG,0,0,0
EOC1_PBMC_cell_CCCTCCTGTTCAGTAC,0,0,0
EOC1_PBMC_cell_TCGTAGAGTTACGCGC,0,0,0
EOC1_PBMC_cell_AACGTTGAGCCACGCT,0,0,0
EOC1_PBMC_cell_CTCGAGGTCCATGCTC,0,0,0
EOC1_PBMC_cell_AGGTCATCATTCACTT,0,0,0
EOC1_PBMC_cell_GTTAAGCTCCGTACAA,0,0,0
EOC1_PBMC_cell_CATGACATCTGCCAGG,0,0,0
EOC1_PBMC_cell_CGACCTTGTGTGAATA,0,0,0
EOC1_PBMC_cell_CCACCTAGTCCGTTAA,0,0,0
EOC1_PBMC_cell_GCAAACTGTCACAAGG,0,0,0
EOC1_PBMC_cell_CGGACACTCACCACCT,0,0,0
EOC1_PBMC_cell_ATTATCCGTTAGGGTG,0,0,0
EOC1_PBMC_cell_AGTAGTCGTAGCACGA,0,0,0
EOC1_PBMC_cell_CGAGAAGCAAGTCTGT,0,0,0
EOC1_PBMC_cell_GTATCTTGTGAGGCTA,0,0,0
EOC1_PBMC_cell_GCGAGAAGTCCCGACA,0,0,0
EOC1_PBMC_cell_CTGATAGTCCCTCTTT,0,0,0
EOC1_PBMC_cell_TAGTGGTTCATGCAAC,0,0,0
EOC1_PBMC_cell_AGGGAGTAGTGTGAAT,0,0,0
EOC1_PBMC_cell_ACATACGAGGAGTCTG,0,0,0
EOC1_PBMC_cell_TCTCTAACACGAAACG,0,0,0
EOC1_PBMC_cell_GTGCGGTCAGAGCCAA,0,0,0
EOC1_PBMC_cell_CGCTTCACATTGGTAC,0,0,0
EOC1_PBMC_cell_TCAATCTGTTGTCTTT,0,0,0
EOC1_PBMC_cell_ACGGCCATCTGGGCCA,0,0,0
EOC1_PBMC_cell_TGGACGCTCCTCAATT,0,0,0
EOC1_PBMC_cell_GAGCAGACATTAGGCT,0,0,0
EOC1_PBMC_cell_GCACTCTTCTCGCTTG,0,0,0
EOC1_PBMC_cell_CTGAAACTCGGTCTAA,0,0,0
EOC1_PBMC_cell_TCGCGTTAGACACTAA,0,0,0
EOC1_PBMC_cell_CGCTATCAGTCGCCGT,0,0,0
EOC1_PBMC_cell_GTGGGTCAGGTGACCA,0,0,0
EOC1_PBMC_cell_CAGCCGAAGACTACAA,0,0,0
EOC1_PBMC_cell_AACCGCGTCCCAAGAT,0,0,0
EOC1_PBMC_cell_ACTTACTAGCTAAGAT,0,0,0
EOC1_PBMC_cell_GTGAAGGTCACAACGT,0,0,0
EOC1_PBMC_cell_TGCGCAGAGGCAGTCA,0,0,0
EOC1_PBMC_cell_ATCCGAACATTGTGCA,0,0,0
EOC1_PBMC_cell_TCGCGAGAGACTACAA,0,0,0
EOC1_PBMC_cell_TGAGCATTCCGCATAA,0,0,0
EOC1_PBMC_cell_GATTCAGTCCCAAGTA,0,0,0
EOC1_PBMC_cell_GCATGTAAGTACGTAA,0,0,0
EOC1_PBMC_cell_TGACTAGAGGATGTAT,0,0,0
EOC1_PBMC_cell_CGGCTAGAGCTCCTTC,0,0,0
EOC1_PBMC_cell_ATGGGAGTCATGGTCA,0,0,0
EOC1_PBMC_cell_TACGGTACAGGCGATA,0,0,0
EOC1_PBMC_cell_AGGCCGTAGGAGTCTG,0,0,0
EOC1_PBMC_cell_CTCAGAAGTAATTGGA,0,0,0
EOC1_PBMC_cell_CTACACCTCACGCATA,0,0,0
EOC1_PBMC_cell_GTGAAGGAGTGAAGTT,0,0,0
EOC1_PBMC_cell_GCAAACTTCGTAGATC,0,0,0
EOC1_PBMC_cell_GGCTGGTTCAGGCGAA,0,0,0
EOC1_PBMC_cell_TCAGATGAGTCGTACT,0,0,0
EOC1_PBMC_cell_TCAATCTCATTCTCAT,0,0,0
EOC1_PBMC_cell_TCTCTAACATAGAAAC,0,0,0
EOC1_PBMC_cell_TCAGATGAGAGTACCG,0,0,0
EOC1_PBMC_cell_GCAAACTAGAGACTTA,0,0,0
EOC1_PBMC_cell_CTCTGGTGTAGGGACT,0,0,0
EOC1_PBMC_cell_ACTGCTCGTCGAGATG,0,0,0
EOC1_PBMC_cell_CTTACCGCAATGGAAT,0,0,0
EOC1_PBMC_cell_GAACATCGTGTCAATC,0,0,0
EOC1_PBMC_cell_CAGAATCAGAATTGTG,0,0,0
EOC1_PBMC_cell_TACGGATTCCGAACGC,0,0,0
EOC1_PBMC_cell_CTGCGGAGTGGGTATG,0,0,0
EOC1_PBMC_cell_CGGAGCTGTGAAATCA,0,0,0
EOC1_PBMC_cell_GACCTGGCATTAGGCT,0,0,0
EOC1_PBMC_cell_GGCCGATAGGCCCGTT,0,0,0
EOC1_PBMC_cell_CTTTGCGTCTCAAACG,0,0,0
EOC1_PBMC_cell_TCAGGATCATGTAAGA,0,0,0
EOC1_PBMC_cell_TATCAGGTCAACCATG,0,0,0
EOC1_PBMC_cell_CCTTCGACAAGTTGTC,0,0,0
EOC1_PBMC_cell_GAAACTCTCCTAGGGC,0,0,0
EOC1_PBMC_cell_CTTCTCTGTTTCGCTC,0,0,0
EOC1_PBMC_cell_TGTCCCAGTTTGGGCC,0,0,0
EOC1_PBMC_cell_CTCGAAAAGGCTAGGT,0,0,0
EOC1_PBMC_cell_TGAGAGGCATGTAAGA,0,0,0
EOC1_PBMC_cell_CGTCTACAGGCCCTCA,0,0,0
EOC1_PBMC_cell_ACACCCTAGCCGATTT,0,0,0
EOC1_PBMC_cell_CACACAAGTTCCACGG,0,0,0
EOC1_PBMC_cell_TCAATCTCACGGTTTA,0,0,0
EOC1_PBMC_cell_CGTCTACTCCAATGGT,0,0,0
EOC1_PBMC_cell_ACGATGTCACCGGAAA,0,0,0
EOC1_PBMC_cell_ACGCCGACAAATACAG,0,0,0
EOC1_PBMC_cell_CGTTCTGTCGCTTAGA,0,0,0
EOC1_PBMC_cell_GTAACTGGTTGAACTC,0,0,0
EOC1_PBMC_cell_CAAGTTGCATAGTAAG,0,0,0
EOC1_PBMC_cell_ATCGAGTCACTCAGGC,0,0,0
EOC1_PBMC_cell_AAAGCAACAAGAAGAG,0,0,0
EOC1_PBMC_cell_GTCGTAACAGCTTCGG,0,0,0
EOC1_PBMC_cell_TGGGCGTCATTGAGCT,0,0,0
EOC1_PBMC_cell_TGCGGGTTCTGCGTAA,0,0,0
EOC1_PBMC_cell_TAAGTGCTCCCAAGTA,0,0,0
EOC1_PBMC_cell_TGTGGTAGTTCGGCAC,0,0,0
EOC1_PBMC_cell_ACATACGTCAGTCAGT,0,0,0
EOC1_PBMC_cell_TCGGGACTCCATGAGT,0,0,0
EOC1_PBMC_cell_ATTTCTGCACGCATCG,0,0,0
EOC1_PBMC_cell_GTATCTTAGGCGCTCT,0,0,0
EOC1_PBMC_cell_ACGCCAGGTAGGGTAC,0,0,0
EOC1_PBMC_cell_CGCGTTTCACGAAAGC,0,0,0
EOC1_PBMC_cell_CTTAGGACAGATCTGT,0,0,0
EOC1_PBMC_cell_CACACAAAGCTGCCCA,0,0,0
EOC1_PBMC_cell_CACACAATCTGAGTGT,0,0,0
EOC1_PBMC_cell_GTCAAGTCACGGCTAC,0,0,0
EOC1_PBMC_cell_ACATGGTTCTCGAGTA,0,0,0
EOC1_PBMC_cell_ACGCCAGGTAGAAGGA,0,0,0
EOC1_PBMC_cell_TAAGAGACAGATTGCT,0,0,0
EOC1_PBMC_cell_CTGAAACGTTAGTGGG,0,0,0
EOC1_PBMC_cell_CGATGGCGTTGGTAAA,0,0,0
EOC1_PBMC_cell_CGGTTAAGTGTTGGGA,0,0,0
EOC1_PBMC_cell_TTAACTCAGTCAAGCG,0,0,0
EOC1_PBMC_cell_TGGGCGTGTGCTGTAT,0,0,0
EOC1_PBMC_cell_CGTTCTGAGATCCTGT,0,0,0
EOC1_PBMC_cell_TGACAACAGGTGCTAG,0,0,0
EOC1_PBMC_cell_GGCAATTAGTTTAGGA,0,0,0
EOC1_PBMC_cell_AGGCCACAGCTGCGAA,0,0,0
EOC1_PBMC_cell_TCGTAGATCTTCATGT,0,0,0
EOC1_PBMC_cell_ACATGGTTCTTTAGTC,0,0,0
EOC1_PBMC_cell_GGGTCTGTCAGTGCAT,0,0,0
EOC1_PBMC_cell_GTTCGGGCACAACGTT,0,0,0
EOC1_PBMC_cell_CGTTGGGAGCGTAATA,0,0,0
EOC1_PBMC_cell_TCAATCTTCACAGTAC,0,0,0
EOC1_PBMC_cell_AGGTCCGAGAATGTGT,0,0,0
EOC1_PBMC_cell_TTTGGTTAGACAAGCC,0,0,0
EOC1_PBMC_cell_AAATGCCGTTGAACTC,0,0,0
EOC1_PBMC_cell_CTAATGGCAGCCTTTC,0,0,0
EOC1_PBMC_cell_ACTTTCACAGCTCCGA,0,0,1
EOC1_PBMC_cell_AGAATAGAGTCTTGCA,0,0,0
EOC1_PBMC_cell_AAAGATGGTTGCTCCT,0,0,0
EOC1_PBMC_cell_AGTTGGTAGCAAATCA,0,0,0
EOC1_PBMC_cell_CACACTCCAAGAGGCT,0,0,0
EOC1_PBMC_cell_AGACGTTTCATTCACT,0,0,0
EOC1_PBMC_cell_CACAAACAGAGATGAG,0,0,0
EOC1_PBMC_cell_CAACTAGGTCGAATCT,0,0,0
EOC1_PBMC_cell_TTATGCTAGTACGCGA,0,0,0
EOC1_PBMC_cell_GTGAAGGGTCATATGC,0,0,0
EOC1_PBMC_cell_ACCAGTACACGACGAA,0,0,0
EOC1_PBMC_cell_GATCGATAGGTTACCT,0,0,0
EOC1_PBMC_cell_CGTGAGCGTCCCTTGT,0,0,0
EOC1_PBMC_cell_CGCGGTAGTCTACCTC,0,0,0
EOC1_PBMC_cell_CCTAGCTTCGTGGTCG,0,0,0
EOC1_PBMC_cell_TTGCCGTGTCTGCCAG,0,0,0
EOC1_PBMC_cell_AGTGAGGCACATGACT,0,0,0
EOC1_PBMC_cell_CGTCAGGAGCTGTTCA,0,0,0
EOC1_PBMC_cell_CGTAGGCCATGGTCTA,0,0,0
EOC1_PBMC_cell_ACAGCCGTCCCAAGAT,0,0,0
EOC1_PBMC_cell_CACCAGGCATGCAACT,0,0,0
EOC1_PBMC_cell_GTATCTTCAAATTGCC,0,0,0
EOC1_PBMC_cell_CTCGTACAGGCTCTTA,0,0,0
EOC1_PBMC_cell_GACGCGTAGACTGGGT,0,0,0
EOC1_PBMC_cell_CAGCGACGTGACCAAG,0,0,0
EOC1_PBMC_cell_CATCGAACACGAAACG,0,0,0
EOC1_PBMC_cell_CGCCAAGCATCCTTGC,0,0,0
EOC1_PBMC_cell_TCCCGATCACCCATTC,0,0,0
EOC1_PBMC_cell_ATCACGAAGGTACTCT,0,0,0
EOC1_PBMC_cell_CTGAAGTTCCCAAGTA,0,0,0
EOC1_PBMC_cell_CACACCTCATCGGACC,0,0,0
EOC1_PBMC_cell_TATGCCCTCTTCTGGC,0,0,0
EOC1_PBMC_cell_TGACTAGTCCCAGGTG,0,0,0
EOC1_PBMC_cell_ATTATCCCAGATGGCA,0,0,0
EOC1_PBMC_cell_GTCGGGTAGTATGACA,0,0,0
EOC1_PBMC_cell_GCATGTAGTAGGACAC,0,0,1
EOC1_PBMC_cell_AAGGAGCAGAATGTGT,0,0,0
EOC1_PBMC_cell_CGGAGCTAGAAACCGC,0,0,0
EOC1_PBMC_cell_GGACAAGTCCTACAGA,0,0,0
EOC1_PBMC_cell_AATCCAGTCCCAAGAT,0,0,0
EOC1_PBMC_cell_ATCACGAAGGATCGCA,0,0,0
EOC1_PBMC_cell_GGGAATGTCGTGGACC,0,0,0
EOC1_PBMC_cell_CGTCACTTCATTATCC,0,0,0
EOC1_PBMC_cell_TAGTTGGGTGCTGTAT,0,0,0
EOC1_PBMC_cell_TGGACGCCACAAGTAA,0,0,0
EOC1_PBMC_cell_GATCGTAAGGAGTCTG,0,0,0
EOC1_PBMC_cell_TACTCATAGCAGACTG,0,0,0
EOC1_PBMC_cell_ACGCCGAGTATAAACG,0,0,0
EOC1_PBMC_cell_TGCTACCAGTCCATAC,0,0,0
EOC1_PBMC_cell_CATTATCAGCTTTGGT,0,0,0
EOC1_PBMC_cell_TCTCATAGTGACGCCT,0,0,0
EOC1_PBMC_cell_CTGCGGATCAGCTGGC,0,0,0
EOC1_PBMC_cell_TGGCTGGGTCTAACGT,0,0,0
EOC1_PBMC_cell_GATCAGTAGACAGGCT,0,0,0
EOC1_PBMC_cell_CAAGAAAAGCCTTGAT,0,0,0
EOC1_PBMC_cell_CAGCTGGTCGCCCTTA,0,0,0
EOC1_PBMC_cell_ACTGATGAGCATGGCA,0,0,0
EOC1_PBMC_cell_GGGTTGCTCATCTGCC,0,0,0
EOC1_PBMC_cell_CTTTGCGAGGTCATCT,0,0,0
EOC1_PBMC_cell_ATGTGTGTCAATAAGG,0,0,0
EOC1_PBMC_cell_TAGACCATCTCGCATC,0,0,0
EOC1_PBMC_cell_CTGTTTATCATGTCCC,0,0,0
EOC1_PBMC_cell_CAGAGAGTCCACTCCA,0,0,0
EOC1_PBMC_cell_CTCCTAGTCTCAACTT,0,0,0
EOC1_PBMC_cell_GTGTGCGCACAAGTAA,0,0,0
EOC1_PBMC_cell_CACACCTTCTGACCTC,0,0,0
EOC1_PBMC_cell_ATGAGGGAGCAGGCTA,0,0,0
EOC1_PBMC_cell_TACTTGTCAGCTCGAC,0,0,0
EOC1_PBMC_cell_GCAAACTTCAACACGT,0,0,0
EOC1_PBMC_cell_CCTAAAGGTCACTGGC,0,0,0
EOC1_PBMC_cell_GTGTGCGTCATCACCC,0,0,0
EOC1_PBMC_cell_TCTGGAATCTACTATC,0,0,0
EOC1_PBMC_cell_TTCTCCTGTTCGTTGA,0,0,0
EOC1_PBMC_cell_CCTCAGTGTAAATACG,0,0,0
EOC1_PBMC_cell_ACATCAGTCCAAATGC,0,0,0
EOC1_PBMC_cell_ATAAGAGAGCTAAGAT,0,0,0
EOC1_PBMC_cell_GATCTAGTCCCGGATG,0,0,0
EOC1_PBMC_cell_ATCTACTCAAGTTCTG,0,0,0
EOC1_PBMC_cell_CGTTGGGCACACGCTG,0,0,0
EOC1_PBMC_cell_GCACTCTTCTTATCTG,0,0,0
EOC1_PBMC_cell_CAGTCCTTCAGTCAGT,0,0,0
EOC1_PBMC_cell_ACAGCCGAGCACCGTC,0,0,0
EOC1_PBMC_cell_ATAACGCTCTGTCTAT,0,0,0
EOC1_PBMC_cell_GACTAACTCAGAAATG,0,0,0
EOC1_PBMC_cell_GTCGGGTAGGCTAGCA,0,0,0
EOC1_PBMC_cell_TGTGTTTAGCCAGGAT,0,0,0
EOC1_PBMC_cell_CAGATCACAAGACACG,0,0,0
EOC1_PBMC_cell_CGGCTAGGTTAAAGTG,0,0,0
EOC1_PBMC_cell_AGAGTGGTCTTTCCTC,0,0,0
EOC1_PBMC_cell_GTGCAGCGTAGCGTAG,0,0,0
EOC1_PBMC_cell_GGCCGATTCCTTGGTC,0,0,0
EOC1_PBMC_cell_TGGCGCACATGTCGAT,0,0,0
EOC1_PBMC_cell_CAGAGAGCAGTAACGG,0,0,0
EOC1_PBMC_cell_GCGCGATCATGAAGTA,0,0,0
EOC1_PBMC_cell_TGTGTTTGTGAGGCTA,0,0,0
EOC1_PBMC_cell_ATTGGACTCGTCTGAA,0,0,0
EOC1_PBMC_cell_ACGCCAGTCTCCAACC,0,0,0
EOC1_PBMC_cell_ATTGGACGTCCAGTGC,0,0,0
EOC1_PBMC_cell_CTAGCCTGTAAATGAC,0,0,0
EOC1_PBMC_cell_CTCTACGAGCACACAG,0,0,0
EOC1_PBMC_cell_GCTGCAGTCGACGGAA,0,0,0
EOC1_PBMC_cell_TTCCCAGGTCCGTGAC,0,0,0
EOC1_PBMC_cell_CCAGCGAAGGGTATCG,0,0,0
EOC1_PBMC_cell_AGAATAGGTAGAGCTG,0,0,0
EOC1_PBMC_cell_ACTTACTGTTCCCGAG,0,0,0
EOC1_PBMC_cell_GCGCCAAAGACCCACC,0,0,0
EOC1_PBMC_cell_CGTGAGCCAATGACCT,0,0,0
EOC1_PBMC_cell_AGTGGGAAGGCATTGG,0,0,0
EOC1_PBMC_cell_CTTAACTAGAGTACCG,0,0,0
EOC1_PBMC_cell_AGATCTGGTAAACACA,0,0,0
EOC1_PBMC_cell_ACTATCTAGGACGAAA,0,0,0
EOC1_PBMC_cell_AAGGCAGCACATCTTT,0,0,0
EOC1_PBMC_cell_CTCTGGTGTCTCATCC,0,0,0
EOC1_PBMC_cell_TGGTTCCGTTTCCACC,0,0,0
EOC1_PBMC_cell_AAGGTTCGTCAGCTAT,0,0,0
EOC1_PBMC_cell_GCTTCCACAATCCAAC,0,0,0
EOC1_PBMC_cell_AGAGCTTCATGTAAGA,0,0,0
EOC1_PBMC_cell_CGAATGTCATGTTCCC,0,0,0
EOC1_PBMC_cell_TCTGAGAAGAACTCGG,0,0,0
EOC1_PBMC_cell_TACCTATTCGAGAACG,0,0,0
EOC1_PBMC_cell_GCGCCAATCGATCCCT,0,0,0
EOC1_PBMC_cell_TGATTTCAGTGGTAGC,0,0,0
EOC1_PBMC_cell_TCTTCGGGTCCAAGTT,0,0,0
EOC1_PBMC_cell_TGTCCCAAGCCGCCTA,0,0,0
EOC1_PBMC_cell_ACCGTAATCTAAGCCA,0,0,0
EOC1_PBMC_cell_CGTTAGATCGAGGTAG,0,0,0
EOC1_PBMC_cell_GTGCATAGTGTTGGGA,0,0,0
EOC1_PBMC_cell_CATCGGGAGGCTAGAC,0,0,0
EOC1_PBMC_cell_GCAATCATCGAATGGG,0,0,0
EOC1_PBMC_cell_ACACTGAAGTAGCGGT,0,0,0
EOC1_PBMC_cell_TTATGCTCAGACGTAG,0,0,0
EOC1_PBMC_cell_AGCCTAATCTGCTGCT,0,0,0
EOC1_PBMC_cell_CCAGCGAAGACCACGA,0,0,0
EOC1_PBMC_cell_CGATCGGAGCTAGCCC,0,0,0
EOC1_PBMC_cell_TAAACCGGTACAGTGG,0,0,0
EOC1_PBMC_cell_AACCATGCACGGACAA,0,0,0
EOC1_PBMC_cell_CGATGTATCATCGGAT,0,0,0
EOC1_PBMC_cell_TCACGAACAGTTAACC,0,0,0
EOC1_PBMC_cell_CACAGTATCTTAGCCC,0,0,0
EOC1_PBMC_cell_AGTCTTTAGCGTAATA,0,0,0
EOC1_PBMC_cell_ATCATGGAGGGTTTCT,0,0,0
EOC1_PBMC_cell_GAAGCAGCAGTGACAG,0,0,0
EOC1_PBMC_cell_TATTACCGTGATGATA,0,0,0
EOC1_PBMC_cell_CCTAAAGCATCGTCGG,0,0,0
EOC1_PBMC_cell_TAAACCGAGACCGGAT,0,0,0
EOC1_PBMC_cell_GGCGACTGTAGCGCAA,0,0,0
EOC1_PBMC_cell_GCCAAATAGCTCAACT,0,0,0
EOC1_PBMC_cell_CGGAGCTAGACACTAA,0,0,0
EOC1_PBMC_cell_ATCCACCAGCTGTTCA,0,0,0
EOC1_PBMC_cell_GATGCTATCTCAAGTG,0,0,0
EOC1_PBMC_cell_CATCAAGAGCCGATTT,0,0,0
EOC1_PBMC_cell_GGATTACAGTGTTTGC,0,0,0
EOC1_PBMC_cell_CATCGGGAGTTGAGAT,0,0,0
EOC1_PBMC_cell_CTCGAGGCATACGCTA,0,0,0
EOC1_PBMC_cell_GATCTAGGTCGCGAAA,0,0,0
EOC1_PBMC_cell_GAAACTCTCTAACTGG,0,0,0
EOC1_PBMC_cell_TGTGGTACATCACGAT,0,0,0
EOC1_PBMC_cell_CACAGTAAGGTGTTAA,0,0,0
EOC1_PBMC_cell_AGAGCTTAGGCTACGA,0,0,1
EOC1_PBMC_cell_GATCGATGTAGAAAGG,0,0,0
EOC1_PBMC_cell_GGACATTGTTCTGAAC,0,0,0
EOC1_PBMC_cell_CACAGTAAGGCTACGA,0,0,0
EOC1_PBMC_cell_CGGACGTCAAACTGCT,0,0,0
EOC1_PBMC_cell_TGCCCATAGAACAACT,0,0,0
EOC1_PBMC_cell_AGTAGTCTCGACAGCC,0,0,0
EOC1_PBMC_cell_CGCGTTTGTCACCTAA,0,0,0
EOC1_PBMC_cell_GCGGGTTTCTAACTGG,0,0,0
EOC1_PBMC_cell_AGGGATGGTACTTAGC,0,0,0
EOC1_PBMC_cell_TAGGCATTCTGAGGGA,0,0,0
EOC1_PBMC_cell_CAGCTAACATTAGGCT,0,0,0
EOC1_PBMC_cell_AGGCCGTAGTTTAGGA,0,0,0
EOC1_PBMC_cell_ATTGGTGCATAGTAAG,0,0,0
EOC1_PBMC_cell_CTAATGGGTCGCTTTC,0,0,0
EOC1_PBMC_cell_AAGACCTCAGCTCGAC,0,0,0
EOC1_PBMC_cell_TTTACTGTCTCGTTTA,0,0,0
EOC1_PBMC_cell_AAGGCAGCATCCGCGA,0,0,0
EOC1_PBMC_cell_CACCTTGTCCTCTAGC,0,0,0
EOC1_PBMC_cell_TGGGAAGCAAGTCTGT,0,0,0
EOC1_PBMC_cell_TGGACGCAGTGCGTGA,0,0,0
EOC1_PBMC_cell_CATTATCAGTTGAGTA,0,0,0
EOC1_PBMC_cell_CTTAGGAAGCATGGCA,0,0,0
EOC1_PBMC_cell_GACGGCTCAAGTCTAC,0,0,0
EOC1_PBMC_cell_AACTCCCAGGACTGGT,0,0,0
EOC1_PBMC_cell_GGACATTGTGGTCCGT,0,0,0
EOC1_PBMC_cell_CGAGCACCATGAACCT,0,0,0
EOC1_PBMC_cell_TCAATCTAGACTAAGT,0,0,0
EOC1_PBMC_cell_ATCATCTAGTAGCGGT,0,0,0
EOC1_PBMC_cell_CCAGCGAGTGAGGGAG,0,0,0
EOC1_PBMC_cell_GATCTAGTCGTACGGC,0,0,0
EOC1_PBMC_cell_GCATGATTCTGTCAAG,0,0,0
EOC1_PBMC_cell_ACGCCAGCAAACAACA,0,0,0
EOC1_PBMC_cell_ATGTGTGGTCCGAATT,0,0,0
EOC1_PBMC_cell_GTTCTCGTCATGTGGT,0,0,0
EOC1_PBMC_cell_TAGTTGGGTGACCAAG,0,0,0
EOC1_PBMC_cell_TACCTATTCAGTTGAC,0,0,0
EOC1_PBMC_cell_CGGACGTGTATCTGCA,0,0,0
EOC1_PBMC_cell_CTCCTAGCAAACCTAC,0,0,0
EOC1_PBMC_cell_AGATTGCCAACTGGCC,0,0,0
EOC1_PBMC_cell_CAAGAAATCGGGAGTA,0,0,0
EOC1_PBMC_cell_TAGACCATCCCAACGG,0,0,0
EOC1_PBMC_cell_ACTGAACCATTTGCCC,0,0,0
EOC1_PBMC_cell_ACTGAACAGTATCTCG,0,0,0
EOC1_PBMC_cell_GCGCAGTAGACCACGA,0,0,0
EOC1_PBMC_cell_GATGCTAAGGTGTTAA,0,0,0
EOC1_PBMC_cell_CAAGATCTCTAACGGT,0,0,0
EOC1_PBMC_cell_TCGGTAATCTATCCCG,0,0,0
EOC1_PBMC_cell_GGAATAAAGATTACCC,0,0,0
EOC1_PBMC_cell_TGGCCAGGTCATTAGC,0,0,0
EOC1_PBMC_cell_CCCTCCTTCCCTGACT,0,0,0
EOC1_PBMC_cell_CACACCTTCCAAGTAC,0,0,0
EOC1_PBMC_cell_ATTCTACTCAGTCCCT,0,0,0
EOC1_PBMC_cell_CGCTATCCAGACGCAA,0,0,0
EOC1_PBMC_cell_CGTTGGGAGAAGGGTA,0,0,0
EOC1_PBMC_cell_ATTTCTGGTACAGTGG,0,0,0
EOC1_PBMC_cell_TAGACCATCACTCCTG,0,0,0
EOC1_PBMC_cell_CCTCTGATCACAACGT,0,0,0
EOC1_PBMC_cell_ACGAGCCGTCTGGTCG,0,0,0
EOC1_PBMC_cell_CACACAATCCGCGTTT,0,0,0
EOC1_PBMC_cell_TCAATCTCATTGAGCT,0,0,0
EOC1_PBMC_cell_TACGGATTCTTAGAGC,0,0,0
EOC1_PBMC_cell_ATTGGACAGAAACCGC,0,0,0
EOC1_PBMC_cell_CGATTGAAGTGACTCT,0,0,0
EOC1_PBMC_cell_CGTTAGACATGGGACA,0,0,0
EOC1_PBMC_cell_TACGGTAAGTGGTAAT,0,0,0
EOC1_PBMC_cell_AGGTCATAGCCAGTAG,0,0,0
EOC1_PBMC_cell_CTCGGGACAGATGGCA,0,0,0
EOC1_PBMC_cell_ACGCCAGAGGCGATAC,0,0,0
EOC1_PBMC_cell_TACGGATCAGTCCTTC,0,0,0
EOC1_PBMC_cell_GGTGAAGTCTCCTATA,0,0,0
EOC1_PBMC_cell_AGAATAGGTGCCTTGG,0,0,0
EOC1_PBMC_cell_GGAGCAATCAAACCAC,0,0,0
EOC1_PBMC_cell_GTACTCCTCTTCAACT,0,0,0
EOC1_PBMC_cell_CACCACTTCCCAAGAT,0,0,0
EOC1_PBMC_cell_AGGTCCGGTTCGTGAT,0,0,0
EOC1_PBMC_cell_GGGAATGGTAGCCTAT,0,0,0
EOC1_PBMC_cell_TGTTCCGCACATGGGA,0,0,0
EOC1_PBMC_cell_CTTTGCGTCATTATCC,0,0,0
EOC1_PBMC_cell_AGCGTATAGTTGAGAT,0,0,0
EOC1_PBMC_cell_GTATCTTAGGCTATCT,0,0,0
EOC1_PBMC_cell_TCAGCAAGTGAAGGCT,0,0,0
EOC1_PBMC_cell_GCGCCAACAGCCAGAA,0,0,0
EOC1_PBMC_cell_TCACGAACATCTACGA,0,0,0
EOC1_PBMC_cell_TCAGATGCATGGGAAC,0,0,0
EOC1_PBMC_cell_AATCCAGAGAAGGCCT,0,0,0
EOC1_PBMC_cell_TACCTATTCATCTGTT,0,0,0
EOC1_PBMC_cell_CTGCCTAGTGGAAAGA,0,0,0
EOC1_PBMC_cell_GTATCTTAGTTCGCGC,0,0,0
EOC1_PBMC_cell_TGAGGGAGTAATCACC,0,0,0
EOC1_PBMC_cell_ACTGATGCACTGCCAG,0,0,0
EOC1_PBMC_cell_TTAGGACTCCCAAGAT,0,0,0
EOC1_PBMC_cell_TTAACTCAGCACCGTC,0,0,0
EOC1_PBMC_cell_CCACTACGTTGTGGAG,0,0,0
EOC1_PBMC_cell_GGTGCGTGTGGTACAG,0,0,0
EOC1_PBMC_cell_TGACTAGTCCAGAGGA,0,0,0
EOC1_PBMC_cell_ATAACGCCATATACCG,0,0,0
EOC1_PBMC_cell_TTAGGACTCCAACCAA,0,0,0
EOC1_PBMC_cell_ACAGCTACAGTCGATT,0,0,0
EOC1_PBMC_cell_TCAGGTATCGACCAGC,0,0,0
EOC1_PBMC_cell_ACTATCTCAGTTTACG,0,0,0
EOC1_PBMC_cell_CCGTGGATCCATTCTA,0,0,0
EOC1_PBMC_cell_CGAGAAGGTTGCCTCT,0,0,0
EOC1_PBMC_cell_CGCCAAGCAAGTAATG,0,0,0
EOC1_PBMC_cell_CGAACATAGCGTTCCG,0,0,0
EOC1_PBMC_cell_ACTATCTGTCTTCAAG,0,0,0
EOC1_PBMC_cell_GCGCGATGTCGTCTTC,0,0,0
EOC1_PBMC_cell_ACGGAGAAGTTAAGTG,0,0,0
EOC1_PBMC_cell_CTACCCACACGAGAGT,0,0,0
EOC1_PBMC_cell_CTCATTAGTCGGCACT,0,0,1
EOC1_PBMC_cell_AAGGCAGTCAGAAATG,0,0,0
EOC1_PBMC_cell_TGCGTGGGTCTAAAGA,0,0,0
EOC1_PBMC_cell_AGCCTAAGTACCGTTA,0,0,0
EOC1_PBMC_cell_TGACAACCATGGTTGT,0,0,0
EOC1_PBMC_cell_AAATGCCAGCCTCGTG,0,0,0
EOC1_PBMC_cell_GTCACAACACGAAATA,0,0,0
EOC1_PBMC_cell_TAAACCGCAGACGCCT,0,0,0
EOC1_PBMC_cell_GTAGGCCCACATTAGC,0,0,0
EOC1_PBMC_cell_CGTTGGGAGTCGTACT,0,0,0
EOC1_PBMC_cell_TACTTACTCTCTGTCG,0,0,0
EOC1_PBMC_cell_GTTTCTAGTCCTCTTG,0,0,0
EOC1_PBMC_cell_CACTCCAGTTTGACAC,0,0,0
EOC1_PBMC_cell_GCATGATCAGTTTACG,0,0,0
EOC1_PBMC_cell_CAGTAACCAGCGATCC,0,0,0
EOC1_PBMC_cell_GTATCTTCAGGTGGAT,0,0,0
EOC1_PBMC_cell_TCATTTGAGATGGCGT,0,0,0
EOC1_PBMC_cell_CGTCACTCACTTCGAA,0,0,0
EOC1_PBMC_cell_AACTGGTAGAGTACCG,0,0,0
EOC1_PBMC_cell_GATCTAGGTTTGGGCC,0,0,0
EOC1_PBMC_cell_TCAGCAAAGCGGCTTC,0,0,0
EOC1_PBMC_cell_GCAGCCACAAACTGCT,0,0,0
EOC1_PBMC_cell_CGAATGTTCGAGAACG,0,0,0
EOC1_PBMC_cell_CCGGTAGAGTCTTGCA,0,0,0
EOC1_PBMC_cell_GAGTCCGGTCGAGATG,0,0,0
EOC1_PBMC_cell_AGTAGTCCAGGTCGTC,0,0,0
EOC1_PBMC_cell_CCTTCGATCTGAAAGA,0,0,0
EOC1_PBMC_cell_GACTACAGTCAGAATA,0,0,0
EOC1_PBMC_cell_AGGCCACCAAACTGCT,0,0,0
EOC1_PBMC_cell_GCAAACTTCACCACCT,0,0,0
EOC1_PBMC_cell_GTCGTAATCACGGTTA,0,0,0
EOC1_PBMC_cell_GAACATCTCAGCTTAG,0,0,0
EOC1_PBMC_cell_CTACACCCATTCTTAC,0,0,0
EOC1_PBMC_cell_ATTTCTGAGATCTGCT,0,0,0
EOC1_PBMC_cell_GCTGCAGAGAGTACCG,0,0,0
EOC1_PBMC_cell_CAACTAGTCAGGCCCA,0,0,0
EOC1_PBMC_cell_AGGTCATTCCTAGAAC,0,0,0
EOC1_PBMC_cell_CCATTCGCACGGTTTA,0,0,0
EOC1_PBMC_cell_CAGTCCTCAGCCTGTG,0,0,0
EOC1_PBMC_cell_ACTGAGTTCCTGTACC,0,0,0
EOC1_PBMC_cell_CCTTCGAAGCAGCCTC,0,0,0
EOC1_PBMC_cell_TTTCCTCAGTCGTTTG,0,0,0
EOC1_PBMC_cell_ATTTCTGCATGCCTTC,0,0,0
EOC1_PBMC_cell_GGATTACTCAATCACG,0,0,0
EOC1_PBMC_cell_CTTAGGACATCTACGA,0,0,0
EOC1_PBMC_cell_TAAGCGTGTTAGGGTG,0,0,0
EOC1_PBMC_cell_CCTTTCTTCGGCCGAT,0,0,0
EOC1_PBMC_cell_TTCCCAGAGTCAAGGC,0,0,0
EOC1_PBMC_cell_CCTATTATCTTCTGGC,0,0,0
EOC1_PBMC_cell_ACATCAGAGAGACGAA,0,0,0
EOC1_PBMC_cell_TCACGAAGTAATTGGA,0,0,0
EOC1_PBMC_cell_ACATGGTGTGTCAATC,0,0,0
EOC1_PBMC_cell_TTCTACATCGTGGGAA,0,0,0
EOC1_PBMC_cell_CTTGGCTCAATGAATG,0,0,0
EOC1_PBMC_cell_CAACCTCGTTGGTGGA,0,0,0
EOC1_PBMC_cell_CAACCAATCATGTGGT,0,0,0
EOC1_PBMC_cell_GATCTAGCACAGGAGT,0,0,0
EOC1_PBMC_cell_ACGCCGAAGATCCTGT,0,0,0
EOC1_PBMC_cell_ACCGTAATCTTTCCTC,0,0,0
EOC1_PBMC_cell_AGAGTGGGTCTTCTCG,0,0,0
EOC1_PBMC_cell_CTTTGCGAGAATGTGT,0,0,0
EOC1_PBMC_cell_CAGCATAAGCTGTTCA,0,0,0
EOC1_PBMC_cell_TCTTCGGCATGAGCGA,0,0,0
EOC1_PBMC_cell_ACTATCTAGGCGACAT,0,0,0
EOC1_PBMC_cell_CGATTGATCAGGTTCA,0,0,0
EOC1_PBMC_cell_ACATACGTCTATCGCC,0,0,0
EOC1_PBMC_cell_CTCTGGTGTCCAGTGC,0,0,0
EOC1_PBMC_cell_ACGGGCTGTAAACCTC,0,0,0
EOC1_PBMC_cell_GTAACTGAGGTCATCT,0,0,0
EOC1_PBMC_cell_GATGAGGTCCTTTCTC,0,0,0
EOC1_PBMC_cell_AGATTGCAGATGGGTC,0,0,0
EOC1_PBMC_cell_GGAACTTTCGGATGGA,0,0,0
EOC1_PBMC_cell_GCGCAACCAATGACCT,0,0,0
EOC1_PBMC_cell_CTACGTCAGTGAACAT,0,0,0
EOC1_PBMC_cell_CATCAGATCTGAAAGA,0,0,0
EOC1_PBMC_cell_TGGACGCCATTGAGCT,0,0,0
EOC1_PBMC_cell_GTGGGTCAGGGTTTCT,0,0,0
EOC1_PBMC_cell_TAGGCATGTCGGGTCT,0,0,0
EOC1_PBMC_cell_TAGAGCTAGGAGCGAG,0,0,0
EOC1_PBMC_cell_TCATTTGTCTGAGTGT,0,0,0
EOC1_PBMC_cell_GCAATCAGTGTTAAGA,0,0,0
EOC1_PBMC_cell_TCGTACCAGTTCCACA,0,0,0
EOC1_PBMC_cell_GGGTTGCTCACCTCGT,0,0,0
EOC1_PBMC_cell_TCACGAATCTCTGTCG,0,0,0
EOC1_PBMC_cell_TCCACACAGGAGTAGA,0,0,0
EOC1_PBMC_cell_TTAGTTCAGCCACCTG,0,0,0
EOC1_PBMC_cell_CCTTCCCTCTAAGCCA,0,0,0
EOC1_PBMC_cell_TTTGTCACAAGTTCTG,0,0,0
EOC1_PBMC_cell_GAACCTAGTGCACGAA,0,0,0
EOC1_PBMC_cell_GCATGTATCCAAACAC,0,0,0
EOC1_PBMC_cell_AGGCCGTTCCTGCTTG,0,0,0
EOC1_PBMC_cell_CAAGATCTCCGTAGGC,0,0,0
EOC1_PBMC_cell_CGAGAAGAGCGATCCC,0,0,0
EOC1_PBMC_cell_TAGAGCTAGTAGCGGT,0,0,0
EOC1_PBMC_cell_TTAGTTCGTAAGGGAA,0,0,0
EOC1_PBMC_cell_AACTCAGTCGCAGGCT,0,0,0
EOC1_PBMC_cell_GGTATTGAGGTGCACA,0,0,0
EOC1_PBMC_cell_GTCGTAATCTCGTATT,0,0,0
EOC1_PBMC_cell_TACTTACTCTTACCGC,0,0,0
EOC1_PBMC_cell_TGCCAAATCTGTCCGT,0,0,0
EOC1_PBMC_cell_TGGCGCACAGTTAACC,0,0,0
EOC1_PBMC_cell_GGACAGAAGCGTAATA,0,0,0
EOC1_PBMC_cell_TAAGAGAAGTGCCATT,0,0,0
EOC1_PBMC_cell_GGGCACTTCGACAGCC,0,0,0
EOC1_PBMC_cell_TACTCATGTAGAAAGG,0,0,0
EOC1_PBMC_cell_CATCAGAGTACCTACA,0,0,0
EOC1_PBMC_cell_CCGTTCAGTATGAATG,0,0,0
EOC1_PBMC_cell_TTTGTCAGTGCGGTAA,0,0,0
EOC1_PBMC_cell_CACACTCCAAGCCTAT,0,0,0
EOC1_PBMC_cell_TTGAACGCATCCTTGC,0,0,0
EOC1_PBMC_cell_ATTGGTGAGGTGCTAG,0,0,0
EOC1_PBMC_cell_ACATACGAGACTCGGA,0,0,0
EOC1_PBMC_cell_CGGAGCTTCTGGGCCA,0,0,0
EOC1_PBMC_cell_ACGGGCTTCGCCGTGA,0,0,0
EOC1_PBMC_cell_AAAGTAGTCTTCGAGA,0,0,0
EOC1_PBMC_cell_CTTAGGACACAAGACG,0,0,0
EOC1_PBMC_cell_TGATTTCCATCCGGGT,0,0,0
EOC1_PBMC_cell_CTGCCTACAGTCTTCC,0,0,0
EOC1_PBMC_cell_ATCCGAAAGGCATGTG,0,0,0
EOC1_PBMC_cell_GTAACTGTCCAGGGCT,0,0,0
EOC1_PBMC_cell_GGGCACTGTAAACCTC,0,0,0
EOC1_PBMC_cell_CTACATTGTTACCGAT,0,0,0
EOC1_PBMC_cell_GACAGAGAGTATTGGA,0,0,0
EOC1_PBMC_cell_AACTCCCGTAACGTTC,0,0,0
EOC1_PBMC_cell_AGTGAGGAGTATCGAA,0,0,0
EOC1_PBMC_cell_CCTCTGATCCGCGGTA,0,0,0
EOC1_PBMC_cell_ATCATCTCACGAGAGT,0,0,0
EOC1_PBMC_cell_TACTTGTCACGGCTAC,0,0,0
EOC1_PBMC_cell_CAAGATCAGCTGTCTA,0,0,0
EOC1_PBMC_cell_TCTGGAATCAATCACG,0,0,0
EOC1_PBMC_cell_GTGCATAGTGTGAAAT,0,0,0
EOC1_PBMC_cell_AGAGCTTAGTGAATTG,0,0,0
EOC1_PBMC_cell_CACACCTAGATGTTAG,0,0,0
EOC1_PBMC_cell_CAGAGAGGTCATACTG,0,0,0
EOC1_PBMC_cell_TAGCCGGCAGTAACGG,0,0,0
EOC1_PBMC_cell_TACGGGCAGAGCCTAG,0,0,0
EOC1_PBMC_cell_GCAAACTTCCAAATGC,0,0,0
EOC1_PBMC_cell_GTGCTTCCAAGTCTAC,0,0,0
EOC1_PBMC_cell_ACGATGTCATAGAAAC,0,0,0
EOC1_PBMC_cell_GTCAAGTGTCGAAAGC,0,0,0
EOC1_PBMC_cell_TTTACTGCAGTCACTA,0,0,0
EOC1_PBMC_cell_CGTTAGATCCCACTTG,0,0,0
EOC1_PBMC_cell_GGCGACTTCCAAACAC,0,0,0
EOC1_PBMC_cell_GGATTACGTGAGTATA,0,0,0
EOC1_PBMC_cell_AGACGTTAGAGTCGGT,0,0,0
EOC1_PBMC_cell_TCCCGATGTTTCGCTC,0,0,0
EOC1_PBMC_cell_CTGTTTACATGTAAGA,0,0,0
EOC1_PBMC_cell_AGGGATGGTATAGGTA,0,0,0
EOC1_PBMC_cell_CCTTACGTCACGCATA,0,0,0
EOC1_PBMC_cell_TCGGGACAGTCACGCC,0,0,0
EOC1_PBMC_cell_GACTACAAGTAGGCCA,0,0,0
EOC1_PBMC_cell_CATGACAAGATACACA,0,0,0
EOC1_PBMC_cell_TTAACTCAGTCCATAC,0,0,0
EOC1_PBMC_cell_CGTAGGCGTTTGGCGC,0,0,0
EOC1_PBMC_cell_GACCAATTCACGGTTA,0,0,0
EOC1_PBMC_cell_TGGACGCCACAGTCGC,0,0,0
EOC1_PBMC_cell_CATTCGCCAAGAGTCG,0,0,0
EOC1_PBMC_cell_GTAACGTCATCACGAT,0,0,0
EOC1_PBMC_cell_CAGCATACACCGGAAA,0,0,0
EOC1_PBMC_cell_TGGCTGGCAAAGAATC,0,0,0
EOC1_PBMC_cell_TTAACTCCATCACCCT,0,0,0
EOC1_PBMC_cell_AGCTCTCCAGATGAGC,0,0,0
EOC1_PBMC_cell_GACTGCGGTAACGACG,0,0,0
EOC1_PBMC_cell_GTCACGGCAGTCAGCC,0,0,0
EOC1_PBMC_cell_GTTCATTTCCCGACTT,0,0,0
EOC1_PBMC_cell_CGTAGGCGTAGTAGTA,0,0,0
EOC1_PBMC_cell_TGTCCCACACCGAATT,0,0,0
EOC1_PBMC_cell_ACATACGAGGTGCTTT,0,0,0
EOC1_PBMC_cell_GATCAGTTCGGAAATA,0,0,0
EOC1_PBMC_cell_TATTACCCACGAGGTA,0,0,0
EOC1_PBMC_cell_GTACTTTGTCAAAGCG,0,0,0
EOC1_PBMC_cell_GTGGGTCTCAGCTCTC,0,0,0
EOC1_PBMC_cell_ACGCCGAAGAGCCTAG,0,0,0
EOC1_PBMC_cell_TCAACGATCAAACAAG,0,0,0
EOC1_PBMC_cell_GCGCAACCATCCAACA,0,0,0
EOC1_PBMC_cell_TAGCCGGTCCCTTGCA,0,0,0
EOC1_PBMC_cell_AGGGATGAGATAGTCA,0,0,0
EOC1_PBMC_cell_TCTTCGGCACAGCGTC,0,0,0
EOC1_PBMC_cell_AGTCTTTCATGCATGT,0,0,0
EOC1_PBMC_cell_ATAGACCGTATATCCG,0,0,0
EOC1_PBMC_cell_AGGGAGTGTCCGAATT,0,0,0
EOC1_PBMC_cell_GCCTCTAGTCGCGAAA,0,0,0
EOC1_PBMC_cell_GGGAATGCACTGTCGG,0,0,0
EOC1_PBMC_cell_CTCGGGACATCCGCGA,0,0,0
EOC1_PBMC_cell_AGCTCCTTCGTCGTTC,0,0,0
EOC1_PBMC_cell_GACTGCGCAAGGGTCA,0,0,0
EOC1_PBMC_cell_TGCGCAGGTTGGGACA,0,0,0
EOC1_PBMC_cell_TAAGAGATCTGGCGAC,0,0,0
EOC1_PBMC_cell_TTATGCTGTTAAGACA,0,0,0
EOC1_PBMC_cell_TCATTACCAGTGAGTG,0,0,0
EOC1_PBMC_cell_AGTGAGGAGGACAGAA,0,0,0
EOC1_PBMC_cell_GTATCTTGTCTGGAGA,0,0,0
EOC1_PBMC_cell_TCAGCAAGTGTGAATA,0,0,0
EOC1_PBMC_cell_ATTCTACCATACTCTT,0,0,0
EOC1_PBMC_cell_TGGGAAGCAATTGCTG,0,0,0
EOC1_PBMC_cell_GCACTCTAGCGATTCT,0,0,0
EOC1_PBMC_cell_AACACGTGTACGAAAT,0,0,0
EOC1_PBMC_cell_AGTGTCACACGTAAGG,0,0,0
EOC1_PBMC_cell_AGGGATGGTTGGTAAA,0,0,0
EOC1_PBMC_cell_CCATTCGAGTCTCGGC,0,0,0
EOC1_PBMC_cell_CCGTGGAGTCTAAACC,0,0,0
EOC1_PBMC_cell_CACAAACTCGGTCCGA,0,0,0
EOC1_PBMC_cell_TGTTCCGCAAGAAGAG,0,0,0
EOC1_PBMC_cell_GATCGTACAAGCCGCT,0,0,0
EOC1_PBMC_cell_TTAGGACGTGATGTGG,0,0,0
EOC1_PBMC_cell_CTCGGGATCCACGAAT,0,0,0
EOC1_PBMC_cell_AGGGTGAGTCCGACGT,0,0,0
EOC1_PBMC_cell_AGGTCATGTTGTCTTT,0,0,0
EOC1_PBMC_cell_CTTACCGCATTCACTT,0,0,0
EOC1_PBMC_cell_CCAATCCGTCTAGCGC,0,0,0
EOC1_PBMC_cell_TGGTTCCAGAACTGTA,0,0,0
EOC1_PBMC_cell_CGGACACAGGCGATAC,0,0,0
EOC1_PBMC_cell_ATCACGATCATAGCAC,0,0,0
EOC1_PBMC_cell_GCTCCTAAGTCGCCGT,0,0,0
EOC1_PBMC_cell_GCCTCTAGTCGACTAT,0,0,0
EOC1_PBMC_cell_CTAGAGTCATAGTAAG,0,0,0
EOC1_PBMC_cell_CAGCTAAAGTCATCCA,0,0,0
EOC1_PBMC_cell_GATGAAAAGGTGATAT,0,0,0
EOC1_PBMC_cell_TACACGATCGGCGCTA,0,0,0
EOC1_PBMC_cell_TCATTTGCATTGGGCC,0,0,0
EOC1_PBMC_cell_CGGACACGTTGATTGC,0,0,0
EOC1_PBMC_cell_TTAGTTCCACATGTGT,0,0,0
EOC1_PBMC_cell_TCGCGTTAGAGTCGGT,0,0,0
EOC1_PBMC_cell_GCAATCATCCCAGGTG,0,0,0
EOC1_PBMC_cell_ACAGCCGTCACCAGGC,0,0,0
EOC1_PBMC_cell_ACTATCTAGCAGGTCA,0,0,0
EOC1_PBMC_cell_AGGTCCGTCCGCATCT,0,0,0
EOC1_PBMC_cell_GTCACAATCCTATGTT,0,0,0
EOC1_PBMC_cell_GTCAAGTGTAAATACG,0,0,0
EOC1_PBMC_cell_CAGCTGGTCGCGTTTC,0,0,0
EOC1_PBMC_cell_GAATGAATCGACGGAA,0,0,0
EOC1_PBMC_cell_GTGCTTCAGTACGACG,0,0,0
EOC1_PBMC_cell_AACTTTCAGCTAGTTC,0,0,0
EOC1_PBMC_cell_GAACGGATCAGCTCGG,0,0,0
EOC1_PBMC_cell_TACGGGCCAGGAATCG,0,0,0
EOC1_PBMC_cell_ACTATCTGTAGAGGAA,0,0,0
EOC1_PBMC_cell_TGGGCGTTCAGCATGT,0,0,0
EOC1_PBMC_cell_CACTCCACAAACGCGA,0,0,0
EOC1_PBMC_cell_ATGTGTGTCTCTAGGA,0,0,0
EOC1_PBMC_cell_GTCTTCGAGATATGCA,0,0,0
EOC1_PBMC_cell_GGGAGATAGGAATGGA,0,0,0
EOC1_PBMC_cell_AGAGTGGCATCTATGG,0,0,0
EOC1_PBMC_cell_GACGGCTTCACAGGCC,0,0,0
EOC1_PBMC_cell_TTTGGTTTCGCTGATA,0,0,0
EOC1_PBMC_cell_TGCGTGGAGTTACGGG,0,0,0
EOC1_PBMC_cell_CTAGTGAGTTAGGGTG,0,0,0
EOC1_PBMC_cell_CGTAGCGTCAAGCCTA,0,0,0
EOC1_PBMC_cell_ATGGGAGAGAAACCGC,0,0,0
EOC1_PBMC_cell_ATCACGATCTGCTGTC,0,0,0
EOC1_PBMC_cell_GCTGCAGGTTCATGGT,0,0,0
EOC1_PBMC_cell_TCTGAGAGTGGTACAG,0,0,0
EOC1_PBMC_cell_CTAATGGGTAGTAGTA,0,0,0
EOC1_PBMC_cell_ATGTGTGAGCCAGGAT,0,0,0
EOC1_PBMC_cell_ACGGGCTCATCCGCGA,0,0,0
EOC1_PBMC_cell_TGTGTTTCACCATCCT,0,0,0
EOC1_PBMC_cell_CTGATCCGTGAAATCA,0,0,0
EOC1_PBMC_cell_TCGTAGACACAGGAGT,0,0,0
EOC1_PBMC_cell_GGGTTGCCAAGTACCT,0,0,0
EOC1_PBMC_cell_CGTGAGCCAATGGTCT,0,0,0
EOC1_PBMC_cell_TTGTAGGGTAGGGTAC,0,0,0
EOC1_PBMC_cell_TTGCGTCCATAGAAAC,0,0,0
EOC1_PBMC_cell_CCGTGGAAGCAGACTG,0,0,0
EOC1_PBMC_cell_TTCGAAGTCCAGTAGT,0,0,0
EOC1_PBMC_cell_CACACCTCAATCTGCA,0,0,0
EOC1_PBMC_cell_AACCGCGTCCACGCAG,0,0,0
EOC1_PBMC_cell_CTTTGCGAGACGCTTT,0,0,0
EOC1_PBMC_cell_CTGATCCGTAAATGTG,0,0,0
EOC1_PBMC_cell_TTCGAAGTCACATGCA,0,0,0
EOC1_PBMC_cell_GAACGGATCTATGTGG,0,0,0
EOC1_PBMC_cell_CACATTTAGGCTAGAC,0,0,0
EOC1_PBMC_cell_ATAGACCGTGCTTCTC,0,0,0
EOC1_PBMC_cell_CGTCCATTCTACGAGT,0,0,0
EOC1_PBMC_cell_GACCAATTCGACGGAA,0,0,0
EOC1_PBMC_cell_ACTTTCACACCAGGTC,0,0,0
EOC1_PBMC_cell_TGGACGCTCGCCCTTA,0,0,0
EOC1_PBMC_cell_AACTCCCAGCTGCAAG,0,0,0
EOC1_PBMC_cell_GAACCTACACATGTGT,0,0,0
EOC1_PBMC_cell_TCACAAGCAGAAGCAC,0,0,0
EOC1_PBMC_cell_ACTGATGAGTCCTCCT,0,0,0
EOC1_PBMC_cell_GCGCAGTAGAGTGACC,0,0,0
EOC1_PBMC_cell_AAGTCTGGTGCCTGCA,0,0,0
EOC1_PBMC_cell_CTGATAGAGAAGGGTA,0,0,0
EOC1_PBMC_cell_CATTATCTCTCAAACG,0,0,0
EOC1_PBMC_cell_TACGGGCTCATCGATG,0,0,0
EOC1_PBMC_cell_CCATTCGGTGTATGGG,0,0,0
EOC1_PBMC_cell_AAGGCAGAGCGATGAC,0,0,0
EOC1_PBMC_cell_AAACCTGAGATGCGAC,0,0,0
EOC1_PBMC_cell_ACGGGCTAGGCGACAT,0,0,0
EOC1_PBMC_cell_CGTGTCTAGTAGCCGA,0,0,0
EOC1_PBMC_cell_CAACTAGCACTTCTGC,0,0,0
EOC1_PBMC_cell_TTAGTTCCAGCGTTCG,0,0,0
EOC1_PBMC_cell_AAGACCTCAGCTTCGG,0,0,0
EOC1_PBMC_cell_GAAGCAGAGCTGAAAT,0,0,0
EOC1_PBMC_cell_GTCACGGCAGCTGCAC,0,0,0
EOC1_PBMC_cell_GTGAAGGGTAGTGAAT,0,0,0
EOC1_PBMC_cell_CACACTCGTCTGATCA,0,0,0
EOC1_PBMC_cell_AGGGTGAAGCCACTAT,0,0,0
EOC1_PBMC_cell_GGGAGATCACGGTAAG,0,0,0
EOC1_PBMC_cell_CATGGCGTCAGTGCAT,0,0,0
EOC1_PBMC_cell_GGGAATGTCGGAAACG,0,0,0
EOC1_PBMC_cell_CATCAGAAGTATCTCG,0,0,0
EOC1_PBMC_cell_AGAGCGACAGAAGCAC,0,0,0
EOC1_PBMC_cell_AAGGAGCCATGGGACA,0,0,0
EOC1_PBMC_cell_TTTGGTTGTAGCTAAA,0,0,0
EOC1_PBMC_cell_CTAGTGAAGGAGTCTG,0,0,0
EOC1_PBMC_cell_CGACTTCTCAGAGACG,0,0,0
EOC1_PBMC_cell_GCTGCAGGTGCTCTTC,0,0,0
EOC1_PBMC_cell_CGAGCACTCTGATACG,0,0,0
EOC1_PBMC_cell_CTAGAGTAGAGGGCTT,0,0,0
EOC1_PBMC_cell_CGTTCTGCATGTTCCC,0,0,0
EOC1_PBMC_cell_GTCCTCAGTAGCTTGT,0,0,0
EOC1_PBMC_cell_GGCGACTTCTGGCGAC,0,0,0
EOC1_PBMC_cell_GCGAGAAAGAGGACGG,0,0,0
EOC1_PBMC_cell_TCAGCAAAGTGGTCCC,0,0,0
EOC1_PBMC_cell_AAAGCAATCAGTCCCT,0,0,0
EOC1_PBMC_cell_TACTCATCATGGTTGT,0,0,0
EOC1_PBMC_cell_CAGAGAGCAGCGTTCG,0,0,0
EOC1_PBMC_cell_CTCGTACCACACAGAG,0,0,0
EOC1_PBMC_cell_CTCGTCACACTAGTAC,0,0,0
EOC1_PBMC_cell_TTAGTTCCAATGGACG,0,0,0
EOC1_PBMC_cell_CCGTACTCATAAAGGT,0,0,0
EOC1_PBMC_cell_CGACCTTGTAGGAGTC,0,0,0
EOC1_PBMC_cell_GATTCAGTCAGGCCCA,0,0,0
EOC1_PBMC_cell_TTCTTAGTCTGCGTAA,0,0,0
EOC1_PBMC_cell_CACATAGGTTGCTCCT,0,0,0
EOC1_PBMC_cell_TTTCCTCAGAAGGGTA,0,0,0
EOC1_PBMC_cell_CCATTCGAGGCCCTTG,0,0,0
EOC1_PBMC_cell_TAGACCAAGAAGGTTT,0,0,0
EOC1_PBMC_cell_ACGAGGATCGCACTCT,0,0,0
EOC1_PBMC_cell_TGCCAAATCAATCACG,0,0,0
EOC1_PBMC_cell_CTCTACGTCTTGAGAC,0,0,0
EOC1_PBMC_cell_GTAACGTGTCTAGCGC,0,0,0
EOC1_PBMC_cell_CATCGAAGTGTGCCTG,0,0,0
EOC1_PBMC_cell_TTTACTGGTTGTCTTT,0,0,0
EOC1_PBMC_cell_CCGTACTTCGTTGCCT,0,0,0
EOC1_PBMC_cell_TGCCAAATCGGAGCAA,0,0,0
EOC1_PBMC_cell_GTACTCCCAACACCTA,0,0,0
EOC1_PBMC_cell_AAGGCAGCACCATCCT,0,0,0
EOC1_PBMC_cell_GCCAAATCAAGTAATG,0,0,0
EOC1_PBMC_cell_CGGACACTCCGCAGTG,0,0,0
EOC1_PBMC_cell_GAGCAGAGTCTAGCGC,0,0,0
EOC1_PBMC_cell_CAGAATCGTCATTAGC,0,0,0
EOC1_PBMC_cell_AGATTGCCAACTGCGC,0,0,0
EOC1_PBMC_cell_TTGGAACCAATCTACG,0,0,0
EOC1_PBMC_cell_TCGGGACAGAGCTGGT,0,0,0
EOC1_PBMC_cell_AGGCCACAGTGTCCCG,0,0,0
EOC1_PBMC_cell_CCATGTCTCTCGTTTA,0,0,0
EOC1_PBMC_cell_CAACTAGTCCTTTCTC,0,0,0
EOC1_PBMC_cell_TTAGTTCTCTTGCAAG,0,0,0
EOC1_PBMC_cell_ACACCGGAGGACAGAA,0,0,0
EOC1_PBMC_cell_CAACCAATCTGCCCTA,0,0,0
EOC1_PBMC_cell_TGCGCAGGTACTCGCG,0,0,0
EOC1_PBMC_cell_GCTTGAAAGTGGGCTA,0,0,0
EOC1_PBMC_cell_CCATTCGGTAAGAGAG,0,0,0
EOC1_PBMC_cell_AGCTCTCCACAGTCGC,0,0,0
EOC1_PBMC_cell_GTCACAATCTGATACG,0,0,0
EOC1_PBMC_cell_ATGTGTGAGATATGCA,0,0,0
EOC1_PBMC_cell_GTAACGTCACGTCTCT,0,0,0
EOC1_PBMC_cell_AATCCAGGTGCGAAAC,0,0,0
EOC1_PBMC_cell_TGCGGGTGTCCATGAT,0,0,0
EOC1_PBMC_cell_ACGAGCCGTGGTTTCA,0,0,0
EOC1_PBMC_cell_TCAGCAACAGCTCCGA,0,0,0
EOC1_PBMC_cell_GTCGGGTCATTGGCGC,0,0,0
EOC1_PBMC_cell_AATCCAGTCCGCATCT,0,0,0
EOC1_PBMC_cell_TTATGCTAGTGCTGCC,0,0,0
EOC1_PBMC_cell_CTGTGCTCACACCGAC,0,0,0
EOC1_PBMC_cell_CAACTAGCAGCTCGCA,0,0,0
EOC1_PBMC_cell_CGCGGTACAAGGTGTG,0,0,0
EOC1_PBMC_cell_TTCTTAGAGTACCGGA,0,0,0
EOC1_PBMC_cell_GTAACGTAGTCGTTTG,0,0,0
EOC1_PBMC_cell_CACCACTAGGCTCTTA,0,0,0
EOC1_PBMC_cell_CTACCCACAACTGCGC,0,0,0
EOC1_PBMC_cell_ATTGGTGCACGCGAAA,0,0,0
EOC1_PBMC_cell_AACTCCCTCTCGCATC,0,0,0
EOC1_PBMC_cell_TACTTACAGAGCTGCA,0,0,0
EOC1_PBMC_cell_TAGGCATGTTAAGATG,0,0,0
EOC1_PBMC_cell_CGTTAGAAGCCAGGAT,0,0,0
EOC1_PBMC_cell_AAAGATGTCCCTCTTT,0,0,0
EOC1_PBMC_cell_GTTCTCGAGATAGCAT,0,0,0
EOC1_PBMC_cell_GCTGCGAAGTTTGCGT,0,0,0
EOC1_PBMC_cell_CTGCCTATCTATCGCC,0,0,0
EOC1_PBMC_cell_TCTATTGGTGGTAACG,0,0,0
EOC1_PBMC_cell_GTAACGTTCTAAGCCA,0,0,0
EOC1_PBMC_cell_TACTTACTCATGTGGT,0,0,0
EOC1_PBMC_cell_GAAGCAGCAAAGGCGT,0,0,0
EOC1_PBMC_cell_GGTGTTAAGCGATCCC,0,0,0
EOC1_PBMC_cell_CCTTACGCAAGTACCT,0,0,0
EOC1_PBMC_cell_GTGAAGGGTGGCTCCA,0,0,0
EOC1_PBMC_cell_ATCTGCCCAGAGTGTG,0,0,0
EOC1_PBMC_cell_ACACCAACACATCCGG,0,0,0
EOC1_PBMC_cell_CTACCCAAGTACGCGA,0,0,0
EOC1_PBMC_cell_GTTAAGCAGGAGTTGC,0,0,0
EOC1_PBMC_cell_GTGCATAGTAAGAGGA,0,0,0
EOC1_PBMC_cell_AACCGCGTCATATCGG,0,0,0
EOC1_PBMC_cell_TTCTTAGCAATCAGAA,0,0,0
EOC1_PBMC_cell_GGGCATCCAGGGTATG,0,0,0
EOC1_PBMC_cell_GCGCAACGTAAGAGGA,0,0,0
EOC1_PBMC_cell_CGGTTAAGTCTTGATG,0,0,0
EOC1_PBMC_cell_CGGACACCAGAGCCAA,0,0,0
EOC1_PBMC_cell_TCTCTAACACAAGTAA,0,0,0
EOC1_PBMC_cell_CCTCTGAAGCAGATCG,0,0,0
EOC1_PBMC_cell_GACGGCTCATTCGACA,0,0,0
EOC1_PBMC_cell_TAAGAGAAGGATGGTC,0,0,0
EOC1_PBMC_cell_TTGGCAATCAGCATGT,0,0,0
EOC1_PBMC_cell_CACATAGCACCCTATC,0,0,0
EOC1_PBMC_cell_CCACGGAAGCAGATCG,0,0,0
EOC1_PBMC_cell_TCGCGAGAGAGTGAGA,0,0,0
EOC1_PBMC_cell_GCATGTACAAAGAATC,0,0,0
EOC1_PBMC_cell_AGTAGTCCACTGTTAG,0,0,0
EOC1_PBMC_cell_CGAATGTTCTCTAGGA,0,0,0
EOC1_PBMC_cell_CACACTCCAGCCTGTG,0,0,0
EOC1_PBMC_cell_TGTGTTTAGAGGGATA,0,0,0
EOC1_PBMC_cell_CATCCACTCCATGAGT,0,0,0
EOC1_PBMC_cell_ATAGACCGTTATCCGA,0,0,0
EOC1_PBMC_cell_GAACCTATCTGCAAGT,0,0,0
EOC1_PBMC_cell_ATTGGTGGTGCATCTA,0,0,0
EOC1_PBMC_cell_CTCTGGTAGCCGCCTA,0,0,0
EOC1_PBMC_cell_CGGACTGCAGCAGTTT,0,0,0
EOC1_PBMC_cell_TAAGCGTTCATACGGT,0,0,0
EOC1_PBMC_cell_TTGTAGGCAGATGGGT,0,0,0
EOC1_PBMC_cell_CTGGTCTGTTATTCTC,0,0,0
EOC1_PBMC_cell_GAAATGAAGACGCAAC,0,0,0
EOC1_PBMC_cell_CTACATTAGGCGACAT,0,0,0
EOC1_PBMC_cell_GCTCTGTCAATGACCT,0,0,0
EOC1_PBMC_cell_CTTAGGACATCCGTGG,0,0,0
EOC1_PBMC_cell_TCCCGATCACTCGACG,0,0,0
EOC1_PBMC_cell_GATGAGGAGTCAAGGC,0,0,0
EOC1_PBMC_cell_CGCCAAGAGGATCGCA,0,0,0
EOC1_PBMC_cell_TCGCGTTAGGAGTTTA,0,0,0
EOC1_PBMC_cell_CGGGTCAAGGTGGGTT,0,0,0
EOC1_PBMC_cell_GAATAAGAGACCCACC,0,0,0
EOC1_PBMC_cell_AAGTCTGCATGCCCGA,0,0,0
EOC1_PBMC_cell_CGGACGTCACGGTAGA,0,0,0
EOC1_PBMC_cell_GGGAATGTCTTGAGGT,0,0,0
EOC1_PBMC_cell_GCATGTAGTCACAAGG,0,0,0
EOC1_PBMC_cell_TTGCCGTGTCTCAACA,0,0,0
EOC1_PBMC_cell_AGCAGCCAGAGGGCTT,0,0,0
EOC1_PBMC_cell_ACGATGTGTAACGACG,0,0,0
EOC1_PBMC_cell_AGAGCGAGTAAAGGAG,0,0,0
EOC1_PBMC_cell_GCACTCTAGTAACCCT,0,0,0
EOC1_PBMC_cell_GACGGCTAGGTGACCA,0,0,0
EOC1_PBMC_cell_ACGAGGACACAAGTAA,0,0,0
EOC1_PBMC_cell_CGGAGCTCAGGTCGTC,0,0,0
EOC1_PBMC_cell_ATCGAGTCACATCCGG,0,0,0
EOC1_PBMC_cell_AGTAGTCGTAACGACG,0,0,0
EOC1_PBMC_cell_TAGGCATAGATGTTAG,0,0,0
EOC1_PBMC_cell_ACCTTTAAGCGTGAAC,0,0,0
EOC1_PBMC_cell_TAAGAGAAGGCTCATT,0,0,0
EOC1_PBMC_cell_AATCGGTCATACGCTA,0,0,0
EOC1_PBMC_cell_TCGTAGAGTCTCACCT,0,0,0
EOC1_PBMC_cell_ACAGCCGAGCGATGAC,0,0,0
EOC1_PBMC_cell_GTCTCGTCAATGGAAT,0,0,0
EOC1_PBMC_cell_TCTGGAAAGCTGAACG,0,0,0
EOC1_PBMC_cell_AGACGTTCAGCGTTCG,0,0,0
EOC1_PBMC_cell_CGCCAAGAGTTGAGTA,0,0,0
EOC1_PBMC_cell_GACGTTACACGAAACG,0,0,0
EOC1_PBMC_cell_GATCGCGGTTCTGTTT,0,0,0
EOC1_PBMC_cell_TTAACTCGTGACCAAG,0,0,0
EOC1_PBMC_cell_GTAACGTGTGCACCAC,0,0,0
EOC1_PBMC_cell_GTCACAACATATACCG,0,0,0
EOC1_PBMC_cell_TTGACTTAGGCTAGCA,0,0,0
EOC1_PBMC_cell_CAGCCGACAGATCGGA,0,0,0
EOC1_PBMC_cell_TCGTACCCAAGCCATT,0,0,0
EOC1_PBMC_cell_GACTAACTCTGCCAGG,0,0,0
EOC1_PBMC_cell_ACGGAGACAATCCAAC,0,0,0
EOC1_PBMC_cell_CGAACATGTCTAGCCG,0,0,0
EOC1_PBMC_cell_TTTCCTCAGATACACA,0,0,0
EOC1_PBMC_cell_TGGACGCTCTCTAAGG,0,0,0
EOC1_PBMC_cell_CTCGTACGTTGCCTCT,0,0,0
EOC1_PBMC_cell_CCCTCCTGTGGTACAG,0,0,0
EOC1_PBMC_cell_CGTTGGGGTGCCTGCA,0,0,0
EOC1_PBMC_cell_GAATGAATCTTCATGT,0,0,0
EOC1_PBMC_cell_TTAGTTCGTTCCAACA,0,0,0
EOC1_PBMC_cell_CGGACACGTACAGTGG,0,0,0
EOC1_PBMC_cell_GCTTGAAAGGCTACGA,0,0,0
EOC1_PBMC_cell_TCTCATATCCACGTTC,0,0,0
EOC1_PBMC_cell_TCAGATGCACGCATCG,0,0,0
EOC1_PBMC_cell_CTAGAGTTCTGCCCTA,0,0,0
EOC1_PBMC_cell_GCATGTATCTTCGGTC,0,0,0
EOC1_PBMC_cell_GAATGAATCCTCCTAG,0,0,0
EOC1_PBMC_cell_CGGAGCTCAAGCCATT,0,0,0
EOC1_PBMC_cell_TGCGGGTTCGTCCAGG,0,0,0
EOC1_PBMC_cell_CTTTGCGTCCCTGACT,0,0,0
EOC1_PBMC_cell_GGACAGACAATGAAAC,0,0,0
EOC1_PBMC_cell_GGCTGGTAGCCTTGAT,0,0,0
EOC1_PBMC_cell_CTAGCCTAGCCTTGAT,0,0,0
EOC1_PBMC_cell_CATATTCTCTAGCACA,0,0,0
EOC1_PBMC_cell_ACATACGAGATGTTAG,0,0,0
EOC1_PBMC_cell_TCAGCAACAGGAATCG,0,0,0
EOC1_PBMC_cell_GTTCGGGCACGGTTTA,0,0,0
EOC1_PBMC_cell_TGCCAAACAGTTCCCT,0,0,0
EOC1_PBMC_cell_ACCGTAAAGAGATGAG,0,0,0
EOC1_PBMC_cell_AAGGAGCAGGACAGCT,0,0,0
EOC1_PBMC_cell_CTGAAGTTCCGATATG,0,0,0
EOC1_PBMC_cell_CTTGGCTTCCTAGTGA,0,0,0
EOC1_PBMC_cell_TCAGGTATCATCACCC,0,0,0
EOC1_PBMC_cell_TAAGTGCAGAATTCCC,0,0,0
EOC1_PBMC_cell_CTGAAGTAGAGCCCAA,0,0,0
EOC1_PBMC_cell_CCAATCCCATGCCTAA,0,0,0
EOC1_PBMC_cell_AGGTCATGTATGCTTG,0,0,0
EOC1_PBMC_cell_GGCTCGATCCGGCACA,0,0,0
EOC1_PBMC_cell_TTGGCAATCGTACCGG,0,0,0
EOC1_PBMC_cell_GCTGCGAAGGGCTTGA,0,0,0
EOC1_PBMC_cell_AAGGTTCAGTCAAGCG,0,0,0
EOC1_PBMC_cell_TCTGGAAAGTGGAGTC,0,0,0
EOC1_PBMC_cell_CACTCCAGTATAGTAG,0,0,0
EOC1_PBMC_cell_CTCACACCATGACGGA,0,0,0
EOC1_PBMC_cell_CTCAGAAGTTAAGTAG,0,0,0
EOC1_PBMC_cell_AACCGCGAGAGGTTAT,0,0,0
EOC1_PBMC_cell_TTTGTCAGTCTTGATG,0,0,0
EOC1_PBMC_cell_TTGGAACAGCGCCTTG,0,0,0
EOC1_PBMC_cell_GACGCGTGTGGGTCAA,0,0,0
EOC1_PBMC_cell_TGCCAAATCACGCATA,0,0,0
EOC1_PBMC_cell_CCGTACTAGGTGGGTT,0,0,0
EOC1_PBMC_cell_TACACGAAGTCGAGTG,0,0,0
EOC1_PBMC_cell_TAGTGGTAGCCGGTAA,0,0,0
EOC1_PBMC_cell_CATCAGACATCCTTGC,0,0,0
EOC1_PBMC_cell_TTCGGTCCACCAACCG,0,0,0
EOC1_PBMC_cell_GTGTGCGTCGAATGGG,0,0,0
EOC1_PBMC_cell_GCGCGATTCGTTTAGG,0,0,0
EOC1_PBMC_cell_AGTGTCATCAGTCAGT,0,0,0
EOC1_PBMC_cell_GCCTCTAAGCGATGAC,0,0,0
EOC1_PBMC_cell_CTCGGGAAGATTACCC,0,0,0
EOC1_PBMC_cell_AGAGCTTCAATCCAAC,0,0,0
EOC1_PBMC_cell_CGTTAGAAGTTTAGGA,0,0,0
EOC1_PBMC_cell_TTCTTAGGTAGGGTAC,0,0,0
EOC1_PBMC_cell_CCTAAAGTCGGCCGAT,0,0,0
EOC1_PBMC_cell_TTAGGCATCCTTGACC,0,0,0
EOC1_PBMC_cell_ACTTACTCAGTCAGCC,0,0,0
EOC1_PBMC_cell_GTTCTCGAGTCCGGTC,0,0,0
EOC1_PBMC_cell_CAACCAAAGCCTATGT,0,0,0
EOC1_PBMC_cell_AACCGCGTCTTCAACT,0,0,0
EOC1_PBMC_cell_CTAATGGAGAAGGTTT,0,0,0
EOC1_PBMC_cell_AGCTTGAAGCCACGTC,0,0,0
EOC1_PBMC_cell_CGATCGGAGGGCTTGA,0,0,0
EOC1_PBMC_cell_TCAGGATCACGACGAA,0,0,0
EOC1_PBMC_cell_GGGAATGTCTTTACGT,0,0,0
EOC1_PBMC_cell_GAGCAGATCGTTACGA,0,0,0
EOC1_PBMC_cell_CTCCTAGCATGTTCCC,0,0,0
EOC1_PBMC_cell_ACGGGTCTCAGTTCGA,0,0,0
EOC1_PBMC_cell_TAGAGCTAGTCAAGGC,0,0,0
EOC1_PBMC_cell_AGCTCCTTCCGTCAAA,0,0,0
EOC1_PBMC_cell_TACACGAAGAGGACGG,0,0,0
EOC1_PBMC_cell_GAAGCAGAGCAGGTCA,0,0,0
EOC1_PBMC_cell_GTAACTGGTAGGAGTC,0,0,0
EOC1_PBMC_cell_CTGCTGTAGGCATTGG,0,0,0
EOC1_PBMC_cell_GATCAGTCAAAGGAAG,0,0,0
EOC1_PBMC_cell_CTCGTCAAGAACAATC,0,0,0
EOC1_PBMC_cell_TCTATTGTCATTATCC,0,0,0
EOC1_PBMC_cell_GACGCGTGTTGTTTGG,0,0,0
EOC1_PBMC_cell_CGAACATAGTAGCCGA,0,0,0
EOC1_PBMC_cell_CACCTTGAGACCTAGG,0,0,0
EOC1_PBMC_cell_GATGAAAAGATATGGT,0,0,0
EOC1_PBMC_cell_AACCATGGTTTGTTTC,0,0,0
EOC1_PBMC_cell_CTTAACTTCCCATTAT,0,0,0
EOC1_PBMC_cell_GATCAGTAGTTAGCGG,0,0,0
EOC1_PBMC_cell_GCGCGATTCTAACTGG,0,0,0
EOC1_PBMC_cell_AAACGGGTCAACACTG,0,0,0
EOC1_PBMC_cell_TACACGAGTATATGAG,0,0,0
EOC1_PBMC_cell_GCCAAATCATTTCACT,0,0,0
EOC1_PBMC_cell_GACGTTAGTATAGTAG,0,0,0
EOC1_PBMC_cell_ATGGGAGAGTTTAGGA,0,0,0
EOC1_PBMC_cell_AGGCCACCAATCCAAC,0,0,0
EOC1_PBMC_cell_CGCTTCAGTGTGTGCC,0,0,0
EOC1_PBMC_cell_AGTGGGAAGCCACTAT,0,0,0
EOC1_PBMC_cell_CTCGGAGGTAAATGTG,0,0,0
EOC1_PBMC_cell_GTGTTAGGTTCAGCGC,0,0,0
EOC1_PBMC_cell_CTCGTCACAATGGTCT,0,0,0
EOC1_PBMC_cell_CCTACACAGAAACGAG,0,0,0
EOC1_PBMC_cell_TTGACTTCACCGTTGG,0,0,0
EOC1_PBMC_cell_ACTGAACAGTCGTTTG,0,0,0
EOC1_PBMC_cell_GCAAACTTCAGAAATG,0,0,0
EOC1_PBMC_cell_CGTGTAATCACTCCTG,0,0,0
EOC1_PBMC_cell_ACGCCAGCATGACATC,0,0,0
EOC1_PBMC_cell_TACTCGCGTTCGTTGA,0,0,0
EOC1_PBMC_cell_GGCGTGTTCACCCTCA,0,0,0
EOC1_PBMC_cell_CTCGAGGGTATTAGCC,0,0,0
EOC1_PBMC_cell_AAAGTAGTCGCATGAT,0,0,0
EOC1_PBMC_cell_CCTTTCTTCAGAGGTG,0,0,0
EOC1_PBMC_cell_TTAGTTCAGAGTCTGG,0,0,0
EOC1_PBMC_cell_ACGATACTCTTGTATC,0,0,0
EOC1_PBMC_cell_CCACTACCAATAGCAA,0,0,0
EOC1_PBMC_cell_TCAGGATGTCGGCTCA,0,0,0
EOC1_PBMC_cell_TGCCCTACACACGCTG,0,0,0
EOC1_PBMC_cell_ACTATCTTCGGCTTGG,0,0,0
EOC1_PBMC_cell_TTGCCGTAGATCCGAG,0,0,0
EOC1_PBMC_cell_CACATAGGTAGCTGCC,0,0,0
EOC1_PBMC_cell_TTGGCAAAGTGGACGT,0,0,0
EOC1_PBMC_cell_AGCCTAAAGCGAGAAA,0,0,0
EOC1_PBMC_cell_TCACAAGAGAGGGATA,0,0,0
EOC1_PBMC_cell_GCAATCATCGCTTAGA,0,0,0
EOC1_PBMC_cell_CGTGTAACATCGTCGG,0,0,0
EOC1_PBMC_cell_GCAGTTAGTTACAGAA,0,0,0
EOC1_PBMC_cell_CTAGCCTTCGGAGGTA,0,0,0
EOC1_PBMC_cell_TTGCGTCTCACATGCA,0,0,0
EOC1_PBMC_cell_CTTACCGGTCAAACTC,0,0,0
EOC1_PBMC_cell_GTATCTTCAAAGAATC,0,0,0
EOC1_PBMC_cell_AACTCCCTCACCATAG,0,0,0
EOC1_PBMC_cell_GATGCTATCCGAATGT,0,0,0
EOC1_PBMC_cell_TAGCCGGAGAGCCCAA,0,0,0
EOC1_PBMC_cell_CAGAGAGTCATAGCAC,0,0,0
EOC1_PBMC_cell_GATCGCGAGATGAGAG,0,0,0
EOC1_PBMC_cell_CAGCATAAGCTAAACA,0,0,0
EOC1_PBMC_cell_CTCGAAAGTCCAAGTT,0,0,0
EOC1_PBMC_cell_TAGGCATCAGGATCGA,0,0,0
EOC1_PBMC_cell_GACGGCTTCTAACGGT,0,0,0
EOC1_PBMC_cell_CTCGGGAAGAATGTTG,0,0,0
EOC1_PBMC_cell_ACGAGCCCACATCCGG,0,0,0
EOC1_PBMC_cell_AACTGGTCATACGCCG,0,0,0
EOC1_PBMC_cell_GAATAAGTCTAACTTC,0,0,0
EOC1_PBMC_cell_TGCGGGTAGTGGTAAT,0,0,0
EOC1_PBMC_cell_GCTGGGTAGTGTTTGC,0,0,0
EOC1_PBMC_cell_CGGAGCTCATTAGGCT,0,0,0
EOC1_PBMC_cell_CTGATCCAGCCACGCT,0,0,0
EOC1_PBMC_cell_TTCGGTCTCACCGGGT,0,0,0
EOC1_PBMC_cell_CGAGCACGTTACGGAG,0,0,0
EOC1_PBMC_cell_CTCGTCAAGGCATGGT,0,0,0
EOC1_PBMC_cell_TTCGAAGCAGGATCGA,0,0,0
EOC1_PBMC_cell_GGGTCTGTCATCGATG,0,0,0
EOC1_PBMC_cell_CGCTATCGTCACCTAA,0,0,0
EOC1_PBMC_cell_GAAACTCGTCTAAACC,0,0,0
EOC1_PBMC_cell_AGACGTTTCTGGTATG,0,0,0
EOC1_PBMC_cell_GTGTGCGTCCGCAGTG,0,0,0
EOC1_PBMC_cell_ATCATCTAGTCGATAA,0,0,0
EOC1_PBMC_cell_CTACACCCAATGGACG,0,0,0
EOC1_PBMC_cell_TTTGTCAGTCTGGTCG,0,0,0
EOC1_PBMC_cell_ATTTCTGAGTGGAGAA,0,0,0
EOC1_PBMC_cell_TGCACCTGTGGGTCAA,0,0,0
EOC1_PBMC_cell_AAGCCGCTCGTACCGG,0,0,0
EOC1_PBMC_cell_CCTAAAGGTTCCTCCA,0,0,0
EOC1_PBMC_cell_TACAGTGGTCAGTGGA,0,0,0
EOC1_PBMC_cell_CGCTTCACATGGGAAC,0,0,0
EOC1_PBMC_cell_CTGATCCGTTACCAGT,0,0,0
EOC1_PBMC_cell_TAAGTGCGTTCTGTTT,0,0,0
EOC1_PBMC_cell_TCGTACCGTATTCGTG,0,0,0
EOC1_PBMC_cell_GAACATCGTTCAGACT,0,0,0
EOC1_PBMC_cell_TGCCCTAGTAGGGTAC,0,0,0
EOC1_PBMC_cell_CACAGGCGTGCTTCTC,0,0,0
EOC1_PBMC_cell_AAGACCTTCACCACCT,0,0,0
EOC1_PBMC_cell_ACCGTAAAGAAGGTGA,0,0,0
EOC1_PBMC_cell_CATGGCGGTAGAGGAA,0,0,0
EOC1_PBMC_cell_TGAGGGACACGTGAGA,0,0,0
EOC1_PBMC_cell_CTCGGGATCTAACTTC,0,0,0
EOC1_PBMC_cell_AACTCTTCAGCGTAAG,0,0,0
EOC1_PBMC_cell_CTAAGACAGGCGACAT,0,0,0
EOC1_PBMC_cell_GATCGATAGAAGAAGC,0,0,0
EOC1_PBMC_cell_ACCCACTAGCTGCAAG,0,0,0
EOC1_PBMC_cell_CGTGAGCCATACAGCT,0,0,0
EOC1_PBMC_cell_AGCTCTCCAAGTAATG,0,0,0
EOC1_PBMC_cell_CACCTTGGTGATGTCT,0,0,0
EOC1_PBMC_cell_CGCGTTTGTGCAGTAG,0,0,0
EOC1_PBMC_cell_GATCAGTCAGTCACTA,0,0,0
EOC1_PBMC_cell_ACCCACTGTCCGAACC,0,0,0
EOC1_PBMC_cell_AGGGAGTAGCTGAAAT,0,0,0
EOC1_PBMC_cell_CGGAGTCTCACTATTC,0,0,0
EOC1_PBMC_cell_TGAGGGAGTCCCGACA,0,0,0
EOC1_PBMC_cell_CCAGCGATCTTTACGT,0,0,0
EOC1_PBMC_cell_ACGATACAGCGGCTTC,0,0,0
EOC1_PBMC_cell_ACGATACTCTTTACAC,0,0,0
EOC1_PBMC_cell_CTGAAACAGACACTAA,0,0,1
EOC1_PBMC_cell_CCTCTGATCAACGGCC,0,0,0
EOC1_PBMC_cell_GCGAGAATCACTTACT,0,0,0
EOC1_PBMC_cell_CTCACACTCGCCTGTT,0,0,0
EOC1_PBMC_cell_AGCTTGAAGAAACCAT,0,0,0
EOC1_PBMC_cell_GTGTGCGTCTATCCTA,0,0,0
EOC1_PBMC_cell_CAGAATCTCACGCATA,0,0,0
EOC1_PBMC_cell_TTCTCAATCGAACTGT,0,0,0
EOC1_PBMC_cell_CTGGTCTCACGACTCG,0,0,0
EOC1_PBMC_cell_CTACACCGTGGCTCCA,0,0,0
EOC1_PBMC_cell_TGAAAGAGTCCGAATT,0,0,0
EOC1_PBMC_cell_TACGGGCAGAGCAATT,0,0,0
EOC1_PBMC_cell_TACACGAGTCGCTTCT,0,0,0
EOC1_PBMC_cell_AGCTCTCGTGAGCGAT,0,0,0
EOC1_PBMC_cell_TGCGTGGCAAAGGTGC,0,0,0
EOC1_PBMC_cell_GACTACATCACCGGGT,0,0,0
EOC1_PBMC_cell_ACCCACTCAACAACCT,0,0,0
EOC1_PBMC_cell_CGTGTCTGTCATATCG,0,0,0
EOC1_PBMC_cell_AGGGAGTCACCCTATC,0,0,0
EOC1_PBMC_cell_CAGATCACAGCCTGTG,0,0,0
EOC1_PBMC_cell_CCTAGCTCATTCACTT,0,0,0
EOC1_PBMC_cell_GGCGACTAGTCCTCCT,0,0,0
EOC1_PBMC_cell_GCGACCAAGTGAAGAG,0,0,0
EOC1_PBMC_cell_GTCCTCAAGTTACGGG,0,0,0
EOC1_PBMC_cell_CTGCGGATCCAAATGC,0,0,0
EOC1_PBMC_cell_CTCTAATTCGGATGGA,0,0,0
EOC1_PBMC_cell_TGAAAGACAATGAAAC,0,0,0
EOC1_PBMC_cell_GTCATTTTCAGTCCCT,0,0,0
EOC1_PBMC_cell_ACTTTCAGTTCATGGT,0,0,0
EOC1_PBMC_cell_TAAGAGAAGCAGACTG,0,0,0
EOC1_PBMC_cell_GACACGCCAGGGTATG,0,0,0
EOC1_PBMC_cell_ACATACGCAGCTGCAC,0,0,0
EOC1_PBMC_cell_TGAGAGGAGAGACTAT,0,0,0
EOC1_PBMC_cell_CTGGTCTTCAACGGGA,0,0,0
EOC1_PBMC_cell_ACGCCAGTCACCCGAG,0,0,0
EOC1_PBMC_cell_CATGCCTAGTGCGATG,0,0,0
EOC1_PBMC_cell_TCGTACCGTAGCGTAG,0,0,0
EOC1_PBMC_cell_CATCAGACACGGCCAT,0,0,0
EOC1_PBMC_cell_CTGATAGTCCCTTGTG,0,0,0
EOC1_PBMC_cell_GCTCTGTTCAGAGACG,0,0,0
EOC1_PBMC_cell_CGCTGGACACCAGGTC,0,0,0
EOC1_PBMC_cell_ACTGAACCAAAGGCGT,0,0,0
EOC1_PBMC_cell_GACGTTAAGGTGTTAA,0,0,0
EOC1_PBMC_cell_CGGTTAATCTGCTGCT,0,0,0
EOC1_PBMC_cell_CCACTACCACCATCCT,0,0,0
EOC1_PBMC_cell_CAGTAACGTAGCTTGT,0,0,0
EOC1_PBMC_cell_TGGTTCCTCAAGAAGT,0,0,0
EOC1_PBMC_cell_CGGCTAGCATTCGACA,0,0,0
EOC1_PBMC_cell_ACTTACTCAAGCTGAG,0,0,0
EOC1_PBMC_cell_CGCTGGACACACGCTG,0,0,0
EOC1_PBMC_cell_TTCGAAGGTTCGTGAT,0,0,0
EOC1_PBMC_cell_TACGGATCAGCCAATT,0,0,0
EOC1_PBMC_cell_CCGTACTGTTGTTTGG,0,0,0
EOC1_PBMC_cell_AGCATACAGCGTAGTG,0,0,0
EOC1_PBMC_cell_CCATTCGAGTAGCGGT,0,0,0
EOC1_PBMC_cell_CCGGTAGAGCACACAG,0,0,0
EOC1_PBMC_cell_GGCGACTCACAAGACG,0,0,0
EOC1_PBMC_cell_CGCTGGATCATTATCC,0,0,0
EOC1_PBMC_cell_AACCATGGTATCACCA,0,0,0
EOC1_PBMC_cell_TAAGTGCCACAGACAG,0,0,0
EOC1_PBMC_cell_GCAGTTACAAGTAGTA,0,0,0
EOC1_PBMC_cell_GGGATGACATTACGAC,0,0,0
EOC1_PBMC_cell_CGAGAAGAGGTGTGGT,0,0,0
EOC1_PBMC_cell_ACGAGGAGTGATAAGT,0,0,0
EOC1_PBMC_cell_GTCACGGAGAATCTCC,0,0,0
EOC1_PBMC_cell_AGTGGGACATGTTGAC,0,0,0
EOC1_PBMC_cell_TGACGGCCAAAGCGGT,0,0,0
EOC1_PBMC_cell_GCACATAGTAGTGAAT,0,0,0
EOC1_PBMC_cell_CAGATCACATGCCCGA,0,0,0
EOC1_PBMC_cell_TCATTACTCAAGGTAA,0,0,0
EOC1_PBMC_cell_CGGACGTAGACCACGA,0,0,0
EOC1_PBMC_cell_GCTTGAAAGAAGGTTT,0,0,0
EOC1_PBMC_cell_GCACTCTCAGTCAGAG,0,0,0
EOC1_PBMC_cell_TGGCGCATCAAACGGG,0,0,0
EOC1_PBMC_cell_TTGAACGTCCAAAGTC,0,0,0
EOC1_PBMC_cell_TGAGCATGTAGTAGTA,0,0,0
EOC1_PBMC_cell_AAGGAGCCATTGGTAC,0,0,0
EOC1_PBMC_cell_CTCGGAGAGGAATCGC,0,0,0
EOC1_PBMC_cell_TACTTGTTCCTGCCAT,0,0,0
EOC1_PBMC_cell_AGGTCATTCACCCTCA,0,0,0
EOC1_PBMC_cell_TAAACCGGTCAGGACA,0,0,0
EOC1_PBMC_cell_CGGACTGAGACTAGGC,0,0,0
EOC1_PBMC_cell_AAAGATGCATGTTCCC,0,0,0
EOC1_PBMC_cell_GACTAACGTAAGTGTA,0,0,0
EOC1_PBMC_cell_GTCCTCAAGAGCTTCT,0,0,0
EOC1_PBMC_cell_GAAATGAGTCTTGTCC,0,0,0
EOC1_PBMC_cell_CCTATTATCTCTGCTG,0,0,0
EOC1_PBMC_cell_TGGCCAGGTACAGCAG,0,0,0
EOC1_PBMC_cell_GTCAAGTGTCGGCACT,0,0,0
EOC1_PBMC_cell_TAAGAGATCACGGTTA,0,0,0
EOC1_PBMC_cell_GTCTCGTTCACTGGGC,0,0,0
EOC1_PBMC_cell_CATATTCTCCTAGGGC,0,0,0
EOC1_PBMC_cell_GTGTGCGAGACTGGGT,0,0,0
EOC1_PBMC_cell_CAAGGCCTCCAACCAA,0,0,0
EOC1_PBMC_cell_GAGGTGAGTCGAGATG,0,0,0
EOC1_PBMC_cell_GAACGGATCACTTATC,0,0,0
EOC1_PBMC_cell_GTTCTCGGTCACTGGC,0,0,0
EOC1_PBMC_cell_AAAGCAACATGTTGAC,0,0,0
EOC1_PBMC_cell_GTCCTCAAGCATGGCA,0,0,0
EOC1_PBMC_cell_GATTCAGGTTACAGAA,0,0,0
EOC1_PBMC_cell_CTCACACGTTGAGTTC,0,0,0
EOC1_PBMC_cell_ACTGTCCTCCGTAGGC,0,0,0
EOC1_PBMC_cell_CAGCGACCAGGGTACA,0,0,0
EOC1_PBMC_cell_GCGCAACCATCTCCCA,0,0,0
EOC1_PBMC_cell_ATTATCCGTTACGGAG,0,0,0
EOC1_PBMC_cell_GTATTCTCATGCCACG,0,0,0
EOC1_PBMC_cell_TGGCTGGCAAATTGCC,0,0,0
EOC1_PBMC_cell_ATAAGAGTCGTTGACA,0,0,0
EOC1_PBMC_cell_GGTATTGGTATTCGTG,0,0,0
EOC1_PBMC_cell_TAGCCGGCATGACGGA,0,0,0
EOC1_PBMC_cell_CCACGGATCAGTTCGA,0,0,0
EOC1_PBMC_cell_TCGCGTTTCCAAACAC,0,0,0
EOC1_PBMC_cell_GTACTTTCATCTGGTA,0,0,0
EOC1_PBMC_cell_GTTAAGCGTGTGCGTC,0,0,0
EOC1_PBMC_cell_GTTAAGCTCTTGCAAG,0,0,0
EOC1_PBMC_cell_ATCCACCTCCGCAGTG,0,0,0
EOC1_PBMC_cell_CGTCCATTCTGGAGCC,0,0,0
EOC1_PBMC_cell_TTCTCCTGTTCGTGAT,0,0,0
EOC1_PBMC_cell_TGCGCAGAGATCTGCT,0,0,0
EOC1_PBMC_cell_ACGCCGAGTAGTGAAT,0,0,0
EOC1_PBMC_cell_TACGGGCTCCAGATCA,0,0,0
EOC1_PBMC_cell_CTCGAAAGTAACGCGA,0,0,0
EOC1_PBMC_cell_ACGATGTTCGCATGAT,0,0,0
EOC1_PBMC_cell_TCAGATGGTCCAACTA,0,0,0
EOC1_PBMC_cell_CTTAACTGTATATGGA,0,0,0
EOC1_PBMC_cell_TGCTACCCATGTCGAT,0,0,0
EOC1_PBMC_cell_CGCTATCCACCTCGTT,0,0,0
EOC1_PBMC_cell_CTCGAGGAGACAAAGG,0,0,0
EOC1_PBMC_cell_CATTCGCAGGGCTTGA,0,0,0
EOC1_PBMC_cell_GACCTGGCATTGTGCA,0,0,0
EOC1_PBMC_cell_GCGCAACAGCACCGTC,0,0,0
EOC1_PBMC_cell_CATCGAACACCAGGCT,0,0,0
EOC1_PBMC_cell_TCTTCGGAGCAGGTCA,0,0,0
EOC1_PBMC_cell_TGAAAGAAGCCAGTTT,0,0,0
EOC1_PBMC_cell_TTTCCTCTCGAGCCCA,0,0,0
EOC1_PBMC_cell_TGTGTTTGTACGCACC,0,0,0
EOC1_PBMC_cell_TGAGCCGAGGTAGCCA,0,0,0
EOC1_PBMC_cell_AGCGTATCAACTGCGC,0,0,0
EOC1_PBMC_cell_GGATTACGTATAGTAG,0,0,0
EOC1_PBMC_cell_AGTGTCAGTATATCCG,0,0,0
EOC1_PBMC_cell_GCATGTAGTCTAAAGA,0,0,0
EOC1_PBMC_cell_TAAGAGAGTAACGTTC,0,0,0
EOC1_PBMC_cell_TGCCCTAAGAAGGTTT,0,0,0
EOC1_PBMC_cell_ACCTTTACACGGTGTC,0,0,0
EOC1_PBMC_cell_AGGGTGATCATGCTCC,0,0,0
EOC1_PBMC_cell_TAGCCGGCATTGTGCA,0,0,0
EOC1_PBMC_cell_AAATGCCTCGGACAAG,0,0,0
EOC1_PBMC_cell_TAGAGCTAGCGATGAC,0,0,0
EOC1_PBMC_cell_ACTGCTCCAGGTTTCA,0,0,0
EOC1_PBMC_cell_CTCCTAGGTACCGTTA,0,0,0
EOC1_PBMC_cell_TACTTACTCAAGGTAA,0,0,0
EOC1_PBMC_cell_CAGTCCTCAAACTGTC,0,0,0
EOC1_PBMC_cell_GTATTCTGTAGCGTAG,0,0,0
EOC1_PBMC_cell_GCTGCGAGTAGAGTGC,0,0,0
EOC1_PBMC_cell_CATCAAGCACTTACGA,0,0,0
EOC1_PBMC_cell_ACAGCTAGTAGAGTGC,0,0,0
EOC1_PBMC_cell_GTTTCTATCAGAGCTT,0,0,0
EOC1_PBMC_cell_CTGATAGCAGGACCCT,0,0,0
EOC1_PBMC_cell_GTTCATTCACACCGAC,0,0,0
EOC1_PBMC_cell_GTGAAGGCAAACGCGA,0,0,0
EOC1_PBMC_cell_CTCTGGTTCCCTCAGT,0,0,0
EOC1_PBMC_cell_TGTATTCGTGCTTCTC,0,0,0
EOC1_PBMC_cell_CAGCAGCAGAGCTATA,0,0,0
EOC1_PBMC_cell_TCAACGACAGATGAGC,0,0,0
EOC1_PBMC_cell_CGCTATCTCATCACCC,0,0,0
EOC1_PBMC_cell_TATCTCAAGGCAATTA,0,0,0
EOC1_PBMC_cell_CCAGCGACACCGAATT,0,0,0
EOC1_PBMC_cell_CACCTTGAGCTAGTGG,0,0,0
EOC1_PBMC_cell_GAGTCCGTCACCACCT,0,0,0
EOC1_PBMC_cell_ACGCCGATCCCAAGTA,0,0,0
EOC1_PBMC_cell_GATGAGGAGCCACCTG,0,0,0
EOC1_PBMC_cell_CCTTCGATCTTGAGAC,0,0,0
EOC1_PBMC_cell_CTGAAGTTCAGTTAGC,0,0,0
EOC1_PBMC_cell_AAGGAGCCAGCCACCA,0,0,0
EOC1_PBMC_cell_AAGTCTGAGACACTAA,0,0,0
EOC1_PBMC_cell_ATTTCTGAGGCCGAAT,0,0,0
EOC1_PBMC_cell_GCTGCAGGTTAAGGGC,0,0,0
EOC1_PBMC_cell_GAGGTGAAGTCCAGGA,0,0,0
EOC1_PBMC_cell_TTGACTTCACCAGTTA,0,0,0
EOC1_PBMC_cell_CGTGTAACAATCGGTT,0,0,0
EOC1_PBMC_cell_GGAACTTCATTACCTT,0,0,0
EOC1_PBMC_cell_TGGTTCCTCATTATCC,0,0,0
EOC1_PBMC_cell_GAAGCAGAGCTTCGCG,0,0,0
EOC1_PBMC_cell_TGGGCGTCACACGCTG,0,0,0
EOC1_PBMC_cell_GATCTAGGTGGCAAAC,0,0,0
EOC1_PBMC_cell_CGGACTGAGACAGGCT,0,0,0
EOC1_PBMC_cell_ATGCGATCAGCGAACA,0,0,0
EOC1_PBMC_cell_TGAAAGATCCACTCCA,0,0,0
EOC1_PBMC_cell_CGGACACCAACGCACC,0,0,0
EOC1_PBMC_cell_GTGCAGCAGCAGCCTC,0,0,0
EOC1_PBMC_cell_CTCGTCACAGGTTTCA,0,0,0
EOC1_PBMC_cell_ATCCGAATCATACGGT,0,0,0
EOC1_PBMC_cell_TCTGAGAGTAGGGACT,0,0,0
EOC1_PBMC_cell_CCCAATCAGCGTGAGT,0,0,0
EOC1_PBMC_cell_TCTCATAGTAAACACA,0,0,0
EOC1_PBMC_cell_GTGCATATCTTATCTG,0,0,0
EOC1_PBMC_cell_TGCGCAGGTGCAACTT,0,0,0
EOC1_PBMC_cell_ATTCTACAGCACGCCT,0,0,0
EOC1_PBMC_cell_GCGCAACCACCATCCT,0,0,0
EOC1_PBMC_cell_TTGGAACAGGCACATG,0,0,0
EOC1_PBMC_cell_CCAGCGATCCTAGTGA,0,0,0
EOC1_PBMC_cell_ACACCAATCAAACAAG,0,0,0
EOC1_PBMC_cell_CTAATGGAGATGCCAG,0,0,0
EOC1_PBMC_cell_TTGGCAACATCGATGT,0,0,0
EOC1_PBMC_cell_AATCCAGTCCGCATAA,0,0,0
EOC1_PBMC_cell_TTGCCGTTCGGAATCT,0,0,0
EOC1_PBMC_cell_CTCTGGTGTACCGGCT,0,0,0
EOC1_PBMC_cell_CGTGTCTAGAGCCCAA,0,0,0
EOC1_PBMC_cell_GGAACTTGTGATGCCC,0,0,0
EOC1_PBMC_cell_GCTTCCACACTTGGAT,0,0,0
EOC1_PBMC_cell_ACGGGTCTCTAGCACA,0,0,0
EOC1_PBMC_cell_GCTCCTACAACACGCC,0,0,0
EOC1_PBMC_cell_ACATCAGTCCTTTACA,0,0,0
EOC1_PBMC_cell_GATCAGTGTACTTAGC,0,0,0
EOC1_PBMC_cell_CTCTGGTCAAATACAG,0,0,0
EOC1_PBMC_cell_CACATAGTCGATCCCT,0,0,0
EOC1_PBMC_cell_GACGTGCGTCAGAGGT,0,0,0
EOC1_PBMC_cell_ACACCGGGTCCGAAGA,0,0,0
EOC1_PBMC_cell_TTGAACGCAAGGCTCC,0,0,0
EOC1_PBMC_cell_CCACGGATCCCTCAGT,0,0,0
EOC1_PBMC_cell_CTTGGCTAGTTAAGTG,0,0,0
EOC1_PBMC_cell_CTACATTAGTGAAGAG,0,0,0
EOC1_PBMC_cell_TAGACCATCTTGTCAT,0,0,0
EOC1_PBMC_cell_GTATTCTAGATATGGT,0,0,0
EOC1_PBMC_cell_CCTATTATCCAGGGCT,0,0,0
EOC1_PBMC_cell_AGCTCTCTCTAGCACA,0,0,0
EOC1_PBMC_cell_GCGCCAATCACGATGT,0,0,0
EOC1_PBMC_cell_GGCAATTAGGAGTTGC,0,0,0
EOC1_PBMC_cell_TTAGGACCACGGCTAC,0,0,0
EOC1_PBMC_cell_AGTAGTCCAAGCCTAT,0,0,0
EOC1_PBMC_cell_ATCATGGTCGGTGTTA,0,0,0
EOC1_PBMC_cell_ATCACGACACGACTCG,0,0,0
EOC1_PBMC_cell_CAAGTTGCACCAGCAC,0,0,0
EOC1_PBMC_cell_TACACGAAGGCCATAG,0,0,0
EOC1_PBMC_cell_CAGCAGCAGGCATTGG,0,0,0
EOC1_PBMC_cell_TATCAGGGTGCACGAA,0,0,0
EOC1_PBMC_cell_AACTCAGGTCCATGAT,0,0,0
EOC1_PBMC_cell_CTCATTAAGGAATCGC,0,0,0
EOC1_PBMC_cell_GGGATGACATCACGTA,0,0,0
EOC1_PBMC_cell_ACGAGGACAGTAAGCG,0,0,0
EOC1_PBMC_cell_CTTGGCTAGAGCTATA,0,0,0
EOC1_PBMC_cell_AGCAGCCGTATAGGTA,0,0,0
EOC1_PBMC_cell_GATCGTATCTCAAGTG,0,0,0
EOC1_PBMC_cell_CCATTCGCACCAACCG,0,0,0
EOC1_PBMC_cell_AGGGAGTAGAATCTCC,0,0,0
EOC1_PBMC_cell_TAAGAGAAGTAACCCT,0,0,0
EOC1_PBMC_cell_CAGCATATCCAAACAC,0,0,0
EOC1_PBMC_cell_CACACAAAGGAGCGAG,0,0,0
EOC1_PBMC_cell_CTCCTAGAGTGTCTCA,0,0,0
EOC1_PBMC_cell_CGTAGGCCACCCTATC,0,0,0
EOC1_PBMC_cell_TATCTCAGTCTCACCT,0,0,0
EOC1_PBMC_cell_TCACAAGTCATGTAGC,0,0,0
EOC1_PBMC_cell_GGAACTTAGAGAGCTC,0,0,0
EOC1_PBMC_cell_CATCGGGTCGGCTACG,0,0,0
EOC1_PBMC_cell_CAGTAACCAGAAGCAC,0,0,0
EOC1_PBMC_cell_CAGCGACAGTTACCCA,0,0,0
EOC1_PBMC_cell_CGTTCTGTCGTCTGCT,0,0,0
EOC1_PBMC_cell_GTATTCTGTAAGCACG,0,0,0
EOC1_PBMC_cell_CCTTTCTGTGTAACGG,0,0,0
EOC1_PBMC_cell_GATGAGGCAGGAATCG,0,0,0
EOC1_PBMC_cell_GCAATCAAGAAACCGC,0,0,0
EOC1_PBMC_cell_TGCTACCCAGCATACT,0,0,0
EOC1_PBMC_cell_GATCTAGTCTAACTGG,0,0,0
EOC1_PBMC_cell_TGGTTAGTCGCCTGAG,0,0,0
EOC1_PBMC_cell_CTACGTCAGAAGGACA,0,0,0
EOC1_PBMC_cell_TCGGTAAGTTGGGACA,0,0,0
EOC1_PBMC_cell_GGACAGACACCAACCG,0,0,0
EOC1_PBMC_cell_CCTCTGAGTGACGCCT,0,0,0
EOC1_PBMC_cell_GTGCTTCGTAGTGAAT,0,0,0
EOC1_PBMC_cell_CTCGTACGTCCGTTAA,0,0,0
EOC1_PBMC_cell_TGCGGGTAGGTCATCT,0,0,0
EOC1_PBMC_cell_GGACAAGAGTAATCCC,0,0,0
EOC1_PBMC_cell_GACCAATTCTTCAACT,0,0,0
EOC1_PBMC_cell_GTGCGGTCATGCATGT,0,0,0
EOC1_PBMC_cell_GTAGGCCGTTCCACTC,0,0,0
EOC1_PBMC_cell_GAACGGAAGGTGACCA,0,0,0
EOC1_PBMC_cell_GTGTTAGCAGCCTGTG,0,0,0
EOC1_PBMC_cell_TCCACACGTGTTCGAT,0,0,0
EOC1_PBMC_cell_AGCGGTCTCTCGAGTA,0,0,0
EOC1_PBMC_cell_CCCAGTTTCTCCGGTT,0,0,0
EOC1_PBMC_cell_TCGAGGCAGAGACTAT,0,0,0
EOC1_PBMC_cell_TTAACTCTCTTTAGGG,0,0,0
EOC1_PBMC_cell_GGACAAGAGGCAATTA,0,0,0
EOC1_PBMC_cell_AGGTCCGAGGCATGGT,0,0,0
EOC1_PBMC_cell_TCTTCGGCAAGAAAGG,0,0,0
EOC1_PBMC_cell_GAAATGACACGGCCAT,0,0,0
EOC1_PBMC_cell_CAACCAAAGTACACCT,0,0,0
EOC1_PBMC_cell_AAGGTTCAGACGCAAC,0,0,0
EOC1_PBMC_cell_GGCGACTTCGGTTCGG,0,0,0
EOC1_PBMC_cell_CAACCTCTCGTAGGAG,0,0,0
EOC1_PBMC_cell_AGATCTGAGCTGCGAA,0,0,0
EOC1_PBMC_cell_TGCTACCCACTAGTAC,0,0,0
EOC1_PBMC_cell_AAAGTAGAGCCTTGAT,0,0,0
EOC1_PBMC_cell_CCGTGGAAGCGCCTCA,0,0,0
EOC1_PBMC_cell_CATCAAGGTGCACCAC,0,0,0
EOC1_PBMC_cell_CCTCAGTAGGCCCTCA,0,0,0
EOC1_PBMC_cell_ACGGGTCCAGTCTTCC,0,0,0
EOC1_PBMC_cell_ACGGGCTGTCCGAATT,0,0,0
EOC1_PBMC_cell_CTAGTGAGTATAAACG,0,0,0
EOC1_PBMC_cell_CACCTTGTCGCCTGTT,0,0,0
EOC1_PBMC_cell_ATTATCCGTGGTTTCA,0,0,0
EOC1_PBMC_cell_GTGTGCGTCTGTACGA,0,0,0
EOC1_PBMC_cell_GAAGCAGCAGGATCGA,0,0,0
EOC1_PBMC_cell_TAGACCAGTAAGGGCT,0,0,0
EOC1_PBMC_cell_CTACACCAGACAAGCC,0,0,0
EOC1_PBMC_cell_GGCGTGTCATCACGAT,0,0,0
EOC1_PBMC_cell_GTCAAGTAGCCCTAAT,0,0,0
EOC1_PBMC_cell_CTCTACGCAGATCTGT,0,0,0
EOC1_PBMC_cell_TTCTCAAGTTTGACTG,0,0,0
EOC1_PBMC_cell_TAGTTGGCAATAGAGT,0,0,0
EOC1_PBMC_cell_AACTGGTGTTATGTGC,0,0,0
EOC1_PBMC_cell_TTTGGTTAGGGTGTGT,0,0,0
EOC1_PBMC_cell_CATCCACCACGAAGCA,0,0,0
EOC1_PBMC_cell_CGGGTCAAGGAGTACC,0,0,0
EOC1_PBMC_cell_ACGAGGATCTTGTTTG,0,0,0
EOC1_PBMC_cell_TATTACCAGGCATGGT,0,0,0
EOC1_PBMC_cell_CCGGGATTCGGCCGAT,0,0,0
EOC1_PBMC_cell_GACGTGCAGTCCTCCT,0,0,0
EOC1_PBMC_cell_CGTGTAATCGTAGATC,0,0,0
EOC1_PBMC_cell_CGGGTCATCACATAGC,0,0,0
EOC1_PBMC_cell_ACTTACTTCAATAAGG,0,0,0
EOC1_PBMC_cell_ATGTGTGGTAGAGGAA,0,0,0
EOC1_PBMC_cell_CTCGGGACAATTCCTT,0,0,0
EOC1_PBMC_cell_TTAGTTCTCTTGTCAT,0,0,0
EOC1_PBMC_cell_TGATTTCCACCAGGTC,0,0,0
EOC1_PBMC_cell_TGCCCTAGTTATGCGT,0,0,0
EOC1_PBMC_cell_GAATAAGGTAAATACG,0,0,0
EOC1_PBMC_cell_AACTCTTAGGATGGTC,0,0,0
EOC1_PBMC_cell_ACACCGGCAGCCTATA,0,0,0
EOC1_PBMC_cell_ATTATCCAGCGAAGGG,0,0,0
EOC1_PBMC_cell_GTCTTCGAGGCGACAT,0,0,0
EOC1_PBMC_cell_GCCAAATTCTACCTGC,0,0,0
EOC1_PBMC_cell_TGGTTAGTCATTTGGG,0,0,0
EOC1_PBMC_cell_AGAGCTTGTCATCGGC,0,0,0
EOC1_PBMC_cell_TGAGCATTCGCACTCT,0,0,0
EOC1_PBMC_cell_AATCCAGCATGTAAGA,0,0,0
EOC1_PBMC_cell_CTAATGGGTCGTTGTA,0,0,0
EOC1_PBMC_cell_GCAAACTAGAAACGCC,0,0,0
EOC1_PBMC_cell_CTCGTCAAGATGTCGG,0,0,0
EOC1_PBMC_cell_GTCTCGTTCAACACGT,0,0,0
EOC1_PBMC_cell_GTACTTTTCTAACTCT,0,0,0
EOC1_PBMC_cell_CTGAAGTAGCACGCCT,0,0,0
EOC1_PBMC_cell_TATGCCCTCTGCCAGG,0,0,0
EOC1_PBMC_cell_CACAAACGTTTGTTTC,0,0,0
EOC1_PBMC_cell_TGTGGTATCATATCGG,0,0,0
EOC1_PBMC_cell_AAGGCAGTCCAAACTG,0,0,0
EOC1_PBMC_cell_GGGATGAGTTCACCTC,0,0,0
EOC1_PBMC_cell_GACGGCTAGAGTAAGG,0,0,0
EOC1_PBMC_cell_CGAGCCAAGCACGCCT,0,0,0
EOC1_PBMC_cell_CGCTATCTCAGTCCCT,0,0,0
EOC1_PBMC_cell_AACTCAGTCTTACCTA,0,0,0
EOC1_PBMC_cell_CTCTGGTGTGAGGGTT,0,0,0
EOC1_PBMC_cell_TGACAACAGTGTTTGC,0,0,0
EOC1_PBMC_cell_AAGACCTGTGCCTTGG,0,0,0
EOC1_PBMC_cell_TGTTCCGGTACCGCTG,0,0,0
EOC1_PBMC_cell_ACGGAGATCAAGGCTT,0,0,0
EOC1_PBMC_cell_ACGATGTAGTACGATA,0,0,0
EOC1_PBMC_cell_CCACCTAAGATGTAAC,0,0,0
EOC1_PBMC_cell_GCGCGATCACAGATTC,0,0,0
EOC1_PBMC_cell_AACTCCCCAAGTCTGT,0,0,0
EOC1_PBMC_cell_ATTGGACGTGCCTGTG,0,0,0
EOC1_PBMC_cell_ATCTGCCCACGCCAGT,0,0,0
EOC1_PBMC_cell_GCAGCCAGTATCTGCA,0,0,0
EOC1_PBMC_cell_TTTATGCAGATCGGGT,0,0,0
EOC1_PBMC_cell_GTGGGTCTCGGTCTAA,0,0,0
EOC1_PBMC_cell_TGCCAAATCGCAAGCC,0,0,0
EOC1_PBMC_cell_GCTGCAGTCGACCAGC,0,0,0
EOC1_PBMC_cell_CATTATCAGCGTTGCC,0,0,0
EOC1_PBMC_cell_ACTGATGCAGGAATGC,0,0,0
EOC1_PBMC_cell_CGATTGAAGGCGTACA,0,0,0
EOC1_PBMC_cell_CGTGAGCAGCTGTCTA,0,0,0
EOC1_PBMC_cell_CGATTGATCGCCCTTA,0,0,0
EOC1_PBMC_cell_ATTACTCTCCCGACTT,0,0,0
EOC1_PBMC_cell_CACCTTGGTCATCGGC,0,0,0
EOC1_PBMC_cell_CAGATCAAGTTTGCGT,0,0,0
EOC1_PBMC_cell_TATTACCAGTAGCCGA,0,0,0
EOC1_PBMC_cell_CATCAAGAGTGGTAGC,0,0,0
EOC1_PBMC_cell_TTCTACACAGCTATTG,0,0,0
EOC1_PBMC_cell_AAGGCAGCAGATGAGC,0,0,0
EOC1_PBMC_cell_TCGCGTTTCTGATTCT,0,0,0
EOC1_PBMC_cell_GCTCTGTAGAAACGAG,0,0,0
EOC1_PBMC_cell_CGTTGGGAGGCAAAGA,0,0,0
EOC1_PBMC_cell_CGACTTCTCATTTGGG,0,0,0
EOC1_PBMC_cell_GTCTCGTCAGTATCTG,0,0,0
EOC1_PBMC_cell_TCAATCTTCTGTACGA,0,0,0
EOC1_PBMC_cell_AAGGTTCCAGGTGCCT,0,0,0
EOC1_PBMC_cell_GGGACCTTCGTCTGAA,0,0,0
EOC1_PBMC_cell_GCCTCTAAGAGTCTGG,0,0,0
EOC1_PBMC_cell_TGAGAGGTCGGTGTCG,0,0,0
EOC1_PBMC_cell_AGCTCTCAGGTAGCCA,0,0,0
EOC1_PBMC_cell_ATGCGATGTTTGTGTG,0,0,0
EOC1_PBMC_cell_CCGGGATCATGTTCCC,0,0,0
EOC1_PBMC_cell_AGAGCTTGTAGCGTCC,0,0,0
EOC1_PBMC_cell_GAACCTATCTGTGCAA,0,0,0
EOC1_PBMC_cell_TGAGGGATCACCGGGT,0,0,0
EOC1_PBMC_cell_GACGGCTGTCCGAATT,0,0,0
EOC1_PBMC_cell_ACTTACTTCGTCACGG,0,0,0
EOC1_PBMC_cell_GGGAATGGTTCACGGC,0,0,0
EOC1_PBMC_cell_GACACGCAGAGTCGGT,0,0,0
EOC1_PBMC_cell_CGCTTCATCGGTGTCG,0,0,0
EOC1_PBMC_cell_GAACCTAGTTAGAACA,0,0,0
EOC1_PBMC_cell_TTAGGCAGTAGCGCAA,0,0,0
EOC1_PBMC_cell_CTCGAGGAGTTAACGA,0,0,0
EOC1_PBMC_cell_CTAAGACCAAGTTAAG,0,0,0
EOC1_PBMC_cell_CTACGTCAGCTGCGAA,0,0,0
EOC1_PBMC_cell_CGTGTAACATCACCCT,0,0,0
EOC1_PBMC_cell_ACTTTCAGTCTTTCAT,0,0,0
EOC1_PBMC_cell_GCAATCAAGGGTTCCC,0,0,0
EOC1_PBMC_cell_CATCCACCAAAGGTGC,0,0,0
EOC1_PBMC_cell_GCAGTTAGTAGTACCT,0,0,0
EOC1_PBMC_cell_AAATGCCGTCATATCG,0,0,0
EOC1_PBMC_cell_TTCGGTCTCTGACCTC,0,0,0
EOC1_PBMC_cell_ACGCCAGAGGCCCTCA,0,0,0
EOC1_PBMC_cell_GCAGTTACATTTCAGG,0,0,0
EOC1_PBMC_cell_CGCGGTACACTGCCAG,0,0,0
EOC1_PBMC_cell_CTAGCCTCAAGTCTGT,0,0,0
EOC1_PBMC_cell_CCACCTAGTCAGGACA,0,0,0
EOC1_PBMC_cell_TAGACCAGTTACGACT,0,0,0
EOC1_PBMC_cell_AAGGAGCCACGAAACG,0,0,0
EOC1_PBMC_cell_GCATGCGTCCAGTAGT,0,0,0
EOC1_PBMC_cell_CGTGTAACAAAGCAAT,0,0,0
EOC1_PBMC_cell_CTTCTCTTCAGAAATG,0,0,0
EOC1_PBMC_cell_GTAGGCCTCCGCAGTG,0,0,0
EOC1_PBMC_cell_CTACCCACAGGAATGC,0,0,0
EOC1_PBMC_cell_CGGGTCATCACTTATC,0,0,0
EOC1_PBMC_cell_CAACCTCGTGAGGGTT,0,0,0
EOC1_PBMC_cell_AGCATACAGTATTGGA,0,0,0
EOC1_PBMC_cell_CAGTCCTAGTGTCCCG,0,0,0
EOC1_PBMC_cell_GATCTAGGTGTTTGGT,0,0,0
EOC1_PBMC_cell_CGACTTCTCCCTTGCA,0,0,0
EOC1_PBMC_cell_GTCCTCACAGCATACT,0,0,0
EOC1_PBMC_cell_AAGGAGCCAGACGCAA,0,0,0
EOC1_PBMC_cell_CCCTCCTGTAACGTTC,0,0,0
EOC1_PBMC_cell_TTTGCGCTCTCGATGA,0,0,0
EOC1_PBMC_cell_ACGAGGACAGAGCCAA,0,0,0
EOC1_PBMC_cell_CTTAGGATCCTTTCGG,0,0,0
EOC1_PBMC_cell_TACGGGCGTGTTAAGA,0,0,0
EOC1_PBMC_cell_TGGTTAGAGACCTAGG,0,0,0
EOC1_PBMC_cell_ACGGGTCGTTTGCATG,0,0,0
EOC1_PBMC_cell_GTCGGGTCAGGCAGTA,0,0,0
EOC1_PBMC_cell_GACTACAAGGTAGCCA,0,0,0
EOC1_PBMC_cell_TTGACTTTCGCGTAGC,0,0,0
EOC1_PBMC_cell_CACATTTTCGGTGTCG,0,0,0
EOC1_PBMC_cell_ACGCCAGTCAACGGGA,0,0,0
EOC1_PBMC_cell_GACGTGCCACTTCGAA,0,0,0
EOC1_PBMC_cell_ACCCACTGTCTGGAGA,0,0,0
EOC1_PBMC_cell_TAGAGCTAGTCCAGGA,0,0,0
EOC1_PBMC_cell_CAGCCGAGTAACGTTC,0,0,0
EOC1_PBMC_cell_GCGCGATGTAAACACA,0,0,0
EOC1_PBMC_cell_GGTGCGTGTCCAGTTA,0,0,0
EOC1_PBMC_cell_CTTCTCTCACCACCAG,0,0,0
EOC1_PBMC_cell_CACACTCTCCTTCAAT,0,0,0
EOC1_PBMC_cell_TCAGGTAAGAGCTATA,0,0,0
EOC1_PBMC_cell_GTGTGCGAGTTGTAGA,0,0,0
EOC1_PBMC_cell_AGGCCGTAGACTAGAT,0,0,0
EOC1_PBMC_cell_ATGTGTGGTGCATCTA,0,0,0
EOC1_PBMC_cell_CTACACCCAATGTAAG,0,0,0
EOC1_PBMC_cell_TCGGGACTCCCAGGTG,0,0,0
EOC1_PBMC_cell_CGATGGCTCTATCCCG,0,0,0
EOC1_PBMC_cell_CCTATTATCCTACAGA,0,0,0
EOC1_PBMC_cell_TACACGATCGGAGGTA,0,0,0
EOC1_PBMC_cell_GGTATTGTCAGTTTGG,0,0,0
EOC1_PBMC_cell_AGATCTGAGGCCATAG,0,0,0
EOC1_PBMC_cell_CGACCTTGTCCATGAT,0,0,0
EOC1_PBMC_cell_TCGCGTTCAATGGAGC,0,0,0
EOC1_PBMC_cell_CATTATCCAGTTCATG,0,0,0
EOC1_PBMC_cell_GTCCTCATCTCATTCA,0,0,0
EOC1_PBMC_cell_CCGTTCAAGAGATGAG,0,0,0
EOC1_PBMC_cell_CTGAAGTAGACCCACC,0,0,0
EOC1_PBMC_cell_AGAATAGGTTAAGTAG,0,0,0
EOC1_PBMC_cell_AACTTTCGTAGCGTCC,0,0,0
EOC1_PBMC_cell_GTAGTCACATGCCCGA,0,0,0
EOC1_PBMC_cell_TAAGTGCAGGCTCTTA,0,0,0
EOC1_PBMC_cell_ATAGACCAGAATAGGG,0,0,0
EOC1_PBMC_cell_ACGGAGAAGTAATCCC,0,0,0
EOC1_PBMC_cell_GCGGGTTCAAGTTAAG,0,0,0
EOC1_PBMC_cell_GTAGGCCAGAGGACGG,0,0,0
EOC1_PBMC_cell_CTAACTTAGTACTTGC,0,0,0
EOC1_PBMC_cell_TATCAGGTCTAAGCCA,0,0,0
EOC1_PBMC_cell_TCACAAGAGTGTACCT,0,0,0
EOC1_PBMC_cell_GCGCCAAAGGCCCGTT,0,0,0
EOC1_PBMC_cell_GAGTCCGGTTGGTGGA,0,0,0
EOC1_PBMC_cell_TGTATTCTCCCATTAT,0,0,1
EOC1_PBMC_cell_CCTTTCTTCCTCTAGC,0,0,0
EOC1_PBMC_cell_GAGCAGAGTTTGTGTG,0,0,0
EOC1_PBMC_cell_TTGCGTCCAGATTGCT,0,0,0
EOC1_PBMC_cell_TTTACTGCAATGTTGC,0,0,0
EOC1_PBMC_cell_CTCAGAAGTTATGTGC,0,0,0
EOC1_PBMC_cell_CAGAGAGGTCCGTGAC,0,0,0
EOC1_PBMC_cell_AGTTGGTCACATCTTT,0,0,0
EOC1_PBMC_cell_CCAGCGATCCGAATGT,0,0,0
EOC1_PBMC_cell_ATCCGAAAGCCGCCTA,0,0,0
EOC1_PBMC_cell_ATGCGATTCATGCTCC,0,0,0
EOC1_PBMC_cell_CAAGGCCCATCACAAC,0,0,0
EOC1_PBMC_cell_CAAGTTGAGACGCACA,0,0,0
EOC1_PBMC_cell_CTCAGAATCACCGGGT,0,0,0
EOC1_PBMC_cell_GCACATAAGAAGATTC,0,0,0
EOC1_PBMC_cell_CACACAAAGAGTAAGG,0,0,0
EOC1_PBMC_cell_GTGCAGCCATGTCCTC,0,0,0
EOC1_PBMC_cell_CGAGCACGTAGCCTAT,0,0,0
EOC1_PBMC_cell_ACCAGTACACGGCCAT,0,0,0
EOC1_PBMC_cell_TGCCAAAAGTCCATAC,0,0,0
EOC1_PBMC_cell_AAGGTTCAGAATTCCC,0,0,0
EOC1_PBMC_cell_CAGCCGAGTGCATCTA,0,0,0
EOC1_PBMC_cell_CAGCTAAAGACTACAA,0,0,0
EOC1_PBMC_cell_GTGCGGTGTTTGCATG,0,0,0
EOC1_PBMC_cell_AAGACCTAGTCAAGCG,0,0,0
EOC1_PBMC_cell_GATGCTATCGCGCCAA,0,0,0
EOC1_PBMC_cell_AAACGGGCAGTGAGTG,0,0,0
EOC1_PBMC_cell_AACCATGGTAAGAGGA,0,0,0
EOC1_PBMC_cell_CCCTCCTAGAAGATTC,0,0,0
EOC1_PBMC_cell_AGAGCTTAGTTAAGTG,0,0,0
EOC1_PBMC_cell_GACTGCGAGCCACGTC,0,0,0
EOC1_PBMC_cell_GACCTGGGTCTCACCT,0,0,0
EOC1_PBMC_cell_TCTGAGACAATACGCT,0,0,0
EOC1_PBMC_cell_GAACATCAGGTGACCA,0,0,0
EOC1_PBMC_cell_CTAATGGAGGAATGGA,0,0,0
EOC1_PBMC_cell_GAAGCAGGTCCATGAT,0,0,0
EOC1_PBMC_cell_CACATAGTCCGCTGTT,0,0,0
EOC1_PBMC_cell_ACCTTTACAGTTCCCT,0,0,0
EOC1_PBMC_cell_TGCTGCTTCAACACTG,0,0,0
EOC1_PBMC_cell_CGAATGTTCAGCAACT,0,0,0
EOC1_PBMC_cell_GATGCTAAGCGGCTTC,0,0,0
EOC1_PBMC_cell_AACTTTCGTGACGCCT,0,0,0
EOC1_PBMC_cell_TTCTTAGGTGACTACT,0,0,0
EOC1_PBMC_cell_CTTTGCGTCCGCAGTG,0,0,0
EOC1_PBMC_cell_GTCATTTCACACAGAG,0,0,0
EOC1_PBMC_cell_AAAGTAGTCCTTGACC,0,0,0
EOC1_PBMC_cell_ATCCGAAAGGGTCTCC,0,0,0
EOC1_PBMC_cell_CTACACCGTACCGTTA,0,0,0
EOC1_PBMC_cell_TTTACTGTCACGACTA,0,0,0
EOC1_PBMC_cell_CATGCCTTCATGGTCA,0,0,0
EOC1_PBMC_cell_ACACCAAGTCTCCACT,0,0,0
EOC1_PBMC_cell_AATCCAGCATCGATTG,0,0,0
EOC1_PBMC_cell_CCATGTCCAATGTTGC,0,0,0
EOC1_PBMC_cell_TCAGGATCATGCAATC,0,0,0
EOC1_PBMC_cell_AGGCCACCAACGATCT,0,0,0
EOC1_PBMC_cell_AAGACCTGTGAGGGTT,0,0,0
EOC1_PBMC_cell_GCTGCAGCACGCATCG,0,0,0
EOC1_PBMC_cell_AACGTTGAGTCCCACG,0,0,0
EOC1_PBMC_cell_AGTCTTTGTGGACGAT,0,0,0
EOC1_PBMC_cell_CGCTTCAAGGTGCAAC,0,0,0
EOC1_PBMC_cell_TAGAGCTCAGGAATGC,0,0,0
EOC1_PBMC_cell_GAATGAAAGCATCATC,0,0,0
EOC1_PBMC_cell_TCTCTAAAGCGCCTTG,0,0,0
EOC1_PBMC_cell_CCAATCCCAAACAACA,0,0,0
EOC1_PBMC_cell_GAAATGAAGACGCTTT,0,0,0
EOC1_PBMC_cell_GATGAGGAGGTTCCTA,0,0,0
EOC1_PBMC_cell_GTTCGGGCATACGCCG,0,0,0
EOC1_PBMC_cell_CCGTGGAAGGGAGTAA,0,0,0
EOC1_PBMC_cell_CTAATGGTCACTCTTA,0,0,0
EOC1_PBMC_cell_TAAGTGCTCTGATTCT,0,0,0
EOC1_PBMC_cell_ATGCGATTCCTATGTT,0,0,0
EOC1_PBMC_cell_CTGCGGATCTTAGCCC,0,0,0
EOC1_PBMC_cell_CCGGGATCATCCGGGT,0,0,0
EOC1_PBMC_cell_TGCGGGTGTAGCACGA,0,0,0
EOC1_PBMC_cell_ACGGCCAGTCGCGGTT,0,0,0
EOC1_PBMC_cell_GGAACTTAGTGGGTTG,0,0,0
EOC1_PBMC_cell_CTCCTAGCAGCCTATA,0,0,0
EOC1_PBMC_cell_TACACGACAATGAAAC,0,0,0
EOC1_PBMC_cell_TGAGCCGCACAGATTC,0,0,0
EOC1_PBMC_cell_TGAGGGATCTTAGAGC,0,0,0
EOC1_PBMC_cell_TAGTTGGAGATACACA,0,0,0
EOC1_PBMC_cell_TCATTTGGTTCTCATT,0,0,0
EOC1_PBMC_cell_ACGAGGACATAGACTC,0,0,0
EOC1_PBMC_cell_TTCCCAGGTGACCAAG,0,0,0
EOC1_PBMC_cell_TCAGCTCTCAAACAAG,0,0,0
EOC1_PBMC_cell_CTGTTTATCTGTTGAG,0,0,0
EOC1_PBMC_cell_GGGATGAGTTCCAACA,0,0,0
EOC1_PBMC_cell_ATTGGTGGTTGGTGGA,0,0,0
EOC1_PBMC_cell_CGTTCTGAGAGGTAGA,0,0,0
EOC1_PBMC_cell_TATCAGGCATCCTTGC,0,0,0
EOC1_PBMC_cell_TTGCGTCAGGAACTGC,0,0,0
EOC1_PBMC_cell_TACCTTACAAGGTGTG,0,0,0
EOC1_PBMC_cell_CTGAAACTCCTTTCGG,0,0,0
EOC1_PBMC_cell_TGCTGCTAGAGGGCTT,0,0,0
EOC1_PBMC_cell_AGTGTCAAGCTTTGGT,0,0,0
EOC1_PBMC_cell_CGTCTACAGCGATATA,0,0,0
EOC1_PBMC_cell_AACTCAGTCTACTCAT,0,0,0
EOC1_PBMC_cell_TGAGCCGTCACATACG,0,0,0
EOC1_PBMC_cell_CATTATCTCAAACGGG,0,0,0
EOC1_PBMC_cell_AGGGATGGTTCGTTGA,0,0,0
EOC1_PBMC_cell_CAGCCGAAGTGCCATT,0,0,0
EOC1_PBMC_cell_AGCTCTCAGATGCGAC,0,0,0
EOC1_PBMC_cell_GGACAGAGTTACCAGT,0,0,0
EOC1_PBMC_cell_AACACGTGTCTTGTCC,0,0,0
EOC1_PBMC_cell_CTCTACGGTCTGGAGA,0,0,0
EOC1_PBMC_cell_CACTCCATCGCATGAT,0,0,1
EOC1_PBMC_cell_GTACGTAAGCGATCCC,0,0,0
EOC1_PBMC_cell_TACGGATAGAATAGGG,0,0,0
EOC1_PBMC_cell_AGACGTTTCAACTCTT,0,0,0
EOC1_PBMC_cell_TTGGAACGTCGCGGTT,0,0,0
EOC1_PBMC_cell_CATATTCCATCTATGG,0,0,0
EOC1_PBMC_cell_GATTCAGGTTCGCTAA,0,0,0
EOC1_PBMC_cell_GGAGCAAGTGATGATA,0,0,0
EOC1_PBMC_cell_TACGGATGTCATCCCT,0,0,0
EOC1_PBMC_cell_CAGTAACTCGGAAATA,0,0,0
EOC1_PBMC_cell_CTGTGCTGTCGACTGC,0,0,0
EOC1_PBMC_cell_CGTGAGCTCACAGTAC,0,0,0
EOC1_PBMC_cell_CTTAGGAGTGCTCTTC,0,0,0
EOC1_PBMC_cell_ACGATACTCATTTGGG,0,0,0
EOC1_PBMC_cell_GTGGGTCCAAGCCTAT,0,0,0
EOC1_PBMC_cell_CTCATTAGTTGTTTGG,0,0,0
EOC1_PBMC_cell_GACTGCGCAACTGCTA,0,0,0
EOC1_PBMC_cell_TATGCCCAGAAGATTC,0,0,0
EOC1_PBMC_cell_CGTAGCGAGAGTACCG,0,0,0
EOC1_PBMC_cell_GCTTGAATCTGAAAGA,0,0,0
EOC1_PBMC_cell_TCGGTAATCTCATTCA,0,0,0
EOC1_PBMC_cell_TTCTTAGAGCTTCGCG,0,0,0
EOC1_PBMC_cell_CTGGTCTGTGTTTGGT,0,0,0
EOC1_PBMC_cell_AGCCTAAAGGGATCTG,0,0,0
EOC1_PBMC_cell_CTGAAGTAGGTGGGTT,0,0,0
EOC1_PBMC_cell_GACTAACGTCCATCCT,0,0,0
EOC1_PBMC_cell_GGATGTTTCAGGATCT,0,0,0
EOC1_PBMC_cell_CGGAGCTTCTGCTGCT,0,0,0
EOC1_PBMC_cell_CATTATCAGGAACTGC,0,0,0
EOC1_PBMC_cell_GTCTTCGGTAGCGTAG,0,0,0
EOC1_PBMC_cell_TGAGCATTCGGTTAAC,0,0,0
EOC1_PBMC_cell_GATCTAGAGGCTATCT,0,0,0
EOC1_PBMC_cell_CGACCTTTCGGAATCT,0,0,0
EOC1_PBMC_cell_GAATGAATCTGAAAGA,0,0,0
EOC1_PBMC_cell_GACGCGTCATTCCTGC,0,0,0
EOC1_PBMC_cell_GCGCGATAGGCGACAT,0,0,0
EOC1_PBMC_cell_CACATTTGTAGAAAGG,0,0,0
EOC1_PBMC_cell_ACGGCCACATTTGCCC,0,0,0
EOC1_PBMC_cell_GACCAATAGTCCATAC,0,0,0
EOC1_PBMC_cell_GTCAAGTGTCTTCGTC,0,0,0
EOC1_PBMC_cell_GTATCTTGTTGTGGAG,0,0,0
EOC1_PBMC_cell_GCGCAACAGTATTGGA,0,0,0
EOC1_PBMC_cell_GCAGTTAAGGCCATAG,0,0,0
EOC1_PBMC_cell_TAGAGCTCAGGGCATA,0,0,0
EOC1_PBMC_cell_TTCTCAATCGGAAACG,0,0,0
EOC1_PBMC_cell_AGCATACCAATGAAAC,0,0,0
EOC1_PBMC_cell_TGGTTAGCACGAAATA,0,0,0
EOC1_PBMC_cell_CTTAACTGTGATAAAC,0,0,0
EOC1_PBMC_cell_AGGGATGTCAGCACAT,0,0,0
EOC1_PBMC_cell_TGCGTGGTCCGGGTGT,0,0,0
EOC1_PBMC_cell_CTAGAGTAGTACGCCC,0,0,0
EOC1_PBMC_cell_CCACGGAAGTCGAGTG,0,0,0
EOC1_PBMC_cell_AACTTTCTCTAGAGTC,0,0,0
EOC1_PBMC_cell_CACCTTGTCCTCAACC,0,0,0
EOC1_PBMC_cell_ATCCGAAAGTGAAGTT,0,0,0
EOC1_PBMC_cell_TCAATCTCAACAACCT,0,0,0
EOC1_PBMC_cell_TCGCGAGAGATCCGAG,0,0,0
EOC1_PBMC_cell_GTCTTCGTCCAAACTG,0,0,0
EOC1_PBMC_cell_TGGCCAGCAATACGCT,0,0,0
EOC1_PBMC_cell_TGGACGCAGACTAAGT,0,0,0
EOC1_PBMC_cell_CACAGGCTCTACGAGT,0,0,0
EOC1_PBMC_cell_GTCATTTTCCAGAAGG,0,0,0
EOC1_PBMC_cell_AAAGATGGTTCACGGC,0,0,0
EOC1_PBMC_cell_TGTCCCATCAAACCGT,0,0,0
EOC1_PBMC_cell_ACCGTAACAGCCTGTG,0,0,0
EOC1_PBMC_cell_CTTAACTTCCACGACG,0,0,0
EOC1_PBMC_cell_ACTGATGAGGCTAGGT,0,0,0
EOC1_PBMC_cell_CAGCGACGTAGCTAAA,0,0,0
EOC1_PBMC_cell_ACTGAACTCCAGGGCT,0,0,0
EOC1_PBMC_cell_TACAGTGTCCAAATGC,0,0,0
EOC1_PBMC_cell_CGTTAGAGTCCGTTAA,0,0,0
EOC1_PBMC_cell_AGGGAGTAGTGGTAGC,0,0,0
EOC1_PBMC_cell_GCATGCGGTTTGGCGC,0,0,0
EOC1_PBMC_cell_AATCCAGCACCAGTTA,0,0,0
EOC1_PBMC_cell_AACTCCCTCAGCTTAG,0,0,0
EOC1_PBMC_cell_AGGCCGTGTATAATGG,0,0,0
EOC1_PBMC_cell_CTCAGAACACTACAGT,0,0,0
EOC1_PBMC_cell_CGAGCACCACCAGCAC,0,0,0
EOC1_PBMC_cell_CATTCGCCAGATGGCA,0,0,0
EOC1_PBMC_cell_CGGCTAGCAGGGAGAG,0,0,0
EOC1_PBMC_cell_TTGAACGGTTGGGACA,0,0,0
EOC1_PBMC_cell_GGATTACTCATCTGTT,0,0,0
EOC1_PBMC_cell_TAGAGCTTCGTATCAG,0,0,0
EOC1_PBMC_cell_GGCGTGTCACGGTAGA,0,0,0
EOC1_PBMC_cell_GCACATAAGAGCCCAA,0,0,0
EOC1_PBMC_cell_AGCATACAGAACAACT,0,0,0
EOC1_PBMC_cell_CGTCAGGAGGACCACA,0,0,0
EOC1_PBMC_cell_ATTATCCAGGCAATTA,0,0,0
EOC1_PBMC_cell_TTTACTGCATTTCACT,0,0,0
EOC1_PBMC_cell_GATGAAACATTGAGCT,0,0,0
EOC1_PBMC_cell_CCTACACGTACTTGAC,0,0,0
EOC1_PBMC_cell_GTTAAGCAGACAAGCC,0,0,0
EOC1_PBMC_cell_GGGAATGTCGGTTAAC,0,0,0
EOC1_PBMC_cell_CTCCTAGCATTTGCTT,0,0,0
EOC1_PBMC_cell_AGACGTTGTTGGGACA,0,0,0
EOC1_PBMC_cell_CGCCAAGTCGGAAATA,0,0,0
EOC1_PBMC_cell_CCTCAGTGTGACTCAT,0,0,0
EOC1_PBMC_cell_GTAGTCAGTCCAACTA,0,0,0
EOC1_PBMC_cell_TATGCCCAGTGGTAGC,0,0,0
EOC1_PBMC_cell_TTTCCTCAGAATAGGG,0,0,0
EOC1_PBMC_cell_CGTTAGATCCCTTGCA,0,0,0
EOC1_PBMC_cell_GCTGCTTAGGGCATGT,0,0,0
EOC1_PBMC_cell_TGGGCGTCAACTTGAC,0,0,0
EOC1_PBMC_cell_TTCTCAATCTGCTTGC,0,0,0
EOC1_PBMC_cell_GGGTTGCCACTCTGTC,0,0,0
EOC1_PBMC_cell_GCAATCAGTCGGCTCA,0,0,0
EOC1_PBMC_cell_GGGACCTAGAATCTCC,0,0,0
EOC1_PBMC_cell_TCAATCTCAATGGAAT,0,0,0
EOC1_PBMC_cell_CAGTCCTAGAAACGAG,0,0,0
EOC1_PBMC_cell_CTGAAGTTCAGCGACC,0,0,0
EOC1_PBMC_cell_ACGGGTCAGCACCGCT,0,0,0
EOC1_PBMC_cell_TACGGATAGTATCGAA,0,0,0
EOC1_PBMC_cell_TGGCTGGCACTTGGAT,0,0,0
EOC1_PBMC_cell_CGTGTAACAAAGTGCG,0,0,0
EOC1_PBMC_cell_GTATTCTAGGTGCTAG,0,0,0
EOC1_PBMC_cell_ACTTGTTGTAGGCTGA,0,0,0
EOC1_PBMC_cell_CTACCCAGTTTGACTG,0,0,0
EOC1_PBMC_cell_TTCTCCTCACCGATAT,0,0,0
EOC1_PBMC_cell_CGATGGCGTAACGACG,0,0,0
EOC1_PBMC_cell_CGTAGGCTCAACGCTA,0,0,0
EOC1_PBMC_cell_GGATTACTCGGCTTGG,0,0,0
EOC1_PBMC_cell_ACACTGATCCCTGACT,0,0,0
EOC1_PBMC_cell_TGACTTTCATGTCGAT,0,0,1
EOC1_PBMC_cell_ACTATCTAGACGCACA,0,0,0
EOC1_PBMC_cell_GTACGTAAGGGTTTCT,0,0,0
EOC1_PBMC_cell_GTGTGCGGTGTTGGGA,0,0,0
EOC1_PBMC_cell_GATCGTAAGCCCGAAA,0,0,0
EOC1_PBMC_cell_GGATGTTTCAACACAC,0,0,0
EOC1_PBMC_cell_CTACGTCGTCAAAGCG,0,0,0
EOC1_PBMC_cell_TGCTGCTCACATCCAA,0,0,0
EOC1_PBMC_cell_CTCTACGTCAACACTG,0,0,0
EOC1_PBMC_cell_CAGCTGGCATTCTTAC,0,0,0
EOC1_PBMC_cell_TCAGCTCCACTATCTT,0,0,0
EOC1_PBMC_cell_ACCTTTAGTCTAGTGT,0,0,0
EOC1_PBMC_cell_TGCCCTATCGCAAACT,0,0,0
EOC1_PBMC_cell_TTTATGCCAACGATCT,0,0,0
EOC1_PBMC_cell_GGGAGATCAGTCCTTC,0,0,0
EOC1_PBMC_cell_TACTCATCATTCCTCG,0,0,0
EOC1_PBMC_cell_TATGCCCTCTCGCTTG,0,0,0
EOC1_PBMC_cell_TCAGCAAAGGTTACCT,0,0,0
EOC1_PBMC_cell_TAGGCATGTTGTGGCC,0,0,0
EOC1_PBMC_cell_TAGAGCTCATGCAATC,0,0,0
EOC1_PBMC_cell_CCTTTCTCACGCGAAA,0,0,0
EOC1_PBMC_cell_CTTAACTCATGCATGT,0,0,0
EOC1_PBMC_cell_TATCTCAGTCCTCTTG,0,0,0
EOC1_PBMC_cell_AGTGTCATCTAGAGTC,0,0,0
EOC1_PBMC_cell_AGCATACGTGCTCTTC,0,0,0
EOC1_PBMC_cell_GACGGCTTCGCGATCG,0,0,0
EOC1_PBMC_cell_CCGTTCATCTGATACG,0,0,0
EOC1_PBMC_cell_GACGGCTCAAGCGATG,0,0,0
EOC1_PBMC_cell_AGCTCCTAGTTACCCA,0,0,0
EOC1_PBMC_cell_AAAGTAGCAGCAGTTT,0,0,0
EOC1_PBMC_cell_ACGCAGCAGTTGTCGT,0,0,0
EOC1_PBMC_cell_GCGCAGTAGCAGCGTA,0,0,0
EOC1_PBMC_cell_TGCTGCTAGTGAATTG,0,0,0
EOC1_PBMC_cell_ACATACGTCCCGACTT,0,0,0
EOC1_PBMC_cell_TTCTCCTAGGTTCCTA,0,0,0
EOC1_PBMC_cell_ATAGACCCAGCTCGAC,0,0,0
EOC1_PBMC_cell_TAAGAGAAGTGCGATG,0,0,0
EOC1_PBMC_cell_ACTATCTTCTGTCAAG,0,0,0
EOC1_PBMC_cell_ATCCGAAGTTCCGTCT,0,0,0
EOC1_PBMC_cell_ATCATCTAGAAGAAGC,0,0,0
EOC1_PBMC_cell_CACATTTTCCAAACAC,0,0,0
EOC1_PBMC_cell_GCGCAACTCACTTATC,0,0,0
EOC1_PBMC_cell_TTTGCGCTCAACGAAA,0,0,0
EOC1_PBMC_cell_AATCGGTCAACTTGAC,0,0,0
EOC1_PBMC_cell_TACTTACTCTAACGGT,0,0,0
EOC1_PBMC_cell_GACGGCTCAGGGTATG,0,0,0
EOC1_PBMC_cell_ACGCCGATCTGCCAGG,0,0,0
EOC1_PBMC_cell_TCAGGTACATCCAACA,0,0,0
EOC1_PBMC_cell_ATCCGAATCTTATCTG,0,0,0
EOC1_PBMC_cell_TGGTTCCGTCACTGGC,0,0,0
EOC1_PBMC_cell_CCAGCGACAGCTCCGA,0,0,0
EOC1_PBMC_cell_TACGGATAGAGGTTGC,0,0,0
EOC1_PBMC_cell_TCAATCTTCCGCTGTT,0,0,0
EOC1_PBMC_cell_CTTACCGAGCTGTTCA,0,0,0
EOC1_PBMC_cell_TGACTAGTCTGTGCAA,0,0,0
EOC1_PBMC_cell_CGACCTTTCTGTCTCG,0,0,0
EOC1_PBMC_cell_CTCGTCAGTTTGTTTC,0,0,0
EOC1_PBMC_cell_GGCAATTTCGGCTTGG,0,0,0
EOC1_PBMC_cell_ACATGGTTCTCAAACG,0,0,0
EOC1_PBMC_cell_GTCGTAACAGGACGTA,0,0,0
EOC1_PBMC_cell_ATCATGGAGGTGCTAG,0,0,0
EOC1_PBMC_cell_CACCAGGAGACACTAA,0,0,0
EOC1_PBMC_cell_GCAGTTAAGGACAGAA,0,0,0
EOC1_PBMC_cell_GTGTTAGCAGACGTAG,0,0,0
EOC1_PBMC_cell_TGGCTGGGTGAACCTT,0,0,0
EOC1_PBMC_cell_CATGGCGTCACATGCA,0,0,0
EOC1_PBMC_cell_GGCTCGATCGGATGTT,0,0,0
EOC1_PBMC_cell_TGGTTCCTCGTAGGAG,0,0,0
EOC1_PBMC_cell_CACATAGAGCTGTCTA,0,0,0
EOC1_PBMC_cell_ACACCCTAGTACACCT,0,0,0
EOC1_PBMC_cell_GTGGGTCTCAACTCTT,0,0,0
EOC1_PBMC_cell_CGCGGTAAGTCCGGTC,0,0,0
EOC1_PBMC_cell_CGCCAAGGTGGGTATG,0,0,0
EOC1_PBMC_cell_ACGGCCATCTTAGCCC,0,0,0
EOC1_PBMC_cell_ATAAGAGAGTTGAGAT,0,0,0
EOC1_PBMC_cell_AGGGAGTCAAACAACA,0,0,0
EOC1_PBMC_cell_ACTTGTTGTACCTACA,0,0,0
EOC1_PBMC_cell_CAACTAGGTAACGACG,0,0,0
EOC1_PBMC_cell_AGCCTAACAGATGAGC,0,0,0
EOC1_PBMC_cell_GCGCCAAAGCGTAGTG,0,0,0
EOC1_PBMC_cell_TACTCGCGTTCAACCA,0,0,0
EOC1_PBMC_cell_TCCACACTCAATACCG,0,0,0
EOC1_PBMC_cell_GATGCTATCAACACGT,0,0,0
EOC1_PBMC_cell_ATCCACCAGACAAAGG,0,0,0
EOC1_PBMC_cell_CGACTTCAGCTCTCGG,0,0,0
EOC1_PBMC_cell_AGCTTGAAGTGAAGAG,0,0,0
EOC1_PBMC_cell_AGCTTGAGTTCGCTAA,0,0,0
EOC1_PBMC_cell_ATTGGTGTCACTTACT,0,0,0
EOC1_PBMC_cell_CCTCAGTAGGCGACAT,0,0,0
EOC1_PBMC_cell_CCTTTCTGTTGACGTT,0,0,0
EOC1_PBMC_cell_AATCGGTGTGGTTTCA,0,0,0
EOC1_PBMC_cell_CTCGGGATCTCCAACC,0,0,0
EOC1_PBMC_cell_GGGACCTAGATGGGTC,0,0,0
EOC1_PBMC_cell_GGCGTGTTCAGCAACT,0,0,0
EOC1_PBMC_cell_TATGCCCGTAGCCTCG,0,0,0
EOC1_PBMC_cell_CGAGCACTCCGCGGTA,0,0,0
EOC1_PBMC_cell_GAACATCGTAAGCACG,0,0,0
EOC1_PBMC_cell_GTCACGGCACATGACT,0,0,0
EOC1_PBMC_cell_CTCGTACTCTTGTTTG,0,0,0
EOC1_PBMC_cell_CTACGTCTCAAGGCTT,0,0,0
EOC1_PBMC_cell_ATGCGATGTCGAGATG,0,0,0
EOC1_PBMC_cell_CCGTTCAGTGTAACGG,0,0,0
EOC1_PBMC_cell_TCAACGACAATCGGTT,0,0,0
EOC1_PBMC_cell_GGGACCTGTCCGAACC,0,0,0
EOC1_PBMC_cell_TCAGCAAAGTGCGATG,0,0,0
EOC1_PBMC_cell_GCGCAGTAGAATCTCC,0,0,0
EOC1_PBMC_cell_AAATGCCAGGGTTCCC,0,0,0
EOC1_PBMC_cell_CAGTAACTCAAACCAC,0,0,0
EOC1_PBMC_cell_TGATTTCCATCCCACT,0,0,0
EOC1_PBMC_cell_TTCGAAGGTTCGCTAA,0,0,0
EOC1_PBMC_cell_TTCGAAGGTGGGTATG,0,0,0
EOC1_PBMC_cell_GACACGCTCTAACGGT,0,0,0
EOC1_PBMC_cell_GCATGATCATGCAATC,0,0,0
EOC1_PBMC_cell_CGCTTCACACGGTGTC,0,0,0
EOC1_PBMC_cell_CGGAGCTTCGCGCCAA,0,0,0
EOC1_PBMC_cell_TCAGCTCGTACACCGC,0,0,0
EOC1_PBMC_cell_CTAAGACTCAGAGGTG,0,0,0
EOC1_PBMC_cell_GGTATTGTCGCTAGCG,0,0,0
EOC1_PBMC_cell_ACGGGTCGTAATTGGA,0,0,0
EOC1_PBMC_cell_GTCTCGTTCAAGCCTA,0,0,0
EOC1_PBMC_cell_GGGATGAAGGCAATTA,0,0,0
EOC1_PBMC_cell_GGAATAACACGCATCG,0,0,0
EOC1_PBMC_cell_AGGGATGCATAAAGGT,0,0,0
EOC1_PBMC_cell_TCTGAGAAGCAAATCA,0,0,0
EOC1_PBMC_cell_GCGAGAAAGTACGTTC,0,0,0
EOC1_PBMC_cell_CATCGAATCAGTCCCT,0,0,0
EOC1_PBMC_cell_GGATGTTCAGTGGGAT,0,0,0
EOC1_PBMC_cell_TGACTAGGTACTTAGC,0,0,0
EOC1_PBMC_cell_ATCTGCCAGGACACCA,0,0,0
EOC1_PBMC_cell_CTAGAGTAGGAGTTTA,0,0,0
EOC1_PBMC_cell_ACTGAACGTGGTTTCA,0,0,0
EOC1_PBMC_cell_GCGCGATGTCGCGTGT,0,0,0
EOC1_PBMC_cell_ATAAGAGAGATGTAAC,0,0,0
EOC1_PBMC_cell_CACACCTCATTGAGCT,0,0,0
EOC1_PBMC_cell_GTTCATTGTCTGATCA,0,0,0
EOC1_PBMC_cell_CATATTCTCATTGCGA,0,0,0
EOC1_PBMC_cell_AACGTTGTCTTCTGGC,0,0,0
EOC1_PBMC_cell_GCTCCTACATCACCCT,0,0,0
EOC1_PBMC_cell_CCTACACAGAGTCTGG,0,0,0
EOC1_PBMC_cell_TCCACACGTAATAGCA,0,0,0
EOC1_PBMC_cell_CGCTGGATCTGCTGCT,0,0,0
EOC1_PBMC_cell_ATCGAGTGTGGTCCGT,0,0,0
EOC1_PBMC_cell_CTACACCTCTCGTTTA,0,0,0
EOC1_PBMC_cell_GATTCAGAGATTACCC,0,0,0
EOC1_PBMC_cell_GTAACGTAGTGATCGG,0,0,0
EOC1_PBMC_cell_AACCATGTCGTTGCCT,0,0,0
EOC1_PBMC_cell_TCCACACGTTCCACGG,0,0,0
EOC1_PBMC_cell_GTCACAAGTGCAACGA,0,0,0
EOC1_PBMC_cell_CTAACTTGTCCGTGAC,0,0,0
EOC1_PBMC_cell_GCGCGATAGAACAACT,0,0,0
EOC1_PBMC_cell_TAGTGGTAGCCACGTC,0,0,0
EOC1_PBMC_cell_ACGGGCTGTGGTACAG,0,0,0
EOC1_PBMC_cell_AGAGCGAGTTCCACGG,0,0,0
EOC1_PBMC_cell_CTCTACGGTGACGCCT,0,0,0
EOC1_PBMC_cell_TGATTTCGTGAGGGTT,0,0,0
EOC1_PBMC_cell_GTCTTCGTCGGTGTTA,0,0,0
EOC1_PBMC_cell_CTAGCCTTCTCCGGTT,0,0,0
EOC1_PBMC_cell_AGTAGTCTCCGTCATC,0,0,0
EOC1_PBMC_cell_GTACGTACACGACTCG,0,0,0
EOC1_PBMC_cell_CCGGTAGAGCTAAACA,0,0,0
EOC1_PBMC_cell_ATCATGGTCTGATACG,0,0,0
EOC1_PBMC_cell_ACACCCTGTCTGGTCG,0,0,0
EOC1_PBMC_cell_ACGGAGAGTGAGTATA,0,0,0
EOC1_PBMC_cell_AAGACCTCAGGTCTCG,0,0,0
EOC1_PBMC_cell_AGAGTGGTCGAGAGCA,0,0,0
EOC1_PBMC_cell_CGGACACCATCTCCCA,0,0,0
EOC1_PBMC_cell_CGTCACTGTAAACGCG,0,0,0
EOC1_PBMC_cell_CCTACCACACGGCTAC,0,0,0
EOC1_PBMC_cell_TACGGATAGCACACAG,0,0,0
EOC1_PBMC_cell_AGCCTAACACGGTTTA,0,0,0
EOC1_PBMC_cell_ACCAGTATCATGCATG,0,0,0
EOC1_PBMC_cell_ATTACTCCACGTCTCT,0,0,0
EOC1_PBMC_cell_TGCGCAGCAGGTGCCT,0,0,0
EOC1_PBMC_cell_ACACCCTTCTCGCTTG,0,0,0
EOC1_PBMC_cell_AGTAGTCGTGCAACGA,0,0,0
EOC1_PBMC_cell_AGAGTGGCAAGTTGTC,0,0,0
EOC1_PBMC_cell_ACACCGGTCCCTTGCA,0,0,0
EOC1_PBMC_cell_GATTCAGAGTGCCATT,0,0,0
EOC1_PBMC_cell_GACGGCTCAAATTGCC,0,0,0
EOC1_PBMC_cell_CGTCCATGTGCCTTGG,0,0,0
EOC1_PBMC_cell_TTAACTCTCAGTCCCT,0,0,0
EOC1_PBMC_cell_ATGCGATTCATTCACT,0,0,0
EOC1_PBMC_cell_GCACATAAGACAAGCC,0,0,0
EOC1_PBMC_cell_GGTGTTACACCGATAT,0,0,0
EOC1_PBMC_cell_GCATGTAAGACTTGAA,0,0,0
EOC1_PBMC_cell_GAAACTCAGAGTTGGC,0,0,0
EOC1_PBMC_cell_CGATGTATCAGGTAAA,0,0,0
EOC1_PBMC_cell_TCTTCGGGTACTCTCC,0,0,0
EOC1_PBMC_cell_CAGAGAGAGGTGACCA,0,0,0
EOC1_PBMC_cell_TCGCGTTAGCCGGTAA,0,0,0
EOC1_PBMC_cell_CGTGTAAGTTCCCGAG,0,0,0
EOC1_PBMC_cell_GTCCTCACATCTACGA,0,0,0
EOC1_PBMC_cell_GCACATACAGCTCCGA,0,0,0
EOC1_PBMC_cell_TGGTTAGTCGTAGGTT,0,0,0
EOC1_PBMC_cell_TTGAACGTCACGAAGG,0,0,0
EOC1_PBMC_cell_GAAATGACAAATACAG,0,0,0
EOC1_PBMC_cell_ATGCGATGTCCTCTTG,0,0,0
EOC1_PBMC_cell_GGCCGATAGACAAAGG,0,0,0
EOC1_PBMC_cell_CCGTTCACAGGTGCCT,0,0,0
EOC1_PBMC_cell_ACCGTAACAGATCCAT,0,0,0
EOC1_PBMC_cell_AAGACCTAGGTAAACT,0,0,0
EOC1_PBMC_cell_CTGCCTATCGGTCCGA,0,0,0
EOC1_PBMC_cell_CCTCAGTTCCGTAGTA,0,0,0
EOC1_PBMC_cell_CATCGGGCAGTCAGCC,0,0,0
EOC1_PBMC_cell_AGGCCACCATCGGAAG,0,0,0
EOC1_PBMC_cell_GTCTTCGAGCAGGTCA,0,0,0
EOC1_PBMC_cell_TGTATTCAGTTGCAGG,0,0,0
EOC1_PBMC_cell_CGTTAGAGTTCCACAA,0,0,0
EOC1_PBMC_cell_ACGAGGATCTAGCACA,0,0,0
EOC1_PBMC_cell_CGGCTAGGTCACAAGG,0,0,0
EOC1_PBMC_cell_AATCCAGGTCCGAACC,0,0,0
EOC1_PBMC_cell_CTGATAGAGGGCTTGA,0,0,0
EOC1_PBMC_cell_AACTCTTGTCAATGTC,0,0,0
EOC1_PBMC_cell_TCTCATATCGTACCGG,0,0,0
EOC1_PBMC_cell_CTAATGGTCTATGTGG,0,0,0
EOC1_PBMC_cell_CATGCCTTCTTGCCGT,0,0,0
EOC1_PBMC_cell_GTCACGGTCGGCCGAT,0,0,0
EOC1_PBMC_cell_GATGAAACACATCTTT,0,0,0
EOC1_PBMC_cell_GCAAACTGTAAGTTCC,0,0,0
EOC1_PBMC_cell_TCCACACCACGAAAGC,0,0,0
EOC1_PBMC_cell_GGCCGATTCCTCAACC,0,0,0
EOC1_PBMC_cell_TGTGGTATCTTGACGA,0,0,0
EOC1_PBMC_cell_AGCTCTCCAAAGGCGT,0,0,0
EOC1_PBMC_cell_ACGAGGAAGACCCACC,0,0,0
EOC1_PBMC_cell_AAAGATGGTATCTGCA,0,0,0
EOC1_PBMC_cell_CATCAGAGTCACAAGG,0,0,0
EOC1_PBMC_cell_CAGTCCTGTCGCGGTT,0,0,0
EOC1_PBMC_cell_GGCTCGACACTGTGTA,0,0,0
EOC1_PBMC_cell_GGGATGAGTTGCCTCT,0,0,0
EOC1_PBMC_cell_TGCACCTCAAGAAGAG,0,0,0
EOC1_PBMC_cell_TTTGTCAGTAATAGCA,0,0,0
EOC1_PBMC_cell_CTCGTCATCCAGTAGT,0,0,0
EOC1_PBMC_cell_CTAATGGTCACGACTA,0,0,0
EOC1_PBMC_cell_GGTGCGTCATTCACTT,0,0,0
EOC1_PBMC_cell_TGTGGTATCCGAAGAG,0,0,0
EOC1_PBMC_cell_GACTACATCACGCATA,0,0,0
EOC1_PBMC_cell_CTAGCCTGTATCTGCA,0,0,0
EOC1_PBMC_cell_AGAGCGAAGACTTTCG,0,0,0
EOC1_PBMC_cell_GCGCCAATCGAGGTAG,0,0,0
EOC1_PBMC_cell_GTTCATTTCGATCCCT,0,0,0
EOC1_PBMC_cell_GATCGATAGGGATACC,0,0,0
EOC1_PBMC_cell_CTAACTTTCTCGCATC,0,0,0
EOC1_PBMC_cell_CTTGGCTAGTGTTTGC,0,0,0
EOC1_PBMC_cell_CCATGTCTCCACGTGG,0,0,0
EOC1_PBMC_cell_TTCTCCTGTGTCAATC,0,0,0
EOC1_PBMC_cell_CTGTGCTGTACCCAAT,0,0,0
EOC1_PBMC_cell_TACACGACAGAGCCAA,0,0,0
EOC1_PBMC_cell_GCATACATCGGCGCAT,0,0,0
EOC1_PBMC_cell_AGCTCCTTCCTCGCAT,0,0,0
EOC1_PBMC_cell_AAGGAGCCACTTACGA,0,0,0
EOC1_PBMC_cell_GCTCCTAAGAATTGTG,0,0,0
EOC1_PBMC_cell_CTGAAACCAGCCTGTG,0,0,0
EOC1_PBMC_cell_ATGGGAGCAATCACAC,0,0,0
EOC1_PBMC_cell_GGGCACTTCACTTACT,0,0,0
EOC1_PBMC_cell_CAGAATCCATACCATG,0,0,0
EOC1_PBMC_cell_AGAGCGAGTTATCGGT,0,0,0
EOC1_PBMC_cell_TATTACCAGGAACTGC,0,0,0
EOC1_PBMC_cell_GTACTTTAGCCACGTC,0,0,0
EOC1_PBMC_cell_ACAGCCGTCTAACGGT,0,0,0
EOC1_PBMC_cell_ATTATCCAGCTCCTCT,0,0,0
EOC1_PBMC_cell_TGGTTAGAGAGCTTCT,0,0,0
EOC1_PBMC_cell_TAGAGCTTCTGAGGGA,0,0,0
EOC1_PBMC_cell_TACCTTAAGAGGTACC,0,0,0
EOC1_PBMC_cell_TACTCGCTCACCAGGC,0,0,0
EOC1_PBMC_cell_TACTCATAGTGTTTGC,0,0,0
EOC1_PBMC_cell_CTTAACTAGTGGTAGC,0,0,0
EOC1_PBMC_cell_GACACGCAGACACTAA,0,0,0
EOC1_PBMC_cell_CCTTTCTCAGATCCAT,0,0,0
EOC1_PBMC_cell_TCAACGACACACAGAG,0,0,0
EOC1_PBMC_cell_CGTTAGATCGACCAGC,0,0,1
EOC1_PBMC_cell_CGTCTACTCGCCAGCA,0,0,0
EOC1_PBMC_cell_CATTCGCAGTGGCACA,0,0,0
EOC1_PBMC_cell_GTAGTCATCAAAGTAG,0,0,0
EOC1_PBMC_cell_TACGGGCAGACTTGAA,0,0,0
EOC1_PBMC_cell_TCGGTAAGTATGAAAC,0,0,0
EOC1_PBMC_cell_CACATAGAGCGAGAAA,0,0,0
EOC1_PBMC_cell_ATTTCTGAGGACAGCT,0,0,0
EOC1_PBMC_cell_GTCAAGTCACGTTGGC,0,0,0
EOC1_PBMC_cell_AAGACCTGTGCGGTAA,0,0,0
EOC1_PBMC_cell_GTCGTAACAAACGTGG,0,0,0
EOC1_PBMC_cell_GAAATGACAAGCCATT,0,0,0
EOC1_PBMC_cell_AACTCTTTCCTGCAGG,0,0,0
EOC1_PBMC_cell_GCTTCCAAGTATGACA,0,0,0
EOC1_PBMC_cell_TGGCCAGTCAGTCAGT,0,0,0
EOC1_PBMC_cell_CGAGCCAGTTACGGAG,0,0,0
EOC1_PBMC_cell_AGAGCTTGTCGATTGT,0,0,0
EOC1_PBMC_cell_GTCATTTGTGTTGGGA,0,0,0
EOC1_PBMC_cell_ACTGCTCAGGTGTGGT,0,0,0
EOC1_PBMC_cell_GCATGATAGAGTACCG,0,0,0
EOC1_PBMC_cell_AAACCTGTCCACGCAG,0,0,0
EOC1_PBMC_cell_ACTGTCCTCGAATGCT,0,0,0
EOC1_PBMC_cell_GGCAATTAGTCGATAA,0,0,0
EOC1_PBMC_cell_CAGCATAAGCGTAGTG,0,0,0
EOC1_PBMC_cell_TGAGCCGAGCAGCGTA,0,0,0
EOC1_PBMC_cell_GGTATTGTCCCTTGTG,0,0,0
EOC1_PBMC_cell_CTCGGAGTCAGCTGGC,0,0,0
EOC1_PBMC_cell_CACATTTTCTAACCGA,0,0,0
EOC1_PBMC_cell_TCGGTAAGTACTCGCG,0,0,0
EOC1_PBMC_cell_TGATTTCGTCGGATCC,0,0,0
EOC1_PBMC_cell_TCAGGATAGGGATCTG,0,0,0
EOC1_PBMC_cell_AGAATAGAGGGCACTA,0,0,0
EOC1_PBMC_cell_ATTGGACGTGGGTATG,0,0,0
EOC1_PBMC_cell_CTCTACGAGTACGACG,0,0,0
EOC1_PBMC_cell_GCGCAGTCAATAAGCA,0,0,0
EOC1_PBMC_cell_AACTCCCAGCGTAGTG,0,0,0
EOC1_PBMC_cell_TCGGTAACAGACACTT,0,0,0
EOC1_PBMC_cell_GAATAAGTCCGAAGAG,0,0,0
EOC1_PBMC_cell_GTGCATAGTGCGCTTG,0,0,0
EOC1_PBMC_cell_GTATCTTAGGATGTAT,0,0,0
EOC1_PBMC_cell_TTTGCGCAGGTAAACT,0,0,0
EOC1_PBMC_cell_CGTCACTCATTGAGCT,0,0,0
EOC1_PBMC_cell_GAGTCCGTCATTATCC,0,0,0
EOC1_PBMC_cell_TGCTACCAGACTGGGT,0,0,0
EOC1_PBMC_cell_TACGGATTCTGGGCCA,0,0,0
EOC1_PBMC_cell_TGGCCAGCAAACCTAC,0,0,0
EOC1_PBMC_cell_AGACGTTGTGAGGGTT,0,0,0
EOC1_PBMC_cell_AGGGTGAGTATGAATG,0,0,0
EOC1_PBMC_cell_CGAGCCATCACCATAG,0,0,0
EOC1_PBMC_cell_TGGTTCCCAAGTCATC,0,0,0
EOC1_PBMC_cell_CGTTGGGAGAAACCAT,0,0,0
EOC1_PBMC_cell_TCAGGTATCTTTAGTC,0,0,0
EOC1_PBMC_cell_GTACTTTTCAGATAAG,0,0,0
EOC1_PBMC_cell_ACTGATGTCAAGCCTA,0,0,0
EOC1_PBMC_cell_TAGACCACACGGCGTT,0,0,0
EOC1_PBMC_cell_ACGCAGCTCGTACCGG,0,0,0
EOC1_PBMC_cell_AGCATACGTCTGCCAG,0,0,0
EOC1_PBMC_cell_TTCTACAAGGTGCACA,0,0,0
EOC1_PBMC_cell_GAAACTCCAGACAAAT,0,0,0
EOC1_PBMC_cell_TAAGAGAAGAATCTCC,0,0,0
EOC1_PBMC_cell_ACACTGATCAACGGGA,0,0,0
EOC1_PBMC_cell_TGTGTTTCAATGGACG,0,0,0
EOC1_PBMC_cell_GACCTGGAGATGCCAG,0,0,0
EOC1_PBMC_cell_TGTATTCGTGTCGCTG,0,0,0
EOC1_PBMC_cell_TCATTTGGTTCCATGA,0,0,0
EOC1_PBMC_cell_ACTATCTTCTGGCGTG,0,0,0
EOC1_PBMC_cell_CGCTTCACATCGATTG,0,0,0
EOC1_PBMC_cell_CGTCACTGTCGCATAT,0,0,0
EOC1_PBMC_cell_GTCAAGTAGTACCGGA,0,0,0
EOC1_PBMC_cell_CTGAAGTAGAAAGTGG,0,0,0
EOC1_PBMC_cell_TGTCCCAGTCCGAACC,0,0,0
EOC1_PBMC_cell_CAGTAACAGGTACTCT,0,0,0
EOC1_PBMC_cell_GGACATTCATCATCCC,0,0,0
EOC1_PBMC_cell_GTCACAATCACCACCT,0,0,0
EOC1_PBMC_cell_GTATCTTCAACACCTA,0,0,0
EOC1_PBMC_cell_CACAGTATCACAAACC,0,0,0
EOC1_PBMC_cell_ATGGGAGAGGCTAGGT,0,0,0
EOC1_PBMC_cell_GCGAGAATCTTTCCTC,0,0,0
EOC1_PBMC_cell_AGCTCTCTCACCACCT,0,0,0
EOC1_PBMC_cell_CTGTGCTCACGAAACG,0,0,0
EOC1_PBMC_cell_GCATGATGTAACGTTC,0,0,0
EOC1_PBMC_cell_CTCATTACAATGAAAC,0,0,0
EOC1_PBMC_cell_ACGGGCTTCGCATGGC,0,0,0
EOC1_PBMC_cell_CTCCTAGCAGACACTT,0,0,0
EOC1_PBMC_cell_TCCACACTCCACGCAG,0,0,0
EOC1_PBMC_cell_AGGCCACCAGTATCTG,0,0,0
EOC1_PBMC_cell_TTGACTTTCTCTGTCG,0,0,0
EOC1_PBMC_cell_AATCGGTCATGCAATC,0,0,0
EOC1_PBMC_cell_CGTCACTTCACCTTAT,0,0,0
EOC1_PBMC_cell_CAGCATATCTCGCATC,0,0,0
EOC1_PBMC_cell_AGTGTCAGTATATGGA,0,0,0
EOC1_PBMC_cell_CAGGTGCGTAGATTAG,0,0,0
EOC1_PBMC_cell_GGCTCGATCACTATTC,0,0,0
EOC1_PBMC_cell_CCGGGATCAGAAGCAC,0,0,0
EOC1_PBMC_cell_TTCTACAAGAATGTGT,0,0,0
EOC1_PBMC_cell_TATGCCCAGCAGCGTA,0,0,0
EOC1_PBMC_cell_GATCGATTCGTCCAGG,0,0,0
EOC1_PBMC_cell_CATGCCTTCGTAGGTT,0,0,0
EOC1_PBMC_cell_TGGTTCCGTGACGCCT,0,0,0
EOC1_PBMC_cell_GGATGTTGTTGAGTTC,0,0,0
EOC1_PBMC_cell_CATCGAAAGATGTGGC,0,0,0
EOC1_PBMC_cell_CACACAAAGGCTAGAC,0,0,0
EOC1_PBMC_cell_AGGGTGAAGAGTGACC,0,0,0
EOC1_PBMC_cell_TTGACTTGTGGAAAGA,0,0,0
EOC1_PBMC_cell_CCGTACTGTGAAATCA,0,0,0
EOC1_PBMC_cell_GAAGCAGGTCCGAAGA,0,0,0
EOC1_PBMC_cell_TGGCGCAAGCCGCCTA,0,0,0
EOC1_PBMC_cell_GAGGTGACAAGAGGCT,0,0,0
EOC1_PBMC_cell_CGTTCTGAGAGGGCTT,0,0,0
EOC1_PBMC_cell_AGAGCTTGTTTCGCTC,0,0,0
EOC1_PBMC_cell_AACTGGTAGTTAGGTA,0,0,0
EOC1_PBMC_cell_CCTTCGACAAGGGTCA,0,0,0
EOC1_PBMC_cell_TTCTACACACAGTCGC,0,0,0
EOC1_PBMC_cell_ATCCGAACACTGAAGG,0,0,0
EOC1_PBMC_cell_GATCGATTCGCCTGTT,0,0,0
EOC1_PBMC_cell_ACCGTAAGTAAGAGAG,0,0,0
EOC1_PBMC_cell_TTCTTAGTCTAACTGG,0,0,0
EOC1_PBMC_cell_ATAGACCCACATTAGC,0,0,0
EOC1_PBMC_cell_ACGGCCAAGCGATTCT,0,0,0
EOC1_PBMC_cell_AACCATGAGCGAAGGG,0,0,0
EOC1_PBMC_cell_TTGTAGGGTATAGTAG,0,0,0
EOC1_PBMC_cell_CATCAAGAGAATGTGT,0,0,0
EOC1_PBMC_cell_GACGGCTGTACTCTCC,0,0,0
EOC1_PBMC_cell_TGCTGCTCAAACCCAT,0,0,0
EOC1_PBMC_cell_TGGCGCAGTACTCAAC,0,0,0
EOC1_PBMC_cell_TCAACGAGTCGCTTTC,0,0,0
EOC1_PBMC_cell_TGACGGCCAGTCAGCC,0,0,0
EOC1_PBMC_cell_GCACATAGTTGAACTC,0,0,0
EOC1_PBMC_cell_CACACCTAGCTGGAAC,0,0,0
EOC1_PBMC_cell_AGTCTTTAGTAAGTAC,0,0,0
EOC1_PBMC_cell_TACTTACTCACCGGGT,0,0,0
EOC1_PBMC_cell_TCGTAGATCTGCAGTA,0,0,0
EOC1_PBMC_cell_CTCAGAAAGAAGGTGA,0,0,0
EOC1_PBMC_cell_GCGCAGTTCACGATGT,0,0,0
EOC1_PBMC_cell_CCTCTGAAGAATGTGT,0,0,0
EOC1_PBMC_cell_CGTTGGGCACCAGTTA,0,0,0
EOC1_PBMC_cell_CTTTGCGAGAGCTGGT,0,0,0
EOC1_PBMC_cell_CGTTCTGGTGTCTGAT,0,0,0
EOC1_PBMC_cell_CATCAGATCCTTCAAT,0,0,0
EOC1_PBMC_cell_GTCTTCGGTCACCCAG,0,0,0
EOC1_PBMC_cell_GATCGCGGTATGGTTC,0,0,0
EOC1_PBMC_cell_ACATCAGGTAGCGCTC,0,0,0
EOC1_PBMC_cell_CTACGTCGTATTCTCT,0,0,0
EOC1_PBMC_cell_CGTGTAATCCTCAATT,0,0,0
EOC1_PBMC_cell_ACTTTCAAGGATATAC,0,0,0
EOC1_PBMC_cell_GGATGTTGTCTGGAGA,0,0,0
EOC1_PBMC_cell_GAACCTATCTCCCTGA,0,0,0
EOC1_PBMC_cell_CTTCTCTGTGCCTGCA,0,0,0
EOC1_PBMC_cell_CTAATGGAGACTGGGT,0,0,0
EOC1_PBMC_cell_CCTCAGTGTAACGACG,0,0,0
EOC1_PBMC_cell_AGAATAGTCACCAGGC,0,0,0
EOC1_PBMC_cell_GTCGTAACATGTAGTC,0,0,0
EOC1_PBMC_cell_AGGGAGTAGCCACTAT,0,0,0
EOC1_PBMC_cell_CTAGTGACAGGTGCCT,0,0,0
EOC1_PBMC_cell_ACGGAGAGTGCACGAA,0,0,0
EOC1_PBMC_cell_GACACGCCATCCCATC,0,0,0
EOC1_PBMC_cell_GGCCGATTCATTGCCC,0,0,0
EOC1_PBMC_cell_GTACGTAAGACCTAGG,0,0,0
EOC1_PBMC_cell_GCTTGAAAGTGGTAAT,0,0,0
EOC1_PBMC_cell_CACACTCTCCACGTGG,0,0,0
EOC1_PBMC_cell_CTCGAAACATACTCTT,0,0,0
EOC1_PBMC_cell_CAGATCACAATAGCGG,0,0,0
EOC1_PBMC_cell_CCTACCATCTCTGTCG,0,0,0
EOC1_PBMC_cell_CAACCAACAAGGACTG,0,0,0
EOC1_PBMC_cell_TGCGCAGGTGCGGTAA,0,0,0
EOC1_PBMC_cell_TACTCGCTCTACTTAC,0,0,0
EOC1_PBMC_cell_ACTATCTGTGTTTGGT,0,0,0
EOC1_PBMC_cell_CACAAACGTGACGGTA,0,0,0
EOC1_PBMC_cell_TCATTTGCAGGACGTA,0,0,0
EOC1_PBMC_cell_AACCGCGGTTGGGACA,0,0,0
EOC1_PBMC_cell_GATGAAAGTTTAGGAA,0,0,0
EOC1_PBMC_cell_TCGGTAAGTGTGAAAT,0,0,0
EOC1_PBMC_cell_GTCAAGTGTTCACGGC,0,0,0
EOC1_PBMC_cell_TTTGCGCCATTGGTAC,0,0,0
EOC1_PBMC_cell_GATTCAGGTCGCTTTC,0,0,0
EOC1_PBMC_cell_TTCTACATCGTAGGAG,0,0,0
EOC1_PBMC_cell_CTAATGGAGGTGATAT,0,0,0
EOC1_PBMC_cell_AAACCTGCAAAGGCGT,0,0,0
EOC1_PBMC_cell_GTCGTAAAGTAGGTGC,0,0,0
EOC1_PBMC_cell_CAAGATCAGGACATTA,0,0,0
EOC1_PBMC_cell_CTGAAGTAGGAATGGA,0,0,0
EOC1_PBMC_cell_CTGAAGTAGGCTCAGA,0,0,0
EOC1_PBMC_cell_TGGTTAGAGGGAAACA,0,0,0
EOC1_PBMC_cell_AGTGGGATCGCGCCAA,0,0,0
EOC1_PBMC_cell_AGCTCTCCACAGCGTC,0,0,0
EOC1_PBMC_cell_GCATGTAGTTTGACTG,0,0,0
EOC1_PBMC_cell_TCTGAGAAGAGGTAGA,0,0,0
EOC1_PBMC_cell_GAACCTATCAGCGACC,0,0,0
EOC1_PBMC_cell_CTCTACGCAGTGGGAT,0,0,0
EOC1_PBMC_cell_GTTAAGCCACGAAGCA,0,0,0
EOC1_PBMC_cell_TCACGAAGTTCCACTC,0,0,0
EOC1_PBMC_cell_TCTTCGGGTAGCTAAA,0,0,0
EOC1_PBMC_cell_GCGCAGTAGATGTCGG,0,0,0
EOC1_PBMC_cell_GTCGGGTGTGCACCAC,0,0,0
EOC1_PBMC_cell_TCAATCTTCTCTGAGA,0,0,0
EOC1_PBMC_cell_TTAACTCAGTACGCCC,0,0,0
EOC1_PBMC_cell_GAGTCCGTCGTTTGCC,0,0,0
EOC1_PBMC_cell_CGGACTGCACGTCTCT,0,0,0
EOC1_PBMC_cell_CATCGGGGTTCTGAAC,0,0,0
EOC1_PBMC_cell_GTCATTTGTCTTGCGG,0,0,0
EOC1_PBMC_cell_ACGGGTCCAAGCCCAC,0,0,0
EOC1_PBMC_cell_TCGAGGCGTCTCATCC,0,0,0
EOC1_PBMC_cell_CAGCCGACATGTAAGA,0,0,0
EOC1_PBMC_cell_CCACGGAGTGAAATCA,0,0,0
EOC1_PBMC_cell_CACCAGGGTCTCATCC,0,0,0
EOC1_PBMC_cell_CTTAACTTCAACACAC,0,0,0
EOC1_PBMC_cell_GGACAGAAGGCTAGCA,0,0,0
EOC1_PBMC_cell_CTGTGCTGTGAACCTT,0,0,0
EOC1_PBMC_cell_TGCCCTAGTCTCTTAT,0,0,0
EOC1_PBMC_cell_CGCTTCAGTTGGTAAA,0,0,0
EOC1_PBMC_cell_GTCGGGTAGCTGCAAG,0,0,0
EOC1_PBMC_cell_CCTTACGTCGGCATCG,0,0,0
EOC1_PBMC_cell_AACTTTCCACGTAAGG,0,0,0
EOC1_PBMC_cell_ACGGGTCTCACTTCAT,0,0,0
EOC1_PBMC_cell_TGCTGCTCACAGGTTT,0,0,0
EOC1_PBMC_cell_CTGCGGATCATATCGG,0,0,0
EOC1_PBMC_cell_TCTCATAGTGCAGGTA,0,0,0
EOC1_PBMC_cell_ACGTCAATCCACGACG,0,0,0
EOC1_PBMC_cell_TGACTAGGTGATAAGT,0,0,0
EOC1_PBMC_cell_TTAGGACGTGCCTTGG,0,0,0
EOC1_PBMC_cell_CACACCTCATGCATGT,0,0,0
EOC1_PBMC_cell_GTCCTCACATCGGAAG,0,0,0
EOC1_PBMC_cell_CTCACACCACGGTAGA,0,0,0
EOC1_PBMC_cell_CTTCTCTGTTACCGAT,0,0,0
EOC1_PBMC_cell_TTGAACGAGACGCTTT,0,0,0
EOC1_PBMC_cell_TTTGGTTGTGTAACGG,0,0,0
EOC1_PBMC_cell_GTACTTTAGCCACCTG,0,0,0
EOC1_PBMC_cell_GGCGTGTGTACATGTC,0,0,0
EOC1_PBMC_cell_CTCTGGTAGGTGTTAA,0,0,0
EOC1_PBMC_cell_CGTTAGACAAGCCGTC,0,0,0
EOC1_PBMC_cell_TTAACTCTCGCTGATA,0,0,0
EOC1_PBMC_cell_GTTCTCGAGTACGTAA,0,0,0
EOC1_PBMC_cell_ACACTGATCGTGGGAA,0,0,0
EOC1_PBMC_cell_ATTATCCAGTAGGTGC,0,0,0
EOC1_PBMC_cell_CGCGTTTGTAAGTGTA,0,0,0
EOC1_PBMC_cell_CACACCTCAGGTGCCT,0,0,0
EOC1_PBMC_cell_AGACGTTTCTGCCCTA,0,0,0
EOC1_PBMC_cell_GTCCTCACAAGGCTCC,0,0,0
EOC1_PBMC_cell_ATCCACCTCGTCTGAA,0,0,0
EOC1_PBMC_cell_TGGTTCCTCCATGAAC,0,0,0
EOC1_PBMC_cell_GCTGCGATCATCTGCC,0,0,0
EOC1_PBMC_cell_CGATGTATCAGTCCCT,0,0,0
EOC1_PBMC_cell_CACACCTTCTTCCTTC,0,0,0
EOC1_PBMC_cell_CAGCTGGGTCTTTCAT,0,0,0
EOC1_PBMC_cell_CTCCTAGTCCTATTCA,0,0,0
EOC1_PBMC_cell_GCGCAGTAGGACGAAA,0,0,0
EOC1_PBMC_cell_TAGTTGGCAGGAATCG,0,0,0
EOC1_PBMC_cell_GTAACGTCAGACACTT,0,0,0
EOC1_PBMC_cell_ACATACGCACTCAGGC,0,0,0
EOC1_PBMC_cell_GCGCAACCAGGGTTAG,0,0,0
EOC1_PBMC_cell_GGATTACTCTTGCCGT,0,0,0
EOC1_PBMC_cell_TACTTGTCAGATTGCT,0,0,0
EOC1_PBMC_cell_ATGAGGGAGAGACGAA,0,0,0
EOC1_PBMC_cell_CGGAGCTTCGTTTGCC,0,0,0
EOC1_PBMC_cell_CGACCTTTCAAACCAC,0,0,0
EOC1_PBMC_cell_CACCACTGTAGGGTAC,0,0,0
EOC1_PBMC_cell_TCACAAGCAAGCGAGT,0,0,0
EOC1_PBMC_cell_TGTTCCGCACCATCCT,0,0,0
EOC1_PBMC_cell_AGAGCTTGTAGGCTGA,0,0,0
EOC1_PBMC_cell_TCGGGACCAAGCCGTC,0,0,0
EOC1_PBMC_cell_CTAGCCTAGATAGCAT,0,0,0
EOC1_PBMC_cell_AACTTTCCAACTGCGC,0,0,0
EOC1_PBMC_cell_CGTAGCGTCATTCACT,0,0,0
EOC1_PBMC_cell_AACTGGTCATTGGCGC,0,0,0
EOC1_PBMC_cell_GGCCGATTCGAATGGG,0,0,0
EOC1_PBMC_cell_CTGATCCCAAGTCTAC,0,0,0
EOC1_PBMC_cell_TAGTGGTTCCGAGCCA,0,0,0
EOC1_PBMC_cell_GCCAAATGTATATGAG,0,0,0
EOC1_PBMC_cell_AGCTTGACACCTGGTG,0,0,0
EOC1_PBMC_cell_TTGTAGGAGGACAGAA,0,0,0
EOC1_PBMC_cell_GTGCAGCCACATTCGA,0,0,0
EOC1_PBMC_cell_TTTACTGAGACAAAGG,0,0,0
EOC1_PBMC_cell_GCAGTTACACTATCTT,0,0,0
EOC1_PBMC_cell_AAAGATGGTTTACTCT,0,0,0
EOC1_PBMC_cell_TCTCATACACAGCGTC,0,0,0
EOC1_PBMC_cell_CTAGTGAAGGCAGGTT,0,0,0
EOC1_PBMC_cell_TGACGGCAGAGGTTAT,0,0,0
EOC1_PBMC_cell_AATCGGTCAGACAAAT,0,0,0
EOC1_PBMC_cell_CCATTCGCAGCCAGAA,0,0,0
EOC1_PBMC_cell_TGAGCCGAGAGGACGG,0,0,0
EOC1_PBMC_cell_CCTATTAGTGAGGCTA,0,0,0
EOC1_PBMC_cell_AATCGGTTCCGTAGGC,0,0,0
EOC1_PBMC_cell_GTACTTTAGTGTCCAT,0,0,0
EOC1_PBMC_cell_GGCTCGAAGAGTGAGA,0,0,0
EOC1_PBMC_cell_CCTAAAGAGTCGCCGT,0,0,0
EOC1_PBMC_cell_TTCTACAAGTCCTCCT,0,0,0
EOC1_PBMC_cell_CTTAACTCAGTAAGAT,0,0,0
EOC1_PBMC_cell_TCAGGATTCAACACTG,0,0,0
EOC1_PBMC_cell_AACTTTCCAATAAGCA,0,0,0
EOC1_PBMC_cell_TCATTTGCAAGAGTCG,0,0,0
EOC1_PBMC_cell_CTCATTACAATGTAAG,0,0,0
EOC1_PBMC_cell_TATTACCAGAGATGAG,0,0,0
EOC1_PBMC_cell_GTCAAGTAGTGTACCT,0,0,0
EOC1_PBMC_cell_GATCGATCAGGGTACA,0,0,0
EOC1_PBMC_cell_CCTTTCTCAGTTCATG,0,0,0
EOC1_PBMC_cell_TGGGAAGCAATCAGAA,0,0,0
EOC1_PBMC_cell_GTACGTATCATGTAGC,0,0,0
EOC1_PBMC_cell_TGTATTCAGTATGACA,0,0,0
EOC1_PBMC_cell_TACGGATAGATGTTAG,0,0,0
EOC1_PBMC_cell_TTTACTGCACGGACAA,0,0,0
EOC1_PBMC_cell_ATTATCCAGGGTGTGT,0,0,0
EOC1_PBMC_cell_CACTCCACATTCTTAC,0,0,0
EOC1_PBMC_cell_CAGCAGCGTTTGACAC,0,0,0
EOC1_PBMC_cell_ACACCAATCTGCCAGG,0,0,0
EOC1_PBMC_cell_AGACGTTCAGACAAGC,0,0,0
EOC1_PBMC_cell_CCGTACTTCAAACAAG,0,0,0
EOC1_PBMC_cell_GTAACGTTCGTCTGCT,0,0,0
EOC1_PBMC_cell_ACACCGGCATATGAGA,0,0,0
EOC1_PBMC_cell_CCTACACGTTTCGCTC,0,0,0
EOC1_PBMC_cell_CGCTATCTCGTACGGC,0,0,0
EOC1_PBMC_cell_CGGGTCAAGTGCAAGC,0,0,0
EOC1_PBMC_cell_GCAGTTAGTCAACATC,0,0,0
EOC1_PBMC_cell_AGAGTGGAGACTAGGC,0,0,0
EOC1_PBMC_cell_GTAACTGCATGAAGTA,0,0,0
EOC1_PBMC_cell_AAGACCTAGACCACGA,0,0,0
EOC1_PBMC_cell_TTAGGACTCAAGAAGT,0,0,0
EOC1_PBMC_cell_TGCCCATTCGGGAGTA,0,0,0
EOC1_PBMC_cell_GGCTGGTCACCAGGCT,0,0,0
EOC1_PBMC_cell_GACTAACGTAAGTAGT,0,0,0
EOC1_PBMC_cell_AGAGCTTGTTACCGAT,0,0,0
EOC1_PBMC_cell_TACACGAAGGCCCGTT,0,0,0
EOC1_PBMC_cell_CCTAAAGCATGCAATC,0,0,0
EOC1_PBMC_cell_CTTTGCGTCACCTCGT,0,0,0
EOC1_PBMC_cell_TTATGCTAGTCGTTTG,0,0,0
EOC1_PBMC_cell_GGGAATGGTCTAAAGA,0,0,0
EOC1_PBMC_cell_GGCGTGTGTACCGAGA,0,0,0
EOC1_PBMC_cell_GAAATGAGTAGCGCAA,0,0,0
EOC1_PBMC_cell_AACACGTTCCTTGACC,0,0,0
EOC1_PBMC_cell_TGGTTCCAGCCAGAAC,0,0,0
EOC1_PBMC_cell_GCCAAATCACTTCTGC,0,0,0
EOC1_PBMC_cell_GAATGAAAGTGGTAGC,0,0,0
EOC1_PBMC_cell_GAAACTCAGAAGAAGC,0,0,0
EOC1_PBMC_cell_TCAGATGGTCAAGCGA,0,0,0
EOC1_PBMC_cell_CATGGCGAGATCCTGT,0,0,0
EOC1_PBMC_cell_AGCATACCAAACTGCT,0,0,0
EOC1_PBMC_cell_AGCTCCTAGGACTGGT,0,0,0
EOC1_PBMC_cell_TTCTACACATGTAGTC,0,0,0
EOC1_PBMC_cell_CCGGGATAGACCCACC,0,0,0
EOC1_PBMC_cell_CAACCTCAGTCTCCTC,0,0,0
EOC1_PBMC_cell_ATGGGAGAGAAGGTTT,0,0,0
EOC1_PBMC_cell_GCACATAGTACTCAAC,0,0,0
EOC1_PBMC_cell_TGACTTTGTGATGTGG,0,0,0
EOC1_PBMC_cell_GATCGCGTCAGCATGT,0,0,0
EOC1_PBMC_cell_AGCTTGAGTTTGGGCC,0,0,0
EOC1_PBMC_cell_GCTCTGTCAAGCTGGA,0,0,0
EOC1_PBMC_cell_GGATGTTTCCTGTACC,0,0,0
EOC1_PBMC_cell_GAATAAGGTCAAAGCG,0,0,0
EOC1_PBMC_cell_TATTACCAGTGTGGCA,0,0,0
EOC1_PBMC_cell_TCATTACCACTGCCAG,0,0,0
EOC1_PBMC_cell_AGCAGCCAGTCGTTTG,0,0,0
EOC1_PBMC_cell_ATTTCTGTCATCGATG,0,0,0
EOC1_PBMC_cell_TCTATTGAGAACAATC,0,0,0
EOC1_PBMC_cell_CCCTCCTGTTACGGAG,0,0,0
EOC1_PBMC_cell_CCACGGACAGCTGCTG,0,0,0
EOC1_PBMC_cell_TACTCATTCTTTACAC,0,0,0
EOC1_PBMC_cell_GCTCTGTAGAAACCAT,0,0,0
EOC1_PBMC_cell_CCTTTCTTCCCAACGG,0,0,0
EOC1_PBMC_cell_GACGTTATCAGGCCCA,0,0,0
EOC1_PBMC_cell_CGTCTACGTCGACTGC,0,0,0
EOC1_PBMC_cell_CAGCAGCCAAGAGGCT,0,0,0
EOC1_PBMC_cell_AACTCAGCAACGCACC,0,0,0
EOC1_PBMC_cell_CCTCAGTGTTTGGGCC,0,0,0
EOC1_PBMC_cell_AGATCTGCAATCAGAA,0,0,0
EOC1_PBMC_cell_AAGGCAGTCAACGAAA,0,0,0
EOC1_PBMC_cell_CTTGGCTAGCGTTTAC,0,0,0
EOC1_PBMC_cell_AAGCCGCGTTCAGTAC,0,0,0
EOC1_PBMC_cell_AGCTTGATCTGTCTCG,0,0,0
EOC1_PBMC_cell_TTGAACGTCGCGCCAA,0,0,0
EOC1_PBMC_cell_GAGTCCGTCCATGCTC,0,0,0
EOC1_PBMC_cell_GGACGTCAGCGTCTAT,0,0,0
EOC1_PBMC_cell_CAGAATCAGAAACGAG,0,0,0
EOC1_PBMC_cell_CTCATTAGTATATGAG,0,0,0
EOC1_PBMC_cell_CAGCAGCGTACAGCAG,0,0,0
EOC1_PBMC_cell_GGGAGATGTACCGTAT,0,0,0
EOC1_PBMC_cell_CGCCAAGGTCAGTGGA,0,0,0
EOC1_PBMC_cell_ACATACGGTTCGTTGA,0,0,0
EOC1_PBMC_cell_ACTGAGTGTCGCTTCT,0,0,0
EOC1_PBMC_cell_TCCACACTCTGTTTGT,0,0,0
EOC1_PBMC_cell_GGAGCAACAGCTGTAT,0,0,0
EOC1_PBMC_cell_CTGTGCTGTCTAGCCG,0,0,0
EOC1_PBMC_cell_CGATGTACACATGACT,0,0,0
EOC1_PBMC_cell_TCTGGAACAGTTCATG,0,0,0
EOC1_PBMC_cell_GTGTGCGGTAGAGGAA,0,0,0
EOC1_PBMC_cell_CAACCAATCTTAACCT,0,0,0
EOC1_PBMC_cell_TGTCCCATCGGAGGTA,0,0,0
EOC1_PBMC_cell_TCTTCGGTCGTGGTCG,0,0,0
EOC1_PBMC_cell_CGTGAGCTCTAACGGT,0,0,0
EOC1_PBMC_cell_TAGTGGTGTTAGGGTG,0,0,0
EOC1_PBMC_cell_TTTACTGGTCACTGGC,0,0,0
EOC1_PBMC_cell_CATATTCAGGGCATGT,0,0,0
EOC1_PBMC_cell_CACTCCACATGCAATC,0,0,0
EOC1_PBMC_cell_AGCATACTCATCGGAT,0,0,0
EOC1_PBMC_cell_CGGCTAGCAAGTTCTG,0,0,0
EOC1_PBMC_cell_GGTGTTAGTATAGGGC,0,0,0
EOC1_PBMC_cell_TCTGAGAAGCGGATCA,0,0,0
EOC1_PBMC_cell_ACACCCTCAAGCCTAT,0,0,0
EOC1_PBMC_cell_CTAACTTCAAAGGAAG,0,0,0
EOC1_PBMC_cell_GGCAATTGTCACTGGC,0,0,0
EOC1_PBMC_cell_CCTACCAGTGAGTATA,0,0,0
EOC1_PBMC_cell_CTCGGAGAGACTAGGC,0,0,0
EOC1_PBMC_cell_ACACCAACATAAAGGT,0,0,0
EOC1_PBMC_cell_CAGCTAAAGCTGGAAC,0,0,0
EOC1_PBMC_cell_GGAACTTGTTATCCGA,0,0,0
EOC1_PBMC_cell_TCTGGAATCATCACCC,0,0,0
EOC1_PBMC_cell_CGATCGGGTCCAAGTT,0,0,0
EOC1_PBMC_cell_GGCGACTCAATACGCT,0,0,0
EOC1_PBMC_cell_TCAGCTCTCCGAACGC,0,0,0
EOC1_PBMC_cell_CATCCACTCTTAGAGC,0,0,0
EOC1_PBMC_cell_GGATGTTTCCAACCAA,0,0,0
EOC1_PBMC_cell_CAGCATAGTGAGGCTA,0,0,0
EOC1_PBMC_cell_GGGACCTGTTCCTCCA,0,0,0
EOC1_PBMC_cell_ATTACTCCACCAGGTC,0,0,0
EOC1_PBMC_cell_TCAATCTGTGCGCTTG,0,0,0
EOC1_PBMC_cell_CGGACACCACTACAGT,0,0,0
EOC1_PBMC_cell_TCTGGAACAGGACGTA,0,0,0
EOC1_PBMC_cell_TACGGTACAGCCTTTC,0,0,0
EOC1_PBMC_cell_TCACGAAGTTAGTGGG,0,0,0
EOC1_PBMC_cell_CAACCTCGTAACGCGA,0,0,0
EOC1_PBMC_cell_GGGACCTTCGGAAATA,0,0,0
EOC1_PBMC_cell_CTCTACGGTTGGTTTG,0,0,0
EOC1_PBMC_cell_TACGGTAAGAATTGTG,0,0,0
EOC1_PBMC_cell_CGAATGTAGGCATGTG,0,0,0
EOC1_PBMC_cell_CACAGGCAGAAGGTGA,0,0,0
EOC1_PBMC_cell_TAGTGGTTCTAGAGTC,0,0,0
EOC1_PBMC_cell_ACGATACAGCTTTGGT,0,0,0
EOC1_PBMC_cell_GCGCAGTTCTGAGTGT,0,0,0
EOC1_PBMC_cell_GTATTCTTCCTTGCCA,0,0,0
EOC1_PBMC_cell_CGTAGGCCAACACCTA,0,0,0
EOC1_PBMC_cell_GACTGCGGTGCTCTTC,0,0,0
EOC1_PBMC_cell_GCGCAACTCCTATTCA,0,0,0
EOC1_PBMC_cell_TAGCCGGTCTATCGCC,0,0,0
EOC1_PBMC_cell_ACGAGCCTCTTTCCTC,0,0,0
EOC1_PBMC_cell_GATTCAGCACAACGTT,0,0,0
EOC1_PBMC_cell_AAACCTGCAGTGGGAT,0,0,0
EOC1_PBMC_cell_CACACTCGTGGCTCCA,0,0,0
EOC1_PBMC_cell_GGGATGAAGCGAGAAA,0,0,0
EOC1_PBMC_cell_CTTAGGATCTGCAGTA,0,0,0
EOC1_PBMC_cell_TCTTTCCGTCGTCTTC,0,0,0
EOC1_PBMC_cell_TTCGAAGAGCGATAGC,0,0,0
EOC1_PBMC_cell_CGTCACTTCTAGCACA,0,0,0
EOC1_PBMC_cell_CAGAGAGGTGCACGAA,0,0,0
EOC1_PBMC_cell_CACCAGGCATCGACGC,0,0,0
EOC1_PBMC_cell_CCGGGATCAAGCGCTC,0,0,0
EOC1_PBMC_cell_TTCTCAACAGCGTTCG,0,0,0
EOC1_PBMC_cell_GGGATGAGTCTAGAGG,0,0,0
EOC1_PBMC_cell_CAGTCCTTCATCGATG,0,0,0
EOC1_PBMC_cell_GTTTCTATCGCGGATC,0,0,0
EOC1_PBMC_cell_AGTGAGGAGCCAGGAT,0,0,0
EOC1_PBMC_cell_TCAGATGAGTTACGGG,0,0,0
EOC1_PBMC_cell_CGTTGGGAGCCAGTAG,0,0,0
EOC1_PBMC_cell_CTGCTGTCAAACGCGA,0,0,0
EOC1_PBMC_cell_TTATGCTCAGCTCGAC,0,0,0
EOC1_PBMC_cell_AGCGGTCAGATGCGAC,0,0,0
EOC1_PBMC_cell_CGAGCCAGTGAGGCTA,0,0,0
EOC1_PBMC_cell_GAAGCAGTCTCAACTT,0,0,0
EOC1_PBMC_cell_ACACCAAAGGGTCTCC,0,0,0
EOC1_PBMC_cell_TTGGAACTCAGTGCAT,0,0,0
EOC1_PBMC_cell_TCCCGATGTCTTTCAT,0,0,0
EOC1_PBMC_cell_CGATGGCGTCAGAATA,0,0,0
EOC1_PBMC_cell_GTTTCTATCACGCATA,0,0,0
EOC1_PBMC_cell_CTAAGACTCCAGGGCT,0,0,0
EOC1_PBMC_cell_GTCTCGTGTACATCCA,0,0,0
EOC1_PBMC_cell_TGGCCAGCATGCCTTC,0,0,0
EOC1_PBMC_cell_ACATGGTTCCTTAATC,0,0,0
EOC1_PBMC_cell_GGGAGATCATGACGGA,0,0,0
EOC1_PBMC_cell_CCACCTATCACCTCGT,0,0,0
EOC1_PBMC_cell_TCTCTAAAGGACCACA,0,0,0
EOC1_PBMC_cell_GCATACAGTTTAGCTG,0,0,0
EOC1_PBMC_cell_AATCCAGTCACCTCGT,0,0,0
EOC1_PBMC_cell_CACAAACCATAGAAAC,0,0,0
EOC1_PBMC_cell_TGCGCAGAGGCATTGG,0,0,0
EOC1_PBMC_cell_TACTCGCCACGGTGTC,0,0,0
EOC1_PBMC_cell_ACGGAGACAGACGCTC,0,0,0
EOC1_PBMC_cell_ATTTCTGGTAAACGCG,0,0,1
EOC1_PBMC_cell_CTCGTACTCTTGACGA,0,0,0
EOC1_PBMC_cell_AGGTCCGCAGTAGAGC,0,0,0
EOC1_PBMC_cell_CGTAGGCGTAGAAAGG,0,0,0
EOC1_PBMC_cell_CTAACTTCAGACAGGT,0,0,0
EOC1_PBMC_cell_ACACTGACAGGCGATA,0,0,0
EOC1_PBMC_cell_TCTTCGGGTAGCACGA,0,0,0
EOC1_PBMC_cell_GGAACTTAGACAGACC,0,0,0
EOC1_PBMC_cell_GACTGCGCAATGGATA,0,0,0
EOC1_PBMC_cell_GTGGGTCGTACCGCTG,0,0,0
EOC1_PBMC_cell_CACAAACCACGCTTTC,0,0,0
EOC1_PBMC_cell_CGCTATCAGAAGCCCA,0,0,0
EOC1_PBMC_cell_TTCTCAAGTGCTGTAT,0,0,0
EOC1_PBMC_cell_CGTCCATCACATCTTT,0,0,0
EOC1_PBMC_cell_CTGCGGATCGACGGAA,0,0,0
EOC1_PBMC_cell_TGATTTCTCGTCGTTC,0,0,0
EOC1_PBMC_cell_CAGCGACCATACGCCG,0,0,0
EOC1_PBMC_cell_GGGATGAGTCGTCTTC,0,0,0
EOC1_PBMC_cell_CGAGCCAGTACAGTGG,0,0,0
EOC1_PBMC_cell_GTGTGCGTCTTTAGGG,0,0,0
EOC1_PBMC_cell_CAGTCCTTCAGCTTAG,0,0,0
EOC1_PBMC_cell_GATCTAGGTCACCCAG,0,0,0
EOC1_PBMC_cell_GGGAATGTCCTGCCAT,0,0,0
EOC1_PBMC_cell_TGAGAGGCATGACGGA,0,0,0
EOC1_PBMC_cell_GATGCTATCAGAGCTT,0,0,0
EOC1_PBMC_cell_TGGACGCCACCACCAG,0,0,0
EOC1_PBMC_cell_CTCACACAGTAGGCCA,0,0,0
EOC1_PBMC_cell_CAACTAGGTTCACCTC,0,0,1
EOC1_PBMC_cell_CCGTTCACATGGAATA,0,0,0
EOC1_PBMC_cell_GTTCATTCACATAACC,0,0,0
EOC1_PBMC_cell_TCACAAGTCAGAGACG,0,0,0
EOC1_PBMC_cell_GATCGCGAGCCTTGAT,0,0,0
EOC1_PBMC_cell_GCTGCGATCGTTACGA,0,0,0
EOC1_PBMC_cell_TGAGCCGCATCCGTGG,0,0,0
EOC1_PBMC_cell_GATGAGGTCAGGCGAA,0,0,0
EOC1_PBMC_cell_ATTATCCTCTGGCGTG,0,0,0
EOC1_PBMC_cell_TATGCCCCAAGCCGCT,0,0,0
EOC1_PBMC_cell_GTTAAGCGTTACGACT,0,0,0
EOC1_PBMC_cell_ATCTGCCCAATAACGA,0,0,0
EOC1_PBMC_cell_TATGCCCCAGGATTGG,0,0,0
EOC1_PBMC_cell_CGATCGGAGTGGAGTC,0,0,0
EOC1_PBMC_cell_CATTCGCTCGAACTGT,0,0,0
EOC1_PBMC_cell_ATGAGGGAGGTACTCT,0,0,0
EOC1_PBMC_cell_CTACATTTCAACCATG,0,0,0
EOC1_PBMC_cell_TCTTTCCCAGCGTAAG,0,0,0
EOC1_PBMC_cell_CGTTCTGAGAGTTGGC,0,0,0
EOC1_PBMC_cell_TAAACCGGTCGCTTTC,0,0,0
EOC1_PBMC_cell_GTGCTTCCAGCCTTGG,0,0,0
EOC1_PBMC_cell_CAGATCATCTTGCATT,0,0,0
EOC1_PBMC_cell_TCAGATGTCTGGTGTA,0,0,0
EOC1_PBMC_cell_CCTTCCCGTTGTCGCG,0,0,0
EOC1_PBMC_cell_TCGGTAATCACCAGGC,0,0,0
EOC1_PBMC_cell_TGTCCCATCCAAACTG,0,0,0
EOC1_PBMC_cell_CACAGGCTCGCATGGC,0,0,0
EOC1_PBMC_cell_CCACCTACACAACTGT,0,0,0
EOC1_PBMC_cell_GATCGCGCAAGCGTAG,0,0,0
EOC1_PBMC_cell_ACATGGTAGTGCCAGA,0,0,0
EOC1_PBMC_cell_ACTGAGTCATGAGCGA,0,0,0
EOC1_PBMC_cell_GATCTAGGTTCGCTAA,0,0,0
EOC1_PBMC_cell_CTTACCGTCGATCCCT,0,0,1
EOC1_PBMC_cell_GTACTCCGTGGGTCAA,0,0,0
EOC1_PBMC_cell_TCTGAGATCTAACGGT,0,0,0
EOC1_PBMC_cell_CTGCTGTGTAAGTTCC,0,0,0
EOC1_PBMC_cell_GCAATCAAGCGTCAAG,0,0,0
EOC1_PBMC_cell_GCATGATCAAACCCAT,0,0,0
EOC1_PBMC_cell_CGAATGTGTATCGCAT,0,0,0
EOC1_PBMC_cell_GAGGTGAGTCAAAGCG,0,0,0
EOC1_PBMC_cell_TTCTACATCAAAGACA,0,0,0
EOC1_PBMC_cell_ACACCGGCACAGGAGT,0,0,0
EOC1_PBMC_cell_GCCAAATTCATTTGGG,0,0,0
EOC1_PBMC_cell_ACGAGGATCACGATGT,0,0,0
EOC1_PBMC_cell_CACACCTTCGTTACGA,0,0,0
EOC1_PBMC_cell_CGATCGGCAGGGTACA,0,0,0
EOC1_PBMC_cell_ACGGGCTAGGCATGTG,0,0,0
EOC1_PBMC_cell_TACAGTGTCACTTATC,0,0,0
EOC1_PBMC_cell_GTAACGTAGTTACCCA,0,0,0
EOC1_PBMC_cell_TGAGAGGTCTTGTATC,0,0,0
EOC1_PBMC_cell_CCATTCGTCGATCCCT,0,0,0
EOC1_PBMC_cell_CCTTCCCAGTGCCATT,0,0,0
EOC1_PBMC_cell_TACTTGTGTACAGTGG,0,0,0
EOC1_PBMC_cell_GCACTCTCATGCTGGC,0,0,0
EOC1_PBMC_cell_CGCTTCATCAAGCCTA,0,0,0
EOC1_PBMC_cell_ACTTTCATCTACTTAC,0,0,0
EOC1_PBMC_cell_CTAATGGTCGACCAGC,0,0,0
EOC1_PBMC_cell_GCGCAGTGTTGGGACA,0,0,0
EOC1_PBMC_cell_TGATTTCTCAGTTAGC,0,0,0
EOC1_PBMC_cell_ACATACGTCAAGGTAA,0,0,0
EOC1_PBMC_cell_CACACAAAGCGTCTAT,0,0,0
EOC1_PBMC_cell_GGTGTTATCAGTTAGC,0,0,0
EOC1_PBMC_cell_TCCACACAGTACGTTC,0,0,0
EOC1_PBMC_cell_CCGTACTTCCCTAATT,0,0,0
EOC1_PBMC_cell_CAGCATAAGAGTAATC,0,0,0
EOC1_PBMC_cell_TTGAACGGTGCATCTA,0,0,0
EOC1_PBMC_cell_CAAGATCAGGCAAAGA,0,0,0
EOC1_PBMC_cell_GCGCAACGTATCGCAT,0,0,0
EOC1_PBMC_cell_TTTACTGCAGGCAGTA,0,0,0
EOC1_PBMC_cell_GTACTCCAGAGCTGCA,0,0,0
EOC1_PBMC_cell_GATCAGTAGACGCTTT,0,0,0
EOC1_PBMC_cell_GTCACAAGTATAGGTA,0,0,0
EOC1_PBMC_cell_CCATGTCAGTGTACGG,0,0,0
EOC1_PBMC_cell_TCAATCTTCACCGTAA,0,0,0
EOC1_PBMC_cell_CTCGGAGAGCAACGGT,0,0,0
EOC1_PBMC_cell_GTTCTCGCAATCACAC,0,0,0
EOC1_PBMC_cell_CATTATCGTAGCACGA,0,0,0
EOC1_PBMC_cell_GTCTTCGTCTACGAGT,0,0,0
EOC1_PBMC_cell_GCTTGAAAGGATCGCA,0,0,0
EOC1_PBMC_cell_TGTGGTAGTGGTACAG,0,0,0
EOC1_PBMC_cell_ATTACTCGTCACCTAA,0,0,0
EOC1_PBMC_cell_GCTCTGTCAAGAAGAG,0,0,0
EOC1_PBMC_cell_CCCTCCTCAGCTATTG,0,0,0
EOC1_PBMC_cell_GCAATCACATGCCTTC,0,0,0
EOC1_PBMC_cell_TCTGAGAGTTCAGACT,0,0,0
EOC1_PBMC_cell_ACGGGCTTCCGAAGAG,0,0,0
EOC1_PBMC_cell_GTAGTCAAGGATCGCA,0,0,0
EOC1_PBMC_cell_ATTCTACTCAGCTTAG,0,0,0
EOC1_PBMC_cell_GCGCAGTTCAACGAAA,0,0,0
EOC1_PBMC_cell_TCGCGTTTCTCGCTTG,0,0,0
EOC1_PBMC_cell_CTGCCTAGTTGAGTTC,0,0,0
EOC1_PBMC_cell_CTGATAGTCTGGTATG,0,0,0
EOC1_PBMC_cell_TCACAAGCAGCTGTGC,0,0,0
EOC1_PBMC_cell_CAAGTTGGTCGCGGTT,0,0,0
EOC1_PBMC_cell_AGAGTGGAGAAACCGC,0,0,0
EOC1_PBMC_cell_AGCAGCCTCATGGTCA,0,0,0
EOC1_PBMC_cell_ACGATGTTCAGTCCCT,0,0,0
EOC1_PBMC_cell_CACCTTGGTAGCGCTC,0,0,0
EOC1_PBMC_cell_CTTAACTGTATAATGG,0,0,0
EOC1_PBMC_cell_GCAGTTACAGCTTAAC,0,0,0
EOC1_PBMC_cell_CATGACATCCGAACGC,0,0,0
EOC1_PBMC_cell_TCGCGTTCATGACGGA,0,0,0
EOC1_PBMC_cell_AAGGTTCCAGACAAGC,0,0,0
EOC1_PBMC_cell_CGCCAAGGTTTACTCT,0,0,0
EOC1_PBMC_cell_CTCTACGTCTGCTGCT,0,0,0
EOC1_PBMC_cell_GGACATTAGTGACTCT,0,0,0
EOC1_PBMC_cell_TCAGCAATCTGGCGAC,0,0,0
EOC1_PBMC_cell_ATCGAGTCATTTCAGG,0,0,0
EOC1_PBMC_cell_AGGTCATTCTGTTTGT,0,0,0
EOC1_PBMC_cell_GATCGATAGACCACGA,0,0,0
EOC1_PBMC_cell_AGCCTAAAGGAATCGC,0,0,0
EOC1_PBMC_cell_CTCATTAAGCGGCTTC,0,0,0
EOC1_PBMC_cell_GATTCAGGTTCACGGC,0,0,0
EOC1_PBMC_cell_GCATGTAGTACCAGTT,0,0,0
EOC1_PBMC_cell_ATTTCTGTCTTGACGA,0,0,0
EOC1_PBMC_cell_CTGGTCTAGGCACATG,0,0,0
EOC1_PBMC_cell_GGGCATCAGCTTATCG,0,0,0
EOC1_PBMC_cell_GGTGTTAGTTGCGTTA,0,0,0
EOC1_PBMC_cell_CAACTAGGTCGGCACT,0,0,0
EOC1_PBMC_cell_TGAGGGAAGACGCACA,0,0,0
EOC1_PBMC_cell_CAGCGACAGTTCGCAT,0,0,0
EOC1_PBMC_cell_TTGCGTCCAATGAATG,0,0,0
EOC1_PBMC_cell_GGGAATGGTAGCTTGT,0,0,0
EOC1_PBMC_cell_AGTCTTTTCTGCGTAA,0,0,0
EOC1_PBMC_cell_GGGAGATTCACCCGAG,0,0,0
EOC1_PBMC_cell_TAGACCACATACCATG,0,0,0
EOC1_PBMC_cell_GACGGCTTCTCGAGTA,0,0,0
EOC1_PBMC_cell_ACTGAACCACCAGCAC,0,0,0
EOC1_PBMC_cell_CGTTCTGGTGTATGGG,0,0,0
EOC1_PBMC_cell_GACGCGTCATTGAGCT,0,0,0
EOC1_PBMC_cell_TTCGGTCCATCCGTGG,0,0,0
EOC1_PBMC_cell_CTCGGAGAGCGCCTTG,0,0,0
EOC1_PBMC_cell_CGGGTCATCTCTAGGA,0,0,0
EOC1_PBMC_cell_GTGGGTCAGTACGATA,0,0,0
EOC1_PBMC_cell_TCGGGACTCATGCATG,0,0,0
EOC1_PBMC_cell_TGAGCATGTGTATGGG,0,0,0
EOC1_PBMC_cell_CTGCCTAGTTGGTTTG,0,0,0
EOC1_PBMC_cell_ACACCAATCGGACAAG,0,0,0
EOC1_PBMC_cell_TTCTACATCAGAGACG,0,0,0
EOC1_PBMC_cell_GGAATAAAGGACGAAA,0,0,0
EOC1_PBMC_cell_GTGCAGCAGCTGCCCA,0,0,0
EOC1_PBMC_cell_CGATTGAGTGCTGTAT,0,0,0
EOC1_PBMC_cell_TACAGTGAGTAATCCC,0,0,0
EOC1_PBMC_cell_TTAACTCCAAATTGCC,0,0,0
EOC1_PBMC_cell_AGCAGCCGTCGGCATC,0,0,0
EOC1_PBMC_cell_CTCGGAGCACCAACCG,0,0,0
EOC1_PBMC_cell_CGTCCATCAATCCGAT,0,0,0
EOC1_PBMC_cell_GACCTGGGTAGCCTAT,0,0,0
EOC1_PBMC_cell_ATCCGAAAGATCCGAG,0,0,0
EOC1_PBMC_cell_TACGGGCTCACTTATC,0,0,0
EOC1_PBMC_cell_GTCGGGTTCTCTAGGA,0,0,0
EOC1_PBMC_cell_ATCTGCCTCATTCACT,0,0,0
EOC1_PBMC_cell_CGCTTCACACATCTTT,0,0,0
EOC1_PBMC_cell_TGATTTCAGTGAACAT,0,0,0
EOC1_PBMC_cell_GTACTTTGTGTCAATC,0,0,0
EOC1_PBMC_cell_TTCTCCTTCACAAACC,0,0,0
EOC1_PBMC_cell_AAAGTAGGTCCAACTA,0,0,0
EOC1_PBMC_cell_GCACATATCACTCCTG,0,0,0
EOC1_PBMC_cell_CTAGAGTAGGAATGGA,0,0,0
EOC1_PBMC_cell_CTCGGGATCCTCATTA,0,0,0
EOC1_PBMC_cell_CAGCATAGTAGCCTCG,0,0,0
EOC1_PBMC_cell_TTAACTCAGTGTCCAT,0,0,0
EOC1_PBMC_cell_CTTGGCTAGGTCGGAT,0,0,0
EOC1_PBMC_cell_TCGAGGCCAAGGCTCC,0,0,0
EOC1_PBMC_cell_AACTCCCTCGTCTGCT,0,0,0
EOC1_PBMC_cell_GATCGCGCACGAGGTA,0,0,0
EOC1_PBMC_cell_TCAGATGCAATCTGCA,0,0,0
EOC1_PBMC_cell_TGACAACTCGAATGGG,0,0,0
EOC1_PBMC_cell_CGTTGGGGTAGAGGAA,0,0,0
EOC1_PBMC_cell_TACCTTATCGCTAGCG,0,0,0
EOC1_PBMC_cell_TTTGGTTGTCCGAAGA,0,0,0
EOC1_PBMC_cell_CAACCTCTCAACGAAA,0,0,0
EOC1_PBMC_cell_CTCGGGATCGGTGTCG,0,0,0
EOC1_PBMC_cell_CATCGGGAGATTACCC,0,0,0
EOC1_PBMC_cell_ATCGAGTAGTTTAGGA,0,0,0
EOC1_PBMC_cell_CACCACTGTCGGCTCA,0,0,0
EOC1_PBMC_cell_TAGCCGGGTTGTCTTT,0,0,0
EOC1_PBMC_cell_TTTACTGCACCGCTAG,0,0,0
EOC1_PBMC_cell_CACCTTGCAGTATCTG,0,0,0
EOC1_PBMC_cell_CAGCTGGGTTCCCTTG,0,0,0
EOC1_PBMC_cell_CGCTATCAGCCCAATT,0,0,0
EOC1_PBMC_cell_CAAGGCCCAGGGTATG,0,0,0
EOC1_PBMC_cell_TCTCTAAGTTCCACTC,0,0,0
EOC1_PBMC_cell_CGAACATGTACAGTGG,0,0,0
EOC1_PBMC_cell_TACAGTGTCTGGTATG,0,0,0
EOC1_PBMC_cell_GATCGTAAGACCGGAT,0,0,0
EOC1_PBMC_cell_ATAACGCTCATTCACT,0,0,0
EOC1_PBMC_cell_TTTGGTTAGAGAGCTC,0,0,0
EOC1_PBMC_cell_GGATTACTCCACGTGG,0,0,0
EOC1_PBMC_cell_GTCTCGTTCGAATCCA,0,0,0
EOC1_PBMC_cell_TACGGATCACAACGCC,0,0,0
EOC1_PBMC_cell_CATTATCAGCTGGAAC,0,0,0
EOC1_PBMC_cell_TACCTTAAGTGTGGCA,0,0,0
EOC1_PBMC_cell_GTCATTTTCATGCTCC,0,0,0
EOC1_PBMC_cell_TCAGGTATCCTGCCAT,0,0,0
EOC1_PBMC_cell_TACTTACTCTTCAACT,0,0,0
EOC1_PBMC_cell_AGTCTTTCACCCAGTG,0,0,0
EOC1_PBMC_cell_CACACTCTCACTCCTG,0,0,0
EOC1_PBMC_cell_AATCCAGGTATTCTCT,0,0,0
EOC1_PBMC_cell_GTGCTTCCATGGTTGT,0,0,0
EOC1_PBMC_cell_GTATCTTAGCTTCGCG,0,0,0
EOC1_PBMC_cell_TTCTCCTCAACTGCTA,0,0,0
EOC1_PBMC_cell_CCTCAGTAGGACAGCT,0,0,0
EOC1_PBMC_cell_CACTCCAGTCGCCATG,0,0,0
EOC1_PBMC_cell_TTTACTGGTTTGTTTC,0,0,0
EOC1_PBMC_cell_TGAGCCGCACGTGAGA,0,0,0
EOC1_PBMC_cell_AAGGTTCGTTAAGAAC,0,0,0
EOC1_PBMC_cell_TTGCCGTAGAGCTGCA,0,0,0
EOC1_PBMC_cell_TCGGTAACATAGTAAG,0,0,0
EOC1_PBMC_cell_GGATGTTTCTAACCGA,0,0,0
EOC1_PBMC_cell_GTCAAGTTCCCTCAGT,0,0,0
EOC1_PBMC_cell_CATGGCGAGAGACTAT,0,0,0
EOC1_PBMC_cell_GAGGTGAGTACTCAAC,0,0,0
EOC1_PBMC_cell_CGAATGTAGATCACGG,0,0,0
EOC1_PBMC_cell_CTGCCTATCATCTGTT,0,0,0
EOC1_PBMC_cell_TAAGTGCTCAGCTGGC,0,0,0
EOC1_PBMC_cell_CCAGCGAGTGAGCGAT,0,0,0
EOC1_PBMC_cell_AACTCAGTCTATCGCC,0,0,0
EOC1_PBMC_cell_GTCTTCGAGGGTATCG,0,0,0
EOC1_PBMC_cell_GGATGTTCATACGCCG,0,0,0
EOC1_PBMC_cell_GCAGTTATCGCTTAGA,0,0,0
EOC1_PBMC_cell_GACGCGTAGCGTGAGT,0,0,0
EOC1_PBMC_cell_TCACAAGAGCCACCTG,0,0,0
EOC1_PBMC_cell_CGACCTTCAGTGGGAT,0,0,0
EOC1_PBMC_cell_TCTTTCCTCCGAAGAG,0,0,0
EOC1_PBMC_cell_CACATTTTCCGAACGC,0,0,0
EOC1_PBMC_cell_TGGTTAGTCTTGTTTG,0,0,0
EOC1_PBMC_cell_CCTTCGAGTCCCGACA,0,0,0
EOC1_PBMC_cell_TGCTACCCACCCATTC,0,0,0
EOC1_PBMC_cell_ACTTACTCAGCGTTCG,0,0,0
EOC1_PBMC_cell_TAAGAGAGTTTGACAC,0,0,0
EOC1_PBMC_cell_TATCTCAGTTTGCATG,0,0,0
EOC1_PBMC_cell_TTCTCAACAGACAAAT,0,0,0
EOC1_PBMC_cell_AAGGCAGCAAACTGCT,0,0,0
EOC1_PBMC_cell_ATGAGGGGTAGATTAG,0,0,0
EOC1_PBMC_cell_ACCAGTATCTGATACG,0,0,0
EOC1_PBMC_cell_ATTGGACAGTGCGTGA,0,0,0
EOC1_PBMC_cell_TTCCCAGTCAGCGATT,0,0,0
EOC1_PBMC_cell_CACTCCAAGCTAGTTC,0,0,0
EOC1_PBMC_cell_GACGTGCTCATAGCAC,0,0,0
EOC1_PBMC_cell_GTTCGGGCAGGGCATA,0,0,0
EOC1_PBMC_cell_TACTTACGTGCTCTTC,0,0,0
EOC1_PBMC_cell_AGAGCGATCTGCTGCT,0,0,0
EOC1_PBMC_cell_ACCTTTAAGCGATGAC,0,0,0
EOC1_PBMC_cell_CTGTGCTCACACAGAG,0,0,0
EOC1_PBMC_cell_CCGGTAGGTGGCGAAT,0,0,0
EOC1_PBMC_cell_ACATACGCAACCGCCA,0,0,0
EOC1_PBMC_cell_GGATTACAGATGTTAG,0,0,0
EOC1_PBMC_cell_TGTCCCAAGTTAAGTG,0,0,0
EOC1_PBMC_cell_TCTTTCCAGTGAATTG,0,0,0
EOC1_PBMC_cell_CTCCTAGCAAGCCGCT,0,0,0
EOC1_PBMC_cell_GATGCTATCATTCACT,0,0,0
EOC1_PBMC_cell_GGGCATCTCCTTGACC,0,0,0
EOC1_PBMC_cell_ACGATACTCGGAGCAA,0,0,0
EOC1_PBMC_cell_CACCACTTCATTCACT,0,0,0
EOC1_PBMC_cell_CTGAAACCATCCAACA,0,0,0
EOC1_PBMC_cell_GGCTCGACACGGACAA,0,0,0
EOC1_PBMC_cell_GTCATTTTCCTATTCA,0,0,0
EOC1_PBMC_cell_TACGGATGTCTTCTCG,0,0,0
EOC1_PBMC_cell_CCTTCGACAACTTGAC,0,0,0
EOC1_PBMC_cell_GGCAATTTCCGCATAA,0,0,0
EOC1_PBMC_cell_TCAGGTATCATCTGTT,0,0,0
EOC1_PBMC_cell_AAATGCCAGAAGGCCT,0,0,0
EOC1_PBMC_cell_CTGATCCGTTTAGCTG,0,0,0
EOC1_PBMC_cell_GTTACAGAGAGACGAA,0,0,0
EOC1_PBMC_cell_AGCTTGACAGGTGCCT,0,0,0
EOC1_PBMC_cell_ACACTGACAGCGATCC,0,0,0
EOC1_PBMC_cell_CGGGTCACATGTAGTC,0,0,0
EOC1_PBMC_cell_ACGGCCACAAGCGCTC,0,0,0
EOC1_PBMC_cell_ACATACGCAGCCAGAA,0,0,0
EOC1_PBMC_cell_GACTAACCATGCTGGC,0,0,0
EOC1_PBMC_cell_CTACACCTCATGCATG,0,0,0
EOC1_PBMC_cell_CAGGTGCAGAGGTACC,0,0,0
EOC1_PBMC_cell_GAGCAGAGTTGAACTC,0,0,0
EOC1_PBMC_cell_AAAGCAATCTTTCCTC,0,0,0
EOC1_PBMC_cell_GACTACATCCGAAGAG,0,0,0
EOC1_PBMC_cell_CGAATGTCATGACATC,0,0,0
EOC1_PBMC_cell_CGCCAAGCACGGTAGA,0,0,0
EOC1_PBMC_cell_TTCTCCTTCCGAATGT,0,0,0
EOC1_PBMC_cell_AACCATGTCGAACTGT,0,0,0
EOC1_PBMC_cell_GCTGCTTCAATGAAAC,0,0,0
EOC1_PBMC_cell_CATCGAAAGCGTGTCC,0,0,0
EOC1_PBMC_cell_GATGCTACAATGACCT,0,0,0
EOC1_PBMC_cell_GTGTGCGGTCGCCATG,0,0,0
EOC1_PBMC_cell_CGAGAAGTCAAACAAG,0,0,0
EOC1_PBMC_cell_CTAATGGGTGTCGCTG,0,0,0
EOC1_PBMC_cell_CACCTTGAGAGCAATT,0,0,0
EOC1_PBMC_cell_TAGCCGGAGCAGGCTA,0,0,0
EOC1_PBMC_cell_AGACGTTGTTATCCGA,0,0,0
EOC1_PBMC_cell_GGACAGAGTGATAAAC,0,0,0
EOC1_PBMC_cell_CAGTAACGTAGGCTGA,0,0,0
EOC1_PBMC_cell_CTCTGGTCACAGACTT,0,0,0
EOC1_PBMC_cell_TGATTTCTCGGAAACG,0,0,0
EOC1_PBMC_cell_TGAGAGGTCAACACCA,0,0,0
EOC1_PBMC_cell_TCGCGAGAGTGCTGCC,0,0,0
EOC1_PBMC_cell_GGTGAAGAGGAGCGAG,0,0,0
EOC1_PBMC_cell_CTACATTCACATCCGG,0,0,0
EOC1_PBMC_cell_ACACTGATCTTGTCAT,0,0,0
EOC1_PBMC_cell_CGGGTCAGTGTGGCTC,0,0,0
EOC1_PBMC_cell_TGAAAGATCGAATCCA,0,0,0
EOC1_PBMC_cell_TACAGTGGTAGAGCTG,0,0,0
EOC1_PBMC_cell_TAGTTGGTCCGAATGT,0,0,0
EOC1_PBMC_cell_TCGTAGAGTAAGTAGT,0,0,0
EOC1_PBMC_cell_AACTCCCCAAGCCGTC,0,0,0
EOC1_PBMC_cell_GCGCAACTCGCAAGCC,0,0,0
EOC1_PBMC_cell_GAATAAGTCTGATACG,0,0,0
EOC1_PBMC_cell_ACATGGTTCTCGCATC,0,0,0
EOC1_PBMC_cell_GGACAGAGTCTGATCA,0,0,0
EOC1_PBMC_cell_CGGACTGTCGCGATCG,0,0,0
EOC1_PBMC_cell_TTGACTTTCTACCTGC,0,0,0
EOC1_PBMC_cell_TCGCGTTCATGGGACA,0,0,0
EOC1_PBMC_cell_TGCGTGGGTATGAATG,0,0,0
EOC1_PBMC_cell_ACTGAGTCAGTTCATG,0,0,0
EOC1_PBMC_cell_GGAATAAAGAAGGACA,0,0,0
EOC1_PBMC_cell_GTAACTGGTACCGAGA,0,0,0
EOC1_PBMC_cell_TAAGTGCGTGTAACGG,0,0,0
EOC1_PBMC_cell_AGCCTAAGTCGAATCT,0,0,0
EOC1_PBMC_cell_TTTGTCAGTGAGGGTT,0,0,0
EOC1_PBMC_cell_CGCTTCAAGTGGTAAT,0,0,0
EOC1_PBMC_cell_ATAGACCCAAGCGTAG,0,0,0
EOC1_PBMC_cell_CTACCCACACGCATCG,0,0,0
EOC1_PBMC_cell_TACGGATCACATTCGA,0,0,0
EOC1_PBMC_cell_ACCGTAAAGCCGGTAA,0,0,0
EOC1_PBMC_cell_CACAGTATCAGCGACC,0,0,0
EOC1_PBMC_cell_TAGTGGTTCATTTGGG,0,0,0
EOC1_PBMC_cell_CCTACCAAGCAGGCTA,0,0,0
EOC1_PBMC_cell_GTGCGGTTCCACGACG,0,0,0
EOC1_PBMC_cell_AGCTCTCTCCTAGAAC,0,0,0
EOC1_PBMC_cell_GTTCGGGAGCTTTGGT,0,0,0
EOC1_PBMC_cell_GGATTACTCGCATGAT,0,0,0
EOC1_PBMC_cell_GACACGCTCCGAATGT,0,0,0
EOC1_PBMC_cell_TCTTTCCAGGCTCTTA,0,0,0
EOC1_PBMC_cell_TGGCGCAAGTGATCGG,0,0,0
EOC1_PBMC_cell_CGTGTCTGTACGAAAT,0,0,0
EOC1_PBMC_cell_AACTCTTTCTGCCAGG,0,0,0
EOC1_PBMC_cell_ATGGGAGAGAGTAATC,0,0,0
EOC1_PBMC_cell_CATGCCTGTAGGACAC,0,0,0
EOC1_PBMC_cell_CTCTGGTAGTGGGTTG,0,0,0
EOC1_PBMC_cell_TGTGGTATCCGCAAGC,0,0,0
EOC1_PBMC_cell_TCCCGATGTTCCAACA,0,0,0
EOC1_PBMC_cell_TTGGCAACATTGAGCT,0,0,0
EOC1_PBMC_cell_TCAGGTAGTAGCGTCC,0,0,0
EOC1_PBMC_cell_CAGCCGAAGACAAAGG,0,0,0
EOC1_PBMC_cell_TATCAGGTCGGAAATA,0,0,0
EOC1_PBMC_cell_GGGTTGCTCCGTCAAA,0,0,0
EOC1_PBMC_cell_CAAGAAATCGGCGCTA,0,0,0
EOC1_PBMC_cell_AGAATAGTCCCGACTT,0,0,0
EOC1_PBMC_cell_TGCTGCTCAATTGCTG,0,0,0
EOC1_PBMC_cell_GGCGTGTTCTTACCGC,0,0,0
EOC1_PBMC_cell_TGTGGTAAGTTCCACA,0,0,0
EOC1_PBMC_cell_TCTGAGAAGCGCTTAT,0,0,0
EOC1_PBMC_cell_AGCTTGATCGCCATAA,0,0,0
EOC1_PBMC_cell_AACTCCCGTCCATCCT,0,0,0
EOC1_PBMC_cell_TGATTTCAGAGTGACC,0,0,0
EOC1_PBMC_cell_CCAATCCTCACTATTC,0,0,0
EOC1_PBMC_cell_TTTATGCCAGCGTCCA,0,0,0
EOC1_PBMC_cell_AAGGTTCTCACCCTCA,0,0,0
EOC1_PBMC_cell_TAAGCGTTCAGTCCCT,0,0,0
EOC1_PBMC_cell_ACGCAGCCAGTGGGAT,0,0,0
EOC1_PBMC_cell_ACGGGTCCAGCCTTTC,0,0,0
EOC1_PBMC_cell_GCGAGAACATAGAAAC,0,0,0
EOC1_PBMC_cell_AGCATACTCATGGTCA,0,0,0
EOC1_PBMC_cell_AACTGGTAGATCCGAG,0,0,0
EOC1_PBMC_cell_TATCAGGTCGGTTAAC,0,0,0
EOC1_PBMC_cell_CGGAGTCGTCAACATC,0,0,0
EOC1_PBMC_cell_GCTGGGTAGCTGATAA,0,0,0
EOC1_PBMC_cell_ACCTTTATCACCACCT,0,0,0
EOC1_PBMC_cell_ACGCAGCAGCTGATAA,0,0,0
EOC1_PBMC_cell_TCTTCGGAGCAGACTG,0,0,0
EOC1_PBMC_cell_GTCTTCGGTATAATGG,0,0,0
EOC1_PBMC_cell_ACCTTTATCCTTTCTC,0,0,0
EOC1_PBMC_cell_CTGTGCTAGGCCCTCA,0,0,0
EOC1_PBMC_cell_AACACGTGTGAGGCTA,0,0,0
EOC1_PBMC_cell_GAACCTATCGCCCTTA,0,0,0
EOC1_PBMC_cell_CCTTACGAGGCATGGT,0,0,0
EOC1_PBMC_cell_TAGACCAAGCGTAATA,0,0,0
EOC1_PBMC_cell_GTAACGTGTAAGTAGT,0,0,0
EOC1_PBMC_cell_ACGGAGACATGCGCAC,0,0,0
EOC1_PBMC_cell_CACCTTGAGGTGTTAA,0,0,0
EOC1_PBMC_cell_CCGGGATTCACCGTAA,0,0,0
EOC1_PBMC_cell_TCAGGTACATACTCTT,0,0,0
EOC1_PBMC_cell_CGGACACTCTGTACGA,0,0,0
EOC1_PBMC_cell_ACATACGAGTCATGCT,0,0,0
EOC1_PBMC_cell_TGCTACCCAAGCCGTC,0,0,0
EOC1_PBMC_cell_TACGGGCAGTGTGGCA,0,0,0
EOC1_PBMC_cell_AGGTCCGGTCAAAGCG,0,0,0
EOC1_PBMC_cell_CCCTCCTAGAAACCAT,0,0,0
EOC1_PBMC_cell_ACTGAGTAGCGAAGGG,0,0,0
EOC1_PBMC_cell_TCGTAGAGTCAAAGAT,0,0,0
EOC1_PBMC_cell_CGGCTAGCAATGGAAT,0,0,0
EOC1_PBMC_cell_CACACAATCAAAGACA,0,0,0
EOC1_PBMC_cell_GCAGTTAGTTCATGGT,0,0,0
EOC1_PBMC_cell_CTCTACGGTACCGTTA,0,0,0
EOC1_PBMC_cell_AAAGATGCAACTTGAC,0,0,0
EOC1_PBMC_cell_GATCTAGTCATCACCC,0,0,0
EOC1_PBMC_cell_TGGGCGTCAAGCGATG,0,0,0
EOC1_PBMC_cell_ATGAGGGCAAAGCGGT,0,0,0
EOC1_PBMC_cell_GCGAGAACAGGCGATA,0,0,0
EOC1_PBMC_cell_CTACACCTCAGCGACC,0,0,0
EOC1_PBMC_cell_CCTTTCTTCTTTCCTC,0,0,0
EOC1_PBMC_cell_ACACCGGTCTGGCGTG,0,0,0
EOC1_PBMC_cell_GATCAGTCACTGTGTA,0,0,0
EOC1_PBMC_cell_ATTGGACGTTCCAACA,0,0,0
EOC1_PBMC_cell_TGCACCTCATAGAAAC,0,0,0
EOC1_PBMC_cell_ATCATCTTCGGTTAAC,0,0,0
EOC1_PBMC_cell_GCACTCTCAGATCTGT,0,0,0
EOC1_PBMC_cell_AGTAGTCGTTCAGTAC,0,0,0
EOC1_PBMC_cell_GTCACAAAGGACAGCT,0,0,0
EOC1_PBMC_cell_GACACGCTCCGGGTGT,0,0,0
EOC1_PBMC_cell_TATGCCCCACAACTGT,0,0,0
EOC1_PBMC_cell_TGTTCCGAGCTCCTTC,0,0,0
EOC1_PBMC_cell_CATTATCGTCAGGACA,0,0,0
EOC1_PBMC_cell_AGAGCTTTCATGGTCA,0,0,0
EOC1_PBMC_cell_TCGTACCAGACAAGCC,0,0,0
EOC1_PBMC_cell_ACTGAGTCAGGACGTA,0,0,0
EOC1_PBMC_cell_TTCGGTCAGTACGTAA,0,0,0
EOC1_PBMC_cell_ATCGAGTAGTCGCCGT,0,0,0
EOC1_PBMC_cell_AGTGTCACACCGGAAA,0,0,0
EOC1_PBMC_cell_ATGAGGGTCCTACAGA,0,0,0
EOC1_PBMC_cell_GGATTACAGTGTTGAA,0,0,0
EOC1_PBMC_cell_GATGAGGTCAGTTAGC,0,0,0
EOC1_PBMC_cell_TGAGGGAAGCCCAACC,0,0,0
EOC1_PBMC_cell_TATTACCTCATGCATG,0,0,0
EOC1_PBMC_cell_CGATTGAAGACGACGT,0,0,0
EOC1_PBMC_cell_GCAATCACATTCTTAC,0,0,0
EOC1_PBMC_cell_AGTGTCAAGTGGCACA,0,0,0
EOC1_PBMC_cell_TGGGAAGCATTCCTGC,0,0,0
EOC1_PBMC_cell_CCTTACGGTAGTGAAT,0,0,0
EOC1_PBMC_cell_GCTCCTAGTGTTAAGA,0,0,0
EOC1_PBMC_cell_TTAACTCAGTCGATAA,0,0,0
EOC1_PBMC_cell_GTGCAGCCAATTCCTT,0,0,0
EOC1_PBMC_cell_CGACCTTGTGGCAAAC,0,0,0
EOC1_PBMC_cell_GCGAGAACATTGGGCC,0,0,0
EOC1_PBMC_cell_GTGGGTCTCTTAACCT,0,0,0
EOC1_PBMC_cell_CTGATAGTCTCAAGTG,0,0,0
EOC1_PBMC_cell_AGCTTGAGTCCCTACT,0,0,0
EOC1_PBMC_cell_GAGCAGACAGGTCGTC,0,0,0
EOC1_PBMC_cell_AGGCCACAGTTGTCGT,0,0,0
EOC1_PBMC_cell_GACGTGCGTATAATGG,0,0,0
EOC1_PBMC_cell_TGTATTCGTCTTTCAT,0,0,0
EOC1_PBMC_cell_GATGAAACATTACCTT,0,0,0
EOC1_PBMC_cell_GCTGCGATCAACACCA,0,0,0
EOC1_PBMC_cell_CATCAAGAGCAATCTC,0,0,0
EOC1_PBMC_cell_CGCGGTAGTACTTCTT,0,0,0
EOC1_PBMC_cell_CGTAGGCTCAGTCCCT,0,0,0
EOC1_PBMC_cell_TGCCAAAGTAGAGTGC,0,0,0
EOC1_PBMC_cell_TAGAGCTCATCGATTG,0,0,0
EOC1_PBMC_cell_GTAGGCCCATCACAAC,0,0,0
EOC1_PBMC_cell_TCGGGACAGATCGATA,0,0,0
EOC1_PBMC_cell_CGTGTAATCGAGGTAG,0,0,0
EOC1_PBMC_cell_CCACTACCATGTCCTC,0,0,0
EOC1_PBMC_cell_TGAGCATAGAAGGTGA,0,0,0
EOC1_PBMC_cell_TTAGGCACATGGTTGT,0,0,0
EOC1_PBMC_cell_GAACGGAAGTAATCCC,0,0,0
EOC1_PBMC_cell_TGGTTCCGTATGAAAC,0,0,0
EOC1_PBMC_cell_TCTCTAACACGAAGCA,0,0,0
EOC1_PBMC_cell_GTTAAGCAGTGAAGTT,0,0,0
EOC1_PBMC_cell_AACTCAGTCGCTTGTC,0,0,0
EOC1_PBMC_cell_CTTTGCGAGCCCTAAT,0,0,0
EOC1_PBMC_cell_ACACCCTTCCACGCAG,0,0,0
EOC1_PBMC_cell_TCTTCGGCACAGGCCT,0,0,0
EOC1_PBMC_cell_CAACCAAAGACTTGAA,0,0,0
EOC1_PBMC_cell_TTCCCAGAGGTGCTTT,0,0,0
EOC1_PBMC_cell_ATAACGCGTTGCCTCT,0,0,0
EOC1_PBMC_cell_GCAGTTAGTCTCCACT,0,0,0
EOC1_PBMC_cell_GGAATAACATATGAGA,0,0,0
EOC1_PBMC_cell_TTAACTCTCAACCATG,0,0,0
EOC1_PBMC_cell_GTTTCTAAGAGCTGCA,0,0,0
EOC1_PBMC_cell_AGGTCATAGGAATCGC,0,0,0
EOC1_PBMC_cell_AAAGTAGCAAACTGTC,0,0,0
EOC1_PBMC_cell_AGGGTGAGTGCCTGCA,0,0,0
EOC1_PBMC_cell_AGTGTCAGTTGAGTTC,0,0,0
EOC1_PBMC_cell_TATCAGGAGCGCCTTG,0,0,0
EOC1_PBMC_cell_AGTGAGGTCTTCTGGC,0,0,0
EOC1_PBMC_cell_GGACAAGCATAGGATA,0,0,0
EOC1_PBMC_cell_TTAGTTCTCCAAGCCG,0,0,0
EOC1_PBMC_cell_CTCGGAGTCTGGTGTA,0,0,0
EOC1_PBMC_cell_TCTTCGGAGGCAGGTT,0,0,0
EOC1_PBMC_cell_GTACGTACAATAACGA,0,0,0
EOC1_PBMC_cell_GCATGATAGAACAATC,0,0,0
EOC1_PBMC_cell_CAGCGACGTAACGCGA,0,0,0
EOC1_PBMC_cell_TAAGCGTTCAACGGGA,0,0,0
EOC1_PBMC_cell_CTGATAGTCCTTTACA,0,0,0
EOC1_PBMC_cell_GTGCTTCAGAAGCCCA,0,0,0
EOC1_PBMC_cell_CCATGTCGTCGCGGTT,0,0,0
EOC1_PBMC_cell_CACACCTTCCCTAATT,0,0,0
EOC1_PBMC_cell_GACTAACAGAATAGGG,0,0,0
EOC1_PBMC_cell_GGGTTGCAGTAGATGT,0,0,0
EOC1_PBMC_cell_CTCTACGGTGACAAAT,0,0,0
EOC1_PBMC_cell_GAAACTCTCTAACTCT,0,0,0
EOC1_PBMC_cell_CAACCAAGTTGGGACA,0,0,0
EOC1_PBMC_cell_CTCGGAGAGCAAATCA,0,0,0
EOC1_PBMC_cell_TAGACCAGTCTCTTTA,0,0,0
EOC1_PBMC_cell_CGTGTAACAGTATCTG,0,0,0
EOC1_PBMC_cell_GTTCATTTCTGCCAGG,0,0,0
EOC1_PBMC_cell_GATCGCGTCGCGGATC,0,0,0
EOC1_PBMC_cell_CATTCGCCAAGTTAAG,0,0,0
EOC1_PBMC_cell_GCAAACTTCACGATGT,0,0,0
EOC1_PBMC_cell_CGATTGATCGAGGTAG,0,0,0
EOC1_PBMC_cell_TTCTCCTTCAACTCTT,0,0,0
EOC1_PBMC_cell_TCAACGAGTTGCTCCT,0,0,0
EOC1_PBMC_cell_ACTTACTAGTGGAGAA,0,0,0
EOC1_PBMC_cell_GTTACAGCACGGATAG,0,0,0
EOC1_PBMC_cell_GCAAACTGTCTAAACC,0,0,0
EOC1_PBMC_cell_CACACCTCAGTCCTTC,0,0,0
EOC1_PBMC_cell_TTAACTCGTGCCTGTG,0,0,0
EOC1_PBMC_cell_CTTAGGAAGGAACTGC,0,0,0
EOC1_PBMC_cell_AGGCCACCATGTCTCC,0,0,0
EOC1_PBMC_cell_CTAGCCTGTGACGCCT,0,0,0
EOC1_PBMC_cell_CAACTAGCAGGACGTA,0,0,0
EOC1_PBMC_cell_ACATCAGGTTGGTAAA,0,0,0
EOC1_PBMC_cell_CGACTTCTCCGTAGGC,0,0,0
EOC1_PBMC_cell_CCTCTGAAGCTAAGAT,0,0,0
EOC1_PBMC_cell_CATCAAGTCAGGCCCA,0,0,0
EOC1_PBMC_cell_TGCACCTAGTCAAGCG,0,0,0
EOC1_PBMC_cell_ACGATGTCAGCCAGAA,0,0,0
EOC1_PBMC_cell_AGATCTGCACCATGTA,0,0,0
EOC1_PBMC_cell_GTACGTAAGGACTGGT,0,0,0
EOC1_PBMC_cell_TATTACCTCCTTTACA,0,0,0
EOC1_PBMC_cell_TAGCCGGTCCCGGATG,0,0,0
EOC1_PBMC_cell_TAAGTGCCATCCCACT,0,0,0
EOC1_PBMC_cell_TAAGAGAAGCGTTCCG,0,0,0
EOC1_PBMC_cell_GTTCATTCAAACCCAT,0,0,0
EOC1_PBMC_cell_TGAGCATCATAAAGGT,0,0,0
EOC1_PBMC_cell_GTGCAGCCAGATGGCA,0,0,0
EOC1_PBMC_cell_TACGGTACATGTTGAC,0,0,0
EOC1_PBMC_cell_GTGTGCGCACGCTTTC,0,0,0
EOC1_PBMC_cell_CTCGGGATCACTTCAT,0,0,0
EOC1_PBMC_cell_CTTCTCTTCAGCTTAG,0,0,0
EOC1_PBMC_cell_CACACCTGTCAAAGCG,0,0,0
EOC1_PBMC_cell_CAGCCGACATCCTTGC,0,0,0
EOC1_PBMC_cell_TGCGTGGTCCACTGGG,0,0,0
EOC1_PBMC_cell_ACTGCTCGTGCCTGTG,0,0,0
EOC1_PBMC_cell_TTGCGTCCATTACGAC,0,0,0
EOC1_PBMC_cell_CAAGGCCAGTACGCGA,0,0,0
EOC1_PBMC_cell_CGCTATCAGATATGCA,0,0,0
EOC1_PBMC_cell_AACTCAGTCCAAATGC,0,0,0
EOC1_PBMC_cell_CAGCATAGTATGCTTG,0,0,0
EOC1_PBMC_cell_CCTAGCTAGGCCGAAT,0,0,0
EOC1_PBMC_cell_CCCAATCCATCCGTGG,0,0,0
EOC1_PBMC_cell_GCAAACTTCTGAGGGA,0,0,0
EOC1_PBMC_cell_CGAATGTGTGAAATCA,0,0,0
EOC1_PBMC_cell_TGGCCAGGTCCTAGCG,0,0,0
EOC1_PBMC_cell_GAATAAGAGGATCGCA,0,0,0
EOC1_PBMC_cell_AGCGGTCAGAGGACGG,0,0,0
EOC1_PBMC_cell_CCAGCGACATGCTAGT,0,0,0
EOC1_PBMC_cell_CTCTAATTCAGAGCTT,0,0,0
EOC1_PBMC_cell_GCTCTGTCACTGTTAG,0,0,0
EOC1_PBMC_cell_GAATAAGGTGCCTGCA,0,0,0
EOC1_PBMC_cell_CGCCAAGTCAAAGTAG,0,0,0
EOC1_PBMC_cell_CTTGGCTCAGCTTCGG,0,0,0
EOC1_PBMC_cell_TTAGTTCCACCGCTAG,0,0,0
EOC1_PBMC_cell_AGGTCATAGCAGGCTA,0,0,0
EOC1_PBMC_cell_GGTGAAGAGAGTACAT,0,0,0
EOC1_PBMC_cell_CCGTTCATCCGCTGTT,0,0,0
EOC1_PBMC_cell_CCTACACTCCTCATTA,0,0,0
EOC1_PBMC_cell_GTAACGTGTATTCGTG,0,0,0
EOC1_PBMC_cell_CAGGTGCAGCTACCTA,0,0,0
EOC1_PBMC_cell_TCATTTGAGAATTGTG,0,0,0
EOC1_PBMC_cell_CTCAGAAAGAGCTGGT,0,0,0
EOC1_PBMC_cell_GACGGCTGTAGAAAGG,0,0,0
EOC1_PBMC_cell_TATTACCAGGTAGCCA,0,0,0
EOC1_PBMC_cell_AAACCTGCACATTAGC,0,0,0
EOC1_PBMC_cell_CTCGTCACAAGGGTCA,0,0,0
EOC1_PBMC_cell_CGGACGTTCGAATCCA,0,0,0
EOC1_PBMC_cell_GTCACAACACACCGAC,0,0,0
EOC1_PBMC_cell_CTTCTCTCAGACAAGC,0,0,0
EOC1_PBMC_cell_GATGAAACATGTTCCC,0,0,0
EOC1_PBMC_cell_ACTTGTTTCGTCTGAA,0,0,0
EOC1_PBMC_cell_CAGCCGATCGCCCTTA,0,0,0
EOC1_PBMC_cell_CTGCTGTAGGTTACCT,0,0,0
EOC1_PBMC_cell_TTTACTGTCAGCTCGG,0,0,0
EOC1_PBMC_cell_TGGACGCAGTCCGTAT,0,0,0
EOC1_PBMC_cell_GATCGATCATGGATGG,0,0,0
EOC1_PBMC_cell_CGCTGGACAAGGTTTC,0,0,0
EOC1_PBMC_cell_GATCGCGCAAACCTAC,0,0,0
EOC1_PBMC_cell_TCATTACCATTGGGCC,0,0,0
EOC1_PBMC_cell_AACTTTCGTCCGTTAA,0,0,0
EOC1_PBMC_cell_ACGGGCTTCAGCTCGG,0,0,0
EOC1_PBMC_cell_AGAGCGATCAGAGGTG,0,0,0
EOC1_PBMC_cell_TACACGATCGCTGATA,0,0,0
EOC1_PBMC_cell_CAACCTCTCCTTTACA,0,0,0
EOC1_PBMC_cell_CAGGTGCTCATTTGGG,0,0,0
EOC1_PBMC_cell_GGACAAGCATTACGAC,0,0,0
EOC1_PBMC_cell_GAATAAGAGGACTGGT,0,0,0
EOC1_PBMC_cell_CCCAATCCAATAGCAA,0,0,0
EOC1_PBMC_cell_TACGGATAGATCTGCT,0,0,0
EOC1_PBMC_cell_ACACCGGTCAACGAAA,0,0,0
EOC1_PBMC_cell_GTAGGCCGTACTTAGC,0,0,0
EOC1_PBMC_cell_CGATGTACATACTCTT,0,0,0
EOC1_PBMC_cell_ATCCGAATCGCCTGTT,0,0,0
EOC1_PBMC_cell_CAAGGCCAGAGCTTCT,0,0,0
EOC1_PBMC_cell_CGCTGGACATACGCTA,0,0,0
EOC1_PBMC_cell_TACCTATTCTTGTATC,0,0,0
EOC1_PBMC_cell_CCTTCCCGTACTTAGC,0,0,0
EOC1_PBMC_cell_TCGCGTTAGGTCGGAT,0,0,0
EOC1_PBMC_cell_CGTTAGAAGTGGTAGC,0,0,0
EOC1_PBMC_cell_CAGATCAAGCCGCCTA,0,0,0
EOC1_PBMC_cell_TGGTTAGAGCAGGCTA,0,0,0
EOC1_PBMC_cell_CCTACCACACGTGAGA,0,0,0
EOC1_PBMC_cell_GTACTTTAGTAGGTGC,0,0,0
EOC1_PBMC_cell_TCCCGATAGATCCGAG,0,0,0
EOC1_PBMC_cell_TACTTGTCAGGAACGT,0,0,0
EOC1_PBMC_cell_TATCAGGGTGCCTGGT,0,0,0
EOC1_PBMC_cell_TGGCGCATCTGGTATG,0,0,0
EOC1_PBMC_cell_TTGGCAAAGTCTCAAC,0,0,0
EOC1_PBMC_cell_GGCAATTTCGCGATCG,0,0,0
EOC1_PBMC_cell_CACTCCATCTGATTCT,0,0,0
EOC1_PBMC_cell_TGTGTTTCACAACGCC,0,0,0
EOC1_PBMC_cell_CAACCTCTCTCGAGTA,0,0,0
EOC1_PBMC_cell_TTCTCCTCAGGCAGTA,0,0,0
EOC1_PBMC_cell_GTGGGTCAGCGTGTCC,0,0,0
EOC1_PBMC_cell_GCGGGTTGTATAATGG,0,0,0
EOC1_PBMC_cell_GATCGTATCGCGATCG,0,0,0
EOC1_PBMC_cell_GGGACCTGTTCCGTCT,0,0,0
EOC1_PBMC_cell_AAACCTGAGCTGTTCA,0,0,0
EOC1_PBMC_cell_CTCGGAGTCAGTTTGG,0,0,0
EOC1_PBMC_cell_CATGACACATGACGGA,0,0,0
EOC1_PBMC_cell_ACGGGCTTCGCCAGCA,0,0,0
EOC1_PBMC_cell_GTCCTCAAGCCCAGCT,0,0,0
EOC1_PBMC_cell_CGTAGCGGTAGCGCTC,0,0,0
EOC1_PBMC_cell_GTATTCTGTGTGAATA,0,0,0
EOC1_PBMC_cell_CCGTGGATCTTAGCCC,0,0,0
EOC1_PBMC_cell_AAGGCAGTCACAGTAC,0,0,0
EOC1_PBMC_cell_GTACTCCTCCGTCATC,0,0,0
EOC1_PBMC_cell_ATGCGATCAAGCCCAC,0,0,0
EOC1_PBMC_cell_TCTCATAAGTAGCCGA,0,0,0
EOC1_PBMC_cell_GAACATCGTGACTACT,0,0,0
EOC1_PBMC_cell_TGTTCCGCATGCGCAC,0,0,0
EOC1_PBMC_cell_CAGCTGGCAAAGTGCG,0,0,0
EOC1_PBMC_cell_ACGAGCCAGTCACGCC,0,0,0
EOC1_PBMC_cell_GTTCATTCAAACAACA,0,0,0
EOC1_PBMC_cell_CTAAGACCAAGCCCAC,0,0,0
EOC1_PBMC_cell_TTGCGTCGTTATCCGA,0,0,0
EOC1_PBMC_cell_GGTGCGTTCGTCCAGG,0,0,0
EOC1_PBMC_cell_AGACGTTGTCTGCCAG,0,0,0
EOC1_PBMC_cell_GGACATTCACCTATCC,0,0,0
EOC1_PBMC_cell_CTACATTAGCTTTGGT,0,0,0
EOC1_PBMC_cell_TCGCGAGGTCAAAGCG,0,0,0
EOC1_PBMC_cell_ACGGGCTGTAGAGCTG,0,0,0
EOC1_PBMC_cell_GGGAATGCAGCCTGTG,0,0,0
EOC1_PBMC_cell_CCTTCCCTCTGGTATG,0,0,0
EOC1_PBMC_cell_GGCTCGAGTGACGCCT,0,0,0
EOC1_PBMC_cell_CACAGGCTCTTACCGC,0,0,0
EOC1_PBMC_cell_CGGTTAACAGGTGCCT,0,0,0
EOC1_PBMC_cell_CTCAGAAAGTGTGAAT,0,0,0
EOC1_PBMC_cell_CATCAGATCTGCGTAA,0,0,0
EOC1_PBMC_cell_GCGACCAGTTTAGGAA,0,0,0
EOC1_PBMC_cell_TGTGGTATCACATAGC,0,0,0
EOC1_PBMC_cell_ACGTCAACATCCTTGC,0,0,0
EOC1_PBMC_cell_AGGTCATCACGCCAGT,0,0,0
EOC1_PBMC_cell_CCAGCGAGTCCGTTAA,0,0,0
EOC1_PBMC_cell_AGCAGCCAGCGAAGGG,0,0,0
EOC1_PBMC_cell_TTTCCTCTCGGACAAG,0,0,0
EOC1_PBMC_cell_ACACCCTAGGCTCAGA,0,0,0
EOC1_PBMC_cell_GACACGCCAATTGCTG,0,0,0
EOC1_PBMC_cell_TGAGGGACAAATCCGT,0,0,0
EOC1_PBMC_cell_TTAGGCATCTGGAGCC,0,0,0
EOC1_PBMC_cell_CAACTAGGTCGCTTTC,0,0,0
EOC1_PBMC_cell_CCACTACAGCAAATCA,0,0,0
EOC1_PBMC_cell_TGTGTTTAGCTCCTCT,0,0,0
EOC1_PBMC_cell_ACCAGTACACGAAATA,0,0,0
EOC1_PBMC_cell_GACGGCTTCACGCATA,0,0,0
EOC1_PBMC_cell_GACGGCTTCACCTTAT,0,0,0
EOC1_PBMC_cell_TTCTCAAGTCTCAACA,0,0,0
EOC1_PBMC_cell_AGGGATGAGGCGACAT,0,0,0
EOC1_PBMC_cell_AGTCTTTGTTGCCTCT,0,0,0
EOC1_PBMC_cell_AAGGCAGGTACCGTTA,0,0,0
EOC1_PBMC_cell_CCCTCCTTCGCAAGCC,0,0,0
EOC1_PBMC_cell_CAGCGACCAAATCCGT,0,0,0
EOC1_PBMC_cell_GCCTCTATCGTATCAG,0,0,0
EOC1_PBMC_cell_TCACGAATCTGATACG,0,0,0
EOC1_PBMC_cell_GTGTTAGTCTTGCAAG,0,0,0
EOC1_PBMC_cell_ATAGACCAGACAGGCT,0,0,0
EOC1_PBMC_cell_AGATTGCGTCTAGTCA,0,0,0
EOC1_PBMC_cell_CTTAACTAGTTAAGTG,0,0,0
EOC1_PBMC_cell_CCTTCGAAGACATAAC,0,0,0
EOC1_PBMC_cell_AGGCCGTTCGGTGTTA,0,0,0
EOC1_PBMC_cell_CCATTCGGTCTAGTCA,0,0,0
EOC1_PBMC_cell_CACATAGTCTTTAGGG,0,0,0
EOC1_PBMC_cell_TGAGAGGGTTTGTTGG,0,0,0
EOC1_PBMC_cell_CCTAAAGCACTGCCAG,0,0,0
EOC1_PBMC_cell_AACACGTTCAAGGTAA,0,0,0
EOC1_PBMC_cell_AGAATAGAGTGTTTGC,0,0,0
EOC1_PBMC_cell_CCATGTCAGTGCCAGA,0,0,0
EOC1_PBMC_cell_CCGTTCAAGAACTCGG,0,0,0
EOC1_PBMC_cell_CATTATCTCGAGAGCA,0,0,0
EOC1_PBMC_cell_CCATGTCAGCCAGAAC,0,0,0
EOC1_PBMC_cell_TTAACTCTCGCCTGAG,0,0,0
EOC1_PBMC_cell_AACCATGTCTGCTGCT,0,0,0
EOC1_PBMC_cell_CCGTGGACAGCCTTTC,0,0,0
EOC1_PBMC_cell_CTCAGAATCAATCTCT,0,0,0
EOC1_PBMC_cell_TACTTGTAGCGATTCT,0,0,0
EOC1_PBMC_cell_CTTAACTTCATATCGG,0,0,0
EOC1_PBMC_cell_AGGCCACAGAGGTACC,0,0,0
EOC1_PBMC_cell_CTGTGCTCATTCTCAT,0,0,0
EOC1_PBMC_cell_GCAGTTATCTTCAACT,0,0,0
EOC1_PBMC_cell_CGTCCATCACGTGAGA,0,0,0
EOC1_PBMC_cell_TTCTTAGGTAAATGTG,0,0,0
EOC1_PBMC_cell_TGCGTGGAGGACAGAA,0,0,0
EOC1_PBMC_cell_GAGCAGAGTTGTGGCC,0,0,0
EOC1_PBMC_cell_GATGAGGCAGACGCCT,0,0,0
EOC1_PBMC_cell_AAGTCTGTCGGTCTAA,0,0,0
EOC1_PBMC_cell_TGTATTCGTGGCAAAC,0,0,0
EOC1_PBMC_cell_TAGAGCTAGCCAGTTT,0,0,0
EOC1_PBMC_cell_CCGTGGATCTTCGAGA,0,0,0
EOC1_PBMC_cell_ATAAGAGCAATGAATG,0,0,0
EOC1_PBMC_cell_CTAACTTTCTCGGACG,0,0,0
EOC1_PBMC_cell_GAAACTCAGTGGTCCC,0,0,0
EOC1_PBMC_cell_AACCATGAGTTGAGAT,0,0,0
EOC1_PBMC_cell_AAACGGGAGCCGCCTA,0,0,0
EOC1_PBMC_cell_GCGCAGTCAGTTAACC,0,0,0
EOC1_PBMC_cell_GCACTCTTCCTAGTGA,0,0,0
EOC1_PBMC_cell_CTTAGGAAGCGTTCCG,0,0,0
EOC1_PBMC_cell_GATCGTAGTGCATCTA,0,0,0
EOC1_PBMC_cell_TCTTTCCCAAGTTCTG,0,0,0
EOC1_PBMC_cell_GCAATCATCACTTATC,0,0,0
EOC1_PBMC_cell_TTTGCGCCAACGATGG,0,0,0
EOC1_PBMC_cell_CTCGGGACAATGGAGC,0,0,0
EOC1_PBMC_cell_CGTCCATCAATAGCGG,0,0,0
EOC1_PBMC_cell_GACTAACCATTAACCG,0,0,0
EOC1_PBMC_cell_AGATTGCCACAGGAGT,0,0,0
EOC1_PBMC_cell_AGTGGGAAGGACACCA,0,0,0
EOC1_PBMC_cell_TGCGTGGGTAGAGTGC,0,0,0
EOC1_PBMC_cell_ATTGGACGTCGATTGT,0,0,0
EOC1_PBMC_cell_TTGAACGCAGTATAAG,0,0,0
EOC1_PBMC_cell_CGAGCCATCCCTTGCA,0,0,0
EOC1_PBMC_cell_GACGTTACACTAAGTC,0,0,0
EOC1_PBMC_cell_GTAGTCAGTCCGTTAA,0,0,0
EOC1_PBMC_cell_GGGACCTAGCGTTTAC,0,0,0
EOC1_PBMC_cell_GCGACCAGTCGTGGCT,0,0,0
EOC1_PBMC_cell_ACTGAGTCACATGGGA,0,0,0
EOC1_PBMC_cell_TGGTTAGTCGCTGATA,0,0,0
EOC1_PBMC_cell_AGGTCCGAGAGGGCTT,0,0,0
EOC1_PBMC_cell_CTGAAACGTGGCAAAC,0,0,0
EOC1_PBMC_cell_GGATGTTTCAGTCAGT,0,0,0
EOC1_PBMC_cell_AGGTCATTCAAGCCTA,0,0,0
EOC1_PBMC_cell_CGGAGTCCAAGCCATT,0,0,0
EOC1_PBMC_cell_GCTGCTTAGGGAACGG,0,0,0
EOC1_PBMC_cell_CCTCTGACAATGCCAT,0,0,0
EOC1_PBMC_cell_TCGCGTTGTCGACTGC,0,0,0
EOC1_PBMC_cell_GATCGCGAGCAATCTC,0,0,0
EOC1_PBMC_cell_GACCAATTCATCTGTT,0,0,0
EOC1_PBMC_cell_GCTGCAGCATTACGAC,0,0,0
EOC1_PBMC_cell_CGGAGTCGTCCAAGTT,0,0,0
EOC1_PBMC_cell_CTAGAGTTCGCGCCAA,0,0,0
EOC1_PBMC_cell_CTCGAGGAGTGACATA,0,0,0
EOC1_PBMC_cell_TCAGCAAGTACCGAGA,0,0,0
EOC1_PBMC_cell_CTCGTCAGTTCGTCTC,0,0,0
EOC1_PBMC_cell_AAAGCAATCCTCAACC,0,0,0
EOC1_PBMC_cell_CCACGGATCAAACGGG,0,0,0
EOC1_PBMC_cell_CTTACCGCATCGATTG,0,0,0
EOC1_PBMC_cell_CGTGAGCCACACTGCG,0,0,0
EOC1_PBMC_cell_AGATCTGAGTAGATGT,0,0,0
EOC1_PBMC_cell_TCTGAGATCTGTTGAG,0,0,0
EOC1_PBMC_cell_AGTGAGGGTAGATTAG,0,0,0
EOC1_PBMC_cell_GGGCACTGTATAGGGC,0,0,0
EOC1_PBMC_cell_TCTTTCCTCTGTACGA,0,0,0
EOC1_PBMC_cell_TGACTAGTCATCGCTC,0,0,0
EOC1_PBMC_cell_CAGAATCAGACTGGGT,0,0,0
EOC1_PBMC_cell_CTGCGGATCCTATGTT,0,0,0
EOC1_PBMC_cell_CCAATCCCACATTTCT,0,0,0
EOC1_PBMC_cell_CGGACGTGTAATCACC,0,0,0
EOC1_PBMC_cell_TCATTTGTCCTCGCAT,0,0,0
EOC1_PBMC_cell_CAACCAACAATGGACG,0,0,0
EOC1_PBMC_cell_GCTGCAGCAGGTGGAT,0,0,0
EOC1_PBMC_cell_CATATTCGTGGAAAGA,0,0,0
EOC1_PBMC_cell_GATCTAGAGGATATAC,0,0,0
EOC1_PBMC_cell_AGCTTGAGTCCGACGT,0,0,0
EOC1_PBMC_cell_GCCTCTACATCCGTGG,0,0,0
EOC1_PBMC_cell_TTCGAAGAGTGTACTC,0,0,0
EOC1_PBMC_cell_CCGGGATCATAGACTC,0,0,0
EOC1_PBMC_cell_TAAGAGACACCACGTG,0,0,0
EOC1_PBMC_cell_CTCGAGGCACTATCTT,0,0,0
EOC1_PBMC_cell_CCCAGTTGTTCAGTAC,0,0,0
EOC1_PBMC_cell_ACGGCCACAGGTCGTC,0,0,0
EOC1_PBMC_cell_CTACACCCAGAGTGTG,0,0,0
EOC1_PBMC_cell_AGTGAGGGTTAAAGTG,0,0,0
EOC1_PBMC_cell_ACGATACCAGGTCCAC,0,0,0
EOC1_PBMC_cell_AATCCAGGTGTTGGGA,0,0,0
EOC1_PBMC_cell_TTCTCAAAGTCAATAG,0,0,0
EOC1_PBMC_cell_GCATGTAGTGAGGGTT,0,0,0
EOC1_PBMC_cell_CTTAGGACACATAACC,0,0,0
EOC1_PBMC_cell_TCATTACCACACAGAG,0,0,1
EOC1_PBMC_cell_GAATGAAAGCTGCAAG,0,0,0
EOC1_PBMC_cell_TCAGGTATCCCTCAGT,0,0,0
EOC1_PBMC_cell_GCCTCTATCCCTGACT,0,0,0
EOC1_PBMC_cell_GACTAACTCCGGCACA,0,0,0
EOC1_PBMC_cell_AGATTGCAGCAATATG,0,0,0
EOC1_PBMC_cell_AGCATACAGCTAACAA,0,0,0
EOC1_PBMC_cell_TATTACCGTATATGAG,0,0,0
EOC1_PBMC_cell_ACACTGAAGTGTCCCG,0,0,0
EOC1_PBMC_cell_TGGGCGTTCGTAGATC,0,0,0
EOC1_PBMC_cell_GTGTTAGGTCCGAATT,0,0,0
EOC1_PBMC_cell_TGGGCGTGTACCGTAT,0,0,0
EOC1_PBMC_cell_GGACAAGTCATCTGTT,0,0,0
EOC1_PBMC_cell_CAAGGCCGTCTGATTG,0,0,0
EOC1_PBMC_cell_ACGGGCTGTTTCGCTC,0,0,0
EOC1_PBMC_cell_GCACATACATCCGTGG,0,0,0
EOC1_PBMC_cell_CAGCCGAAGGACCACA,0,0,0
EOC1_PBMC_cell_AACTTTCGTGTTGGGA,0,0,0
EOC1_PBMC_cell_ATCACGAGTCAACTGT,0,0,0
EOC1_PBMC_cell_TACTCGCCAAGAAGAG,0,0,0
EOC1_PBMC_cell_CGAGAAGCAAACGCGA,0,0,0
EOC1_PBMC_cell_GCAAACTGTTCGGGCT,0,0,0
EOC1_PBMC_cell_AGATTGCTCTAACTTC,0,0,0
EOC1_PBMC_cell_CATCGGGGTTCCTCCA,0,0,0
EOC1_PBMC_cell_TGAGAGGTCCCTAACC,0,0,0
EOC1_PBMC_cell_AGTCTTTTCGAGAGCA,0,0,0
EOC1_PBMC_cell_CTCGTCACATCGGGTC,0,0,0
EOC1_PBMC_cell_CATGGCGCAGTGGAGT,0,0,0
EOC1_PBMC_cell_TACTTACTCCTCAACC,0,0,0
EOC1_PBMC_cell_TGGCCAGAGAGTAAGG,0,0,0
EOC1_PBMC_cell_CATCGGGCAGACACTT,0,0,0
EOC1_PBMC_cell_TCTCTAACAAGCCCAC,0,0,0
EOC1_PBMC_cell_GGGACCTCACACCGCA,0,0,0
EOC1_PBMC_cell_AGTGAGGTCACTTCAT,0,0,0
EOC1_PBMC_cell_CGTTGGGGTCCAGTAT,0,0,0
EOC1_PBMC_cell_TGGCGCAGTAAATGTG,0,0,0
EOC1_PBMC_cell_TGCTGCTTCCAAAGTC,0,0,0
EOC1_PBMC_cell_CATCCACAGCCCAATT,0,0,0
EOC1_PBMC_cell_TAGTGGTGTCGAACAG,0,0,0
EOC1_PBMC_cell_CTGTGCTAGGGCATGT,0,0,0
EOC1_PBMC_cell_CAACCTCCACCTCGGA,0,0,0
EOC1_PBMC_cell_CTCGGAGCAGTTAACC,0,0,0
EOC1_PBMC_cell_CGAACATTCGGTTCGG,0,0,0
EOC1_PBMC_cell_TGCGTGGTCATCATTC,0,0,0
EOC1_PBMC_cell_TGGCCAGTCAAGAAGT,0,0,0
EOC1_PBMC_cell_CTGATCCCACGCATCG,0,0,0
EOC1_PBMC_cell_CTGATCCTCTGGTATG,0,0,0
EOC1_PBMC_cell_CGATCGGTCTGCCAGG,0,0,0
EOC1_PBMC_cell_AGCCTAACAGATAATG,0,0,0
EOC1_PBMC_cell_GCGCCAACAGGCGATA,0,0,0
EOC1_PBMC_cell_TAGACCATCACTATTC,0,0,0
EOC1_PBMC_cell_CTACACCTCCTAGGGC,0,0,0
EOC1_PBMC_cell_ACGAGCCAGTCTCGGC,0,0,0
EOC1_PBMC_cell_GACGTTAGTAACGACG,0,0,0
EOC1_PBMC_cell_CACACAATCTCGTTTA,0,0,0
EOC1_PBMC_cell_AGGTCATCAGGCTGAA,0,0,0
EOC1_PBMC_cell_ATCGAGTTCTTCCTTC,0,0,0
EOC1_PBMC_cell_CTTAGGAGTAAGTGTA,0,0,0
EOC1_PBMC_cell_GTACTTTTCGTTTATC,0,0,0
EOC1_PBMC_cell_GAGTCCGTCGCTGATA,0,0,0
EOC1_PBMC_cell_TTCTTAGTCGTCTGCT,0,0,0
EOC1_PBMC_cell_CTAATGGTCAAACCGT,0,0,0
EOC1_PBMC_cell_TTGGCAATCACCCGAG,0,0,0
EOC1_PBMC_cell_TGCTACCAGGGTTTCT,0,0,0
EOC1_PBMC_cell_CGGACTGAGTGCTGCC,0,0,0
EOC1_PBMC_cell_CCTATTAGTAGGCATG,0,0,0
EOC1_PBMC_cell_AGTGAGGTCTGTCTAT,0,0,0
EOC1_PBMC_cell_GGACGTCGTCCATCCT,0,0,0
EOC1_PBMC_cell_GTCACAATCAACTCTT,0,0,0
EOC1_PBMC_cell_GCTGGGTGTCCAGTTA,0,0,0
EOC1_PBMC_cell_TATGCCCCAACGATCT,0,0,0
EOC1_PBMC_cell_CATCAAGTCCAAACAC,0,0,0
EOC1_PBMC_cell_CAGTCCTTCAGGCCCA,0,0,0
EOC1_PBMC_cell_CTGAAGTTCGTAGGAG,0,0,0
EOC1_PBMC_cell_GGCTGGTAGTGCAAGC,0,0,0
EOC1_PBMC_cell_CTCGGAGTCTGCTGCT,0,0,0
EOC1_PBMC_cell_AGGGTGATCACAACGT,0,0,0
EOC1_PBMC_cell_TACTTGTAGGACACCA,0,0,0
EOC1_PBMC_cell_TGGCGCATCGCATGGC,0,0,0
EOC1_PBMC_cell_CGTGAGCGTTAAGATG,0,0,0
EOC1_PBMC_cell_CACACAATCTTGAGGT,0,0,0
EOC1_PBMC_cell_TTTATGCAGGCAAAGA,0,0,0
EOC1_PBMC_cell_AGGGAGTTCCTACAGA,0,0,0
EOC1_PBMC_cell_TATGCCCCACCAGATT,0,0,0
EOC1_PBMC_cell_AGGTCCGCATGTAAGA,0,0,0
EOC1_PBMC_cell_AGCTCCTAGGCCCTCA,0,0,0
EOC1_PBMC_cell_CTCACACTCCTAGAAC,0,0,0
EOC1_PBMC_cell_AATCCAGGTTACCGAT,0,0,0
EOC1_PBMC_cell_CTGATAGAGTCAAGCG,0,0,0
EOC1_PBMC_cell_AACTCAGAGGAGTTGC,0,0,0
EOC1_PBMC_cell_ATAGACCAGACCACGA,0,0,0
EOC1_PBMC_cell_AGGGTGACATCACCCT,0,0,0
EOC1_PBMC_cell_GCTCTGTGTCAGTGGA,0,0,0
EOC1_PBMC_cell_CTCGGGATCTGCTTGC,0,0,0
EOC1_PBMC_cell_ACCAGTACAGGATCGA,0,0,0
EOC1_PBMC_cell_CCATTCGTCCTGCCAT,0,0,0
EOC1_PBMC_cell_TGTATTCGTTGTGGCC,0,0,0
EOC1_PBMC_cell_ACGTCAATCAACGCTA,0,0,0
EOC1_PBMC_cell_GAGGTGAGTGTGTGCC,0,0,0
EOC1_PBMC_cell_CCGTGGAAGACGCACA,0,0,0
EOC1_PBMC_cell_TTTGTCATCGCAGGCT,0,0,0
EOC1_PBMC_cell_AAAGCAACATCCCATC,0,0,0
EOC1_PBMC_cell_TGAGGGATCGACGGAA,0,0,0
EOC1_PBMC_cell_CATTCGCGTTACGACT,0,0,0
EOC1_PBMC_cell_AAAGTAGCAATAGCGG,0,0,0
EOC1_PBMC_cell_TACGGATAGTTATCGC,0,0,0
EOC1_PBMC_cell_GATCGTATCCATGAAC,0,0,0
EOC1_PBMC_cell_CAGCGACCACGCCAGT,0,0,0
EOC1_PBMC_cell_CAGTCCTCATGGAATA,0,0,0
EOC1_PBMC_cell_TGCTACCAGGTGATAT,0,0,0
EOC1_PBMC_cell_CGATGGCCACTTCGAA,0,0,0
EOC1_PBMC_cell_GGCCGATTCGTGTAGT,0,0,0
EOC1_PBMC_cell_AGCATACTCCATGAAC,0,0,0
EOC1_PBMC_cell_GGTGTTACACCTCGTT,0,0,0
EOC1_PBMC_cell_ACGGAGAGTCCGAATT,0,0,0
EOC1_PBMC_cell_GTGTGCGTCAGTCCCT,0,0,0
EOC1_PBMC_cell_GAAATGAAGGCATGTG,0,0,0
EOC1_PBMC_cell_GTTCGGGCATGGTCTA,0,0,0
EOC1_PBMC_cell_TTCCCAGTCGTCCAGG,0,0,0
EOC1_PBMC_cell_ACTTGTTCAACCGCCA,0,0,0
EOC1_PBMC_cell_GCATACATCTAGCACA,0,0,0
EOC1_PBMC_cell_CTACACCAGCGGCTTC,0,0,0
EOC1_PBMC_cell_CGTCCATCAAGTTAAG,0,0,0
EOC1_PBMC_cell_AGCCTAAAGCAGGCTA,0,0,0
EOC1_PBMC_cell_GACTAACAGTGCGTGA,0,0,0
EOC1_PBMC_cell_CCTAGCTTCCAAATGC,0,0,0
EOC1_PBMC_cell_GATCAGTCATCTATGG,0,0,0
EOC1_PBMC_cell_CACTCCACAAGACACG,0,0,0
EOC1_PBMC_cell_AAAGTAGCACGCCAGT,0,0,0
EOC1_PBMC_cell_ACGATGTTCTGGAGCC,0,0,0
EOC1_PBMC_cell_GCGGGTTCATGTTGAC,0,0,0
EOC1_PBMC_cell_TGGTTCCTCGGCCGAT,0,0,0
EOC1_PBMC_cell_ATCTGCCAGGCATGTG,0,0,0
EOC1_PBMC_cell_GCTGCGAGTTCAGACT,0,0,0
EOC1_PBMC_cell_ACACCGGAGCAGGTCA,0,0,0
EOC1_PBMC_cell_CCGTACTTCCGTTGCT,0,0,0
EOC1_PBMC_cell_GAATAAGCACCTATCC,0,0,0
EOC1_PBMC_cell_TCGCGAGCAGTACACT,0,0,0
EOC1_PBMC_cell_GTCGTAACATTTGCTT,0,0,0
EOC1_PBMC_cell_GGACAGAGTAAGGGCT,0,0,0
EOC1_PBMC_cell_AGCTCTCAGGTTACCT,0,0,0
EOC1_PBMC_cell_CGTAGCGGTCACCTAA,0,0,0
EOC1_PBMC_cell_CCTACCAGTCTTGATG,0,0,0
EOC1_PBMC_cell_CATCCACGTGAGCGAT,0,0,0
EOC1_PBMC_cell_GGATGTTGTTATCACG,0,0,0
EOC1_PBMC_cell_TGCACCTAGTTGAGAT,0,0,0
EOC1_PBMC_cell_ATTTCTGAGTCTCCTC,0,0,0
EOC1_PBMC_cell_AAGGAGCTCAGCTGGC,0,0,0
EOC1_PBMC_cell_ATGAGGGAGCTGCGAA,0,0,0
EOC1_PBMC_cell_CGATGTAGTCAGCTAT,0,0,0
EOC1_PBMC_cell_TCACGAAAGTGAAGAG,0,0,0
EOC1_PBMC_cell_GAAGCAGTCTTACCGC,0,0,0
EOC1_PBMC_cell_GATCGATCACTAGTAC,0,0,0
EOC1_PBMC_cell_AATCGGTCATCGGGTC,0,0,0
EOC1_PBMC_cell_GACGGCTGTAAGAGAG,0,0,0
EOC1_PBMC_cell_CGAGCACAGTGGTAAT,0,0,0
EOC1_PBMC_cell_CGCCAAGCAAACCCAT,0,0,0
EOC1_PBMC_cell_CGTGTAAAGTCCATAC,0,0,0
EOC1_PBMC_cell_GTTTCTAGTGTGCCTG,0,0,0
EOC1_PBMC_cell_CATGACACACAGGTTT,0,0,0
EOC1_PBMC_cell_CCACGGAAGGCTCTTA,0,0,0
EOC1_PBMC_cell_AAAGTAGTCCTCAACC,0,0,0
EOC1_PBMC_cell_CCACGGACAGGGTTAG,0,0,0
EOC1_PBMC_cell_GACTAACCACCGTTGG,0,0,0
EOC1_PBMC_cell_GGCCGATTCTAGAGTC,0,0,0
EOC1_PBMC_cell_GGATTACCACTCAGGC,0,0,0
EOC1_PBMC_cell_TGACAACGTATCTGCA,0,0,0
EOC1_PBMC_cell_GACAGAGGTGAAGGCT,0,0,0
EOC1_PBMC_cell_GAAGCAGAGCCATCGC,0,0,0
EOC1_PBMC_cell_GTAGTCAGTCCTCCAT,0,0,0
EOC1_PBMC_cell_TCCCGATTCGGCGCTA,0,0,0
EOC1_PBMC_cell_GTGCTTCAGGGAAACA,0,0,0
EOC1_PBMC_cell_TGGTTAGGTGATAAGT,0,0,0
EOC1_PBMC_cell_ACCGTAATCCCGACTT,0,0,0
EOC1_PBMC_cell_CCTTTCTAGGTGGGTT,0,0,0
EOC1_PBMC_cell_CACAAACCAATGAAAC,0,0,0
EOC1_PBMC_cell_ACGAGGAGTCATGCCG,0,0,0
EOC1_PBMC_cell_GTACTTTAGCCCTAAT,0,0,0
EOC1_PBMC_cell_AGCCTAAAGTGTCCCG,0,0,0
EOC1_PBMC_cell_CAAGGCCAGGTAGCTG,0,0,0
EOC1_PBMC_cell_GTGCTTCTCTGGTATG,0,0,0
EOC1_PBMC_cell_CTGATCCTCTGTCCGT,0,0,0
EOC1_PBMC_cell_GCACATACACTTAAGC,0,0,0
EOC1_PBMC_cell_TACGGATCAGAGTGTG,0,0,0
EOC1_PBMC_cell_GAGTCCGGTACACCGC,0,0,0
EOC1_PBMC_cell_ACGCCGAAGGATGGTC,0,0,0
EOC1_PBMC_cell_ACATGGTGTCAGGACA,0,0,0
EOC1_PBMC_cell_CCTATTAGTACCGGCT,0,0,0
EOC1_PBMC_cell_GTACTTTGTGATAAAC,0,0,0
EOC1_PBMC_cell_TGCTGCTGTCCGAACC,0,0,0
EOC1_PBMC_cell_CGCTGGACATCTCGCT,0,0,0
EOC1_PBMC_cell_AGCGTATAGAAGGTGA,0,0,0
EOC1_PBMC_cell_CTCGAGGCATTTCAGG,0,0,0
EOC1_PBMC_cell_TCAATCTCAGGATCGA,0,0,0
EOC1_PBMC_cell_GGTGAAGTCTCTAAGG,0,0,0
EOC1_PBMC_cell_TGGCGCAAGTAAGTAC,0,0,0
EOC1_PBMC_cell_ACGGGCTCAGACGCAA,0,0,0
EOC1_PBMC_cell_AACTCTTAGGATGCGT,0,0,0
EOC1_PBMC_cell_TACCTTACACGGTAAG,0,0,0
EOC1_PBMC_cell_CGACTTCCAGTGAGTG,0,0,0
EOC1_PBMC_cell_CATATTCCACGTTGGC,0,0,0
EOC1_PBMC_cell_AGAATAGGTCGGCACT,0,0,0
EOC1_PBMC_cell_GTTAAGCAGGACACCA,0,0,0
EOC1_PBMC_cell_AGGCCACAGATGCGAC,0,0,0
EOC1_PBMC_cell_GATGAGGTCTATGTGG,0,0,0
EOC1_PBMC_cell_AGCTCCTGTCTCCACT,0,0,0
EOC1_PBMC_cell_CGCTATCGTCTCACCT,0,0,0
EOC1_PBMC_cell_CGCGGTACAGCTGCTG,0,0,0
EOC1_PBMC_cell_CATTCGCCACATCTTT,0,0,0
EOC1_PBMC_cell_CGAATGTTCGCCTGTT,0,0,0
EOC1_PBMC_cell_GAACGGAAGTGGCACA,0,0,0
EOC1_PBMC_cell_CGCTATCAGTGTACGG,0,0,0
EOC1_PBMC_cell_ACCCACTGTATCAGTC,0,0,0
EOC1_PBMC_cell_AAGCCGCAGCTCCTTC,0,0,0
EOC1_PBMC_cell_CTGTTTAGTCTGATCA,0,0,0
EOC1_PBMC_cell_CATCAAGAGATGTGGC,0,0,0
EOC1_PBMC_cell_CATCGGGTCCAAGCCG,0,0,0
EOC1_PBMC_cell_GCGCAGTTCTCCAACC,0,0,0
EOC1_PBMC_cell_TGGCTGGCAGGTTTCA,0,0,0
EOC1_PBMC_cell_ATGCGATGTTCGTGAT,0,0,0
EOC1_PBMC_cell_TTAGGCACAGCTGGCT,0,0,0
EOC1_PBMC_cell_ACGGCCATCGGCTACG,0,0,0
EOC1_PBMC_cell_TACGGTATCGAGCCCA,0,0,0
EOC1_PBMC_cell_GTGCAGCGTTCCAACA,0,0,0
EOC1_PBMC_cell_GATGCTATCAACACCA,0,0,0
EOC1_PBMC_cell_CTACACCAGCGCCTCA,0,0,0
EOC1_PBMC_cell_TGGTTCCTCCACGTGG,0,0,0
EOC1_PBMC_cell_GTTACAGAGATCGGGT,0,0,0
EOC1_PBMC_cell_CGTCACTTCGGGAGTA,0,0,0
EOC1_PBMC_cell_TTTACTGTCATGCTCC,0,0,0
EOC1_PBMC_cell_GCGCCAAAGTCTCGGC,0,0,0
EOC1_PBMC_cell_TGGGCGTAGGTGTGGT,0,0,0
EOC1_PBMC_cell_CACACAAAGAGGACGG,0,0,0
EOC1_PBMC_cell_GTAGGCCCACATCCAA,0,0,0
EOC1_PBMC_cell_GTGCATATCGCGTTTC,0,0,0
EOC1_PBMC_cell_GCTGCAGAGAAGATTC,0,0,0
EOC1_PBMC_cell_GGCAATTGTGTAACGG,0,0,0
EOC1_PBMC_cell_GGCTCGATCATAACCG,0,0,1
EOC1_PBMC_cell_CATCCACAGACTAGGC,0,0,0
EOC1_PBMC_cell_ACGTCAAAGCACCGTC,0,0,0
EOC1_PBMC_cell_GTAACTGCACGGTGTC,0,0,0
EOC1_PBMC_cell_AGGGTGAAGCTTTGGT,0,0,0
EOC1_PBMC_cell_GTCGTAAAGACTCGGA,0,0,0
EOC1_PBMC_cell_CCCTCCTAGAAGCCCA,0,0,0
EOC1_PBMC_cell_TCAATCTGTCGGCTCA,0,0,0
EOC1_PBMC_cell_TCCCGATCAAGTCTGT,0,0,0
EOC1_PBMC_cell_GATCGCGTCACTTCAT,0,0,0
EOC1_PBMC_cell_CTAAGACAGTCCGTAT,0,0,0
EOC1_PBMC_cell_TCTCTAACAATGAATG,0,0,0
EOC1_PBMC_cell_ATAGACCCATATACCG,0,0,0
EOC1_PBMC_cell_GGGCACTCAACGATGG,0,0,0
EOC1_PBMC_cell_ACATGGTGTCATGCAT,0,0,0
EOC1_PBMC_cell_GGCAATTTCACAGGCC,0,0,0
EOC1_PBMC_cell_CGTTCTGTCATTGCCC,0,0,0
EOC1_PBMC_cell_TTTCCTCTCTTGTATC,0,0,0
EOC1_PBMC_cell_TCAGATGGTTATGTGC,0,0,0
EOC1_PBMC_cell_CCCTCCTCAGAGTGTG,0,0,0
EOC1_PBMC_cell_CTAGCCTGTCCCGACA,0,0,0
EOC1_PBMC_cell_AACTGGTAGCGTCTAT,0,0,0
EOC1_PBMC_cell_AGCATACAGAGCTTCT,0,0,0
EOC1_PBMC_cell_TCTCATATCTGCTGTC,0,0,0
EOC1_PBMC_cell_GTTCTCGGTCTAGAGG,0,0,0
EOC1_PBMC_cell_TTGTAGGTCTGAGTGT,0,0,0
EOC1_PBMC_cell_CTGCTGTAGATAGTCA,0,0,0
EOC1_PBMC_cell_GCACATACAACAACCT,0,0,0
EOC1_PBMC_cell_ACGAGCCCAGCCAGAA,0,0,0
EOC1_PBMC_cell_TCGCGAGAGAGTGACC,0,0,0
EOC1_PBMC_cell_CCACTACGTTGCTCCT,0,0,0
EOC1_PBMC_cell_TGATTTCGTGGTACAG,0,0,0
EOC1_PBMC_cell_CAGCTGGGTTCTGGTA,0,0,0
EOC1_PBMC_cell_TAAACCGTCTGCAAGT,0,0,0
EOC1_PBMC_cell_GCATGTATCTGTCTCG,0,0,0
EOC1_PBMC_cell_ACTGCTCAGCTGTCTA,0,0,0
EOC1_PBMC_cell_CTAGAGTTCGTACGGC,0,0,0
EOC1_PBMC_cell_GACAGAGTCGTAGGAG,0,0,0
EOC1_PBMC_cell_AGTCTTTAGAGAGCTC,0,0,0
EOC1_PBMC_cell_GATCGCGCAAGGTTTC,0,0,0
EOC1_PBMC_cell_CATGACATCTGGAGCC,0,0,0
EOC1_PBMC_cell_ATTGGACAGATGCGAC,0,0,0
EOC1_PBMC_cell_CAAGTTGCACAACGTT,0,0,0
EOC1_PBMC_cell_CTCATTAAGGGATGGG,0,0,0
EOC1_PBMC_cell_CGTTCTGGTGATGTCT,0,0,0
EOC1_PBMC_cell_TTTGCGCGTAAGTAGT,0,0,0
EOC1_PBMC_cell_GTTCGGGTCCTCAATT,0,0,0
EOC1_PBMC_cell_CTTGGCTCAATGGAAT,0,0,0
EOC1_PBMC_cell_GTAGGCCTCCCTAACC,0,0,0
EOC1_PBMC_cell_ATGAGGGTCAACGAAA,0,0,0
EOC1_PBMC_cell_CTTTGCGGTTTGCATG,0,0,0
EOC1_PBMC_cell_TCTTTCCAGCTGAACG,0,0,0
EOC1_PBMC_cell_ACTGATGCATGGGAAC,0,0,0
EOC1_PBMC_cell_AGTCTTTAGATGCCAG,0,0,0
EOC1_PBMC_cell_ATTATCCTCGCTTGTC,0,0,0
EOC1_PBMC_cell_GAAGCAGCACAGTCGC,0,0,0
EOC1_PBMC_cell_GGAATAATCCACGCAG,0,0,0
EOC1_PBMC_cell_TCAGCTCAGTATCGAA,0,0,0
EOC1_PBMC_cell_TGCCAAAAGCAGGTCA,0,0,0
EOC1_PBMC_cell_GTACGTAAGGACAGAA,0,0,0
EOC1_PBMC_cell_CTGATCCGTTCCGTCT,0,0,0
EOC1_PBMC_cell_CATTATCTCGTGGTCG,0,0,0
EOC1_PBMC_cell_CGATGTAAGGGCTCTC,0,0,0
EOC1_PBMC_cell_GGGATGAAGCGTTCCG,0,0,0
EOC1_PBMC_cell_TTTGGTTCACTTGGAT,0,0,0
EOC1_PBMC_cell_ATCACGATCCTATTCA,0,0,0
EOC1_PBMC_cell_GCAGCCAAGTGGTAAT,0,0,0
EOC1_PBMC_cell_GGACATTGTCTCATCC,0,0,0
EOC1_PBMC_cell_TCCACACAGAAGAAGC,0,0,0
EOC1_PBMC_cell_GTTAAGCTCTAACTGG,0,0,0
EOC1_PBMC_cell_CTTACCGTCGGAGGTA,0,0,0
EOC1_PBMC_cell_CTGTTTATCCAAAGTC,0,0,0
EOC1_PBMC_cell_CGTCAGGGTGCGCTTG,0,0,0
EOC1_PBMC_cell_GCGCAACTCGCGGATC,0,0,0
EOC1_PBMC_cell_GCCAAATGTTCCACTC,0,0,0
EOC1_PBMC_cell_AAGGTTCGTCAGTGGA,0,0,0
EOC1_PBMC_cell_TTGCCGTGTAATAGCA,0,0,0
EOC1_PBMC_cell_AGATCTGTCGTCCGTT,0,0,0
EOC1_PBMC_cell_CCAATCCTCAACACGT,0,0,0
EOC1_PBMC_cell_TCATTACTCTTTACGT,0,0,0
EOC1_PBMC_cell_AACTGGTCATCTCGCT,0,0,0
EOC1_PBMC_cell_TACTTACCAGATCCAT,0,0,0
EOC1_PBMC_cell_GAAGCAGTCCGCGTTT,0,0,0
EOC1_PBMC_cell_GTACGTAGTGTTCTTT,0,0,0
EOC1_PBMC_cell_ACACTGACATCAGTAC,0,0,0
EOC1_PBMC_cell_AGTTGGTGTAGGCTGA,0,0,0
EOC1_PBMC_cell_AGTGTCAGTGAAATCA,0,0,0
EOC1_PBMC_cell_CTGATCCGTTAAGAAC,0,0,0
EOC1_PBMC_cell_TTCTCAACAGCATGAG,0,0,0
EOC1_PBMC_cell_AGGGAGTCAGACAAGC,0,0,0
EOC1_PBMC_cell_GACGTGCTCATTGCCC,0,0,0
EOC1_PBMC_cell_GTGGGTCCATGCTAGT,0,0,0
EOC1_PBMC_cell_CGTGTAAAGTATCGAA,0,0,0
EOC1_PBMC_cell_TTGCGTCCAAGGTTTC,0,0,0
EOC1_PBMC_cell_ATGCGATCACGGTAGA,0,0,0
EOC1_PBMC_cell_TAGAGCTAGCCACTAT,0,0,0
EOC1_PBMC_cell_TCAACGACAAGTCTAC,0,0,0
EOC1_PBMC_cell_ATCCGAAGTGCCTTGG,0,0,0
EOC1_PBMC_cell_CGTTCTGGTTCCACGG,0,0,0
EOC1_PBMC_cell_GCACATAAGTGCAAGC,0,0,0
EOC1_PBMC_cell_CGCTTCACAGTACACT,0,0,0
EOC1_PBMC_cell_CTACCCAAGTATCTCG,0,0,0
EOC1_PBMC_cell_AAGTCTGTCTTGTATC,0,0,0
EOC1_PBMC_cell_TGGCGCAAGCCCAACC,0,0,0
EOC1_PBMC_cell_GACACGCCATCACGTA,0,0,0
EOC1_PBMC_cell_CTAGTGATCATTATCC,0,0,0
EOC1_PBMC_cell_TTTACTGTCCTTTCTC,0,0,0
EOC1_PBMC_cell_GGATTACGTAGGGACT,0,0,0
EOC1_PBMC_cell_AACTCTTTCCAGATCA,0,0,0
EOC1_PBMC_cell_AGAGCTTTCTTAGCCC,0,0,0
EOC1_PBMC_cell_CTGTGCTCAATCGGTT,0,0,0
EOC1_PBMC_cell_CGCCAAGTCGCGTTTC,0,0,0
EOC1_PBMC_cell_CGCGTTTGTGCTCTTC,0,0,0
EOC1_PBMC_cell_GCTCCTAAGAAGGCCT,0,0,0
EOC1_PBMC_cell_GAATGAAAGAAACCGC,0,0,1
EOC1_PBMC_cell_TTAGGACCAGGATTGG,0,0,0
EOC1_PBMC_cell_TGACTAGAGATAGGAG,0,0,0
EOC1_PBMC_cell_CAGAGAGGTGAACCTT,0,0,0
EOC1_PBMC_cell_ATCATGGTCAAAGACA,0,0,0
EOC1_PBMC_cell_GGGCATCCACTCTGTC,0,0,0
EOC1_PBMC_cell_AGCTTGACACCGTTGG,0,0,0
EOC1_PBMC_cell_AACCGCGAGCTAACTC,0,0,0
EOC1_PBMC_cell_CTCGAAAGTGTCAATC,0,0,0
EOC1_PBMC_cell_TACTTACGTTCGTGAT,0,0,0
EOC1_PBMC_cell_GGCTGGTAGAGCTTCT,0,0,0
EOC1_PBMC_cell_ATAAGAGGTGAAAGAG,0,0,0
EOC1_PBMC_cell_GTTAAGCTCCCTAATT,0,0,0
EOC1_PBMC_cell_ACTGCTCAGAGGTAGA,0,0,0
EOC1_PBMC_cell_CGACTTCAGGGTTCCC,0,0,0
EOC1_PBMC_cell_CGATTGATCATTGCGA,0,0,0
EOC1_PBMC_cell_AGTAGTCTCCGCGCAA,0,0,0
EOC1_PBMC_cell_TCGGTAATCGCGATCG,0,0,0
EOC1_PBMC_cell_AGCTCTCCACGGTGTC,0,0,0
EOC1_PBMC_cell_TCAATCTTCGCATGAT,0,0,0
EOC1_PBMC_cell_GTTCGGGCACCCAGTG,0,0,0
EOC1_PBMC_cell_GCACTCTCAGTAACGG,0,0,0
EOC1_PBMC_cell_ACGCAGCAGTAACCCT,0,0,0
EOC1_PBMC_cell_CACCAGGAGACTTTCG,0,0,0
EOC1_PBMC_cell_CTGATAGGTCCGCTGA,0,0,0
EOC1_PBMC_cell_CACATAGCATGATCCA,0,0,0
EOC1_PBMC_cell_TAGACCAAGAGCAATT,0,0,0
EOC1_PBMC_cell_TTGGAACGTGCGCTTG,0,0,0
EOC1_PBMC_cell_AGCGGTCAGTGGTAAT,0,0,0
EOC1_PBMC_cell_GAACGGACAATGGATA,0,0,0
EOC1_PBMC_cell_TCCACACTCCCTCTTT,0,0,0
EOC1_PBMC_cell_ATCCGAAGTAAATACG,0,0,0
EOC1_PBMC_cell_GTTTCTACAGACAAAT,0,0,0
EOC1_PBMC_cell_ATCTGCCCAGATCCAT,0,0,0
EOC1_PBMC_cell_TGTGGTAAGATAGTCA,0,0,0
EOC1_PBMC_cell_CTTAGGATCGTGACAT,0,0,0
EOC1_PBMC_cell_TACTCGCCACACAGAG,0,0,0
EOC1_PBMC_cell_TGACTAGTCTCGTTTA,0,0,0
EOC1_PBMC_cell_GTACTTTTCGATCCCT,0,0,0
EOC1_PBMC_cell_CACACCTCATGCCACG,0,0,0
EOC1_PBMC_cell_GTACGTACAGCCAATT,0,0,0
EOC1_PBMC_cell_TTGTAGGCAATGGTCT,0,0,0
EOC1_PBMC_cell_TTCGAAGCAAAGGTGC,0,0,0
EOC1_PBMC_cell_GCTCTGTTCGAACGGA,0,0,0
EOC1_PBMC_cell_CTCGGAGAGGGTATCG,0,0,0
EOC1_PBMC_cell_ACATCAGTCTCTTGAT,0,0,0
EOC1_PBMC_cell_CATCGAAAGTCATCCA,0,0,0
EOC1_PBMC_cell_CCTACCAGTTACGGAG,0,0,0
EOC1_PBMC_cell_GGAGCAATCCTCAATT,0,0,0
EOC1_PBMC_cell_AGTCTTTGTAATCACC,0,0,0
EOC1_PBMC_cell_GTTACAGTCCAAGTAC,0,0,0
EOC1_PBMC_cell_AAGACCTCAAGAAGAG,0,0,0
EOC1_PBMC_cell_CATGCCTCACGTTGGC,0,0,0
EOC1_PBMC_cell_CGTCTACGTATTCTCT,0,0,0
EOC1_PBMC_cell_GCAATCAAGCCAACAG,0,0,0
EOC1_PBMC_cell_GACTACACAAGCGAGT,0,0,0
EOC1_PBMC_cell_CCCTCCTCACATCCGG,0,0,0
EOC1_PBMC_cell_GTAGTCAAGGCTAGAC,0,0,0
EOC1_PBMC_cell_GCTGCTTCAATAGCGG,0,0,0
EOC1_PBMC_cell_TTCTTAGTCTCGTTTA,0,0,0
EOC1_PBMC_cell_ACTATCTAGTGAACAT,0,0,0
EOC1_PBMC_cell_ACAGCCGTCCGTAGTA,0,0,0
EOC1_PBMC_cell_CGATCGGTCTGCCCTA,0,0,0
EOC1_PBMC_cell_TTCTACAAGCGAAGGG,0,0,0
EOC1_PBMC_cell_AAGTCTGTCAAAGTAG,0,0,0
EOC1_PBMC_cell_ACTGATGCAGCCTTGG,0,0,0
EOC1_PBMC_cell_ATTATCCTCACCATAG,0,0,0
EOC1_PBMC_cell_GGAATAAAGTATGACA,0,0,0
EOC1_PBMC_cell_TCAATCTCATTATCTC,0,0,0
EOC1_PBMC_cell_CATGGCGCAAGCTGAG,0,0,0
EOC1_PBMC_cell_CGTCAGGAGCAGCGTA,0,0,0
EOC1_PBMC_cell_ACGCCGACATTAGCCA,0,0,0
EOC1_PBMC_cell_GGCAATTGTCGAACAG,0,0,0
EOC1_PBMC_cell_GACGTTAGTTTGGCGC,0,0,0
EOC1_PBMC_cell_TATCAGGGTTTGGCGC,0,0,0
EOC1_PBMC_cell_GAACGGATCGCCGTGA,0,0,0
EOC1_PBMC_cell_ACACCGGGTTTGTTGG,0,0,0
EOC1_PBMC_cell_AGTGTCAGTGGGTATG,0,0,0
EOC1_PBMC_cell_TGTTCCGGTGACTCAT,0,0,0
EOC1_PBMC_cell_CTTGGCTTCTTTAGTC,0,0,0
EOC1_PBMC_cell_CGGGTCATCTCTGTCG,0,0,0
EOC1_PBMC_cell_TCACGAATCTGCGTAA,0,0,0
EOC1_PBMC_cell_AGTAGTCCATTGGGCC,0,0,0
EOC1_PBMC_cell_TCTGGAAGTCTGATTG,0,0,0
EOC1_PBMC_cell_GTCCTCAGTCGAAAGC,0,0,0
EOC1_PBMC_cell_CAGTCCTCATGGGACA,0,0,0
EOC1_PBMC_cell_AACTCAGAGCTGCAAG,0,0,0
EOC1_PBMC_cell_TTATGCTAGCCAGTTT,0,0,0
EOC1_PBMC_cell_TAGTGGTTCTAAGCCA,0,0,0
EOC1_PBMC_cell_GGAACTTAGACGCACA,0,0,0
EOC1_PBMC_cell_CGAACATTCAGTTAGC,0,0,0
EOC1_PBMC_cell_GCTGCGACATCGATGT,0,0,0
EOC1_PBMC_cell_GCGCCAACATGGATGG,0,0,0
EOC1_PBMC_cell_GCAGTTACAATGAATG,0,0,0
EOC1_PBMC_cell_TGACGGCAGCGGATCA,0,0,0
EOC1_PBMC_cell_GGGTCTGTCGACCAGC,0,0,0
EOC1_PBMC_cell_CTCGTACGTGTCTGAT,0,0,0
EOC1_PBMC_cell_ACACCCTCATTGCGGC,0,0,0
EOC1_PBMC_cell_ACTGCTCCACTACAGT,0,0,0
EOC1_PBMC_cell_GCAAACTCAAAGCAAT,0,0,0
EOC1_PBMC_cell_CAGTCCTAGAAACGCC,0,0,0
EOC1_PBMC_cell_ACGAGGAAGCTGATAA,0,0,0
EOC1_PBMC_cell_ATCGAGTGTGTTCTTT,0,0,0
EOC1_PBMC_cell_GAACGGAGTTACGACT,0,0,0
EOC1_PBMC_cell_TATCAGGGTAGAGGAA,0,0,0
EOC1_PBMC_cell_GATCGATGTTCGAATC,0,0,0
EOC1_PBMC_cell_TATTACCTCGGACAAG,0,0,0
EOC1_PBMC_cell_GCGCCAAGTAGATTAG,0,0,0
EOC1_PBMC_cell_ATCTACTCAAACAACA,0,0,0
EOC1_PBMC_cell_GCTTGAAAGGCTATCT,0,0,0
EOC1_PBMC_cell_GGGAATGTCCGTTGCT,0,0,0
EOC1_PBMC_cell_GAACGGACATGGTCAT,0,0,0
EOC1_PBMC_cell_TCGGGACAGTTGCAGG,0,0,0
EOC1_PBMC_cell_GGACAGATCAGCTGGC,0,0,0
EOC1_PBMC_cell_GACGCGTCAAGGTTTC,0,0,0
EOC1_PBMC_cell_CATCGAACATCGGTTA,0,0,0
EOC1_PBMC_cell_ATTACTCCACCTTGTC,0,0,0
EOC1_PBMC_cell_GGAAAGCGTCCTCCAT,0,0,0
EOC1_PBMC_cell_TTAGTTCTCGGCATCG,0,0,0
EOC1_PBMC_cell_GGAAAGCGTGCAACTT,0,0,0
EOC1_PBMC_cell_AACTTTCAGGCCGAAT,0,0,0
EOC1_PBMC_cell_GTAACGTCATAAGACA,0,0,0
EOC1_PBMC_cell_AAAGCAATCATAGCAC,0,0,0
EOC1_PBMC_cell_GGGCACTCATGGATGG,0,0,0
EOC1_PBMC_cell_GAACGGAGTGTTGGGA,0,0,0
EOC1_PBMC_cell_CGTCAGGGTTTGTTGG,0,0,0
EOC1_PBMC_cell_CTGCTGTGTCGAATCT,0,0,0
EOC1_PBMC_cell_GCAGCCATCGACCAGC,0,0,0
EOC1_PBMC_cell_ATTCTACAGCACACAG,0,0,0
EOC1_PBMC_cell_CCCTCCTTCATATCGG,0,0,0
EOC1_PBMC_cell_CGGAGTCCACCGCTAG,0,0,0
EOC1_PBMC_cell_TGCGCAGAGGTGATTA,0,0,0
EOC1_PBMC_cell_GCATGTACACTTCGAA,0,0,0
EOC1_PBMC_cell_GGACATTGTATGAATG,0,0,0
EOC1_PBMC_cell_TAGCCGGGTTAGGGTG,0,0,0
EOC1_PBMC_cell_CCTCTGAGTGATGTGG,0,0,0
EOC1_PBMC_cell_AACTGGTCATCTATGG,0,0,0
EOC1_PBMC_cell_CCGTTCATCAGCGATT,0,0,0
EOC1_PBMC_cell_TTTATGCTCAAACGGG,0,0,0
EOC1_PBMC_cell_GCACATAGTGAGGCTA,0,0,0
EOC1_PBMC_cell_CTTAGGATCAGGCCCA,0,0,0
EOC1_PBMC_cell_CAGAATCAGCCCTAAT,0,0,0
EOC1_PBMC_cell_ATGGGAGTCTGCCAGG,0,0,0
EOC1_PBMC_cell_AGCGGTCAGGATTCGG,0,0,0
EOC1_PBMC_cell_GCTCTGTCAGACTCGC,0,0,0
EOC1_PBMC_cell_CGGACGTCAGTAAGAT,0,0,0
EOC1_PBMC_cell_CCTATTACAATGGACG,0,0,0
EOC1_PBMC_cell_CCTCAGTTCGAATGGG,0,0,0
EOC1_PBMC_cell_ACTGAACTCGAATGGG,0,0,0
EOC1_PBMC_cell_GATCGCGCAAGTCTGT,0,0,0
EOC1_PBMC_cell_GGGCATCTCCTATTCA,0,0,0
EOC1_PBMC_cell_CACACAACAATGGAGC,0,0,0
EOC1_PBMC_cell_GATGAGGGTATAAACG,0,0,0
EOC1_PBMC_cell_CTACCCAGTGTATGGG,0,0,0
EOC1_PBMC_cell_TACTCGCGTTACGACT,0,0,0
EOC1_PBMC_cell_ATAACGCTCGGAAATA,0,0,0
EOC1_PBMC_cell_CTACATTAGAATGTTG,0,0,0
EOC1_PBMC_cell_GAAATGAGTCCTCTTG,0,0,0
EOC1_PBMC_cell_CAACCTCCAAGAAGAG,0,0,0
EOC1_PBMC_cell_ACATGGTAGCGCTCCA,0,0,0
EOC1_PBMC_cell_GACAGAGGTTCTGAAC,0,0,0
EOC1_PBMC_cell_TCCCGATTCGCTGATA,0,0,0
EOC1_PBMC_cell_CACCTTGTCCCTCTTT,0,0,0
EOC1_PBMC_cell_CGGTTAAGTCTCTCGT,0,0,0
EOC1_PBMC_cell_TCTTTCCGTGACCAAG,0,0,0
EOC1_PBMC_cell_AGCGTATCAACTGGCC,0,0,0
EOC1_PBMC_cell_CGTTAGATCGAGAGCA,0,0,0
EOC1_PBMC_cell_CTCTACGCATGCATGT,0,0,0
EOC1_PBMC_cell_GCACATACATTGCGGC,0,0,0
EOC1_PBMC_cell_ACCGTAACAAACGTGG,0,0,0
EOC1_PBMC_cell_AGCTCTCGTCCGAATT,0,0,0
EOC1_PBMC_cell_GCGCAACAGCTCTCGG,0,0,0
EOC1_PBMC_cell_ATGCGATTCTCATTCA,0,0,0
EOC1_PBMC_cell_AACCGCGAGTTGAGTA,0,0,0
EOC1_PBMC_cell_CGCCAAGGTGAGGCTA,0,0,0
EOC1_PBMC_cell_TTAGGACCACCAGCAC,0,0,0
EOC1_PBMC_cell_CGTGTAACAGGTCCAC,0,0,0
EOC1_PBMC_cell_CACAGGCCATGAGCGA,0,0,0
EOC1_PBMC_cell_TTGACTTCAAACTGTC,0,0,0
EOC1_PBMC_cell_TGCCCTATCTGTCTCG,0,0,0
EOC1_PBMC_cell_CACAGTATCGGACAAG,0,0,0
EOC1_PBMC_cell_CCATGTCTCTATCCTA,0,0,0
EOC1_PBMC_cell_CACACTCAGACCACGA,0,0,0
EOC1_PBMC_cell_CGAGCCAGTTGTGGAG,0,0,0
EOC1_PBMC_cell_TTAGTTCAGTTACCCA,0,0,0
EOC1_PBMC_cell_GTTCTCGAGCCCAATT,0,0,0
EOC1_PBMC_cell_TACACGAAGTCCAGGA,0,0,0
EOC1_PBMC_cell_ATCGAGTGTACACCGC,0,0,0
EOC1_PBMC_cell_GTGGGTCAGAATGTTG,0,0,0
EOC1_PBMC_cell_GGGCACTGTCCCGACA,0,0,0
EOC1_PBMC_cell_TACGGATCAAGCCGCT,0,0,0
EOC1_PBMC_cell_TACCTTAGTGGTCTCG,0,0,0
EOC1_PBMC_cell_CTCTACGGTTCCGTCT,0,0,0
EOC1_PBMC_cell_ACGTCAATCTGATACG,0,0,0
EOC1_PBMC_cell_GGGAATGTCCACTGGG,0,0,0
EOC1_PBMC_cell_AAGGTTCAGTTCGATC,0,0,0
EOC1_PBMC_cell_ACGCAGCTCAGCTGGC,0,0,0
EOC1_PBMC_cell_TTAGTTCTCTCGTTTA,0,0,0
EOC1_PBMC_cell_ACTGAACTCTCACATT,0,0,0
EOC1_PBMC_cell_CATCGAAAGTTCGCGC,0,0,0
EOC1_PBMC_cell_AGCCTAATCAACACAC,0,0,0
EOC1_PBMC_cell_TGAAAGATCAGTACGT,0,0,0
EOC1_PBMC_cell_CGATGTACAGGATCGA,0,0,0
EOC1_PBMC_cell_CGCCAAGAGTGAAGAG,0,0,0
EOC1_PBMC_cell_TGCCCTATCTTGAGAC,0,0,0
EOC1_PBMC_cell_GTCACGGGTCGCGTGT,0,0,0
EOC1_PBMC_cell_GAGGTGATCAGTCCCT,0,0,0
EOC1_PBMC_cell_AAAGCAATCCCAAGTA,0,0,0
EOC1_PBMC_cell_ACCGTAACAGGTGGAT,0,0,0
EOC1_PBMC_cell_GCGCGATCACGACTCG,0,0,0
EOC1_PBMC_cell_AGGGTGACATGAGCGA,0,0,0
EOC1_PBMC_cell_CCTATTAGTCCAACTA,0,0,0
EOC1_PBMC_cell_CACACCTCAGGTGGAT,0,0,0
EOC1_PBMC_cell_TTCTCAATCCTGCAGG,0,0,0
EOC1_PBMC_cell_TTTCCTCCACTTAAGC,0,0,0
EOC1_PBMC_cell_CCAGCGAAGCGATAGC,0,0,0
EOC1_PBMC_cell_GACAGAGCAGTACACT,0,0,0
EOC1_PBMC_cell_TGGCCAGTCTGTCTCG,0,0,0
EOC1_PBMC_cell_CTCGAGGCATCACGAT,0,0,0
EOC1_PBMC_cell_AGTGTCAAGGTTACCT,0,0,0
EOC1_PBMC_cell_AAGGCAGAGAGGGATA,0,0,0
EOC1_PBMC_cell_GGGACCTTCGTCCAGG,0,0,0
EOC1_PBMC_cell_CATGGCGAGTGCCATT,0,0,0
EOC1_PBMC_cell_CGACTTCGTATAAACG,0,0,0
EOC1_PBMC_cell_CTACCCAAGACAGACC,0,0,0
EOC1_PBMC_cell_TGACTTTTCGTTTGCC,0,0,0
EOC1_PBMC_cell_AACTGGTTCAACACTG,0,0,0
EOC1_PBMC_cell_GCAGTTACAAACGTGG,0,0,0
EOC1_PBMC_cell_GTTCTCGCAGACAAGC,0,0,0
EOC1_PBMC_cell_CCGTGGAAGATGCCTT,0,0,0
EOC1_PBMC_cell_CACATAGTCTTACCTA,0,0,0
EOC1_PBMC_cell_CCTAAAGCAAGTCTAC,0,0,0
EOC1_PBMC_cell_TTTCCTCGTCATATGC,0,0,0
EOC1_PBMC_cell_TTGTAGGGTCTTTCAT,0,0,0
EOC1_PBMC_cell_TTGACTTAGTCCATAC,0,0,0
EOC1_PBMC_cell_TTCGAAGTCTTCCTTC,0,0,0
EOC1_PBMC_cell_TCATTTGGTTCCACGG,0,0,0
EOC1_PBMC_cell_AGCAGCCCAAGCGAGT,0,0,0
EOC1_PBMC_cell_TAGTGGTAGGGATACC,0,0,0
EOC1_PBMC_cell_GCTGCGAAGAGCTGCA,0,0,0
EOC1_PBMC_cell_TGAGCATAGCGAGAAA,0,0,0
EOC1_PBMC_cell_ATCGAGTTCCTCATTA,0,0,0
EOC1_PBMC_cell_TACTTACTCAATAAGG,0,0,0
EOC1_PBMC_cell_CCGGGATTCCTCTAGC,0,0,0
EOC1_PBMC_cell_TTCTTAGTCACAATGC,0,0,0
EOC1_PBMC_cell_GATGAAACACCACCAG,0,0,0
EOC1_PBMC_cell_CATCAAGGTCAGAGGT,0,0,0
EOC1_PBMC_cell_CAGTAACTCGTAGGAG,0,0,0
EOC1_PBMC_cell_CCTATTATCTATGTGG,0,0,0
EOC1_PBMC_cell_AGTGTCAAGCTAGTGG,0,0,0
EOC1_PBMC_cell_CGTTGGGAGTTTGCGT,0,0,0
EOC1_PBMC_cell_TCTGAGAAGGCGCTCT,0,0,0
EOC1_PBMC_cell_ACGATACAGCGTAGTG,0,0,0
EOC1_PBMC_cell_GATCGATAGGATATAC,0,0,0
EOC1_PBMC_cell_TCAATCTAGAGGTTAT,0,0,0
EOC1_PBMC_cell_AAGGTTCTCAACCATG,0,0,0
EOC1_PBMC_cell_CTCATTAGTCTCTTAT,0,0,0
EOC1_PBMC_cell_GCTGCAGCATTTCAGG,0,0,0
EOC1_PBMC_cell_CCTACACCACATCCAA,0,0,0
EOC1_PBMC_cell_CGGAGTCAGGGTGTTG,0,0,0
EOC1_PBMC_cell_AGAGCGATCCACTGGG,0,0,0
EOC1_PBMC_cell_TTGCGTCCAGCTGTAT,0,0,0
EOC1_PBMC_cell_CCTCAGTAGCAGATCG,0,0,0
EOC1_PBMC_cell_CGTAGGCTCTTGCAAG,0,0,0
EOC1_PBMC_cell_CGTAGCGCATGTAGTC,0,0,0
EOC1_PBMC_cell_GGCTCGACATTAGCCA,0,0,0
EOC1_PBMC_cell_GTGCTTCAGCTATGCT,0,0,0
EOC1_PBMC_cell_CTGTTTAGTTTACTCT,0,0,0
EOC1_PBMC_cell_AGTAGTCCAATCCGAT,0,0,0
EOC1_PBMC_cell_CCACCTACACGGACAA,0,0,0
EOC1_PBMC_cell_CGTTAGATCCTTGGTC,0,0,0
EOC1_PBMC_cell_TAGAGCTTCATACGGT,0,0,0
EOC1_PBMC_cell_TCAACGAGTGCAACGA,0,0,0
EOC1_PBMC_cell_TACTCATGTACCCAAT,0,0,0
EOC1_PBMC_cell_TCATTTGTCGAGCCCA,0,0,0
EOC1_PBMC_cell_ATCATGGTCAGATAAG,0,0,0
EOC1_PBMC_cell_ATCATGGGTTTGCATG,0,0,0
EOC1_PBMC_cell_GCAATCAGTCAGAAGC,0,0,0
EOC1_PBMC_cell_TACTTGTAGTACGCCC,0,0,0
EOC1_PBMC_cell_CTCTAATGTCAGAATA,0,0,0
EOC1_PBMC_cell_CTAGTGACAATCCAAC,0,0,0
EOC1_PBMC_cell_TCTGAGAGTTCCACGG,0,0,0
EOC1_PBMC_cell_CTACCCAAGTGCTGCC,0,0,0
EOC1_PBMC_cell_CGCTTCACAGGTGCCT,0,0,0
EOC1_PBMC_cell_CACACAAAGATGTGGC,0,0,0
EOC1_PBMC_cell_GGTATTGTCTTAGAGC,0,0,0
EOC1_PBMC_cell_CCTCTGAGTTGCCTCT,0,0,0
EOC1_PBMC_cell_CATCAAGCAAATACAG,0,0,0
EOC1_PBMC_cell_GTCAAGTGTCATCCCT,0,0,0
EOC1_PBMC_cell_CTAGCCTGTCTCATCC,0,0,0
EOC1_PBMC_cell_GACGGCTTCTTTACAC,0,0,0
EOC1_PBMC_cell_CGAGCCATCTCACATT,0,0,0
EOC1_PBMC_cell_CAACCAATCCTTAATC,0,0,0
EOC1_PBMC_cell_GACCAATCACGGTTTA,0,0,0
EOC1_PBMC_cell_GAACATCTCATCTGCC,0,0,0
EOC1_PBMC_cell_GTCATTTCACGGCCAT,0,0,0
EOC1_PBMC_cell_TCGAGGCAGCGTTTAC,0,0,0
EOC1_PBMC_cell_AACTCTTCATGCCCGA,0,0,0
EOC1_PBMC_cell_CAGTCCTCAACTGCTA,0,0,0
EOC1_PBMC_cell_ACGGGCTCACACGCTG,0,0,0
EOC1_PBMC_cell_AAACCTGTCAATAAGG,0,0,0
EOC1_PBMC_cell_TTAGTTCCAAGGTTTC,0,0,0
EOC1_PBMC_cell_GCGACCAAGTTCGATC,0,0,0
EOC1_PBMC_cell_CAAGGCCGTTCAGGCC,0,0,0
EOC1_PBMC_cell_CGTGAGCAGTGTGAAT,0,0,0
EOC1_PBMC_cell_TTTGTCACAGACACTT,0,0,0
EOC1_PBMC_cell_ACACTGACAGACGCCT,0,0,0
EOC1_PBMC_cell_GTATTCTAGTAGGTGC,0,0,0
EOC1_PBMC_cell_CCATTCGCATTTGCTT,0,0,0
EOC1_PBMC_cell_TTTGCGCAGCAGATCG,0,0,0
EOC1_PBMC_cell_TGACAACAGGTGCAAC,0,0,0
EOC1_PBMC_cell_ATCGAGTGTAGCTAAA,0,0,0
EOC1_PBMC_cell_GGGTCTGCAAGGTTTC,0,0,0
EOC1_PBMC_cell_CGGTTAAAGTGCGTGA,0,0,0
EOC1_PBMC_cell_GGCTCGATCAAAGACA,0,0,0
EOC1_PBMC_cell_GGGAATGGTCGCCATG,0,0,0
EOC1_PBMC_cell_GCATGTAGTTATCGGT,0,0,0
EOC1_PBMC_cell_GCTCCTACAAAGGAAG,0,0,0
EOC1_PBMC_cell_AACTCAGTCAAGGTAA,0,0,0
EOC1_PBMC_cell_GCATGATAGAGGTAGA,0,0,0
EOC1_PBMC_cell_GCTTGAATCCCAAGTA,0,0,0
EOC1_PBMC_cell_GGATGTTTCTAGAGTC,0,0,0
EOC1_PBMC_cell_GACACGCTCTTCTGGC,0,0,0
EOC1_PBMC_cell_CAGAGAGCAGTGGAGT,0,0,0
EOC1_PBMC_cell_TGGACGCTCATGGTCA,0,0,0
EOC1_PBMC_cell_GACGCGTTCAGGTTCA,0,0,0
EOC1_PBMC_cell_CGTCACTGTAGGCATG,0,0,0
EOC1_PBMC_cell_GATGAGGGTTAAGGGC,0,0,0
EOC1_PBMC_cell_CTACCCAGTAGCTCCG,0,0,0
EOC1_PBMC_cell_GTAGTCACAATCGGTT,0,0,0
EOC1_PBMC_cell_GCACTCTGTTCAGACT,0,0,0
EOC1_PBMC_cell_CGGAGCTTCTCTGTCG,0,0,0
EOC1_PBMC_cell_GATGAAACATGGAATA,0,0,0
EOC1_PBMC_cell_CGTAGCGTCTGATTCT,0,0,0
EOC1_PBMC_cell_GGAATAAAGCGCCTCA,0,0,0
EOC1_PBMC_cell_TGTTCCGTCTGCAAGT,0,0,0
EOC1_PBMC_cell_GACACGCCACCAGGCT,0,0,0
EOC1_PBMC_cell_GACAGAGAGTTCGATC,0,0,0
EOC1_PBMC_cell_ATCATGGAGTCCGGTC,0,0,0
EOC1_PBMC_cell_AGGCCGTAGCGAAGGG,0,0,0
EOC1_PBMC_cell_CAAGTTGCACGTTGGC,0,0,0
EOC1_PBMC_cell_TGCGGGTCACATTCGA,0,0,0
EOC1_PBMC_cell_GGCGTGTCAGGAATGC,0,0,0
EOC1_PBMC_cell_GATCGTACAAAGCGGT,0,0,0
EOC1_PBMC_cell_ACGGCCAGTGGTCTCG,0,0,0
EOC1_PBMC_cell_GAACATCTCCGCGCAA,0,0,0
EOC1_PBMC_cell_CCCAGTTTCTACCTGC,0,0,0
EOC1_PBMC_cell_CTTGGCTAGTCCCACG,0,0,0
EOC1_PBMC_cell_GCAAACTAGTAGGTGC,0,0,0
EOC1_PBMC_cell_TACTCGCCATGCCTTC,0,0,0
EOC1_PBMC_cell_TTCGGTCCATGCCTTC,0,0,0
EOC1_PBMC_cell_GGGATGAAGCGTAGTG,0,0,0
EOC1_PBMC_cell_TACTTACTCCTTGACC,0,0,0
EOC1_PBMC_cell_CAGCTAACAGTCTTCC,0,0,0
EOC1_PBMC_cell_GCAAACTAGACGCACA,0,0,0
EOC1_PBMC_cell_ATCATGGCATGGGACA,0,0,0
EOC1_PBMC_cell_GTACGTATCCAAACTG,0,0,0
EOC1_PBMC_cell_TTGTAGGCAGGCGATA,0,0,0
EOC1_PBMC_cell_ACTGCTCCATCGGGTC,0,0,0
EOC1_PBMC_cell_GCTCCTATCCCTCAGT,0,0,0
EOC1_PBMC_cell_GATCGATCAATTGCTG,0,0,0
EOC1_PBMC_cell_GCGCAGTGTACACCGC,0,0,0
EOC1_PBMC_cell_TGAGAGGAGGCTATCT,0,0,0
EOC1_PBMC_cell_CCACGGATCAGGCAAG,0,0,0
EOC1_PBMC_cell_GACAGAGCATTTGCCC,0,0,0
EOC1_PBMC_cell_CGATCGGTCTTAGAGC,0,0,0
EOC1_PBMC_cell_GGCCGATTCGGCCGAT,0,0,0
EOC1_PBMC_cell_AGGCCACCAGCTTCGG,0,0,0
EOC1_PBMC_cell_GATCAGTGTGACTACT,0,0,0
EOC1_PBMC_cell_GATCGATCAGCTGTAT,0,0,0
EOC1_PBMC_cell_GTATCTTGTGATAAAC,0,0,0
EOC1_PBMC_cell_ATCACGAAGTAGCCGA,0,0,0
EOC1_PBMC_cell_TTAACTCGTCTCCCTA,0,0,0
EOC1_PBMC_cell_GGGATGAAGGATGTAT,0,0,0
EOC1_PBMC_cell_TCAGGATTCGGTGTCG,0,0,0
EOC1_PBMC_cell_GTCACGGCAAGCCCAC,0,0,0
EOC1_PBMC_cell_CCCAGTTAGCGTAGTG,0,0,0
EOC1_PBMC_cell_GAACGGACAATGGACG,0,0,0
EOC1_PBMC_cell_TGGCTGGTCGAATGGG,0,0,0
EOC1_PBMC_cell_TGTCCCAGTACACCGC,0,0,0
EOC1_PBMC_cell_CGCCAAGAGCTTCGCG,0,0,0
EOC1_PBMC_cell_CTCATTAGTGTGACGA,0,0,0
EOC1_PBMC_cell_GAAGCAGCAGCCAATT,0,0,0
EOC1_PBMC_cell_GTCCTCACAATGGAAT,0,0,0
EOC1_PBMC_cell_AGCAGCCTCAGCTTAG,0,0,0
EOC1_PBMC_cell_TGCGCAGCAGGAATCG,0,0,0
EOC1_PBMC_cell_AGTGTCAAGCTAAGAT,0,0,0
EOC1_PBMC_cell_GTTACAGCAGCCTTGG,0,0,0
EOC1_PBMC_cell_ACAGCCGTCACGCATA,0,0,0
EOC1_PBMC_cell_GTCGTAACAGGGATTG,0,0,0
EOC1_PBMC_cell_TTAGGACAGCTGAAAT,0,0,0
EOC1_PBMC_cell_GTCGGGTAGTAAGTAC,0,0,0
EOC1_PBMC_cell_TCACGAACAACTGGCC,0,0,0
EOC1_PBMC_cell_ATCACGAGTAGCCTAT,0,0,0
EOC1_PBMC_cell_TGGCCAGAGTACATGA,0,0,0
EOC1_PBMC_cell_CTGTTTACATGCAACT,0,0,0
EOC1_PBMC_cell_GTAGTCAAGTAGCCGA,0,0,0
EOC1_PBMC_cell_GGGAGATGTGGCTCCA,0,0,0
EOC1_PBMC_cell_AAAGATGAGGAACTGC,0,0,0
EOC1_PBMC_cell_AGATTGCTCGCAGGCT,0,0,0
EOC1_PBMC_cell_CATTCGCAGCCCGAAA,0,0,0
EOC1_PBMC_cell_GAAGCAGCACTGTGTA,0,0,0
EOC1_PBMC_cell_ACAGCCGTCACCCTCA,0,0,0
EOC1_PBMC_cell_GCAATCAGTCGTGGCT,0,0,0
EOC1_PBMC_cell_GAAATGACACAGAGGT,0,0,0
EOC1_PBMC_cell_TGCCCATAGTGTCCAT,0,0,0
EOC1_PBMC_cell_GTCCTCAAGTCTTGCA,0,0,0
EOC1_PBMC_cell_AGGGATGTCGGTTAAC,0,0,0
EOC1_PBMC_cell_GGAATAAAGTGTACTC,0,0,0
EOC1_PBMC_cell_AGACGTTCATGCAATC,0,0,0
EOC1_PBMC_cell_GGTGTTATCTCTGCTG,0,0,0
EOC1_PBMC_cell_TTCTCCTTCTTGACGA,0,0,0
EOC1_PBMC_cell_CGGACGTCAGTGGGAT,0,0,0
EOC1_PBMC_cell_TGATTTCCATACAGCT,0,0,0
EOC1_PBMC_cell_CACCACTGTACCAGTT,0,0,0
EOC1_PBMC_cell_TTGCCGTAGCTAAGAT,0,0,0
EOC1_PBMC_cell_CAGCGACTCAGCAACT,0,0,0
EOC1_PBMC_cell_TAGTTGGTCATGGTCA,0,0,0
EOC1_PBMC_cell_GCATGATGTTATTCTC,0,0,0
EOC1_PBMC_cell_GAGCAGAAGAGCTGCA,0,0,0
EOC1_PBMC_cell_CTGTTTAAGCTGTTCA,0,0,0
EOC1_PBMC_cell_TACGGGCTCAGGCAAG,0,0,0
EOC1_PBMC_cell_TAAACCGCAGACAAAT,0,0,0
EOC1_PBMC_cell_CGACTTCAGCCGATTT,0,0,0
EOC1_PBMC_cell_GGTGTTACAACACGCC,0,0,0
EOC1_PBMC_cell_CTTAGGAAGTCCAGGA,0,0,0
EOC1_PBMC_cell_GGACAAGAGAGGTTAT,0,0,0
EOC1_PBMC_cell_GGATGTTAGAGTGACC,0,0,0
EOC1_PBMC_cell_AACTCTTTCATGGTCA,0,0,0
EOC1_PBMC_cell_ACCCACTTCGCGGATC,0,0,0
EOC1_PBMC_cell_ATCATGGTCTAAGCCA,0,0,0
EOC1_PBMC_cell_CTGCTGTAGGGCTCTC,0,0,0
EOC1_PBMC_cell_CCTTCCCTCAACCAAC,0,0,0
EOC1_PBMC_cell_CTGTTTATCGAATGCT,0,0,0
EOC1_PBMC_cell_ATAGACCCACATTCGA,0,0,0
EOC1_PBMC_cell_CCACTACCATTCACTT,0,0,0
EOC1_PBMC_cell_CACACAAAGGGCACTA,0,0,0
EOC1_PBMC_cell_CTCGAGGAGCTGGAAC,0,0,0
EOC1_PBMC_cell_CACACAATCATTGCCC,0,0,0
EOC1_PBMC_cell_TAGCCGGGTCACAAGG,0,0,0
EOC1_PBMC_cell_TAAGCGTTCTACGAGT,0,0,0
EOC1_PBMC_cell_TCGAGGCCACCACCAG,0,0,0
EOC1_PBMC_cell_TATGCCCTCATGTAGC,0,0,0
EOC1_PBMC_cell_CGAGCCATCGCCGTGA,0,0,0
EOC1_PBMC_cell_TGTCCCAGTAGAGCTG,0,0,0
EOC1_PBMC_cell_CACACAATCCCACTTG,0,0,0
EOC1_PBMC_cell_GCGAGAATCACGGTTA,0,0,0
EOC1_PBMC_cell_GTCACGGTCTTAGAGC,0,0,0
EOC1_PBMC_cell_CGAATGTTCTCTAAGG,0,0,0
EOC1_PBMC_cell_TAGTGGTAGCTGGAAC,0,0,0
EOC1_PBMC_cell_GTTCTCGTCATATCGG,0,0,0
EOC1_PBMC_cell_CGATTGACATAGTAAG,0,0,0
EOC1_PBMC_cell_TGGCTGGCAGGAATCG,0,0,0
EOC1_PBMC_cell_CGTAGGCGTACGAAAT,0,0,0
EOC1_PBMC_cell_GGACAGAGTTATCGGT,0,0,0
EOC1_PBMC_cell_TACTCATCAAGCTGAG,0,0,0
EOC1_PBMC_cell_GTCGTAAAGTCTCGGC,0,0,0
EOC1_PBMC_cell_CGGCTAGAGTCGCCGT,0,0,0
EOC1_PBMC_cell_AGTTGGTGTCGTCTTC,0,0,0
EOC1_PBMC_cell_GTCTCGTGTCCATGAT,0,0,0
EOC1_PBMC_cell_GGATGTTCAGGACGTA,0,0,0
EOC1_PBMC_cell_ACGAGCCCAACACGCC,0,0,0
EOC1_PBMC_cell_TTCTCAAAGTGCTGCC,0,0,0
EOC1_PBMC_cell_AGTTGGTAGGCTACGA,0,0,0
EOC1_PBMC_cell_GAACGGATCCCAAGAT,0,0,0
EOC1_PBMC_cell_GATTCAGCACTACAGT,0,0,0
EOC1_PBMC_cell_CGGACTGTCGCATGAT,0,0,0
EOC1_PBMC_cell_GTGCTTCAGTAGGCCA,0,0,0
EOC1_PBMC_cell_CTGATAGAGCACGCCT,0,0,0
EOC1_PBMC_cell_ATGGGAGGTAGCGTCC,0,0,0
EOC1_PBMC_cell_CACAGGCCATGATCCA,0,0,0
EOC1_PBMC_cell_AACTCAGTCGCCTGAG,0,0,0
EOC1_PBMC_cell_TAGAGCTTCATTTGGG,0,0,0
EOC1_PBMC_cell_TTCTTAGCAATAGAGT,0,0,0
EOC1_PBMC_cell_TGGCGCATCCTTAATC,0,0,0
EOC1_PBMC_cell_AGTGGGACACTGCCAG,0,0,0
EOC1_PBMC_cell_AACGTTGTCGACGGAA,0,0,0
EOC1_PBMC_cell_CTCTACGCACGTTGGC,0,0,0
EOC1_PBMC_cell_CTCTAATTCCTTGACC,0,0,0
EOC1_PBMC_cell_GTATTCTTCGAATGCT,0,0,0
EOC1_PBMC_cell_AACTCTTCACCATCCT,0,0,0
EOC1_PBMC_cell_AGACGTTTCCGCGGTA,0,0,0
EOC1_PBMC_cell_CACATAGTCTTAACCT,0,0,0
EOC1_PBMC_cell_GTTTCTAGTGTGGTTT,0,0,0
EOC1_PBMC_cell_TAGTTGGCATTATCTC,0,0,0
EOC1_PBMC_cell_TTTGCGCGTAGATTAG,0,0,0
EOC1_PBMC_cell_TTGTAGGGTGGACGAT,0,0,0
EOC1_PBMC_cell_AAATGCCTCTAACGGT,0,0,0
EOC1_PBMC_cell_CCTCAGTAGGCAAAGA,0,0,0
EOC1_PBMC_cell_TGCTGCTTCAGAGGTG,0,0,0
EOC1_PBMC_cell_ACGCCGAGTCCCTTGT,0,0,0
EOC1_PBMC_cell_AACTCAGGTATGCTTG,0,0,0
EOC1_PBMC_cell_TGAGCCGAGTGACTCT,0,0,0
EOC1_PBMC_cell_CGATTGACATACTCTT,0,0,0
EOC1_PBMC_cell_AACACGTTCTTCAACT,0,0,0
EOC1_PBMC_cell_GTCGGGTCAGGGTACA,0,0,0
EOC1_PBMC_cell_CTACATTGTATAATGG,0,0,0
EOC1_PBMC_cell_GGCGTGTAGGAGCGTT,0,0,0
EOC1_PBMC_cell_GTGAAGGCAGGCAGTA,0,0,0
EOC1_PBMC_cell_AACACGTTCAATCACG,0,0,0
EOC1_PBMC_cell_CTCCTAGAGACCTAGG,0,0,0
EOC1_PBMC_cell_GGGAATGCATCCGCGA,0,0,0
EOC1_PBMC_cell_AAATGCCTCGTCCAGG,0,0,0
EOC1_PBMC_cell_GAGTCCGGTGTTGAGG,0,0,0
EOC1_PBMC_cell_TTTATGCAGGCTAGCA,0,0,0
EOC1_PBMC_cell_TTAGGCACACGGACAA,0,0,0
EOC1_PBMC_cell_TCAATCTGTCAATGTC,0,0,0
EOC1_PBMC_cell_CAACCTCTCGTCTGCT,0,0,0
EOC1_PBMC_cell_AACGTTGCACCAGTTA,0,0,0
EOC1_PBMC_cell_CGCTGGAGTTTGCATG,0,0,0
EOC1_PBMC_cell_GACGTGCCATGCCACG,0,0,0
EOC1_PBMC_cell_ATTGGTGAGGAACTGC,0,0,0
EOC1_PBMC_cell_CATCGGGCATGGGACA,0,0,0
EOC1_PBMC_cell_CTAACTTGTGTGAATA,0,0,0
EOC1_PBMC_cell_CGACTTCCAGGCTGAA,0,0,0
EOC1_PBMC_cell_TCTATTGAGCTAAGAT,0,0,0
EOC1_PBMC_cell_GTCTCGTGTTGAGTTC,0,0,0
EOC1_PBMC_cell_ACGAGGAGTACTTCTT,0,0,0
EOC1_PBMC_cell_AGAATAGGTCAGATAA,0,0,0
EOC1_PBMC_cell_CAGCGACTCAACGGCC,0,0,0
EOC1_PBMC_cell_CTGAAGTGTACCTACA,0,0,0
EOC1_PBMC_cell_CCACCTATCCTCCTAG,0,0,0
EOC1_PBMC_cell_CGGAGCTGTCAGATAA,0,0,0
EOC1_PBMC_cell_TAAACCGGTGTTAAGA,0,0,0
EOC1_PBMC_cell_GCATGCGCATCCAACA,0,0,0
EOC1_PBMC_cell_AAATGCCGTTCCGTCT,0,0,0
EOC1_PBMC_cell_TAAGTGCCATTTCACT,0,0,0
EOC1_PBMC_cell_CAAGTTGGTTGGAGGT,0,0,0
EOC1_PBMC_cell_GTCATTTTCAGATAAG,0,0,0
EOC1_PBMC_cell_TTGGAACAGTGTTGAA,0,0,0
EOC1_PBMC_cell_CTGAAACAGCACACAG,0,0,0
EOC1_PBMC_cell_GATTCAGTCAACACGT,0,0,0
EOC1_PBMC_cell_GGATTACAGACAGACC,0,0,0
EOC1_PBMC_cell_TGAGAGGCAGGACCCT,0,0,0
EOC1_PBMC_cell_GCGCGATCATTTCAGG,0,0,0
EOC1_PBMC_cell_CTACACCGTCACTTCC,0,0,0
EOC1_PBMC_cell_ACTTTCACACGTTGGC,0,0,0
EOC1_PBMC_cell_AAACCTGGTGAAATCA,0,0,0
EOC1_PBMC_cell_GTAACTGTCCACGAAT,0,0,0
EOC1_PBMC_cell_GCTCTGTCAGACAAAT,0,0,0
EOC1_PBMC_cell_AGCCTAAGTGTCTGAT,0,0,0
EOC1_PBMC_cell_GACGTGCGTTACGTCA,0,0,0
EOC1_PBMC_cell_TGGGAAGTCTGCGGCA,0,0,0
EOC1_PBMC_cell_TCAATCTAGGTAAACT,0,0,0
EOC1_PBMC_cell_ATGAGGGCATTGGGCC,0,0,0
EOC1_PBMC_cell_GACTGCGGTGTCGCTG,0,0,0
EOC1_PBMC_cell_AGTGAGGGTTCCATGA,0,0,0
EOC1_PBMC_cell_AGCGGTCAGTGAAGTT,0,0,0
EOC1_PBMC_cell_AGCTCCTTCAGTTAGC,0,0,0
EOC1_PBMC_cell_GATCGATGTAAAGGAG,0,0,0
EOC1_PBMC_cell_GACCTGGCAGCTCGAC,0,0,0
EOC1_PBMC_cell_CTCGTACGTTCTGGTA,0,0,0
EOC1_PBMC_cell_CAGTCCTGTGATGTCT,0,0,0
EOC1_PBMC_cell_AGCTCTCTCAAGGTAA,0,0,0
EOC1_PBMC_cell_CATCAAGGTCCGAATT,0,0,0
EOC1_PBMC_cell_TTTCCTCTCTCATTCA,0,0,0
EOC1_PBMC_cell_AAGGCAGAGCGCCTCA,0,0,0
EOC1_PBMC_cell_GTTACAGTCGGCGCTA,0,0,0
EOC1_PBMC_cell_AGCATACAGTCATCCA,0,0,0
EOC1_PBMC_cell_TGGTTAGAGGAGCGAG,0,0,0
EOC1_PBMC_cell_GTAACGTTCCACGTTC,0,0,0
EOC1_PBMC_cell_TATTACCTCGACCAGC,0,0,0
EOC1_PBMC_cell_CCATTCGCAAGCGATG,0,0,0
EOC1_PBMC_cell_ACTGATGGTATGCTTG,0,0,0
EOC1_PBMC_cell_CCACGGACACCAGGCT,0,0,0
EOC1_PBMC_cell_TCATTACAGCAATCTC,0,0,0
EOC1_PBMC_cell_CTAGCCTCATCGATTG,0,0,0
EOC1_PBMC_cell_CAGCATAGTAATCGTC,0,0,0
EOC1_PBMC_cell_AAAGTAGGTAGGACAC,0,0,0
EOC1_PBMC_cell_AAGCCGCAGGACAGCT,0,0,0
EOC1_PBMC_cell_CGAGCCACAGGGCATA,0,0,0
EOC1_PBMC_cell_ACCTTTAGTTAAGTAG,0,0,0
EOC1_PBMC_cell_AGCTCTCAGCGCCTTG,0,0,0
EOC1_PBMC_cell_CTACACCCAGTCCTTC,0,0,0
EOC1_PBMC_cell_TTTACTGCAAATCCGT,0,0,0
EOC1_PBMC_cell_GCTCCTAAGGCCCTCA,0,0,0
EOC1_PBMC_cell_CAGCTGGCACCCATGG,0,0,0
EOC1_PBMC_cell_GGTGCGTGTACTCGCG,0,0,0
EOC1_PBMC_cell_CCGTACTAGCGATAGC,0,0,0
EOC1_PBMC_cell_TGACGGCCATGGTCAT,0,0,0
EOC1_PBMC_cell_GAATGAACATGGTAGG,0,0,0
EOC1_PBMC_cell_GTGCATAAGGCATGGT,0,0,0
EOC1_PBMC_cell_ATGCGATCAAAGTGCG,0,0,0
EOC1_PBMC_cell_ACACTGACAAAGTCAA,0,0,0
EOC1_PBMC_cell_AAGGCAGGTTCCGGCA,0,0,0
EOC1_PBMC_cell_ATTTCTGCATAGGATA,0,0,0
EOC1_PBMC_cell_AAATGCCAGCGCTTAT,0,0,0
EOC1_PBMC_cell_CGCGTTTTCTCTAAGG,0,0,0
EOC1_PBMC_cell_GTGCATAGTGCCTTGG,0,0,0
EOC1_PBMC_cell_GACGGCTTCACAATGC,0,0,0
EOC1_PBMC_cell_GTCTTCGTCACCCTCA,0,0,0
EOC1_PBMC_cell_CAAGAAAGTGACTACT,0,0,0
EOC1_PBMC_cell_ATTTCTGCACTCGACG,0,0,0
EOC1_PBMC_cell_GAGGTGAAGAGAGCTC,0,0,0
EOC1_PBMC_cell_GCAGTTATCTTGACGA,0,0,0
EOC1_PBMC_cell_GAATAAGCACAACTGT,0,0,0
EOC1_PBMC_cell_CTCACACGTCGGCATC,0,0,0
EOC1_PBMC_cell_GATCGATGTGTTTGGT,0,0,0
EOC1_PBMC_cell_TTAGTTCTCAACGGGA,0,0,0
EOC1_PBMC_cell_GGCGACTAGCCAGAAC,0,0,0
EOC1_PBMC_cell_GATCAGTGTCTGGAGA,0,0,0
EOC1_PBMC_cell_TAGACCAAGAGGGATA,0,0,0
EOC1_PBMC_cell_GATCTAGTCTAACCGA,0,0,0
EOC1_PBMC_cell_GCTGCGACACGGTAGA,0,0,0
EOC1_PBMC_cell_CATCAGATCATGCAAC,0,0,0
EOC1_PBMC_cell_CGTCACTTCTCGCATC,0,0,0
EOC1_PBMC_cell_GCAATCACATGGTAGG,0,0,0
EOC1_PBMC_cell_CATATTCGTTAAGTAG,0,0,0
EOC1_PBMC_cell_TCGCGTTGTCTGGAGA,0,0,0
EOC1_PBMC_cell_TAAGCGTCAGATAATG,0,0,0
EOC1_PBMC_cell_AACTTTCGTCTCATCC,0,0,0
EOC1_PBMC_cell_GGAGCAATCTGTCCGT,0,0,0
EOC1_PBMC_cell_CGTCTACAGAGGGCTT,0,0,0
EOC1_PBMC_cell_GAAATGATCCCTCTTT,0,0,0
EOC1_PBMC_cell_CGCTTCAAGTCATCCA,0,0,0
EOC1_PBMC_cell_GTCATTTTCTCCAGGG,0,0,0
EOC1_PBMC_cell_GTGCGGTTCAGTCCCT,0,0,0
EOC1_PBMC_cell_GTGCTTCTCAAGCCTA,0,0,0
EOC1_PBMC_cell_CCGTACTGTAGCACGA,0,0,0
EOC1_PBMC_cell_GGCTGGTTCGTTACAG,0,0,1
EOC1_PBMC_cell_TCATTACCAATAGAGT,0,0,0
EOC1_PBMC_cell_GATGAAAAGCGACGTA,0,0,0
EOC1_PBMC_cell_TTAACTCCACCGATAT,0,0,0
EOC1_PBMC_cell_TTCTCAAAGGGCATGT,0,0,0
EOC1_PBMC_cell_TCAGGATTCGGTCTAA,0,0,0
EOC1_PBMC_cell_ATTTCTGTCATTGCCC,0,0,0
EOC1_PBMC_cell_TAGACCACAAGGGTCA,0,0,0
EOC1_PBMC_cell_TAGTTGGGTGACGGTA,0,0,0
EOC1_PBMC_cell_GCTTCCACAAACCTAC,0,0,0
EOC1_PBMC_cell_TTAGGCACATTGGTAC,0,0,0
EOC1_PBMC_cell_GCGGGTTCATGGATGG,0,0,0
EOC1_PBMC_cell_GATGAAAGTACCGAGA,0,0,0
EOC1_PBMC_cell_GACAGAGGTACAGCAG,0,0,0
EOC1_PBMC_cell_CCGTTCACAATGGATA,0,0,0
EOC1_PBMC_cell_GCTCTGTGTCCCGACA,0,0,0
EOC1_PBMC_cell_TTCCCAGAGACAGACC,0,0,0
EOC1_PBMC_cell_CTAGAGTCATCCGGGT,0,0,0
EOC1_PBMC_cell_TCTATTGCACACCGCA,0,0,0
EOC1_PBMC_cell_CCATGTCGTTGGTAAA,0,0,0
EOC1_PBMC_cell_TAGTTGGCACCAGGCT,0,0,0
EOC1_PBMC_cell_AAAGATGTCGGCATCG,0,0,0
EOC1_PBMC_cell_ACAGCTAAGGTTACCT,0,0,0
EOC1_PBMC_cell_CTCCTAGGTTGTCGCG,0,0,0
EOC1_PBMC_cell_GTCCTCAAGATCCGAG,0,0,0
EOC1_PBMC_cell_TACAGTGTCAAACCAC,0,0,0
EOC1_PBMC_cell_AGTGGGAAGCAATCTC,0,0,0
EOC1_PBMC_cell_TTGCGTCTCTGTCCGT,0,0,0
EOC1_PBMC_cell_TCAGATGCACCTCGTT,0,0,0
EOC1_PBMC_cell_ATTTCTGAGTGACTCT,0,0,0
EOC1_PBMC_cell_GGGCATCAGTTAGGTA,0,0,0
EOC1_PBMC_cell_GCTCCTACAAGGACTG,0,0,0
EOC1_PBMC_cell_GGACAGAAGGCCATAG,0,0,0
EOC1_PBMC_cell_CAGATCATCAGCCTAA,0,0,0
EOC1_PBMC_cell_TGCTGCTCACGGCCAT,0,0,0
EOC1_PBMC_cell_GTCACGGAGGCACATG,0,0,0
EOC1_PBMC_cell_TCAACGACAAACCCAT,0,0,0
EOC1_PBMC_cell_GAAACTCGTCCGTCAG,0,0,0
EOC1_PBMC_cell_AGGTCCGTCCACTGGG,0,0,0
EOC1_PBMC_cell_CCGGGATCAAGCTGGA,0,0,0
EOC1_PBMC_cell_TGTGGTACAGGTGCCT,0,0,0
EOC1_PBMC_cell_CTGATAGAGGTAGCCA,0,0,0
EOC1_PBMC_cell_ATTGGTGTCTCCAGGG,0,0,0
EOC1_PBMC_cell_AGTCTTTTCACGCATA,0,0,0
EOC1_PBMC_cell_AGCCTAACATCCTAGA,0,0,0
EOC1_PBMC_cell_ATAAGAGGTAGTACCT,0,0,0
EOC1_PBMC_cell_GACGGCTTCGATAGAA,0,0,0
EOC1_PBMC_cell_CCGGGATTCTTTACGT,0,0,0
EOC1_PBMC_cell_TGACTAGTCCGAATGT,0,0,0
EOC1_PBMC_cell_GCGCCAAGTTGCTCCT,0,0,0
EOC1_PBMC_cell_GACACGCCACAGAGGT,0,0,0
EOC1_PBMC_cell_GGGCACTTCAGTGCAT,0,0,0
EOC1_PBMC_cell_CGTCACTCACCACGTG,0,0,0
EOC1_PBMC_cell_GTGCTTCGTCTGGAGA,0,0,0
EOC1_PBMC_cell_TGCACCTAGTACGCGA,0,0,0
EOC1_PBMC_cell_ACGATACCACCGAATT,0,0,0
EOC1_PBMC_cell_CCAGCGAGTCCGAACC,0,0,0
EOC1_PBMC_cell_CCATTCGGTGGGTCAA,0,0,0
EOC1_PBMC_cell_ACTGATGTCCGAATGT,0,0,0
EOC1_PBMC_cell_CACACTCTCGGTCCGA,0,0,0
EOC1_PBMC_cell_GAACGGATCAAAGACA,0,0,0
EOC1_PBMC_cell_TGTGGTAAGAAACCGC,0,0,0
EOC1_PBMC_cell_GCATGATAGTATGACA,0,0,0
EOC1_PBMC_cell_TATTACCCAAAGTCAA,0,0,0
EOC1_PBMC_cell_ACGATACGTTATGCGT,0,0,0
EOC1_PBMC_cell_CACACAATCCGCAGTG,0,0,0
EOC1_PBMC_cell_CAGGTGCTCCAATGGT,0,0,0
EOC1_PBMC_cell_CAGGTGCAGCCTCGTG,0,0,0
EOC1_PBMC_cell_CAGATCAGTAGAGCTG,0,0,0
EOC1_PBMC_cell_CCGTACTCAATCCAAC,0,0,0
EOC1_PBMC_cell_TGCGGGTTCTGGTATG,0,0,0
EOC1_PBMC_cell_GTGCGGTAGCTACCTA,0,0,0
EOC1_PBMC_cell_CATCCACCAGATGAGC,0,0,0
EOC1_PBMC_cell_ACATCAGTCTAACTCT,0,0,0
EOC1_PBMC_cell_CGGACACCATTTGCCC,0,0,0
EOC1_PBMC_cell_CAGCTGGCAGCCTTTC,0,0,0
EOC1_PBMC_cell_ATAGACCTCACGATGT,0,0,0
EOC1_PBMC_cell_TGAGCCGTCGTTACGA,0,0,0
EOC1_PBMC_cell_CACAGGCTCACAAACC,0,0,0
EOC1_PBMC_cell_TGACAACCATTCACTT,0,0,0
EOC1_PBMC_cell_TACGGTAGTTGAGGTG,0,0,0
EOC1_PBMC_cell_TCTCATAAGCGATGAC,0,0,0
EOC1_PBMC_cell_GTTCTCGTCTCACATT,0,0,0
EOC1_PBMC_cell_GCTCCTACAAATCCGT,0,0,0
EOC1_PBMC_cell_GGTATTGGTGGTCCGT,0,0,0
EOC1_PBMC_cell_TGTTCCGAGGCAATTA,0,0,0
EOC1_PBMC_cell_ACGGAGATCTCTAAGG,0,0,0
EOC1_PBMC_cell_GATCGATGTAGCACGA,0,0,0
EOC1_PBMC_cell_CAGCTGGCATGGGACA,0,0,0
EOC1_PBMC_cell_ACTTGTTGTTCGTCTC,0,0,0
EOC1_PBMC_cell_GAAGCAGCACCATGTA,0,0,0
EOC1_PBMC_cell_AGATTGCGTGCATCTA,0,0,0
EOC1_PBMC_cell_CTCTGGTTCGTTACGA,0,0,0
EOC1_PBMC_cell_CGTGTCTCAATTCCTT,0,0,0
EOC1_PBMC_cell_CAGAATCAGCGATATA,0,0,0
EOC1_PBMC_cell_CGACCTTTCGGAAATA,0,0,0
EOC1_PBMC_cell_AGCATACAGCCGTCGT,0,0,0
EOC1_PBMC_cell_TGCCCTAGTACCGTAT,0,0,0
EOC1_PBMC_cell_CAGCAGCGTTTGGGCC,0,0,0
EOC1_PBMC_cell_GACGTGCAGCCACGTC,0,0,0
EOC1_PBMC_cell_GATGAAAAGCCAGAAC,0,0,0
EOC1_PBMC_cell_AACCATGCAGGCTCAC,0,0,0
EOC1_PBMC_cell_CCACGGAAGGAACTGC,0,0,0
EOC1_PBMC_cell_TGTCCCAAGAGTGAGA,0,0,0
EOC1_PBMC_cell_AGAGCGATCAGATAAG,0,0,0
EOC1_PBMC_cell_TGGTTAGCAGATGAGC,0,0,0
EOC1_PBMC_cell_TTTATGCCATATACCG,0,0,0
EOC1_PBMC_cell_TAGTTGGGTACCGGCT,0,0,0
EOC1_PBMC_cell_ACGCCGACAGTCAGCC,0,0,0
EOC1_PBMC_cell_AATCCAGTCTCTTGAT,0,0,0
EOC1_PBMC_cell_TGAGCCGGTAATAGCA,0,0,0
EOC1_PBMC_cell_TCTCATACACGTGAGA,0,0,0
EOC1_PBMC_cell_GACTACACAGGGTTAG,0,0,0
EOC1_PBMC_cell_AGTGTCAAGACCTAGG,0,0,0
EOC1_PBMC_cell_TTTGGTTGTAAATACG,0,0,0
EOC1_PBMC_cell_CTACCCAAGGACGAAA,0,0,0
EOC1_PBMC_cell_GACCTGGGTGACGCCT,0,0,0
EOC1_PBMC_cell_GTATTCTGTCGGGTCT,0,0,0
EOC1_PBMC_cell_GCTGCAGAGCGATAGC,0,0,0
EOC1_PBMC_cell_CGCGTTTAGCTACCGC,0,0,0
EOC1_PBMC_cell_GGTATTGAGGGAACGG,0,0,0
EOC1_PBMC_cell_TGTTCCGGTCAAAGAT,0,0,0
EOC1_PBMC_cell_CTCTGGTGTCGCTTTC,0,0,0
EOC1_PBMC_cell_CTCACACTCTCGCTTG,0,0,0
EOC1_PBMC_cell_CTCTAATGTGTCCTCT,0,0,0
EOC1_PBMC_cell_TCAGGATTCAAACCGT,0,0,0
EOC1_PBMC_cell_TTTGTCATCATGTGGT,0,0,0
EOC1_PBMC_cell_ATCGAGTCAGGAACGT,0,0,0
EOC1_PBMC_cell_GGGACCTAGAGAACAG,0,0,0
EOC1_PBMC_cell_ACTTGTTAGCCTCGTG,0,0,0
EOC1_PBMC_cell_GTGCGGTGTTACAGAA,0,0,0
EOC1_PBMC_cell_CTCGTCAGTATCGCAT,0,0,0
EOC1_PBMC_cell_GCTGCTTAGGAACTGC,0,0,0
EOC1_PBMC_cell_GACAGAGTCTGTTTGT,0,0,0
EOC1_PBMC_cell_CTTACCGAGTTGCAGG,0,0,0
EOC1_PBMC_cell_ACTTACTTCGCAGGCT,0,0,0
EOC1_PBMC_cell_CGTTAGATCTTTAGTC,0,0,0
EOC1_PBMC_cell_GCATGTAAGTGGTCCC,0,0,0
EOC1_PBMC_cell_AGGTCATTCGAGAGCA,0,0,0
EOC1_PBMC_cell_ACCTTTATCCGAACGC,0,0,0
EOC1_PBMC_cell_GTCACAACATGGTAGG,0,0,0
EOC1_PBMC_cell_TGACGGCCATCAGTAC,0,0,0
EOC1_PBMC_cell_CACAGTATCCACTCCA,0,0,0
EOC1_PBMC_cell_AACCGCGGTGAGCGAT,0,0,0
EOC1_PBMC_cell_ACCTTTATCTTCGGTC,0,0,0
EOC1_PBMC_cell_TTCTCAAGTACCTACA,0,0,0
EOC1_PBMC_cell_ATAACGCGTTCTGTTT,0,0,0
EOC1_PBMC_cell_CCGGGATGTATCGCAT,0,0,0
EOC1_PBMC_cell_GGGTTGCCATGTAAGA,0,0,0
EOC1_PBMC_cell_CCTAAAGAGACCCACC,0,0,0
EOC1_PBMC_cell_TTCTACAGTGTGTGCC,0,0,0
EOC1_PBMC_cell_GGAACTTGTACCGTAT,0,0,0
EOC1_PBMC_cell_TTGCCGTTCGGAGGTA,0,0,0
EOC1_PBMC_cell_CGGAGTCCACATCCAA,0,0,0
EOC1_PBMC_cell_ACACCAAGTATCGCAT,0,0,0
EOC1_PBMC_cell_CTTAACTGTGCAGTAG,0,0,0
EOC1_PBMC_cell_ATCCACCTCATCATTC,0,0,0
EOC1_PBMC_cell_CTGCGGACACACCGAC,0,0,0
EOC1_PBMC_cell_TATCTCATCATTGCGA,0,0,0
EOC1_PBMC_cell_AGTGTCACACCAGCAC,0,0,0
EOC1_PBMC_cell_GATCGTACAATAGCGG,0,0,0
EOC1_PBMC_cell_TTCGAAGAGTGCAAGC,0,0,0
EOC1_PBMC_cell_TGAGCATTCTCGTATT,0,0,0
EOC1_PBMC_cell_CTTAGGAGTCCAGTTA,0,0,0
EOC1_PBMC_cell_GTATCTTAGGAGTACC,0,0,0
EOC1_PBMC_cell_GTGCAGCGTCTTGCGG,0,0,0
EOC1_PBMC_cell_GGCAATTAGCCAGAAC,0,0,0
EOC1_PBMC_cell_GGGACCTAGTGCCAGA,0,0,0
EOC1_PBMC_cell_TGCGCAGAGGCTCATT,0,0,0
EOC1_PBMC_cell_TATTACCTCAACGGCC,0,0,0
EOC1_PBMC_cell_CAAGAAACAGTACACT,0,0,0
EOC1_PBMC_cell_CCACTACCAAATCCGT,0,0,0
EOC1_PBMC_cell_ACGGGCTCAAGCCATT,0,0,0
EOC1_PBMC_cell_ATAAGAGCATTTGCTT,0,0,0
EOC1_PBMC_cell_TGACTTTTCCACGAAT,0,0,0
EOC1_PBMC_cell_CAAGAAAGTTCGTTGA,0,0,0
EOC1_PBMC_cell_ATCTGCCGTAATCACC,0,0,0
EOC1_PBMC_cell_TCAGGTATCCAAGTAC,0,0,0
EOC1_PBMC_cell_TTCGGTCTCAGGTTCA,0,0,0
EOC1_PBMC_cell_GGGTTGCCAAGAGTCG,0,0,0
EOC1_PBMC_cell_CAGCGACTCAAACCGT,0,0,0
EOC1_PBMC_cell_GTCTCGTCACTGCCAG,0,0,0
EOC1_PBMC_cell_ACATGGTAGGCGCTCT,0,0,0
EOC1_PBMC_cell_CGATTGATCGGCGGTT,0,0,0
EOC1_PBMC_cell_TACCTATCATAGACTC,0,0,0
EOC1_PBMC_cell_GTGTGCGTCCTATTCA,0,0,0
EOC1_PBMC_cell_AGGGAGTAGTCTCCTC,0,0,0
EOC1_PBMC_cell_GTACTTTCATGGTTGT,0,0,0
EOC1_PBMC_cell_TGTGGTATCGAATGCT,0,0,0
EOC1_PBMC_cell_CGGACTGGTAATCGTC,0,0,0
EOC1_PBMC_cell_GATTCAGAGTATCGAA,0,0,0
EOC1_PBMC_cell_CGATTGAGTCTTCAAG,0,0,0
EOC1_PBMC_cell_AGGTCCGGTTTGTGTG,0,0,0
EOC1_PBMC_cell_GGCCGATTCGTATCAG,0,0,0
EOC1_PBMC_cell_CCATGTCTCCGATATG,0,0,0
EOC1_PBMC_cell_GACACGCCACTAGTAC,0,0,0
EOC1_PBMC_cell_CTCTACGAGCAAATCA,0,0,0
EOC1_PBMC_cell_TTGACTTAGATCTGAA,0,0,0
EOC1_PBMC_cell_TCACAAGGTTTAGCTG,0,0,0
EOC1_PBMC_cell_CCATTCGCAGGGTATG,0,0,0
EOC1_PBMC_cell_GGTATTGTCAAACCGT,0,0,0
EOC1_PBMC_cell_TCTTTCCTCGTTACGA,0,0,0
EOC1_PBMC_cell_CTGAAGTCAAGCTGTT,0,0,0
EOC1_PBMC_cell_ACATGGTTCTCGCTTG,0,0,0
EOC1_PBMC_cell_CTCTACGGTCTGCAAT,0,0,0
EOC1_PBMC_cell_CTACATTGTTCAGCGC,0,0,0
EOC1_PBMC_cell_CAAGGCCCAATCTACG,0,0,0
EOC1_PBMC_cell_TTCGGTCCAAGTCATC,0,0,0
EOC1_PBMC_cell_TCGGTAAGTATGGTTC,0,0,0
EOC1_PBMC_cell_CTCGTCACAGCTTCGG,0,0,0
EOC1_PBMC_cell_CCTTCCCCAGATAATG,0,0,0
EOC1_PBMC_cell_CAACCTCGTGTTGAGG,0,0,0
EOC1_PBMC_cell_TTCCCAGAGTGGCACA,0,0,0
EOC1_PBMC_cell_ACATGGTAGAGCTTCT,0,0,0
EOC1_PBMC_cell_CGGCTAGTCTAACTCT,0,0,0
EOC1_PBMC_cell_CTCGTACCACCTCGGA,0,0,0
EOC1_PBMC_cell_AGCGGTCTCCTCCTAG,0,0,0
EOC1_PBMC_cell_TGCTACCCAGCTCCGA,0,0,0
EOC1_PBMC_cell_TTTGTCAAGTTATCGC,0,0,0
EOC1_PBMC_cell_GACGCGTCAGGACGTA,0,0,0
EOC1_PBMC_cell_GTACTTTTCTGACCTC,0,0,0
EOC1_PBMC_cell_ATTGGACCAATGACCT,0,0,0
EOC1_PBMC_cell_CTTAGGACAAGGGTCA,0,0,0
EOC1_PBMC_cell_TACCTTAGTTGTCTTT,0,0,0
EOC1_PBMC_cell_TCAGATGAGACATAAC,0,0,0
EOC1_PBMC_cell_TGCACCTTCATCGCTC,0,0,0
EOC1_PBMC_cell_TAGAGCTAGACAGACC,0,0,0
EOC1_PBMC_cell_AAGCCGCCAGGGTACA,0,0,0
EOC1_PBMC_cell_CTGGTCTCATTCCTGC,0,0,0
EOC1_PBMC_cell_AGTGAGGGTCTCAACA,0,0,0
EOC1_PBMC_cell_TCATTACTCAGCCTAA,0,0,0
EOC1_PBMC_cell_AAAGTAGCACCGCTAG,0,0,0
EOC1_PBMC_cell_GTCTTCGTCACGAAGG,0,0,0
EOC1_PBMC_cell_CCGGTAGGTCCATGAT,0,0,0
EOC1_PBMC_cell_CGAGCCATCTGTACGA,0,0,0
EOC1_PBMC_cell_CGAGAAGGTGTTGAGG,0,0,0
EOC1_PBMC_cell_AAAGCAACAGCTGTAT,0,0,0
EOC1_PBMC_cell_TCGTAGAGTATGCTTG,0,0,0
EOC1_PBMC_cell_GTAACTGAGAATAGGG,0,0,0
EOC1_PBMC_cell_CGTTCTGGTCGAATCT,0,0,0
EOC1_PBMC_cell_TTTATGCTCAAACCGT,0,0,0
EOC1_PBMC_cell_CACAAACAGGTGTGGT,0,0,0
EOC1_PBMC_cell_CGTGTCTAGAGGGATA,0,0,0
EOC1_PBMC_cell_GTCAAGTTCTAACTCT,0,0,0
EOC1_PBMC_cell_CTCGAGGGTAAGGGCT,0,0,0
EOC1_PBMC_cell_GGTGCGTTCCATGAAC,0,0,0
EOC1_PBMC_cell_AGGCCACCAGGAATGC,0,0,0
EOC1_PBMC_cell_TTGTAGGTCAACGGCC,0,0,0
EOC1_PBMC_cell_AGGTCCGTCTTGCCGT,0,0,0
EOC1_PBMC_cell_CTTCTCTTCACATAGC,0,0,0
EOC1_PBMC_cell_AAACCTGGTTTGGCGC,0,0,0
EOC1_PBMC_cell_AAGGTTCCATGATCCA,0,0,0
EOC1_PBMC_cell_ACGGCCAAGTCATCCA,0,0,0
EOC1_PBMC_cell_GTACGTAGTATATGGA,0,0,0
EOC1_PBMC_cell_AGAATAGGTTCGGCAC,0,0,0
EOC1_PBMC_cell_CGAACATAGTACCGGA,0,0,0
EOC1_PBMC_cell_CTCATTAGTGGTTTCA,0,0,0
EOC1_PBMC_cell_GAATAAGAGAACTCGG,0,0,0
EOC1_PBMC_cell_ACGCCAGGTGCTGTAT,0,0,0
EOC1_PBMC_cell_ACTATCTGTGACTACT,0,0,0
EOC1_PBMC_cell_TGCTACCAGCGATGAC,0,0,0
EOC1_PBMC_cell_AGTAGTCAGGGTCTCC,0,0,0
EOC1_PBMC_cell_ATCATGGGTGATAAAC,0,0,0
EOC1_PBMC_cell_ACTTACTAGGGATACC,0,0,0
EOC1_PBMC_cell_ATCGAGTAGGGAGTAA,0,0,0
EOC1_PBMC_cell_TGTTCCGGTCTCACCT,0,0,0
EOC1_PBMC_cell_GCAAACTAGATAGTCA,0,0,0
EOC1_PBMC_cell_CTGATCCAGTCCAGGA,0,0,0
EOC1_PBMC_cell_GGCTCGATCGCCCTTA,0,0,0
EOC1_PBMC_cell_ACGAGGACAGCCAGAA,0,0,0
EOC1_PBMC_cell_GCTCTGTGTCAAGCGA,0,0,0
EOC1_PBMC_cell_TAGCCGGCAGACGCAA,0,0,0
EOC1_PBMC_cell_GATGAGGTCGTCACGG,0,0,0
EOC1_PBMC_cell_GGCAATTCAACGATCT,0,0,0
EOC1_PBMC_cell_CTAGTGAAGCGTTGCC,0,0,0
EOC1_PBMC_cell_TGAGCATAGGAATCGC,0,0,0
EOC1_PBMC_cell_CTCGTCATCGACAGCC,0,0,0
EOC1_PBMC_cell_GTCTTCGCATAGGATA,0,0,0
EOC1_PBMC_cell_CTGCCTAAGACTCGGA,0,0,0
EOC1_PBMC_cell_AACGTTGAGGTGTTAA,0,0,0
EOC1_PBMC_cell_TTAGGCAGTCTGCCAG,0,0,0
EOC1_PBMC_cell_CGTTCTGCACATCCAA,0,0,0
EOC1_PBMC_cell_ACATCAGTCGCCAGCA,0,0,0
EOC1_PBMC_cell_AGATCTGAGATAGTCA,0,0,0
EOC1_PBMC_cell_CGTGTAAAGCGATAGC,0,0,0
EOC1_PBMC_cell_TTGTAGGGTTGGTAAA,0,0,0
EOC1_PBMC_cell_GAATAAGCATGCAACT,0,0,0
EOC1_PBMC_cell_AGGTCATTCCTTAATC,0,0,0
EOC1_PBMC_cell_AATCGGTCACATCCGG,0,0,0
EOC1_PBMC_cell_CACATAGTCTTTACAC,0,0,0
EOC1_PBMC_cell_ACCCACTCATTTGCCC,0,0,0
EOC1_PBMC_cell_GAGCAGAGTTGATTCG,0,0,0
EOC1_PBMC_cell_TGAGGGATCACAACGT,0,0,0
EOC1_PBMC_cell_AAGCCGCTCTCTAGGA,0,0,0
EOC1_PBMC_cell_TTCTCCTCAGGCGATA,0,0,0
EOC1_PBMC_cell_CACCAGGCACGGACAA,0,0,0
EOC1_PBMC_cell_TGACTAGTCGAGAACG,0,0,0
EOC1_PBMC_cell_ACGATGTCACCACCAG,0,0,0
EOC1_PBMC_cell_TAGAGCTAGCACAGGT,0,0,0
EOC1_PBMC_cell_ATCATGGGTAAGAGAG,0,0,0
EOC1_PBMC_cell_GTCTTCGAGTGAACGC,0,0,0
EOC1_PBMC_cell_CCGGTAGGTCCGCTGA,0,0,0
EOC1_PBMC_cell_TGATTTCGTTTGCATG,0,0,0
EOC1_PBMC_cell_CATCCACAGTCATGCT,0,0,0
EOC1_PBMC_cell_CTACGTCCACGGTTTA,0,0,0
EOC1_PBMC_cell_GATGCTACAGTGGGAT,0,0,0
EOC1_PBMC_cell_CTCGGAGAGAGGTTGC,0,0,0
EOC1_PBMC_cell_TGCGCAGCAAGGTTCT,0,0,0
EOC1_PBMC_cell_GCGAGAAAGCAACGGT,0,0,0
EOC1_PBMC_cell_CCTCAGTAGACTGGGT,0,0,0
EOC1_PBMC_cell_CGATTGACATCTACGA,0,0,0
EOC1_PBMC_cell_GCCAAATCATAGGATA,0,0,0
EOC1_PBMC_cell_CGGACGTAGAGATGAG,0,0,0
EOC1_PBMC_cell_TCAGCTCGTGCAACGA,0,0,0
EOC1_PBMC_cell_TTGCGTCAGTACTTGC,0,0,0
EOC1_PBMC_cell_GTAGGCCTCAGTTCGA,0,0,0
EOC1_PBMC_cell_TGGCTGGAGTTCCACA,0,0,0
EOC1_PBMC_cell_GTCTTCGTCTGGAGCC,0,0,0
EOC1_PBMC_cell_TCCCGATGTGCGCTTG,0,0,0
EOC1_PBMC_cell_ATCCACCAGAGACGAA,0,0,0
EOC1_PBMC_cell_AGTGTCAAGTGAACGC,0,0,0
EOC1_PBMC_cell_CGTGTAATCACCATAG,0,0,0
EOC1_PBMC_cell_TGCGTGGTCTTGAGGT,0,0,0
EOC1_PBMC_cell_ACTTTCATCTTTACAC,0,0,0
EOC1_PBMC_cell_ACGCCAGAGCGCCTTG,0,0,0
EOC1_PBMC_cell_GACACGCCAGATCTGT,0,0,0
EOC1_PBMC_cell_CACTCCACACGGCCAT,0,0,0
EOC1_PBMC_cell_TTGACTTAGCACCGCT,0,0,0
EOC1_PBMC_cell_TGGTTAGCACCAGTTA,0,0,0
EOC1_PBMC_cell_GTGCATATCATTATCC,0,0,0
EOC1_PBMC_cell_CTACACCAGTTGAGAT,0,0,0
EOC1_PBMC_cell_GCGCAGTCACTGCCAG,0,0,0
EOC1_PBMC_cell_TATGCCCCAGGTCCAC,0,0,0
EOC1_PBMC_cell_ATCGAGTTCACCGGGT,0,0,0
EOC1_PBMC_cell_CAGGTGCGTAAGAGGA,0,0,0
EOC1_PBMC_cell_TGGGCGTAGAATCTCC,0,0,0
EOC1_PBMC_cell_GTTCTCGAGCTGGAAC,0,0,0
EOC1_PBMC_cell_CCTCAGTTCATCGGAT,0,0,0
EOC1_PBMC_cell_TGCTGCTTCATTGCGA,0,0,0
EOC1_PBMC_cell_CTAGCCTTCCCAAGTA,0,0,0
EOC1_PBMC_cell_AACCATGCAAGCTGGA,0,0,0
EOC1_PBMC_cell_GATCGATTCCACGCAG,0,0,1
EOC1_PBMC_cell_CCGGTAGGTTCGGGCT,0,0,0
EOC1_PBMC_cell_AGAATAGTCTAACGGT,0,0,0
EOC1_PBMC_cell_CGTCCATCAATCGGTT,0,0,0
EOC1_PBMC_cell_GTTAAGCGTAGAGGAA,0,0,0
EOC1_PBMC_cell_CTGATAGGTTTCCACC,0,0,0
EOC1_PBMC_cell_CAGCTAAAGCCCGAAA,0,0,0
EOC1_PBMC_cell_AACTTTCTCCTTAATC,0,0,0
EOC1_PBMC_cell_AACTTTCCATAGGATA,0,0,0
EOC1_PBMC_cell_TGCGCAGCATGCCTTC,0,0,0
EOC1_PBMC_cell_TACAGTGTCTTGGGTA,0,0,0
EOC1_PBMC_cell_CGACCTTCAGCCTTGG,0,0,0
EOC1_PBMC_cell_ACACCCTGTCTCCACT,0,0,0
EOC1_PBMC_cell_GAACCTACACGTAAGG,0,0,0
EOC1_PBMC_cell_CAGCTGGTCAAACGGG,0,0,0
EOC1_PBMC_cell_ACTGATGAGCTGCAAG,0,0,0
EOC1_PBMC_cell_CCTAGCTGTTTGTTGG,0,0,0
EOC1_PBMC_cell_CTGCTGTTCTGCCCTA,0,0,0
EOC1_PBMC_cell_TCAGCAACATCTGGTA,0,0,0
EOC1_PBMC_cell_CTCGTCAGTAAACACA,0,0,0
EOC1_PBMC_cell_CTCGGAGGTGCTAGCC,0,0,0
EOC1_PBMC_cell_GGCCGATCATTAGCCA,0,0,0
EOC1_PBMC_cell_CGTGTCTGTTCCGGCA,0,0,0
EOC1_PBMC_cell_AGTGTCAAGAACTCGG,0,0,0
EOC1_PBMC_cell_TCTGAGAAGGTGTGGT,0,0,0
EOC1_PBMC_cell_ATAGACCTCAACGCTA,0,0,0
EOC1_PBMC_cell_GTACGTACATTCCTCG,0,0,0
EOC1_PBMC_cell_AACCATGCACCAGGCT,0,0,0
EOC1_PBMC_cell_ATTTCTGGTGAGGCTA,0,0,0
EOC1_PBMC_cell_TCAGCAACACATAACC,0,0,0
EOC1_PBMC_cell_CCTAAAGCACCCATTC,0,0,0
EOC1_PBMC_cell_GGATTACGTATGAATG,0,0,0
EOC1_PBMC_cell_GCTGCTTTCACATAGC,0,0,0
EOC1_PBMC_cell_TGAGCATGTCGAAAGC,0,0,0
EOC1_PBMC_cell_CTAAGACGTCAAAGCG,0,0,0
EOC1_PBMC_cell_ACGATACTCTTGCATT,0,0,0
EOC1_PBMC_cell_ATCTACTGTTATGTGC,0,0,0
EOC1_PBMC_cell_GCATACATCTGGCGAC,0,0,0
EOC1_PBMC_cell_CTAATGGGTGCAACGA,0,0,0
EOC1_PBMC_cell_AGCTCCTTCAAACGGG,0,0,0
EOC1_PBMC_cell_AGAGCTTTCTGCAAGT,0,0,0
EOC1_PBMC_cell_CCATTCGTCCTTTACA,0,0,0
EOC1_PBMC_cell_GAATAAGAGTTGAGTA,0,0,0
EOC1_PBMC_cell_GGGCACTCAAGAAGAG,0,0,0
EOC1_PBMC_cell_CGATGTAGTGGCAAAC,0,0,0
EOC1_PBMC_cell_CAGCAGCAGAGCCTAG,0,0,0
EOC1_PBMC_cell_CCATTCGAGAAGGTGA,0,0,0
EOC1_PBMC_cell_GCACATAAGTGCGTGA,0,0,0
EOC1_PBMC_cell_TCATTTGGTAGCGTGA,0,0,0
EOC1_PBMC_cell_ATGTGTGGTCTGATTG,0,0,0
EOC1_PBMC_cell_CTTAACTAGCCGATTT,0,0,0
EOC1_PBMC_cell_GGCGACTAGGCTCTTA,0,0,0
EOC1_PBMC_cell_CATTATCCACGAGGTA,0,0,0
EOC1_PBMC_cell_TTTGTCACATATGCTG,0,0,0
EOC1_PBMC_cell_GATCGTAGTGTGGCTC,0,0,0
EOC1_PBMC_cell_GCTGGGTAGCCTCGTG,0,0,0
EOC1_PBMC_cell_CGAATGTGTATTACCG,0,0,0
EOC1_PBMC_cell_TTGAACGCACCGTTGG,0,0,0
EOC1_PBMC_cell_ACTGTCCCAAGACGTG,0,0,0
EOC1_PBMC_cell_GCTCCTAGTACATCCA,0,0,0
EOC1_PBMC_cell_TCTATTGTCCGTTGTC,0,0,0
EOC1_PBMC_cell_GAAATGATCACATGCA,0,0,0
EOC1_PBMC_cell_CCACTACTCACTCTTA,0,0,0
EOC1_PBMC_cell_ACTGTCCTCGATGAGG,0,0,0
EOC1_PBMC_cell_CAAGGCCAGATGCCAG,0,0,0
EOC1_PBMC_cell_CGAACATGTTGGTTTG,0,0,0
EOC1_PBMC_cell_TGTGTTTTCAGGATCT,0,0,0
EOC1_PBMC_cell_TCATTTGCAAGGCTCC,0,0,0
EOC1_PBMC_cell_TTTGGTTTCCGGCACA,0,0,0
EOC1_PBMC_cell_CCACTACAGATCGGGT,0,0,0
EOC1_PBMC_cell_GCAATCATCTTGTTTG,0,0,0
EOC1_PBMC_cell_CCATGTCTCGCGCCAA,0,0,0
EOC1_PBMC_cell_ATTGGACTCAGTTGAC,0,0,0
EOC1_PBMC_cell_GCAGCCAAGCATCATC,0,0,0
EOC1_PBMC_cell_TGCGCAGAGGTTACCT,0,0,0
EOC1_PBMC_cell_ACACCAAAGAAACCGC,0,0,0
EOC1_PBMC_cell_TCAGCTCCAGTGGAGT,0,0,0
EOC1_PBMC_cell_TTCTCAAGTCTTGTCC,0,0,0
EOC1_PBMC_cell_TCTTTCCGTTATGTGC,0,0,0
EOC1_PBMC_cell_CAGCATATCCATGCTC,0,0,0
EOC1_PBMC_cell_TGGCTGGTCGATGAGG,0,0,0
EOC1_PBMC_cell_TACGGGCCAGTACACT,0,0,0
EOC1_PBMC_cell_CTACCCAAGCGTAGTG,0,0,0
EOC1_PBMC_cell_CATCAAGAGTACACCT,0,0,0
EOC1_PBMC_cell_ATCGAGTAGCGTCAAG,0,0,0
EOC1_PBMC_cell_GACCTGGGTCTGGTCG,0,0,0
EOC1_PBMC_cell_GGGATGATCAGGCCCA,0,0,0
EOC1_PBMC_cell_TATCAGGCACTAAGTC,0,0,0
EOC1_PBMC_cell_CAGCATATCAGGTTCA,0,0,0
EOC1_PBMC_cell_ATGAGGGAGGTCGGAT,0,0,0
EOC1_PBMC_cell_ATCCGAAAGTACGTAA,0,0,0
EOC1_PBMC_cell_GGTGCGTAGATCCTGT,0,0,0
EOC1_PBMC_cell_ATCTACTAGATGGCGT,0,0,0
EOC1_PBMC_cell_TTTCCTCTCTTAGCCC,0,0,0
EOC1_PBMC_cell_TTCGAAGGTTCACGGC,0,0,0
EOC1_PBMC_cell_TCTATTGGTGCTGTAT,0,0,0
EOC1_PBMC_cell_ACACCCTCATGGAATA,0,0,0
EOC1_PBMC_cell_CAAGATCAGTACATGA,0,0,0
EOC1_PBMC_cell_CTTACCGAGGCCCTTG,0,0,0
EOC1_PBMC_cell_CGATCGGTCCATGAGT,0,0,0
EOC1_PBMC_cell_TGCGCAGAGGCTCAGA,0,0,0
EOC1_PBMC_cell_CGATCGGGTGAGGCTA,0,0,0
EOC1_PBMC_cell_GCGCAACTCCAGAGGA,0,0,0
EOC1_PBMC_cell_ACTTGTTTCGGAATCT,0,0,0
EOC1_PBMC_cell_GGTGCGTCAAGCGTAG,0,0,0
EOC1_PBMC_cell_AAACCTGCACGAGAGT,0,0,0
EOC1_PBMC_cell_GCTGCTTAGCCCAGCT,0,0,0
EOC1_PBMC_cell_CATCAAGGTCTCAACA,0,0,0
EOC1_PBMC_cell_AAGGCAGAGGGTTTCT,0,0,0
EOC1_PBMC_cell_TACTCATCACAGATTC,0,0,0
EOC1_PBMC_cell_TCAACGAAGAGACTAT,0,0,0
EOC1_PBMC_cell_AGGCCGTCATGAGCGA,0,0,0
EOC1_PBMC_cell_CCCTCCTGTCCAGTTA,0,0,0
EOC1_PBMC_cell_CCGTACTGTAGAAGGA,0,0,0
EOC1_PBMC_cell_GATGCTAGTGAGCGAT,0,0,0
EOC1_PBMC_cell_CGTAGCGTCCGTCATC,0,0,0
EOC1_PBMC_cell_ATGTGTGTCATTATCC,0,0,0
EOC1_PBMC_cell_GTAGTCAAGAATGTTG,0,0,0
EOC1_PBMC_cell_GTCCTCAAGATGTCGG,0,0,0
EOC1_PBMC_cell_GGACAGAAGAAGGTTT,0,0,0
EOC1_PBMC_cell_AAAGATGAGCCTTGAT,0,0,0
EOC1_PBMC_cell_AACCGCGAGAATCTCC,0,0,0
EOC1_PBMC_cell_AGAGCGAAGGGAGTAA,0,0,0
EOC1_PBMC_cell_GCGCAGTTCTTACCGC,0,0,0
EOC1_PBMC_cell_GGACAAGCATCCGCGA,0,0,0
EOC1_PBMC_cell_CATCGAACACCAGCAC,0,0,0
EOC1_PBMC_cell_ACGATGTCATAGACTC,0,0,0
EOC1_PBMC_cell_TCTATTGAGCAATATG,0,0,0
EOC1_PBMC_cell_AGAGCTTCATCGATGT,0,0,0
EOC1_PBMC_cell_CGATGTATCTCTGTCG,0,0,0
EOC1_PBMC_cell_CGATTGATCGTTTGCC,0,0,0
EOC1_PBMC_cell_CTAGTGAAGGTGTGGT,0,0,0
EOC1_PBMC_cell_AACTCTTAGGCGACAT,0,0,0
EOC1_PBMC_cell_CGGAGTCTCGGATGTT,0,0,0
EOC1_PBMC_cell_ATAGACCCAGACGCCT,0,0,0
EOC1_PBMC_cell_GGGATGACAAGAAGAG,0,0,0
EOC1_PBMC_cell_TGAGAGGGTCTTCTCG,0,0,0
EOC1_PBMC_cell_GTGTGCGCACCCATGG,0,0,0
EOC1_PBMC_cell_CTGAAACAGTACTTGC,0,0,0
EOC1_PBMC_cell_GTACTCCCATCAGTAC,0,0,0
EOC1_PBMC_cell_ACACTGATCTGTCAAG,0,0,0
EOC1_PBMC_cell_CTCCTAGAGATACACA,0,0,0
EOC1_PBMC_cell_GCATGTAAGCCCTAAT,0,0,0
EOC1_PBMC_cell_GGATGTTCAGCTGGCT,0,0,0
EOC1_PBMC_cell_CAACCAAGTGTGTGCC,0,0,0
EOC1_PBMC_cell_CTAGCCTAGTACACCT,0,0,0
EOC1_PBMC_cell_CATCAGAAGCGTTGCC,0,0,0
EOC1_PBMC_cell_CGTCCATTCACATAGC,0,0,0
EOC1_PBMC_cell_ACTTGTTAGACTAAGT,0,0,0
EOC1_PBMC_cell_GACCTGGAGCCAGTAG,0,0,0
EOC1_PBMC_cell_CTAAGACAGGTGTTAA,0,0,0
EOC1_PBMC_cell_GGAACTTTCATTCACT,0,0,0
EOC1_PBMC_cell_GGTATTGGTGTTGGGA,0,0,0
EOC1_PBMC_cell_GTGTGCGTCACTTATC,0,0,0
EOC1_PBMC_cell_GACACGCCAGATCCAT,0,0,0
EOC1_PBMC_cell_TACCTATGTCACCTAA,0,0,0
EOC1_PBMC_cell_GCTCCTATCGGCGCTA,0,0,0
EOC1_PBMC_cell_GGTGTTACAGACACTT,0,0,0
EOC1_PBMC_cell_TAAACCGAGTCTTGCA,0,0,0
EOC1_PBMC_cell_GACGCGTTCGAACGGA,0,0,0
EOC1_PBMC_cell_GGTATTGGTCTTGTCC,0,0,0
EOC1_PBMC_cell_ATTATCCGTGCTTCTC,0,0,0
EOC1_PBMC_cell_GACTGCGCATGATCCA,0,0,0
EOC1_PBMC_cell_GCATGATCAGCTATTG,0,0,0
EOC1_PBMC_cell_CATCAGAAGAATCTCC,0,0,0
EOC1_PBMC_cell_TTCTTAGCAGTTTACG,0,0,0
EOC1_PBMC_cell_CGAGCACGTGCAGGTA,0,0,0
EOC1_PBMC_cell_GCATGATTCAAAGTAG,0,0,0
EOC1_PBMC_cell_ACCCACTAGAATCTCC,0,0,0
EOC1_PBMC_cell_ATAAGAGAGACCGGAT,0,0,0
EOC1_PBMC_cell_TATGCCCTCTACGAGT,0,0,0
EOC1_PBMC_cell_GCTTGAATCTTATCTG,0,0,0
EOC1_PBMC_cell_TTCTCCTTCTGGCGAC,0,0,0
EOC1_PBMC_cell_CGTTCTGGTGAGGGTT,0,0,0
EOC1_PBMC_cell_AAACCTGTCCAATGGT,0,0,0
EOC1_PBMC_cell_GGATTACAGGCCCTCA,0,0,0
EOC1_PBMC_cell_AAGCCGCTCGTTTAGG,0,0,0
EOC1_PBMC_cell_ACCTTTAAGGTCGGAT,0,0,0
EOC1_PBMC_cell_TTAGGCAGTCTACCTC,0,0,0
EOC1_PBMC_cell_GGGTTGCTCCAAACTG,0,0,0
EOC1_PBMC_cell_GGCAATTGTTCCCGAG,0,0,0
EOC1_PBMC_cell_CGAACATCATCACCCT,0,0,0
EOC1_PBMC_cell_GATTCAGAGTGGAGTC,0,0,0
EOC1_PBMC_cell_TGTGGTACACGGTAGA,0,0,0
EOC1_PBMC_cell_GACGGCTCAAGTAATG,0,0,0
EOC1_PBMC_cell_CAACTAGCATGGGACA,0,0,0
EOC1_PBMC_cell_TACTCGCTCTTCAACT,0,0,0
EOC1_PBMC_cell_CCTTTCTAGCTAACTC,0,0,0
EOC1_PBMC_cell_GTCGTAAGTCTAGCGC,0,0,0
EOC1_PBMC_cell_ACTGTCCCATCCTTGC,0,0,0
EOC1_PBMC_cell_GCATGCGCATCGATTG,0,0,0
EOC1_PBMC_cell_CCTTACGCAAACCCAT,0,0,0
EOC1_PBMC_cell_ATTGGACTCACATACG,0,0,0
EOC1_PBMC_cell_ACTGAGTCACAACTGT,0,0,0
EOC1_PBMC_cell_TTCCCAGGTGTGCCTG,0,0,0
EOC1_PBMC_cell_TGAGCATAGGCCGAAT,0,0,0
EOC1_PBMC_cell_GAAGCAGGTGTGGTTT,0,0,0
EOC1_PBMC_cell_AACTCTTTCCTACAGA,0,0,0
EOC1_PBMC_cell_ATCTACTCATCGATGT,0,0,0
EOC1_PBMC_cell_CCTACCAAGGTGATAT,0,0,0
EOC1_PBMC_cell_AAGACCTCAGGATTGG,0,0,0
EOC1_PBMC_cell_CCTCAGTAGGAGCGAG,0,0,0
EOC1_PBMC_cell_GGGCACTTCAACGCTA,0,0,0
EOC1_PBMC_cell_CTAAGACGTGAAATCA,0,0,0
EOC1_PBMC_cell_TACAGTGGTCAACATC,0,0,0
EOC1_PBMC_cell_CCATTCGTCCAAAGTC,0,0,0
EOC1_PBMC_cell_CAGCGACTCTGGCGAC,0,0,0
EOC1_PBMC_cell_AGAGCGACAGCCACCA,0,0,0
EOC1_PBMC_cell_GCGAGAAAGGGCACTA,0,0,0
EOC1_PBMC_cell_GTGCAGCGTTGCTCCT,0,0,0
EOC1_PBMC_cell_TGTTCCGAGGACGAAA,0,0,0
EOC1_PBMC_cell_TTTGGTTAGCACCGCT,0,0,0
EOC1_PBMC_cell_ATTATCCCATGCCTAA,0,0,0
EOC1_PBMC_cell_TCAGATGGTTAGATGA,0,0,0
EOC1_PBMC_cell_GATCTAGAGGTCATCT,0,0,0
EOC1_PBMC_cell_AGAATAGCATGGTCTA,0,0,0
EOC1_PBMC_cell_CAACTAGAGAGAACAG,0,0,0
EOC1_PBMC_cell_GACTGCGCATCGATGT,0,0,0
EOC1_PBMC_cell_TGTGGTAGTTGGTAAA,0,0,0
EOC1_PBMC_cell_GTTCATTTCAGCTCTC,0,0,0
EOC1_PBMC_cell_TGGCTGGCAGAGTGTG,0,0,0
EOC1_PBMC_cell_CTTACCGGTCGAAAGC,0,0,0
EOC1_PBMC_cell_TAGTTGGGTATAATGG,0,0,0
EOC1_PBMC_cell_TGGCCAGTCCGAACGC,0,0,0
EOC1_PBMC_cell_CCTACCAGTTGCCTCT,0,0,0
EOC1_PBMC_cell_CATGGCGAGCTTTGGT,0,0,0
EOC1_PBMC_cell_TGCTACCCATTCCTCG,0,0,0
EOC1_PBMC_cell_CCTATTACATTTGCCC,0,0,0
EOC1_PBMC_cell_AGTGAGGCACAGCCCA,0,0,0
EOC1_PBMC_cell_GTTAAGCTCCCAAGTA,0,0,0
EOC1_PBMC_cell_CGACTTCAGCCAGTAG,0,0,0
EOC1_PBMC_cell_GGGATGACAATTGCTG,0,0,0
EOC1_PBMC_cell_TGAGCATAGCTGCCCA,0,0,0
EOC1_PBMC_cell_ACTTACTAGATCGATA,0,0,0
EOC1_PBMC_cell_GATCTAGCAATAACGA,0,0,0
EOC1_PBMC_cell_GGGAATGGTTTGTTTC,0,0,0
EOC1_PBMC_cell_CGTAGCGAGAAACCGC,0,0,0
EOC1_PBMC_cell_GACGTTAAGAGTGACC,0,0,0
EOC1_PBMC_cell_ACTGAACCACAGCCCA,0,0,0
EOC1_PBMC_cell_ACGATGTGTACCGTTA,0,0,0
EOC1_PBMC_cell_CTCTAATGTGCTGTAT,0,0,0
EOC1_PBMC_cell_GGGCATCTCTTAGCCC,0,0,0
EOC1_PBMC_cell_GCGCCAACAAATACAG,0,0,0
EOC1_PBMC_cell_GCACTCTAGTTATCGC,0,0,0
EOC1_PBMC_cell_TATGCCCCAATCGGTT,0,0,0
EOC1_PBMC_cell_GTATCTTTCTGTTTGT,0,0,0
EOC1_PBMC_cell_TAGTGGTCACGGTAAG,0,0,0
EOC1_PBMC_cell_GCGACCAAGCTATGCT,0,0,0
EOC1_PBMC_cell_AACTCTTCAGGTTTCA,0,0,0
EOC1_PBMC_cell_CAAGGCCGTCCTCTTG,0,0,0
EOC1_PBMC_cell_CAACCTCGTAGGCATG,0,0,0
EOC1_PBMC_cell_GCATGATCATACGCTA,0,0,0
EOC1_PBMC_cell_CTGCGGATCCGTTGTC,0,0,0
EOC1_PBMC_cell_GCTTCCAGTACCTACA,0,0,0
EOC1_PBMC_cell_ACACTGATCCTTTACA,0,0,0
EOC1_PBMC_cell_TGGCGCAAGAGACTTA,0,0,0
EOC1_PBMC_cell_GCAGCCAGTACCAGTT,0,0,0
EOC1_PBMC_cell_GCACTCTGTAGGAGTC,0,0,0
EOC1_PBMC_cell_CTTCTCTTCCACTGGG,0,0,0
EOC1_PBMC_cell_AAACCTGGTTTAGGAA,0,0,0
EOC1_PBMC_cell_CTCGTCAAGTGGAGTC,0,0,0
EOC1_PBMC_cell_AAAGCAAAGGAACTGC,0,0,0
EOC1_PBMC_cell_ACATGGTAGCGATTCT,0,0,0
EOC1_PBMC_cell_TAGTTGGGTTCCACTC,0,0,0
EOC1_PBMC_cell_CACAAACCAGTATCTG,0,0,0
EOC1_PBMC_cell_ATAAGAGGTTGAACTC,0,0,0
EOC1_PBMC_cell_CAAGGCCAGAACTCGG,0,0,0
EOC1_PBMC_cell_ACACCCTAGTAGGTGC,0,0,0
EOC1_PBMC_cell_CCTACACAGACTCGGA,0,0,0
EOC1_PBMC_cell_GTACTCCCAAGACGTG,0,0,0
EOC1_PBMC_cell_ATTGGACGTTCCACTC,0,0,0
EOC1_PBMC_cell_GATCGCGGTTGCGCAC,0,0,0
EOC1_PBMC_cell_AGTGAGGAGAAGCCCA,0,0,0
EOC1_PBMC_cell_GTCTCGTCACCGAAAG,0,0,0
EOC1_PBMC_cell_AACTTTCGTGTCCTCT,0,0,0
EOC1_PBMC_cell_ACTGATGCATGGGACA,0,0,0
EOC1_PBMC_cell_ACATACGTCGGCTACG,0,0,0
EOC1_PBMC_cell_CAGCGACAGCTTTGGT,0,0,0
EOC1_PBMC_cell_GTCACAATCTACTTAC,0,0,0
EOC1_PBMC_cell_CTACATTAGTGCCAGA,0,0,0
EOC1_PBMC_cell_TCCACACAGTCTCCTC,0,0,0
EOC1_PBMC_cell_TGACGGCCACTGAAGG,0,0,0
EOC1_PBMC_cell_TGGGCGTCAGAGCCAA,0,0,0
EOC1_PBMC_cell_TGCGGGTGTAGAGCTG,0,0,0
EOC1_PBMC_cell_TGGCGCAAGCGACGTA,0,0,0
EOC1_PBMC_cell_TTGCCGTAGTTAACGA,0,0,0
EOC1_PBMC_cell_ATCGAGTCAATCCAAC,0,0,0
EOC1_PBMC_cell_AGAGCTTAGCTCAACT,0,0,0
EOC1_PBMC_cell_AGAGCTTTCCTTAATC,0,0,0
EOC1_PBMC_cell_TGCGCAGCAGGGAGAG,0,0,0
EOC1_PBMC_cell_TCCCGATGTACATCCA,0,0,0
EOC1_PBMC_cell_GTCGTAATCTTTACAC,0,0,0
EOC1_PBMC_cell_AAAGATGTCTGTTGAG,0,0,0
EOC1_PBMC_cell_TGTGGTACATGGGACA,0,0,0
EOC1_PBMC_cell_TGAGAGGCATTACGAC,0,0,0
EOC1_PBMC_cell_GCTGGGTCACCATCCT,0,0,0
EOC1_PBMC_cell_GGCGACTTCGTAGGTT,0,0,0
EOC1_PBMC_cell_GAACCTATCGGCTTGG,0,0,0
EOC1_PBMC_cell_AGCTCCTCATAGACTC,0,0,0
EOC1_PBMC_cell_AGTGTCATCGGATGGA,0,0,0
EOC1_PBMC_cell_TCATTACAGGGAACGG,0,0,0
EOC1_PBMC_cell_AAGGCAGAGTCCGGTC,0,0,0
EOC1_PBMC_cell_AGCATACCATGTCCTC,0,0,0
EOC1_PBMC_cell_TTTATGCCATCACCCT,0,0,0
EOC1_PBMC_cell_CCCAATCCACTGCCAG,0,0,0
EOC1_PBMC_cell_GTTAAGCAGCCACGTC,0,0,0
EOC1_PBMC_cell_ACGCCGACACAGTCGC,0,0,0
EOC1_PBMC_cell_TGATTTCCAGTATCTG,0,0,0
EOC1_PBMC_cell_GAGTCCGGTGGGTATG,0,0,0
EOC1_PBMC_cell_TAGACCAGTTGTTTGG,0,0,0
EOC1_PBMC_cell_CGCTATCCATTCACTT,0,0,0
EOC1_PBMC_cell_GGCCGATTCCGGGTGT,0,0,0
EOC1_PBMC_cell_GGAGCAACAGACGCCT,0,0,0
EOC1_PBMC_cell_CCTAGCTCACCAGGTC,0,0,0
EOC1_PBMC_cell_TTCGGTCTCATTGCGA,0,0,0
EOC1_PBMC_cell_TAGAGCTTCTTGCCGT,0,0,0
EOC1_PBMC_cell_CCACGGATCCGAATGT,0,0,0
EOC1_PBMC_cell_TCCACACAGGATTCGG,0,0,0
EOC1_PBMC_cell_CGCTTCACAATTGCTG,0,0,0
EOC1_PBMC_cell_TAGTTGGGTCTAGTCA,0,0,0
EOC1_PBMC_cell_CGCTTCATCCTACAGA,0,0,0
EOC1_PBMC_cell_TTATGCTGTCCCTACT,0,0,0
EOC1_PBMC_cell_TGTGTTTCACGAAAGC,0,0,0
EOC1_PBMC_cell_CCTCTGAAGGTGCACA,0,0,0
EOC1_PBMC_cell_AGCTTGAGTCGTTGTA,0,0,0
EOC1_PBMC_cell_CCGGTAGTCGATAGAA,0,0,0
EOC1_PBMC_cell_ACTGATGTCTCTAAGG,0,0,0
EOC1_PBMC_cell_GTCCTCATCAGCCTAA,0,0,0
EOC1_PBMC_cell_GTCATTTGTGAGTATA,0,0,0
EOC1_PBMC_cell_CTTAGGATCATACGGT,0,0,0
EOC1_PBMC_cell_CGCCAAGGTTATTCTC,0,0,0
EOC1_PBMC_cell_TTTACTGAGGCTCATT,0,0,0
EOC1_PBMC_cell_ATCATGGGTAAGTGTA,0,0,0
EOC1_PBMC_cell_ACTGTCCTCTGTCAAG,0,0,0
EOC1_PBMC_cell_CCGGGATCAAGTAGTA,0,0,0
EOC1_PBMC_cell_TCAGGATAGTCTCGGC,0,0,0
EOC1_PBMC_cell_GCCAAATTCTGTCAAG,0,0,0
EOC1_PBMC_cell_GCATACAAGTCAAGGC,0,0,0
EOC1_PBMC_cell_CTGTGCTCAGATCTGT,0,0,0
EOC1_PBMC_cell_CGCTGGATCACATACG,0,0,0
EOC1_PBMC_cell_ATCTACTCAATAAGCA,0,0,0
EOC1_PBMC_cell_GTAACTGCATTCTTAC,0,0,0
EOC1_PBMC_cell_GCAGTTACATACCATG,0,0,0
EOC1_PBMC_cell_GTTCGGGAGTGGCACA,0,0,0
EOC1_PBMC_cell_CGTTCTGTCCGGCACA,0,0,0
EOC1_PBMC_cell_CGCGGTACATTAGGCT,0,0,0
EOC1_PBMC_cell_AAGGAGCGTCACTGGC,0,0,0
EOC1_PBMC_cell_GTTAAGCGTGCAGGTA,0,0,0
EOC1_PBMC_cell_CTTGGCTTCGTTTATC,0,0,0
EOC1_PBMC_cell_AAGGTTCTCCTTGACC,0,0,0
EOC1_PBMC_cell_GCATGCGTCAAGCCTA,0,0,0
EOC1_PBMC_cell_ACGGGTCAGAGCCTAG,0,0,0
EOC1_PBMC_cell_ACTGTCCGTTACGCGC,0,0,0
EOC1_PBMC_cell_GGACGTCAGCGTTTAC,0,0,0
EOC1_PBMC_cell_GCAATCAAGTCACGCC,0,0,0
EOC1_PBMC_cell_GGACAGAGTAGCGTAG,0,0,0
EOC1_PBMC_cell_TTGCCGTTCGGATGGA,0,0,0
EOC1_PBMC_cell_GATCGATAGTGAACGC,0,0,0
EOC1_PBMC_cell_GTGTGCGGTACTTGAC,0,0,0
EOC1_PBMC_cell_GAACCTAGTTGTGGAG,0,0,0
EOC1_PBMC_cell_CGACTTCGTTCCCGAG,0,0,0
EOC1_PBMC_cell_TATCAGGAGACGCACA,0,0,0
EOC1_PBMC_cell_TCGAGGCCACCGTTGG,0,0,0
EOC1_PBMC_cell_CCACCTAGTCGAACAG,0,0,0
EOC1_PBMC_cell_GCCTCTAGTCTAGGTT,0,0,0
EOC1_PBMC_cell_CCGGTAGTCATGCTCC,0,0,0
EOC1_PBMC_cell_TGAAAGAGTTGAACTC,0,0,0
EOC1_PBMC_cell_GCGGGTTAGGAGTTTA,0,0,0
EOC1_PBMC_cell_GTGTTAGAGTGTTAGA,0,0,0
EOC1_PBMC_cell_TGAGAGGGTGGCAAAC,0,0,0
EOC1_PBMC_cell_CTGCGGAGTCCCTTGT,0,0,0
EOC1_PBMC_cell_AGGTCATAGGGAGTAA,0,0,0
EOC1_PBMC_cell_TGATTTCCAGCAGTTT,0,0,0
EOC1_PBMC_cell_TGCTACCGTCATATCG,0,0,0
EOC1_PBMC_cell_TCTTTCCGTACCCAAT,0,0,0
EOC1_PBMC_cell_ACTTGTTTCTCACATT,0,0,0
EOC1_PBMC_cell_GAGTCCGCAGCTCCGA,0,0,0
EOC1_PBMC_cell_TCAGGTAAGCGCCTTG,0,0,0
EOC1_PBMC_cell_CGTGTAATCTATCCTA,0,0,0
EOC1_PBMC_cell_AGCGTATGTCCGAATT,0,0,0
EOC1_PBMC_cell_TGCGGGTTCTCGAGTA,0,0,0
EOC1_PBMC_cell_TCTTTCCTCACCCTCA,0,0,0
EOC1_PBMC_cell_CTCAGAACATTAACCG,0,0,0
EOC1_PBMC_cell_GATCAGTGTACTTGAC,0,0,0
EOC1_PBMC_cell_GACCAATTCAGCCTAA,0,0,0
EOC1_PBMC_cell_TGCGTGGTCGCATGAT,0,0,0
EOC1_PBMC_cell_GGCTCGAGTCTGATTG,0,0,0
EOC1_PBMC_cell_CTGAAGTGTCTAGAGG,0,0,0
EOC1_PBMC_cell_CTTTGCGTCCAGTAGT,0,0,0
EOC1_PBMC_cell_TAGTTGGCAGCCTGTG,0,0,0
EOC1_PBMC_cell_CTGATAGGTCTACCTC,0,0,0
EOC1_PBMC_cell_CGAATGTAGACTGTAA,0,0,0
EOC1_PBMC_cell_ATCATCTGTAACGCGA,0,0,0
EOC1_PBMC_cell_AGAGCGAAGGCTACGA,0,0,0
EOC1_PBMC_cell_AGGGATGCATCACCCT,0,0,0
EOC1_PBMC_cell_TATGCCCAGGGTTCCC,0,0,0
EOC1_PBMC_cell_TGAGCATAGCGTCAAG,0,0,0
EOC1_PBMC_cell_GCAATCAGTTGCTCCT,0,0,0
EOC1_PBMC_cell_GGGATGAAGAAGGCCT,0,0,0
EOC1_PBMC_cell_ATGCGATGTAGCGCAA,0,0,0
EOC1_PBMC_cell_GAACCTATCTCCTATA,0,0,0
EOC1_PBMC_cell_TCATTTGCACAGCCCA,0,0,0
EOC1_PBMC_cell_ACGTCAAGTTACCGAT,0,0,0
EOC1_PBMC_cell_TGCCCTAGTTATCGGT,0,0,0
EOC1_PBMC_cell_TACTTACTCCTCATTA,0,0,0
EOC1_PBMC_cell_CCTCTGAGTCGGCATC,0,0,0
EOC1_PBMC_cell_TCCCGATAGTTACGGG,0,0,0
EOC1_PBMC_cell_GTTACAGTCTAACCGA,0,0,0
EOC1_PBMC_cell_AACACGTGTAAGCACG,0,0,0
EOC1_PBMC_cell_ATTTCTGAGGGTTCCC,0,0,0
EOC1_PBMC_cell_TATCAGGTCGCTTAGA,0,0,0
EOC1_PBMC_cell_AGGCCACCACAGTCGC,0,0,0
EOC1_PBMC_cell_TACTCATTCACGACTA,0,0,0
EOC1_PBMC_cell_TCTATTGCAGCCTGTG,0,0,0
EOC1_PBMC_cell_TGGTTAGGTGGCCCTA,0,0,0
EOC1_PBMC_cell_CCTCTGAAGCGTTTAC,0,0,0
EOC1_PBMC_cell_GCTGCTTTCCGGGTGT,0,0,0
EOC1_PBMC_cell_CTACACCAGAGTACAT,0,0,0
EOC1_PBMC_cell_CAGCTAAGTCCCTACT,0,0,0
EOC1_PBMC_cell_AGTAGTCGTAGTGAAT,0,0,0
EOC1_PBMC_cell_CAACCTCAGCGTAATA,0,0,0
EOC1_PBMC_cell_TGCGCAGTCGGTTCGG,0,0,0
EOC1_PBMC_cell_GACGTTAAGTAACCCT,0,0,0
EOC1_PBMC_cell_AGGCCGTAGCGTGAGT,0,0,0
EOC1_PBMC_cell_CGTGAGCCATAGACTC,0,0,0
EOC1_PBMC_cell_GATGAGGAGAAACCTA,0,0,0
EOC1_PBMC_cell_TGGCGCAAGCTAGGCA,0,0,0
EOC1_PBMC_cell_TTGAACGGTAGCACGA,0,0,0
EOC1_PBMC_cell_TTGCGTCAGCCACGCT,0,0,0
EOC1_PBMC_cell_TGACAACTCGTCCAGG,0,0,0
EOC1_PBMC_cell_GAACCTATCTTGAGGT,0,0,0
EOC1_PBMC_cell_TAGTGGTGTAACGCGA,0,0,0
EOC1_PBMC_cell_CAGGTGCTCACGCATA,0,0,0
EOC1_PBMC_cell_GCTTCCAGTCGGATCC,0,0,0
EOC1_PBMC_cell_AGGGAGTTCTGCTGCT,0,0,0
EOC1_PBMC_cell_TTGACTTCAAGGACTG,0,0,0
EOC1_PBMC_cell_ACACCAACACGGTAGA,0,0,0
EOC1_PBMC_cell_TAGCCGGCACATTAGC,0,0,0
EOC1_PBMC_cell_TGACTAGAGTCCAGGA,0,0,0
EOC1_PBMC_cell_AGGGTGAGTGTTGGGA,0,0,0
EOC1_PBMC_cell_GTACTCCTCTTGTCAT,0,0,0
EOC1_PBMC_cell_GGACATTCATCGGTTA,0,0,0
EOC1_PBMC_cell_CGTGTCTGTAACGTTC,0,0,0
EOC1_PBMC_cell_ACTGTCCGTAGCAAAT,0,0,0
EOC1_PBMC_cell_GATTCAGCAAACCCAT,0,0,0
EOC1_PBMC_cell_CATGACACAGCTGTTA,0,0,0
EOC1_PBMC_cell_TAAGTGCTCAGCGATT,0,0,0
EOC1_PBMC_cell_AAGTCTGCACACCGAC,0,0,0
EOC1_PBMC_cell_AGCTTGAGTGTTTGGT,0,0,0
EOC1_PBMC_cell_TAGACCAAGTTAACGA,0,0,0
EOC1_PBMC_cell_TTTGGTTAGTCCATAC,0,0,0
EOC1_PBMC_cell_TTAACTCTCGTTGACA,0,0,0
EOC1_PBMC_cell_TCTATTGCACTATCTT,0,0,0
EOC1_PBMC_cell_TGTGGTACATATGGTC,0,0,0
EOC1_PBMC_cell_AACTCCCAGAGCCCAA,0,0,0
EOC1_PBMC_cell_TGGCTGGAGGCATGTG,0,0,0
EOC1_PBMC_cell_TCAGATGGTTCTGAAC,0,0,0
EOC1_PBMC_cell_CCGTACTGTATCTGCA,0,0,0
EOC1_PBMC_cell_ATGAGGGGTAAGTGTA,0,0,0
EOC1_PBMC_cell_TGAGAGGAGTACCGGA,0,0,0
EOC1_PBMC_cell_ACACCGGTCTGGCGAC,0,0,0
EOC1_PBMC_cell_GCTGGGTAGTGGCACA,0,0,0
EOC1_PBMC_cell_ACATGGTTCAGGTTCA,0,0,0
EOC1_PBMC_cell_CAAGGCCAGAGTAATC,0,0,0
EOC1_PBMC_cell_CTCGTCAAGACAAGCC,0,0,0
EOC1_PBMC_cell_CATCCACTCCCTAACC,0,0,0
EOC1_PBMC_cell_TGCTGCTTCCCTCTTT,0,0,0
EOC1_PBMC_cell_TCGCGTTCAAATCCGT,0,0,0
EOC1_PBMC_cell_TGAGCATAGGTCATCT,0,0,0
EOC1_PBMC_cell_AGCGGTCGTGGAAAGA,0,0,0
EOC1_PBMC_cell_TATCTCAGTTCGTGAT,0,0,0
EOC1_PBMC_cell_GCGGGTTTCATGGTCA,0,0,0
EOC1_PBMC_cell_ACTTGTTGTGTAATGA,0,0,0
EOC1_PBMC_cell_TACCTATCAGCCACCA,0,0,0
EOC1_PBMC_cell_AGGCCACTCTTGAGAC,0,0,0
EOC1_PBMC_cell_GACACGCGTCCAGTTA,0,0,0
EOC1_PBMC_cell_GTACTCCTCGAGGTAG,0,0,0
EOC1_PBMC_cell_CTACGTCAGGGATCTG,0,0,0
EOC1_PBMC_cell_CACAAACTCGGTCTAA,0,0,0
EOC1_PBMC_cell_GGCGACTGTTCAGGCC,0,0,0
EOC1_PBMC_cell_ATCTACTCACGCCAGT,0,0,0
EOC1_PBMC_cell_CTCATTAGTCGGATCC,0,0,0
EOC1_PBMC_cell_CGATGTACAATCAGAA,0,0,0
EOC1_PBMC_cell_ATTATCCAGTTAAGTG,0,0,0
EOC1_PBMC_cell_ATCATCTAGATAGCAT,0,0,0
EOC1_PBMC_cell_CCACTACAGGCATTGG,0,0,0
EOC1_PBMC_cell_TTTGCGCGTCTAGGTT,0,0,0
EOC1_PBMC_cell_CTTAGGACAACTGCGC,0,0,0
EOC1_PBMC_cell_GTTCGGGTCCGCGCAA,0,0,0
EOC1_PBMC_cell_CGACTTCAGGAATTAC,0,0,0
EOC1_PBMC_cell_ATAACGCAGCTCTCGG,0,0,0
EOC1_PBMC_cell_GTACTCCAGCTAGTTC,0,0,0
EOC1_PBMC_cell_TTTGCGCTCCATGAAC,0,0,0
EOC1_PBMC_cell_CCAATCCTCCACTCCA,0,0,0
EOC1_PBMC_cell_CAAGGCCTCAAACGGG,0,0,0
EOC1_PBMC_cell_TCAACGAGTTATTCTC,0,0,0
EOC1_PBMC_cell_AATCGGTGTTCCATGA,0,0,0
EOC1_PBMC_cell_CCACTACTCGCAAACT,0,0,0
EOC1_PBMC_cell_TCCCGATTCCTTTACA,0,0,0
EOC1_PBMC_cell_CACCACTCAGTAGAGC,0,0,0
EOC1_PBMC_cell_GCTTGAAAGTAGGTGC,0,0,0
EOC1_PBMC_cell_ACTTACTCAACACCCG,0,0,0
EOC1_PBMC_cell_TTTCCTCGTCGCGTGT,0,0,0
EOC1_PBMC_cell_TCTCATAAGTGTACTC,0,0,0
EOC1_PBMC_cell_TACTTGTCACCTTGTC,0,0,0
EOC1_PBMC_cell_CTGATCCCATGCGCAC,0,0,0
EOC1_PBMC_cell_TGTTCCGAGTCCGTAT,0,0,0
EOC1_PBMC_cell_GTACGTAGTTCCAACA,0,0,0
EOC1_PBMC_cell_CTACATTCACAGACTT,0,0,0
EOC1_PBMC_cell_CGGAGTCTCTCTGAGA,0,0,0
EOC1_PBMC_cell_TGTATTCGTGTCAATC,0,0,0
EOC1_PBMC_cell_CGCGTTTCAGCCAGAA,0,0,0
EOC1_PBMC_cell_GATTCAGAGGCAAAGA,0,0,0
EOC1_PBMC_cell_CTGGTCTAGTCCGTAT,0,0,0
EOC1_PBMC_cell_CTTTGCGCACATTCGA,0,0,0
EOC1_PBMC_cell_GAAGCAGGTAGTAGTA,0,0,0
EOC1_PBMC_cell_AACTGGTTCGGCGCTA,0,0,0
EOC1_PBMC_cell_TGGCGCACAGATTGCT,0,0,0
EOC1_PBMC_cell_ACGGAGATCTCATTCA,0,0,0
EOC1_PBMC_cell_ATCATCTGTTACAGAA,0,0,0
EOC1_PBMC_cell_TTCTTAGCACCAGGCT,0,0,0
EOC1_PBMC_cell_CCCAGTTAGATAGGAG,0,0,0
EOC1_PBMC_cell_AGCATACGTTCTGGTA,0,0,0
EOC1_PBMC_cell_CTGTGCTAGCACCGTC,0,0,0
EOC1_PBMC_cell_CCACGGAAGATATGGT,0,0,0
EOC1_PBMC_cell_ATGAGGGTCATGCTCC,0,0,0
EOC1_PBMC_cell_GTATTCTTCGCGATCG,0,0,0
EOC1_PBMC_cell_TTTGGTTCAATGCCAT,0,0,0
EOC1_PBMC_cell_CTGCTGTTCAGCTGGC,0,0,0
EOC1_PBMC_cell_GCATGTAAGAAACCTA,0,0,0
EOC1_PBMC_cell_GGGAATGTCAAAGACA,0,0,0
EOC1_PBMC_cell_CGGCTAGTCGCCTGAG,0,0,0
EOC1_PBMC_cell_CACATTTCAGTCAGAG,0,0,0
EOC1_PBMC_cell_TTTACTGGTTGAACTC,0,0,0
EOC1_PBMC_cell_GGGCATCTCTTGAGAC,0,0,0
EOC1_PBMC_cell_GGTGCGTCATCCGTGG,0,0,0
EOC1_PBMC_cell_CCGTTCATCTCGTTTA,0,0,0
EOC1_PBMC_cell_CGTAGGCTCAGCTTAG,0,0,0
EOC1_PBMC_cell_CTGCTGTAGCCCAACC,0,0,0
EOC1_PBMC_cell_GTGGGTCCAAGCGCTC,0,0,0
EOC1_PBMC_cell_GTATTCTTCATTATCC,0,0,0
EOC1_PBMC_cell_ATTACTCCAGTCTTCC,0,0,0
EOC1_PBMC_cell_GCTGCGAAGAGGACGG,0,0,0
EOC1_PBMC_cell_GGTATTGAGGGCTCTC,0,0,0
EOC1_PBMC_cell_TCAGGATAGCTACCGC,0,0,0
EOC1_PBMC_cell_CAGCCGAAGGTGATAT,0,0,0
EOC1_PBMC_cell_AGGGATGCAATAGCGG,0,0,0
EOC1_PBMC_cell_ACCGTAATCGACAGCC,0,0,0
EOC1_PBMC_cell_GGGAATGTCGCTAGCG,0,0,0
EOC1_PBMC_cell_TTCGAAGAGAAGGCCT,0,0,0
EOC1_PBMC_cell_TGCCCTATCTCACATT,0,0,0
EOC1_PBMC_cell_ATAAGAGAGGCGACAT,0,0,0
EOC1_PBMC_cell_TGTCCCACAGACGCAA,0,0,0
EOC1_PBMC_cell_CATTATCGTTCGTTGA,0,0,0
EOC1_PBMC_cell_CTTCTCTAGGACACCA,0,0,0
EOC1_PBMC_cell_GGCGTGTCAGGATCGA,0,0,0
EOC1_PBMC_cell_TGCACCTGTCTCTCTG,0,0,0
EOC1_PBMC_cell_CACATTTTCGTCTGCT,0,0,0
EOC1_PBMC_cell_CGGAGTCCAAACCTAC,0,0,0
EOC1_PBMC_cell_GGCAATTAGTTTGCGT,0,0,0
EOC1_PBMC_cell_GATTCAGTCTCCAACC,0,0,0
EOC1_PBMC_cell_CCATGTCCAAATCCGT,0,0,0
EOC1_PBMC_cell_CTACCCACAGCGATCC,0,0,0
EOC1_PBMC_cell_CGATCGGTCTGCGACG,0,0,0
EOC1_PBMC_cell_GCTCCTAAGACATAAC,0,0,0
EOC1_PBMC_cell_GTGCTTCAGGTGCTTT,0,0,0
EOC1_PBMC_cell_TTAGGACCACTATCTT,0,0,0
EOC1_PBMC_cell_GAACCTACATGGTAGG,0,0,0
EOC1_PBMC_cell_CGAGCCACAGACACTT,0,0,0
EOC1_PBMC_cell_GGGTCTGCAAAGTCAA,0,0,0
EOC1_PBMC_cell_GTTCATTCACGCCAGT,0,0,0
EOC1_PBMC_cell_GAACCTACAGCGATCC,0,0,0
EOC1_PBMC_cell_CTGAAACAGCACAGGT,0,0,0
EOC1_PBMC_cell_GTCGGGTGTGGGTCAA,0,0,0
EOC1_PBMC_cell_GGCGTGTTCCTCTAGC,0,0,0
EOC1_PBMC_cell_TGCTGCTTCCTGCTTG,0,0,0
EOC1_PBMC_cell_CAAGAAATCAGAGACG,0,0,0
EOC1_PBMC_cell_CGCTTCAGTGCGATAG,0,0,0
EOC1_PBMC_cell_GGATGTTTCTCTGTCG,0,0,0
EOC1_PBMC_cell_ACGCCGACACATCTTT,0,0,0
EOC1_PBMC_cell_ATAACGCTCTTTAGTC,0,0,0
EOC1_PBMC_cell_CAGGTGCCAGGCAGTA,0,0,0
EOC1_PBMC_cell_CAGCGACCAGCCTGTG,0,0,0
EOC1_PBMC_cell_TGCCAAAGTGCAGGTA,0,0,0
EOC1_PBMC_cell_CGCTATCGTCGCATAT,0,0,0
EOC1_PBMC_cell_TAGTTGGAGTGTCCCG,0,0,0
EOC1_PBMC_cell_CAGAGAGCAAGCGTAG,0,0,0
EOC1_PBMC_cell_TGAAAGATCGTTTATC,0,0,0
EOC1_PBMC_cell_TGGACGCGTTCCAACA,0,0,0
EOC1_PBMC_cell_TTCCCAGTCAATACCG,0,0,0
EOC1_PBMC_cell_CTTAGGATCACTATTC,0,0,0
EOC1_PBMC_cell_TCTCTAACAGGATTGG,0,0,0
EOC1_PBMC_cell_TCCACACTCCGCATCT,0,0,0
EOC1_PBMC_cell_GTCACGGAGCTAGTTC,0,0,0
EOC1_PBMC_cell_CACACAATCCGGCACA,0,0,1
EOC1_PBMC_cell_TCCACACCACGTCTCT,0,0,0
EOC1_PBMC_cell_GGCTCGAAGTTCCACA,0,0,0
EOC1_PBMC_cell_CTAGCCTTCCGGCACA,0,0,0
EOC1_PBMC_cell_CCCTCCTCAGCGATCC,0,0,0
EOC1_PBMC_cell_CATGCCTTCATAACCG,0,0,0
EOC1_PBMC_cell_GATGAAAAGACCTAGG,0,0,0
EOC1_PBMC_cell_CGGCTAGAGGTGTTAA,0,0,0
EOC1_PBMC_cell_GCTGGGTAGGTGTGGT,0,0,0
EOC1_PBMC_cell_TGCCAAAGTATGCTTG,0,0,0
EOC1_PBMC_cell_CCTTCGAGTCAAAGAT,0,0,0
EOC1_PBMC_cell_GAATGAATCAACACCA,0,0,0
EOC1_PBMC_cell_TCGCGAGCACGACTCG,0,0,0
EOC1_PBMC_cell_TGCACCTAGACTTGAA,0,0,0
EOC1_PBMC_cell_GCGCGATCACCGGAAA,0,0,0
EOC1_PBMC_cell_GGGCATCAGGAGTAGA,0,0,0
EOC1_PBMC_cell_GTCTCGTTCGCAAGCC,0,0,0
EOC1_PBMC_cell_AAGGTTCCAATCGGTT,0,0,0
EOC1_PBMC_cell_AGCGGTCTCTATGTGG,0,0,0
EOC1_PBMC_cell_CTAACTTCACCATCCT,0,0,0
EOC1_PBMC_cell_TAAACCGCATGAACCT,0,0,0
EOC1_PBMC_cell_CTCTAATGTCAAGCGA,0,0,0
EOC1_PBMC_cell_GGTGTTAGTCGACTAT,0,0,0
EOC1_PBMC_cell_GTTCATTTCTGTTTGT,0,0,0
EOC1_PBMC_cell_CTTAACTTCGACGGAA,0,0,0
EOC1_PBMC_cell_GTTACAGTCTCTTATG,0,0,0
EOC1_PBMC_cell_TGCCCTAGTTGAGGTG,0,0,0
EOC1_PBMC_cell_GAAGCAGAGCTAGTGG,0,0,0
EOC1_PBMC_cell_TGGCCAGGTGTATGGG,0,0,0
EOC1_PBMC_cell_GATGCTACAGTCCTTC,0,0,0
EOC1_PBMC_cell_TACCTTAGTCGAGATG,0,0,0
EOC1_PBMC_cell_CGACCTTAGGGTATCG,0,0,0
EOC1_PBMC_cell_ATTACTCAGTGCCAGA,0,0,0
EOC1_PBMC_cell_CCTCAGTCAGCTGCAC,0,0,0
EOC1_PBMC_cell_TGCGTGGGTCGAAAGC,0,0,0
EOC1_PBMC_cell_GATCGTAGTCGCTTTC,0,0,0
EOC1_PBMC_cell_CCGGTAGGTCGGCATC,0,0,0
EOC1_PBMC_cell_GATCGCGGTGACCAAG,0,0,0
EOC1_PBMC_cell_CTCGTCAGTCGGCATC,0,0,0
EOC1_PBMC_cell_GAACATCAGACGACGT,0,0,0
EOC1_PBMC_cell_GGACAAGCACCATCCT,0,0,0
EOC1_PBMC_cell_ACGCCGAAGGCCATAG,0,0,0
EOC1_PBMC_cell_CCTTACGCAAGGACTG,0,0,0
EOC1_PBMC_cell_AGGGATGCACAACGTT,0,0,0
EOC1_PBMC_cell_GTGTGCGCAAGGACAC,0,0,0
EOC1_PBMC_cell_ATTCTACGTCCTCTTG,0,0,0
EOC1_PBMC_cell_TATGCCCGTATCACCA,0,0,0
EOC1_PBMC_cell_AGTAGTCCACGAGGTA,0,0,0
EOC1_PBMC_cell_TAGCCGGTCAGTCCCT,0,0,0
EOC1_PBMC_cell_GGGACCTAGCAGCCTC,0,0,0
EOC1_PBMC_cell_GAAATGATCGATGAGG,0,0,0
EOC1_PBMC_cell_CGGACGTAGGCTAGAC,0,0,0
EOC1_PBMC_cell_GTATTCTCACGGCCAT,0,0,0
EOC1_PBMC_cell_TACCTATAGCTTATCG,0,0,0
EOC1_PBMC_cell_TATGCCCCAGGCTGAA,0,0,0
EOC1_PBMC_cell_TAGAGCTTCTACTTAC,0,0,0
EOC1_PBMC_cell_CGTCCATCATGTAAGA,0,0,0
EOC1_PBMC_cell_GAAATGAAGAATTCCC,0,0,1
EOC1_PBMC_cell_CGTTCTGTCTATCCTA,0,0,0
EOC1_PBMC_cell_AAGGAGCTCCCAGGTG,0,0,0
EOC1_PBMC_cell_ATCATGGCAGTGGGAT,0,0,0
EOC1_PBMC_cell_AACTCTTTCTGATTCT,0,0,0
EOC1_PBMC_cell_AAACGGGGTCTAAAGA,0,0,0
EOC1_PBMC_cell_GAACGGAAGCCTATGT,0,0,0
EOC1_PBMC_cell_AACTCAGTCCCGGATG,0,0,0
EOC1_PBMC_cell_CAGAGAGTCAAAGTAG,0,0,0
EOC1_PBMC_cell_CCGTACTCACCGTTGG,0,0,0
EOC1_PBMC_cell_TCGAGGCAGCTCCTCT,0,0,0
EOC1_PBMC_cell_TTGCGTCTCTTGTTTG,0,0,0
EOC1_PBMC_cell_AGAGCTTCACGCATCG,0,0,0
EOC1_PBMC_cell_CCGTGGATCTAGCACA,0,0,0
EOC1_PBMC_cell_AGCTTGACAATGACCT,0,0,0
EOC1_PBMC_cell_TCGTACCAGAGAGCTC,0,0,0
EOC1_PBMC_cell_CATATGGCACCGATAT,0,0,0
EOC1_PBMC_cell_AAACCTGAGAAGGCCT,0,0,0
EOC1_PBMC_cell_GCGCAACTCTTATCTG,0,0,0
EOC1_PBMC_cell_GTGTGCGAGGACTGGT,0,0,0
EOC1_PBMC_cell_CACTCCATCGTGGTCG,0,0,0
EOC1_PBMC_cell_CTCAGAAAGTACGATA,0,0,0
EOC1_PBMC_cell_CCTTACGCATTCACTT,0,0,0
EOC1_PBMC_cell_AAGGCAGCAATGTTGC,0,0,0
EOC1_PBMC_cell_GTAGTCAGTCTTGCGG,0,0,0
EOC1_PBMC_cell_CCTCTGATCGTTTATC,0,0,0
EOC1_PBMC_cell_CCGTGGATCCACGTGG,0,0,0
EOC1_PBMC_cell_TCACAAGGTCGATTGT,0,0,0
EOC1_PBMC_cell_CACAAACAGGCCGAAT,0,0,0
EOC1_PBMC_cell_GACGTGCGTAAAGGAG,0,0,0
EOC1_PBMC_cell_TCGCGAGAGGACGAAA,0,0,0
EOC1_PBMC_cell_TCGAGGCCAATAAGCA,0,0,0
EOC1_PBMC_cell_AGCATACTCTTACCGC,0,0,0
EOC1_PBMC_cell_CGCTTCACACGAGGTA,0,0,0
EOC1_PBMC_cell_ATAGACCGTCGAACAG,0,0,0
EOC1_PBMC_cell_ACCGTAACAGTGGGAT,0,0,0
EOC1_PBMC_cell_AACCGCGCACGGTAAG,0,0,0
EOC1_PBMC_cell_CAGCCGAGTGAAAGAG,0,0,0
EOC1_PBMC_cell_CACCACTCATCAGTCA,0,0,0
EOC1_PBMC_cell_GTACTCCAGAAGCCCA,0,0,0
EOC1_PBMC_cell_AGTAGTCCATTAACCG,0,0,0
EOC1_PBMC_cell_AGAGCGATCAGCGATT,0,0,0
EOC1_PBMC_cell_CTAGTGACAGCGAACA,0,0,0
EOC1_PBMC_cell_GCGCCAAAGCTATGCT,0,0,0
EOC1_PBMC_cell_GAACCTAGTGTGACCC,0,0,0
EOC1_PBMC_cell_GATCAGTAGCAGCCTC,0,0,0
EOC1_PBMC_cell_TACCTATAGACAAAGG,0,0,0
EOC1_PBMC_cell_CTCATTATCCACGAAT,0,0,0
EOC1_PBMC_cell_TATCAGGCATGTCCTC,0,0,0
EOC1_PBMC_cell_CATCGGGGTTGACGTT,0,0,0
EOC1_PBMC_cell_CGGAGTCAGAGGTAGA,0,0,0
EOC1_PBMC_cell_TTCTCAAGTAGAGCTG,0,0,0
EOC1_PBMC_cell_GGATTACAGGACATTA,0,0,0
EOC1_PBMC_cell_AAAGTAGAGAGACGAA,0,0,0
EOC1_PBMC_cell_TCGTAGATCCTCAATT,0,0,0
EOC1_PBMC_cell_TGTTCCGTCGTCCGTT,0,0,0
EOC1_PBMC_cell_ATGAGGGCATCCGCGA,0,0,0
EOC1_PBMC_cell_GCTGGGTCAGATGGCA,0,0,0
EOC1_PBMC_cell_AAACCTGCACCAGCAC,0,0,0
EOC1_PBMC_cell_ACGCCAGAGCCGCCTA,0,0,0
EOC1_PBMC_cell_CAGCCGACAGGGCATA,0,0,0
EOC1_PBMC_cell_TCAATCTAGCTGCAAG,0,0,0
EOC1_PBMC_cell_AGGGATGTCACTTACT,0,0,0
EOC1_PBMC_cell_TGTGTTTAGGCTCTTA,0,0,0
EOC1_PBMC_cell_TTCCCAGAGGGATACC,0,0,0
EOC1_PBMC_cell_CTCGGGACACCGATAT,0,0,0
EOC1_PBMC_cell_CCACTACTCGATCCCT,0,0,0
EOC1_PBMC_cell_AGTCTTTTCCGTAGTA,0,0,0
EOC1_PBMC_cell_CCTCTGATCCGTAGGC,0,0,0
EOC1_PBMC_cell_AGGGAGTGTTTGGCGC,0,0,0
EOC1_PBMC_cell_CAGAGAGTCTTAACCT,0,0,0
EOC1_PBMC_cell_AAGGAGCAGCCCGAAA,0,0,0
EOC1_PBMC_cell_AAGGTTCTCACAATGC,0,0,0
EOC1_PBMC_cell_CTACATTGTCCGCTGA,0,0,0
EOC1_PBMC_cell_ACCGTAATCTAACTGG,0,0,0
EOC1_PBMC_cell_ACGGGCTCAATCACAC,0,0,0
EOC1_PBMC_cell_GATCAGTGTATTACCG,0,0,0
EOC1_PBMC_cell_CTCATTAGTTATGTGC,0,0,0
EOC1_PBMC_cell_GCAAACTAGCCCAGCT,0,0,0
EOC1_PBMC_cell_AGAGTGGCATCGATGT,0,0,0
EOC1_PBMC_cell_CTCAGAATCTCGATGA,0,0,0
EOC1_PBMC_cell_CTCTACGCATCTCGCT,0,0,0
EOC1_PBMC_cell_CGGGTCACATCCAACA,0,0,0
EOC1_PBMC_cell_TCAGGTATCGGAGCAA,0,0,0
EOC1_PBMC_cell_CTCGTACAGACTAGGC,0,0,0
EOC1_PBMC_cell_GCTTGAATCTTGTTTG,0,0,0
EOC1_PBMC_cell_CATGACATCATCTGTT,0,0,0
EOC1_PBMC_cell_TGGACGCAGCCGATTT,0,0,0
EOC1_PBMC_cell_TGACAACCATCGATGT,0,0,0
EOC1_PBMC_cell_CTAACTTAGCCTCGTG,0,0,0
EOC1_PBMC_cell_TGGCTGGTCTTCATGT,0,0,0
EOC1_PBMC_cell_TGCCCTAAGTGGCACA,0,0,0
EOC1_PBMC_cell_CTGCGGAAGAGAGCTC,0,0,0
EOC1_PBMC_cell_CAGCATAGTTGGGACA,0,0,0
EOC1_PBMC_cell_TATGCCCCAAACTGTC,0,0,0
EOC1_PBMC_cell_CTACACCTCTTTAGTC,0,0,0
EOC1_PBMC_cell_TACTCATTCTACTCAT,0,0,0
EOC1_PBMC_cell_AGCTCCTGTTCGAATC,0,0,0
EOC1_PBMC_cell_GTATCTTTCGGTCCGA,0,0,0
EOC1_PBMC_cell_GGATTACGTCATCGGC,0,0,0
EOC1_PBMC_cell_CAGGTGCGTGCACCAC,0,0,0
EOC1_PBMC_cell_CACCACTAGGGATCTG,0,0,0
EOC1_PBMC_cell_CGAACATCAACACGCC,0,0,0
EOC1_PBMC_cell_AGTGGGAAGAGCTGCA,0,0,0
EOC1_PBMC_cell_TACTCATTCAAGATCC,0,0,0
EOC1_PBMC_cell_GGGCACTTCTAACCGA,0,0,0
EOC1_PBMC_cell_GTATCTTTCCGTAGTA,0,0,0
EOC1_PBMC_cell_AGCGTATGTGTAATGA,0,0,0
EOC1_PBMC_cell_TATTACCGTTAAGTAG,0,0,0
EOC1_PBMC_cell_TCACGAACAAGCTGGA,0,0,0
EOC1_PBMC_cell_CCTTTCTCACTTCTGC,0,0,0
EOC1_PBMC_cell_CGCCAAGAGAGAACAG,0,0,0
EOC1_PBMC_cell_CGTGTAAAGCTGATAA,0,0,0
EOC1_PBMC_cell_TATGCCCTCTTGCATT,0,0,0
EOC1_PBMC_cell_CACAAACTCCTTAATC,0,0,0
EOC1_PBMC_cell_TATTACCTCTAACGGT,0,0,0
EOC1_PBMC_cell_GCGCCAAAGTGTTAGA,0,0,0
EOC1_PBMC_cell_GATCGTATCTAACTTC,0,0,0
EOC1_PBMC_cell_CTTGGCTGTTAAAGAC,0,0,0
EOC1_PBMC_cell_CTCGTCAGTCATGCCG,0,0,0
EOC1_PBMC_cell_CTGATCCAGTACTTGC,0,0,0
EOC1_PBMC_cell_GTCTTCGTCCTATTCA,0,0,0
EOC1_PBMC_cell_TCACAAGGTCTCTCGT,0,0,0
EOC1_PBMC_cell_TAAGCGTGTCGGGTCT,0,0,0
EOC1_PBMC_cell_TGTGTTTCATATGCTG,0,0,0
EOC1_PBMC_cell_TTTCCTCCATCGGGTC,0,0,0
EOC1_PBMC_cell_CTCGAGGCATTAACCG,0,0,0
EOC1_PBMC_cell_GGTGTTAGTGCAACGA,0,0,0
EOC1_PBMC_cell_TCTTTCCTCTTAGAGC,0,0,0
EOC1_PBMC_cell_ACGCCAGCACGTCAGC,0,0,0
EOC1_PBMC_cell_GCGCAGTCATGTTCCC,0,0,0
EOC1_PBMC_cell_GGGTCTGAGTTCCACA,0,0,0
EOC1_PBMC_cell_GCGCGATAGACCGGAT,0,0,0
EOC1_PBMC_cell_CTCTAATTCTGCTGTC,0,0,0
EOC1_PBMC_cell_CTAAGACTCTTCTGGC,0,0,0
EOC1_PBMC_cell_GCGCGATAGTTGTCGT,0,0,0
EOC1_PBMC_cell_GATTCAGAGACAGACC,0,0,0
EOC1_PBMC_cell_ACTATCTTCCTATTCA,0,0,0
EOC1_PBMC_cell_CATCAGAAGAGTAAGG,0,0,0
EOC1_PBMC_cell_ATGAGGGGTGCTGTAT,0,0,0
EOC1_PBMC_cell_CAGATCATCTTTCCTC,0,0,0
EOC1_PBMC_cell_AACCGCGAGTGCTGCC,0,0,0
EOC1_PBMC_cell_ACGCAGCTCCTAGGGC,0,0,0
EOC1_PBMC_cell_ACGGGTCAGCCCAATT,0,0,0
EOC1_PBMC_cell_AGTGAGGTCTCTGTCG,0,0,0
EOC1_PBMC_cell_AGACGTTCAAGTCTAC,0,0,0
EOC1_PBMC_cell_AGTTGGTAGCGTTGCC,0,0,0
EOC1_PBMC_cell_AAATGCCAGTACGCGA,0,0,0
EOC1_PBMC_cell_GAACCTAAGCTGATAA,0,0,0
EOC1_PBMC_cell_ACTATCTGTAGGGTAC,0,0,0
EOC1_PBMC_cell_CATGCCTAGGATGCGT,0,0,0
EOC1_PBMC_cell_CTCGAAACACCAGATT,0,0,0
EOC1_PBMC_cell_TAGACCATCAACCATG,0,0,0
EOC1_PBMC_cell_TGACTTTTCAGCTTAG,0,0,0
EOC1_PBMC_cell_AGGCCGTAGGCTAGCA,0,0,0
EOC1_PBMC_cell_TGCACCTGTCGCTTCT,0,0,0
EOC1_PBMC_cell_AGTAGTCCATCGACGC,0,0,0
EOC1_PBMC_cell_AGCCTAACAAGCTGTT,0,0,0
EOC1_PBMC_cell_TGGGAAGCAGTCGATT,0,0,0
EOC1_PBMC_cell_AGCTCCTCAAGCCTAT,0,0,0
EOC1_PBMC_cell_AACACGTCATGCCTAA,0,0,0
EOC1_PBMC_cell_CAGTAACTCAGAAATG,0,0,0
EOC1_PBMC_cell_GCAGTTAGTGCTGTAT,0,0,0
EOC1_PBMC_cell_GACGTTATCGGTGTTA,0,0,0
EOC1_PBMC_cell_TTTCCTCAGTATCTCG,0,0,0
EOC1_PBMC_cell_TCTCTAATCACCACCT,0,0,0
EOC1_PBMC_cell_GTGTTAGAGTGAACAT,0,0,0
EOC1_PBMC_cell_CGGACACGTTGTCTTT,0,0,0
EOC1_PBMC_cell_GCACTCTGTGACTCAT,0,0,0
EOC1_PBMC_cell_ATTGGTGGTAGAGCTG,0,0,0
EOC1_PBMC_cell_TATCTCAGTGATGATA,0,0,0
EOC1_PBMC_cell_TGGTTCCGTACACCGC,0,0,0
EOC1_PBMC_cell_TACTCGCCAAGCCATT,0,0,0
EOC1_PBMC_cell_GGTGTTAAGACAATAC,0,0,0
EOC1_PBMC_cell_GACGTGCTCTTGCATT,0,0,0
EOC1_PBMC_cell_CCATGTCTCCTTTCTC,0,0,0
EOC1_PBMC_cell_CGACTTCGTTGGGACA,0,0,0
EOC1_PBMC_cell_ATGCGATGTAGCTCCG,0,0,0
EOC1_PBMC_cell_GCCAAATTCACCTCGT,0,0,0
EOC1_PBMC_cell_TGTGTTTAGCGAAGGG,0,0,0
EOC1_PBMC_cell_GGGTTGCTCGTGGGAA,0,0,0
EOC1_PBMC_cell_TCAGGTAAGGGTGTGT,0,0,0
EOC1_PBMC_cell_CAAGATCGTGCAACTT,0,0,0
EOC1_PBMC_cell_CGTCAGGAGTTAGGTA,0,0,0
EOC1_PBMC_cell_AGGTCATCACGGCTAC,0,0,0
EOC1_PBMC_cell_TGATTTCCACCCAGTG,0,0,0
EOC1_PBMC_cell_CGGCTAGAGTACGTTC,0,0,0
EOC1_PBMC_cell_GAAATGAGTACTCTCC,0,0,0
EOC1_PBMC_cell_GTTTCTAAGCTAGCCC,0,0,0
EOC1_PBMC_cell_GAGTCCGAGGGTTCCC,0,0,0
EOC1_PBMC_cell_ACCTTTACATCCCATC,0,0,0
EOC1_PBMC_cell_CGAACATGTGCCTGGT,0,0,0
EOC1_PBMC_cell_CGTCACTCAGACAGGT,0,0,0
EOC1_PBMC_cell_GCATGATCATATGCTG,0,0,0
EOC1_PBMC_cell_AGAGCTTCACCTGGTG,0,0,0
EOC1_PBMC_cell_CCTAGCTAGAAACGAG,0,0,0
EOC1_PBMC_cell_GCTGCGAGTACAGCAG,0,0,0
EOC1_PBMC_cell_GGGAGATAGGTTCCTA,0,0,0
EOC1_PBMC_cell_CTGTGCTAGTTCGCAT,0,0,0
EOC1_PBMC_cell_GGGAATGTCGGTGTCG,0,0,0
EOC1_PBMC_cell_TCAGCTCTCACCCGAG,0,0,0
EOC1_PBMC_cell_TACACGAAGGACAGCT,0,0,0
EOC1_PBMC_cell_CCACGGAGTGAGGGTT,0,0,0
EOC1_PBMC_cell_CTCCTAGTCCCGACTT,0,0,0
EOC1_PBMC_cell_GTCTTCGAGTACGATA,0,0,0
EOC1_PBMC_cell_CAGTAACGTGAAATCA,0,0,0
EOC1_PBMC_cell_GACGGCTGTGATGTGG,0,0,0
EOC1_PBMC_cell_ATCTACTAGTGGTCCC,0,0,0
EOC1_PBMC_cell_TGTCCCAGTCATCGGC,0,0,0
EOC1_PBMC_cell_CGTCCATAGTGAAGTT,0,0,0
EOC1_PBMC_cell_GTACGTATCGTTACAG,0,0,0
EOC1_PBMC_cell_CGACCTTAGCTAACAA,0,0,0
EOC1_PBMC_cell_CTCGAAAAGTTTCCTT,0,0,0
EOC1_PBMC_cell_TGCCCATCATAAAGGT,0,0,0
EOC1_PBMC_cell_CAGAGAGAGTACGTAA,0,0,0
EOC1_PBMC_cell_ATTCTACAGACTGGGT,0,0,0
EOC1_PBMC_cell_AACTCCCCACGGCGTT,0,0,0
EOC1_PBMC_cell_GACGCGTTCCAATGGT,0,0,0
EOC1_PBMC_cell_CGTGAGCTCGTTACAG,0,0,0
EOC1_PBMC_cell_ACTGATGGTTAAGTAG,0,0,0
EOC1_PBMC_cell_GGCTCGAGTGCACGAA,0,0,0
EOC1_PBMC_cell_GTCTTCGCAATAAGCA,0,0,0
EOC1_PBMC_cell_CTCTAATCACACCGAC,0,0,0
EOC1_PBMC_cell_CTGGTCTCAGCGTTCG,0,0,0
EOC1_PBMC_cell_AGTAGTCAGCCACTAT,0,0,0
EOC1_PBMC_cell_CACACAAGTGCACGAA,0,0,0
EOC1_PBMC_cell_TTTGGTTTCTCGCATC,0,0,0
EOC1_PBMC_cell_CGCGTTTCATATACGC,0,0,0
EOC1_PBMC_cell_AGGGTGAGTACAGCAG,0,0,0
EOC1_PBMC_cell_TCAGGATGTCATCGGC,0,0,0
EOC1_PBMC_cell_CACACCTAGTGTCTCA,0,0,0
EOC1_PBMC_cell_TTGCCGTCACAGGTTT,0,0,0
EOC1_PBMC_cell_GGATTACAGGGAAACA,0,0,0
EOC1_PBMC_cell_AAATGCCCACCGCTAG,0,0,0
EOC1_PBMC_cell_AAGGAGCCAGGATCGA,0,0,0
EOC1_PBMC_cell_GTCATTTCACCTGGTG,0,0,0
EOC1_PBMC_cell_GGGTCTGCATGCTGGC,0,0,0
EOC1_PBMC_cell_GAAGCAGGTCTTCAAG,0,0,0
EOC1_PBMC_cell_AAGTCTGGTGACAAAT,0,0,0
EOC1_PBMC_cell_CCTAAAGAGCAATATG,0,0,0
EOC1_PBMC_cell_TTTCCTCCAAGCGAGT,0,0,0
EOC1_PBMC_cell_TGGTTAGGTGCCTGCA,0,0,0
EOC1_PBMC_cell_GTCAAGTGTAAACGCG,0,0,0
EOC1_PBMC_cell_GCAGCCACATGAAGTA,0,0,0
EOC1_PBMC_cell_GAACGGAAGTGACTCT,0,0,0
EOC1_PBMC_cell_TGCACCTAGCGTGAAC,0,0,0
EOC1_PBMC_cell_GCTTCCAAGGACTGGT,0,0,0
EOC1_PBMC_cell_GATCTAGCATTCTTAC,0,0,0
EOC1_PBMC_cell_ATCCACCCACCTGGTG,0,0,0
EOC1_PBMC_cell_CGTAGGCAGGGTGTGT,0,0,0
EOC1_PBMC_cell_TTTGTCAAGCCAGGAT,0,0,0
EOC1_PBMC_cell_CGACCTTGTTAAGATG,0,0,0
EOC1_PBMC_cell_CCTCAGTGTTTCCACC,0,0,0
EOC1_PBMC_cell_TGCACCTTCTCACATT,0,0,0
EOC1_PBMC_cell_GTGCATAGTGATAAGT,0,0,0
EOC1_PBMC_cell_ATGGGAGCAGCTGCAC,0,0,0
EOC1_PBMC_cell_CGCGGTACACACGCTG,0,0,0
EOC1_PBMC_cell_GACTGCGAGGAGTCTG,0,0,0
EOC1_PBMC_cell_TGGGAAGTCAACGGGA,0,0,0
EOC1_PBMC_cell_TCTCATATCCGCTGTT,0,0,0
EOC1_PBMC_cell_AGCTTGAGTTATCGGT,0,0,0
EOC1_PBMC_cell_GCTGCAGAGACGCTTT,0,0,0
EOC1_PBMC_cell_AGGTCATGTCTAGCGC,0,0,0
EOC1_PBMC_cell_CGGCTAGCAGACAGGT,0,0,0
EOC1_PBMC_cell_TGAAAGAAGGATCGCA,0,0,0
EOC1_PBMC_cell_CGCGTTTAGGAGTTGC,0,0,0
EOC1_PBMC_cell_GTAGTCAGTCCGAATT,0,0,0
EOC1_PBMC_cell_GTTCATTAGGCGACAT,0,0,0
EOC1_PBMC_cell_CTGATCCCAATAAGCA,0,0,0
EOC1_PBMC_cell_ATCACGACAATCACAC,0,0,0
EOC1_PBMC_cell_GGCCGATCATGGATGG,0,0,0
EOC1_PBMC_cell_GGAAAGCAGAAAGTGG,0,0,0
EOC1_PBMC_cell_TTCTCCTGTTCCACTC,0,0,0
EOC1_PBMC_cell_TGTGGTAAGTCCATAC,0,0,0
EOC1_PBMC_cell_GGGACCTTCTGAGTGT,0,0,0
EOC1_PBMC_cell_GTATCTTAGACTAAGT,0,0,0
EOC1_PBMC_cell_GAACATCAGTCCATAC,0,0,0
EOC1_PBMC_cell_TCATTACTCAACCATG,0,0,0
EOC1_PBMC_cell_AGGTCCGGTTGCGCAC,0,0,0
EOC1_PBMC_cell_AAGTCTGCAGTACACT,0,0,0
EOC1_PBMC_cell_ACGGGCTCAAGCGTAG,0,0,0
EOC1_PBMC_cell_TACTCATTCACTTCAT,0,0,0
EOC1_PBMC_cell_CACATTTAGTGTCTCA,0,0,0
EOC1_PBMC_cell_CAGAATCTCCAACCAA,0,0,0
EOC1_PBMC_cell_TGAGCATCAGATGGGT,0,0,0
EOC1_PBMC_cell_AGCTTGAAGGAGTCTG,0,0,0
EOC1_PBMC_cell_ACGAGCCCAAATACAG,0,0,0
EOC1_PBMC_cell_TCGCGAGGTTTAGCTG,0,0,0
EOC1_PBMC_cell_ATAGACCCATCACGTA,0,0,0
EOC1_PBMC_cell_TCACGAACAACACCTA,0,0,0
EOC1_PBMC_cell_TGAGCCGCATAGACTC,0,0,0
EOC1_PBMC_cell_GCGGGTTTCGATAGAA,0,0,0
EOC1_PBMC_cell_TCGTAGATCATGCTCC,0,0,0
EOC1_PBMC_cell_CAAGTTGAGACCGGAT,0,0,0
EOC1_PBMC_cell_TTTACTGAGTCCGTAT,0,0,0
EOC1_PBMC_cell_ACTGCTCGTTAAAGAC,0,0,0
EOC1_PBMC_cell_TTGCGTCTCATTTGGG,0,0,0
EOC1_PBMC_cell_CAACTAGCAGTAAGAT,0,0,0
EOC1_PBMC_cell_TTGTAGGAGATGCCTT,0,0,0
EOC1_PBMC_cell_ATGCGATGTACATCCA,0,0,0
EOC1_PBMC_cell_TTCTCAATCTGCTGCT,0,0,0
EOC1_PBMC_cell_AACTCCCCAAACTGTC,0,0,0
EOC1_PBMC_cell_CCACTACAGCCACGTC,0,0,0
EOC1_PBMC_cell_CTTAGGATCACAATGC,0,0,0
EOC1_PBMC_cell_AACTGGTCAGTGGGAT,0,0,0
EOC1_PBMC_cell_GGGTTGCCAACAACCT,0,0,0
EOC1_PBMC_cell_CACCTTGGTGTGTGCC,0,0,0
EOC1_PBMC_cell_CCATGTCGTCACTTCC,0,0,0
EOC1_PBMC_cell_TGATTTCGTGCGCTTG,0,0,0
EOC1_PBMC_cell_ACGAGGACAGGTTTCA,0,0,0
EOC1_PBMC_cell_CTCATTAGTCCGCTGA,0,0,0
EOC1_PBMC_cell_TATCAGGAGACAATAC,0,0,0
EOC1_PBMC_cell_GACCTGGAGAAGGCCT,0,0,0
EOC1_PBMC_cell_AGATCTGAGTTAAGTG,0,0,0
EOC1_PBMC_cell_AACTGGTCATATGAGA,0,0,0
EOC1_PBMC_cell_GAAGCAGTCATATCGG,0,0,0
EOC1_PBMC_cell_GGTATTGTCACCAGGC,0,0,0
EOC1_PBMC_cell_GGACGTCAGAAACGCC,0,0,0
EOC1_PBMC_cell_CACACTCAGACTAGAT,0,0,0
EOC1_PBMC_cell_CGTAGCGCAGCTGTGC,0,0,0
EOC1_PBMC_cell_GTAACTGAGTTACCCA,0,0,0
EOC1_PBMC_cell_CCTACCAAGCGTTCCG,0,0,0
EOC1_PBMC_cell_GAACGGAGTGCACTTA,0,0,0
EOC1_PBMC_cell_AGCGGTCGTCGAGTTT,0,0,0
EOC1_PBMC_cell_GCACATATCTTTCCTC,0,0,0
EOC1_PBMC_cell_TAAGTGCAGCTGAAAT,0,0,0
EOC1_PBMC_cell_CATATTCAGCCCAGCT,0,0,0
EOC1_PBMC_cell_ACGTCAAAGAAACCTA,0,0,0
EOC1_PBMC_cell_ACACCAAGTACTCGCG,0,0,0
EOC1_PBMC_cell_CGATGGCTCAATACCG,0,0,0
EOC1_PBMC_cell_GAAACTCTCACAGGCC,0,0,0
EOC1_PBMC_cell_TCTGGAAGTAAATGAC,0,0,0
EOC1_PBMC_cell_CCAATCCTCACTTACT,0,0,0
EOC1_PBMC_cell_AGCATACTCTGCCAGG,0,0,0
EOC1_PBMC_cell_CGTCAGGTCTCCCTGA,0,0,0
EOC1_PBMC_cell_GGGATGACACCTCGGA,0,0,0
EOC1_PBMC_cell_CGTGTCTCACTGAAGG,0,0,0
EOC1_PBMC_cell_TTCGAAGCACCCATTC,0,0,0
EOC1_PBMC_cell_CGGAGTCGTACTTCTT,0,0,0
EOC1_PBMC_cell_GAAGCAGGTTAGATGA,0,0,0
EOC1_PBMC_cell_CGTTCTGCATGCATGT,0,0,0
EOC1_PBMC_cell_CCTTCCCGTCGGGTCT,0,0,0
EOC1_PBMC_cell_TGAGCATAGTGAAGTT,0,0,0
EOC1_PBMC_cell_TCGGTAATCGTTGCCT,0,0,0
EOC1_PBMC_cell_CACATTTGTGGAAAGA,0,0,0
EOC1_PBMC_cell_GGGCACTTCCAAGTAC,0,0,0
EOC1_PBMC_cell_TAGACCAAGTAGGTGC,0,0,0
EOC1_PBMC_cell_CACATTTGTCACAAGG,0,0,0
EOC1_PBMC_cell_GGGTCTGGTTCGAATC,0,0,0
EOC1_PBMC_cell_ACCCACTCAGCGATCC,0,0,0
EOC1_PBMC_cell_AGATTGCCACAAGCCC,0,0,0
EOC1_PBMC_cell_CAGCAGCTCCGCAGTG,0,0,0
EOC1_PBMC_cell_TTGCCGTAGCCAGTTT,0,0,0
EOC1_PBMC_cell_GGAACTTCAAGTTGTC,0,0,0
EOC1_PBMC_cell_CGGGTCACAGCCTGTG,0,0,0
EOC1_PBMC_cell_AGCGGTCGTCTTTCAT,0,0,0
EOC1_PBMC_cell_CTTCTCTTCTAACGGT,0,0,0
EOC1_PBMC_cell_GTTAAGCTCATATCGG,0,0,0
EOC1_PBMC_cell_CAGCAGCAGCCCAATT,0,0,0
EOC1_PBMC_cell_GCGCAACCATCGACGC,0,0,0
EOC1_PBMC_cell_CATCGAAAGCGACGTA,0,0,0
EOC1_PBMC_cell_CTTTGCGAGCATGGCA,0,0,0
EOC1_PBMC_cell_CGTCTACAGCGGCTTC,0,0,0
EOC1_PBMC_cell_TCATTACTCAGGATCT,0,0,0
EOC1_PBMC_cell_GCCTCTAAGAATTGTG,0,0,0
EOC1_PBMC_cell_CCCTCCTCAGACGCCT,0,0,0
EOC1_PBMC_cell_GTGCTTCAGCTACCGC,0,0,0
EOC1_PBMC_cell_CGGGTCAGTTGCTCCT,0,0,0
EOC1_PBMC_cell_ACGGGTCTCATCGCTC,0,0,0
EOC1_PBMC_cell_CAGCGACGTATATGAG,0,0,0
EOC1_PBMC_cell_TTTGTCAAGCAAATCA,0,0,0
EOC1_PBMC_cell_CAACTAGGTCATACTG,0,0,0
EOC1_PBMC_cell_GCGCCAAGTTGTACAC,0,0,0
EOC1_PBMC_cell_TGGACGCTCACCATAG,0,0,0
EOC1_PBMC_cell_TAGGCATGTGAGGGTT,0,0,0
EOC1_PBMC_cell_ATGCGATTCTATCCTA,0,0,0
EOC1_PBMC_cell_AGCTTGACAGTCTTCC,0,0,0
EOC1_PBMC_cell_ACATGGTTCAAGCCTA,0,0,0
EOC1_PBMC_cell_TCTCTAACAGCTGCTG,0,0,0
EOC1_PBMC_cell_CATTATCAGTTACCCA,0,0,0
EOC1_PBMC_cell_ATGGGAGGTCCAGTTA,0,0,0
EOC1_PBMC_cell_TGAGCATCACGGCGTT,0,0,0
EOC1_PBMC_cell_ATGTGTGCAGCAGTTT,0,0,0
EOC1_PBMC_cell_GACTACAGTCTTTCAT,0,0,0
EOC1_PBMC_cell_TACTCGCTCCACGAAT,0,0,0
EOC1_PBMC_cell_GATCAGTTCCTCTAGC,0,0,0
EOC1_PBMC_cell_GGCTCGATCGGAATCT,0,0,0
EOC1_PBMC_cell_GATCAGTTCATTCACT,0,0,0
EOC1_PBMC_cell_TTTATGCGTGCCTGTG,0,0,0
EOC1_PBMC_cell_CTCTACGTCGCCATAA,0,0,0
EOC1_PBMC_cell_CAAGTTGGTACAGTGG,0,0,0
EOC1_PBMC_cell_TCTGAGATCCGAAGAG,0,0,0
EOC1_PBMC_cell_GTAGTCACAGTGGAGT,0,0,0
EOC1_PBMC_cell_AGCCTAATCCGCGCAA,0,0,0
EOC1_PBMC_cell_GCTTGAAGTGCAACTT,0,0,0
EOC1_PBMC_cell_ATTACTCCAGATGGCA,0,0,0
EOC1_PBMC_cell_CCAGCGAGTCTTGTCC,0,0,0
EOC1_PBMC_cell_CACACTCAGCCTATGT,0,0,0
EOC1_PBMC_cell_ACAGCCGAGTCCTCCT,0,0,0
EOC1_PBMC_cell_TAGTGGTAGGGCTCTC,0,0,0
EOC1_PBMC_cell_GTATTCTAGGGTGTTG,0,0,0
EOC1_PBMC_cell_GTGCAGCGTGAGTGAC,0,0,0
EOC1_PBMC_cell_ACATCAGCATACCATG,0,0,0
EOC1_PBMC_cell_TTTACTGAGAGTAATC,0,0,0
EOC1_PBMC_cell_TGTGTTTGTGTTCGAT,0,0,0
EOC1_PBMC_cell_GAGGTGAAGGAATTAC,0,0,0
EOC1_PBMC_cell_AGCATACCAATAGCAA,0,0,0
EOC1_PBMC_cell_AACTCCCAGGTTCCTA,0,0,0
EOC1_PBMC_cell_TGGTTAGTCTGCAAGT,0,0,0
EOC1_PBMC_cell_GATGCTAAGACCGGAT,0,0,0
EOC1_PBMC_cell_TCATTTGCAACACGCC,0,0,0
EOC1_PBMC_cell_AACACGTGTGGTAACG,0,0,0
EOC1_PBMC_cell_GGATTACCATGAACCT,0,0,0
EOC1_PBMC_cell_CACAGTACACCGAATT,0,0,0
EOC1_PBMC_cell_GCGCAGTCAGGTGCCT,0,0,0
EOC1_PBMC_cell_GCCAAATCATGTTGAC,0,0,0
EOC1_PBMC_cell_CACCACTGTCACAAGG,0,0,0
EOC1_PBMC_cell_ACTGTCCGTGAACCTT,0,0,0
EOC1_PBMC_cell_TACGGATCACGACTCG,0,0,0
EOC1_PBMC_cell_CAAGTTGAGATCGGGT,0,0,0
EOC1_PBMC_cell_CCAGCGATCGCCGTGA,0,0,0
EOC1_PBMC_cell_CGGAGTCTCGAATCCA,0,0,0
EOC1_PBMC_cell_GGCTCGATCCACGCAG,0,0,0
EOC1_PBMC_cell_GTCCTCAGTCTGGAGA,0,0,0
EOC1_PBMC_cell_ACGTCAACACCGGAAA,0,0,0
EOC1_PBMC_cell_CGGTTAACACACCGCA,0,0,0
EOC1_PBMC_cell_GCATGCGTCGAACGGA,0,0,0
EOC1_PBMC_cell_ACATGGTCAGATCTGT,0,0,0
EOC1_PBMC_cell_CCGTTCAAGCGTTGCC,0,0,0
EOC1_PBMC_cell_TTAACTCTCTATCCTA,0,0,0
EOC1_PBMC_cell_TTTGTCAAGGCGACAT,0,0,0
EOC1_PBMC_cell_GCTGCAGTCATATCGG,0,0,0
EOC1_PBMC_cell_TCGGGACTCGGATGGA,0,0,0
EOC1_PBMC_cell_TGAGAGGGTTACCGAT,0,0,0
EOC1_PBMC_cell_CACAGTATCAGGATCT,0,0,0
EOC1_PBMC_cell_TAGGCATAGACTTGAA,0,0,0
EOC1_PBMC_cell_AATCCAGTCAATCTCT,0,0,0
EOC1_PBMC_cell_GTTAAGCTCTGGAGCC,0,0,0
EOC1_PBMC_cell_AGTGTCACAATGTTGC,0,0,0
EOC1_PBMC_cell_TTTGTCATCTTTACGT,0,0,0
EOC1_PBMC_cell_ATTACTCTCGGGAGTA,0,0,0
EOC1_PBMC_cell_TGAGGGATCCAATGGT,0,0,0
EOC1_PBMC_cell_TTCTACACAGCCTGTG,0,0,0
EOC1_PBMC_cell_CTCCTAGAGCGTAATA,0,0,0
EOC1_PBMC_cell_TGGTTCCGTACGCACC,0,0,0
EOC1_PBMC_cell_ACTGTCCGTTCAACCA,0,0,0
EOC1_PBMC_cell_GGAATAACAATTCCTT,0,0,0
EOC1_PBMC_cell_TGACGGCTCCATTCTA,0,0,0
EOC1_PBMC_cell_CGATGGCGTAAATGAC,0,0,0
EOC1_PBMC_cell_TTGCGTCCACAACGTT,0,0,0
EOC1_PBMC_cell_TGCGCAGCATGCAATC,0,0,0
EOC1_PBMC_cell_CGATGTAGTTCATGGT,0,0,0
EOC1_PBMC_cell_CAGGTGCTCTCTGCTG,0,0,0
EOC1_PBMC_cell_CCTTTCTCATATGCTG,0,0,0
EOC1_PBMC_cell_GTGCAGCAGACTGGGT,0,0,0
EOC1_PBMC_cell_ACTGCTCAGTGGTAGC,0,0,0
EOC1_PBMC_cell_CATCGAAAGCCACGTC,0,0,0
EOC1_PBMC_cell_TTTACTGAGCGCTCCA,0,0,0
EOC1_PBMC_cell_TCCCGATGTTCAACCA,0,0,0
EOC1_PBMC_cell_CTCTGGTTCATCGCTC,0,0,0
EOC1_PBMC_cell_TTAGTTCTCACGACTA,0,0,0
EOC1_PBMC_cell_ATCATGGGTGTTGGGA,0,0,0
EOC1_PBMC_cell_CTTTGCGGTATGGTTC,0,0,0
EOC1_PBMC_cell_ATCACGAGTTGCGTTA,0,0,0
EOC1_PBMC_cell_TCTGGAAGTGTCTGAT,0,0,0
EOC1_PBMC_cell_CCTACCATCACCCGAG,0,0,0
EOC1_PBMC_cell_GTTCTCGGTCAGAGGT,0,0,0
EOC1_PBMC_cell_CTCTAATAGCTTCGCG,0,0,0
EOC1_PBMC_cell_TTTGCGCCAGTCGATT,0,0,0
EOC1_PBMC_cell_ACGAGGACATGCCTAA,0,0,0
EOC1_PBMC_cell_AGAGCTTGTCTGCGGT,0,0,0
EOC1_PBMC_cell_CTAGTGACACACTGCG,0,0,0
EOC1_PBMC_cell_TCGCGTTCATACTACG,0,0,0
EOC1_PBMC_cell_ACATACGAGGAGTAGA,0,0,0
EOC1_PBMC_cell_CAAGGCCTCATTGCGA,0,0,0
EOC1_PBMC_cell_ATGCGATAGCGTGAAC,0,0,0
EOC1_PBMC_cell_GTATCTTGTTAGTGGG,0,0,0
EOC1_PBMC_cell_CGGCTAGCAGATCCAT,0,0,0
EOC1_PBMC_cell_CATTCGCTCTCAAACG,0,0,0
EOC1_PBMC_cell_TCAGGATTCTGCTTGC,0,0,0
EOC1_PBMC_cell_GTGCTTCAGGTGGGTT,0,0,0
EOC1_PBMC_cell_CACACCTAGCAGATCG,0,0,0
EOC1_PBMC_cell_GGGTCTGCATACCATG,0,0,0
EOC1_PBMC_cell_GCTTCCACAATGGTCT,0,0,0
EOC1_PBMC_cell_AAACGGGAGACAAAGG,0,0,0
EOC1_PBMC_cell_GACGTGCAGGTGACCA,0,0,0
EOC1_PBMC_cell_GTAGGCCAGTGCTGCC,0,0,0
EOC1_PBMC_cell_CGCTATCAGTACGCGA,0,0,0
EOC1_PBMC_cell_GGGTCTGGTTAGATGA,0,0,0
EOC1_PBMC_cell_GTCTTCGGTCTTTCAT,0,0,0
EOC1_PBMC_cell_AGGGATGAGGTAGCCA,0,0,0
EOC1_PBMC_cell_TACTTGTCAGAGTGTG,0,0,0
EOC1_PBMC_cell_CTCGTCATCTGCGACG,0,0,0
EOC1_PBMC_cell_CGTGTCTCATCCCACT,0,0,0
EOC1_PBMC_cell_AAAGTAGTCGCGTAGC,0,0,0
EOC1_PBMC_cell_CAAGGCCTCAGCACAT,0,0,0
EOC1_PBMC_cell_ACACCAACAACAACCT,0,0,0
EOC1_PBMC_cell_ACTATCTCAAGAGTCG,0,0,0
EOC1_PBMC_cell_CAACTAGGTGCCTGTG,0,0,0
EOC1_PBMC_cell_CCGTTCATCCAAACTG,0,0,0
EOC1_PBMC_cell_ATTACTCCAGTCACTA,0,0,0
EOC1_PBMC_cell_ACGAGGAGTAATAGCA,0,0,0
EOC1_PBMC_cell_GAACATCAGTGAACGC,0,0,0
EOC1_PBMC_cell_CATGGCGCATCCCACT,0,0,0
EOC1_PBMC_cell_GCTGCGAGTAGAAAGG,0,0,0
EOC1_PBMC_cell_TGCGTGGTCCCATTTA,0,0,0
EOC1_PBMC_cell_AACTTTCGTCGCTTCT,0,0,0
EOC1_PBMC_cell_ACTTACTTCTGGCGTG,0,0,0
EOC1_PBMC_cell_TCTGGAACATTGGCGC,0,0,0
EOC1_PBMC_cell_CGCGGTATCAACACTG,0,0,0
EOC1_PBMC_cell_ACTTACTCAATGGAAT,0,0,0
EOC1_PBMC_cell_TCATTACTCACATAGC,0,0,0
EOC1_PBMC_cell_CGGAGTCCAAGTTCTG,0,0,0
EOC1_PBMC_cell_ATGTGTGGTCACCTAA,0,0,0
EOC1_PBMC_cell_ATCCACCAGATGCGAC,0,0,0
EOC1_PBMC_cell_CTAATGGGTAGGCTGA,0,0,0
EOC1_PBMC_cell_CATCAGAGTAATCACC,0,0,0
EOC1_PBMC_cell_GCATGTATCAGTGCAT,0,0,0
EOC1_PBMC_cell_TCTCTAAGTGTTTGGT,0,0,0
EOC1_PBMC_cell_CCTACCAGTCAACATC,0,0,0
EOC1_PBMC_cell_GACGGCTAGCGTAGTG,0,0,0
EOC1_PBMC_cell_CCTTCGACACCAACCG,0,0,0
EOC1_PBMC_cell_ATCCGAAAGGCTAGAC,0,0,0
EOC1_PBMC_cell_AACTTTCTCTCACATT,0,0,0
EOC1_PBMC_cell_CCGGGATTCCCGGATG,0,0,0
EOC1_PBMC_cell_GTTCGGGAGATGTGTA,0,0,0
EOC1_PBMC_cell_AGAGCTTCAAAGGAAG,0,0,0
EOC1_PBMC_cell_ATTTCTGGTCACCCAG,0,0,0
EOC1_PBMC_cell_ACTGATGAGACCACGA,0,0,0
EOC1_PBMC_cell_GCGCCAATCAGTACGT,0,0,0
EOC1_PBMC_cell_GACGTGCAGGCCCTCA,0,0,0
EOC1_PBMC_cell_GACGGCTAGGTCGGAT,0,0,0
EOC1_PBMC_cell_ATCATCTCAGATGAGC,0,0,0
EOC1_PBMC_cell_GAAACTCCAGGAATCG,0,0,0
EOC1_PBMC_cell_TTGCGTCAGACAGGCT,0,0,0
EOC1_PBMC_cell_CGTTCTGCACGCCAGT,0,0,0
EOC1_PBMC_cell_GACGTTATCGTGGGAA,0,0,0
EOC1_PBMC_cell_CTACATTAGTACACCT,0,0,0
EOC1_PBMC_cell_GCACTCTCAGGGAGAG,0,0,0
EOC1_PBMC_cell_TGAGGGAAGGGAGTAA,0,0,0
EOC1_PBMC_cell_CGGCTAGAGCGGATCA,0,0,0
EOC1_PBMC_cell_GTGTGCGCACATCCGG,0,0,0
EOC1_PBMC_cell_TCGAGGCCAGGGCATA,0,0,0
EOC1_PBMC_cell_AACCATGAGCCGCCTA,0,0,0
EOC1_PBMC_cell_ATTCTACCAGTACACT,0,0,0
EOC1_PBMC_cell_GTGTTAGCAGCTGTAT,0,0,0
EOC1_PBMC_cell_ATTGGACCACGGTTTA,0,0,0
EOC1_PBMC_cell_GTGCAGCTCAACACTG,0,0,0
EOC1_PBMC_cell_TTCTCAATCATGCTCC,0,0,0
EOC1_PBMC_cell_GCAAACTTCCCATTAT,0,0,0
EOC1_PBMC_cell_GCTGCTTTCTTGTATC,0,0,0
EOC1_PBMC_cell_TTTACTGGTACACCGC,0,0,0
EOC1_PBMC_cell_CCGTGGACACTTGGAT,0,0,0
EOC1_PBMC_cell_ATCGAGTCATATGGTC,0,0,0
EOC1_PBMC_cell_TCGGGACTCGCTTAGA,0,0,0
EOC1_PBMC_cell_CATCGGGAGCTGTCTA,0,0,0
EOC1_PBMC_cell_ATTACTCAGAGCTGGT,0,0,0
EOC1_PBMC_cell_ATTTCTGGTATTACCG,0,0,0
EOC1_PBMC_cell_ACGAGCCTCAGTTAGC,0,0,0
EOC1_PBMC_cell_CCAGCGAAGACTCGGA,0,0,0
EOC1_PBMC_cell_GACCTGGCATGCGCAC,0,0,0
EOC1_PBMC_cell_GTCGGGTGTCTAGCCG,0,0,0
EOC1_PBMC_cell_CCGTACTAGAGACGAA,0,0,0
EOC1_PBMC_cell_GTGGGTCGTATAGGGC,0,0,0
EOC1_PBMC_cell_GGGAGATGTAACGTTC,0,0,0
EOC1_PBMC_cell_CTAGCCTAGTCGTACT,0,0,0
EOC1_PBMC_cell_CCTTTCTTCGAACTGT,0,0,0
EOC1_PBMC_cell_CGGACTGCAGTGACAG,0,0,0
EOC1_PBMC_cell_CCTACCATCATGCATG,0,0,0
EOC1_PBMC_cell_GGCGTGTGTTGTCGCG,0,0,0
EOC1_PBMC_cell_TACAGTGTCTCGGACG,0,0,0
EOC1_PBMC_cell_AACTTTCCAACTGGCC,0,0,0
EOC1_PBMC_cell_GATGCTAAGAGCCCAA,0,0,0
EOC1_PBMC_cell_TCGAGGCGTTGAGGTG,0,0,0
EOC1_PBMC_cell_CGGACTGGTTCCATGA,0,0,0
EOC1_PBMC_cell_TCTATTGGTTACCGAT,0,0,0
EOC1_PBMC_cell_TTCCCAGAGCACCGTC,0,0,0
EOC1_PBMC_cell_GTGAAGGCAGCTCGCA,0,0,0
EOC1_PBMC_cell_TACACGAGTCCCTACT,0,0,0
EOC1_PBMC_cell_TAAGTGCTCGATGAGG,0,0,0
EOC1_PBMC_cell_GCGGGTTTCCCACTTG,0,0,0
EOC1_PBMC_cell_CTCGGAGAGAATTCCC,0,0,0
EOC1_PBMC_cell_GAAGCAGTCTGTCTAT,0,0,0
EOC1_PBMC_cell_AGCTCTCAGGGTGTTG,0,0,1
EOC1_PBMC_cell_GGAACTTCACCGTTGG,0,0,0
EOC1_PBMC_cell_TTCTCAAGTACAGTGG,0,0,0
EOC1_PBMC_cell_CTGTGCTGTGTTGAGG,0,0,0
EOC1_PBMC_cell_AGTAGTCAGCTAGTCT,0,0,0
EOC1_PBMC_cell_GCTGCTTAGGCAGTCA,0,0,0
EOC1_PBMC_cell_GCGCGATCAATGGAAT,0,0,0
EOC1_PBMC_cell_GCACTCTGTCGCGTGT,0,0,0
EOC1_PBMC_cell_GATGCTAAGTACGATA,0,0,0
EOC1_PBMC_cell_ACCAGTAAGTGTGAAT,0,0,0
EOC1_PBMC_cell_CTTCTCTTCAAAGACA,0,0,0
EOC1_PBMC_cell_TCTGGAACACGAAGCA,0,0,0
EOC1_PBMC_cell_ATCTACTCAGACGTAG,0,0,0
EOC1_PBMC_cell_AAGGAGCTCACCCGAG,0,0,0
EOC1_PBMC_cell_CCCAGTTAGCTAACAA,0,0,0
EOC1_PBMC_cell_ACGCAGCTCGGTGTTA,0,0,0
EOC1_PBMC_cell_CGTCAGGGTTGGAGGT,0,0,0
EOC1_PBMC_cell_TTTGTCATCTAGCACA,0,0,0
EOC1_PBMC_cell_CTCGTCACATACCATG,0,0,0
EOC1_PBMC_cell_TACAGTGCAGCTGTAT,0,0,0
EOC1_PBMC_cell_GACCAATTCGTTTAGG,0,0,0
EOC1_PBMC_cell_CATCAGACATCCCACT,0,0,0
EOC1_PBMC_cell_CACCACTTCCCTGACT,0,0,0
EOC1_PBMC_cell_GGCGACTAGTCATCCA,0,0,0
EOC1_PBMC_cell_GCTCTGTGTTAAAGTG,0,0,0
EOC1_PBMC_cell_TGGCCAGTCTATGTGG,0,0,0
EOC1_PBMC_cell_ACCGTAACACAACGTT,0,0,0
