,celllabel,True,Predict
EOC6_PBMC_cell_CAGATCAGTTTACTCT,0,0,0
EOC6_PBMC_cell_TATCAGGAGGCCATAG,0,0,0
EOC6_PBMC_cell_TCGTAGAAGTGGAGAA,0,0,0
EOC6_PBMC_cell_ACTTTCACACAGAGGT,0,0,0
EOC6_PBMC_cell_CTTACCGTCTAGCACA,0,0,0
EOC6_PBMC_cell_GTAACTGGTGGCTCCA,0,0,0
EOC6_PBMC_cell_GTGCGGTAGGGTCGAT,0,0,0
EOC6_PBMC_cell_CAGCTAAAGATGTGGC,0,0,0
EOC6_PBMC_cell_CATTCGCCACCGAATT,0,0,0
EOC6_PBMC_cell_CACCACTTCGCACTCT,0,0,0
EOC6_PBMC_cell_GTGGGTCAGAACTCGG,0,0,0
EOC6_PBMC_cell_TTCTCCTAGGGTGTGT,0,0,0
EOC6_PBMC_cell_CGTAGCGAGTGAAGAG,0,0,0
EOC6_PBMC_cell_GCCAAATGTACTTCTT,0,0,0
EOC6_PBMC_cell_TCTGAGAAGTGGTCCC,0,0,0
EOC6_PBMC_cell_GACGTGCTCGTTTATC,0,0,0
EOC6_PBMC_cell_TGCGGGTGTACTCAAC,0,0,0
EOC6_PBMC_cell_AACTTTCGTCTGCAAT,0,0,0
EOC6_PBMC_cell_GTAACGTCAACGCACC,0,0,0
EOC6_PBMC_cell_GATCTAGAGGCCATAG,0,0,0
EOC6_PBMC_cell_ATCATCTCATTCCTCG,0,0,0
EOC6_PBMC_cell_CGGAGTCTCTAACCGA,0,0,0
EOC6_PBMC_cell_TACACGACATCTACGA,0,0,0
EOC6_PBMC_cell_AATCCAGCACATGTGT,0,0,0
EOC6_PBMC_cell_TTTGGTTGTCGGCACT,0,0,0
EOC6_PBMC_cell_ATTGGACTCAGCGATT,0,0,0
EOC6_PBMC_cell_CACCAGGCATGCCTAA,0,0,0
EOC6_PBMC_cell_TCAGGTATCGGCTTGG,0,0,0
EOC6_PBMC_cell_TAAGAGAAGTACGTAA,0,0,0
EOC6_PBMC_cell_ACCAGTAAGCAATCTC,0,0,0
EOC6_PBMC_cell_GCTCCTAAGGTGGGTT,0,0,0
EOC6_PBMC_cell_GCGCAACTCCGCGTTT,0,0,0
EOC6_PBMC_cell_TGCGCAGCAGGGTATG,0,0,0
EOC6_PBMC_cell_GCTCTGTTCATGGTCA,0,0,0
EOC6_PBMC_cell_TTGGCAACAAAGTCAA,0,0,0
EOC6_PBMC_cell_TCGGTAAAGTTACCCA,0,0,0
EOC6_PBMC_cell_AGGGAGTCAGTAGAGC,0,0,0
EOC6_PBMC_cell_TTCTCCTTCAAGATCC,0,0,0
EOC6_PBMC_cell_AAGACCTAGTACACCT,0,0,0
EOC6_PBMC_cell_GAATGAAGTAGGAGTC,0,0,0
EOC6_PBMC_cell_TCAATCTGTTATGTGC,0,0,0
EOC6_PBMC_cell_GACTACAAGACTGTAA,0,0,0
EOC6_PBMC_cell_GTGTGCGCATCAGTCA,0,0,0
EOC6_PBMC_cell_AGACGTTAGGACAGAA,0,0,0
EOC6_PBMC_cell_AGTTGGTAGCGTGAGT,0,0,0
EOC6_PBMC_cell_GCGCGATCATCACAAC,0,0,0
EOC6_PBMC_cell_GCTGGGTGTCCAGTTA,0,0,0
EOC6_PBMC_cell_GACACGCAGCCAGGAT,0,0,0
EOC6_PBMC_cell_TAGCCGGGTCAACTGT,0,0,0
EOC6_PBMC_cell_CGGGTCACAGACAAAT,0,0,0
EOC6_PBMC_cell_CTACGTCTCATGCAAC,0,0,0
EOC6_PBMC_cell_GCTCCTACACGAGAGT,0,0,0
EOC6_PBMC_cell_GGTGAAGGTGATAAAC,0,0,0
EOC6_PBMC_cell_ACCGTAAAGGGATCTG,0,0,0
EOC6_PBMC_cell_CGGGTCATCCAATGGT,0,0,0
EOC6_PBMC_cell_AGGGAGTCAAGAAAGG,0,0,0
EOC6_PBMC_cell_CGACCTTTCGAGGTAG,0,0,0
EOC6_PBMC_cell_CAGCAGCGTGCACGAA,0,0,0
EOC6_PBMC_cell_TTTACTGTCAATACCG,0,0,0
EOC6_PBMC_cell_TGACTAGGTGACGCCT,0,0,0
EOC6_PBMC_cell_CTCAGAACATTCCTGC,0,0,0
EOC6_PBMC_cell_GAACATCTCCCTTGTG,0,0,0
EOC6_PBMC_cell_AGACGTTCATAAGACA,0,0,0
EOC6_PBMC_cell_TAAACCGCAATGGTCT,0,0,0
EOC6_PBMC_cell_CGACCTTGTTCGGCAC,0,0,0
EOC6_PBMC_cell_CATGGCGCAGCTATTG,0,0,0
EOC6_PBMC_cell_CGTAGGCGTGTCTGAT,0,0,0
EOC6_PBMC_cell_AGCGTCGGTACGCTGC,0,0,0
EOC6_PBMC_cell_TGCACCTTCTGAGGGA,0,0,0
EOC6_PBMC_cell_TAGTTGGAGCTATGCT,0,0,0
EOC6_PBMC_cell_CCGTTCATCGGATGTT,0,0,0
EOC6_PBMC_cell_CTGCCTAGTAGAGTGC,0,0,0
EOC6_PBMC_cell_TCAGGTAAGATATGCA,0,0,0
EOC6_PBMC_cell_CATATGGTCCAAAGTC,0,0,0
EOC6_PBMC_cell_CGTTGGGAGTGATCGG,0,0,0
EOC6_PBMC_cell_CGCTATCAGAAACCTA,0,0,0
EOC6_PBMC_cell_GTAACTGGTCTCGTTC,0,0,0
EOC6_PBMC_cell_TGGACGCGTGAGTGAC,0,0,0
EOC6_PBMC_cell_GCTGCGAAGCTCTCGG,0,0,0
EOC6_PBMC_cell_CTGCGGACACTAAGTC,0,0,0
EOC6_PBMC_cell_GCGACCATCTCTAAGG,0,0,0
EOC6_PBMC_cell_GAATAAGTCCGTCATC,0,0,0
EOC6_PBMC_cell_TAGTGGTCAAGTTGTC,0,0,0
EOC6_PBMC_cell_TCAACGATCATAGCAC,0,0,0
EOC6_PBMC_cell_AGGGTGAAGAAACGAG,0,0,0
EOC6_PBMC_cell_ACACCCTCATCACGTA,0,0,0
EOC6_PBMC_cell_GTCGGGTCAGTTTACG,0,0,0
EOC6_PBMC_cell_AGAGCGATCTTTACAC,0,0,0
EOC6_PBMC_cell_AATCCAGGTAGTAGTA,0,0,0
EOC6_PBMC_cell_CAAGAAAGTCCAGTAT,0,0,0
EOC6_PBMC_cell_CGCTTCATCTTGCCGT,0,0,0
EOC6_PBMC_cell_GTAGTCAGTGGAAAGA,0,0,0
EOC6_PBMC_cell_ACGGGTCGTTAAGTAG,0,0,0
EOC6_PBMC_cell_GCAATCATCCGCGCAA,0,0,0
EOC6_PBMC_cell_TCTGGAACAAGCCATT,0,0,0
EOC6_PBMC_cell_CTAACTTGTTGCGTTA,0,0,0
EOC6_PBMC_cell_CGGAGTCCAGCGAACA,0,0,0
EOC6_PBMC_cell_GCATGTACAGTATGCT,0,0,0
EOC6_PBMC_cell_TGACGGCAGTGGACGT,0,0,0
EOC6_PBMC_cell_GAAACTCTCATCGGAT,0,0,0
EOC6_PBMC_cell_ACGGAGAGTTATCCGA,0,0,0
EOC6_PBMC_cell_TACACGACACCCTATC,0,0,0
EOC6_PBMC_cell_ACTATCTCAGGAATCG,0,0,0
EOC6_PBMC_cell_CAAGGCCCAAGCGTAG,0,0,0
EOC6_PBMC_cell_CTCGAGGGTAGTACCT,0,0,0
EOC6_PBMC_cell_TTGCCGTGTCAATGTC,0,0,0
EOC6_PBMC_cell_AACACGTCAGTACACT,0,0,0
EOC6_PBMC_cell_GCTGGGTCATTGTGCA,0,0,0
EOC6_PBMC_cell_AAAGATGAGAGTGACC,0,0,0
EOC6_PBMC_cell_GTGTTAGCAAGCCGTC,0,0,0
EOC6_PBMC_cell_ACACCGGAGGCAGGTT,0,0,0
EOC6_PBMC_cell_ACTGCTCGTGTGAAAT,0,0,0
EOC6_PBMC_cell_CTCTACGCACTGTTAG,0,0,0
EOC6_PBMC_cell_TAAGCGTTCGTAGGTT,0,0,0
EOC6_PBMC_cell_CACACAAAGTGGTCCC,0,0,0
EOC6_PBMC_cell_CACTCCACATTTGCTT,0,0,0
EOC6_PBMC_cell_CCTAAAGTCATCTGCC,0,0,0
EOC6_PBMC_cell_ACTGCTCTCGCATGGC,0,0,0
EOC6_PBMC_cell_TATCAGGGTCATACTG,0,0,0
EOC6_PBMC_cell_ATGAGGGAGTAGTGCG,0,0,0
EOC6_PBMC_cell_TTGACTTTCCGCGTTT,0,0,0
EOC6_PBMC_cell_TTAGGACTCTTGCATT,0,0,0
EOC6_PBMC_cell_CTTAACTAGCCCTAAT,0,0,0
EOC6_PBMC_cell_GACCAATTCAATACCG,0,0,0
EOC6_PBMC_cell_TGACTAGGTCGCTTCT,0,0,0
EOC6_PBMC_cell_GCTGCGATCTTCGGTC,0,0,0
EOC6_PBMC_cell_TTTGCGCTCCAAGTAC,0,0,0
EOC6_PBMC_cell_GACGTTACATACGCTA,0,0,0
EOC6_PBMC_cell_GGAGCAACACTTGGAT,0,0,0
EOC6_PBMC_cell_CGATTGACACCGCTAG,0,0,0
EOC6_PBMC_cell_AGCTCCTCAGTTTACG,0,0,0
EOC6_PBMC_cell_TAAGCGTTCCACTGGG,0,0,0
EOC6_PBMC_cell_TCAGGTACAATCTGCA,0,0,0
EOC6_PBMC_cell_ATGAGGGCAAGTTGTC,0,0,0
EOC6_PBMC_cell_CATCGAAGTGGTCCGT,0,0,0
EOC6_PBMC_cell_TCATTTGAGACAGGCT,0,0,0
EOC6_PBMC_cell_TTGACTTAGTGTTTGC,0,0,0
EOC6_PBMC_cell_CCCAATCGTTACGTCA,0,0,0
EOC6_PBMC_cell_CTTTGCGCATGCTAGT,0,0,0
EOC6_PBMC_cell_GTTCATTGTCGGCTCA,0,0,0
EOC6_PBMC_cell_CTTTGCGAGACTTTCG,0,0,0
EOC6_PBMC_cell_AATCGGTAGTGTGGCA,0,0,0
EOC6_PBMC_cell_GCATGATGTGTAAGTA,0,0,0
EOC6_PBMC_cell_GAGGTGAGTCATGCAT,0,0,0
EOC6_PBMC_cell_AGTGTCAGTCCGCTGA,0,0,0
EOC6_PBMC_cell_TTGGAACTCGCGGATC,0,0,0
EOC6_PBMC_cell_TCTATTGAGATGTTAG,0,0,0
EOC6_PBMC_cell_ACTGCTCCAAGGCTCC,0,0,0
EOC6_PBMC_cell_TCTGGAACATTCCTGC,0,0,0
EOC6_PBMC_cell_GGACAAGAGCTAAACA,0,0,0
EOC6_PBMC_cell_GTGCGGTCAAGGACTG,0,0,0
EOC6_PBMC_cell_TTTACTGGTAAGTAGT,0,0,0
EOC6_PBMC_cell_GTAACTGCAGGTCTCG,0,0,0
EOC6_PBMC_cell_CGGACGTGTACTTCTT,0,0,0
EOC6_PBMC_cell_TTAGGCATCAAGATCC,0,0,0
EOC6_PBMC_cell_TTCGGTCTCCAAAGTC,0,0,0
EOC6_PBMC_cell_GGTGAAGTCGTATCAG,0,0,0
EOC6_PBMC_cell_GTCGGGTGTACCGAGA,0,0,0
EOC6_PBMC_cell_GACACGCCAGCAGTTT,0,0,0
EOC6_PBMC_cell_GGACAAGTCACCGTAA,0,0,0
EOC6_PBMC_cell_TGGGCGTCAAGCGATG,0,0,0
EOC6_PBMC_cell_CCTTTCTCAATTCCTT,0,0,0
EOC6_PBMC_cell_TGCGGGTAGCAATCTC,0,0,0
EOC6_PBMC_cell_GCAATCACACAAGCCC,0,0,0
EOC6_PBMC_cell_GGCTGGTCAAAGGAAG,0,0,0
EOC6_PBMC_cell_GCAGCCAAGGCGATAC,0,0,0
EOC6_PBMC_cell_CACACCTAGAGCCCAA,0,0,0
EOC6_PBMC_cell_GTACGTAGTTGTTTGG,0,0,0
EOC6_PBMC_cell_CCTACCATCACGCATA,0,0,0
EOC6_PBMC_cell_GGCCGATTCCTCTAGC,0,0,0
EOC6_PBMC_cell_CAGATCATCAAACCGT,0,0,0
EOC6_PBMC_cell_TACTTACGTATAGTAG,0,0,0
EOC6_PBMC_cell_CCACTACAGGTGTGGT,0,0,0
EOC6_PBMC_cell_GTGCTTCTCGCCTGAG,0,0,0
EOC6_PBMC_cell_CTTCTCTAGAGGTACC,0,0,0
EOC6_PBMC_cell_GAAATGACACGTGAGA,0,0,0
EOC6_PBMC_cell_CGAGAAGAGATGTTAG,0,0,0
EOC6_PBMC_cell_GTATTCTAGTGTCCAT,0,0,0
EOC6_PBMC_cell_TACACGACAATCGGTT,0,0,0
EOC6_PBMC_cell_CTAAGACAGACTGGGT,0,0,0
EOC6_PBMC_cell_CACCACTCATGAAGTA,0,0,0
EOC6_PBMC_cell_GCGCAGTAGTGCAAGC,0,0,0
EOC6_PBMC_cell_CAGTAACAGAGCTGCA,0,0,0
EOC6_PBMC_cell_AAGACCTAGTCTTGCA,0,0,0
EOC6_PBMC_cell_TGAAAGACAAGAAGAG,0,0,0
EOC6_PBMC_cell_CGTGTAACAGTTCATG,0,0,0
EOC6_PBMC_cell_CCACGGAAGCAGGCTA,0,0,0
EOC6_PBMC_cell_CCTACACGTAGCACGA,0,0,0
EOC6_PBMC_cell_ACGAGGAAGAAACCGC,0,0,0
EOC6_PBMC_cell_CAGAGAGAGTATCTCG,0,0,0
EOC6_PBMC_cell_TTCTCAAGTCTTGCGG,0,0,0
EOC6_PBMC_cell_GCAGCCAGTTTAGCTG,0,0,0
EOC6_PBMC_cell_TGCCAAATCTGGCGTG,0,0,0
EOC6_PBMC_cell_TGAGGGATCTTATCTG,0,0,0
EOC6_PBMC_cell_CGATTGAAGCGCCTCA,0,0,0
EOC6_PBMC_cell_TCTTCGGGTTAGATGA,0,0,0
EOC6_PBMC_cell_TCGTAGACAAATACAG,0,0,0
EOC6_PBMC_cell_AACGTTGAGAGGTACC,0,0,0
EOC6_PBMC_cell_GCATGTATCTGTCAAG,0,0,0
EOC6_PBMC_cell_AGTGTCACACTGTGTA,0,0,0
EOC6_PBMC_cell_AGCGTATGTGCAGACA,0,0,0
EOC6_PBMC_cell_CTTAACTTCTACTCAT,0,0,0
EOC6_PBMC_cell_GTGCGGTAGCGATATA,0,0,0
EOC6_PBMC_cell_ACTGAGTGTGGCTCCA,0,0,0
EOC6_PBMC_cell_CTAATGGTCCGTCATC,0,0,0
EOC6_PBMC_cell_ACGGCCACAATCTACG,0,0,0
EOC6_PBMC_cell_GACGCGTTCATCGATG,0,0,0
EOC6_PBMC_cell_CCCAATCCATCGTCGG,0,0,0
EOC6_PBMC_cell_GGAATAATCCTTGACC,0,0,0
EOC6_PBMC_cell_TAAGAGAAGAATTGTG,0,0,0
EOC6_PBMC_cell_TTAGGCAAGGGATACC,0,0,0
EOC6_PBMC_cell_CCACCTACATACTCTT,0,0,0
EOC6_PBMC_cell_GGGAATGGTGACGCCT,0,0,0
EOC6_PBMC_cell_GTATTCTTCCTAGTGA,0,0,0
EOC6_PBMC_cell_GAATGAAAGTTCGCGC,0,0,0
EOC6_PBMC_cell_TGTGTTTTCACAGTAC,0,0,0
EOC6_PBMC_cell_CCTTACGGTGAAATCA,0,0,0
EOC6_PBMC_cell_ATGAGGGCAAGGGTCA,0,0,0
EOC6_PBMC_cell_CCTATTAGTGAGGGAG,0,0,0
EOC6_PBMC_cell_GTGCGGTTCAAGAAGT,0,0,0
EOC6_PBMC_cell_AGCCTAATCGCCAAAT,0,0,0
EOC6_PBMC_cell_GAAACTCTCAGAGCTT,0,0,0
EOC6_PBMC_cell_GAGTCCGAGACCCACC,0,0,0
EOC6_PBMC_cell_ACGCCAGCATCGATTG,0,0,0
EOC6_PBMC_cell_CTGATCCCATCCCACT,0,0,0
EOC6_PBMC_cell_ATCGAGTTCCGCATAA,0,0,0
EOC6_PBMC_cell_GTACTTTAGCCGATTT,0,0,0
EOC6_PBMC_cell_CCTACCAGTAAGGGAA,0,0,0
EOC6_PBMC_cell_ACCTTTATCGAACGGA,0,0,0
EOC6_PBMC_cell_GCGAGAATCAGCTTAG,0,0,0
EOC6_PBMC_cell_AGTGAGGAGTATGACA,0,0,0
EOC6_PBMC_cell_CAAGGCCCAGTTCCCT,0,0,0
EOC6_PBMC_cell_ACGAGCCGTTTGACAC,0,0,0
EOC6_PBMC_cell_GTCACAATCCCTGACT,0,0,0
EOC6_PBMC_cell_AGCTTGAGTTTGCATG,0,0,0
EOC6_PBMC_cell_CGATGTATCGTGGACC,0,0,0
EOC6_PBMC_cell_GTAGGCCGTCTTCAAG,0,0,0
EOC6_PBMC_cell_CTAGTGAGTACAGCAG,0,0,0
EOC6_PBMC_cell_CAGCCGATCAACACTG,0,0,0
EOC6_PBMC_cell_GGACAGATCCAGAAGG,0,0,0
EOC6_PBMC_cell_AGTGGGACAAGCTGGA,0,0,0
EOC6_PBMC_cell_CAAGTTGGTAGCGTGA,0,0,0
EOC6_PBMC_cell_ACTGAACGTCAATACC,0,0,0
EOC6_PBMC_cell_GGGAGATTCACCTCGT,0,0,0
EOC6_PBMC_cell_GCAGCCACATGTCTCC,0,0,0
EOC6_PBMC_cell_TGAAAGAAGGCTATCT,0,0,0
EOC6_PBMC_cell_GAAACTCAGGGCTCTC,0,0,0
EOC6_PBMC_cell_AACCGCGGTAGGGACT,0,0,0
EOC6_PBMC_cell_AGGTCATGTACAAGTA,0,0,0
EOC6_PBMC_cell_ACTGATGGTGGTTTCA,0,0,0
EOC6_PBMC_cell_GTCTTCGTCGTGGACC,0,0,0
EOC6_PBMC_cell_CGTGAGCAGAAGGGTA,0,0,0
EOC6_PBMC_cell_CTCGGGAGTGTTGAGG,0,0,0
EOC6_PBMC_cell_TCTATTGTCTTCGGTC,0,0,0
EOC6_PBMC_cell_AGGCCACAGCATCATC,0,0,0
EOC6_PBMC_cell_AAAGTAGCATATACGC,0,0,0
EOC6_PBMC_cell_CTACATTCAGGCGATA,0,0,0
EOC6_PBMC_cell_CATCCACAGTACGCGA,0,0,0
EOC6_PBMC_cell_CATGCCTTCGCACTCT,0,0,0
EOC6_PBMC_cell_AGGGTGACAGTCAGAG,0,0,0
EOC6_PBMC_cell_GAGTCCGCATAAAGGT,0,0,0
EOC6_PBMC_cell_GAACATCCATTACGAC,0,0,0
EOC6_PBMC_cell_GACACGCCATGCCCGA,0,0,0
EOC6_PBMC_cell_CCGTGGAAGTTTGCGT,0,0,0
EOC6_PBMC_cell_AGTGAGGTCCTAAGTG,0,0,0
EOC6_PBMC_cell_CTAACTTGTCGGGTCT,0,0,0
EOC6_PBMC_cell_GTGTTAGCACAGTCGC,0,0,0
EOC6_PBMC_cell_TGGGAAGGTCACCTAA,0,0,0
EOC6_PBMC_cell_GCTCCTAAGCTGAACG,0,0,0
EOC6_PBMC_cell_GATGCTACAGACGTAG,0,0,0
EOC6_PBMC_cell_AGGGATGAGTCGCCGT,0,0,0
EOC6_PBMC_cell_CTAGAGTAGTGAACAT,0,0,0
EOC6_PBMC_cell_TGCCAAATCCACGACG,0,0,0
EOC6_PBMC_cell_GTACGTAGTTCTCATT,0,0,0
EOC6_PBMC_cell_ACCCACTTCTTCAACT,0,0,0
EOC6_PBMC_cell_AGAGCTTTCCCACTTG,0,0,0
EOC6_PBMC_cell_TGGCCAGCATCGGGTC,0,0,0
EOC6_PBMC_cell_CTAGTGAGTGACTCAT,0,0,0
EOC6_PBMC_cell_TGCTACCGTATGAAAC,0,0,0
EOC6_PBMC_cell_TCAGATGAGTTAGCGG,0,0,0
EOC6_PBMC_cell_TGAGCATCAGAGTGTG,0,0,0
EOC6_PBMC_cell_CGCTTCAAGTAGGCCA,0,0,0
EOC6_PBMC_cell_GTCACGGCACAAGACG,0,0,0
EOC6_PBMC_cell_CCCTCCTGTTGTGGCC,0,0,0
EOC6_PBMC_cell_GCGCAGTTCGATGAGG,0,0,0
EOC6_PBMC_cell_CTTTGCGCACCGATAT,0,0,0
EOC6_PBMC_cell_GAATGAATCTAACTGG,0,0,0
EOC6_PBMC_cell_CGTCTACCAGCATACT,0,0,0
EOC6_PBMC_cell_GGTGAAGTCGCGTTTC,0,0,0
EOC6_PBMC_cell_GACACGCCATTGTGCA,0,0,0
EOC6_PBMC_cell_CGGACTGCAGCGAACA,0,0,0
EOC6_PBMC_cell_AATCGGTGTGTATGGG,0,0,0
EOC6_PBMC_cell_ATTATCCGTGAGGGAG,0,0,0
EOC6_PBMC_cell_CTGATAGAGTAGCGGT,0,0,0
EOC6_PBMC_cell_ATTACTCTCATCGATG,0,0,0
EOC6_PBMC_cell_CGGTTAATCGAACTGT,0,0,0
EOC6_PBMC_cell_CGTGTCTTCGTTACAG,0,0,0
EOC6_PBMC_cell_AACTTTCTCTCGCTTG,0,0,0
EOC6_PBMC_cell_AGCTCCTCATTTCAGG,0,0,0
EOC6_PBMC_cell_CGCGTTTTCGTCACGG,0,0,0
EOC6_PBMC_cell_CCAATCCAGCTCCTCT,0,0,0
EOC6_PBMC_cell_CACACAATCGCCAGCA,0,0,0
EOC6_PBMC_cell_CCTACCAAGTTAGGTA,0,0,0
EOC6_PBMC_cell_GTTCTCGTCGCCTGAG,0,0,0
EOC6_PBMC_cell_AGCGGTCAGCTGTCTA,0,0,0
EOC6_PBMC_cell_CCGTGGATCCCTAACC,0,0,0
EOC6_PBMC_cell_GCTTGAATCGGTCCGA,0,0,0
EOC6_PBMC_cell_GGGCACTAGCTCCTCT,0,0,0
EOC6_PBMC_cell_CCTAAAGAGTAATCCC,0,0,0
EOC6_PBMC_cell_GGAATAAAGATGTCGG,0,0,0
EOC6_PBMC_cell_CACACAAAGAGCTTCT,0,0,0
EOC6_PBMC_cell_CCGTACTGTTACGGAG,0,0,0
EOC6_PBMC_cell_TAAGCGTGTAAATGTG,0,0,0
EOC6_PBMC_cell_CCGTTCAGTGTAATGA,0,0,0
EOC6_PBMC_cell_TAAACCGGTGTGCGTC,0,0,0
EOC6_PBMC_cell_CCAATCCAGCCAACAG,0,0,0
EOC6_PBMC_cell_CACCACTTCTTGTATC,0,0,0
EOC6_PBMC_cell_TAGACCAGTCACACGC,0,0,0
EOC6_PBMC_cell_TCTCATATCAGCTCGG,0,0,0
EOC6_PBMC_cell_GTCGGGTCACACGCTG,0,0,0
EOC6_PBMC_cell_TCGTAGAGTCCGAGTC,0,0,0
EOC6_PBMC_cell_AGCTCCTTCCCTTGCA,0,0,0
EOC6_PBMC_cell_AGCAGCCAGCGTCAAG,0,0,0
EOC6_PBMC_cell_TTTGGTTTCCATGAAC,0,0,0
EOC6_PBMC_cell_GTCCTCAGTACTCAAC,0,0,0
EOC6_PBMC_cell_TCAGATGCAGCTGGCT,0,0,0
EOC6_PBMC_cell_CGACTTCAGGCAGTCA,0,0,0
EOC6_PBMC_cell_CTCCTAGAGAGCTATA,0,0,0
EOC6_PBMC_cell_TTGTAGGCAAAGGCGT,0,0,0
EOC6_PBMC_cell_CGATGGCGTGGCGAAT,0,0,0
EOC6_PBMC_cell_GCAGCCAGTTCGTCTC,0,0,0
EOC6_PBMC_cell_ACGGGTCTCCCTCAGT,0,0,0
EOC6_PBMC_cell_GACACGCTCTTAACCT,0,0,0
EOC6_PBMC_cell_CGATTGATCCTCCTAG,0,0,0
EOC6_PBMC_cell_CAGCATAAGCCCAGCT,0,0,0
EOC6_PBMC_cell_TTATGCTCACGTGAGA,0,0,0
EOC6_PBMC_cell_GGCTCGAGTAGGGACT,0,0,0
EOC6_PBMC_cell_GGTGCGTTCACGGTTA,0,0,0
EOC6_PBMC_cell_CGGAGTCAGTGGTAAT,0,0,0
EOC6_PBMC_cell_GAGGTGACAGCGTCCA,0,0,0
EOC6_PBMC_cell_TTTGCGCAGGCAATTA,0,0,0
EOC6_PBMC_cell_GCACATACAAGCGAGT,0,0,0
EOC6_PBMC_cell_TTCTACAAGTCTCCTC,0,0,0
EOC6_PBMC_cell_TAGGCATTCTGTACGA,0,0,0
EOC6_PBMC_cell_GACGTTATCGTAGGTT,0,0,0
EOC6_PBMC_cell_CGATCGGTCTAGAGTC,0,0,0
EOC6_PBMC_cell_CAGCTAAGTGACGCCT,0,0,0
EOC6_PBMC_cell_GGAACTTCACAGAGGT,0,0,0
EOC6_PBMC_cell_AGAATAGCAAGTTGTC,0,0,0
EOC6_PBMC_cell_TTTACTGGTAGCTGCC,0,0,0
EOC6_PBMC_cell_ACGCCGAGTTCAGCGC,0,0,0
EOC6_PBMC_cell_GCGGGTTTCCAGAAGG,0,0,0
EOC6_PBMC_cell_CTGAAGTCATGACATC,0,0,0
EOC6_PBMC_cell_GATCGTAAGATGTCGG,0,0,0
EOC6_PBMC_cell_GGCGTGTGTAGCGATG,0,0,0
EOC6_PBMC_cell_TAAACCGCAAGGACTG,0,0,0
EOC6_PBMC_cell_CATATGGTCACAGGCC,0,0,0
EOC6_PBMC_cell_GATCGATTCTCTGTCG,0,0,0
EOC6_PBMC_cell_TTCTTAGTCGCAGGCT,0,0,0
EOC6_PBMC_cell_CTCAGAAAGGAACTGC,0,0,0
EOC6_PBMC_cell_CCATTCGGTTAGGGTG,0,0,0
EOC6_PBMC_cell_GAAACTCTCACCACCT,0,0,0
EOC6_PBMC_cell_AGCTCTCAGTTCGCAT,0,0,0
EOC6_PBMC_cell_ATTATCCTCACCAGGC,0,0,0
EOC6_PBMC_cell_CGCGTTTAGCACGCCT,0,0,0
EOC6_PBMC_cell_CTTAACTAGCGCTCCA,0,0,0
EOC6_PBMC_cell_CTTAACTCAAGTCTAC,0,0,0
EOC6_PBMC_cell_TGCGCAGTCATGTCCC,0,0,0
EOC6_PBMC_cell_ATCGAGTAGTACGTTC,0,0,0
EOC6_PBMC_cell_AGTGGGATCTCCAGGG,0,0,0
EOC6_PBMC_cell_AAAGTAGTCTGGCGAC,0,0,0
EOC6_PBMC_cell_TGTGGTAAGGAGTTTA,0,0,0
EOC6_PBMC_cell_CGTTAGATCTTTACAC,0,0,0
EOC6_PBMC_cell_GAACCTAGTGCTAGCC,0,0,0
EOC6_PBMC_cell_CGAGCCATCCTTGACC,0,0,0
EOC6_PBMC_cell_GACCAATCAGGGCATA,0,0,0
EOC6_PBMC_cell_GCTTCCAAGCAGACTG,0,0,0
EOC6_PBMC_cell_GCGCCAAGTCCTCTTG,0,0,0
EOC6_PBMC_cell_ACTTACTAGGACCACA,0,0,0
EOC6_PBMC_cell_GACAGAGAGCTTTGGT,0,0,0
EOC6_PBMC_cell_GGTATTGTCGAATGGG,0,0,0
EOC6_PBMC_cell_TATGCCCGTTTGTTGG,0,0,0
EOC6_PBMC_cell_GTTTCTAAGCGATAGC,0,0,0
EOC6_PBMC_cell_TGAGCATCAGGGCATA,0,0,0
EOC6_PBMC_cell_GTACGTAGTATATGGA,0,0,0
EOC6_PBMC_cell_GGTGTTACACGACTCG,0,0,0
EOC6_PBMC_cell_TGGACGCGTAGCTGCC,0,0,0
EOC6_PBMC_cell_TTCTCAAAGAACTGTA,0,0,0
EOC6_PBMC_cell_TAAGAGATCTCGATGA,0,0,0
EOC6_PBMC_cell_GGAGCAATCGGAGCAA,0,0,0
EOC6_PBMC_cell_ATTCTACTCTCAAACG,0,0,0
EOC6_PBMC_cell_CATATGGGTGTTGAGG,0,0,0
EOC6_PBMC_cell_GATTCAGAGGAATCGC,0,0,0
EOC6_PBMC_cell_TTGCGTCAGCGTCAAG,0,0,0
EOC6_PBMC_cell_AGAGTGGCATTCTCAT,0,0,0
EOC6_PBMC_cell_GGGCATCCACGAAGCA,0,0,0
EOC6_PBMC_cell_ATCACGATCGCCAGCA,0,0,0
EOC6_PBMC_cell_GCATGATGTCATATCG,0,0,0
EOC6_PBMC_cell_CGAACATCAAGGACAC,0,0,0
EOC6_PBMC_cell_ACTGAGTAGCGCTTAT,0,0,0
EOC6_PBMC_cell_TAGAGCTAGAGACTTA,0,0,0
EOC6_PBMC_cell_CAGCAGCGTCTGGTCG,0,0,0
EOC6_PBMC_cell_CCTTACGCATCACCCT,0,0,0
EOC6_PBMC_cell_CGTTAGAGTCTCCATC,0,0,0
EOC6_PBMC_cell_CGGGTCACACCTATCC,0,0,0
EOC6_PBMC_cell_CCTTTCTCAAAGGAAG,0,0,0
EOC6_PBMC_cell_CACAAACCAGATGGGT,0,0,0
EOC6_PBMC_cell_GTCGTAAAGTTTGCGT,0,0,0
EOC6_PBMC_cell_TTTACTGTCAAAGTAG,0,0,0
EOC6_PBMC_cell_ACCTTTAAGGGTCGAT,0,0,0
EOC6_PBMC_cell_TGTATTCCACTCAGGC,0,0,0
EOC6_PBMC_cell_ACGCCGATCCGAAGAG,0,0,0
EOC6_PBMC_cell_GTTACAGTCAACACGT,0,0,0
EOC6_PBMC_cell_GGGAGATCATCGGACC,0,0,0
EOC6_PBMC_cell_GCGCAACCACACGCTG,0,0,0
EOC6_PBMC_cell_CTTGGCTCATGGGAAC,0,0,0
EOC6_PBMC_cell_TCACAAGAGCGTGAGT,0,0,0
EOC6_PBMC_cell_CAGCTAAAGTCGCCGT,0,0,0
EOC6_PBMC_cell_GGGTCTGAGCAGGTCA,0,0,0
EOC6_PBMC_cell_TCAGATGCAGCCACCA,0,0,0
EOC6_PBMC_cell_ACGCCAGTCGCGTTTC,0,0,0
EOC6_PBMC_cell_CACCAGGCAAGCCTAT,0,0,0
EOC6_PBMC_cell_AGTGGGAAGTTGCAGG,0,0,0
EOC6_PBMC_cell_AGCGTCGGTTAAGACA,0,0,0
EOC6_PBMC_cell_GACAGAGGTTTGGCGC,0,0,0
EOC6_PBMC_cell_GACGTGCGTTTGTTGG,0,0,0
EOC6_PBMC_cell_GCGCCAATCCCAACGG,0,0,0
EOC6_PBMC_cell_GATCAGTCAGCTGGCT,0,0,0
EOC6_PBMC_cell_CCATTCGGTGGTTTCA,0,0,0
EOC6_PBMC_cell_TGAGCCGGTAAGTTCC,0,0,0
EOC6_PBMC_cell_CACACTCGTGCCTGGT,0,0,0
EOC6_PBMC_cell_ACCCACTCACTGTCGG,0,0,0
EOC6_PBMC_cell_TGTTCCGAGCTGTTCA,0,0,0
EOC6_PBMC_cell_TCTTCGGAGCCGCCTA,0,0,0
EOC6_PBMC_cell_GACACGCAGGGATACC,0,0,0
EOC6_PBMC_cell_CATTCGCGTGACGGTA,0,0,0
EOC6_PBMC_cell_TAGCCGGTCCTTGCCA,0,0,0
EOC6_PBMC_cell_CAGCCGAGTTCGTCTC,0,0,0
EOC6_PBMC_cell_ACTGCTCGTGTTGGGA,0,0,0
EOC6_PBMC_cell_GGTATTGTCACCAGGC,0,0,0
EOC6_PBMC_cell_AACTCAGCATAACCTG,0,0,0
EOC6_PBMC_cell_CAACCAAGTTAGAACA,0,0,0
EOC6_PBMC_cell_ATGGGAGTCATGTGGT,0,0,0
EOC6_PBMC_cell_ACATGGTGTAGCTTGT,0,0,0
EOC6_PBMC_cell_ATTTCTGGTTTGGGCC,0,0,0
EOC6_PBMC_cell_AGAGCTTAGAGGGATA,0,0,0
EOC6_PBMC_cell_GTTACAGCAGACGTAG,0,0,0
EOC6_PBMC_cell_AAGACCTCATCCCATC,0,0,0
EOC6_PBMC_cell_TGAGAGGAGGCTCAGA,0,0,0
EOC6_PBMC_cell_AGGTCATGTTTACTCT,0,0,0
EOC6_PBMC_cell_ACACCCTTCAGCACAT,0,0,0
EOC6_PBMC_cell_AGTGTCAGTCAGTGGA,0,0,0
EOC6_PBMC_cell_CCTTACGTCCAGTATG,0,0,0
EOC6_PBMC_cell_CTCCTAGAGGTAGCCA,0,0,0
EOC6_PBMC_cell_TACTCGCGTCTCGTTC,0,0,0
EOC6_PBMC_cell_GTACGTAGTGTGCGTC,0,0,0
EOC6_PBMC_cell_CCATGTCAGTCCGGTC,0,0,0
EOC6_PBMC_cell_GCTGCTTTCCGTACAA,0,0,0
EOC6_PBMC_cell_TTCTTAGGTGCCTTGG,0,0,0
EOC6_PBMC_cell_CAAGTTGAGGCTCTTA,0,0,0
EOC6_PBMC_cell_TCATTACTCCAAGTAC,0,0,0
EOC6_PBMC_cell_CCACTACAGCCACGCT,0,0,0
EOC6_PBMC_cell_CTAACTTAGATGCCAG,0,0,0
EOC6_PBMC_cell_TCAGGTAAGGGAACGG,0,0,0
EOC6_PBMC_cell_TCGTAGATCAAACAAG,0,0,0
EOC6_PBMC_cell_AGTAGTCTCATTTGGG,0,0,0
EOC6_PBMC_cell_GCACATAAGGATGGAA,0,0,0
EOC6_PBMC_cell_GTTCATTCATGTCGAT,0,0,0
EOC6_PBMC_cell_CGAATGTTCCTGTACC,0,0,0
EOC6_PBMC_cell_CGCGGTAGTTGGAGGT,0,0,0
EOC6_PBMC_cell_GCTCTGTAGTTCGCGC,0,0,0
EOC6_PBMC_cell_CCACTACCATCTGGTA,0,0,0
EOC6_PBMC_cell_CTCTGGTCAATGAAAC,0,0,0
EOC6_PBMC_cell_TGTCCCACAAGGTTCT,0,0,0
EOC6_PBMC_cell_TAGTTGGAGGGTCGAT,0,0,0
EOC6_PBMC_cell_GGGCATCGTCAACTGT,0,0,0
EOC6_PBMC_cell_AGTAGTCAGCCCAGCT,0,0,0
EOC6_PBMC_cell_TTCTCCTAGCGACGTA,0,0,0
EOC6_PBMC_cell_ATCATCTCAGTCAGAG,0,0,0
EOC6_PBMC_cell_GGAACTTCAGATGGCA,0,0,0
EOC6_PBMC_cell_GTCTTCGAGTCCTCCT,0,0,0
EOC6_PBMC_cell_CACAGTAGTTCCCGAG,0,0,0
EOC6_PBMC_cell_ATTTCTGGTAGCTTGT,0,0,0
EOC6_PBMC_cell_CCTTACGCATCTACGA,0,0,0
EOC6_PBMC_cell_TGCGTGGCATGAACCT,0,0,0
EOC6_PBMC_cell_CATGACAAGTTCCACA,0,0,0
EOC6_PBMC_cell_GATCGATGTATAAACG,0,0,0
EOC6_PBMC_cell_AGGCCGTGTGTAACGG,0,0,0
EOC6_PBMC_cell_ATGAGGGCACGGTAAG,0,0,0
EOC6_PBMC_cell_GTCTTCGTCAAACCAC,0,0,0
EOC6_PBMC_cell_GCTGCGAGTCAGCTAT,0,0,0
EOC6_PBMC_cell_ATAGACCCAATTCCTT,0,0,0
EOC6_PBMC_cell_GGGCACTCACCCTATC,0,0,0
EOC6_PBMC_cell_TCATTACAGATGTCGG,0,0,0
EOC6_PBMC_cell_CACATAGCAAGAAAGG,0,0,0
EOC6_PBMC_cell_TTCGAAGTCTAGCACA,0,0,0
EOC6_PBMC_cell_AAATGCCGTAGAAGGA,0,0,0
EOC6_PBMC_cell_AGCTCTCGTAGCGCTC,0,0,0
EOC6_PBMC_cell_TCCACACTCTACTCAT,0,0,0
EOC6_PBMC_cell_GGACATTCAGGGTATG,0,0,0
EOC6_PBMC_cell_TAAACCGAGCGGCTTC,0,0,0
EOC6_PBMC_cell_GTCCTCATCTCTAAGG,0,0,0
EOC6_PBMC_cell_GTTAAGCCAATCGAAA,0,0,0
EOC6_PBMC_cell_GTTCATTCACCGTTGG,0,0,0
EOC6_PBMC_cell_CAGCATAAGTCTCCTC,0,0,0
EOC6_PBMC_cell_CTAACTTAGGATTCGG,0,0,0
EOC6_PBMC_cell_GGACATTGTGCGGTAA,0,0,0
EOC6_PBMC_cell_GGCTGGTGTAAGAGGA,0,0,0
EOC6_PBMC_cell_TCAACGACACCAGGTC,0,0,0
EOC6_PBMC_cell_CAGAGAGGTTACGGAG,0,0,0
EOC6_PBMC_cell_CTCTAATAGTCAAGCG,0,0,0
EOC6_PBMC_cell_TTTGTCATCCATTCTA,0,0,0
EOC6_PBMC_cell_CCATGTCTCACCACCT,0,0,0
EOC6_PBMC_cell_GAGTCCGAGCGACGTA,0,0,0
EOC6_PBMC_cell_AGCGGTCCAAGCCGTC,0,0,0
EOC6_PBMC_cell_GGACATTGTCTTGTCC,0,0,0
EOC6_PBMC_cell_GTGCTTCCACGAAAGC,0,0,0
EOC6_PBMC_cell_ACGGCCATCTATGTGG,0,0,0
EOC6_PBMC_cell_GCAGCCAAGCACCGCT,0,0,0
EOC6_PBMC_cell_GCTTGAACATGCCTAA,0,0,0
EOC6_PBMC_cell_CAGGTGCAGAGACGAA,0,0,0
EOC6_PBMC_cell_GCCAAATTCTGGTTCC,0,0,0
EOC6_PBMC_cell_CGATTGAGTGGACGAT,0,0,0
EOC6_PBMC_cell_GCTGCTTCAGATCGGA,0,0,0
EOC6_PBMC_cell_CATCCACCACGGCCAT,0,0,0
EOC6_PBMC_cell_GTCACAAGTGGCAAAC,0,0,0
EOC6_PBMC_cell_AGCAGCCCAGTTCATG,0,0,0
EOC6_PBMC_cell_ACCCACTTCGTGACAT,0,0,0
EOC6_PBMC_cell_TGCCCTACAGACAAAT,0,0,0
EOC6_PBMC_cell_GAATAAGTCGTAGATC,0,0,0
EOC6_PBMC_cell_AGGTCATGTGGAAAGA,0,0,0
EOC6_PBMC_cell_AGTCTTTGTATATGGA,0,0,0
EOC6_PBMC_cell_AGGGATGGTTTGTGTG,0,0,0
EOC6_PBMC_cell_CATCCACCACCGTTGG,0,0,0
EOC6_PBMC_cell_GGGATGAGTTCCACGG,0,0,0
EOC6_PBMC_cell_GATCTAGAGTCAAGGC,0,0,0
EOC6_PBMC_cell_CTCGAAAGTAGAAGGA,0,0,0
EOC6_PBMC_cell_CGTAGGCAGTGAATTG,0,0,0
EOC6_PBMC_cell_TTTACTGCACCAGCAC,0,0,0
EOC6_PBMC_cell_AGTGTCAAGACCCACC,0,0,0
EOC6_PBMC_cell_GCATACAGTCCGAATT,0,0,0
EOC6_PBMC_cell_CATCGGGGTGACTACT,0,0,0
EOC6_PBMC_cell_CTCATTACACTTAACG,0,0,0
EOC6_PBMC_cell_GCGGGTTAGACTACAA,0,0,0
EOC6_PBMC_cell_CTCGAAACAGTATGCT,0,0,0
EOC6_PBMC_cell_GCTGGGTCAAACAACA,0,0,0
EOC6_PBMC_cell_CGACCTTGTGTGAATA,0,0,0
EOC6_PBMC_cell_CGATGGCAGGGAACGG,0,0,0
EOC6_PBMC_cell_CTCGGAGGTTCCGGCA,0,0,0
EOC6_PBMC_cell_CGTGTCTGTACATGTC,0,0,0
EOC6_PBMC_cell_GCATACAGTGGGTCAA,0,0,0
EOC6_PBMC_cell_CGAGCCAGTCCGAAGA,0,0,0
EOC6_PBMC_cell_CGCTTCAAGGACGAAA,0,0,0
EOC6_PBMC_cell_GATGCTACACGCCAGT,0,0,0
EOC6_PBMC_cell_CTGATCCAGTGCGTGA,0,0,0
EOC6_PBMC_cell_CCACCTACAAAGGAAG,0,0,0
EOC6_PBMC_cell_TCGCGAGGTCGATTGT,0,0,0
EOC6_PBMC_cell_TTATGCTGTCTTGATG,0,0,0
EOC6_PBMC_cell_CCCAGTTTCCTGCAGG,0,0,0
EOC6_PBMC_cell_ATCTACTGTGAGGGAG,0,0,0
EOC6_PBMC_cell_TGTATTCCACCGCTAG,0,0,0
EOC6_PBMC_cell_CGTGAGCAGCTGTCTA,0,0,0
EOC6_PBMC_cell_TACCTATAGTCTCAAC,0,0,0
EOC6_PBMC_cell_TCCACACCACGCCAGT,0,0,0
EOC6_PBMC_cell_CTTGGCTTCTTAACCT,0,0,0
EOC6_PBMC_cell_GACTAACTCTGCGTAA,0,0,0
EOC6_PBMC_cell_GCTTCCATCCAAATGC,0,0,0
EOC6_PBMC_cell_TCAGATGGTAAGGGCT,0,0,0
EOC6_PBMC_cell_ATTCTACAGAAGGCCT,0,0,0
EOC6_PBMC_cell_TGTCCCATCAACACCA,0,0,0
EOC6_PBMC_cell_TTGCCGTCAGATGGCA,0,0,0
EOC6_PBMC_cell_TCAGATGTCTTGGGTA,0,0,0
EOC6_PBMC_cell_CCTACACGTTATCCGA,0,0,0
EOC6_PBMC_cell_CCTTACGGTTTCCACC,0,0,0
EOC6_PBMC_cell_TTGGAACGTCGAGATG,0,0,0
EOC6_PBMC_cell_GGACAGACAACGCACC,0,0,0
EOC6_PBMC_cell_TGCTGCTTCAGGCGAA,0,0,0
EOC6_PBMC_cell_CTCACACAGTCACGCC,0,0,0
EOC6_PBMC_cell_GCACTCTAGATCTGCT,0,0,0
EOC6_PBMC_cell_GGAATAATCATAACCG,0,0,0
EOC6_PBMC_cell_CGTTAGACATCCAACA,0,0,0
EOC6_PBMC_cell_AAGACCTCAAGCCGTC,0,0,0
EOC6_PBMC_cell_TGGCTGGAGGTCATCT,0,0,0
EOC6_PBMC_cell_ACATACGAGACTGTAA,0,0,0
EOC6_PBMC_cell_GGGAGATGTGCAGACA,0,0,0
EOC6_PBMC_cell_GACACGCAGGCCCTCA,0,0,0
EOC6_PBMC_cell_CTAGTGAGTCTCTTAT,0,0,0
EOC6_PBMC_cell_ATTTCTGCAGCTGCTG,0,0,0
EOC6_PBMC_cell_CGTAGGCAGGCAAAGA,0,0,0
EOC6_PBMC_cell_AGTGGGATCCAAGTAC,0,0,0
EOC6_PBMC_cell_TGAGCCGGTTCGTCTC,0,0,0
EOC6_PBMC_cell_TGGCTGGGTTGCGCAC,0,0,0
EOC6_PBMC_cell_ACCGTAATCATCACCC,0,0,0
EOC6_PBMC_cell_AAGGAGCGTCAAACTC,0,0,0
EOC6_PBMC_cell_CGTCTACGTACCGTTA,0,0,0
EOC6_PBMC_cell_TGCCCATGTTAGAACA,0,0,0
EOC6_PBMC_cell_ATTATCCTCTACGAGT,0,0,0
EOC6_PBMC_cell_CCGTTCAGTGTTTGGT,0,0,0
EOC6_PBMC_cell_CGTTAGACAAAGAATC,0,0,0
EOC6_PBMC_cell_GAACATCCAGCGTTCG,0,0,0
EOC6_PBMC_cell_AACTGGTCACGACGAA,0,0,0
EOC6_PBMC_cell_GAAACTCAGTACCGGA,0,0,0
EOC6_PBMC_cell_CCGTTCAGTCATTAGC,0,0,0
EOC6_PBMC_cell_TGAAAGAGTTTAAGCC,0,0,0
EOC6_PBMC_cell_TCTCATAAGGCAGGTT,0,0,0
EOC6_PBMC_cell_ATTACTCAGCTCTCGG,0,0,0
EOC6_PBMC_cell_GGGCACTCACTTGGAT,0,0,0
EOC6_PBMC_cell_GACACGCAGGCGTACA,0,0,0
EOC6_PBMC_cell_TCCACACAGGATATAC,0,0,0
EOC6_PBMC_cell_TCTCTAAAGTGTCCAT,0,0,0
EOC6_PBMC_cell_TAAGAGAGTGCATCTA,0,0,0
EOC6_PBMC_cell_GTAGGCCTCGTCGTTC,0,0,0
EOC6_PBMC_cell_GTCGTAACATGCTAGT,0,0,0
EOC6_PBMC_cell_CTCTAATTCCTGCAGG,0,0,0
EOC6_PBMC_cell_AGATTGCCACGAAACG,0,0,0
EOC6_PBMC_cell_CCGTTCATCAATCTCT,0,0,0
EOC6_PBMC_cell_GTTCTCGTCACCCTCA,0,0,0
EOC6_PBMC_cell_AGCTTGAGTAGAGGAA,0,0,0
EOC6_PBMC_cell_GGCTGGTGTAGCGCAA,0,0,0
EOC6_PBMC_cell_CTCAGAATCGAATGCT,0,0,0
EOC6_PBMC_cell_GAAATGAGTTGGTTTG,0,0,0
EOC6_PBMC_cell_ATGGGAGAGATAGGAG,0,0,0
EOC6_PBMC_cell_AGTGGGAGTTCCCGAG,0,0,0
EOC6_PBMC_cell_CTAACTTAGTGGGCTA,0,0,0
EOC6_PBMC_cell_CAGGTGCCAAGAGGCT,0,0,0
EOC6_PBMC_cell_CTTACCGGTGTGGCTC,0,0,0
EOC6_PBMC_cell_TCAGCAACACCCATGG,0,0,0
EOC6_PBMC_cell_TGACAACGTACACCGC,0,0,0
EOC6_PBMC_cell_ATTGGTGAGCTGCAAG,0,0,0
EOC6_PBMC_cell_GTGCAGCCAGCTCGAC,0,0,0
EOC6_PBMC_cell_TGGCGCAGTAATCGTC,0,0,0
EOC6_PBMC_cell_GTGCAGCGTCCATCCT,0,0,0
EOC6_PBMC_cell_CTGTTTAAGCCATCGC,0,0,0
EOC6_PBMC_cell_CACCAGGTCCGCTGTT,0,0,0
EOC6_PBMC_cell_CATGCCTGTCGGCTCA,0,0,0
EOC6_PBMC_cell_CGCGGTAGTGGCCCTA,0,0,0
EOC6_PBMC_cell_ATCCACCTCACCTTAT,0,0,0
EOC6_PBMC_cell_CAGATCACAAGCGCTC,0,0,0
EOC6_PBMC_cell_GGGATGAAGTAGTGCG,0,0,0
EOC6_PBMC_cell_TTCTCAAGTTCGTCTC,0,0,0
EOC6_PBMC_cell_GATCGATCACTGTTAG,0,0,0
EOC6_PBMC_cell_GACCAATAGCGATTCT,0,0,0
EOC6_PBMC_cell_CGCGTTTGTGAAATCA,0,0,0
EOC6_PBMC_cell_CTAGTGATCGTTGACA,0,0,0
EOC6_PBMC_cell_AGGGATGAGTCCAGGA,0,0,0
EOC6_PBMC_cell_ATGTGTGGTAATAGCA,0,0,0
EOC6_PBMC_cell_GAGTCCGAGCTGCCCA,0,0,0
EOC6_PBMC_cell_GGTGAAGCATGTAGTC,0,0,0
EOC6_PBMC_cell_GATCGCGGTAGATTAG,0,0,0
EOC6_PBMC_cell_CGACTTCAGTGGCACA,0,0,0
EOC6_PBMC_cell_CAGCAGCGTTCAGGCC,0,0,0
EOC6_PBMC_cell_GTAGTCACAATAGCGG,0,0,0
EOC6_PBMC_cell_CAGATCACATGACGGA,0,0,0
EOC6_PBMC_cell_GGTATTGTCCCAGGTG,0,0,0
EOC6_PBMC_cell_GGCCGATGTTCTGTTT,0,0,0
EOC6_PBMC_cell_TGTGGTATCAATCTCT,0,0,0
EOC6_PBMC_cell_TAGAGCTGTTTGTTGG,0,0,0
EOC6_PBMC_cell_ATCCACCAGTGTACTC,0,0,0
EOC6_PBMC_cell_CAGCTGGTCGATAGAA,0,0,0
EOC6_PBMC_cell_GCAGTTACATACGCCG,0,0,0
EOC6_PBMC_cell_GCATGATCAGGAACGT,0,0,0
EOC6_PBMC_cell_TTTCCTCTCAGTGTTG,0,0,0
EOC6_PBMC_cell_TTCGAAGCATGAGCGA,0,0,0
EOC6_PBMC_cell_AAGACCTAGTGTTTGC,0,0,0
EOC6_PBMC_cell_ACAGCCGGTCAAGCGA,0,0,0
EOC6_PBMC_cell_TCAATCTTCAGCTCGG,0,0,0
EOC6_PBMC_cell_TGGCCAGCAATGAATG,0,0,0
EOC6_PBMC_cell_GACACGCGTAGCAAAT,0,0,0
EOC6_PBMC_cell_CTGTGCTGTCAGCTAT,0,0,0
EOC6_PBMC_cell_CACATTTCAGGTGGAT,0,0,0
EOC6_PBMC_cell_GCGCGATGTCTTGATG,0,0,0
EOC6_PBMC_cell_CTGCCTAGTACTTGAC,0,0,0
EOC6_PBMC_cell_CGTTAGAGTTCGCTAA,0,0,0
EOC6_PBMC_cell_TACTCATCAATGACCT,0,0,0
EOC6_PBMC_cell_TCGGGACCAGCTGTTA,0,0,0
EOC6_PBMC_cell_TCTATTGTCCTACAGA,0,0,0
EOC6_PBMC_cell_CCAATCCCATCCGTGG,0,0,0
EOC6_PBMC_cell_AACGTTGCACAGGTTT,0,0,0
EOC6_PBMC_cell_ACACCCTAGTCTCGGC,0,0,0
EOC6_PBMC_cell_ACATGGTAGGGCTTGA,0,0,0
EOC6_PBMC_cell_TCACAAGTCTGACCTC,0,0,0
EOC6_PBMC_cell_ATCCACCTCGTTTGCC,0,0,0
EOC6_PBMC_cell_GGGTTGCGTCAAAGAT,0,0,0
EOC6_PBMC_cell_GTGCAGCAGTTGTCGT,0,0,0
EOC6_PBMC_cell_AACACGTAGCGCCTTG,0,0,0
EOC6_PBMC_cell_AGCTTGAGTGTGCGTC,0,0,0
EOC6_PBMC_cell_CGGGTCACATAAGACA,0,0,0
EOC6_PBMC_cell_CTACGTCCAGACGCTC,0,0,0
EOC6_PBMC_cell_GTTAAGCTCTAACTTC,0,0,0
EOC6_PBMC_cell_TACACGATCGTTACGA,0,0,0
EOC6_PBMC_cell_CGCTGGAAGCATCATC,0,0,0
EOC6_PBMC_cell_GAGCAGATCAATAAGG,0,0,0
EOC6_PBMC_cell_GAAGCAGTCATGGTCA,0,0,0
EOC6_PBMC_cell_TGACGGCGTTAAGATG,0,0,0
EOC6_PBMC_cell_CAGTAACAGCACAGGT,0,0,0
EOC6_PBMC_cell_TGACGGCAGGTGTTAA,0,0,0
EOC6_PBMC_cell_TGTCCCACACTTACGA,0,0,0
EOC6_PBMC_cell_TTAGTTCCATGAACCT,0,0,0
EOC6_PBMC_cell_GGTGAAGGTCAGAGGT,0,0,0
EOC6_PBMC_cell_CCTAAAGCAGACGTAG,0,0,0
EOC6_PBMC_cell_GATGAAAGTTTGTTTC,0,0,0
EOC6_PBMC_cell_CCGTACTTCCCGGATG,0,0,0
EOC6_PBMC_cell_GTTACAGGTGCGAAAC,0,0,0
EOC6_PBMC_cell_ACGCCGAGTCATGCCG,0,0,0
EOC6_PBMC_cell_TGAGAGGAGCCAGAAC,0,0,0
EOC6_PBMC_cell_GTGAAGGGTGTCCTCT,0,0,0
EOC6_PBMC_cell_GCATGTACATGTCTCC,0,0,0
EOC6_PBMC_cell_GCTCCTACATGCAATC,0,0,0
EOC6_PBMC_cell_AGATCTGGTTGTGGCC,0,0,0
EOC6_PBMC_cell_TACTCATTCTGGCGAC,0,0,0
EOC6_PBMC_cell_ATGAGGGTCCAAGCCG,0,0,0
EOC6_PBMC_cell_CTGATAGCATTACCTT,0,0,0
EOC6_PBMC_cell_ACTTACTAGTCTCCTC,0,0,0
EOC6_PBMC_cell_CGCGGTATCAATACCG,0,0,0
EOC6_PBMC_cell_CGGAGCTGTATTAGCC,0,0,0
EOC6_PBMC_cell_CGCCAAGAGTGTGAAT,0,0,0
EOC6_PBMC_cell_GTAACTGCAGGGTTAG,0,0,0
EOC6_PBMC_cell_CGAGAAGTCAAACGGG,0,0,0
EOC6_PBMC_cell_ATCGAGTCAACTGCTA,0,0,0
EOC6_PBMC_cell_GCATACATCCGCGCAA,0,0,0
EOC6_PBMC_cell_GGATTACTCAAAGTAG,0,0,0
EOC6_PBMC_cell_CCAATCCAGGATGCGT,0,0,0
EOC6_PBMC_cell_CCGTGGAGTTCACGGC,0,0,0
EOC6_PBMC_cell_ATCTACTAGAAGGGTA,0,0,0
EOC6_PBMC_cell_CGTCTACGTTGTACAC,0,0,0
EOC6_PBMC_cell_CTACCCAAGTCTCGGC,0,0,0
EOC6_PBMC_cell_TTCGGTCTCTGAGGGA,0,0,0
EOC6_PBMC_cell_GCACTCTAGCCACGTC,0,0,0
EOC6_PBMC_cell_CGTAGCGTCTCTGTCG,0,0,0
EOC6_PBMC_cell_CTCTAATAGTTAAGTG,0,0,0
EOC6_PBMC_cell_ACATCAGCACAACGTT,0,0,0
EOC6_PBMC_cell_AGAGCGAGTACCTACA,0,0,0
EOC6_PBMC_cell_ATAAGAGAGCTAAACA,0,0,0
EOC6_PBMC_cell_GGTATTGCATCCCACT,0,0,0
EOC6_PBMC_cell_GGAAAGCTCTCGATGA,0,0,0
EOC6_PBMC_cell_CTCGGAGCAGCGTAAG,0,0,0
EOC6_PBMC_cell_CAGAGAGCAGCTCGAC,0,0,0
EOC6_PBMC_cell_GGCAATTGTGAGGGTT,0,0,0
EOC6_PBMC_cell_TGAAAGAGTCATCCCT,0,0,0
EOC6_PBMC_cell_GTGTGCGAGGACAGAA,0,0,0
EOC6_PBMC_cell_GTGTGCGTCCTGCCAT,0,0,0
EOC6_PBMC_cell_TACACGAGTGGCTCCA,0,0,0
EOC6_PBMC_cell_CACACTCCATTAACCG,0,0,0
EOC6_PBMC_cell_CTCAGAAGTCATTAGC,0,0,0
EOC6_PBMC_cell_AAGGAGCTCTTGTTTG,0,0,0
EOC6_PBMC_cell_TATCAGGCACATCTTT,0,0,0
EOC6_PBMC_cell_AGTGTCATCACCGGGT,0,0,0
EOC6_PBMC_cell_GTAGGCCCAACGCACC,0,0,0
EOC6_PBMC_cell_ACACCGGAGCTGTTCA,0,0,0
EOC6_PBMC_cell_GCAGTTACACAAGCCC,0,0,0
EOC6_PBMC_cell_AAGGCAGGTCGGCATC,0,0,0
EOC6_PBMC_cell_GTTCTCGTCTGTTTGT,0,0,0
EOC6_PBMC_cell_GGTGTTATCTCACATT,0,0,0
EOC6_PBMC_cell_GGCGTGTTCCTGTACC,0,0,0
EOC6_PBMC_cell_GATCAGTCATCATCCC,0,0,0
EOC6_PBMC_cell_TTGGAACGTGCACCAC,0,0,0
EOC6_PBMC_cell_CTCATTATCAGTTGAC,0,0,0
EOC6_PBMC_cell_GCTTGAAGTCTAACGT,0,0,0
EOC6_PBMC_cell_GGGTTGCAGTGGACGT,0,0,0
EOC6_PBMC_cell_TCTTTCCTCTCAACTT,0,0,0
EOC6_PBMC_cell_GATGCTAAGCGTGTCC,0,0,0
EOC6_PBMC_cell_TTTATGCTCTTCAACT,0,0,0
EOC6_PBMC_cell_CAAGAAAGTCTTGATG,0,0,0
EOC6_PBMC_cell_CGGCTAGGTCGCGTGT,0,0,0
EOC6_PBMC_cell_CGTTGGGCACCACGTG,0,0,0
EOC6_PBMC_cell_TTAGGCAAGAATGTGT,0,0,0
EOC6_PBMC_cell_CCGGGATAGGGTGTGT,0,0,0
EOC6_PBMC_cell_GATGAAAAGATGTGTA,0,0,0
EOC6_PBMC_cell_TTGCGTCAGATAGTCA,0,0,0
EOC6_PBMC_cell_CGTCTACCACTTAACG,0,0,0
EOC6_PBMC_cell_CGTGTCTCAGACAGGT,0,0,0
EOC6_PBMC_cell_AGCTTGACAGTTCCCT,0,0,0
EOC6_PBMC_cell_AGGTCATTCACCAGGC,0,0,0
EOC6_PBMC_cell_CGTTCTGAGTACGACG,0,0,0
EOC6_PBMC_cell_CACAGGCCATCGTCGG,0,0,0
EOC6_PBMC_cell_GCTTCCATCCGCTGTT,0,0,0
EOC6_PBMC_cell_CGATCGGAGACCACGA,0,0,0
EOC6_PBMC_cell_TGGTTCCTCAAACCGT,0,0,0
EOC6_PBMC_cell_CCAGCGAAGGTGCACA,0,0,0
EOC6_PBMC_cell_CCGGGATAGCCATCGC,0,0,0
EOC6_PBMC_cell_TCAGGTAAGAGTAAGG,0,0,0
EOC6_PBMC_cell_TCAACGATCGGTTAAC,0,0,0
EOC6_PBMC_cell_GATGCTAAGCAGGTCA,0,0,0
EOC6_PBMC_cell_GACAGAGGTTCCTCCA,0,0,0
EOC6_PBMC_cell_GTGGGTCTCTTGAGAC,0,0,0
EOC6_PBMC_cell_ACGGCCACAATAGCAA,0,0,0
EOC6_PBMC_cell_CTAACTTCATGGGAAC,0,0,0
EOC6_PBMC_cell_GTAGTCACACCAACCG,0,0,0
EOC6_PBMC_cell_GTCGGGTCAAGGTTTC,0,0,0
EOC6_PBMC_cell_CCAGCGAAGAGATGAG,0,0,0
EOC6_PBMC_cell_GTGTTAGCACAGCCCA,0,0,0
EOC6_PBMC_cell_TAAGTGCCACACAGAG,0,0,0
EOC6_PBMC_cell_GTACGTATCGGCTACG,0,0,0
EOC6_PBMC_cell_CAGTAACTCATGCATG,0,0,0
EOC6_PBMC_cell_CGGTTAAGTGCAGACA,0,0,0
EOC6_PBMC_cell_AGAGCGACAAGGTTCT,0,0,0
EOC6_PBMC_cell_GTAGGCCAGCTCAACT,0,0,0
EOC6_PBMC_cell_CGGACTGTCATGCTCC,0,0,0
EOC6_PBMC_cell_AGCAGCCCATATACGC,0,0,0
EOC6_PBMC_cell_ACGAGGAGTTAAGGGC,0,0,0
EOC6_PBMC_cell_CCAGCGAGTCCCGACA,0,0,0
EOC6_PBMC_cell_TGCGTGGGTCACAAGG,0,0,0
EOC6_PBMC_cell_GCACATATCCGAGCCA,0,0,0
EOC6_PBMC_cell_AGCGGTCTCAGCACAT,0,0,0
EOC6_PBMC_cell_ACGAGGATCGTGGGAA,0,0,0
EOC6_PBMC_cell_GATGAGGGTTCCGTCT,0,0,0
EOC6_PBMC_cell_GCTTCCACACAGGCCT,0,0,0
EOC6_PBMC_cell_CCCAATCGTCGACTAT,0,0,0
EOC6_PBMC_cell_AGTGTCAAGGACCACA,0,0,0
EOC6_PBMC_cell_GACGCGTGTAACGACG,0,0,0
EOC6_PBMC_cell_CACAAACCACGGCCAT,0,0,0
EOC6_PBMC_cell_GTTTCTAAGTGAACAT,0,0,0
EOC6_PBMC_cell_GCTTGAACAACCGCCA,0,0,0
EOC6_PBMC_cell_GTCGGGTAGGAGTAGA,0,0,0
EOC6_PBMC_cell_GAGGTGAAGTATCTCG,0,0,0
EOC6_PBMC_cell_ACGGGTCGTTAGAACA,0,0,0
EOC6_PBMC_cell_GGCAATTTCGAGGTAG,0,0,0
EOC6_PBMC_cell_CAGAGAGTCGGTGTCG,0,0,0
EOC6_PBMC_cell_CTAGCCTGTCTCGTTC,0,0,0
EOC6_PBMC_cell_TAAGCGTAGATGTGGC,0,0,0
EOC6_PBMC_cell_AGCGTATGTTGGTTTG,0,0,0
EOC6_PBMC_cell_TGCTACCGTTCGTCTC,0,0,0
EOC6_PBMC_cell_TCAACGACAAGTACCT,0,0,0
EOC6_PBMC_cell_GGATGTTGTGTCAATC,0,0,0
EOC6_PBMC_cell_TCGCGAGCACATTTCT,0,0,0
EOC6_PBMC_cell_GCATACACACTGAAGG,0,0,0
EOC6_PBMC_cell_ATGAGGGTCATCGGAT,0,0,0
EOC6_PBMC_cell_TCAGATGCACCAGATT,0,0,0
EOC6_PBMC_cell_GCAGTTAGTAAGCACG,0,0,0
EOC6_PBMC_cell_CGTTAGAGTTGCGCAC,0,0,0
EOC6_PBMC_cell_CGTCAGGGTATCACCA,0,0,0
EOC6_PBMC_cell_ACGAGGATCACTATTC,0,0,0
EOC6_PBMC_cell_TTTGGTTTCTGATTCT,0,0,0
EOC6_PBMC_cell_GTTCGGGAGTGGTCCC,0,0,0
EOC6_PBMC_cell_CGTTCTGCAATGGAAT,0,0,0
EOC6_PBMC_cell_CTCGTCATCATCGATG,0,0,0
EOC6_PBMC_cell_CTACCCAGTGAAGGCT,0,0,0
EOC6_PBMC_cell_TTCCCAGGTGTGAATA,0,0,0
EOC6_PBMC_cell_GATTCAGAGCATCATC,0,0,0
EOC6_PBMC_cell_GTACTCCTCCTCTAGC,0,0,0
EOC6_PBMC_cell_AGTGGGACATCGACGC,0,0,0
EOC6_PBMC_cell_CCGTACTCAGCCTGTG,0,0,0
EOC6_PBMC_cell_ACACCGGGTTAGTGGG,0,0,0
EOC6_PBMC_cell_TCAGGATGTCATACTG,0,0,0
EOC6_PBMC_cell_CACACTCGTATCGCAT,0,0,0
EOC6_PBMC_cell_GAACATCTCGACAGCC,0,0,0
EOC6_PBMC_cell_GCAGCCATCTAACCGA,0,0,0
EOC6_PBMC_cell_CACACTCTCGCAAACT,0,0,0
EOC6_PBMC_cell_GCGCAGTGTTACAGAA,0,0,0
EOC6_PBMC_cell_GCAATCACATGGGACA,0,0,0
EOC6_PBMC_cell_CCTTCCCTCACAACGT,0,0,0
EOC6_PBMC_cell_TGGGCGTCAGTCAGAG,0,0,0
EOC6_PBMC_cell_CACATTTTCTTCTGGC,0,0,0
EOC6_PBMC_cell_TCCACACCAAACTGTC,0,0,0
EOC6_PBMC_cell_ACGATGTGTCGCATAT,0,0,0
EOC6_PBMC_cell_TTATGCTAGACAAAGG,0,0,0
EOC6_PBMC_cell_CAACCAAAGACGCACA,0,0,0
EOC6_PBMC_cell_CCAATCCAGCTAACAA,0,0,0
EOC6_PBMC_cell_TGTGTTTGTAATCGTC,0,0,0
EOC6_PBMC_cell_TTGCGTCAGTGCTGCC,0,0,0
EOC6_PBMC_cell_CAGAATCCAGACGTAG,0,0,0
EOC6_PBMC_cell_TACAGTGCAGGCGATA,0,0,0
EOC6_PBMC_cell_CTGCCTAGTTAGTGGG,0,0,0
EOC6_PBMC_cell_ATCGAGTCAATAGCAA,0,0,0
EOC6_PBMC_cell_AGATTGCCACTCAGGC,0,0,0
EOC6_PBMC_cell_GCTGCAGCATTGCGGC,0,0,0
EOC6_PBMC_cell_CGTGAGCGTGACGGTA,0,0,0
EOC6_PBMC_cell_CTACCCAAGCTCCCAG,0,0,0
EOC6_PBMC_cell_CATATGGGTCTTCGTC,0,0,0
EOC6_PBMC_cell_CTACACCTCAAACAAG,0,0,0
EOC6_PBMC_cell_TGCTGCTGTGCAGACA,0,0,0
EOC6_PBMC_cell_AAACGGGTCCTAAGTG,0,0,0
EOC6_PBMC_cell_GGGACCTAGGTGATAT,0,0,0
EOC6_PBMC_cell_ACACCCTCAACACCCG,0,0,0
EOC6_PBMC_cell_TTAGGCATCTAGCACA,0,0,0
EOC6_PBMC_cell_CCGGTAGAGACGCTTT,0,0,0
EOC6_PBMC_cell_CAACCAATCAATAAGG,0,0,0
EOC6_PBMC_cell_TGCCAAAGTCATATCG,0,0,0
EOC6_PBMC_cell_TGGCGCATCCTCAATT,0,0,0
EOC6_PBMC_cell_CCATGTCCAAACTGCT,0,0,0
EOC6_PBMC_cell_GTTTCTATCCCAGGTG,0,0,0
EOC6_PBMC_cell_ACTTTCAAGGCGCTCT,0,0,0
EOC6_PBMC_cell_GTTACAGTCGACGGAA,0,0,0
EOC6_PBMC_cell_CTCTGGTCACATCTTT,0,0,0
EOC6_PBMC_cell_TATCTCATCCTCAATT,0,0,0
EOC6_PBMC_cell_CTCATTAGTACTTGAC,0,0,0
EOC6_PBMC_cell_TCTGAGAGTATCAGTC,0,0,0
EOC6_PBMC_cell_GGAAAGCAGATATGGT,0,0,0
EOC6_PBMC_cell_AGTTGGTCAGCTGTTA,0,0,0
EOC6_PBMC_cell_TATCAGGGTACAGCAG,0,0,0
EOC6_PBMC_cell_GGCCGATGTTCGAATC,0,0,0
EOC6_PBMC_cell_AGTGGGAAGATGCCAG,0,0,0
EOC6_PBMC_cell_AACTGGTGTGCAGACA,0,0,0
EOC6_PBMC_cell_CATATTCCAATAACGA,0,0,0
EOC6_PBMC_cell_ATCACGAAGAGTCGGT,0,0,0
EOC6_PBMC_cell_TGTCCCACAGGTCCAC,0,0,0
EOC6_PBMC_cell_ATCACGAGTAAGGGCT,0,0,0
EOC6_PBMC_cell_TACCTATGTCAACTGT,0,0,0
EOC6_PBMC_cell_ATGCGATCAAATCCGT,0,0,0
EOC6_PBMC_cell_CCAATCCCATCGATTG,0,0,0
EOC6_PBMC_cell_CGATTGATCTAGCACA,0,0,0
EOC6_PBMC_cell_TAAGAGAGTTCGGCAC,0,0,0
EOC6_PBMC_cell_GACACGCTCGTCTGCT,0,0,0
EOC6_PBMC_cell_GGATTACGTCAATACC,0,0,0
EOC6_PBMC_cell_GATCAGTGTAAGCACG,0,0,0
EOC6_PBMC_cell_GCCAAATAGGACAGAA,0,0,0
EOC6_PBMC_cell_CGGACGTCAACTGCTA,0,0,0
EOC6_PBMC_cell_CTGAAGTGTGCACCAC,0,0,0
EOC6_PBMC_cell_GAAATGATCAACGGCC,0,0,0
EOC6_PBMC_cell_CAGCAGCAGGCTCTTA,0,0,0
EOC6_PBMC_cell_ACATACGCAGCATACT,0,0,0
EOC6_PBMC_cell_GCTGCGACATGGGAAC,0,0,0
EOC6_PBMC_cell_AAGTCTGAGGTGACCA,0,0,0
EOC6_PBMC_cell_CTACATTTCTCTGAGA,0,0,0
EOC6_PBMC_cell_GACTGCGTCGATCCCT,0,0,0
EOC6_PBMC_cell_GACTACAAGTCGATAA,0,0,0
EOC6_PBMC_cell_TCTGGAAAGCAGCCTC,0,0,0
EOC6_PBMC_cell_CACATTTGTATATGAG,0,0,0
EOC6_PBMC_cell_ACGCCAGCAAGCCGTC,0,0,0
EOC6_PBMC_cell_CGTCCATCATGCCCGA,0,0,0
EOC6_PBMC_cell_GGTATTGGTAGAAGGA,0,0,0
EOC6_PBMC_cell_GCGCCAACAATAGCAA,0,0,0
EOC6_PBMC_cell_GTCATTTAGAGGTTGC,0,0,0
EOC6_PBMC_cell_GTCGTAAGTCTGGTCG,0,0,0
EOC6_PBMC_cell_AACTGGTGTGCCTGGT,0,0,0
EOC6_PBMC_cell_AAGGTTCAGGAGTACC,0,0,0
EOC6_PBMC_cell_GACCAATCAGGATTGG,0,0,0
EOC6_PBMC_cell_GTCACAAAGCCAGTAG,0,0,0
EOC6_PBMC_cell_TGGCGCAAGGCGATAC,0,0,0
EOC6_PBMC_cell_CGATCGGGTCTCATCC,0,0,0
EOC6_PBMC_cell_AAGACCTCATATGCTG,0,0,0
EOC6_PBMC_cell_TCAGGTATCAACGGGA,0,0,0
EOC6_PBMC_cell_GACTGCGAGCCTCGTG,0,0,0
EOC6_PBMC_cell_TGTCCCAGTGCAACTT,0,0,0
EOC6_PBMC_cell_AAGGTTCGTATGGTTC,0,0,0
EOC6_PBMC_cell_ACGGGTCGTAAAGGAG,0,0,0
EOC6_PBMC_cell_GGATGTTAGGATGTAT,0,0,0
EOC6_PBMC_cell_GATCGCGGTAAGTTCC,0,0,0
EOC6_PBMC_cell_CCGTACTTCAAAGACA,0,0,0
EOC6_PBMC_cell_CAACCAAGTAGCGTAG,0,0,0
EOC6_PBMC_cell_TAGCCGGTCCACGACG,0,0,0
EOC6_PBMC_cell_GGAGCAACATCCAACA,0,0,0
EOC6_PBMC_cell_CGACCTTAGGACAGCT,0,0,0
EOC6_PBMC_cell_AAAGCAAAGTGTACCT,0,0,0
EOC6_PBMC_cell_GTATTCTCAAACTGTC,0,0,0
EOC6_PBMC_cell_ACCAGTAGTAACGACG,0,0,0
EOC6_PBMC_cell_GCCTCTATCTAGAGTC,0,0,0
EOC6_PBMC_cell_AACCATGCAAGGACTG,0,0,0
EOC6_PBMC_cell_TTCGAAGCAAGTTCTG,0,0,0
EOC6_PBMC_cell_GCTGCGACAGACGCAA,0,0,0
EOC6_PBMC_cell_TGATTTCGTTGAACTC,0,0,0
EOC6_PBMC_cell_TACCTTATCCGAGCCA,0,0,0
EOC6_PBMC_cell_AGCTCTCGTGTGGCTC,0,0,0
EOC6_PBMC_cell_AGAGCTTCACTTAACG,0,0,0
EOC6_PBMC_cell_TCGGGACCAGCCTGTG,0,0,0
EOC6_PBMC_cell_GGCTCGAGTCACAAGG,0,0,0
EOC6_PBMC_cell_CAGTCCTAGACTGTAA,0,0,0
EOC6_PBMC_cell_CGCTTCATCCGATATG,0,0,0
EOC6_PBMC_cell_TCGCGTTGTATTCTCT,0,0,0
EOC6_PBMC_cell_AGCATACCATCCGGGT,0,0,0
EOC6_PBMC_cell_CACACAAGTCCAACTA,0,0,0
EOC6_PBMC_cell_TGGCCAGCATGAACCT,0,0,0
EOC6_PBMC_cell_CAGTAACTCGTGGACC,0,0,0
EOC6_PBMC_cell_TAAACCGTCGACCAGC,0,0,0
EOC6_PBMC_cell_GGAGCAAGTCTTCGTC,0,0,0
EOC6_PBMC_cell_AGGGAGTTCGTTACGA,0,0,0
EOC6_PBMC_cell_TGAGCATCACGAAAGC,0,0,0
EOC6_PBMC_cell_AAATGCCAGTTGTCGT,0,0,0
EOC6_PBMC_cell_CAGCAGCAGTATTGGA,0,0,0
EOC6_PBMC_cell_ATTCTACTCACTCCTG,0,0,0
EOC6_PBMC_cell_ATTCTACAGATGTGTA,0,0,0
EOC6_PBMC_cell_TGAGCATTCACAAACC,0,0,0
EOC6_PBMC_cell_CGATCGGAGTCCAGGA,0,0,0
EOC6_PBMC_cell_AGCATACGTGCAGGTA,0,0,0
EOC6_PBMC_cell_CTGGTCTCACTTCGAA,0,0,0
EOC6_PBMC_cell_GCACTCTAGGATGGAA,0,0,0
EOC6_PBMC_cell_TGCCAAAGTTAAGTAG,0,0,0
EOC6_PBMC_cell_TGCGGGTTCGCATGAT,0,0,0
EOC6_PBMC_cell_ACCTTTATCAGGCGAA,0,0,0
EOC6_PBMC_cell_GATGCTAAGAGTACCG,0,0,0
EOC6_PBMC_cell_CGGACACCAGTCACTA,0,0,0
EOC6_PBMC_cell_TCTGAGAAGAGACTAT,0,0,0
EOC6_PBMC_cell_CTGTTTAAGATGCGAC,0,0,0
EOC6_PBMC_cell_TCCACACAGTCTTGCA,0,0,0
EOC6_PBMC_cell_TTGTAGGCACGAAGCA,0,0,0
EOC6_PBMC_cell_CGCGTTTGTCTTCAAG,0,0,0
EOC6_PBMC_cell_GGAATAAGTGCTAGCC,0,0,0
EOC6_PBMC_cell_CTGCGGATCTGGTATG,0,0,0
EOC6_PBMC_cell_AACCATGAGGCTATCT,0,0,0
EOC6_PBMC_cell_GCATACAAGACAAGCC,0,0,0
EOC6_PBMC_cell_ACTGATGAGGGTGTGT,0,0,0
EOC6_PBMC_cell_CCTTCGAAGAGGTACC,0,0,0
EOC6_PBMC_cell_GTCATTTTCATCTGCC,0,0,0
EOC6_PBMC_cell_ACTTTCAGTGGGTCAA,0,0,0
EOC6_PBMC_cell_AAGACCTGTTCGCTAA,0,0,0
EOC6_PBMC_cell_TAAGCGTGTCCAAGTT,0,0,0
EOC6_PBMC_cell_CCTACACTCCAGAGGA,0,0,0
EOC6_PBMC_cell_TACCTATTCAGTCCCT,0,0,0
EOC6_PBMC_cell_CACATAGCAGTTCATG,0,0,0
EOC6_PBMC_cell_TTCGGTCGTCGAAAGC,0,0,0
EOC6_PBMC_cell_TCAGGTAGTGTGAATA,0,0,0
EOC6_PBMC_cell_GACCTGGTCTATCCTA,0,0,0
EOC6_PBMC_cell_CGTCTACAGGTCGGAT,0,0,0
EOC6_PBMC_cell_CACAGTATCGGTTCGG,0,0,0
EOC6_PBMC_cell_GGCTCGAGTTCGCTAA,0,0,0
EOC6_PBMC_cell_ACCCACTCAGCTGGCT,0,0,0
EOC6_PBMC_cell_CTGAAACAGAGTCGGT,0,0,0
EOC6_PBMC_cell_CAGAGAGCAATGGACG,0,0,0
EOC6_PBMC_cell_GTTCATTGTGGTAACG,0,0,0
EOC6_PBMC_cell_GGCTCGATCCACTGGG,0,0,0
EOC6_PBMC_cell_AGCTTGAGTGCAGGTA,0,0,0
EOC6_PBMC_cell_GCCTCTAAGAGTTGGC,0,0,0
EOC6_PBMC_cell_TACTTGTCAGGCAGTA,0,0,0
EOC6_PBMC_cell_TGGCGCAAGAGTCGGT,0,0,0
EOC6_PBMC_cell_GGGATGATCACCTCGT,0,0,0
EOC6_PBMC_cell_CTGTGCTTCGTTACAG,0,0,0
EOC6_PBMC_cell_CCACGGATCATCGATG,0,0,0
EOC6_PBMC_cell_ATTTCTGGTCTAACGT,0,0,0
EOC6_PBMC_cell_CCAATCCGTAACGTTC,0,0,0
EOC6_PBMC_cell_GGGTTGCCATATACCG,0,0,0
EOC6_PBMC_cell_CCCAGTTCATGGGAAC,0,0,0
EOC6_PBMC_cell_ACGTCAAGTTCCAACA,0,0,0
EOC6_PBMC_cell_TGGCCAGAGGATGCGT,0,0,0
EOC6_PBMC_cell_ATTGGTGAGTCACGCC,0,0,0
EOC6_PBMC_cell_AGCTTGACACATCCGG,0,0,0
EOC6_PBMC_cell_GGGACCTGTGCAGTAG,0,0,0
EOC6_PBMC_cell_ATAAGAGGTCTAGCCG,0,0,0
EOC6_PBMC_cell_GTAACTGCATGCGCAC,0,0,0
EOC6_PBMC_cell_CACTCCAAGATGGGTC,0,0,0
EOC6_PBMC_cell_CACTCCACAGCGAACA,0,0,0
EOC6_PBMC_cell_AGCAGCCGTGCAGTAG,0,0,0
EOC6_PBMC_cell_GTACTTTAGAGTACCG,0,0,0
EOC6_PBMC_cell_CGCTGGACACTTAAGC,0,0,0
EOC6_PBMC_cell_GTAACGTTCCACGACG,0,0,0
EOC6_PBMC_cell_GACGGCTAGACTGTAA,0,0,0
EOC6_PBMC_cell_TGCGTGGTCCCTCTTT,0,0,0
EOC6_PBMC_cell_GATGCTACAGGTTTCA,0,0,0
EOC6_PBMC_cell_CTGCCTAAGCTAGTTC,0,0,0
EOC6_PBMC_cell_TATCTCAGTTGCCTCT,0,0,0
EOC6_PBMC_cell_AGGCCGTAGAAGATTC,0,0,0
EOC6_PBMC_cell_CTGAAGTTCAATCTCT,0,0,0
EOC6_PBMC_cell_ACCCACTGTCTGCGGT,0,0,0
EOC6_PBMC_cell_CACCTTGAGGTGTTAA,0,0,0
EOC6_PBMC_cell_TTCCCAGCAGCCACCA,0,0,0
EOC6_PBMC_cell_GTGAAGGTCCGCGTTT,0,0,0
EOC6_PBMC_cell_ATTTCTGGTGAGGGAG,0,0,0
EOC6_PBMC_cell_TTGCCGTGTTCAACCA,0,0,0
EOC6_PBMC_cell_CTCTAATCACCACGTG,0,0,0
EOC6_PBMC_cell_CACATAGCAAATACAG,0,0,0
EOC6_PBMC_cell_GCTGCGAAGTCTCGGC,0,0,0
EOC6_PBMC_cell_CCACCTACATGCTAGT,0,0,0
EOC6_PBMC_cell_AGAATAGCAGGTGCCT,0,0,0
EOC6_PBMC_cell_TAAACCGAGAGAACAG,0,0,0
EOC6_PBMC_cell_CGAACATGTGGTACAG,0,0,0
EOC6_PBMC_cell_TACACGATCCGAAGAG,0,0,0
EOC6_PBMC_cell_AGGGTGAGTATAGGTA,0,0,0
EOC6_PBMC_cell_CTCGAGGGTCCGAATT,0,0,0
EOC6_PBMC_cell_ACACCCTGTCTTGATG,0,0,0
EOC6_PBMC_cell_CTCTAATCAGGGAGAG,0,0,0
EOC6_PBMC_cell_GAGGTGACACAACGCC,0,0,0
EOC6_PBMC_cell_AGTGAGGAGTGACTCT,0,0,0
EOC6_PBMC_cell_CGATCGGGTAGTGAAT,0,0,0
EOC6_PBMC_cell_CGACTTCCAGTACACT,0,0,0
EOC6_PBMC_cell_GACTACAGTGCCTGCA,0,0,0
EOC6_PBMC_cell_GTAACGTAGACAAGCC,0,0,0
EOC6_PBMC_cell_ATGAGGGTCAGCTTAG,0,0,0
EOC6_PBMC_cell_CAACCAATCCCTCAGT,0,0,0
EOC6_PBMC_cell_GACTAACGTGAAAGAG,0,0,0
EOC6_PBMC_cell_GAATAAGGTATTAGCC,0,0,0
EOC6_PBMC_cell_GCAGCCAGTCGTTGTA,0,0,0
EOC6_PBMC_cell_AATCCAGGTATGGTTC,0,0,0
EOC6_PBMC_cell_TACGGTATCATAACCG,0,0,0
EOC6_PBMC_cell_TCAGGTACAGCTCGCA,0,0,0
EOC6_PBMC_cell_GACGTGCAGAAGAAGC,0,0,0
EOC6_PBMC_cell_AAGTCTGGTGTCGCTG,0,0,0
EOC6_PBMC_cell_GGGTCTGTCGGCATCG,0,0,0
EOC6_PBMC_cell_TACGGTAAGTCTCGGC,0,0,0
EOC6_PBMC_cell_GATGAAATCCTCTAGC,0,0,0
EOC6_PBMC_cell_CTACATTAGCAGCGTA,0,0,0
EOC6_PBMC_cell_TATTACCAGCTGCAAG,0,0,0
EOC6_PBMC_cell_GCTGCTTCAGAGCCAA,0,0,0
EOC6_PBMC_cell_CAGCAGCTCGGCGCAT,0,0,0
EOC6_PBMC_cell_AGGGAGTGTGTGAAAT,0,0,0
EOC6_PBMC_cell_ACACCGGGTGGTCTCG,0,0,0
EOC6_PBMC_cell_AGCCTAAAGATGTGGC,0,0,0
EOC6_PBMC_cell_CGGGTCAAGAGCTATA,0,0,0
EOC6_PBMC_cell_TCTGAGAGTAGTGAAT,0,0,0
EOC6_PBMC_cell_TCACAAGGTACGCTGC,0,0,0
EOC6_PBMC_cell_GTCACAACAAACGCGA,0,0,0
EOC6_PBMC_cell_CTAAGACTCCTAGGGC,0,0,0
EOC6_PBMC_cell_TGGCTGGAGACACGAC,0,0,0
EOC6_PBMC_cell_CTAGTGAAGACTAGAT,0,0,0
EOC6_PBMC_cell_AAGGTTCAGTTACCCA,0,0,0
EOC6_PBMC_cell_TTCTTAGCATCAGTCA,0,0,0
EOC6_PBMC_cell_TACTTACTCGAGAGCA,0,0,0
EOC6_PBMC_cell_TTCTCCTCACGCCAGT,0,0,0
EOC6_PBMC_cell_GGCGACTGTCGCTTCT,0,0,0
EOC6_PBMC_cell_AACTTTCGTCTGATCA,0,0,0
EOC6_PBMC_cell_TGGCGCACATATGGTC,0,0,0
EOC6_PBMC_cell_TGAGGGATCTCTAAGG,0,0,0
EOC6_PBMC_cell_CATTATCGTGCTCTTC,0,0,0
EOC6_PBMC_cell_CTAGTGAGTTTGTTTC,0,0,0
EOC6_PBMC_cell_ACTATCTCACAGGTTT,0,0,0
EOC6_PBMC_cell_GGGACCTTCCTAGAAC,0,0,0
EOC6_PBMC_cell_CACAGGCTCTCGCTTG,0,0,0
EOC6_PBMC_cell_CGAATGTTCATCGGAT,0,0,0
EOC6_PBMC_cell_ATCACGACACAGAGGT,0,0,0
EOC6_PBMC_cell_CTAGCCTGTACCGGCT,0,0,0
EOC6_PBMC_cell_ATCGAGTTCACTTATC,0,0,0
EOC6_PBMC_cell_ATCTACTCATCTCGCT,0,0,0
EOC6_PBMC_cell_TCGCGAGAGCTGAAAT,0,0,0
EOC6_PBMC_cell_GGGATGATCAACCATG,0,0,0
EOC6_PBMC_cell_AAACCTGTCTCCAGGG,0,0,0
EOC6_PBMC_cell_CCATTCGCACCCATTC,0,0,0
EOC6_PBMC_cell_ACTGAGTTCACTTATC,0,0,0
EOC6_PBMC_cell_CACAAACCAGCTCGAC,0,0,0
EOC6_PBMC_cell_CTGAAACAGCCACCTG,0,0,0
EOC6_PBMC_cell_CGTCTACTCCACGTTC,0,0,0
EOC6_PBMC_cell_CGACCTTTCATCGGAT,0,0,0
EOC6_PBMC_cell_AGTGGGAAGGTGCACA,0,0,0
EOC6_PBMC_cell_CTCTGGTCAGCGTTCG,0,0,0
EOC6_PBMC_cell_AGACGTTCAAACTGCT,0,0,0
EOC6_PBMC_cell_TTGTAGGTCACCCGAG,0,0,0
EOC6_PBMC_cell_GCACTCTCACGGCCAT,0,0,0
EOC6_PBMC_cell_CATCAGAGTGTTTGTG,0,0,0
EOC6_PBMC_cell_CATGACACAATGAAAC,0,0,0
EOC6_PBMC_cell_CTCAGAAAGTAGGTGC,0,0,0
EOC6_PBMC_cell_TACCTTATCTCGTATT,0,0,0
EOC6_PBMC_cell_CTCGGAGAGAGATGAG,0,0,0
EOC6_PBMC_cell_GCGCGATAGTGAAGTT,0,0,0
EOC6_PBMC_cell_CGGTTAAGTATATGGA,0,0,0
EOC6_PBMC_cell_GCGGGTTAGGACAGCT,0,0,0
EOC6_PBMC_cell_TAGCCGGGTTAAAGAC,0,0,0
EOC6_PBMC_cell_CGGGTCATCACGGTTA,0,0,0
EOC6_PBMC_cell_CTCGGAGAGCATCATC,0,0,0
EOC6_PBMC_cell_GGCGACTCAGGCGATA,0,0,0
EOC6_PBMC_cell_ACATCAGCAAGCCGCT,0,0,0
EOC6_PBMC_cell_TTCTACACATTGGGCC,0,0,0
EOC6_PBMC_cell_GCAAACTGTCTGATCA,0,0,0
EOC6_PBMC_cell_AACTCAGAGACAATAC,0,0,0
EOC6_PBMC_cell_TACGGTACATTGCGGC,0,0,0
EOC6_PBMC_cell_GGCGACTGTAGCGCAA,0,0,0
EOC6_PBMC_cell_GATCGTAGTGTATGGG,0,0,0
EOC6_PBMC_cell_CTTACCGCACAACGCC,0,0,0
EOC6_PBMC_cell_CTACACCGTAGGCATG,0,0,0
EOC6_PBMC_cell_CTCATTACAAAGTGCG,0,0,0
EOC6_PBMC_cell_CTCTACGTCGGATGGA,0,0,0
EOC6_PBMC_cell_AACCGCGAGATGTGGC,0,0,0
EOC6_PBMC_cell_CTCTGGTAGAAGCCCA,0,0,0
EOC6_PBMC_cell_AGTGGGAGTCTCTTTA,0,0,0
EOC6_PBMC_cell_TTCTCCTAGTCATGCT,0,0,0
EOC6_PBMC_cell_AAAGATGGTTGGACCC,0,0,0
EOC6_PBMC_cell_GAGCAGAAGAGTCTGG,0,0,0
EOC6_PBMC_cell_CTCCTAGGTCTAAAGA,0,0,0
EOC6_PBMC_cell_CGATGGCCATGGGACA,0,0,0
EOC6_PBMC_cell_ACGCCGAAGAGCTGGT,0,0,0
EOC6_PBMC_cell_ATCCACCAGCCTTGAT,0,0,0
EOC6_PBMC_cell_GTCGTAATCCCAACGG,0,0,0
EOC6_PBMC_cell_AACCATGGTCTGGAGA,0,0,0
EOC6_PBMC_cell_CGTAGGCCAAGTTAAG,0,0,0
EOC6_PBMC_cell_TGGTTAGAGATCCCGC,0,0,0
EOC6_PBMC_cell_CACTCCAAGGTTACCT,0,0,0
EOC6_PBMC_cell_TTCGGTCCAGTCACTA,0,0,0
EOC6_PBMC_cell_ACCCACTGTACCTACA,0,0,0
EOC6_PBMC_cell_CGTTAGACATAGGATA,0,0,0
EOC6_PBMC_cell_GCTGCTTGTTTCGCTC,0,0,0
EOC6_PBMC_cell_CACACAAAGAAGATTC,0,0,0
EOC6_PBMC_cell_CACAGGCAGTATTGGA,0,0,0
EOC6_PBMC_cell_GACGTGCGTGCCTGCA,0,0,0
EOC6_PBMC_cell_TGCGCAGTCAGCTCGG,0,0,0
EOC6_PBMC_cell_GTGTTAGAGTAGTGCG,0,0,0
EOC6_PBMC_cell_AGCTTGATCAGCACAT,0,0,0
EOC6_PBMC_cell_TTTCCTCAGTGTGGCA,0,0,0
EOC6_PBMC_cell_CGTGAGCCAGTTTACG,0,0,0
EOC6_PBMC_cell_TTAGGACGTTCCATGA,0,0,0
EOC6_PBMC_cell_AGTAGTCGTATAGGGC,0,0,0
EOC6_PBMC_cell_ATGAGGGAGTGAACAT,0,0,0
EOC6_PBMC_cell_GCACATACAGCGTAAG,0,0,0
EOC6_PBMC_cell_ACGGGTCAGAGGTACC,0,0,0
EOC6_PBMC_cell_CAGTCCTGTTGTCGCG,0,0,0
EOC6_PBMC_cell_CTCGGAGTCACGCATA,0,0,0
EOC6_PBMC_cell_TCACAAGGTATCTGCA,0,0,0
EOC6_PBMC_cell_CTGATCCAGCCCGAAA,0,0,0
EOC6_PBMC_cell_TCGTACCGTAAGGGAA,0,0,0
EOC6_PBMC_cell_CCTAAAGAGAGACTAT,0,0,0
EOC6_PBMC_cell_ACGATACCAGGACGTA,0,0,0
EOC6_PBMC_cell_TCGGGACAGGATATAC,0,0,0
EOC6_PBMC_cell_CTTCTCTAGCTGAAAT,0,0,0
EOC6_PBMC_cell_GGAAAGCGTATGCTTG,0,0,0
EOC6_PBMC_cell_ATTGGTGAGGAGCGTT,0,0,0
EOC6_PBMC_cell_AAGCCGCTCTGTCCGT,0,0,0
EOC6_PBMC_cell_TTGGAACGTATCAGTC,0,0,0
EOC6_PBMC_cell_GGTGCGTAGCTGCGAA,0,0,0
EOC6_PBMC_cell_CATCAAGAGGACTGGT,0,0,0
EOC6_PBMC_cell_CAAGGCCAGGTCGGAT,0,0,0
EOC6_PBMC_cell_ATCTGCCCACCCAGTG,0,0,0
EOC6_PBMC_cell_CTCGTCAAGGCCCTTG,0,0,0
EOC6_PBMC_cell_ATCGAGTAGTGCGATG,0,0,0
EOC6_PBMC_cell_ACGAGGAGTCTGGAGA,0,0,0
EOC6_PBMC_cell_ACGATGTGTGGTCTCG,0,0,0
EOC6_PBMC_cell_AAATGCCGTTGTCTTT,0,0,0
EOC6_PBMC_cell_CTCTAATCACGACGAA,0,0,0
EOC6_PBMC_cell_TTGACTTGTGTTCTTT,0,0,0
EOC6_PBMC_cell_TACCTTATCGTAGGAG,0,0,0
EOC6_PBMC_cell_AGGGATGCAGCTGTAT,0,0,0
EOC6_PBMC_cell_GTGCAGCAGGAGTTGC,0,0,0
EOC6_PBMC_cell_TTCGAAGCATCGATGT,0,0,0
EOC6_PBMC_cell_CCTACCAGTTTGTGTG,0,0,0
EOC6_PBMC_cell_GACAGAGAGGAATCGC,0,0,0
EOC6_PBMC_cell_GATCGATCAGGTCTCG,0,0,0
EOC6_PBMC_cell_GCGAGAATCATAGCAC,0,0,0
EOC6_PBMC_cell_TCACGAACATGGTCTA,0,0,0
EOC6_PBMC_cell_ACTGAACGTCCAGTAT,0,0,0
EOC6_PBMC_cell_TTGGCAACATCGGGTC,0,0,0
EOC6_PBMC_cell_CGGACACAGGACACCA,0,0,0
EOC6_PBMC_cell_AGATTGCAGGCAGGTT,0,0,0
EOC6_PBMC_cell_TGAGCCGGTGAACCTT,0,0,0
EOC6_PBMC_cell_CCTACACAGTACATGA,0,0,0
EOC6_PBMC_cell_TTCTCCTTCCGTCAAA,0,0,0
EOC6_PBMC_cell_CGGACGTAGCTTTGGT,0,0,0
EOC6_PBMC_cell_TTCTCCTCATTGCGGC,0,0,0
EOC6_PBMC_cell_ATTTCTGAGAGGACGG,0,0,0
EOC6_PBMC_cell_GTGGGTCTCTGCCAGG,0,0,0
EOC6_PBMC_cell_GTGAAGGGTGCAGGTA,0,0,0
EOC6_PBMC_cell_GCTCCTAGTCCAACTA,0,0,0
EOC6_PBMC_cell_TGCTGCTTCTCTGTCG,0,0,0
EOC6_PBMC_cell_TAGACCACATCATCCC,0,0,0
EOC6_PBMC_cell_CGTCAGGGTTCGAATC,0,0,0
EOC6_PBMC_cell_CCGTGGACAGGTCGTC,0,0,0
EOC6_PBMC_cell_ACGATGTGTATAGGTA,0,0,0
EOC6_PBMC_cell_AGTGAGGGTCCGAATT,0,0,0
EOC6_PBMC_cell_GGCTCGAGTCTGATCA,0,0,0
EOC6_PBMC_cell_GCAAACTGTTTGACAC,0,0,0
EOC6_PBMC_cell_CTGATCCCAATGGATA,0,0,0
EOC6_PBMC_cell_CGCCAAGTCTCGATGA,0,0,0
EOC6_PBMC_cell_GTGCATACAACGATGG,0,0,0
EOC6_PBMC_cell_GCTTCCACAAAGGAAG,0,0,0
EOC6_PBMC_cell_GGCAATTAGTTCCACA,0,0,0
EOC6_PBMC_cell_TTGAACGAGGATGCGT,0,0,0
EOC6_PBMC_cell_CTTAGGATCTACCAGA,0,0,0
EOC6_PBMC_cell_AGGGTGACATTCCTCG,0,0,0
EOC6_PBMC_cell_TCAACGAGTGTTGAGG,0,0,0
EOC6_PBMC_cell_TGGTTCCAGAGGGATA,0,0,0
EOC6_PBMC_cell_ACTGCTCGTAGCCTAT,0,0,0
EOC6_PBMC_cell_TCTTTCCAGATGTTAG,0,0,0
EOC6_PBMC_cell_CGAGAAGAGCAGACTG,0,0,0
EOC6_PBMC_cell_TGCTACCAGCGATGAC,0,0,0
EOC6_PBMC_cell_AAACGGGTCGCATGGC,0,0,0
EOC6_PBMC_cell_CTACGTCGTCGGCTCA,0,0,0
EOC6_PBMC_cell_TGTGTTTCAGAGTGTG,0,0,0
EOC6_PBMC_cell_AATCGGTAGAACTCGG,0,0,0
EOC6_PBMC_cell_TACTTACTCGAATGGG,0,0,0
EOC6_PBMC_cell_CATCAAGAGACACGAC,0,0,0
EOC6_PBMC_cell_GCATGATGTAAAGGAG,0,0,0
EOC6_PBMC_cell_CGAGAAGTCAACCATG,0,0,0
EOC6_PBMC_cell_AGAGCTTTCTTCGAGA,0,0,0
EOC6_PBMC_cell_CAGTCCTTCTGCAGTA,0,0,0
EOC6_PBMC_cell_GTTCGGGTCGGCCGAT,0,0,0
EOC6_PBMC_cell_CACCAGGAGAAACGCC,0,0,0
EOC6_PBMC_cell_AGCTTGAAGTAGATGT,0,0,0
EOC6_PBMC_cell_GGATTACTCACAACGT,0,0,0
EOC6_PBMC_cell_AGCATACCATTCGACA,0,0,0
EOC6_PBMC_cell_TTAGGACGTTCTGTTT,0,0,0
EOC6_PBMC_cell_TCACGAAAGCACCGTC,0,0,0
EOC6_PBMC_cell_CAGCTGGAGTGGAGTC,0,0,0
EOC6_PBMC_cell_CGAGCACAGCGTCAAG,0,0,0
EOC6_PBMC_cell_CTAAGACAGAGACGAA,0,0,0
EOC6_PBMC_cell_ATTATCCTCAACGGCC,0,0,0
EOC6_PBMC_cell_GTATCTTTCGAGAGCA,0,0,0
EOC6_PBMC_cell_GGAACTTGTAAATGAC,0,0,0
EOC6_PBMC_cell_CCTTCCCGTCGCGTGT,0,0,0
EOC6_PBMC_cell_CTTTGCGAGGCGCTCT,0,0,0
EOC6_PBMC_cell_ACGATACAGCCTATGT,0,0,0
EOC6_PBMC_cell_ACAGCCGGTTGGGACA,0,0,0
EOC6_PBMC_cell_TCACAAGTCTACCTGC,0,0,0
EOC6_PBMC_cell_GCTCCTAGTGAGGGTT,0,0,0
EOC6_PBMC_cell_ACACCAAGTCCCTACT,0,0,0
EOC6_PBMC_cell_TAAGAGACACTTCGAA,0,0,0
EOC6_PBMC_cell_CGTGAGCCAAGCTGAG,0,0,0
EOC6_PBMC_cell_CGCTTCATCACCCGAG,0,0,0
EOC6_PBMC_cell_CTCGGGACAATCGAAA,0,0,0
EOC6_PBMC_cell_GCATGATTCTCCTATA,0,0,0
EOC6_PBMC_cell_CAGCTAAGTTCGGCAC,0,0,0
EOC6_PBMC_cell_CGTTCTGTCGATGAGG,0,0,0
EOC6_PBMC_cell_ACGCCGAGTACGACCC,0,0,0
EOC6_PBMC_cell_TAAGTGCTCTCCGGTT,0,0,0
EOC6_PBMC_cell_GATCTAGTCTCGTTTA,0,0,0
EOC6_PBMC_cell_GGATGTTAGGACCACA,0,0,0
EOC6_PBMC_cell_AGTTGGTGTAGCCTAT,0,0,0
EOC6_PBMC_cell_GAAGCAGCATATACGC,0,0,0
EOC6_PBMC_cell_GTCGGGTGTCGACTGC,0,0,0
EOC6_PBMC_cell_CGGGTCAGTTACGCGC,0,0,0
EOC6_PBMC_cell_TCGGTAACAAACTGTC,0,0,0
EOC6_PBMC_cell_AGGGATGGTGCACGAA,0,0,0
EOC6_PBMC_cell_GATGAGGAGTAACCCT,0,0,0
EOC6_PBMC_cell_ACCTTTACATATGCTG,0,0,0
EOC6_PBMC_cell_ATCGAGTAGATGCGAC,0,0,0
EOC6_PBMC_cell_CGCTTCAGTTGTCGCG,0,0,0
EOC6_PBMC_cell_TTGTAGGAGGCCATAG,0,0,0
EOC6_PBMC_cell_AGGCCACGTCTCAACA,0,0,0
EOC6_PBMC_cell_GACGTGCGTGTAATGA,0,0,0
EOC6_PBMC_cell_CAAGATCCAAATACAG,0,0,0
EOC6_PBMC_cell_TCGGGACTCCGTAGGC,0,0,0
EOC6_PBMC_cell_CTCTGGTGTCTAGCCG,0,0,0
EOC6_PBMC_cell_CATGACAAGAGCAATT,0,0,0
EOC6_PBMC_cell_CTCACACTCGCCAAAT,0,0,0
EOC6_PBMC_cell_AGTGGGAAGTCAATAG,0,0,0
EOC6_PBMC_cell_GGGAATGGTAAATACG,0,0,0
EOC6_PBMC_cell_CAACTAGGTGTGGTTT,0,0,0
EOC6_PBMC_cell_CACACTCTCTTAGCCC,0,0,0
EOC6_PBMC_cell_TGTTCCGCAGCTATTG,0,0,0
EOC6_PBMC_cell_TGGTTCCAGATGCCAG,0,0,0
EOC6_PBMC_cell_GGCTCGACATCTCCCA,0,0,0
EOC6_PBMC_cell_CCAGCGAGTGGCAAAC,0,0,0
EOC6_PBMC_cell_GTAACTGTCTTGACGA,0,0,0
EOC6_PBMC_cell_GACACGCCACCATCCT,0,0,0
EOC6_PBMC_cell_GTCTTCGGTCAGAAGC,0,0,0
EOC6_PBMC_cell_CTAGCCTGTACCATCA,0,0,0
EOC6_PBMC_cell_CAGCGACCAATGGAGC,0,0,0
EOC6_PBMC_cell_TGTCCCAAGTAATCCC,0,0,0
EOC6_PBMC_cell_GCTGCTTAGGGTCGAT,0,0,0
EOC6_PBMC_cell_GAACGGAGTCCTAGCG,0,0,0
EOC6_PBMC_cell_ATTTCTGTCATGTCCC,0,0,0
EOC6_PBMC_cell_CTGCGGAAGAACTGTA,0,0,0
EOC6_PBMC_cell_CAAGGCCCAGCGTTCG,0,0,0
EOC6_PBMC_cell_CTCGGAGCACGGTAGA,0,0,0
EOC6_PBMC_cell_GCTGGGTTCCCAAGAT,0,0,0
EOC6_PBMC_cell_CTCGTACGTCTTTCAT,0,0,0
EOC6_PBMC_cell_CTTACCGGTCACTTCC,0,0,0
EOC6_PBMC_cell_GCCTCTAAGCCCAACC,0,0,0
EOC6_PBMC_cell_GGACATTAGATGCCAG,0,0,0
EOC6_PBMC_cell_GTAACGTAGTTAAGTG,0,0,0
EOC6_PBMC_cell_GCACTCTAGATATACG,0,0,0
EOC6_PBMC_cell_CGTGAGCGTAAGAGAG,0,0,0
EOC6_PBMC_cell_CAAGGCCAGAGGACGG,0,0,0
EOC6_PBMC_cell_TACCTTAGTAGCCTCG,0,0,0
EOC6_PBMC_cell_CACAGGCTCACAAACC,0,0,0
EOC6_PBMC_cell_CCGTTCAGTAGTAGTA,0,0,0
EOC6_PBMC_cell_GCAAACTTCAGCAACT,0,0,0
EOC6_PBMC_cell_CACACTCGTTCACCTC,0,0,0
EOC6_PBMC_cell_TTTGTCACAAAGCAAT,0,0,0
EOC6_PBMC_cell_CGAGCACTCCTTCAAT,0,0,0
EOC6_PBMC_cell_CGAATGTTCATACGGT,0,0,0
EOC6_PBMC_cell_CCCAGTTGTGGTCCGT,0,0,0
EOC6_PBMC_cell_CATCAAGTCTCTAAGG,0,0,0
EOC6_PBMC_cell_ATTGGACAGGCGATAC,0,0,0
EOC6_PBMC_cell_TCTGAGACACTGTGTA,0,0,0
EOC6_PBMC_cell_ATCCACCGTGCAGTAG,0,0,0
EOC6_PBMC_cell_CTAGCCTGTAGCGTGA,0,0,0
EOC6_PBMC_cell_ACGGGTCCAGATTGCT,0,0,0
EOC6_PBMC_cell_AGTGTCACAATGACCT,0,0,0
EOC6_PBMC_cell_GATCGTATCGTCCAGG,0,0,0
EOC6_PBMC_cell_TTGAACGTCATTATCC,0,0,0
EOC6_PBMC_cell_TGTATTCGTAAGGGCT,0,0,0
EOC6_PBMC_cell_CGAGCCAGTACCGTTA,0,0,0
EOC6_PBMC_cell_TTCTCCTTCACTATTC,0,0,0
EOC6_PBMC_cell_TGCTGCTAGAGTGAGA,0,0,0
EOC6_PBMC_cell_CAGAGAGGTCATCGGC,0,0,0
EOC6_PBMC_cell_CTACATTAGCGTTCCG,0,0,0
EOC6_PBMC_cell_TCGCGAGTCAGTTAGC,0,0,0
EOC6_PBMC_cell_GGACATTGTGACGGTA,0,0,0
EOC6_PBMC_cell_ACCGTAACAAGCCCAC,0,0,0
EOC6_PBMC_cell_CGTCAGGTCTACCAGA,0,0,0
EOC6_PBMC_cell_ATCATCTCATGTTGAC,0,0,0
EOC6_PBMC_cell_GACGCGTGTGTATGGG,0,0,0
EOC6_PBMC_cell_GCGACCAGTTCCCGAG,0,0,0
EOC6_PBMC_cell_CTCGGGAAGTGGGATC,0,0,0
EOC6_PBMC_cell_AGTCTTTGTTACGACT,0,0,0
EOC6_PBMC_cell_CGGGTCACAGGCAGTA,0,0,0
EOC6_PBMC_cell_ACCAGTATCCCTCAGT,0,0,0
EOC6_PBMC_cell_CGAACATCACGTCAGC,0,0,0
EOC6_PBMC_cell_GGGCACTAGACACTAA,0,0,0
EOC6_PBMC_cell_CTCACACTCCTTAATC,0,0,0
EOC6_PBMC_cell_TGACGGCTCACCTTAT,0,0,0
EOC6_PBMC_cell_AACTTTCAGGACCACA,0,0,0
EOC6_PBMC_cell_TACGGTACAGGACGTA,0,0,0
EOC6_PBMC_cell_TTCTCAAGTTATGCGT,0,0,0
EOC6_PBMC_cell_GCATACACAGCCTTGG,0,0,0
EOC6_PBMC_cell_CAAGTTGAGTAGCGGT,0,0,0
EOC6_PBMC_cell_AGAGCTTTCTTGACGA,0,0,0
EOC6_PBMC_cell_GCATGTATCTTTAGTC,0,0,0
EOC6_PBMC_cell_CGTTAGAGTCGAGTTT,0,0,0
EOC6_PBMC_cell_CAAGTTGTCGCGGATC,0,0,0
EOC6_PBMC_cell_ATCTACTGTTATCACG,0,0,0
EOC6_PBMC_cell_TCAGGATCAAGTAATG,0,0,0
EOC6_PBMC_cell_ATTCTACGTGTAATGA,0,0,0
EOC6_PBMC_cell_CAGAATCCATTTGCCC,0,0,0
EOC6_PBMC_cell_AGAGCTTAGTCGATAA,0,0,0
EOC6_PBMC_cell_GATCGCGTCCAAGTAC,0,0,0
EOC6_PBMC_cell_CGACTTCTCTGCTTGC,0,0,0
EOC6_PBMC_cell_AACCGCGGTCCATCCT,0,0,0
EOC6_PBMC_cell_ATGAGGGAGGATATAC,0,0,0
EOC6_PBMC_cell_TAAGCGTTCCCTAATT,0,0,0
EOC6_PBMC_cell_AGCATACGTGAAGGCT,0,0,0
EOC6_PBMC_cell_GGGAGATGTATAAACG,0,0,0
EOC6_PBMC_cell_GGACAAGAGGAACTGC,0,0,0
EOC6_PBMC_cell_CTCGGGAGTTCCTCCA,0,0,0
EOC6_PBMC_cell_GTCCTCAGTTAAGATG,0,0,0
EOC6_PBMC_cell_CATTATCCATACGCTA,0,0,0
EOC6_PBMC_cell_GCGCCAAGTAGAGTGC,0,0,0
EOC6_PBMC_cell_AGGCCGTTCTTGCCGT,0,0,0
EOC6_PBMC_cell_AGAGTGGCAACACCCG,0,0,0
EOC6_PBMC_cell_CTGCTGTCAGCTGGCT,0,0,0
EOC6_PBMC_cell_GACGTGCTCCTCTAGC,0,0,0
EOC6_PBMC_cell_CATTATCCACAACGTT,0,0,0
EOC6_PBMC_cell_CGTCACTCATTGAGCT,0,0,0
EOC6_PBMC_cell_ATTATCCCAATGTTGC,0,0,0
EOC6_PBMC_cell_ATCACGAGTCTAGCCG,0,0,0
EOC6_PBMC_cell_CGTCAGGCATACGCCG,0,0,0
EOC6_PBMC_cell_CTAGCCTTCAGTGCAT,0,0,0
EOC6_PBMC_cell_GCATGTAAGCTTATCG,0,0,0
EOC6_PBMC_cell_TAAACCGTCAGTCCCT,0,0,0
EOC6_PBMC_cell_GCCTCTAAGGCTAGGT,0,0,0
EOC6_PBMC_cell_AGTGGGACAACTGGCC,0,0,0
EOC6_PBMC_cell_AGGTCCGTCTCGCATC,0,0,0
EOC6_PBMC_cell_CACATTTTCCGCTGTT,0,0,0
EOC6_PBMC_cell_CTCTGGTCAAGTTGTC,0,0,0
EOC6_PBMC_cell_GTCACAACATCGATGT,0,0,0
EOC6_PBMC_cell_ATTATCCAGTCGTTTG,0,0,0
EOC6_PBMC_cell_TCTTCGGAGGAATCGC,0,0,0
EOC6_PBMC_cell_TAGAGCTAGCTACCGC,0,0,0
EOC6_PBMC_cell_AGAGCGACACATGGGA,0,0,0
EOC6_PBMC_cell_ATTACTCAGTGTACCT,0,0,0
EOC6_PBMC_cell_CCTTTCTGTATCAGTC,0,0,0
EOC6_PBMC_cell_TCAGATGCAGTATCTG,0,0,0
EOC6_PBMC_cell_AAGGAGCCACGGATAG,0,0,0
EOC6_PBMC_cell_TGGACGCTCGGACAAG,0,0,0
EOC6_PBMC_cell_GCGAGAAGTGATGCCC,0,0,0
EOC6_PBMC_cell_ATCCACCAGGGCTTGA,0,0,0
EOC6_PBMC_cell_CCTATTAGTTGGAGGT,0,0,0
EOC6_PBMC_cell_TGCGCAGTCTCTTGAT,0,0,0
EOC6_PBMC_cell_GATTCAGCAATCTGCA,0,0,0
EOC6_PBMC_cell_ACTGTCCGTTGTCGCG,0,0,0
EOC6_PBMC_cell_GGCTGGTGTCCATCCT,0,0,0
EOC6_PBMC_cell_AACTCTTTCATTGCGA,0,0,0
EOC6_PBMC_cell_TCTTCGGTCACCGTAA,0,0,0
EOC6_PBMC_cell_TTCTCCTAGCACACAG,0,0,0
EOC6_PBMC_cell_AGTAGTCCAGGGAGAG,0,0,0
EOC6_PBMC_cell_ACGAGCCAGTGTCTCA,0,0,0
EOC6_PBMC_cell_ACGCAGCCAACACCCG,0,0,0
EOC6_PBMC_cell_TAGAGCTAGACTACAA,0,0,0
EOC6_PBMC_cell_GGGAGATTCCCACTTG,0,0,0
EOC6_PBMC_cell_GCTGCTTTCGGCGGTT,0,0,0
EOC6_PBMC_cell_CAGAGAGGTAAGGGAA,0,0,0
EOC6_PBMC_cell_TTTCCTCGTACATGTC,0,0,0
EOC6_PBMC_cell_CGGACTGCACATTAGC,0,0,0
EOC6_PBMC_cell_CGATCGGCACCGATAT,0,0,0
EOC6_PBMC_cell_ACACCAATCTAACTTC,0,0,0
EOC6_PBMC_cell_TCCACACTCAACACCA,0,0,0
EOC6_PBMC_cell_CACCACTGTGCCTGGT,0,0,0
EOC6_PBMC_cell_CAGTAACAGGAGTCTG,0,0,0
EOC6_PBMC_cell_TATTACCAGGGCACTA,0,0,0
EOC6_PBMC_cell_AACACGTGTCTCTTAT,0,0,0
EOC6_PBMC_cell_CAGCAGCTCGCCCTTA,0,0,0
EOC6_PBMC_cell_CGTTAGAAGTGAATTG,0,0,0
EOC6_PBMC_cell_GCGCAACGTTAAGTAG,0,0,0
EOC6_PBMC_cell_TACCTATCAATTCCTT,0,0,0
EOC6_PBMC_cell_GCATACACACCGATAT,0,0,0
EOC6_PBMC_cell_GATCTAGAGGCATGGT,0,0,0
EOC6_PBMC_cell_TCGAGGCAGGAGTAGA,0,0,0
EOC6_PBMC_cell_AGTAGTCCATTGGGCC,0,0,0
EOC6_PBMC_cell_ATTTCTGGTCGAAAGC,0,0,0
EOC6_PBMC_cell_GGGTTGCCATCACCCT,0,0,0
EOC6_PBMC_cell_CAGTAACAGCCCAATT,0,0,0
EOC6_PBMC_cell_TAGTGGTGTCTCTCTG,0,0,0
EOC6_PBMC_cell_CGCTGGAAGAGTCGGT,0,0,0
EOC6_PBMC_cell_AGCTTGACACCAGTTA,0,0,0
EOC6_PBMC_cell_GTGCAGCCAATCGAAA,0,0,0
EOC6_PBMC_cell_AAGGCAGTCGGATGTT,0,0,0
EOC6_PBMC_cell_ACATCAGCACATTAGC,0,0,0
EOC6_PBMC_cell_GCTGGGTGTAAAGGAG,0,0,0
EOC6_PBMC_cell_TTTCCTCAGACACGAC,0,0,0
EOC6_PBMC_cell_CAACCTCCAGGAATGC,0,0,0
EOC6_PBMC_cell_TACCTATCAAGAGTCG,0,0,0
EOC6_PBMC_cell_AGCTTGAAGATTACCC,0,0,0
EOC6_PBMC_cell_GCTTGAAGTACAGTGG,0,0,0
EOC6_PBMC_cell_TGTCCCATCCCAAGAT,0,0,0
EOC6_PBMC_cell_TGGCTGGTCAGTACGT,0,0,0
EOC6_PBMC_cell_GACGTGCGTTACGCGC,0,0,0
EOC6_PBMC_cell_GGGTTGCTCCGTAGTA,0,0,0
EOC6_PBMC_cell_CAACCTCTCGTAGATC,0,0,0
EOC6_PBMC_cell_TGCGTGGGTCTCATCC,0,0,0
EOC6_PBMC_cell_GGCGTGTCAAAGGCGT,0,0,0
EOC6_PBMC_cell_CTGCTGTGTCAGATAA,0,0,0
EOC6_PBMC_cell_CTAGTGATCGAACGGA,0,0,0
EOC6_PBMC_cell_CGGACTGCAAAGGAAG,0,0,0
EOC6_PBMC_cell_GCGACCATCACCGTAA,0,0,0
EOC6_PBMC_cell_GTAACGTGTAGCTTGT,0,0,0
EOC6_PBMC_cell_CGTCCATAGGACATTA,0,0,0
EOC6_PBMC_cell_AACTCTTGTCACCCAG,0,0,0
EOC6_PBMC_cell_ACAGCTAAGAAGCCCA,0,0,0
EOC6_PBMC_cell_GAACGGAGTCCCTACT,0,0,0
EOC6_PBMC_cell_ATCGAGTAGAATAGGG,0,0,0
EOC6_PBMC_cell_GTACTCCAGCGTGAGT,0,0,0
EOC6_PBMC_cell_ACGATGTCAACGATCT,0,0,0
EOC6_PBMC_cell_TGTATTCGTTCCACGG,0,0,0
EOC6_PBMC_cell_ACTTTCACAAGGCTCC,0,0,0
EOC6_PBMC_cell_TCTATTGAGATAGGAG,0,0,0
EOC6_PBMC_cell_GAACATCTCTCAAGTG,0,0,0
EOC6_PBMC_cell_TGCACCTAGGACTGGT,0,0,0
EOC6_PBMC_cell_CGGAGCTCATCACGTA,0,0,0
EOC6_PBMC_cell_GTGAAGGAGTGCTGCC,0,0,0
EOC6_PBMC_cell_TATCTCACAGGGCATA,0,0,0
EOC6_PBMC_cell_GGGATGAGTAAACACA,0,0,0
EOC6_PBMC_cell_ATTGGTGAGACTAAGT,0,0,0
EOC6_PBMC_cell_GTCACGGCATGGTCTA,0,0,0
EOC6_PBMC_cell_CATATGGCATGGGAAC,0,0,0
EOC6_PBMC_cell_CTCACACTCCACTCCA,0,0,0
EOC6_PBMC_cell_ACGCCAGTCGTACGGC,0,0,0
EOC6_PBMC_cell_CACACAAGTACAGACG,0,0,0
EOC6_PBMC_cell_GACCTGGGTTGCGTTA,0,0,0
EOC6_PBMC_cell_GGGACCTTCGCAGGCT,0,0,0
EOC6_PBMC_cell_GTCATTTCACCTCGGA,0,0,0
EOC6_PBMC_cell_CCTTCGACAGCTTCGG,0,0,0
EOC6_PBMC_cell_GTTTCTAGTAGGAGTC,0,0,0
EOC6_PBMC_cell_GCATACATCGCTAGCG,0,0,0
EOC6_PBMC_cell_TAGGCATTCGTCTGCT,0,0,0
EOC6_PBMC_cell_GTAACGTAGTCCGTAT,0,0,0
EOC6_PBMC_cell_ATTATCCTCCTTGCCA,0,0,0
EOC6_PBMC_cell_ACGGAGAAGATCTGCT,0,0,0
EOC6_PBMC_cell_TACGGATCAATGGAGC,0,0,0
EOC6_PBMC_cell_CTCGAGGTCTTACCTA,0,0,0
EOC6_PBMC_cell_GTCGGGTGTAGGCATG,0,0,0
EOC6_PBMC_cell_AACGTTGCACAGCGTC,0,0,0
EOC6_PBMC_cell_CGAGCCAGTGGTAACG,0,0,0
EOC6_PBMC_cell_CCTACCATCTACGAGT,0,0,0
EOC6_PBMC_cell_GGATTACGTGACGGTA,0,0,0
EOC6_PBMC_cell_CACCAGGCAGTTTACG,0,0,0
EOC6_PBMC_cell_CACAGTAAGGCACATG,0,0,0
EOC6_PBMC_cell_ACACCCTGTTTGACTG,0,0,0
EOC6_PBMC_cell_TTAGGACAGTGAACAT,0,0,0
EOC6_PBMC_cell_TGGGCGTTCGCGGATC,0,0,0
EOC6_PBMC_cell_CATCAAGTCAATCTCT,0,0,0
EOC6_PBMC_cell_TGCGCAGCATTCTTAC,0,0,0
EOC6_PBMC_cell_CGATTGAAGTCACGCC,0,0,0
EOC6_PBMC_cell_TTAGTTCAGATGTGGC,0,0,0
EOC6_PBMC_cell_GCAGTTAAGCGTCTAT,0,0,0
EOC6_PBMC_cell_TACTCATCATCGTCGG,0,0,0
EOC6_PBMC_cell_ACACCAACAGCTTCGG,0,0,0
EOC6_PBMC_cell_TAGCCGGGTGTCCTCT,0,0,0
EOC6_PBMC_cell_CCACGGAAGTGTTAGA,0,0,0
EOC6_PBMC_cell_CTAACTTTCATTTGGG,0,0,0
EOC6_PBMC_cell_TGACGGCAGTTCGCGC,0,0,0
EOC6_PBMC_cell_GCTGCGAAGATAGGAG,0,0,0
EOC6_PBMC_cell_CTGATAGAGCGTGTCC,0,0,0
EOC6_PBMC_cell_TACGGGCAGGAATCGC,0,0,0
EOC6_PBMC_cell_CCATGTCCACTGTCGG,0,0,0
EOC6_PBMC_cell_CAGATCACAAAGGAAG,0,0,0
EOC6_PBMC_cell_TGCTGCTAGATCTGCT,0,0,0
EOC6_PBMC_cell_ACTTACTAGTCCGGTC,0,0,0
EOC6_PBMC_cell_AGCTCCTCAGTAACGG,0,0,0
EOC6_PBMC_cell_CTAACTTAGGGAGTAA,0,0,0
EOC6_PBMC_cell_CACCACTAGATAGTCA,0,0,0
EOC6_PBMC_cell_TACTTACGTCTAGCCG,0,0,0
EOC6_PBMC_cell_GTCCTCACATACCATG,0,0,0
EOC6_PBMC_cell_AGTTGGTCACGGATAG,0,0,0
EOC6_PBMC_cell_TATCTCATCCGCGCAA,0,0,0
EOC6_PBMC_cell_TATCTCAGTCGAGTTT,0,0,0
EOC6_PBMC_cell_CTTTGCGAGCGAAGGG,0,0,0
EOC6_PBMC_cell_ATTACTCGTCGTGGCT,0,0,0
EOC6_PBMC_cell_ATGCGATGTATTCGTG,0,0,0
EOC6_PBMC_cell_CAACCTCCAGCTGTAT,0,0,0
EOC6_PBMC_cell_GTGAAGGGTTTGACAC,0,0,0
EOC6_PBMC_cell_CGTTCTGCACATGGGA,0,0,0
EOC6_PBMC_cell_AGGGAGTTCGATAGAA,0,0,0
EOC6_PBMC_cell_GTTCTCGCACGAAGCA,0,0,0
EOC6_PBMC_cell_GGCCGATGTAGTAGTA,0,0,0
EOC6_PBMC_cell_GGGCATCTCGCGATCG,0,0,0
EOC6_PBMC_cell_ACACCAAAGTACGTAA,0,0,0
EOC6_PBMC_cell_GACCTGGGTCAGATAA,0,0,0
EOC6_PBMC_cell_GGTATTGTCATTTGGG,0,0,0
EOC6_PBMC_cell_CTCACACAGAGGACGG,0,0,0
EOC6_PBMC_cell_CATATGGAGGTGGGTT,0,0,0
EOC6_PBMC_cell_GGGCACTTCGATGAGG,0,0,0
EOC6_PBMC_cell_TGACAACTCAGCATGT,0,0,0
EOC6_PBMC_cell_CGATGTAGTGCAACTT,0,0,0
EOC6_PBMC_cell_CCCAATCTCATAACCG,0,0,0
EOC6_PBMC_cell_CTTTGCGCATGTCTCC,0,0,0
EOC6_PBMC_cell_TGGTTAGTCTAGCACA,0,0,0
EOC6_PBMC_cell_ATCACGATCTAGAGTC,0,0,0
EOC6_PBMC_cell_GATCGCGCACCCATGG,0,0,0
EOC6_PBMC_cell_GACCAATGTGATAAGT,0,0,0
EOC6_PBMC_cell_CTGTTTAAGCGTTTAC,0,0,0
EOC6_PBMC_cell_CAGCCGATCCTGCCAT,0,0,0
EOC6_PBMC_cell_TGGGAAGAGTTTAGGA,0,0,0
EOC6_PBMC_cell_TGCTACCGTCCTGCTT,0,0,0
EOC6_PBMC_cell_CTCTGGTAGTTCGATC,0,0,0
EOC6_PBMC_cell_CGTCTACAGTATCTCG,0,0,0
EOC6_PBMC_cell_ATTTCTGTCCTTTCGG,0,0,0
EOC6_PBMC_cell_ATAACGCGTTCCCTTG,0,0,0
EOC6_PBMC_cell_AGATCTGAGTCAATAG,0,0,0
EOC6_PBMC_cell_CGGACTGTCGTGACAT,0,0,0
EOC6_PBMC_cell_TACTTACAGCTGCAAG,0,0,0
EOC6_PBMC_cell_ACGGAGAGTAAGTGTA,0,0,0
EOC6_PBMC_cell_TCAGCAAAGTCAAGGC,0,0,0
EOC6_PBMC_cell_TCAACGAAGCCAGAAC,0,0,0
EOC6_PBMC_cell_ACGTCAATCAGTCAGT,0,0,0
EOC6_PBMC_cell_CATGCCTTCGTAGGAG,0,0,0
EOC6_PBMC_cell_GTCACGGAGGCAGTCA,0,0,0
EOC6_PBMC_cell_GACTAACAGGCGACAT,0,0,0
EOC6_PBMC_cell_CCATGTCCAGCAGTTT,0,0,0
EOC6_PBMC_cell_GTGCAGCTCCAGAGGA,0,0,0
EOC6_PBMC_cell_CTAGTGATCAGTGTTG,0,0,0
EOC6_PBMC_cell_GTGTGCGAGTCACGCC,0,0,0
EOC6_PBMC_cell_GCGCCAAAGGACAGCT,0,0,0
EOC6_PBMC_cell_GTCTTCGTCGCAGGCT,0,0,0
EOC6_PBMC_cell_GTCACAATCTTATCTG,0,0,0
EOC6_PBMC_cell_ATAACGCCAAGTAGTA,0,0,0
EOC6_PBMC_cell_CGTGAGCGTATGCTTG,0,0,0
EOC6_PBMC_cell_CAAGAAACAGATCTGT,0,0,0
EOC6_PBMC_cell_GGCGACTTCAACACCA,0,0,0
EOC6_PBMC_cell_GGTGTTATCCTCTAGC,0,0,0
EOC6_PBMC_cell_TCGAGGCTCCTCCTAG,0,0,0
EOC6_PBMC_cell_AAGTCTGAGTTGCAGG,0,0,0
EOC6_PBMC_cell_ACTTTCACACAGCGTC,0,0,0
EOC6_PBMC_cell_CATATTCTCAGGCCCA,0,0,0
EOC6_PBMC_cell_GCAATCAAGTGCAAGC,0,0,0
EOC6_PBMC_cell_TTTACTGCACTGTCGG,0,0,0
EOC6_PBMC_cell_CTACATTGTTGGTAAA,0,0,0
EOC6_PBMC_cell_ACTTACTCACCGAATT,0,0,0
EOC6_PBMC_cell_CCCAATCCAATAGCGG,0,0,0
EOC6_PBMC_cell_GCTGGGTCAGTTTACG,0,0,0
EOC6_PBMC_cell_GCTGCAGAGGATTCGG,0,0,0
EOC6_PBMC_cell_CCGGGATAGCTAGCCC,0,0,0
EOC6_PBMC_cell_CGTAGCGCATATACCG,0,0,0
EOC6_PBMC_cell_TACTCGCGTAACGACG,0,0,0
EOC6_PBMC_cell_CTCATTAGTTCAGGCC,0,0,0
EOC6_PBMC_cell_AGACGTTAGGTGCTAG,0,0,0
EOC6_PBMC_cell_GTTCTCGGTAGTAGTA,0,0,0
EOC6_PBMC_cell_AACTGGTAGCTCTCGG,0,0,0
EOC6_PBMC_cell_AAGCCGCGTCTAAAGA,0,0,0
EOC6_PBMC_cell_TGACTAGCATGCTAGT,0,0,0
EOC6_PBMC_cell_AAGGAGCGTTACGACT,0,0,0
EOC6_PBMC_cell_AGCAGCCAGACGCACA,0,0,0
EOC6_PBMC_cell_CGTTGGGAGAGAACAG,0,0,0
EOC6_PBMC_cell_CTCGAGGTCTTGCCGT,0,0,0
EOC6_PBMC_cell_TGGGAAGAGCTCAACT,0,0,0
EOC6_PBMC_cell_GTCACGGCAGCGTTCG,0,0,0
EOC6_PBMC_cell_AACCGCGCAAGTTAAG,0,0,0
EOC6_PBMC_cell_CCTACACTCTCCAGGG,0,0,0
EOC6_PBMC_cell_CGTCACTGTGAAAGAG,0,0,0
EOC6_PBMC_cell_TGCCCTATCTTAACCT,0,0,0
EOC6_PBMC_cell_TATCAGGAGGGTGTGT,0,0,0
EOC6_PBMC_cell_GGAACTTCAAATTGCC,0,0,0
EOC6_PBMC_cell_CATCGGGGTGTGCCTG,0,0,0
EOC6_PBMC_cell_CTAATGGCAGGCAGTA,0,0,0
EOC6_PBMC_cell_TTAGGACTCGTAGATC,0,0,0
EOC6_PBMC_cell_ACCAGTAAGCGACGTA,0,0,0
EOC6_PBMC_cell_TTAGGCAAGTGAAGTT,0,0,0
EOC6_PBMC_cell_ATAACGCGTTCCACAA,0,0,0
EOC6_PBMC_cell_GGGTTGCCAAGCTGGA,0,0,0
EOC6_PBMC_cell_CGGTTAATCACAAACC,0,0,0
EOC6_PBMC_cell_TAGAGCTAGAAGCCCA,0,0,0
EOC6_PBMC_cell_CGATTGAGTAGCGTAG,0,0,0
EOC6_PBMC_cell_TGGGCGTGTTCGTCTC,0,0,0
EOC6_PBMC_cell_CGAGCCACACGGCTAC,0,0,0
EOC6_PBMC_cell_AACTGGTGTTGTACAC,0,0,0
EOC6_PBMC_cell_CCTCAGTGTACAGCAG,0,0,0
EOC6_PBMC_cell_ACGAGGACAGGGTACA,0,0,0
EOC6_PBMC_cell_TGTATTCTCTAACCGA,0,0,0
EOC6_PBMC_cell_CCTAAAGCAAGACGTG,0,0,0
EOC6_PBMC_cell_TGCCCTATCCTCTAGC,0,0,0
EOC6_PBMC_cell_ACGGAGAGTTGGACCC,0,0,0
EOC6_PBMC_cell_GGAATAAGTTCCATGA,0,0,0
EOC6_PBMC_cell_TGGCTGGTCCACGTGG,0,0,0
EOC6_PBMC_cell_TGCCCTACACTAGTAC,0,0,0
EOC6_PBMC_cell_TTGAACGTCGTTACGA,0,0,0
EOC6_PBMC_cell_GACTGCGGTGCGGTAA,0,0,0
EOC6_PBMC_cell_TTTGTCACACGACTCG,0,0,0
EOC6_PBMC_cell_CTTGGCTTCGAGGTAG,0,0,0
EOC6_PBMC_cell_TCTTTCCGTTTCCACC,0,0,0
EOC6_PBMC_cell_AGAATAGTCTTCATGT,0,0,0
EOC6_PBMC_cell_CTGGTCTTCAGCTGGC,0,0,0
EOC6_PBMC_cell_ATCACGAAGTCATGCT,0,0,0
EOC6_PBMC_cell_AAATGCCGTGATGTGG,0,0,0
EOC6_PBMC_cell_ATTACTCCATGATCCA,0,0,0
EOC6_PBMC_cell_ATCCGAACAGCGTTCG,0,0,0
EOC6_PBMC_cell_TACTCATCAGGATCGA,0,0,0
EOC6_PBMC_cell_CGGAGCTAGTCTCCTC,0,0,0
EOC6_PBMC_cell_CCATGTCCAACGATCT,0,0,0
EOC6_PBMC_cell_CCAGCGAAGAATAGGG,0,0,0
EOC6_PBMC_cell_TACGGATAGAAAGTGG,0,0,0
EOC6_PBMC_cell_TTAGGCATCCAGATCA,0,0,0
EOC6_PBMC_cell_GATGAGGTCTCTAAGG,0,0,0
EOC6_PBMC_cell_CCCAGTTTCACCCTCA,0,0,0
EOC6_PBMC_cell_CGTGTCTGTGCAACTT,0,0,0
EOC6_PBMC_cell_GAGCAGATCTAAGCCA,0,0,0
EOC6_PBMC_cell_TGGCGCACAACACCTA,0,0,0
EOC6_PBMC_cell_GACGTTACAAGCCATT,0,0,0
EOC6_PBMC_cell_GCTTGAATCAACGAAA,0,0,0
EOC6_PBMC_cell_CATCCACTCGTCGTTC,0,0,0
EOC6_PBMC_cell_TTTGGTTGTGATAAGT,0,0,0
EOC6_PBMC_cell_AGGTCATAGCGAAGGG,0,0,0
EOC6_PBMC_cell_GTGCATATCTTAACCT,0,0,0
EOC6_PBMC_cell_GGAAAGCCACCCATTC,0,0,0
EOC6_PBMC_cell_GCGCAACCATTATCTC,0,0,0
EOC6_PBMC_cell_TCAGGATTCCCGGATG,0,0,0
EOC6_PBMC_cell_GAATGAACACAGGAGT,0,0,0
EOC6_PBMC_cell_AGGGAGTTCCAGAGGA,0,0,0
EOC6_PBMC_cell_GTGAAGGTCGAGCCCA,0,0,0
EOC6_PBMC_cell_TACTTACGTCATGCCG,0,0,0
EOC6_PBMC_cell_AACACGTAGTAGATGT,0,0,0
EOC6_PBMC_cell_GTCAAGTTCGAATCCA,0,0,0
EOC6_PBMC_cell_ACGAGCCAGTTCGCGC,0,0,0
EOC6_PBMC_cell_ACAGCCGAGCCACGCT,0,0,0
EOC6_PBMC_cell_GAATGAACACACCGAC,0,0,0
EOC6_PBMC_cell_CCTTCGATCTTCTGGC,0,0,0
EOC6_PBMC_cell_GAACCTACAACAACCT,0,0,0
EOC6_PBMC_cell_CCGGTAGAGTTAAGTG,0,0,0
EOC6_PBMC_cell_GAATGAATCTCAACTT,0,0,0
EOC6_PBMC_cell_TTGGAACAGTCACGCC,0,0,0
EOC6_PBMC_cell_GTTAAGCCACGCTTTC,0,0,0
EOC6_PBMC_cell_GACACGCTCACTTATC,0,0,0
EOC6_PBMC_cell_CCGTGGATCTAACTTC,0,0,0
EOC6_PBMC_cell_CGCTATCGTTGGACCC,0,0,0
EOC6_PBMC_cell_CGAACATAGCCTATGT,0,0,0
EOC6_PBMC_cell_ACGTCAACACAACTGT,0,0,0
EOC6_PBMC_cell_CCCTCCTTCCTTGGTC,0,0,0
EOC6_PBMC_cell_CCATGTCCATTCACTT,0,0,0
EOC6_PBMC_cell_GGAACTTAGAGACTAT,0,0,0
EOC6_PBMC_cell_GGACATTAGCTGAACG,0,0,0
EOC6_PBMC_cell_CATATTCCACCTCGGA,0,0,0
EOC6_PBMC_cell_CTGCGGAGTCTAGTCA,0,0,0
EOC6_PBMC_cell_AGCCTAAAGTGAACAT,0,0,0
EOC6_PBMC_cell_CCGTTCACACATCCAA,0,0,0
EOC6_PBMC_cell_ACGGGTCCAGGTGCCT,0,0,0
EOC6_PBMC_cell_ACACCGGTCATGTCTT,0,0,0
EOC6_PBMC_cell_TTGACTTCACTTACGA,0,0,0
EOC6_PBMC_cell_CCAGCGATCATTGCCC,0,0,0
EOC6_PBMC_cell_CCGTTCAGTCATACTG,0,0,0
EOC6_PBMC_cell_TTATGCTCATGCTGGC,0,0,0
EOC6_PBMC_cell_CATTATCTCACAATGC,0,0,0
EOC6_PBMC_cell_TAAACCGTCGCCATAA,0,0,0
EOC6_PBMC_cell_TACACGAAGGAGTTGC,0,0,0
EOC6_PBMC_cell_TGACTAGTCGGAAACG,0,0,0
EOC6_PBMC_cell_ACTGCTCTCGTGGACC,0,0,0
EOC6_PBMC_cell_GTAACGTTCAACGGGA,0,0,0
EOC6_PBMC_cell_GGTATTGAGGAACTGC,0,0,0
EOC6_PBMC_cell_CGTAGGCGTTCACGGC,0,0,0
EOC6_PBMC_cell_GAGGTGAGTGTTTGTG,0,0,0
EOC6_PBMC_cell_CACTCCAAGCGTCTAT,0,0,0
EOC6_PBMC_cell_GCTCTGTCACTCTGTC,0,0,0
EOC6_PBMC_cell_CGACTTCTCTAACTTC,0,0,0
EOC6_PBMC_cell_GAACGGATCTCTTATG,0,0,0
EOC6_PBMC_cell_ACTGCTCTCACATACG,0,0,0
EOC6_PBMC_cell_ACGATACCAAACCCAT,0,0,0
EOC6_PBMC_cell_TCTTTCCCAATCAGAA,0,0,0
EOC6_PBMC_cell_CGTTCTGCAAACTGCT,0,0,0
EOC6_PBMC_cell_TCAGGTACAAGTAGTA,0,0,0
EOC6_PBMC_cell_GGGTTGCCAATACGCT,0,0,0
EOC6_PBMC_cell_TACGGGCTCAATAAGG,0,0,0
EOC6_PBMC_cell_TACCTTAGTAGTACCT,0,0,0
EOC6_PBMC_cell_GTTTCTAAGCGTCAAG,0,0,0
EOC6_PBMC_cell_ACTATCTTCGCATGAT,0,0,0
EOC6_PBMC_cell_AGCGTATTCCTTTCGG,0,0,0
EOC6_PBMC_cell_ACGAGCCTCCTCGCAT,0,0,0
EOC6_PBMC_cell_TGCGTGGAGAGGTAGA,0,0,0
EOC6_PBMC_cell_TCAGCTCGTGGCGAAT,0,0,0
EOC6_PBMC_cell_CATGACAGTCCATCCT,0,0,0
EOC6_PBMC_cell_GGAAAGCTCGGCGCAT,0,0,0
EOC6_PBMC_cell_CAGCAGCCAAGCGTAG,0,0,0
EOC6_PBMC_cell_CGAACATGTGGTCTCG,0,0,0
EOC6_PBMC_cell_GTCAAGTGTTCCGGCA,0,0,0
EOC6_PBMC_cell_TTTACTGGTCTACCTC,0,0,0
EOC6_PBMC_cell_TGAGAGGCAGGATCGA,0,0,0
EOC6_PBMC_cell_GTATCTTGTGTTCTTT,0,0,0
EOC6_PBMC_cell_CACCACTAGGTGTGGT,0,0,0
EOC6_PBMC_cell_TCGTACCCAAGGACTG,0,0,0
EOC6_PBMC_cell_AGTTGGTAGATCTGAA,0,0,0
EOC6_PBMC_cell_CATATTCCAGTATGCT,0,0,0
EOC6_PBMC_cell_TCTCATAGTACCGGCT,0,0,0
EOC6_PBMC_cell_CGAGAAGGTCTAGCCG,0,0,0
EOC6_PBMC_cell_CGAACATTCCTAGGGC,0,0,0
EOC6_PBMC_cell_CAAGGCCCATCCAACA,0,0,0
EOC6_PBMC_cell_CATATGGCATACTCTT,0,0,0
EOC6_PBMC_cell_AACTCCCTCGAATCCA,0,0,0
EOC6_PBMC_cell_GGAAAGCTCGGTCCGA,0,0,0
EOC6_PBMC_cell_CTCTGGTGTACCATCA,0,0,0
EOC6_PBMC_cell_TCAGGATAGATCCCAT,0,0,0
EOC6_PBMC_cell_TTGGAACTCAATAAGG,0,0,0
EOC6_PBMC_cell_CGAACATGTCTAACGT,0,0,0
EOC6_PBMC_cell_TTTGCGCAGAATTCCC,0,0,0
EOC6_PBMC_cell_ACATGGTTCTCGCTTG,0,0,0
EOC6_PBMC_cell_GTAACGTAGAAACGAG,0,0,0
EOC6_PBMC_cell_GTCCTCACAGCTGTGC,0,0,0
EOC6_PBMC_cell_TCCACACAGAGTGAGA,0,0,0
EOC6_PBMC_cell_AGCGGTCAGGCGCTCT,0,0,0
EOC6_PBMC_cell_TCAGCAATCCCTTGCA,0,0,0
EOC6_PBMC_cell_CGGGTCACAATCTGCA,0,0,0
EOC6_PBMC_cell_GAGCAGACAACTGCTA,0,0,0
EOC6_PBMC_cell_ACCCACTTCCGAATGT,0,0,0
EOC6_PBMC_cell_GACCTGGAGAGAACAG,0,0,0
EOC6_PBMC_cell_TCACGAAAGTATCGAA,0,0,0
EOC6_PBMC_cell_TTCTCAATCGGTGTCG,0,0,0
EOC6_PBMC_cell_GGGCATCGTACTTCTT,0,0,0
EOC6_PBMC_cell_CATATTCTCCATGAGT,0,0,0
EOC6_PBMC_cell_GACGGCTTCATTATCC,0,0,0
EOC6_PBMC_cell_GATCTAGGTTCCCGAG,0,0,0
EOC6_PBMC_cell_TTGTAGGGTTAGATGA,0,0,0
EOC6_PBMC_cell_AGGGATGGTCTTGATG,0,0,0
EOC6_PBMC_cell_GACGTTAAGGCTCAGA,0,0,0
EOC6_PBMC_cell_TCAGGTACACAGATTC,0,0,0
EOC6_PBMC_cell_TTCTACAAGCACCGTC,0,0,0
EOC6_PBMC_cell_ACCAGTAAGAGCCCAA,0,0,0
EOC6_PBMC_cell_TACTCGCGTCCGTGAC,0,0,0
EOC6_PBMC_cell_GTTTCTACACATTAGC,0,0,0
EOC6_PBMC_cell_ATCATCTTCGGCGCTA,0,0,0
EOC6_PBMC_cell_CTAAGACAGACGCAAC,0,0,0
EOC6_PBMC_cell_CAGCAGCAGTGTCCAT,0,0,0
EOC6_PBMC_cell_CTAGTGAAGTACGATA,0,0,0
EOC6_PBMC_cell_CATCGAATCGTCGTTC,0,0,0
EOC6_PBMC_cell_GGCGACTCACAGGCCT,0,0,0
EOC6_PBMC_cell_ACGAGCCCAATCTGCA,0,0,0
EOC6_PBMC_cell_CCTTACGAGACAAGCC,0,0,0
EOC6_PBMC_cell_GCATACAAGGAGTTTA,0,0,0
EOC6_PBMC_cell_CAGCATACACCACGTG,0,0,0
EOC6_PBMC_cell_TGCCCTAGTTCCACGG,0,0,0
EOC6_PBMC_cell_TCAGGATGTGGTTTCA,0,0,0
EOC6_PBMC_cell_GTCGGGTGTCATCCCT,0,0,0
EOC6_PBMC_cell_TGATTTCGTATCACCA,0,0,0
EOC6_PBMC_cell_ACGGGTCTCCGTACAA,0,0,0
EOC6_PBMC_cell_CTACATTGTAGAGTGC,0,0,0
EOC6_PBMC_cell_TCTATTGCATCCTAGA,0,0,0
EOC6_PBMC_cell_TCACGAACAGACAAAT,0,0,0
EOC6_PBMC_cell_GATCTAGGTTATTCTC,0,0,0
EOC6_PBMC_cell_GATCGCGCATCGGAAG,0,0,0
EOC6_PBMC_cell_GGTGAAGAGTGGGCTA,0,0,0
EOC6_PBMC_cell_GAGGTGATCACTTACT,0,0,0
EOC6_PBMC_cell_AGGGTGAGTCGGATCC,0,0,0
EOC6_PBMC_cell_TTCGAAGGTACTTCTT,0,0,0
EOC6_PBMC_cell_ATAACGCCACGCATCG,0,0,0
EOC6_PBMC_cell_CATTCGCTCTCGATGA,0,0,0
EOC6_PBMC_cell_CTCGAAATCGCTGATA,0,0,0
EOC6_PBMC_cell_AGCATACCAATAAGCA,0,0,0
EOC6_PBMC_cell_CCTTACGGTACCATCA,0,0,0
EOC6_PBMC_cell_AACTCCCCAAGTCTAC,0,0,0
EOC6_PBMC_cell_ATGCGATTCAAACCAC,0,0,0
EOC6_PBMC_cell_CATCGGGAGTGAACGC,0,0,0
EOC6_PBMC_cell_AGACGTTCAAGTTCTG,0,0,0
EOC6_PBMC_cell_GACTACAAGGCTAGAC,0,0,0
EOC6_PBMC_cell_CCACTACGTTAAGGGC,0,0,0
EOC6_PBMC_cell_TTCGAAGAGGCTCAGA,0,0,0
EOC6_PBMC_cell_CATTATCAGTGACTCT,0,0,0
EOC6_PBMC_cell_TCGGTAAGTGACTCAT,0,0,0
EOC6_PBMC_cell_CACACTCGTGCAGACA,0,0,0
EOC6_PBMC_cell_GGACAGAAGACTAAGT,0,0,0
EOC6_PBMC_cell_CGATCGGCATACTACG,0,0,0
EOC6_PBMC_cell_CTGAAGTTCGTCACGG,0,0,0
EOC6_PBMC_cell_GAATAAGAGCTCTCGG,0,0,0
EOC6_PBMC_cell_GACGTGCCAAATCCGT,0,0,0
EOC6_PBMC_cell_ACGGAGAAGATATGGT,0,0,0
EOC6_PBMC_cell_GGGATGATCGCAAGCC,0,0,0
EOC6_PBMC_cell_AGCGTATTCACGGTTA,0,0,0
EOC6_PBMC_cell_CTGATAGGTATATCCG,0,0,0
EOC6_PBMC_cell_TCATTACCATGAACCT,0,0,0
EOC6_PBMC_cell_TTCGGTCAGTGACATA,0,0,0
EOC6_PBMC_cell_TGAGCATCAAGTAATG,0,0,0
EOC6_PBMC_cell_ACATGGTCATGCCTAA,0,0,0
EOC6_PBMC_cell_TGCTGCTGTAGCTCCG,0,0,0
EOC6_PBMC_cell_CAACTAGCACCTTGTC,0,0,0
EOC6_PBMC_cell_CGATCGGAGTGAACAT,0,0,0
EOC6_PBMC_cell_CACATTTCAGCTGTAT,0,0,0
EOC6_PBMC_cell_TGGGAAGGTCCGAACC,0,0,0
EOC6_PBMC_cell_ATTATCCCATATGGTC,0,0,0
EOC6_PBMC_cell_GAATAAGCACGGATAG,0,0,0
EOC6_PBMC_cell_CGATCGGGTCTAAACC,0,0,0
EOC6_PBMC_cell_TACGGGCTCTCGATGA,0,0,0
EOC6_PBMC_cell_TGCGTGGCACTAAGTC,0,0,0
EOC6_PBMC_cell_ACACTGAGTACAGTTC,0,0,0
EOC6_PBMC_cell_AACTGGTAGCTACCGC,0,0,0
EOC6_PBMC_cell_GCGAGAAGTGCGATAG,0,0,0
EOC6_PBMC_cell_ACGGCCACATTATCTC,0,0,0
EOC6_PBMC_cell_AGTTGGTTCCTGCTTG,0,0,0
EOC6_PBMC_cell_CGAACATTCCTCATTA,0,0,0
EOC6_PBMC_cell_GGGTTGCAGGGAAACA,0,0,0
EOC6_PBMC_cell_CGCGTTTGTTGTTTGG,0,0,0
EOC6_PBMC_cell_GTGCATATCAGAAATG,0,0,0
EOC6_PBMC_cell_CGATGTATCAGTGTTG,0,0,0
EOC6_PBMC_cell_CATCAGAGTGCACGAA,0,0,0
EOC6_PBMC_cell_CCTACACCATATGAGA,0,0,0
EOC6_PBMC_cell_GCACTCTCATCTGGTA,0,0,0
EOC6_PBMC_cell_CACTCCATCTTCGGTC,0,0,0
EOC6_PBMC_cell_GCATGCGGTTCAGGCC,0,0,0
EOC6_PBMC_cell_TGAGCCGCAGCGATCC,0,0,0
EOC6_PBMC_cell_GACCTGGTCAGGCCCA,0,0,0
EOC6_PBMC_cell_AGGCCACCATTCTCAT,0,0,0
EOC6_PBMC_cell_ATCATGGTCCGCATAA,0,0,0
EOC6_PBMC_cell_AGCTCTCCAGGCAGTA,0,0,0
EOC6_PBMC_cell_CAAGGCCTCTTACCTA,0,0,0
EOC6_PBMC_cell_TGGGAAGCACACTGCG,0,0,0
EOC6_PBMC_cell_TACCTATAGACAAAGG,0,0,0
EOC6_PBMC_cell_CTGAAGTAGTATGACA,0,0,0
EOC6_PBMC_cell_GTCTTCGGTTGCGTTA,0,0,0
EOC6_PBMC_cell_GCGCCAACACGTAAGG,0,0,0
EOC6_PBMC_cell_CGTAGGCGTACATGTC,0,0,0
EOC6_PBMC_cell_ATCACGACATGCCCGA,0,0,0
EOC6_PBMC_cell_GAATAAGTCGTGGACC,0,0,0
EOC6_PBMC_cell_CATCGAAGTAGCGCAA,0,0,0
EOC6_PBMC_cell_GCGGGTTGTGTGGCTC,0,0,0
EOC6_PBMC_cell_ACAGCTACAGATCGGA,0,0,0
EOC6_PBMC_cell_ACAGCCGCACTCTGTC,0,0,0
EOC6_PBMC_cell_CTCAGAACATCTACGA,0,0,0
EOC6_PBMC_cell_GGCTGGTAGTACGATA,0,0,0
EOC6_PBMC_cell_GTCAAGTGTAGCGCTC,0,0,0
EOC6_PBMC_cell_CAAGAAAAGACTACAA,0,0,0
EOC6_PBMC_cell_TACTTGTAGCGCTCCA,0,0,0
EOC6_PBMC_cell_GCTTCCAAGGTCGGAT,0,0,0
EOC6_PBMC_cell_CTCGGAGTCAACGGGA,0,0,0
EOC6_PBMC_cell_CTCCTAGTCAAACCGT,0,0,0
EOC6_PBMC_cell_CGATTGAAGCTAACTC,0,0,0
EOC6_PBMC_cell_CCGGTAGGTTGTACAC,0,0,0
EOC6_PBMC_cell_GGACGTCGTTCACGGC,0,0,0
EOC6_PBMC_cell_ATCTGCCCACTATCTT,0,0,0
EOC6_PBMC_cell_CACAGGCAGAGTCTGG,0,0,0
EOC6_PBMC_cell_GAAGCAGTCGCCTGTT,0,0,0
EOC6_PBMC_cell_ACTGCTCGTGACTCAT,0,0,0
EOC6_PBMC_cell_CGTTAGACACTTCTGC,0,0,0
EOC6_PBMC_cell_GTCGTAAGTCAGTGGA,0,0,0
EOC6_PBMC_cell_AAGGAGCTCTACCTGC,0,0,0
EOC6_PBMC_cell_AACGTTGTCAGCACAT,0,0,0
EOC6_PBMC_cell_GGCTGGTGTCCCTTGT,0,0,0
EOC6_PBMC_cell_CTGTGCTCAGGGTACA,0,0,0
EOC6_PBMC_cell_TTCCCAGTCAGCGACC,0,0,0
EOC6_PBMC_cell_CTAGTGAAGACGCAAC,0,0,0
EOC6_PBMC_cell_ACGGGCTCATCACAAC,0,0,0
EOC6_PBMC_cell_ACTTGTTCAGGGCATA,0,0,0
EOC6_PBMC_cell_TCTGAGACATGAGCGA,0,0,0
EOC6_PBMC_cell_CGGACTGGTAGCTAAA,0,0,0
EOC6_PBMC_cell_CATGACAGTACAGCAG,0,0,0
EOC6_PBMC_cell_CACAGGCCACAGGCCT,0,0,0
EOC6_PBMC_cell_AAGCCGCTCGGAGGTA,0,0,0
EOC6_PBMC_cell_TGACGGCCATACTCTT,0,0,0
EOC6_PBMC_cell_GGCAATTCAGGTCCAC,0,0,0
EOC6_PBMC_cell_TACCTTAAGACTGTAA,0,0,0
EOC6_PBMC_cell_CAAGATCCAGCTCCGA,0,0,0
EOC6_PBMC_cell_TGTGTTTAGCTAGTGG,0,0,0
EOC6_PBMC_cell_TCAGCTCTCATCGATG,0,0,0
EOC6_PBMC_cell_GTAGTCAAGGCTACGA,0,0,0
EOC6_PBMC_cell_CCTCAGTGTACCGTTA,0,0,0
EOC6_PBMC_cell_ATAACGCTCAGCTTAG,0,0,0
EOC6_PBMC_cell_GCCTCTAGTCATATCG,0,0,0
EOC6_PBMC_cell_GAAATGAAGATCTGCT,0,0,0
EOC6_PBMC_cell_ATTGGTGGTCTAGCCG,0,0,0
EOC6_PBMC_cell_TGGTTAGAGATATGGT,0,0,0
EOC6_PBMC_cell_AGGCCACTCCGAAGAG,0,0,0
EOC6_PBMC_cell_CAGAATCGTGAAGGCT,0,0,0
EOC6_PBMC_cell_AGCGTCGCAGGGTACA,0,0,0
EOC6_PBMC_cell_CACACTCTCTCATTCA,0,0,0
EOC6_PBMC_cell_ATTCTACAGTGTCTCA,0,0,0
EOC6_PBMC_cell_CGCCAAGGTTGGACCC,0,0,0
EOC6_PBMC_cell_CGATGTAGTAAGTGTA,0,0,0
EOC6_PBMC_cell_CGATGTACAGACTCGC,0,0,0
EOC6_PBMC_cell_TCGTAGACAAGCCGTC,0,0,0
EOC6_PBMC_cell_TTTGGTTAGACGCACA,0,0,0
EOC6_PBMC_cell_CGATGGCTCTACCTGC,0,0,0
EOC6_PBMC_cell_ACACCGGCAGACGCCT,0,0,0
EOC6_PBMC_cell_TCAATCTTCACAATGC,0,0,0
EOC6_PBMC_cell_AGGGTGAAGAGAGCTC,0,0,0
EOC6_PBMC_cell_TGTTCCGAGCAAATCA,0,0,0
EOC6_PBMC_cell_TGTCCCATCCTCGCAT,0,0,0
EOC6_PBMC_cell_CTGCCTAAGAGCAATT,0,0,0
EOC6_PBMC_cell_GATCGCGCAGACTCGC,0,0,0
EOC6_PBMC_cell_CCACCTAGTCTTGATG,0,0,0
EOC6_PBMC_cell_CTCTACGAGTGGTAAT,0,0,0
EOC6_PBMC_cell_TTTGCGCAGACTAAGT,0,0,0
EOC6_PBMC_cell_AGGGATGCAATGAATG,0,0,0
EOC6_PBMC_cell_ACACCAATCTGATACG,0,0,0
EOC6_PBMC_cell_TACTTACTCGCCAAAT,0,0,0
EOC6_PBMC_cell_CCTCTGACACATGTGT,0,0,0
EOC6_PBMC_cell_GATCGCGTCAGCCTAA,0,0,0
EOC6_PBMC_cell_AAGGAGCAGTCAAGCG,0,0,0
EOC6_PBMC_cell_CGTGTAAAGAACAATC,0,0,0
EOC6_PBMC_cell_CGTGTAAGTCTTTCAT,0,0,0
EOC6_PBMC_cell_GTATCTTTCTGTCCGT,0,0,0
EOC6_PBMC_cell_TCTCATACACGAGGTA,0,0,0
EOC6_PBMC_cell_GTCGTAAAGCTGCAAG,0,0,0
EOC6_PBMC_cell_TGCGGGTAGCGTCTAT,0,0,0
EOC6_PBMC_cell_GCGCAACCACATCTTT,0,0,0
EOC6_PBMC_cell_CGGACGTCAAGTACCT,0,0,0
EOC6_PBMC_cell_GCAGTTATCCTTGGTC,0,0,0
EOC6_PBMC_cell_AGTGTCACATCTACGA,0,0,0
EOC6_PBMC_cell_ACCTTTAAGACAATAC,0,0,0
EOC6_PBMC_cell_GTTTCTAGTTACGTCA,0,0,0
EOC6_PBMC_cell_CCTCAGTCAACACCTA,0,0,0
EOC6_PBMC_cell_GTTAAGCCAAACAACA,0,0,0
EOC6_PBMC_cell_ACTTACTAGAAACCAT,0,0,0
EOC6_PBMC_cell_AAACCTGGTTGGGACA,0,0,0
EOC6_PBMC_cell_CCACCTATCAGGCAAG,0,0,0
EOC6_PBMC_cell_CACACTCGTTGCCTCT,0,0,0
EOC6_PBMC_cell_CTCTGGTAGTCCAGGA,0,0,0
EOC6_PBMC_cell_GCAGCCAAGGACAGCT,0,0,0
EOC6_PBMC_cell_AGCTCTCCAAAGGCGT,0,0,0
EOC6_PBMC_cell_TGGCCAGTCGGAGCAA,0,0,0
EOC6_PBMC_cell_GCTCTGTAGCCAGTTT,0,0,0
EOC6_PBMC_cell_AGGTCCGTCAGGTAAA,0,0,0
EOC6_PBMC_cell_CAGCAGCAGGCTCATT,0,0,0
EOC6_PBMC_cell_TAGTGGTCAGTATAAG,0,0,0
EOC6_PBMC_cell_CAAGTTGTCTGGAGCC,0,0,0
EOC6_PBMC_cell_ACCCACTTCTTGCAAG,0,0,0
EOC6_PBMC_cell_CTTAACTAGACCTAGG,0,0,0
EOC6_PBMC_cell_CGGTTAAAGCTACCTA,0,0,0
EOC6_PBMC_cell_GAAGCAGAGAACAACT,0,0,0
EOC6_PBMC_cell_AGCGGTCAGATGAGAG,0,0,0
EOC6_PBMC_cell_TGACAACGTGGCTCCA,0,0,0
EOC6_PBMC_cell_CGTCTACAGGCCGAAT,0,0,0
EOC6_PBMC_cell_GATGAGGAGGAGTTTA,0,0,0
EOC6_PBMC_cell_TCGTACCAGAACAACT,0,0,0
EOC6_PBMC_cell_CAGTCCTCACCGTTGG,0,0,0
EOC6_PBMC_cell_CATTCGCGTCTGATTG,0,0,0
EOC6_PBMC_cell_TGGGAAGTCGGTGTTA,0,0,0
EOC6_PBMC_cell_TTCCCAGTCAGCATGT,0,0,0
EOC6_PBMC_cell_TTCTCCTCAATGAATG,0,0,0
EOC6_PBMC_cell_TCTCATAGTGTAACGG,0,0,0
EOC6_PBMC_cell_GCGGGTTAGGCTATCT,0,0,0
EOC6_PBMC_cell_GCCTCTACAAGCTGTT,0,0,0
EOC6_PBMC_cell_CTGGTCTTCAGGATCT,0,0,0
EOC6_PBMC_cell_GCTTGAAAGTGGTAAT,0,0,0
EOC6_PBMC_cell_ACTTTCATCAACGGCC,0,0,0
EOC6_PBMC_cell_CTTGGCTCACGCTTTC,0,0,0
EOC6_PBMC_cell_CCTTACGGTGCGGTAA,0,0,0
EOC6_PBMC_cell_CACCTTGCAAGTCTAC,0,0,0
EOC6_PBMC_cell_CGGTTAAAGGCCCTTG,0,0,0
EOC6_PBMC_cell_ACGCCAGTCAACCAAC,0,0,0
EOC6_PBMC_cell_TCTTTCCGTGAAGGCT,0,0,0
EOC6_PBMC_cell_GATTCAGTCGCCCTTA,0,0,0
EOC6_PBMC_cell_TACTCATTCTACTATC,0,0,0
EOC6_PBMC_cell_AACACGTGTCAACATC,0,0,0
EOC6_PBMC_cell_CAGTCCTGTGTCGCTG,0,0,0
EOC6_PBMC_cell_CGGAGTCGTCGGATCC,0,0,0
EOC6_PBMC_cell_AGGTCCGTCTACTTAC,0,0,0
EOC6_PBMC_cell_GGGTTGCAGCAATCTC,0,0,0
EOC6_PBMC_cell_TGTATTCTCAACTCTT,0,0,0
EOC6_PBMC_cell_CTCGAGGCACCAGATT,0,0,0
EOC6_PBMC_cell_GAAATGATCTAACCGA,0,0,0
EOC6_PBMC_cell_CTTAACTAGGCACATG,0,0,0
EOC6_PBMC_cell_GTTACAGCAGATGAGC,0,0,0
EOC6_PBMC_cell_CAAGGCCGTACATGTC,0,0,0
EOC6_PBMC_cell_AGGGTGAGTACGCACC,0,0,0
EOC6_PBMC_cell_ACAGCCGGTTAAGATG,0,0,0
EOC6_PBMC_cell_TTGACTTCAGTCGATT,0,0,0
EOC6_PBMC_cell_TGCGGGTCATACCATG,0,0,0
EOC6_PBMC_cell_CTAAGACGTAAGAGAG,0,0,0
EOC6_PBMC_cell_CACCTTGGTGACAAAT,0,0,0
EOC6_PBMC_cell_GAGCAGAGTGTTCGAT,0,0,0
EOC6_PBMC_cell_TTCTCAATCTGAAAGA,0,0,0
EOC6_PBMC_cell_TCAGATGTCGTACCGG,0,0,0
EOC6_PBMC_cell_TACCTATTCTCTAGGA,0,0,0
EOC6_PBMC_cell_TTCCCAGCAGAGCCAA,0,0,0
EOC6_PBMC_cell_TTCTACAGTCTTGATG,0,0,0
EOC6_PBMC_cell_CGTCCATAGATCCTGT,0,0,0
EOC6_PBMC_cell_GCTTGAATCTGGGCCA,0,0,0
EOC6_PBMC_cell_CTACACCGTATAGGTA,0,0,0
EOC6_PBMC_cell_CAACTAGTCGTCTGAA,0,0,0
EOC6_PBMC_cell_GGCTGGTCAGACGCTC,0,0,0
EOC6_PBMC_cell_TGGGCGTCATTGTGCA,0,0,0
EOC6_PBMC_cell_ACGAGGACATCAGTCA,0,0,0
EOC6_PBMC_cell_CACAGTAAGGGTGTTG,0,0,0
EOC6_PBMC_cell_ATTTCTGCACCGAATT,0,0,0
EOC6_PBMC_cell_TCAGATGTCGTTACAG,0,0,0
EOC6_PBMC_cell_CGTTCTGGTAACGCGA,0,0,0
EOC6_PBMC_cell_ACACTGAAGGCATGGT,0,0,0
EOC6_PBMC_cell_TCTTCGGAGTCGATAA,0,0,0
EOC6_PBMC_cell_GGATTACCAGATAATG,0,0,0
EOC6_PBMC_cell_GCACATATCTTCAACT,0,0,0
EOC6_PBMC_cell_CCAGCGAAGATCTGAA,0,0,0
EOC6_PBMC_cell_CGTCCATTCCAGAGGA,0,0,0
EOC6_PBMC_cell_CACACTCTCTCAAGTG,0,0,0
EOC6_PBMC_cell_CGTAGGCGTGTGAATA,0,0,0
EOC6_PBMC_cell_TCCACACTCCGCGCAA,0,0,0
EOC6_PBMC_cell_CACTCCAAGTACACCT,0,0,0
EOC6_PBMC_cell_CGATCGGCACAACGTT,0,0,0
EOC6_PBMC_cell_ATCCACCTCTGTTGAG,0,0,0
EOC6_PBMC_cell_AAGGCAGGTACCCAAT,0,0,0
EOC6_PBMC_cell_TGTTCCGGTGGTCCGT,0,0,0
EOC6_PBMC_cell_CGAGCACTCCCTCTTT,0,0,0
EOC6_PBMC_cell_TCAGCAATCTAGAGTC,0,0,0
EOC6_PBMC_cell_TGAGCCGCAAGAAGAG,0,0,0
EOC6_PBMC_cell_TCAGATGCACCCATTC,0,0,0
EOC6_PBMC_cell_ACGGAGAGTATCTGCA,0,0,0
EOC6_PBMC_cell_GTATCTTTCGAACTGT,0,0,0
EOC6_PBMC_cell_AAGACCTAGGCATGTG,0,0,0
EOC6_PBMC_cell_CTTTGCGAGAAGGCCT,0,0,0
EOC6_PBMC_cell_TCACAAGGTCGCATAT,0,0,0
EOC6_PBMC_cell_GCATGATTCCGAATGT,0,0,0
EOC6_PBMC_cell_CGCCAAGAGATGTGGC,0,0,0
EOC6_PBMC_cell_TGCGGGTGTTGGAGGT,0,0,0
EOC6_PBMC_cell_CGACTTCCAATGAAAC,0,0,0
EOC6_PBMC_cell_TACCTATAGGAGCGTT,0,0,0
EOC6_PBMC_cell_CGCGGTACAGATTGCT,0,0,0
EOC6_PBMC_cell_AGAATAGGTAATAGCA,0,0,0
EOC6_PBMC_cell_GGGATGACATAAGACA,0,0,0
EOC6_PBMC_cell_AACACGTAGGAACTGC,0,0,0
EOC6_PBMC_cell_TAGTTGGGTCTGATTG,0,0,0
EOC6_PBMC_cell_GTACTTTAGTAGTGCG,0,0,0
EOC6_PBMC_cell_GCAGCCAAGACGCAAC,0,0,0
EOC6_PBMC_cell_CTCACACCAGTTCCCT,0,0,0
EOC6_PBMC_cell_AGGCCGTTCTATCCTA,0,0,0
EOC6_PBMC_cell_AGTTGGTGTAGCTGCC,0,0,0
EOC6_PBMC_cell_GAGCAGATCCTAGAAC,0,0,0
EOC6_PBMC_cell_TAGGCATAGGGATACC,0,0,0
EOC6_PBMC_cell_GCACATAAGCACCGTC,0,0,0
EOC6_PBMC_cell_CCACTACTCTGAAAGA,0,0,0
EOC6_PBMC_cell_TACTCGCAGCTTATCG,0,0,0
EOC6_PBMC_cell_GGCCGATAGCCTCGTG,0,0,0
EOC6_PBMC_cell_TCTTTCCTCTATGTGG,0,0,0
EOC6_PBMC_cell_TACGGATTCTCGGACG,0,0,0
EOC6_PBMC_cell_TTTCCTCTCAGAGGTG,0,0,0
EOC6_PBMC_cell_CGAGCCACATATGAGA,0,0,0
EOC6_PBMC_cell_AGCAGCCAGAGTCTGG,0,0,0
EOC6_PBMC_cell_ACAGCTAGTCCGAGTC,0,0,0
EOC6_PBMC_cell_GAATAAGAGAGACTTA,0,0,0
EOC6_PBMC_cell_GGGTTGCCAGCTGTGC,0,0,0
EOC6_PBMC_cell_TACTCGCTCTCGTATT,0,0,0
EOC6_PBMC_cell_GCGCCAATCCCTAACC,0,0,0
EOC6_PBMC_cell_ACTTTCATCAGCTCTC,0,0,0
EOC6_PBMC_cell_TGACTTTAGGAGTAGA,0,0,0
EOC6_PBMC_cell_TCTCATACACTAAGTC,0,0,0
EOC6_PBMC_cell_CTTACCGTCTGTCCGT,0,0,0
EOC6_PBMC_cell_ATCGAGTCAGCTTCGG,0,0,0
EOC6_PBMC_cell_GGGCATCAGTCCGGTC,0,0,0
EOC6_PBMC_cell_AAGCCGCAGAAGCCCA,0,0,0
EOC6_PBMC_cell_AACCATGTCTCTTGAT,0,0,0
EOC6_PBMC_cell_GGGAATGCAAGACACG,0,0,0
EOC6_PBMC_cell_GGACATTGTTCAGACT,0,0,0
EOC6_PBMC_cell_TCGTACCAGGCGACAT,0,0,0
EOC6_PBMC_cell_TTAACTCGTCGTCTTC,0,0,0
EOC6_PBMC_cell_CATCGGGGTGTAAGTA,0,0,0
EOC6_PBMC_cell_ACTTTCAGTCTCAACA,0,0,0
EOC6_PBMC_cell_CATGACAGTAACGTTC,0,0,0
EOC6_PBMC_cell_ACATCAGCAAGCGTAG,0,0,0
EOC6_PBMC_cell_ACGAGGAAGGTAAACT,0,0,0
EOC6_PBMC_cell_CGACCTTGTGCAACGA,0,0,0
EOC6_PBMC_cell_CATGCCTTCTGTTTGT,0,0,0
EOC6_PBMC_cell_CGCGTTTAGGCCCTCA,0,0,0
EOC6_PBMC_cell_CACATAGTCGTTGCCT,0,0,0
EOC6_PBMC_cell_AACCATGAGTGATCGG,0,0,0
EOC6_PBMC_cell_CAGCTGGAGACTAGAT,0,0,0
EOC6_PBMC_cell_CTCGGGATCGCACTCT,0,0,0
EOC6_PBMC_cell_GGGATGATCCTTGGTC,0,0,0
EOC6_PBMC_cell_GTGCAGCTCTGGCGAC,0,0,0
EOC6_PBMC_cell_GGAGCAACATTAGCCA,0,0,0
EOC6_PBMC_cell_GAAGCAGTCTGAAAGA,0,0,0
EOC6_PBMC_cell_CAGCGACTCCGTAGGC,0,0,0
EOC6_PBMC_cell_TGCGCAGGTACACCGC,0,0,0
EOC6_PBMC_cell_AGACGTTTCTGGCGAC,0,0,0
EOC6_PBMC_cell_CCGGGATAGTGTCCCG,0,0,0
EOC6_PBMC_cell_TGCGTGGAGGGCTCTC,0,0,0
EOC6_PBMC_cell_GGACAAGCACGGACAA,0,0,0
EOC6_PBMC_cell_ACACCAACAGCTATTG,0,0,0
EOC6_PBMC_cell_TCACGAAGTCTGGAGA,0,0,0
EOC6_PBMC_cell_ACGCCAGTCTGGTTCC,0,0,0
EOC6_PBMC_cell_ATCATGGGTATTCTCT,0,0,0
EOC6_PBMC_cell_GCTGCGACAAGCCGCT,0,0,0
EOC6_PBMC_cell_CATCAGAAGTGTGGCA,0,0,0
EOC6_PBMC_cell_GTATTCTTCATTTGGG,0,0,0
EOC6_PBMC_cell_GTTAAGCTCACAATGC,0,0,0
EOC6_PBMC_cell_AAGGTTCAGCTGCGAA,0,0,0
EOC6_PBMC_cell_TGCTGCTTCCCGGATG,0,0,0
EOC6_PBMC_cell_TGCGTGGAGGACACCA,0,0,0
EOC6_PBMC_cell_TGAGAGGCATGACATC,0,0,0
EOC6_PBMC_cell_CTGCGGACAGGCTCAC,0,0,0
EOC6_PBMC_cell_GATCTAGCAATAACGA,0,0,0
EOC6_PBMC_cell_TACGGGCTCTGTTTGT,0,0,0
EOC6_PBMC_cell_TTGCGTCGTCAATGTC,0,0,0
EOC6_PBMC_cell_GACTACACACTCTGTC,0,0,0
EOC6_PBMC_cell_CGCGGTACATGCAACT,0,0,0
EOC6_PBMC_cell_ATCACGAAGGACATTA,0,0,0
EOC6_PBMC_cell_CACTCCATCTGGCGAC,0,0,0
EOC6_PBMC_cell_CTCCTAGGTGATGTGG,0,0,0
EOC6_PBMC_cell_CGAGCCAGTTGTGGCC,0,0,1
EOC6_PBMC_cell_CGTGTCTCAATAGCAA,0,0,0
EOC6_PBMC_cell_GTAACGTCAGCCTGTG,0,0,0
EOC6_PBMC_cell_CATTCGCAGGACACCA,0,0,0
EOC6_PBMC_cell_CGTAGGCGTTGATTGC,0,0,0
EOC6_PBMC_cell_TCTTCGGGTCAATGTC,0,0,0
EOC6_PBMC_cell_AACTCAGAGCTAGGCA,0,0,0
EOC6_PBMC_cell_GCTGCGAAGAGGGCTT,0,0,0
EOC6_PBMC_cell_TATGCCCCAAGCCTAT,0,0,0
EOC6_PBMC_cell_TACAGTGTCCTCCTAG,0,0,0
EOC6_PBMC_cell_GTCGGGTGTCTAGAGG,0,0,0
EOC6_PBMC_cell_ACAGCTAAGCCCTAAT,0,0,0
EOC6_PBMC_cell_CCAGCGACACTACAGT,0,0,0
EOC6_PBMC_cell_ATGAGGGAGCCGTCGT,0,0,0
EOC6_PBMC_cell_CATCCACTCCGCGTTT,0,0,0
EOC6_PBMC_cell_AGGTCCGCAGCATACT,0,0,0
EOC6_PBMC_cell_CGGAGTCGTGTCTGAT,0,0,0
EOC6_PBMC_cell_GAAGCAGTCTTGCAAG,0,0,0
EOC6_PBMC_cell_ATCATCTAGCGTGAAC,0,0,0
EOC6_PBMC_cell_CGGAGTCGTGCACTTA,0,0,0
EOC6_PBMC_cell_CTTACCGGTGGTACAG,0,0,0
EOC6_PBMC_cell_ATAACGCGTGTGACGA,0,0,0
EOC6_PBMC_cell_CATCAGACATCAGTCA,0,0,0
EOC6_PBMC_cell_ACTTTCAGTTAAAGTG,0,0,0
EOC6_PBMC_cell_TATTACCAGCTGGAAC,0,0,0
EOC6_PBMC_cell_ATGCGATCACGACTCG,0,0,0
EOC6_PBMC_cell_CGAGAAGTCGACCAGC,0,0,0
EOC6_PBMC_cell_TTTGTCAAGTGCAAGC,0,0,0
EOC6_PBMC_cell_TTGGAACAGTCGATAA,0,0,0
EOC6_PBMC_cell_AGTTGGTCAATTGCTG,0,0,0
EOC6_PBMC_cell_GTGGGTCAGGGCTTCC,0,0,0
EOC6_PBMC_cell_GTTCATTCAAGTAGTA,0,0,0
EOC6_PBMC_cell_GAACGGATCCACGACG,0,0,0
EOC6_PBMC_cell_TCACAAGTCTTCGGTC,0,0,0
EOC6_PBMC_cell_AGGTCCGGTGGCCCTA,0,0,0
EOC6_PBMC_cell_CGACTTCTCCTCAACC,0,0,0
EOC6_PBMC_cell_TCTATTGGTTAGTGGG,0,0,0
EOC6_PBMC_cell_GACGTGCAGCCGTCGT,0,0,0
EOC6_PBMC_cell_TCTCTAATCTATGTGG,0,0,0
EOC6_PBMC_cell_CGTCCATTCCTTTACA,0,0,0
EOC6_PBMC_cell_TCGTACCTCTCGTATT,0,0,0
EOC6_PBMC_cell_CGTGAGCAGTCCCACG,0,0,0
EOC6_PBMC_cell_TGCGTGGGTAGGACAC,0,0,0
EOC6_PBMC_cell_AGATTGCCATAGTAAG,0,0,0
EOC6_PBMC_cell_TTGCCGTAGATCCCGC,0,0,0
EOC6_PBMC_cell_TAAGCGTCACCTCGGA,0,0,0
EOC6_PBMC_cell_CCTCAGTAGTCAATAG,0,0,0
EOC6_PBMC_cell_TGGGAAGTCCAACCAA,0,0,0
EOC6_PBMC_cell_CGGACGTGTGTAATGA,0,0,0
EOC6_PBMC_cell_CCAATCCGTCGCATCG,0,0,0
EOC6_PBMC_cell_AAGTCTGTCTCCGGTT,0,0,0
EOC6_PBMC_cell_TGCCCTAGTTCTGAAC,0,0,0
EOC6_PBMC_cell_AGGCCACGTCAGAAGC,0,0,0
EOC6_PBMC_cell_GGGTTGCAGTACTTGC,0,0,0
EOC6_PBMC_cell_ACTGAGTGTCGATTGT,0,0,0
EOC6_PBMC_cell_CGTTGGGGTAGCGTGA,0,0,0
EOC6_PBMC_cell_CAGCCGATCTGTCTAT,0,0,0
EOC6_PBMC_cell_GAGTCCGTCTGCAGTA,0,0,0
EOC6_PBMC_cell_GGCGACTGTTTAAGCC,0,0,0
EOC6_PBMC_cell_TCTTCGGAGAGAACAG,0,0,0
EOC6_PBMC_cell_TAAACCGGTAGCGCTC,0,0,0
EOC6_PBMC_cell_CACTCCATCGGAATCT,0,0,0
EOC6_PBMC_cell_GTGCAGCGTCTAGTGT,0,0,0
EOC6_PBMC_cell_TTCTTAGGTGATGCCC,0,0,0
EOC6_PBMC_cell_CTTTGCGTCTTTAGTC,0,0,0
EOC6_PBMC_cell_GCGCCAAGTCATACTG,0,0,0
EOC6_PBMC_cell_TTAGGACGTCGGATCC,0,0,0
EOC6_PBMC_cell_GTCGTAAGTGACGGTA,0,0,0
EOC6_PBMC_cell_CTTAGGAAGCACACAG,0,0,0
EOC6_PBMC_cell_GCCAAATCAAGTAGTA,0,0,0
EOC6_PBMC_cell_GCGAGAACATGTAGTC,0,0,0
EOC6_PBMC_cell_CCATTCGAGAGCTGGT,0,0,0
EOC6_PBMC_cell_CCCAGTTTCCTTGACC,0,0,0
EOC6_PBMC_cell_CGTTAGACAATGAATG,0,0,0
EOC6_PBMC_cell_TGGCTGGAGTCCGTAT,0,0,0
EOC6_PBMC_cell_GCGGGTTAGATCACGG,0,0,0
EOC6_PBMC_cell_GGCGTGTAGAGACTTA,0,0,0
EOC6_PBMC_cell_TTAGTTCTCCTAGGGC,0,0,0
EOC6_PBMC_cell_CGTCAGGAGCCAACAG,0,0,0
EOC6_PBMC_cell_CGGAGCTCACTTAACG,0,0,0
EOC6_PBMC_cell_TCCCGATCATCGATTG,0,0,0
EOC6_PBMC_cell_CGATCGGCAGTCTTCC,0,0,0
EOC6_PBMC_cell_CTACCCAGTGATGATA,0,0,0
EOC6_PBMC_cell_TCGCGAGAGAGTGAGA,0,0,0
EOC6_PBMC_cell_CACATTTCAATCCGAT,0,0,0
EOC6_PBMC_cell_CCTTTCTTCTCGGACG,0,0,0
EOC6_PBMC_cell_CACACTCGTATAAACG,0,0,0
EOC6_PBMC_cell_CCTTCGAGTGGGTATG,0,0,0
EOC6_PBMC_cell_CATGACAGTCTAGTGT,0,0,0
EOC6_PBMC_cell_CACCTTGAGCTAGTCT,0,0,0
EOC6_PBMC_cell_GATTCAGAGTTGAGTA,0,0,0
EOC6_PBMC_cell_CGATGGCAGCAGCGTA,0,0,0
EOC6_PBMC_cell_GCGCGATTCGCCGTGA,0,0,0
EOC6_PBMC_cell_CTAGCCTTCTGGTGTA,0,0,0
EOC6_PBMC_cell_TGCCAAAGTAAAGTCA,0,0,0
EOC6_PBMC_cell_GCGACCAAGATCACGG,0,0,0
EOC6_PBMC_cell_CCAGCGACATGTAGTC,0,0,0
EOC6_PBMC_cell_CACATAGTCGTCTGAA,0,0,0
EOC6_PBMC_cell_AGCTCCTAGAGCTGCA,0,0,0
EOC6_PBMC_cell_GCTGCGAGTGCATCTA,0,0,0
EOC6_PBMC_cell_CAGCCGACATCGGAAG,0,0,0
EOC6_PBMC_cell_CAGCTGGCACATCCGG,0,0,0
EOC6_PBMC_cell_TATGCCCAGATATACG,0,0,0
EOC6_PBMC_cell_TTCTCCTTCCAAAGTC,0,0,0
EOC6_PBMC_cell_CAGCTGGAGATAGCAT,0,0,0
EOC6_PBMC_cell_GATGAGGCACAGTCGC,0,0,0
EOC6_PBMC_cell_GAACATCAGATGAGAG,0,0,0
EOC6_PBMC_cell_ACTTTCACAGTGAGTG,0,0,0
EOC6_PBMC_cell_GCGCAACCACATGTGT,0,0,0
EOC6_PBMC_cell_GCACATACAATCTGCA,0,0,0
EOC6_PBMC_cell_TGAGGGAGTTGATTGC,0,0,0
EOC6_PBMC_cell_GTCGGGTTCGAATGCT,0,0,0
EOC6_PBMC_cell_CGGGTCATCAATACCG,0,0,0
EOC6_PBMC_cell_GATGAGGCAAGGTGTG,0,0,0
EOC6_PBMC_cell_ATGCGATGTATAGGTA,0,0,0
EOC6_PBMC_cell_GTTCTCGTCAGGATCT,0,0,0
EOC6_PBMC_cell_ACAGCTAAGTAGGCCA,0,0,0
EOC6_PBMC_cell_TGTATTCGTGCCTTGG,0,0,0
EOC6_PBMC_cell_TACCTTAGTCCCTACT,0,0,0
EOC6_PBMC_cell_TGAGCCGTCTGTACGA,0,0,0
EOC6_PBMC_cell_TATCAGGTCGTTTATC,0,0,0
EOC6_PBMC_cell_CGGACACTCTATCCCG,0,0,0
EOC6_PBMC_cell_AAGTCTGTCTACTCAT,0,0,0
EOC6_PBMC_cell_GGCAATTTCCGCATCT,0,0,0
EOC6_PBMC_cell_CATTCGCCAAAGGAAG,0,0,0
EOC6_PBMC_cell_ACGGCCACAGGTCCAC,0,0,0
EOC6_PBMC_cell_ATAACGCCAGCTGTAT,0,0,0
EOC6_PBMC_cell_AGAGCGAGTATAAACG,0,0,0
EOC6_PBMC_cell_TAGCCGGTCTTGACGA,0,0,0
EOC6_PBMC_cell_AACACGTAGGTGATAT,0,0,0
EOC6_PBMC_cell_TTGACTTGTCCATGAT,0,0,0
EOC6_PBMC_cell_TGAGAGGGTCTAAACC,0,0,0
EOC6_PBMC_cell_GATGAGGGTTCCACTC,0,0,0
EOC6_PBMC_cell_TCAGCTCTCCTTCAAT,0,0,0
EOC6_PBMC_cell_AACGTTGGTTCAGTAC,0,0,0
EOC6_PBMC_cell_GGAATAATCACGACTA,0,0,0
EOC6_PBMC_cell_ACGAGGAAGAACTGTA,0,0,0
EOC6_PBMC_cell_GAACCTAGTAAGCACG,0,0,0
EOC6_PBMC_cell_GTCCTCATCATCATTC,0,0,0
EOC6_PBMC_cell_AACCATGCAGTTTACG,0,0,0
EOC6_PBMC_cell_AAGGTTCGTTCCATGA,0,0,0
EOC6_PBMC_cell_GTGAAGGCACCGCTAG,0,0,0
EOC6_PBMC_cell_CCGTTCAGTTGCCTCT,0,0,0
EOC6_PBMC_cell_TCGTAGAGTTCCAACA,0,0,0
EOC6_PBMC_cell_TCTTCGGAGGTTCCTA,0,0,0
EOC6_PBMC_cell_GTATCTTGTTTCGCTC,0,0,0
EOC6_PBMC_cell_TTGACTTAGGGTGTGT,0,0,0
EOC6_PBMC_cell_GTAACTGAGCGCTTAT,0,0,0
EOC6_PBMC_cell_GGATTACTCCAGAAGG,0,0,0
EOC6_PBMC_cell_TACTTACGTGGCTCCA,0,0,0
EOC6_PBMC_cell_AGGTCATCAGATCCAT,0,0,0
EOC6_PBMC_cell_ACGTCAACACGCTTTC,0,0,0
EOC6_PBMC_cell_ACGATACCATACAGCT,0,0,0
EOC6_PBMC_cell_CGACTTCTCAAGGTAA,0,0,0
EOC6_PBMC_cell_AGTGGGACAATGTTGC,0,0,0
EOC6_PBMC_cell_TACTTGTTCTTGTCAT,0,0,0
EOC6_PBMC_cell_AACTGGTGTTAGAACA,0,0,0
EOC6_PBMC_cell_AGATTGCGTTCCACGG,0,0,0
EOC6_PBMC_cell_GTGCTTCGTTGATTCG,0,0,0
EOC6_PBMC_cell_TCGGGACGTGGCCCTA,0,0,0
EOC6_PBMC_cell_CGAGCACGTCCGCTGA,0,0,0
EOC6_PBMC_cell_AACTGGTTCTAACGGT,0,0,0
EOC6_PBMC_cell_GCAATCATCAGCTCGG,0,0,0
EOC6_PBMC_cell_AAATGCCCAGATCTGT,0,0,0
EOC6_PBMC_cell_CACATAGTCCTTTACA,0,0,0
EOC6_PBMC_cell_TATTACCTCAGCGACC,0,0,0
EOC6_PBMC_cell_GCGCAGTAGGCTCATT,0,0,0
EOC6_PBMC_cell_ATCATCTAGTGCGATG,0,0,0
EOC6_PBMC_cell_AAGCCGCTCACCGTAA,0,0,0
EOC6_PBMC_cell_CCGGTAGCAATGACCT,0,0,0
EOC6_PBMC_cell_TTCTCCTCACAGATTC,0,0,0
EOC6_PBMC_cell_AGTGAGGGTAGCAAAT,0,0,0
EOC6_PBMC_cell_ATTATCCAGCTAGTGG,0,0,0
EOC6_PBMC_cell_CTCAGAAAGGTGCTTT,0,0,0
EOC6_PBMC_cell_CTTTGCGAGACAGGCT,0,0,0
EOC6_PBMC_cell_GCATGCGCACGTCTCT,0,0,0
EOC6_PBMC_cell_CTAGCCTGTTCCACTC,0,0,0
EOC6_PBMC_cell_CTCGTCAAGGGATGGG,0,0,0
EOC6_PBMC_cell_GAAACTCAGAGTAAGG,0,0,0
EOC6_PBMC_cell_TCTCTAATCGCCAAAT,0,0,0
EOC6_PBMC_cell_TTCTTAGCACATGTGT,0,0,0
EOC6_PBMC_cell_CTACACCGTCTCTTTA,0,0,0
EOC6_PBMC_cell_TGGTTCCAGGTGCTAG,0,0,0
EOC6_PBMC_cell_GGACAGATCCAGAGGA,0,0,0
EOC6_PBMC_cell_TAGTGGTAGTATCTCG,0,0,0
EOC6_PBMC_cell_TTATGCTCAGCGTAAG,0,0,0
EOC6_PBMC_cell_GGGAATGTCTGCGGCA,0,0,0
EOC6_PBMC_cell_CCTACACAGTAATCCC,0,0,0
EOC6_PBMC_cell_CAAGTTGGTCCAGTGC,0,0,0
EOC6_PBMC_cell_CACAGTATCAAACGGG,0,0,0
EOC6_PBMC_cell_CTAAGACGTTACCGAT,0,0,0
EOC6_PBMC_cell_TGCCCATTCACGAAGG,0,0,0
EOC6_PBMC_cell_TACGGATAGCCACCTG,0,0,0
EOC6_PBMC_cell_CCCTCCTCAGCCAGAA,0,0,0
EOC6_PBMC_cell_GACAGAGCACTTACGA,0,0,0
EOC6_PBMC_cell_CAGAATCAGCTGCCCA,0,0,0
EOC6_PBMC_cell_GTCACGGGTCAGTGGA,0,0,0
EOC6_PBMC_cell_CGCGGTAAGAATAGGG,0,0,0
EOC6_PBMC_cell_TGCTACCCACGAAATA,0,0,0
EOC6_PBMC_cell_GTTCGGGAGGACGAAA,0,0,0
EOC6_PBMC_cell_CACATAGTCTTGGGTA,0,0,0
EOC6_PBMC_cell_CTGCGGACATTTGCTT,0,0,0
EOC6_PBMC_cell_GCACTCTGTCCGACGT,0,0,0
EOC6_PBMC_cell_TTCTCAATCAACACGT,0,0,0
EOC6_PBMC_cell_ACAGCTACATGCCTAA,0,0,0
EOC6_PBMC_cell_CATATGGTCCCTAATT,0,0,0
EOC6_PBMC_cell_AAAGCAAAGCTACCTA,0,0,0
EOC6_PBMC_cell_TCGGGACAGACTAGGC,0,0,0
EOC6_PBMC_cell_AGGTCATTCACAGGCC,0,0,0
EOC6_PBMC_cell_GATGAGGTCAACGGGA,0,0,0
EOC6_PBMC_cell_CCCAATCTCAACACCA,0,0,0
EOC6_PBMC_cell_CAACCTCGTTGATTGC,0,0,0
EOC6_PBMC_cell_ATTATCCAGCCGGTAA,0,0,0
EOC6_PBMC_cell_CTCTGGTCACCGAAAG,0,0,0
EOC6_PBMC_cell_AGAATAGCATTACGAC,0,0,0
EOC6_PBMC_cell_GCGCAACGTCCAACTA,0,0,0
EOC6_PBMC_cell_TCGCGTTTCTCTAGGA,0,0,0
EOC6_PBMC_cell_CGGACGTTCTGAGTGT,0,0,0
EOC6_PBMC_cell_AGGCCGTCAACACCCG,0,0,0
EOC6_PBMC_cell_ATAACGCTCCAAACTG,0,0,0
EOC6_PBMC_cell_TGGCTGGCATGTCTCC,0,0,0
EOC6_PBMC_cell_ATCACGAAGTTACGGG,0,0,0
EOC6_PBMC_cell_CACAGGCCATATACCG,0,0,0
EOC6_PBMC_cell_CGTGTAAAGTGATCGG,0,0,0
EOC6_PBMC_cell_CTCATTATCTTAGCCC,0,0,0
EOC6_PBMC_cell_GTCACAACAGTTCATG,0,0,0
EOC6_PBMC_cell_GTACTTTTCTTGACGA,0,0,0
EOC6_PBMC_cell_TCCACACAGCTAGTGG,0,0,0
EOC6_PBMC_cell_ATCATCTCATATACCG,0,0,0
EOC6_PBMC_cell_AAGTCTGCAATGGTCT,0,0,0
EOC6_PBMC_cell_GATCGTAAGTCCGTAT,0,0,0
EOC6_PBMC_cell_TCACAAGGTTCCTCCA,0,0,0
EOC6_PBMC_cell_AGTCTTTAGCCTCGTG,0,0,0
EOC6_PBMC_cell_CGGACTGCATAACCTG,0,0,0
EOC6_PBMC_cell_ACGCAGCGTTGCGCAC,0,0,0
EOC6_PBMC_cell_ACCAGTAAGAGCTGCA,0,0,0
EOC6_PBMC_cell_AAGGAGCAGCGCTTAT,0,0,0
EOC6_PBMC_cell_TGGCCAGAGGTGCTAG,0,0,0
EOC6_PBMC_cell_CATCAGAGTACAGTGG,0,0,0
EOC6_PBMC_cell_GGAGCAACAAACGTGG,0,0,0
EOC6_PBMC_cell_ACACCCTTCCATTCTA,0,0,0
EOC6_PBMC_cell_AAGCCGCTCTCGTATT,0,0,0
EOC6_PBMC_cell_CAAGGCCTCCGTCAAA,0,0,0
EOC6_PBMC_cell_ACGCCAGCAATTGCTG,0,0,0
EOC6_PBMC_cell_CAACCTCCACAGACAG,0,0,0
EOC6_PBMC_cell_AGGCCGTCAGCTTAAC,0,0,0
EOC6_PBMC_cell_TAGAGCTTCGCCCTTA,0,0,0
EOC6_PBMC_cell_CGTTGGGAGAGTCTGG,0,0,0
EOC6_PBMC_cell_TTTCCTCGTAGTACCT,0,0,0
EOC6_PBMC_cell_ATTATCCTCAACCAAC,0,0,0
EOC6_PBMC_cell_ACGATACGTTCACGGC,0,0,0
EOC6_PBMC_cell_AACTGGTGTACAGACG,0,0,0
EOC6_PBMC_cell_ATTCTACCAGTACACT,0,0,0
EOC6_PBMC_cell_GTCGTAAGTTCCCGAG,0,0,0
EOC6_PBMC_cell_TTCTTAGGTGCAGGTA,0,0,0
EOC6_PBMC_cell_CATTATCAGATGTGTA,0,0,0
EOC6_PBMC_cell_TAGTTGGCAAGACGTG,0,0,0
EOC6_PBMC_cell_GCGACCAGTAGCGTGA,0,0,0
EOC6_PBMC_cell_GCTGCTTCAGTCTTCC,0,0,0
EOC6_PBMC_cell_ATGAGGGCATCCGCGA,0,0,0
EOC6_PBMC_cell_ATTGGACTCACGCGGT,0,0,0
EOC6_PBMC_cell_CGGAGTCTCGGGAGTA,0,0,0
EOC6_PBMC_cell_TTGCGTCCAGTATAAG,0,0,0
EOC6_PBMC_cell_GCTTCCAAGGGAACGG,0,0,0
EOC6_PBMC_cell_CGTGTCTTCATTGCGA,0,0,0
EOC6_PBMC_cell_TCTATTGCAATGACCT,0,0,0
EOC6_PBMC_cell_GATCTAGAGAGTAAGG,0,0,0
EOC6_PBMC_cell_ACGAGGAAGTTATCGC,0,0,0
EOC6_PBMC_cell_TTGCGTCCATGACGGA,0,0,0
EOC6_PBMC_cell_TCAACGATCGCCGTGA,0,0,0
EOC6_PBMC_cell_CAGAGAGCATTACCTT,0,0,0
EOC6_PBMC_cell_AGTGGGATCTGTTTGT,0,0,0
EOC6_PBMC_cell_TGCGTGGAGTCATGCT,0,0,0
EOC6_PBMC_cell_CACACAACAGGATCGA,0,0,0
EOC6_PBMC_cell_GGAACTTCAGGTTTCA,0,0,0
EOC6_PBMC_cell_TTGTAGGGTGAGGGTT,0,0,0
EOC6_PBMC_cell_GCTGGGTCACGACTCG,0,0,0
EOC6_PBMC_cell_TGTGTTTCACAAGACG,0,0,0
EOC6_PBMC_cell_TACCTTATCAACACGT,0,0,0
EOC6_PBMC_cell_TAAGAGAAGGGTGTTG,0,0,0
EOC6_PBMC_cell_TGCGGGTAGTAGTGCG,0,0,0
EOC6_PBMC_cell_TGAGGGATCTGAGTGT,0,0,0
EOC6_PBMC_cell_CTGAAACTCGGTGTCG,0,0,0
EOC6_PBMC_cell_TGATTTCCAGCAGTTT,0,0,0
EOC6_PBMC_cell_GACTAACAGGCAGTCA,0,0,0
EOC6_PBMC_cell_GCATGATCAAGAGGCT,0,0,0
EOC6_PBMC_cell_CCTATTAAGTCGTTTG,0,0,0
EOC6_PBMC_cell_TACGGTATCTGACCTC,0,0,0
EOC6_PBMC_cell_TCTGAGAGTTCAGACT,0,0,0
EOC6_PBMC_cell_CGTCCATAGCTCTCGG,0,0,0
EOC6_PBMC_cell_ACGATGTGTAAGTGGC,0,0,0
EOC6_PBMC_cell_ATCCGAAAGCTGCGAA,0,0,0
EOC6_PBMC_cell_ATCTACTCACGTGAGA,0,0,0
EOC6_PBMC_cell_AGAGTGGCAGTATGCT,0,0,0
EOC6_PBMC_cell_ACACTGAGTCCGAATT,0,0,0
EOC6_PBMC_cell_TTCCCAGAGGGATGGG,0,0,0
EOC6_PBMC_cell_TTATGCTTCTACTATC,0,0,0
EOC6_PBMC_cell_AATCCAGTCAACACTG,0,0,0
EOC6_PBMC_cell_TTCTACAGTCTCTTTA,0,0,0
EOC6_PBMC_cell_AGGCCGTAGAAGCCCA,0,0,0
EOC6_PBMC_cell_TCACAAGGTAAGTTCC,0,0,0
EOC6_PBMC_cell_CACACCTAGAAGGTTT,0,0,0
EOC6_PBMC_cell_GTCACGGGTTGTCTTT,0,0,0
EOC6_PBMC_cell_CATCAAGGTGGTCCGT,0,0,0
EOC6_PBMC_cell_CTGCTGTCATTGGCGC,0,0,0
EOC6_PBMC_cell_CGAGAAGGTCGACTGC,0,0,0
EOC6_PBMC_cell_GGATGTTAGTACGTAA,0,0,0
EOC6_PBMC_cell_CTTACCGCATCTACGA,0,0,0
EOC6_PBMC_cell_AGATTGCGTCCGTGAC,0,0,0
EOC6_PBMC_cell_GCTGCAGTCGCGTAGC,0,0,0
EOC6_PBMC_cell_GCTGGGTAGGTCATCT,0,0,0
EOC6_PBMC_cell_CGCTATCAGGAATTAC,0,0,0
EOC6_PBMC_cell_CTGTGCTGTCAGTGGA,0,0,0
EOC6_PBMC_cell_TTAGGCACAAGTTCTG,0,0,0
EOC6_PBMC_cell_ACAGCCGTCTGCAAGT,0,0,0
EOC6_PBMC_cell_CGTCAGGCAAAGCGGT,0,0,0
EOC6_PBMC_cell_AGTAGTCCATTACCTT,0,0,0
EOC6_PBMC_cell_CTGATCCGTCTCTTTA,0,0,0
EOC6_PBMC_cell_AAGGAGCAGCTGTCTA,0,0,0
EOC6_PBMC_cell_ATCATGGCAAGGTGTG,0,0,0
EOC6_PBMC_cell_CGGCTAGGTGATAAAC,0,0,0
EOC6_PBMC_cell_GCTCTGTCAGGCTGAA,0,0,0
EOC6_PBMC_cell_ACTATCTTCCGCGCAA,0,0,0
EOC6_PBMC_cell_AAAGCAAGTTAAGATG,0,0,0
EOC6_PBMC_cell_GTCCTCACAACAACCT,0,0,0
EOC6_PBMC_cell_CTCGTACGTTACTGAC,0,0,0
EOC6_PBMC_cell_ACGTCAACAGAAGCAC,0,0,0
EOC6_PBMC_cell_GTGTGCGGTGCCTTGG,0,0,0
EOC6_PBMC_cell_TAGCCGGGTAAGTAGT,0,0,0
EOC6_PBMC_cell_CCCAATCAGTCCCACG,0,0,0
EOC6_PBMC_cell_AGACGTTAGGTGTGGT,0,0,0
EOC6_PBMC_cell_AGGCCGTCAGTAACGG,0,0,0
EOC6_PBMC_cell_TGCCCATCAGTATAAG,0,0,0
EOC6_PBMC_cell_CCATTCGAGCGGATCA,0,0,0
EOC6_PBMC_cell_ATTATCCTCAATCTCT,0,0,0
EOC6_PBMC_cell_TCTGGAACAAGAGTCG,0,0,0
EOC6_PBMC_cell_GGGCATCTCTCACATT,0,0,0
EOC6_PBMC_cell_ATTGGACGTAAATACG,0,0,0
EOC6_PBMC_cell_GGTGAAGCAGCTCGCA,0,0,0
EOC6_PBMC_cell_CGCTTCAAGCTTTGGT,0,0,0
EOC6_PBMC_cell_CTCGAAAAGACCCACC,0,0,0
EOC6_PBMC_cell_AGGTCCGCATGCCCGA,0,0,0
EOC6_PBMC_cell_GAATAAGTCGAACGGA,0,0,0
EOC6_PBMC_cell_GGACAAGTCGTTGCCT,0,0,0
EOC6_PBMC_cell_GTAACTGAGCATGGCA,0,0,0
EOC6_PBMC_cell_CGTCTACCACGGACAA,0,0,0
EOC6_PBMC_cell_ACCAGTATCCGTCAAA,0,0,0
EOC6_PBMC_cell_CGCCAAGGTACCAGTT,0,0,0
EOC6_PBMC_cell_TCTCATACATCGACGC,0,0,0
EOC6_PBMC_cell_TTAACTCCATGTAAGA,0,0,0
EOC6_PBMC_cell_GCTGCAGGTCTGATTG,0,0,0
EOC6_PBMC_cell_CAGCATACATCAGTAC,0,0,0
EOC6_PBMC_cell_CATCAAGAGGGAACGG,0,0,0
EOC6_PBMC_cell_AGGTCATCACGCGAAA,0,0,0
EOC6_PBMC_cell_CTCTACGAGTAAGTAC,0,0,0
EOC6_PBMC_cell_GACCAATCATCGTCGG,0,0,0
EOC6_PBMC_cell_TTGGAACTCGCACTCT,0,0,0
EOC6_PBMC_cell_TTCTACACATGACGGA,0,0,0
EOC6_PBMC_cell_AAGGAGCGTAATCACC,0,0,0
EOC6_PBMC_cell_GGATTACGTTAGATGA,0,0,0
EOC6_PBMC_cell_TGTGTTTCAACGCACC,0,0,0
EOC6_PBMC_cell_CTGTTTACATACAGCT,0,0,0
EOC6_PBMC_cell_GATGCTAGTTCGCTAA,0,0,0
EOC6_PBMC_cell_ACCTTTAAGCTGTCTA,0,0,0
EOC6_PBMC_cell_GGAACTTAGCCCAGCT,0,0,0
EOC6_PBMC_cell_TCTGGAACAAGCCTAT,0,0,0
EOC6_PBMC_cell_TGCCAAATCCTCTAGC,0,0,0
EOC6_PBMC_cell_CTGAAACAGATCCCGC,0,0,0
EOC6_PBMC_cell_TGCCAAATCTACTTAC,0,0,0
EOC6_PBMC_cell_GATCGTACACCGCTAG,0,0,0
EOC6_PBMC_cell_ACTGCTCTCCTTTACA,0,0,0
EOC6_PBMC_cell_CGATGGCAGGGTGTTG,0,0,0
EOC6_PBMC_cell_TACTTGTGTCCAAGTT,0,0,0
EOC6_PBMC_cell_CAGATCAGTGTGTGCC,0,0,0
EOC6_PBMC_cell_CTCAGAATCTTGCAAG,0,0,0
EOC6_PBMC_cell_CGTGAGCGTTGTACAC,0,0,0
EOC6_PBMC_cell_TATCTCAAGCTGGAAC,0,0,0
EOC6_PBMC_cell_CGCGTTTCACCAACCG,0,0,0
EOC6_PBMC_cell_CAGCATACAGCTGCTG,0,0,0
EOC6_PBMC_cell_GCGCGATGTGTCAATC,0,0,0
EOC6_PBMC_cell_GTTACAGTCGTACCGG,0,0,0
EOC6_PBMC_cell_CGCGTTTTCTGGTGTA,0,0,0
EOC6_PBMC_cell_GTTCTCGTCACTGGGC,0,0,0
EOC6_PBMC_cell_GGGCACTTCACATAGC,0,0,0
EOC6_PBMC_cell_CATCAAGGTTGGACCC,0,0,0
EOC6_PBMC_cell_GCTGCGATCGCCTGTT,0,0,0
EOC6_PBMC_cell_CCATGTCTCTTGTTTG,0,0,0
EOC6_PBMC_cell_CGCGGTATCTTGCATT,0,0,0
EOC6_PBMC_cell_TACGGATCAGGAACGT,0,0,0
EOC6_PBMC_cell_GACAGAGCAACTGCTA,0,0,0
EOC6_PBMC_cell_TGCGCAGAGTAGGCCA,0,0,0
EOC6_PBMC_cell_CTGCGGATCTGTTGAG,0,0,0
EOC6_PBMC_cell_TCTTCGGGTGGACGAT,0,0,0
EOC6_PBMC_cell_GTTCTCGGTCTCTTTA,0,0,0
EOC6_PBMC_cell_GTGCATAGTCTCTTAT,0,0,0
EOC6_PBMC_cell_ATCATGGAGTCACGCC,0,0,0
EOC6_PBMC_cell_CCGTACTCAGTCCTTC,0,0,0
EOC6_PBMC_cell_AGTGTCAAGAGCTTCT,0,0,0
EOC6_PBMC_cell_ATTGGACCATTCCTCG,0,0,0
EOC6_PBMC_cell_GTCCTCATCGCGATCG,0,0,0
EOC6_PBMC_cell_CGCTGGAAGGTTCCTA,0,0,0
EOC6_PBMC_cell_GCTGCTTGTTGATTCG,0,0,0
EOC6_PBMC_cell_ATGTGTGTCAAAGACA,0,0,0
EOC6_PBMC_cell_ACTTACTGTCGCGGTT,0,0,0
EOC6_PBMC_cell_TCGGTAATCGTGTAGT,0,0,0
EOC6_PBMC_cell_GTTTCTATCTGTCTCG,0,0,0
EOC6_PBMC_cell_CGGCTAGTCGCCCTTA,0,0,0
EOC6_PBMC_cell_ATAGACCAGTTGCAGG,0,0,0
EOC6_PBMC_cell_CTTACCGAGCTCTCGG,0,0,0
EOC6_PBMC_cell_GATCGATCAGGCGATA,0,0,0
EOC6_PBMC_cell_CTGCTGTAGTTCGATC,0,0,0
EOC6_PBMC_cell_ATCACGACACTCGACG,0,0,0
EOC6_PBMC_cell_TGAGCATTCTCACATT,0,0,0
EOC6_PBMC_cell_CCACCTAGTTTGACAC,0,0,0
EOC6_PBMC_cell_CTTTGCGCAAACTGCT,0,0,0
EOC6_PBMC_cell_TACGGGCTCTGCCCTA,0,0,0
EOC6_PBMC_cell_AACGTTGAGACCGGAT,0,0,0
EOC6_PBMC_cell_GGCTCGAAGCGAAGGG,0,0,0
EOC6_PBMC_cell_CAAGGCCAGAGCAATT,0,0,0
EOC6_PBMC_cell_GTTTCTACACCCATGG,0,0,0
EOC6_PBMC_cell_CTCACACGTGAGTATA,0,0,0
EOC6_PBMC_cell_GTGCAGCCATTGAGCT,0,0,0
EOC6_PBMC_cell_CTTAACTAGCCTCGTG,0,0,0
EOC6_PBMC_cell_TTGAACGTCTGTACGA,0,0,0
EOC6_PBMC_cell_TCGTAGACAGCATACT,0,0,0
EOC6_PBMC_cell_CCGTTCAGTCTTGATG,0,0,0
EOC6_PBMC_cell_GGATGTTTCCAATGGT,0,0,0
EOC6_PBMC_cell_ATGAGGGCAAACTGCT,0,0,0
EOC6_PBMC_cell_CGTCAGGTCTATCCTA,0,0,0
EOC6_PBMC_cell_GAAGCAGCACTCTGTC,0,0,0
EOC6_PBMC_cell_CGTGAGCAGAAACCGC,0,0,0
EOC6_PBMC_cell_TTGACTTCAGGGTATG,0,0,0
EOC6_PBMC_cell_TTCTTAGTCACGGTTA,0,0,0
EOC6_PBMC_cell_AGATTGCCAACACCCG,0,0,0
EOC6_PBMC_cell_CGTCCATGTGCGATAG,0,0,0
EOC6_PBMC_cell_GCAATCAGTGCCTTGG,0,0,0
EOC6_PBMC_cell_CAGTCCTTCTATCCTA,0,0,0
EOC6_PBMC_cell_CATATTCCAGCCTTGG,0,0,0
EOC6_PBMC_cell_TGCGGGTAGCCGTCGT,0,0,0
EOC6_PBMC_cell_CAAGGCCGTTAGATGA,0,0,0
EOC6_PBMC_cell_ATTCTACCAGACGCTC,0,0,0
EOC6_PBMC_cell_CGTAGGCTCCTGTAGA,0,0,0
EOC6_PBMC_cell_TTGCGTCCATCGGACC,0,0,0
EOC6_PBMC_cell_ATTGGACTCCGCATAA,0,0,0
EOC6_PBMC_cell_ACACCCTCAGACAGGT,0,0,0
EOC6_PBMC_cell_ATGTGTGCACACATGT,0,0,0
EOC6_PBMC_cell_TTATGCTCACCAGGTC,0,0,0
EOC6_PBMC_cell_TGGACGCGTGGGTATG,0,0,0
EOC6_PBMC_cell_CTAGCCTTCCTATTCA,0,0,0
EOC6_PBMC_cell_CCTCTGAAGAGACTAT,0,0,0
EOC6_PBMC_cell_GACGTTACATTAGGCT,0,0,0
EOC6_PBMC_cell_TTCTACAAGGCCATAG,0,0,0
EOC6_PBMC_cell_CAGATCAGTTACGCGC,0,0,0
EOC6_PBMC_cell_TTGCCGTAGGCTAGAC,0,0,0
EOC6_PBMC_cell_TCGTAGAGTGCACTTA,0,0,0
EOC6_PBMC_cell_AGCTCTCAGGCTCAGA,0,0,0
EOC6_PBMC_cell_GTTCTCGTCCCTAACC,0,0,0
EOC6_PBMC_cell_GGGAGATAGCTAAGAT,0,0,0
EOC6_PBMC_cell_TGCGGGTAGTGAAGTT,0,0,0
EOC6_PBMC_cell_CTCGGAGTCACTCCTG,0,0,0
EOC6_PBMC_cell_ACGGAGACATTCCTCG,0,0,0
EOC6_PBMC_cell_GGATTACCACGACGAA,0,0,0
EOC6_PBMC_cell_CTGGTCTGTTGTCGCG,0,0,0
EOC6_PBMC_cell_TGACGGCGTCTAAACC,0,0,0
EOC6_PBMC_cell_GGTATTGGTATAAACG,0,0,0
EOC6_PBMC_cell_GTACTCCGTCTAGAGG,0,0,0
EOC6_PBMC_cell_TGCGTGGAGCGATAGC,0,0,0
EOC6_PBMC_cell_GCACATATCTACGAGT,0,0,0
EOC6_PBMC_cell_GGTGTTACAGCCAATT,0,0,0
EOC6_PBMC_cell_CGTCACTTCTGTCTAT,0,0,0
EOC6_PBMC_cell_TGACTAGAGCCACGCT,0,0,0
EOC6_PBMC_cell_CTGAAGTTCCTGTAGA,0,0,0
EOC6_PBMC_cell_CCTACCAAGACCGGAT,0,0,0
EOC6_PBMC_cell_GTAGGCCGTAGGCTGA,0,0,0
EOC6_PBMC_cell_ACGGAGAGTGTTTGGT,0,0,0
EOC6_PBMC_cell_GTTAAGCCACTTCTGC,0,0,0
EOC6_PBMC_cell_GTAGTCATCCTATGTT,0,0,0
EOC6_PBMC_cell_CTACACCCATAGTAAG,0,0,0
EOC6_PBMC_cell_CCTACACTCAGTGCAT,0,0,0
EOC6_PBMC_cell_CCGTGGACACATTTCT,0,0,0
EOC6_PBMC_cell_CGTTAGACAAGACGTG,0,0,0
EOC6_PBMC_cell_CCATTCGGTTAAGAAC,0,0,0
EOC6_PBMC_cell_TCCCGATGTTATCCGA,0,0,0
EOC6_PBMC_cell_AAGGCAGGTCTGGTCG,0,0,0
EOC6_PBMC_cell_CTCTGGTGTCCGAGTC,0,0,0
EOC6_PBMC_cell_GTCCTCACAAAGTGCG,0,0,0
EOC6_PBMC_cell_AAAGATGAGCTGGAAC,0,0,0
EOC6_PBMC_cell_GGACAGATCCGCGTTT,0,0,0
EOC6_PBMC_cell_CCACTACCATCTCGCT,0,0,0
EOC6_PBMC_cell_AACTCTTCACACTGCG,0,0,0
EOC6_PBMC_cell_AACTCAGGTGAACCTT,0,0,0
EOC6_PBMC_cell_TCGCGTTCATACAGCT,0,0,0
EOC6_PBMC_cell_TGTATTCCAGTGAGTG,0,0,0
EOC6_PBMC_cell_GCTGCGAAGTTCGCAT,0,0,0
EOC6_PBMC_cell_AAGACCTCATACAGCT,0,0,0
EOC6_PBMC_cell_GGGACCTGTTGAGTTC,0,0,0
EOC6_PBMC_cell_CCCAGTTGTACTCAAC,0,0,0
EOC6_PBMC_cell_CGTGTCTTCGCATGAT,0,0,0
EOC6_PBMC_cell_GCCTCTACATACGCCG,0,0,0
EOC6_PBMC_cell_CGAGCACAGGATGGAA,0,0,0
EOC6_PBMC_cell_GGCCGATGTAGCGTAG,0,0,0
EOC6_PBMC_cell_CCTAAAGTCGGCTACG,0,0,0
EOC6_PBMC_cell_GTTCTCGGTAGCTAAA,0,0,0
EOC6_PBMC_cell_GGCCGATGTACTTAGC,0,0,0
EOC6_PBMC_cell_TACCTATGTTACGGAG,0,0,0
EOC6_PBMC_cell_TTCTTAGCATCGACGC,0,0,0
EOC6_PBMC_cell_GTCTTCGAGATGCGAC,0,0,0
EOC6_PBMC_cell_GCACTCTGTCAACTGT,0,0,0
EOC6_PBMC_cell_GTCATTTTCTTACCGC,0,0,0
EOC6_PBMC_cell_ATAGACCCAATGGTCT,0,0,0
EOC6_PBMC_cell_ACGCCAGGTATTCTCT,0,0,0
EOC6_PBMC_cell_GATGAGGGTAGTACCT,0,0,0
EOC6_PBMC_cell_CCTAGCTTCCACTCCA,0,0,0
EOC6_PBMC_cell_CTCACACAGCACAGGT,0,0,0
EOC6_PBMC_cell_GGACAGAAGACTGGGT,0,0,0
EOC6_PBMC_cell_AGTGTCACATGAGCGA,0,0,0
EOC6_PBMC_cell_ACAGCTATCACCTTAT,0,0,0
EOC6_PBMC_cell_CAACCAAAGAGGTTAT,0,0,0
EOC6_PBMC_cell_GTAGTCAGTCTTGATG,0,0,0
EOC6_PBMC_cell_GCCTCTAAGCTAGCCC,0,0,0
EOC6_PBMC_cell_ATCACGATCAGCTCTC,0,0,0
EOC6_PBMC_cell_TGAGGGAAGACAGAGA,0,0,0
EOC6_PBMC_cell_GGTATTGAGACTGGGT,0,0,0
EOC6_PBMC_cell_AGAATAGTCTGAAAGA,0,0,0
EOC6_PBMC_cell_TGACTAGTCCTTCAAT,0,0,0
EOC6_PBMC_cell_CTACCCATCGTTACGA,0,0,0
EOC6_PBMC_cell_AAGGTTCTCCGCATAA,0,0,0
EOC6_PBMC_cell_AGCGGTCGTGAGCGAT,0,0,0
EOC6_PBMC_cell_GGATGTTCACAACGTT,0,0,0
EOC6_PBMC_cell_GCACATAAGATATACG,0,0,0
EOC6_PBMC_cell_TACCTATTCTTTACGT,0,0,0
EOC6_PBMC_cell_ACTTACTGTCAATACC,0,0,0
EOC6_PBMC_cell_CCATGTCGTCGTCTTC,0,0,0
EOC6_PBMC_cell_GTACGTATCGCGTTTC,0,0,0
EOC6_PBMC_cell_CGGACTGGTCGAACAG,0,0,0
EOC6_PBMC_cell_TCGTACCAGAAACGCC,0,0,0
EOC6_PBMC_cell_CCTTCGAGTTTGTTGG,0,0,0
EOC6_PBMC_cell_AACTCTTCAAACCTAC,0,0,0
EOC6_PBMC_cell_CGATGGCCAAAGGTGC,0,0,0
EOC6_PBMC_cell_CCGTGGAAGGGCTTCC,0,0,0
EOC6_PBMC_cell_ACGAGCCTCCGTTGTC,0,0,0
EOC6_PBMC_cell_GACGTGCGTATATGAG,0,0,0
EOC6_PBMC_cell_TGTGGTACAGAAGCAC,0,0,0
EOC6_PBMC_cell_GCGCAACCATTGGTAC,0,0,0
EOC6_PBMC_cell_CGGACGTCAAGTCATC,0,0,0
EOC6_PBMC_cell_AGCAGCCGTTAAGACA,0,0,0
EOC6_PBMC_cell_CTCACACCACGGACAA,0,0,0
EOC6_PBMC_cell_TGAGGGACAACGATCT,0,0,0
EOC6_PBMC_cell_GTTTCTACATCAGTCA,0,0,0
EOC6_PBMC_cell_ATCTGCCGTACCCAAT,0,0,0
EOC6_PBMC_cell_GCGGGTTAGAAGGTTT,0,0,0
EOC6_PBMC_cell_CTGCTGTAGTGTACGG,0,0,0
EOC6_PBMC_cell_TCAGATGAGAAGGTGA,0,0,0
EOC6_PBMC_cell_CGTGTAAGTCGAATCT,0,0,0
EOC6_PBMC_cell_GGACGTCAGGAGTAGA,0,0,0
EOC6_PBMC_cell_TACGGATCATGACATC,0,0,0
EOC6_PBMC_cell_CGATGTAAGATCGATA,0,0,0
EOC6_PBMC_cell_CATCAGAGTGTGAATA,0,0,0
EOC6_PBMC_cell_GAAGCAGCAGACGCTC,0,0,0
EOC6_PBMC_cell_AGTGTCAAGGCATTGG,0,0,0
EOC6_PBMC_cell_TTATGCTGTCATGCCG,0,0,0
EOC6_PBMC_cell_CGAGCCACAAACTGCT,0,0,0
EOC6_PBMC_cell_CACAGTAAGAAGAAGC,0,0,0
EOC6_PBMC_cell_TAAACCGCATCCCACT,0,0,0
EOC6_PBMC_cell_CCTTACGCAAGTCTAC,0,0,0
EOC6_PBMC_cell_TGTATTCGTTCAACCA,0,0,0
EOC6_PBMC_cell_ACACCGGGTCTACCTC,0,0,0
EOC6_PBMC_cell_ACCGTAATCGTTACAG,0,0,0
EOC6_PBMC_cell_CAGCTGGAGCCGTCGT,0,0,0
EOC6_PBMC_cell_CGACCTTAGTACACCT,0,0,0
EOC6_PBMC_cell_TATCTCAGTTCGCGAC,0,0,0
EOC6_PBMC_cell_ATCATGGCATCGACGC,0,0,0
EOC6_PBMC_cell_GACCAATAGCGTTCCG,0,0,0
EOC6_PBMC_cell_CAGCTGGTCGGATGTT,0,0,0
EOC6_PBMC_cell_CACCACTGTGTGACCC,0,0,0
EOC6_PBMC_cell_CTTAGGACATCGATGT,0,0,0
EOC6_PBMC_cell_ATGAGGGGTTCCATGA,0,0,0
EOC6_PBMC_cell_TACACGACAAAGTGCG,0,0,0
EOC6_PBMC_cell_TTAGTTCGTTAAGGGC,0,0,0
EOC6_PBMC_cell_TCTGGAACATCTCGCT,0,0,0
EOC6_PBMC_cell_CGTGAGCAGAGTACCG,0,0,0
EOC6_PBMC_cell_CTAATGGAGAGTGACC,0,0,0
EOC6_PBMC_cell_ATGTGTGCATCCCATC,0,0,0
EOC6_PBMC_cell_CTTAGGAGTCACCTAA,0,0,0
EOC6_PBMC_cell_ACCTTTACAAGGTTTC,0,0,0
EOC6_PBMC_cell_TCAGCAATCACTTACT,0,0,0
EOC6_PBMC_cell_GTCACGGGTCTGATCA,0,0,0
EOC6_PBMC_cell_TACTCGCTCTCATTCA,0,0,0
EOC6_PBMC_cell_GAACATCGTCGAAAGC,0,0,0
EOC6_PBMC_cell_CGGACTGAGATGTAAC,0,0,0
EOC6_PBMC_cell_GATCGATTCTCGTTTA,0,0,0
EOC6_PBMC_cell_TAAGTGCAGGGCATGT,0,0,0
EOC6_PBMC_cell_GAGGTGACATGCCCGA,0,0,0
EOC6_PBMC_cell_ATCTGCCTCCCATTTA,0,0,0
EOC6_PBMC_cell_CAGCGACGTTCGTGAT,0,0,0
EOC6_PBMC_cell_ACGAGGAGTTCCTCCA,0,0,0
EOC6_PBMC_cell_AGTTGGTGTGCAGACA,0,0,0
EOC6_PBMC_cell_TAGCCGGGTCACCCAG,0,0,0
EOC6_PBMC_cell_TGGGCGTAGACTGGGT,0,0,0
EOC6_PBMC_cell_TTTGGTTGTGTTCTTT,0,0,0
EOC6_PBMC_cell_GGTGTTACAACTGCTA,0,0,0
EOC6_PBMC_cell_TTGACTTAGACAAAGG,0,0,0
EOC6_PBMC_cell_CTTAACTGTGTATGGG,0,0,0
EOC6_PBMC_cell_ACCTTTACACATCCAA,0,0,0
EOC6_PBMC_cell_AGTGGGAAGGCCCTCA,0,0,0
EOC6_PBMC_cell_TTCCCAGCACATGTGT,0,0,0
EOC6_PBMC_cell_TTGCCGTCAGACGTAG,0,0,0
EOC6_PBMC_cell_AAGGAGCTCTTCGGTC,0,0,0
EOC6_PBMC_cell_ACGCAGCGTAGTACCT,0,0,0
EOC6_PBMC_cell_GTCTCGTAGGATTCGG,0,0,0
EOC6_PBMC_cell_TATGCCCCATCCAACA,0,0,0
EOC6_PBMC_cell_CATCGAATCAGCTGGC,0,0,0
EOC6_PBMC_cell_TGAGCATGTTTGCATG,0,0,0
EOC6_PBMC_cell_CATATGGGTGACGGTA,0,0,0
EOC6_PBMC_cell_TGCGGGTGTTGCTCCT,0,0,0
EOC6_PBMC_cell_CAGCCGAGTCATACTG,0,0,0
EOC6_PBMC_cell_TGCTGCTAGTGTACGG,0,0,0
EOC6_PBMC_cell_ACTTGTTCAGGTGGAT,0,0,0
EOC6_PBMC_cell_GTGCGGTTCTATGTGG,0,0,0
EOC6_PBMC_cell_CCTATTAGTTGATTCG,0,0,0
EOC6_PBMC_cell_CGTGTAAGTGATGATA,0,0,0
EOC6_PBMC_cell_TGGCTGGAGATCGGGT,0,0,0
EOC6_PBMC_cell_CATCGGGGTCAGAGGT,0,0,0
EOC6_PBMC_cell_GCTCCTAGTTCGGCAC,0,0,0
EOC6_PBMC_cell_ATTACTCAGTACACCT,0,0,0
EOC6_PBMC_cell_GTGTGCGGTCAGAATA,0,0,0
EOC6_PBMC_cell_CTCGTCAGTGCAACGA,0,0,0
EOC6_PBMC_cell_AAGCCGCGTTCACCTC,0,0,0
EOC6_PBMC_cell_AGAATAGAGTTGAGTA,0,0,0
EOC6_PBMC_cell_GGACAGAAGAGGGCTT,0,0,0
EOC6_PBMC_cell_CATGCCTGTTTGGCGC,0,0,0
EOC6_PBMC_cell_ACGTCAAGTAAGTTCC,0,0,0
EOC6_PBMC_cell_CCGTTCACAATAACGA,0,0,0
EOC6_PBMC_cell_TCAACGACACATCCAA,0,0,0
EOC6_PBMC_cell_TTCCCAGAGGCCGAAT,0,0,0
EOC6_PBMC_cell_ATGGGAGAGCTGAAAT,0,0,0
EOC6_PBMC_cell_ATGCGATTCCAGTAGT,0,0,0
EOC6_PBMC_cell_GCCTCTAGTCGAATCT,0,0,0
EOC6_PBMC_cell_GCGCAGTGTGCAGGTA,0,0,0
EOC6_PBMC_cell_TGCGCAGAGGGTGTTG,0,0,0
EOC6_PBMC_cell_CGATCGGAGTCCGGTC,0,0,0
EOC6_PBMC_cell_GCAGCCAAGGTGTTAA,0,0,0
EOC6_PBMC_cell_ACCCACTGTTGAACTC,0,0,0
EOC6_PBMC_cell_GATTCAGGTGCACCAC,0,0,0
EOC6_PBMC_cell_GCTGCTTGTGACAAAT,0,0,0
EOC6_PBMC_cell_CGTGTAATCGTTGCCT,0,0,0
EOC6_PBMC_cell_AGAGCGAAGTGTACCT,0,0,0
EOC6_PBMC_cell_ACTGATGTCTTGCATT,0,0,0
EOC6_PBMC_cell_AACCATGCACGAAAGC,0,0,0
EOC6_PBMC_cell_GTTCTCGCACAGTCGC,0,0,0
EOC6_PBMC_cell_CCTACACCAGGGTATG,0,0,0
EOC6_PBMC_cell_GGCAATTCAATGCCAT,0,0,0
EOC6_PBMC_cell_CCCAATCGTGTTTGTG,0,0,0
EOC6_PBMC_cell_CACCACTAGTCATCCA,0,0,0
EOC6_PBMC_cell_CTGAAGTAGGGCTTCC,0,0,0
EOC6_PBMC_cell_GCCTCTACACCATGTA,0,0,0
EOC6_PBMC_cell_CATATGGTCAGCATGT,0,0,0
EOC6_PBMC_cell_CTGCTGTCACACATGT,0,0,0
EOC6_PBMC_cell_ACGCCGATCCACGAAT,0,0,0
EOC6_PBMC_cell_AGTAGTCAGTGAAGAG,0,0,0
EOC6_PBMC_cell_CTACATTGTCTCATCC,0,0,0
EOC6_PBMC_cell_CACCAGGCAGACAAAT,0,0,0
EOC6_PBMC_cell_CTCACACTCACAACGT,0,0,0
EOC6_PBMC_cell_GATCGTAGTGTCGCTG,0,0,0
EOC6_PBMC_cell_ATTCTACCATCCGTGG,0,0,0
EOC6_PBMC_cell_TGCGCAGAGTACATGA,0,0,0
EOC6_PBMC_cell_TAGTTGGTCGTTGCCT,0,0,0
EOC6_PBMC_cell_CCCTCCTCAAGCCGCT,0,0,0
EOC6_PBMC_cell_GGATGTTCATGCAATC,0,0,0
EOC6_PBMC_cell_ACCAGTAAGTTAACGA,0,0,0
EOC6_PBMC_cell_CACAGTATCCCGGATG,0,0,0
EOC6_PBMC_cell_GTTCATTAGCCAGGAT,0,0,0
EOC6_PBMC_cell_CAGCATATCGCAAGCC,0,0,0
EOC6_PBMC_cell_GTGTGCGGTAAACACA,0,0,0
EOC6_PBMC_cell_GCAATCATCCGCGGTA,0,0,0
EOC6_PBMC_cell_CAGCAGCTCCAAAGTC,0,0,0
EOC6_PBMC_cell_CCAGCGACATATGCTG,0,0,0
EOC6_PBMC_cell_ATTACTCCATGCAACT,0,0,0
EOC6_PBMC_cell_CGTCAGGAGCCAGTTT,0,0,0
EOC6_PBMC_cell_CATGGCGAGTGTTGAA,0,0,0
EOC6_PBMC_cell_ACCCACTGTCCTAGCG,0,0,0
EOC6_PBMC_cell_CATTCGCCATTGTGCA,0,0,0
EOC6_PBMC_cell_GCGACCAAGTACGACG,0,0,0
EOC6_PBMC_cell_GACTGCGCACCTTGTC,0,0,0
EOC6_PBMC_cell_TCAATCTTCTAGCACA,0,0,0
EOC6_PBMC_cell_ACATGGTAGGTCATCT,0,0,0
EOC6_PBMC_cell_TCACGAATCGTGACAT,0,0,0
EOC6_PBMC_cell_AAAGATGCAGGGAGAG,0,0,1
EOC6_PBMC_cell_CGCGGTAAGTACCGGA,0,0,0
EOC6_PBMC_cell_GATCAGTGTCTTGTCC,0,0,0
EOC6_PBMC_cell_GCTTCCAAGCAGGTCA,0,0,0
EOC6_PBMC_cell_TCTCTAAGTTCTGAAC,0,0,0
EOC6_PBMC_cell_CCGGGATGTAAATACG,0,0,0
EOC6_PBMC_cell_CTCGGGAAGACTGTAA,0,0,0
EOC6_PBMC_cell_CGTGTCTAGTAAGTAC,0,0,0
EOC6_PBMC_cell_ATCTACTTCATGCAAC,0,0,0
EOC6_PBMC_cell_TTTGGTTTCCTTGACC,0,0,0
EOC6_PBMC_cell_GTTAAGCAGCGCCTCA,0,0,0
EOC6_PBMC_cell_TGAGCATTCTAACGGT,0,0,0
EOC6_PBMC_cell_CAAGAAAGTCAGGACA,0,0,0
EOC6_PBMC_cell_TGTGGTAAGCTCAACT,0,0,0
EOC6_PBMC_cell_ACCGTAAAGTTAAGTG,0,0,0
EOC6_PBMC_cell_CAACCTCTCTTGCATT,0,0,0
EOC6_PBMC_cell_ACCTTTATCTTACCGC,0,0,0
EOC6_PBMC_cell_GACACGCTCGGTGTCG,0,0,0
EOC6_PBMC_cell_CTGCCTACAGGGCATA,0,0,0
EOC6_PBMC_cell_GGGCATCTCGCGGATC,0,0,0
EOC6_PBMC_cell_GCATGTAGTCCGAACC,0,0,0
EOC6_PBMC_cell_TTCCCAGGTTACGTCA,0,0,0
EOC6_PBMC_cell_ACACTGAAGTTTCCTT,0,0,0
EOC6_PBMC_cell_TCGGGACTCTTGTCAT,0,0,0
EOC6_PBMC_cell_CGATGTAGTATTCGTG,0,0,0
EOC6_PBMC_cell_AAGGCAGCAGGAACGT,0,0,0
EOC6_PBMC_cell_CCTCTGAGTATGAATG,0,0,0
EOC6_PBMC_cell_CTCGAAAAGTGGAGAA,0,0,0
EOC6_PBMC_cell_GGGTTGCAGAGAGCTC,0,0,0
EOC6_PBMC_cell_ATAACGCAGTCATCCA,0,0,0
EOC6_PBMC_cell_TAGTTGGTCGTACCGG,0,0,0
EOC6_PBMC_cell_GCAAACTGTTAAGAAC,0,0,0
EOC6_PBMC_cell_TATCTCAAGGGAAACA,0,0,0
EOC6_PBMC_cell_AGGGATGGTGAGTATA,0,0,0
EOC6_PBMC_cell_TGGGCGTTCTGGTTCC,0,0,0
EOC6_PBMC_cell_ATCTACTCATATGGTC,0,0,0
EOC6_PBMC_cell_GTTCTCGCATTCTTAC,0,0,0
EOC6_PBMC_cell_GTCGTAAAGGACTGGT,0,0,0
EOC6_PBMC_cell_TGTCCCACAATGGTCT,0,0,0
EOC6_PBMC_cell_CATCGAAGTCTTGCGG,0,0,0
EOC6_PBMC_cell_CAGCATATCCTGCCAT,0,0,0
EOC6_PBMC_cell_GCTTCCAGTGCTCTTC,0,0,0
EOC6_PBMC_cell_TTAACTCTCGCCGTGA,0,0,0
EOC6_PBMC_cell_GTCGTAATCTACTATC,0,0,0
EOC6_PBMC_cell_AGCGGTCCAAGAGGCT,0,0,0
EOC6_PBMC_cell_CAGCGACAGGTGGGTT,0,0,0
EOC6_PBMC_cell_CTAAGACGTTCAGACT,0,0,0
EOC6_PBMC_cell_GCATACATCCCAAGAT,0,0,0
EOC6_PBMC_cell_CGGGTCAAGATCTGAA,0,0,0
EOC6_PBMC_cell_GACTACAAGACACTAA,0,0,0
EOC6_PBMC_cell_GTATTCTAGAGGTTGC,0,0,0
EOC6_PBMC_cell_AGCTTGAGTACAGTGG,0,0,0
EOC6_PBMC_cell_TAAGCGTCACGAAAGC,0,0,0
EOC6_PBMC_cell_TAGTTGGCAATAACGA,0,0,0
EOC6_PBMC_cell_GCATGCGTCTTTAGTC,0,0,0
EOC6_PBMC_cell_CTCCTAGCACCGCTAG,0,0,0
EOC6_PBMC_cell_GTAACGTAGTCCCACG,0,0,0
EOC6_PBMC_cell_TCAGGATAGATGTAAC,0,0,0
EOC6_PBMC_cell_TCGCGTTCATCACGTA,0,0,0
EOC6_PBMC_cell_TGAGCCGAGAAGGTTT,0,0,0
EOC6_PBMC_cell_GAAACTCAGTACGCGA,0,0,0
EOC6_PBMC_cell_CCGTACTCAAGTCATC,0,0,0
EOC6_PBMC_cell_GTGCTTCTCTGGTATG,0,0,0
EOC6_PBMC_cell_GATCGCGTCTATGTGG,0,0,0
EOC6_PBMC_cell_ACTTTCACATAGAAAC,0,0,0
EOC6_PBMC_cell_AACACGTAGTTAAGTG,0,0,0
EOC6_PBMC_cell_CACCACTGTTACGACT,0,0,0
EOC6_PBMC_cell_GGATGTTGTACGCTGC,0,0,0
EOC6_PBMC_cell_CTTAGGACACGGTAGA,0,0,0
EOC6_PBMC_cell_ATCTACTGTCACAAGG,0,0,0
EOC6_PBMC_cell_ACTTGTTAGAAGGGTA,0,0,0
EOC6_PBMC_cell_CAGCTGGAGATTACCC,0,0,0
EOC6_PBMC_cell_ACGCCAGGTTCGCTAA,0,0,0
EOC6_PBMC_cell_ACATGGTCAGACGCAA,0,0,0
EOC6_PBMC_cell_GTTTCTAAGTCATCCA,0,0,0
EOC6_PBMC_cell_GACGTGCCATGGGACA,0,0,0
EOC6_PBMC_cell_GGACAGAAGATCCGAG,0,0,0
EOC6_PBMC_cell_TGGCTGGCAAACTGCT,0,0,0
EOC6_PBMC_cell_GCTTCCAAGTACGCCC,0,0,0
EOC6_PBMC_cell_GATCAGTCATTGGTAC,0,0,0
EOC6_PBMC_cell_TACTTACCATCAGTAC,0,0,0
EOC6_PBMC_cell_CCTTCGAGTGGGTCAA,0,0,0
EOC6_PBMC_cell_GTCGTAATCCTCATTA,0,0,0
EOC6_PBMC_cell_GGGACCTGTCCGCTGA,0,0,0
EOC6_PBMC_cell_ATCCGAATCCCTGACT,0,0,0
EOC6_PBMC_cell_CATGGCGGTCTAGTGT,0,0,0
EOC6_PBMC_cell_AGGCCGTGTTCGTTGA,0,0,0
EOC6_PBMC_cell_ACCTTTATCCACGTTC,0,0,0
EOC6_PBMC_cell_TCCACACGTGTGGCTC,0,0,0
EOC6_PBMC_cell_GCAGCCAGTGTTTGTG,0,0,0
EOC6_PBMC_cell_ACGAGGATCGATCCCT,0,0,0
EOC6_PBMC_cell_ACGATACTCCTGCTTG,0,0,0
EOC6_PBMC_cell_TGCGCAGCACATTCGA,0,0,0
EOC6_PBMC_cell_CACAGTATCCTAAGTG,0,0,0
EOC6_PBMC_cell_GCATGCGCATGTAAGA,0,0,0
EOC6_PBMC_cell_TACAGTGGTCAAACTC,0,0,0
EOC6_PBMC_cell_CACATTTAGCAGATCG,0,0,0
EOC6_PBMC_cell_TGAGCCGCAGCTCGAC,0,0,0
EOC6_PBMC_cell_AAGGCAGCATGCATGT,0,0,0
EOC6_PBMC_cell_ACGTCAAAGTCCGTAT,0,0,0
EOC6_PBMC_cell_GCATGTAAGGCTAGAC,0,0,0
EOC6_PBMC_cell_CCGGGATAGCCCTAAT,0,0,0
EOC6_PBMC_cell_ACACCAAGTATGCTTG,0,0,0
EOC6_PBMC_cell_GGGAGATAGACTCGGA,0,0,0
EOC6_PBMC_cell_GCAGCCAGTCAAGCGA,0,0,0
EOC6_PBMC_cell_CCCTCCTAGTGCCAGA,0,0,0
EOC6_PBMC_cell_TCTTCGGGTGGCGAAT,0,0,0
EOC6_PBMC_cell_GGCTCGAGTGTTGAGG,0,0,0
EOC6_PBMC_cell_GGACAGAGTCGGCACT,0,0,0
EOC6_PBMC_cell_TACCTATTCACTCTTA,0,0,0
EOC6_PBMC_cell_GTTTCTATCGTACCGG,0,0,0
EOC6_PBMC_cell_GTGCATAGTTGAGGTG,0,0,0
EOC6_PBMC_cell_CTTGGCTCATAACCTG,0,0,0
EOC6_PBMC_cell_CTTAACTGTAAGCACG,0,0,0
EOC6_PBMC_cell_GGCCGATAGGCAGGTT,0,0,0
EOC6_PBMC_cell_TGGTTCCTCTGAGTGT,0,0,0
EOC6_PBMC_cell_AAAGCAAGTGATAAGT,0,0,0
EOC6_PBMC_cell_TTTATGCGTCAGCTAT,0,0,0
EOC6_PBMC_cell_CTGTGCTGTATATCCG,0,0,0
EOC6_PBMC_cell_CTCCTAGTCTTATCTG,0,0,0
EOC6_PBMC_cell_TGGACGCGTGGACGAT,0,0,0
EOC6_PBMC_cell_GACCAATGTGCTAGCC,0,0,0
EOC6_PBMC_cell_TACCTTACATACGCTA,0,0,0
EOC6_PBMC_cell_CTCTACGCATTGGGCC,0,0,0
EOC6_PBMC_cell_ATGCGATGTTGTACAC,0,0,0
EOC6_PBMC_cell_CTCGAGGAGACCTTTG,0,0,0
EOC6_PBMC_cell_TGCCCTAAGCTTATCG,0,0,0
EOC6_PBMC_cell_ACGCAGCTCCGCGTTT,0,0,0
EOC6_PBMC_cell_TGAAAGAGTTAGATGA,0,0,0
EOC6_PBMC_cell_TTCCCAGTCTACCAGA,0,0,0
EOC6_PBMC_cell_CAGAATCCACGTTGGC,0,0,0
EOC6_PBMC_cell_ACGCCAGTCCCTCTTT,0,0,0
EOC6_PBMC_cell_CACAGGCGTAGCCTAT,0,0,0
EOC6_PBMC_cell_CGGAGTCAGCACCGTC,0,0,0
EOC6_PBMC_cell_TCGAGGCTCCAAATGC,0,0,0
EOC6_PBMC_cell_CACACCTCATCATCCC,0,0,0
EOC6_PBMC_cell_ACATGGTAGTGTCCAT,0,0,0
EOC6_PBMC_cell_CTTACCGTCATGTCTT,0,0,0
EOC6_PBMC_cell_AATCGGTAGGATGGTC,0,0,0
EOC6_PBMC_cell_AAAGCAACACACGCTG,0,0,0
EOC6_PBMC_cell_ACGGGTCCAATGGAGC,0,0,0
EOC6_PBMC_cell_CCACTACTCGATAGAA,0,0,0
EOC6_PBMC_cell_CTAACTTGTGTGAATA,0,0,0
EOC6_PBMC_cell_TCACAAGTCGGCCGAT,0,0,0
EOC6_PBMC_cell_GACTACATCGGAGGTA,0,0,0
EOC6_PBMC_cell_GACTAACAGTGTCTCA,0,0,0
EOC6_PBMC_cell_TAGTTGGTCCGCAGTG,0,0,0
EOC6_PBMC_cell_AACACGTGTACCGTAT,0,0,0
EOC6_PBMC_cell_CCCTCCTGTAGCAAAT,0,0,0
EOC6_PBMC_cell_AAAGATGGTTCTCATT,0,0,0
EOC6_PBMC_cell_GGCGACTAGAAGGTTT,0,0,0
EOC6_PBMC_cell_TCGGGACCAATGAAAC,0,0,0
EOC6_PBMC_cell_AAGTCTGGTTACCAGT,0,0,0
EOC6_PBMC_cell_GCTGCAGTCCGTACAA,0,0,0
EOC6_PBMC_cell_CTGATAGGTCGCATAT,0,0,0
EOC6_PBMC_cell_GATGAGGAGATAGTCA,0,0,0
EOC6_PBMC_cell_CTTGGCTAGCATCATC,0,0,0
EOC6_PBMC_cell_GCAGTTACACAAGTAA,0,0,0
EOC6_PBMC_cell_GATCGTAGTCCAAGTT,0,0,0
EOC6_PBMC_cell_AGGGAGTAGAGTTGGC,0,0,0
EOC6_PBMC_cell_TACACGAAGCTCTCGG,0,0,0
EOC6_PBMC_cell_CACAGTAAGTGAACGC,0,0,0
EOC6_PBMC_cell_CAGAATCGTCCGAAGA,0,0,0
EOC6_PBMC_cell_AGAGTGGCACACCGAC,0,0,0
EOC6_PBMC_cell_GCTCTGTTCGTCACGG,0,0,0
EOC6_PBMC_cell_AGCTTGACACCGAATT,0,0,0
EOC6_PBMC_cell_GTCACAATCGCCTGAG,0,0,0
EOC6_PBMC_cell_CCTACACAGGAGCGAG,0,0,0
EOC6_PBMC_cell_CAACTAGGTTACCGAT,0,0,0
EOC6_PBMC_cell_TAAGTGCGTAGAGTGC,0,0,0
EOC6_PBMC_cell_TATCTCATCAGGCGAA,0,0,0
EOC6_PBMC_cell_GACTACAGTTACTGAC,0,0,0
EOC6_PBMC_cell_CATGGCGCAATGTTGC,0,0,0
EOC6_PBMC_cell_AGGGATGGTCTGATCA,0,0,0
EOC6_PBMC_cell_GCGCCAATCCCAAGAT,0,0,0
EOC6_PBMC_cell_GTCGTAAGTACAGCAG,0,0,0
EOC6_PBMC_cell_CAAGTTGAGTGTACCT,0,0,0
EOC6_PBMC_cell_CACAAACGTATGCTTG,0,0,0
EOC6_PBMC_cell_AACTCCCTCTTGTATC,0,0,0
EOC6_PBMC_cell_TGGGCGTTCAAGATCC,0,0,0
EOC6_PBMC_cell_GATCAGTCAAAGAATC,0,0,0
EOC6_PBMC_cell_ACTGTCCCATCGGAAG,0,0,0
EOC6_PBMC_cell_TGCGGGTGTTACAGAA,0,0,0
EOC6_PBMC_cell_GACAGAGTCTGCGGCA,0,0,0
EOC6_PBMC_cell_TCGGGACTCCGCAGTG,0,0,0
EOC6_PBMC_cell_CGAACATAGGCATTGG,0,0,0
EOC6_PBMC_cell_GGACAGAGTTATCACG,0,0,0
EOC6_PBMC_cell_AACACGTTCAGGATCT,0,0,0
EOC6_PBMC_cell_CCACTACAGCCACTAT,0,0,0
EOC6_PBMC_cell_CGTTGGGAGCTGCCCA,0,0,0
EOC6_PBMC_cell_AACTCCCTCCGAACGC,0,0,0
EOC6_PBMC_cell_CTGCGGATCCTCCTAG,0,0,0
EOC6_PBMC_cell_TACTCGCGTTGTCGCG,0,0,0
EOC6_PBMC_cell_GGAGCAAGTAACGTTC,0,0,0
EOC6_PBMC_cell_TGTTCCGGTTCATGGT,0,0,0
EOC6_PBMC_cell_CAGAGAGAGACAGACC,0,0,0
EOC6_PBMC_cell_AGTGTCAGTCTTTCAT,0,0,0
EOC6_PBMC_cell_AGTAGTCAGCCCAATT,0,0,0
EOC6_PBMC_cell_GAGCAGATCGTCCGTT,0,0,0
EOC6_PBMC_cell_GGCTGGTTCGGACAAG,0,0,0
EOC6_PBMC_cell_GTACGTAGTCGACTGC,0,0,0
EOC6_PBMC_cell_TTCTCCTTCTGGAGCC,0,0,0
EOC6_PBMC_cell_CGGTTAAGTGTGCGTC,0,0,0
EOC6_PBMC_cell_TGCCCTAGTATATGAG,0,0,0
EOC6_PBMC_cell_GAACATCGTCGAATCT,0,0,0
EOC6_PBMC_cell_ACCGTAATCACCCTCA,0,0,0
EOC6_PBMC_cell_ATAGACCCACCAGATT,0,0,0
EOC6_PBMC_cell_TTGTAGGAGAAACCTA,0,0,0
EOC6_PBMC_cell_CTCTGGTCAGTCCTTC,0,0,0
EOC6_PBMC_cell_ATCCACCGTGAGTGAC,0,0,0
EOC6_PBMC_cell_TATGCCCCATCATCCC,0,0,0
EOC6_PBMC_cell_GATTCAGCAAACTGTC,0,0,0
EOC6_PBMC_cell_GTACTCCCAGGACCCT,0,0,0
EOC6_PBMC_cell_TCGGTAATCCTCATTA,0,0,0
EOC6_PBMC_cell_GCTGGGTAGTAGCCGA,0,0,0
EOC6_PBMC_cell_CTGAAACCAGGGAGAG,0,0,0
EOC6_PBMC_cell_CAGCTGGTCTCTAGGA,0,0,0
EOC6_PBMC_cell_GTCTTCGCACGTAAGG,0,0,0
EOC6_PBMC_cell_CTAGTGAGTCGACTAT,0,0,0
EOC6_PBMC_cell_GCGACCAGTCGTTGTA,0,0,0
EOC6_PBMC_cell_CGTTCTGAGGCATGTG,0,0,0
EOC6_PBMC_cell_CTGAAGTCAAGTTGTC,0,0,0
EOC6_PBMC_cell_GGTGCGTAGAGAACAG,0,0,0
EOC6_PBMC_cell_CTACACCCATTGGTAC,0,0,0
EOC6_PBMC_cell_AACTTTCTCGTACGGC,0,0,0
EOC6_PBMC_cell_GTTAAGCTCAACGCTA,0,0,0
EOC6_PBMC_cell_CACAAACAGCATGGCA,0,0,0
EOC6_PBMC_cell_GGGATGATCATTCACT,0,0,0
EOC6_PBMC_cell_TGACTTTGTTCCACTC,0,0,0
EOC6_PBMC_cell_AGGTCCGAGCAGCGTA,0,0,0
EOC6_PBMC_cell_ATGAGGGTCTCTAGGA,0,0,0
EOC6_PBMC_cell_TACGGTAAGTATCGAA,0,0,0
EOC6_PBMC_cell_AGAGCGACACTCTGTC,0,0,0
EOC6_PBMC_cell_GCAGTTACATTTCAGG,0,0,0
EOC6_PBMC_cell_GTGCAGCTCCGTCAAA,0,0,0
EOC6_PBMC_cell_CTGCTGTTCCGCAGTG,0,0,0
EOC6_PBMC_cell_GACGGCTAGACGCTTT,0,0,0
EOC6_PBMC_cell_TTCGAAGCAGGTCGTC,0,0,0
EOC6_PBMC_cell_TCTATTGAGAAGATTC,0,0,0
EOC6_PBMC_cell_AACTGGTTCGAGCCCA,0,0,0
EOC6_PBMC_cell_GGTGTTATCCTCAACC,0,0,0
EOC6_PBMC_cell_CACACTCTCGTCGTTC,0,0,0
EOC6_PBMC_cell_TAGTTGGCACTGAAGG,0,0,0
EOC6_PBMC_cell_CTCCTAGCAGCTGCAC,0,0,0
EOC6_PBMC_cell_CTGCCTATCAGCCTAA,0,0,0
EOC6_PBMC_cell_TTTGTCAGTAACGACG,0,0,0
EOC6_PBMC_cell_TCATTACAGTGTGGCA,0,0,0
EOC6_PBMC_cell_GTCAAGTAGTACGTAA,0,0,0
EOC6_PBMC_cell_AGACGTTTCAGTTGAC,0,0,0
EOC6_PBMC_cell_TGCGCAGCAGAGCCAA,0,0,0
EOC6_PBMC_cell_TGACAACCACGGATAG,0,0,0
EOC6_PBMC_cell_TTAGTTCAGAGCCCAA,0,0,0
EOC6_PBMC_cell_TATCTCACAGTTAACC,0,0,0
EOC6_PBMC_cell_GTATTCTCATCACCCT,0,0,0
EOC6_PBMC_cell_GGTGCGTCAGCCAATT,0,0,0
EOC6_PBMC_cell_AGTGAGGAGTGTTGAA,0,0,0
EOC6_PBMC_cell_CAACCAAGTTAGGGTG,0,0,0
EOC6_PBMC_cell_TCTGGAAGTCGAACAG,0,0,0
EOC6_PBMC_cell_TTCTACAAGCGACGTA,0,0,0
EOC6_PBMC_cell_ACACCAAAGTGGGATC,0,0,0
EOC6_PBMC_cell_TGGGCGTTCGTGACAT,0,0,0
EOC6_PBMC_cell_TCTGGAACATGATCCA,0,0,0
EOC6_PBMC_cell_CAACCTCCACATTAGC,0,0,0
EOC6_PBMC_cell_TCATTACGTCTGGTCG,0,0,0
EOC6_PBMC_cell_CCTTCGATCCAGGGCT,0,0,0
EOC6_PBMC_cell_CGGACGTTCAACACCA,0,0,0
EOC6_PBMC_cell_GGTATTGCATGTAGTC,0,0,0
EOC6_PBMC_cell_GCGAGAACAAGTCTGT,0,0,0
EOC6_PBMC_cell_CGGAGCTGTGACAAAT,0,0,0
EOC6_PBMC_cell_TTCGAAGTCGCAGGCT,0,0,0
EOC6_PBMC_cell_ACGATACTCAATACCG,0,0,0
EOC6_PBMC_cell_AGCGTATCAGCGTAAG,0,0,0
EOC6_PBMC_cell_ACACCAATCCTCATTA,0,0,0
EOC6_PBMC_cell_AGCGTCGTCTGATACG,0,0,0
EOC6_PBMC_cell_GACGGCTAGTCTTGCA,0,0,0
EOC6_PBMC_cell_CAACTAGTCGAGCCCA,0,0,0
EOC6_PBMC_cell_GATGCTACAGGGATTG,0,0,0
EOC6_PBMC_cell_TTGAACGAGTCATGCT,0,0,0
EOC6_PBMC_cell_CCAATCCAGAAACGAG,0,0,0
EOC6_PBMC_cell_CTGAAGTGTGCAGTAG,0,0,0
EOC6_PBMC_cell_CATCAGAGTTGGTGGA,0,0,0
EOC6_PBMC_cell_GTAACTGAGTGCGTGA,0,0,0
EOC6_PBMC_cell_TATCTCAGTAACGCGA,0,0,0
EOC6_PBMC_cell_CCTTACGGTGTCGCTG,0,0,0
EOC6_PBMC_cell_TAAGAGATCAACGGGA,0,0,0
EOC6_PBMC_cell_CCTTACGGTGCATCTA,0,0,0
EOC6_PBMC_cell_CACCACTAGTGTCCCG,0,0,0
EOC6_PBMC_cell_GTAACGTTCCCTCAGT,0,0,0
EOC6_PBMC_cell_GAAATGAGTGTAATGA,0,0,0
EOC6_PBMC_cell_CACACTCTCAGCACAT,0,0,0
EOC6_PBMC_cell_CTGGTCTCATTGGCGC,0,0,0
EOC6_PBMC_cell_CCACGGAAGCCTCGTG,0,0,0
EOC6_PBMC_cell_ACCAGTACAGGACCCT,0,0,0
EOC6_PBMC_cell_GACTACATCACTATTC,0,0,0
EOC6_PBMC_cell_AAAGTAGAGGAGTACC,0,0,0
EOC6_PBMC_cell_CTCGGAGCAGCGAACA,0,0,0
EOC6_PBMC_cell_TCAGGATTCACCGTAA,0,0,0
EOC6_PBMC_cell_TTAGTTCTCAAGGCTT,0,0,0
EOC6_PBMC_cell_CTTACCGTCATGCTCC,0,0,0
EOC6_PBMC_cell_CACAGTAGTAGCGTGA,0,0,0
EOC6_PBMC_cell_TCTCATATCTTTACGT,0,0,0
EOC6_PBMC_cell_TTCGAAGGTCATCGGC,0,0,0
EOC6_PBMC_cell_GATGAGGAGCACAGGT,0,0,0
EOC6_PBMC_cell_GAAATGATCATATCGG,0,0,0
EOC6_PBMC_cell_CATATTCGTGCGAAAC,0,0,0
EOC6_PBMC_cell_AATCCAGTCCCTGACT,0,0,0
EOC6_PBMC_cell_GCACTCTGTATAAACG,0,0,0
EOC6_PBMC_cell_CGATGGCCAACACCCG,0,0,0
EOC6_PBMC_cell_ACCAGTAGTTGGAGGT,0,0,0
EOC6_PBMC_cell_GTGAAGGAGATCGATA,0,0,0
EOC6_PBMC_cell_GCGGGTTGTCTCCATC,0,0,0
EOC6_PBMC_cell_GCTGCTTGTGAGGGAG,0,0,0
EOC6_PBMC_cell_CCACTACGTTCCTCCA,0,0,0
EOC6_PBMC_cell_TACGGTAAGGCTCTTA,0,0,0
EOC6_PBMC_cell_GCAGCCAGTTACGTCA,0,0,0
EOC6_PBMC_cell_TTGCCGTCATTATCTC,0,0,0
EOC6_PBMC_cell_CGTCACTTCAACTCTT,0,0,0
EOC6_PBMC_cell_CGTGTCTAGCGTGAAC,0,0,0
EOC6_PBMC_cell_TCATTACTCTATCCTA,0,0,0
EOC6_PBMC_cell_TAGCCGGTCGTCTGAA,0,0,0
EOC6_PBMC_cell_AAACCTGTCTTACCGC,0,0,0
EOC6_PBMC_cell_ACTGTCCCATGAACCT,0,0,0
EOC6_PBMC_cell_GCGCAGTTCCACGACG,0,0,0
EOC6_PBMC_cell_CTTAGGATCCGAAGAG,0,0,0
EOC6_PBMC_cell_GGGAGATCACACAGAG,0,0,0
EOC6_PBMC_cell_CCACGGACATGTAAGA,0,0,0
EOC6_PBMC_cell_ACGATACCATGTCTCC,0,0,0
EOC6_PBMC_cell_GTCAAGTAGGCATGTG,0,0,0
EOC6_PBMC_cell_TCAACGAGTAGCACGA,0,0,0
EOC6_PBMC_cell_ACGAGCCTCGATAGAA,0,0,0
EOC6_PBMC_cell_TTCGAAGTCCCAGGTG,0,0,0
EOC6_PBMC_cell_AGAGCTTCATGTAAGA,0,0,0
EOC6_PBMC_cell_TTGGCAAAGAGACTAT,0,0,0
EOC6_PBMC_cell_GTGCGGTAGGATGCGT,0,0,0
EOC6_PBMC_cell_CGTGAGCTCAGCATGT,0,0,0
EOC6_PBMC_cell_CTGAAACCATGAGCGA,0,0,0
EOC6_PBMC_cell_CGATCGGGTTTAGCTG,0,0,0
EOC6_PBMC_cell_GAACCTAGTCCATCCT,0,0,0
EOC6_PBMC_cell_TTAGTTCCAAGCCGTC,0,0,0
EOC6_PBMC_cell_GATGAAACAGTTTACG,0,0,0
EOC6_PBMC_cell_TAAGAGATCAACACAC,0,0,0
EOC6_PBMC_cell_AGCGGTCGTCGAATCT,0,0,0
EOC6_PBMC_cell_CATTCGCAGGCAAAGA,0,0,0
EOC6_PBMC_cell_CATGACATCAGGCAAG,0,0,0
EOC6_PBMC_cell_AAACCTGAGCGGATCA,0,0,0
EOC6_PBMC_cell_GCATGTACACACCGCA,0,0,0
EOC6_PBMC_cell_CACCAGGCAGACGTAG,0,0,0
EOC6_PBMC_cell_GGACAAGAGCTGATAA,0,0,0
EOC6_PBMC_cell_ACTATCTGTGTTAAGA,0,0,0
EOC6_PBMC_cell_TTTATGCTCACTCTTA,0,0,0
EOC6_PBMC_cell_TACCTTATCAGCTCGG,0,0,0
EOC6_PBMC_cell_TTAACTCGTATCAGTC,0,0,0
EOC6_PBMC_cell_TTATGCTGTATGAAAC,0,0,0
EOC6_PBMC_cell_AACTCTTAGAGCAATT,0,0,0
EOC6_PBMC_cell_AAAGCAAAGTCTCCTC,0,0,0
EOC6_PBMC_cell_TGACAACGTACGACCC,0,0,0
EOC6_PBMC_cell_GACGTGCGTTTGGCGC,0,0,0
EOC6_PBMC_cell_TACAGTGCACACGCTG,0,0,0
EOC6_PBMC_cell_TTATGCTAGGTGCTTT,0,0,0
EOC6_PBMC_cell_GATCTAGAGGGAAACA,0,0,0
EOC6_PBMC_cell_TCACAAGCACCGTTGG,0,0,0
EOC6_PBMC_cell_TTCGAAGGTTGATTCG,0,0,0
EOC6_PBMC_cell_TGACAACAGTGTACGG,0,0,0
EOC6_PBMC_cell_AAGGTTCTCGCTTAGA,0,0,0
EOC6_PBMC_cell_ACACCAACACCTCGGA,0,0,0
EOC6_PBMC_cell_ACACCAAAGCTAGTCT,0,0,0
EOC6_PBMC_cell_TTATGCTCAAGTAATG,0,0,0
EOC6_PBMC_cell_TCGCGTTCATGCCACG,0,0,0
EOC6_PBMC_cell_AGCGTATAGGCAGGTT,0,0,0
EOC6_PBMC_cell_TTCTACAAGTAAGTAC,0,0,0
EOC6_PBMC_cell_ATGTGTGAGGATGGTC,0,0,0
EOC6_PBMC_cell_ATTGGTGTCATGCTCC,0,0,0
EOC6_PBMC_cell_ACGAGCCTCTTACCGC,0,0,0
EOC6_PBMC_cell_CGCGGTATCTCGTTTA,0,0,0
EOC6_PBMC_cell_GAATGAAAGCAGGCTA,0,0,0
EOC6_PBMC_cell_GGCTGGTTCAGAAATG,0,0,0
EOC6_PBMC_cell_GATGCTACAATGGAAT,0,0,0
EOC6_PBMC_cell_GACGTTAAGACCCACC,0,0,0
EOC6_PBMC_cell_CTCACACAGAGGGCTT,0,0,0
EOC6_PBMC_cell_AGATTGCTCTGGCGAC,0,0,0
EOC6_PBMC_cell_TCAACGAAGACGCACA,0,0,0
EOC6_PBMC_cell_CTCGAGGTCCTGCTTG,0,0,0
EOC6_PBMC_cell_ATAAGAGCAACGATCT,0,0,0
EOC6_PBMC_cell_GTTCATTAGCCTTGAT,0,0,0
EOC6_PBMC_cell_AGAGCGACAGGGAGAG,0,0,0
EOC6_PBMC_cell_CTTCTCTAGTGGGTTG,0,0,0
EOC6_PBMC_cell_GTAGGCCCAGACGCTC,0,0,0
EOC6_PBMC_cell_CTAACTTCAAATTGCC,0,0,0
EOC6_PBMC_cell_TTGACTTGTCGAGTTT,0,0,0
EOC6_PBMC_cell_ACTGTCCCAGATGAGC,0,0,0
EOC6_PBMC_cell_ATCATGGTCCAAGTAC,0,0,0
EOC6_PBMC_cell_GCATACAGTCTACCTC,0,0,0
EOC6_PBMC_cell_GATCTAGTCCCATTAT,0,0,0
EOC6_PBMC_cell_AAGCCGCAGCGTCAAG,0,0,0
EOC6_PBMC_cell_CGACCTTTCTCGGACG,0,0,0
EOC6_PBMC_cell_ACGAGGAGTGGGTATG,0,0,0
EOC6_PBMC_cell_TGGACGCGTTTGACTG,0,0,0
EOC6_PBMC_cell_ACATGGTAGGGATACC,0,0,0
EOC6_PBMC_cell_ACATCAGGTAGTAGTA,0,0,0
EOC6_PBMC_cell_TTGACTTTCATCTGCC,0,0,0
EOC6_PBMC_cell_ACTGAACAGTTAACGA,0,0,0
EOC6_PBMC_cell_CGGCTAGGTAAGTGTA,0,0,0
EOC6_PBMC_cell_CGAGCACAGGCCGAAT,0,0,0
EOC6_PBMC_cell_TCATTACCAGGTTTCA,0,0,0
EOC6_PBMC_cell_TGAGGGACAGACAGGT,0,0,0
EOC6_PBMC_cell_CTGAAACAGCCCGAAA,0,0,0
EOC6_PBMC_cell_TCATTTGCAGTTAACC,0,0,0
EOC6_PBMC_cell_CGTCTACCAAAGGCGT,0,0,0
EOC6_PBMC_cell_CGAATGTCACGGTGTC,0,0,0
EOC6_PBMC_cell_CGATGTAAGGTACTCT,0,0,0
EOC6_PBMC_cell_TACCTATGTAGCGTCC,0,0,0
EOC6_PBMC_cell_CGGAGTCTCTTCATGT,0,0,0
EOC6_PBMC_cell_CGTCCATTCACCTCGT,0,0,0
EOC6_PBMC_cell_GAAACTCTCCCTTGCA,0,0,0
EOC6_PBMC_cell_CAGCAGCGTCTCATCC,0,0,0
EOC6_PBMC_cell_GTCATTTGTAAAGGAG,0,0,0
EOC6_PBMC_cell_AAAGCAACATCTATGG,0,0,0
EOC6_PBMC_cell_CCAATCCCAGTAACGG,0,0,0
EOC6_PBMC_cell_ATCATGGGTTGGGACA,0,0,0
EOC6_PBMC_cell_TCGGTAACACGACTCG,0,0,0
EOC6_PBMC_cell_AGCCTAAGTCACACGC,0,0,0
EOC6_PBMC_cell_CGTCCATGTACATCCA,0,0,0
EOC6_PBMC_cell_TCGCGTTGTCGAACAG,0,0,0
EOC6_PBMC_cell_GTAACGTTCGAGCCCA,0,0,0
EOC6_PBMC_cell_AGTGGGATCGCGCCAA,0,0,0
EOC6_PBMC_cell_CAACCTCCAGTGGAGT,0,0,0
EOC6_PBMC_cell_CGATGGCTCCCAGGTG,0,0,0
EOC6_PBMC_cell_GGACATTTCTTCGAGA,0,0,0
EOC6_PBMC_cell_GGTGAAGTCCTGCAGG,0,0,0
EOC6_PBMC_cell_GGGAGATAGTAGCGGT,0,0,0
EOC6_PBMC_cell_CATGCCTGTGTGCCTG,0,0,0
EOC6_PBMC_cell_CAGTCCTAGGCTCATT,0,0,0
