,celllabel,True,Predict
EOC2_PBMC_cell_TGACAACAGGGATACC,0,0,0
EOC2_PBMC_cell_CTGATAGTCCTCGCAT,0,0,0
EOC2_PBMC_cell_CTGCTGTGTTGGGACA,0,0,0
EOC2_PBMC_cell_CATGGCGAGCAGATCG,0,0,0
EOC2_PBMC_cell_GGGAGATGTACCGCTG,0,0,0
EOC2_PBMC_cell_AGAGCTTTCAAACAAG,0,0,0
EOC2_PBMC_cell_GTGTGCGTCTGGTGTA,0,0,0
EOC2_PBMC_cell_GGGAGATCATCGTCGG,0,0,0
EOC2_PBMC_cell_GGGATGACACGCGAAA,0,0,0
EOC2_PBMC_cell_GTGTGCGCACACAGAG,0,0,0
EOC2_PBMC_cell_ATTACTCGTTGTGGAG,0,0,0
EOC2_PBMC_cell_TCTGAGACACCAGGTC,0,0,1
EOC2_PBMC_cell_GTCATTTAGAAACCGC,0,0,0
EOC2_PBMC_cell_TCAACGATCGCCTGTT,0,0,0
EOC2_PBMC_cell_CTAGCCTCAGGGCATA,0,0,0
EOC2_PBMC_cell_TAGTGGTGTGTCGCTG,0,0,0
EOC2_PBMC_cell_GTGCAGCAGCTAGCCC,0,0,0
EOC2_PBMC_cell_TAGACCAGTTTCCACC,0,0,0
EOC2_PBMC_cell_CTCGAGGAGACCTTTG,0,0,0
EOC2_PBMC_cell_CGTCTACGTCAAACTC,0,0,0
EOC2_PBMC_cell_GCTGCGACACGGCTAC,0,0,0
EOC2_PBMC_cell_CCTCAGTTCGTACGGC,0,0,0
EOC2_PBMC_cell_AACACGTCATATGCTG,0,0,0
EOC2_PBMC_cell_CTAGAGTTCGTAGATC,0,0,0
EOC2_PBMC_cell_GACTAACAGTGGTAGC,0,0,0
EOC2_PBMC_cell_TTCTTAGCAAACCTAC,0,0,0
EOC2_PBMC_cell_GTAACTGCAGCCACCA,0,0,0
EOC2_PBMC_cell_TAGGCATGTGATGTGG,0,0,0
EOC2_PBMC_cell_GCATGCGCAGATGGCA,0,0,0
EOC2_PBMC_cell_GCAGTTAGTTCGGCAC,0,0,0
EOC2_PBMC_cell_GTCTCGTAGTGTACCT,0,0,0
EOC2_PBMC_cell_TATTACCGTTTAAGCC,0,0,0
EOC2_PBMC_cell_ATCCGAATCCAGTAGT,0,0,0
EOC2_PBMC_cell_TAAGCGTGTGCAGTAG,0,0,0
EOC2_PBMC_cell_TCAGCAAGTGAGGCTA,0,0,0
EOC2_PBMC_cell_ATTACTCCATCGTCGG,0,0,0
EOC2_PBMC_cell_TCGAGGCTCAGGCCCA,0,0,0
EOC2_PBMC_cell_CGATCGGGTGCCTGTG,0,0,0
EOC2_PBMC_cell_GTCGTAAGTTGGTGGA,0,0,0
EOC2_PBMC_cell_CGAGAAGGTACTTCTT,0,0,0
EOC2_PBMC_cell_ATGTGTGGTCGGCACT,0,0,0
EOC2_PBMC_cell_ACTGTCCTCAACGGGA,0,0,0
EOC2_PBMC_cell_CCTTTCTCAAACTGTC,0,0,0
EOC2_PBMC_cell_TACCTATTCGGCGCAT,0,0,0
EOC2_PBMC_cell_CAGCGACCAGGGTATG,0,0,0
EOC2_PBMC_cell_ATAAGAGGTAAGTGGC,0,0,0
EOC2_PBMC_cell_ACGCCAGCAGGATTGG,0,0,0
EOC2_PBMC_cell_TCAGATGCACCACCAG,0,0,0
EOC2_PBMC_cell_TTGCGTCCAACCGCCA,0,0,0
EOC2_PBMC_cell_GAACATCAGCTATGCT,0,0,0
EOC2_PBMC_cell_AGGTCCGAGAGGGCTT,0,0,0
EOC2_PBMC_cell_GTATTCTGTCATCGGC,0,0,0
EOC2_PBMC_cell_CCCAGTTTCCGCAGTG,0,0,0
EOC2_PBMC_cell_CCCTCCTTCGGTGTTA,0,0,0
EOC2_PBMC_cell_CTGCTGTTCCAATGGT,0,0,0
EOC2_PBMC_cell_TGCACCTTCCCTGACT,0,0,0
EOC2_PBMC_cell_TAAACCGAGAGCCTAG,0,0,0
EOC2_PBMC_cell_ACGCAGCCATCGGACC,0,0,0
EOC2_PBMC_cell_CGATGTACACATTCGA,0,0,0
EOC2_PBMC_cell_AATCCAGCAATACGCT,0,0,0
EOC2_PBMC_cell_CCTAAAGTCTGTCAAG,0,0,0
EOC2_PBMC_cell_AGCAGCCCATACTACG,0,0,0
EOC2_PBMC_cell_AGCTCTCAGTGGTCCC,0,0,0
EOC2_PBMC_cell_ATGAGGGTCTCACATT,0,0,0
EOC2_PBMC_cell_TACCTATCATAGACTC,0,0,0
EOC2_PBMC_cell_TGACGGCTCGAGCCCA,0,0,0
EOC2_PBMC_cell_CTGTGCTTCGTTACAG,0,0,0
EOC2_PBMC_cell_TAGTGGTCAATTCCTT,0,0,0
EOC2_PBMC_cell_GGCGTGTCATGGTAGG,0,0,0
EOC2_PBMC_cell_AACTCAGGTGTCGCTG,0,0,0
EOC2_PBMC_cell_CTCGGGAGTTGGTGGA,0,0,0
EOC2_PBMC_cell_CTCGAAATCGGAAACG,0,0,0
EOC2_PBMC_cell_AAGGAGCCACACAGAG,0,0,0
EOC2_PBMC_cell_CGTCAGGTCTGATACG,0,0,0
EOC2_PBMC_cell_TGACGGCCACCAGATT,0,0,0
EOC2_PBMC_cell_CGGGTCACAGACGCCT,0,0,0
EOC2_PBMC_cell_CGATCGGAGATAGCAT,0,0,0
EOC2_PBMC_cell_AAAGATGGTATGCTTG,0,0,0
EOC2_PBMC_cell_ACGAGGAAGCGGATCA,0,0,0
EOC2_PBMC_cell_ATCGAGTTCTCGATGA,0,0,0
EOC2_PBMC_cell_GTGAAGGTCCTCAACC,0,0,0
EOC2_PBMC_cell_GACTAACAGCTAGCCC,0,0,0
EOC2_PBMC_cell_CGATGGCCAAGTTGTC,0,0,0
EOC2_PBMC_cell_GAGTCCGTCCGTTGCT,0,0,0
EOC2_PBMC_cell_CTTACCGTCCCGGATG,0,0,0
EOC2_PBMC_cell_AGGCCGTCAGTCGATT,0,0,0
EOC2_PBMC_cell_AGCGTCGAGAGGACGG,0,0,0
EOC2_PBMC_cell_GATCGATTCAACACGT,0,0,0
EOC2_PBMC_cell_CAGCCGACAGCGTAAG,0,0,0
EOC2_PBMC_cell_TGCACCTTCGTCCAGG,0,0,0
EOC2_PBMC_cell_GCTCTGTCACACTGCG,0,0,0
EOC2_PBMC_cell_AAGGAGCAGATACACA,0,0,0
EOC2_PBMC_cell_CACCAGGTCCTAAGTG,0,0,0
EOC2_PBMC_cell_TACACGAAGGAATTAC,0,0,0
EOC2_PBMC_cell_AAAGATGCAAGCGCTC,0,0,0
EOC2_PBMC_cell_ACGCCGATCAGAGGTG,0,0,0
EOC2_PBMC_cell_CACCAGGAGACAGACC,0,0,0
EOC2_PBMC_cell_GGGCATCAGGTGCACA,0,0,0
EOC2_PBMC_cell_ACGATGTTCACCCTCA,0,0,0
EOC2_PBMC_cell_CCTCTGAAGGTAGCCA,0,0,0
EOC2_PBMC_cell_TTGGAACTCGGTTAAC,0,0,0
EOC2_PBMC_cell_ATCCGAACAGACGCAA,0,0,1
EOC2_PBMC_cell_TTCGGTCCATCCTAGA,0,0,0
EOC2_PBMC_cell_CTCAGAATCCCAACGG,0,0,0
EOC2_PBMC_cell_TGACTAGGTAAGGATT,0,0,0
EOC2_PBMC_cell_TAGAGCTCAAACAACA,0,0,0
EOC2_PBMC_cell_TTAACTCAGTGACATA,0,0,0
EOC2_PBMC_cell_ATAACGCCACGCTTTC,0,0,0
EOC2_PBMC_cell_CAGAGAGAGTACGACG,0,0,0
EOC2_PBMC_cell_GTCACAACAATGCCAT,0,0,0
EOC2_PBMC_cell_TAGCCGGTCTTGTACT,0,0,0
EOC2_PBMC_cell_TTCTTAGTCGGCTACG,0,0,0
EOC2_PBMC_cell_TCAACGACAGCGTTCG,0,0,0
EOC2_PBMC_cell_AGACGTTAGAAAGTGG,0,0,0
EOC2_PBMC_cell_CGAGCCAAGGACCACA,0,0,0
EOC2_PBMC_cell_ATCTGCCCATCCTAGA,0,0,0
EOC2_PBMC_cell_TGGCGCAAGCGTTTAC,0,0,0
EOC2_PBMC_cell_TTCGGTCGTGACAAAT,0,0,0
EOC2_PBMC_cell_TTGGAACAGTTTCCTT,0,0,0
EOC2_PBMC_cell_ACTGAGTCACAACTGT,0,0,0
EOC2_PBMC_cell_GCTGCTTTCTTGCATT,0,0,0
EOC2_PBMC_cell_CTCCTAGTCGGAATCT,0,0,0
EOC2_PBMC_cell_GTAACTGAGCCTCGTG,0,0,0
EOC2_PBMC_cell_GAAATGACAGATCTGT,0,0,0
EOC2_PBMC_cell_TAGTGGTAGCGATGAC,0,0,0
EOC2_PBMC_cell_CGGACGTGTACCGTTA,0,0,0
EOC2_PBMC_cell_CTAAGACCAGGCAGTA,0,0,0
EOC2_PBMC_cell_TGCGCAGTCGACAGCC,0,0,0
EOC2_PBMC_cell_AAATGCCAGCGTTTAC,0,0,0
EOC2_PBMC_cell_TGGTTCCAGAGTTGGC,0,0,0
EOC2_PBMC_cell_CTCCTAGCATAGAAAC,0,0,0
EOC2_PBMC_cell_CCATGTCCAAGGGTCA,0,0,0
EOC2_PBMC_cell_CATATGGGTCTAGTGT,0,0,0
EOC2_PBMC_cell_TGAGGGACAATAGCAA,0,0,0
EOC2_PBMC_cell_GCTCCTACAGCCAATT,0,0,0
EOC2_PBMC_cell_TACTCATTCGTTGACA,0,0,0
EOC2_PBMC_cell_GTACTCCGTTGTTTGG,0,0,0
EOC2_PBMC_cell_GCATGCGAGCAATATG,0,0,0
EOC2_PBMC_cell_ACCAGTATCGCCTGTT,0,0,0
EOC2_PBMC_cell_AGCATACTCAGCGATT,0,0,0
EOC2_PBMC_cell_TACTTACGTTGGAGGT,0,0,0
EOC2_PBMC_cell_CCTACCATCTCGCATC,0,0,0
EOC2_PBMC_cell_CTAGTGAGTAGGAGTC,0,0,0
EOC2_PBMC_cell_CTCGGGAGTTGAACTC,0,0,0
EOC2_PBMC_cell_TCATTTGCAGTCAGAG,0,0,0
EOC2_PBMC_cell_ACGCAGCGTGAGTATA,0,0,0
EOC2_PBMC_cell_TGGGAAGCATCACCCT,0,0,0
EOC2_PBMC_cell_CTGTGCTGTACCTACA,0,0,0
EOC2_PBMC_cell_CTCATTACAACACGCC,0,0,0
EOC2_PBMC_cell_GTAGGCCAGTAATCCC,0,0,0
EOC2_PBMC_cell_GGGCACTGTTGATTCG,0,0,0
EOC2_PBMC_cell_ACGCCAGCATATACGC,0,0,0
EOC2_PBMC_cell_CGTTGGGAGACGCAAC,0,0,0
EOC2_PBMC_cell_CAGGTGCCATGATCCA,0,0,0
EOC2_PBMC_cell_ACAGCTAGTCGACTGC,0,0,0
EOC2_PBMC_cell_CCAATCCCATGTAGTC,0,0,0
EOC2_PBMC_cell_CGGGTCAGTGCAGTAG,0,0,0
EOC2_PBMC_cell_GGGCACTGTGTTGAGG,0,0,1
EOC2_PBMC_cell_CGGACTGGTGTCTGAT,0,0,0
EOC2_PBMC_cell_AACCATGCAAGTCTAC,0,0,0
EOC2_PBMC_cell_ATGAGGGCACTACAGT,0,0,0
EOC2_PBMC_cell_TAAGCGTCACGGTAGA,0,0,0
EOC2_PBMC_cell_CAGCGACCAAGCCCAC,0,0,0
EOC2_PBMC_cell_CCGTACTGTCACCCAG,0,0,0
EOC2_PBMC_cell_TACGGATCACGCTTTC,0,0,0
EOC2_PBMC_cell_TAGTTGGAGTTAACGA,0,0,0
EOC2_PBMC_cell_GATTCAGGTAGCTGCC,0,0,0
EOC2_PBMC_cell_GACGTGCCAGTCACTA,0,0,0
EOC2_PBMC_cell_TGGACGCGTCAGAAGC,0,0,0
EOC2_PBMC_cell_ACGCCAGGTACCGTTA,0,0,0
EOC2_PBMC_cell_CGCGGTATCCCTGACT,0,0,0
EOC2_PBMC_cell_TTCTCCTCATGGTCTA,0,0,0
EOC2_PBMC_cell_TACTCGCAGTGTTGAA,0,0,0
EOC2_PBMC_cell_GGGTCTGTCAGTACGT,0,0,0
EOC2_PBMC_cell_GGCGTGTGTATCAGTC,0,0,0
EOC2_PBMC_cell_TTCTACAGTACGCACC,0,0,0
EOC2_PBMC_cell_CTAACTTTCATGCTCC,0,0,0
EOC2_PBMC_cell_GATCGCGTCTCAACTT,0,0,0
EOC2_PBMC_cell_AGGGTGAAGGGAGTAA,0,0,0
EOC2_PBMC_cell_ACGATGTAGCGTCAAG,0,0,0
EOC2_PBMC_cell_TGCCCTACATTACCTT,0,0,0
EOC2_PBMC_cell_CTAAGACAGAAGAAGC,0,0,0
EOC2_PBMC_cell_AAGGAGCAGCTATGCT,0,0,0
EOC2_PBMC_cell_TCTCTAAGTCGAAAGC,0,0,0
EOC2_PBMC_cell_CTCAGAACATAGAAAC,0,0,0
EOC2_PBMC_cell_ATTTCTGGTCAGGACA,0,0,0
EOC2_PBMC_cell_CTGGTCTAGTATCTCG,0,0,0
EOC2_PBMC_cell_GGCTCGATCGTTACAG,0,0,0
EOC2_PBMC_cell_GGAACTTCAAACAACA,0,0,0
EOC2_PBMC_cell_AGTGTCATCGGTCCGA,0,0,0
EOC2_PBMC_cell_CTGATCCAGAAACGAG,0,0,0
EOC2_PBMC_cell_CCTCTGATCGTGGTCG,0,0,0
EOC2_PBMC_cell_GACTACAAGCCGCCTA,0,0,0
EOC2_PBMC_cell_CCCAATCTCACCCTCA,0,0,0
EOC2_PBMC_cell_TCTGAGAGTCTTGATG,0,0,0
EOC2_PBMC_cell_ATCATCTGTAAGTAGT,0,0,0
EOC2_PBMC_cell_TCAGATGTCCTGTACC,0,0,0
EOC2_PBMC_cell_TTATGCTCAATGGTCT,0,0,0
EOC2_PBMC_cell_CGTGTCTCACGAGGTA,0,0,0
EOC2_PBMC_cell_TTTACTGCACACCGCA,0,0,0
EOC2_PBMC_cell_CCAATCCCAGCAGTTT,0,0,0
EOC2_PBMC_cell_CCTTTCTTCTACTCAT,0,0,0
EOC2_PBMC_cell_ATGGGAGCACAAGACG,0,0,0
EOC2_PBMC_cell_ACGCAGCTCGTCACGG,0,0,0
EOC2_PBMC_cell_ACATACGTCTGGTTCC,0,0,0
EOC2_PBMC_cell_TCAGCAAAGCGGCTTC,0,0,0
EOC2_PBMC_cell_ACCCACTGTCGGCTCA,0,0,0
EOC2_PBMC_cell_ACGGGCTTCGCCAAAT,0,0,0
EOC2_PBMC_cell_CGAATGTGTAGCAAAT,0,0,0
EOC2_PBMC_cell_CATCGGGCAATCGAAA,0,0,0
EOC2_PBMC_cell_CTCACACTCGCCTGTT,0,0,0
EOC2_PBMC_cell_ACACTGATCTATGTGG,0,0,0
EOC2_PBMC_cell_AAGGAGCTCCAAACTG,0,0,0
EOC2_PBMC_cell_CGCTTCAGTCAACATC,0,0,0
EOC2_PBMC_cell_AACTGGTCATGCTGGC,0,0,0
EOC2_PBMC_cell_GAAGCAGTCAGAGGTG,0,0,0
EOC2_PBMC_cell_AAAGTAGGTAGCGTCC,0,0,0
EOC2_PBMC_cell_TTGCCGTTCAGTCAGT,0,0,0
EOC2_PBMC_cell_CAGTCCTAGAAGGACA,0,0,0
EOC2_PBMC_cell_TCTTTCCAGGTGCAAC,0,0,0
EOC2_PBMC_cell_GCGAGAATCTCGCATC,0,0,0
EOC2_PBMC_cell_GCAATCAAGCATCATC,0,0,0
EOC2_PBMC_cell_CTAGTGACAAGACACG,0,0,0
EOC2_PBMC_cell_ATTGGTGGTGGCAAAC,0,0,0
EOC2_PBMC_cell_TACAGTGCAGGGTTAG,0,0,1
EOC2_PBMC_cell_GCGCGATGTTCCAACA,0,0,0
EOC2_PBMC_cell_GTAGTCAAGAATTCCC,0,0,0
EOC2_PBMC_cell_CTGATAGAGAATGTTG,0,0,0
EOC2_PBMC_cell_TTTGTCATCACAGGCC,0,0,0
EOC2_PBMC_cell_ATTATCCGTCTCAACA,0,0,0
EOC2_PBMC_cell_CACACTCGTTAGGGTG,0,0,0
EOC2_PBMC_cell_GATCGTAGTAGCGTGA,0,0,0
EOC2_PBMC_cell_AGCATACCAGGATCGA,0,0,0
EOC2_PBMC_cell_CAAGGCCTCACTATTC,0,0,0
EOC2_PBMC_cell_TAAACCGTCGTCCGTT,0,0,0
EOC2_PBMC_cell_CCCAGTTCAGTTCATG,0,0,0
EOC2_PBMC_cell_TCCCGATCATCGACGC,0,0,0
EOC2_PBMC_cell_ATCCACCAGCGACGTA,0,0,0
EOC2_PBMC_cell_AGCAGCCAGTGCGATG,0,0,0
EOC2_PBMC_cell_CGGACTGTCACATGCA,0,0,0
EOC2_PBMC_cell_TACCTATAGGGATACC,0,0,0
EOC2_PBMC_cell_ATTATCCTCTACTCAT,0,0,0
EOC2_PBMC_cell_TGAGGGAAGAAACCGC,0,0,0
EOC2_PBMC_cell_CGGCTAGCAAGTACCT,0,0,0
EOC2_PBMC_cell_GACGTTAGTCTGCAAT,0,0,0
EOC2_PBMC_cell_ACGGCCATCATATCGG,0,0,0
EOC2_PBMC_cell_GCGCCAACAATGGTCT,0,0,0
EOC2_PBMC_cell_CTCGAAACACTCGACG,0,0,0
EOC2_PBMC_cell_CAGCGACAGCAATCTC,0,0,0
EOC2_PBMC_cell_TTTGCGCAGAGGGCTT,0,0,0
EOC2_PBMC_cell_GTTCATTGTAAGTGTA,0,0,0
EOC2_PBMC_cell_TGACTAGAGACTAAGT,0,0,0
EOC2_PBMC_cell_TGGCTGGGTCGAACAG,0,0,0
EOC2_PBMC_cell_GGTGCGTAGGCTAGGT,0,0,0
EOC2_PBMC_cell_TTCTACATCCCTCTTT,0,0,0
EOC2_PBMC_cell_GACGTTAGTTGGTTTG,0,0,0
EOC2_PBMC_cell_TACGGATGTCTCATCC,0,0,0
EOC2_PBMC_cell_ACTTGTTCAGTTAACC,0,0,0
EOC2_PBMC_cell_GGTGTTAGTAGCAAAT,0,0,0
EOC2_PBMC_cell_TGACGGCTCTTACCTA,0,0,0
EOC2_PBMC_cell_AAACGGGCAGAGTGTG,0,0,0
EOC2_PBMC_cell_GCAATCAAGGCCCTCA,0,0,0
EOC2_PBMC_cell_GCAGTTATCCAAACTG,0,0,0
EOC2_PBMC_cell_CGTCAGGCACATCCGG,0,0,0
EOC2_PBMC_cell_CTGTGCTCATGTTCCC,0,0,0
EOC2_PBMC_cell_TGGCGCACAAGTACCT,0,0,0
EOC2_PBMC_cell_CGCTTCAAGCCGATTT,0,0,0
EOC2_PBMC_cell_ATTACTCGTACCGCTG,0,0,0
EOC2_PBMC_cell_GCAAACTGTCGCGGTT,0,0,0
EOC2_PBMC_cell_TGGTTAGTCGGCCGAT,0,0,0
EOC2_PBMC_cell_CTACACCTCGCAAACT,0,0,0
EOC2_PBMC_cell_TCACGAATCCACGAAT,0,0,0
EOC2_PBMC_cell_TTCTTAGGTTACAGAA,0,0,0
EOC2_PBMC_cell_TCAACGATCATGCATG,0,0,0
EOC2_PBMC_cell_CTACCCAGTAAGGGCT,0,0,0
EOC2_PBMC_cell_CTACATTTCGGAAATA,0,0,0
EOC2_PBMC_cell_CGGAGCTCACCAGATT,0,0,1
EOC2_PBMC_cell_AGGGTGATCAATCTCT,0,0,0
EOC2_PBMC_cell_GTTAAGCTCCGTAGTA,0,0,0
EOC2_PBMC_cell_GTTACAGAGACTCGGA,0,0,0
EOC2_PBMC_cell_CTACACCGTCTAACGT,0,0,0
EOC2_PBMC_cell_GCTCCTAGTCGGCATC,0,0,0
EOC2_PBMC_cell_GGCGACTAGATGTCGG,0,0,0
EOC2_PBMC_cell_AGCCTAACAGCCTTGG,0,0,0
EOC2_PBMC_cell_AGCCTAATCCTATTCA,0,0,0
EOC2_PBMC_cell_GAAATGACAGCGTCCA,0,0,0
EOC2_PBMC_cell_CACCACTTCCAAAGTC,0,0,0
EOC2_PBMC_cell_GTGTGCGTCCGAAGAG,0,0,0
EOC2_PBMC_cell_TCTGAGACAAAGTCAA,0,0,0
EOC2_PBMC_cell_GAAGCAGTCTGTCCGT,0,0,0
EOC2_PBMC_cell_CAGAATCAGATGCGAC,0,0,0
EOC2_PBMC_cell_ACACCCTCATGCATGT,0,0,0
EOC2_PBMC_cell_TGACTTTGTCGGCATC,0,0,0
EOC2_PBMC_cell_AGAGCTTAGAATAGGG,0,0,0
EOC2_PBMC_cell_AAACGGGCATTGCGGC,0,0,0
EOC2_PBMC_cell_AATCGGTTCGCAAGCC,0,0,0
EOC2_PBMC_cell_GCTGCTTTCCCATTTA,0,0,1
EOC2_PBMC_cell_TGACGGCAGTTTGCGT,0,0,0
EOC2_PBMC_cell_CCGTTCAAGGTGGGTT,0,0,0
EOC2_PBMC_cell_CTCGGGAGTACCAGTT,0,0,0
EOC2_PBMC_cell_CTAATGGGTTAGGGTG,0,0,0
EOC2_PBMC_cell_AAGCCGCCATGCCACG,0,0,0
EOC2_PBMC_cell_TTGAACGCACAAGTAA,0,0,0
EOC2_PBMC_cell_ATGAGGGCATGGATGG,0,0,0
EOC2_PBMC_cell_CTCGGAGCATAACCTG,0,0,0
EOC2_PBMC_cell_TCAGCAAAGCTGAACG,0,0,0
EOC2_PBMC_cell_TTGACTTCATTAGGCT,0,0,0
EOC2_PBMC_cell_CATTATCGTACTTCTT,0,0,0
EOC2_PBMC_cell_GAAATGAGTATATGGA,0,0,0
EOC2_PBMC_cell_GAAATGACAGCTGTTA,0,0,0
EOC2_PBMC_cell_GGGAATGGTGGTCCGT,0,0,0
EOC2_PBMC_cell_AAAGTAGCAAGTCTGT,0,0,0
EOC2_PBMC_cell_CGATTGACAGTATCTG,0,0,0
EOC2_PBMC_cell_ACTGCTCTCATGTCCC,0,0,0
EOC2_PBMC_cell_TATCAGGGTATAGGTA,0,0,0
EOC2_PBMC_cell_CGCGGTATCATCACCC,0,0,0
EOC2_PBMC_cell_CGAGAAGCACACCGAC,0,0,0
EOC2_PBMC_cell_TGGCCAGTCGAATGGG,0,0,0
EOC2_PBMC_cell_TGAAAGAAGGCGCTCT,0,0,0
EOC2_PBMC_cell_GCCAAATTCAACACGT,0,0,0
EOC2_PBMC_cell_CTGAAGTCATGGGAAC,0,0,0
EOC2_PBMC_cell_GGAGCAAGTCGCGTGT,0,0,0
EOC2_PBMC_cell_ACCTTTAAGAGCTGCA,0,0,0
EOC2_PBMC_cell_CTCTAATGTTCGAATC,0,0,0
EOC2_PBMC_cell_TACACGATCAGGTTCA,0,0,0
EOC2_PBMC_cell_AGTTGGTAGGGAGTAA,0,0,0
EOC2_PBMC_cell_GACAGAGCATCGACGC,0,0,0
EOC2_PBMC_cell_AGTGAGGCACGCCAGT,0,0,0
EOC2_PBMC_cell_GTGCGGTGTGAGCGAT,0,0,0
EOC2_PBMC_cell_CAAGATCCATCTGGTA,0,0,0
EOC2_PBMC_cell_CAAGATCGTACTCGCG,0,0,0
EOC2_PBMC_cell_GAACCTAGTAAATGAC,0,0,0
EOC2_PBMC_cell_TATCAGGTCCAGAAGG,0,0,0
EOC2_PBMC_cell_ACGGCCACATCATCCC,0,0,0
EOC2_PBMC_cell_GCTCCTAGTCAATGTC,0,0,0
EOC2_PBMC_cell_CTCGTCAAGCTAGTGG,0,0,0
EOC2_PBMC_cell_GACAGAGCATTGTGCA,0,0,0
EOC2_PBMC_cell_CGGACGTGTCAGAAGC,0,0,0
EOC2_PBMC_cell_TCAGATGGTCGTGGCT,0,0,0
EOC2_PBMC_cell_ACGATGTGTATTCGTG,0,0,0
EOC2_PBMC_cell_CTCTAATCACACCGCA,0,0,0
EOC2_PBMC_cell_AAGCCGCGTTACGTCA,0,0,0
EOC2_PBMC_cell_ATAGACCTCCCAAGTA,0,0,0
EOC2_PBMC_cell_CCTCTGAAGCGATATA,0,0,0
EOC2_PBMC_cell_GCCTCTAAGATAGCAT,0,0,0
EOC2_PBMC_cell_TATGCCCCACAGCGTC,0,0,0
EOC2_PBMC_cell_TCTCATATCGAACTGT,0,0,0
EOC2_PBMC_cell_AACTCAGTCTAAGCCA,0,0,0
EOC2_PBMC_cell_ACTATCTGTGCGAAAC,0,0,0
EOC2_PBMC_cell_GACACGCTCGTCCAGG,0,0,0
EOC2_PBMC_cell_GGAGCAATCTTTAGGG,0,0,0
EOC2_PBMC_cell_CACCAGGCATGTTCCC,0,0,0
EOC2_PBMC_cell_ATCCACCGTAGGGACT,0,0,0
EOC2_PBMC_cell_AGCATACAGCTGTTCA,0,0,0
EOC2_PBMC_cell_TTGCGTCAGGGTTTCT,0,0,0
EOC2_PBMC_cell_ACACCCTAGGGATCTG,0,0,0
EOC2_PBMC_cell_ACTATCTAGCGATCCC,0,0,0
EOC2_PBMC_cell_CATCAAGTCTAACGGT,0,0,0
EOC2_PBMC_cell_GGACAGAGTTCAACCA,0,0,0
EOC2_PBMC_cell_TGCCCATTCTGTCTAT,0,0,0
EOC2_PBMC_cell_CTCGTCATCATGTCTT,0,0,0
EOC2_PBMC_cell_AACCATGAGGCAAAGA,0,0,0
EOC2_PBMC_cell_TTAGGACAGTGTCCCG,0,0,0
EOC2_PBMC_cell_GACACGCCAATGTAAG,0,0,0
EOC2_PBMC_cell_ATCCACCAGCTAGTTC,0,0,0
EOC2_PBMC_cell_CCTTCCCAGTAGGTGC,0,0,0
EOC2_PBMC_cell_CAGTAACAGCTAGTTC,0,0,0
EOC2_PBMC_cell_GCACATACAGCCTTGG,0,0,0
EOC2_PBMC_cell_CAAGGCCAGACCTAGG,0,0,0
EOC2_PBMC_cell_TGAAAGAAGGCAAAGA,0,0,0
EOC2_PBMC_cell_CAGATCATCTGTCAAG,0,0,0
EOC2_PBMC_cell_GCTCCTACATGCCCGA,0,0,0
EOC2_PBMC_cell_GGGCACTCAGTCCTTC,0,0,0
EOC2_PBMC_cell_AGGCCACTCACATAGC,0,0,0
EOC2_PBMC_cell_AAATGCCAGTTACGGG,0,0,0
EOC2_PBMC_cell_TATTACCGTACTCAAC,0,0,0
EOC2_PBMC_cell_GGGTTGCAGTCAAGCG,0,0,0
EOC2_PBMC_cell_CAAGATCTCCTGCCAT,0,0,0
EOC2_PBMC_cell_TTTACTGTCAACACGT,0,0,0
EOC2_PBMC_cell_GGAAAGCAGAAGGGTA,0,0,0
EOC2_PBMC_cell_CATCGAACAGTGACAG,0,0,0
EOC2_PBMC_cell_CTGTGCTGTGTGAATA,0,0,0
EOC2_PBMC_cell_TGACAACAGGCTAGCA,0,0,0
EOC2_PBMC_cell_GGAAAGCGTTGGTTTG,0,0,0
EOC2_PBMC_cell_GTAGGCCAGGTACTCT,0,0,0
EOC2_PBMC_cell_TTCTACAAGTCATGCT,0,0,0
EOC2_PBMC_cell_CATGCCTTCCTTGGTC,0,0,0
EOC2_PBMC_cell_ACTGAGTGTCATGCCG,0,0,0
EOC2_PBMC_cell_TTGAACGGTCAGATAA,0,0,0
EOC2_PBMC_cell_TCAACGAAGAGGTTAT,0,0,0
EOC2_PBMC_cell_AAGCCGCAGATCCCGC,0,0,0
EOC2_PBMC_cell_TGTTCCGGTACCAGTT,0,0,0
EOC2_PBMC_cell_CACACCTGTCTTTCAT,0,0,0
EOC2_PBMC_cell_TGAGGGACACTGAAGG,0,0,0
EOC2_PBMC_cell_TCTTTCCTCATCTGCC,0,0,0
EOC2_PBMC_cell_CGACCTTAGGAATTAC,0,0,0
EOC2_PBMC_cell_TATCAGGAGAGCAATT,0,0,0
EOC2_PBMC_cell_ATCCACCGTATAGGGC,0,0,0
EOC2_PBMC_cell_ACACTGAGTTCGAATC,0,0,0
EOC2_PBMC_cell_AGCTCCTCACACCGAC,0,0,0
EOC2_PBMC_cell_AGAGCTTTCGCCTGAG,0,0,0
EOC2_PBMC_cell_CCTCAGTCACTAAGTC,0,0,0
EOC2_PBMC_cell_CGTTCTGGTCGAGTTT,0,0,0
EOC2_PBMC_cell_GCATGTACATCGATTG,0,0,0
EOC2_PBMC_cell_GTTCATTAGCGCCTTG,0,0,0
EOC2_PBMC_cell_GCGACCACACGCCAGT,0,0,0
EOC2_PBMC_cell_GTAGGCCTCGAATGGG,0,0,0
EOC2_PBMC_cell_TCAACGACATTTCACT,0,0,0
EOC2_PBMC_cell_GTACGTAGTCTTCAAG,0,0,0
EOC2_PBMC_cell_TAGCCGGAGTGGTAGC,0,0,0
EOC2_PBMC_cell_AAAGCAAAGCCCAATT,0,0,0
EOC2_PBMC_cell_TGTGGTAGTCAGAAGC,0,0,0
EOC2_PBMC_cell_TGTGTTTTCTGACCTC,0,0,0
EOC2_PBMC_cell_CTACCCAGTAGCTGCC,0,0,0
EOC2_PBMC_cell_ACACCAATCAGAAATG,0,0,0
EOC2_PBMC_cell_TAAGTGCCATGTTGAC,0,0,0
EOC2_PBMC_cell_ATTGGACGTACCGTAT,0,0,0
EOC2_PBMC_cell_GATCGATAGAGCCTAG,0,0,0
EOC2_PBMC_cell_GCTGCGAAGCCGGTAA,0,0,0
EOC2_PBMC_cell_CCTCTGATCAAGAAGT,0,0,0
EOC2_PBMC_cell_TAAGTGCAGGCAGTCA,0,0,0
EOC2_PBMC_cell_CATCGGGTCCGAAGAG,0,0,0
EOC2_PBMC_cell_TGACTAGCAACACCTA,0,0,0
EOC2_PBMC_cell_ATAGACCTCATGCAAC,0,0,0
EOC2_PBMC_cell_GTCTTCGGTGGCGAAT,0,0,0
EOC2_PBMC_cell_CTTAGGAGTCTACCTC,0,0,0
EOC2_PBMC_cell_TGACGGCCATATGGTC,0,0,0
EOC2_PBMC_cell_CGACCTTGTTCTCATT,0,0,0
EOC2_PBMC_cell_CAAGAAACATCATCCC,0,0,0
EOC2_PBMC_cell_TTTATGCAGTGCTGCC,0,0,0
EOC2_PBMC_cell_GACACGCGTTGAACTC,0,0,0
EOC2_PBMC_cell_CACAAACGTACCATCA,0,0,0
EOC2_PBMC_cell_TGCACCTAGTTGAGAT,0,0,0
EOC2_PBMC_cell_TTTACTGTCAGTTAGC,0,0,0
EOC2_PBMC_cell_TGAGGGAGTATCGCAT,0,0,0
EOC2_PBMC_cell_TGGCTGGAGTTGAGTA,0,0,0
EOC2_PBMC_cell_GACGTTACATGAAGTA,0,0,0
EOC2_PBMC_cell_CAACCTCCAGCTCGAC,0,0,0
EOC2_PBMC_cell_GGTGAAGTCTCACATT,0,0,0
EOC2_PBMC_cell_GGCTGGTAGGCAATTA,0,0,0
EOC2_PBMC_cell_TTTCCTCTCTACGAGT,0,0,0
EOC2_PBMC_cell_CATATTCTCGGTCCGA,0,0,0
EOC2_PBMC_cell_CAAGAAAGTCCTAGCG,0,0,0
EOC2_PBMC_cell_TGCGCAGCAGTAAGCG,0,0,0
EOC2_PBMC_cell_ATGCGATAGAAGAAGC,0,0,0
EOC2_PBMC_cell_AAACCTGCAGATAATG,0,0,1
EOC2_PBMC_cell_AGTAGTCAGGCAAAGA,0,0,0
EOC2_PBMC_cell_AGTTGGTAGTGGTAGC,0,0,0
EOC2_PBMC_cell_ATGCGATGTCCGTTAA,0,0,0
EOC2_PBMC_cell_AGAGCTTGTCTTCTCG,0,0,0
EOC2_PBMC_cell_CCCAATCAGTGATCGG,0,0,0
EOC2_PBMC_cell_GATTCAGGTGCGCTTG,0,0,0
EOC2_PBMC_cell_AAAGCAAAGACCTAGG,0,0,0
EOC2_PBMC_cell_ACTGATGAGTTACGGG,0,0,0
EOC2_PBMC_cell_GTATTCTGTTACCAGT,0,0,0
EOC2_PBMC_cell_TGCCCATTCCTGCTTG,0,0,0
EOC2_PBMC_cell_CGAGAAGCAGGTGGAT,0,0,0
EOC2_PBMC_cell_TCGGGACCACTGTTAG,0,0,0
EOC2_PBMC_cell_TGAGCATGTGTCTGAT,0,0,0
EOC2_PBMC_cell_ATTTCTGCATGCAACT,0,0,0
EOC2_PBMC_cell_TGTTCCGAGCTGAACG,0,0,0
EOC2_PBMC_cell_CATGGCGCAGGCTCAC,0,0,0
EOC2_PBMC_cell_GCTGGGTGTAAACACA,0,0,0
EOC2_PBMC_cell_GTTACAGCATCCGGGT,0,0,0
EOC2_PBMC_cell_CAAGGCCTCTTTACGT,0,0,0
EOC2_PBMC_cell_ATGAGGGCAGTGGGAT,0,0,0
EOC2_PBMC_cell_ATGCGATGTCTAGCCG,0,0,0
EOC2_PBMC_cell_TCATTTGTCTACTTAC,0,0,0
EOC2_PBMC_cell_TTAGTTCTCACTTACT,0,0,0
EOC2_PBMC_cell_CTGCTGTAGGAGTTTA,0,0,0
EOC2_PBMC_cell_AAACGGGGTAGCGTAG,0,0,0
EOC2_PBMC_cell_CTGCGGACAGGAATCG,0,0,0
EOC2_PBMC_cell_TGTATTCGTGGTACAG,0,0,0
EOC2_PBMC_cell_CCCAATCGTTCGTGAT,0,0,0
EOC2_PBMC_cell_GCATGCGGTCCTAGCG,0,0,0
EOC2_PBMC_cell_CAAGTTGTCCACTGGG,0,0,0
EOC2_PBMC_cell_CCACGGATCGTCCGTT,0,0,0
EOC2_PBMC_cell_GCGCCAAGTGTTCGAT,0,0,1
EOC2_PBMC_cell_GTGCTTCCAAGGGTCA,0,0,0
EOC2_PBMC_cell_ATCTACTAGACTAGAT,0,0,0
EOC2_PBMC_cell_TGCTACCAGCCAGGAT,0,0,0
EOC2_PBMC_cell_GTTTCTAAGTGCAAGC,0,0,0
EOC2_PBMC_cell_GTTCATTTCTCTAGGA,0,0,0
EOC2_PBMC_cell_GAGTCCGAGTACGACG,0,0,0
EOC2_PBMC_cell_ACCCACTCATTACCTT,0,0,0
EOC2_PBMC_cell_GTACTCCGTCGTCTTC,0,0,0
EOC2_PBMC_cell_TAGACCATCTGCAGTA,0,0,0
EOC2_PBMC_cell_TGTCCCACATACTACG,0,0,0
EOC2_PBMC_cell_CACTCCAGTCTCGTTC,0,0,0
EOC2_PBMC_cell_AACTCCCCACCACCAG,0,0,0
EOC2_PBMC_cell_GATCAGTCAAGTAATG,0,0,0
EOC2_PBMC_cell_GAATAAGGTTCACGGC,0,0,0
EOC2_PBMC_cell_CAGGTGCGTAGCGCTC,0,0,0
EOC2_PBMC_cell_ACAGCCGAGCCAGTAG,0,0,0
EOC2_PBMC_cell_TGTATTCCACGGACAA,0,0,0
EOC2_PBMC_cell_AATCCAGTCATGTGGT,0,0,0
EOC2_PBMC_cell_CGAGAAGAGTGGCACA,0,0,0
EOC2_PBMC_cell_CGATGGCGTACCCAAT,0,0,0
EOC2_PBMC_cell_CCTACCAGTGTGAAAT,0,0,0
EOC2_PBMC_cell_TCCACACTCTTGTCAT,0,0,0
EOC2_PBMC_cell_AACTCCCTCTGGTTCC,0,0,0
EOC2_PBMC_cell_GCTCCTAAGAGCCCAA,0,0,0
EOC2_PBMC_cell_GGATTACCATGGTTGT,0,0,0
EOC2_PBMC_cell_TCGAGGCAGAATCTCC,0,0,0
EOC2_PBMC_cell_CATATTCCAACGATCT,0,0,0
EOC2_PBMC_cell_TGGGAAGTCAGGCAAG,0,0,0
EOC2_PBMC_cell_TCAGCAAGTTCAGCGC,0,0,0
EOC2_PBMC_cell_AACTCAGAGTTGCAGG,0,0,0
EOC2_PBMC_cell_CACATAGCACAGAGGT,0,0,0
EOC2_PBMC_cell_TACTCGCGTCTAGTGT,0,0,0
EOC2_PBMC_cell_CTCTGGTCAAGTCATC,0,0,0
EOC2_PBMC_cell_AAAGATGTCCTTAATC,0,0,0
EOC2_PBMC_cell_TATCTCAAGCGTAGTG,0,0,0
EOC2_PBMC_cell_GGTATTGCAAACGTGG,0,0,0
EOC2_PBMC_cell_TTGCCGTTCCGCGCAA,0,0,0
EOC2_PBMC_cell_TGCCAAATCAATAAGG,0,0,0
EOC2_PBMC_cell_AGGTCATCATTTGCTT,0,0,1
EOC2_PBMC_cell_TGTTCCGTCTTTCCTC,0,0,0
EOC2_PBMC_cell_TGCCCATCAGACTCGC,0,0,0
EOC2_PBMC_cell_AAGGAGCCAGACGCCT,0,0,0
EOC2_PBMC_cell_CTAATGGGTTGTACAC,0,0,0
EOC2_PBMC_cell_TTCTCCTGTTACCAGT,0,0,0
EOC2_PBMC_cell_TTATGCTTCTTGGGTA,0,0,0
EOC2_PBMC_cell_CGCCAAGAGATCTGCT,0,0,0
EOC2_PBMC_cell_CTGCGGATCAGCACAT,0,0,0
EOC2_PBMC_cell_CAACCAATCCACGTTC,0,0,0
EOC2_PBMC_cell_TTAGGCAAGACCTAGG,0,0,0
EOC2_PBMC_cell_CTTTGCGGTTAGTGGG,0,0,0
EOC2_PBMC_cell_GCTGCTTAGTATCGAA,0,0,0
EOC2_PBMC_cell_GTACTCCCACCAGGCT,0,0,0
EOC2_PBMC_cell_AACCGCGAGAACTGTA,0,0,0
EOC2_PBMC_cell_CTGAAGTCAACACCTA,0,0,0
EOC2_PBMC_cell_CGGGTCATCATCTGTT,0,0,0
EOC2_PBMC_cell_CGTCAGGCAGGGTATG,0,0,0
EOC2_PBMC_cell_TGTGGTAGTACAGCAG,0,0,0
EOC2_PBMC_cell_CCCTCCTTCAGCTCTC,0,0,0
EOC2_PBMC_cell_GATCAGTCAACACCTA,0,0,0
EOC2_PBMC_cell_AAAGCAAGTCGGCACT,0,0,0
EOC2_PBMC_cell_TCCACACCACGGCCAT,0,0,0
EOC2_PBMC_cell_AACGTTGCACGAAAGC,0,0,0
EOC2_PBMC_cell_AGGCCGTAGCGATGAC,0,0,0
EOC2_PBMC_cell_GCTCCTAGTAGGGACT,0,0,0
EOC2_PBMC_cell_GTAACGTAGTATCGAA,0,0,0
EOC2_PBMC_cell_GTTAAGCCAGCATGAG,0,0,0
EOC2_PBMC_cell_CCTACCACAGACGCCT,0,0,0
EOC2_PBMC_cell_CGTCAGGCAATAGAGT,0,0,0
EOC2_PBMC_cell_GTTTCTATCATTGCGA,0,0,0
EOC2_PBMC_cell_CCTATTATCCGCAAGC,0,0,0
EOC2_PBMC_cell_GGAATAATCTGCGTAA,0,0,0
EOC2_PBMC_cell_GGGCATCCATGGTCTA,0,0,0
EOC2_PBMC_cell_AGGGAGTAGCCAGTTT,0,0,0
EOC2_PBMC_cell_CGACCTTAGCCACCTG,0,0,0
EOC2_PBMC_cell_TTCTCAACAGCCAGAA,0,0,0
EOC2_PBMC_cell_CTCGTCATCACAAACC,0,0,0
EOC2_PBMC_cell_TGCCCTAGTAGCAAAT,0,0,0
EOC2_PBMC_cell_GCATGCGAGGACGAAA,0,0,0
EOC2_PBMC_cell_GTACTTTTCCACGACG,0,0,0
EOC2_PBMC_cell_TACGGTACAAGCCGTC,0,0,0
EOC2_PBMC_cell_AGATTGCGTTCTGAAC,0,0,0
EOC2_PBMC_cell_AACTCCCAGACGCAAC,0,0,0
EOC2_PBMC_cell_GGGAGATTCCTCGCAT,0,0,0
EOC2_PBMC_cell_CATATTCGTTAGGGTG,0,0,0
EOC2_PBMC_cell_GCATACAAGGATCGCA,0,0,0
EOC2_PBMC_cell_CGGAGCTTCCTCCTAG,0,0,0
EOC2_PBMC_cell_CTACATTGTGGCCCTA,0,0,0
EOC2_PBMC_cell_CTGTGCTCAAGTCTGT,0,0,0
EOC2_PBMC_cell_GTTCGGGTCGTGGTCG,0,0,0
EOC2_PBMC_cell_GTATTCTAGACAGGCT,0,0,0
EOC2_PBMC_cell_GATCGTATCGAATGCT,0,0,0
EOC2_PBMC_cell_TCGGTAACACATTAGC,0,0,0
EOC2_PBMC_cell_CCATGTCTCTACTATC,0,0,0
EOC2_PBMC_cell_AGCTCTCTCTACTCAT,0,0,0
EOC2_PBMC_cell_CCTAAAGAGGGTGTGT,0,0,0
EOC2_PBMC_cell_CACACCTTCAGCGATT,0,0,0
EOC2_PBMC_cell_GTTCTCGAGCCGTCGT,0,0,0
EOC2_PBMC_cell_GATGAAACAAGCCATT,0,0,0
EOC2_PBMC_cell_GGGATGACAATAAGCA,0,0,0
EOC2_PBMC_cell_CAACCAAGTGAAATCA,0,0,0
EOC2_PBMC_cell_AGGCCACCAAGGTTTC,0,0,0
EOC2_PBMC_cell_GACCTGGTCACATACG,0,0,0
EOC2_PBMC_cell_CCCTCCTGTAAAGTCA,0,0,0
EOC2_PBMC_cell_CATTATCGTCGAGATG,0,0,0
EOC2_PBMC_cell_CCTTACGAGAGTTGGC,0,0,0
EOC2_PBMC_cell_GGGAGATAGATGGCGT,0,0,0
EOC2_PBMC_cell_ATCGAGTCACAGATTC,0,0,0
EOC2_PBMC_cell_TCAACGATCCACTGGG,0,0,0
EOC2_PBMC_cell_CTGGTCTGTCGCATCG,0,0,0
EOC2_PBMC_cell_AAGGTTCAGGAGCGTT,0,0,1
EOC2_PBMC_cell_TTGCGTCAGAGTACAT,0,0,0
EOC2_PBMC_cell_CAGAATCCATGTTGAC,0,0,0
EOC2_PBMC_cell_AGGGAGTAGGGTTCCC,0,0,0
EOC2_PBMC_cell_TCTGGAAAGACACGAC,0,0,0
EOC2_PBMC_cell_GTTCGGGCATTAACCG,0,0,0
EOC2_PBMC_cell_GAGTCCGCATGACATC,0,0,0
EOC2_PBMC_cell_TCTGAGAGTTTCGCTC,0,0,1
EOC2_PBMC_cell_GGGCACTGTGTTTGGT,0,0,0
EOC2_PBMC_cell_CGAACATTCAGGCCCA,0,0,0
EOC2_PBMC_cell_GATCGTACAATCTACG,0,0,0
EOC2_PBMC_cell_TTCCCAGTCTTGAGAC,0,0,0
EOC2_PBMC_cell_CTACACCCATAAGACA,0,0,0
EOC2_PBMC_cell_TGTATTCGTACAGACG,0,0,0
EOC2_PBMC_cell_TAGTTGGTCAGCGATT,0,0,0
EOC2_PBMC_cell_GTCACAATCGCTGATA,0,0,0
EOC2_PBMC_cell_CGTTGGGAGCCGCCTA,0,0,0
EOC2_PBMC_cell_GCTCTGTCAATGAAAC,0,0,0
EOC2_PBMC_cell_CGGGTCATCTAACCGA,0,0,0
EOC2_PBMC_cell_AGGGTGACATATACGC,0,0,0
EOC2_PBMC_cell_GTGCTTCGTCCTCCAT,0,0,1
EOC2_PBMC_cell_CGTAGCGAGACAGGCT,0,0,0
EOC2_PBMC_cell_TGCGCAGCATGCCTTC,0,0,0
EOC2_PBMC_cell_CGCCAAGAGAAGAAGC,0,0,0
EOC2_PBMC_cell_CGGACGTTCAGCGATT,0,0,1
EOC2_PBMC_cell_ACACCGGCAAAGAATC,0,0,0
EOC2_PBMC_cell_ACGATGTGTCTGATTG,0,0,0
EOC2_PBMC_cell_TGACTAGCACACATGT,0,0,0
EOC2_PBMC_cell_GGACGTCCAGGGAGAG,0,0,0
EOC2_PBMC_cell_GATGCTATCATAACCG,0,0,0
EOC2_PBMC_cell_AAGGCAGGTAGCTGCC,0,0,1
EOC2_PBMC_cell_TTAACTCAGTTAAGTG,0,0,0
EOC2_PBMC_cell_CACATAGAGCTGTTCA,0,0,0
EOC2_PBMC_cell_AGGTCCGAGCCGGTAA,0,0,0
EOC2_PBMC_cell_TACCTATAGTTCGATC,0,0,0
EOC2_PBMC_cell_CAACCTCGTCCAGTGC,0,0,0
EOC2_PBMC_cell_ATGTGTGGTCTCTTAT,0,0,0
EOC2_PBMC_cell_CATTATCAGGACATTA,0,0,0
EOC2_PBMC_cell_TACAGTGCACCGCTAG,0,0,0
EOC2_PBMC_cell_GCTCCTATCCCATTAT,0,0,0
EOC2_PBMC_cell_AGACGTTTCCGTAGGC,0,0,0
EOC2_PBMC_cell_CACCACTCACCTCGTT,0,0,0
EOC2_PBMC_cell_CCACCTAGTTGATTCG,0,0,0
EOC2_PBMC_cell_CCGTGGAAGTAGTGCG,0,0,0
EOC2_PBMC_cell_GTGCGGTGTCCAGTTA,0,0,0
EOC2_PBMC_cell_GTTACAGTCCCATTAT,0,0,0
EOC2_PBMC_cell_GTATTCTCACACCGAC,0,0,0
EOC2_PBMC_cell_AGCGTCGTCTACCAGA,0,0,1
EOC2_PBMC_cell_CAGAATCCAGGGTACA,0,0,0
EOC2_PBMC_cell_ACATACGTCTTTAGGG,0,0,0
EOC2_PBMC_cell_CTAACTTAGGATCGCA,0,0,0
EOC2_PBMC_cell_CAGCAGCAGCAATATG,0,0,0
EOC2_PBMC_cell_TACTTACGTATCACCA,0,0,0
EOC2_PBMC_cell_TTTGCGCCAGTCCTTC,0,0,0
EOC2_PBMC_cell_ACTGCTCTCCACGTGG,0,0,0
EOC2_PBMC_cell_ACACCGGGTATAGGGC,0,0,0
EOC2_PBMC_cell_TGGGAAGCAAGTCTAC,0,0,0
EOC2_PBMC_cell_CGATCGGAGCGACGTA,0,0,0
EOC2_PBMC_cell_ACACCGGTCAAGAAGT,0,0,0
EOC2_PBMC_cell_AGGCCGTTCACTGGGC,0,0,0
EOC2_PBMC_cell_GCAATCATCGAATGCT,0,0,0
EOC2_PBMC_cell_ACCCACTTCACGCATA,0,0,0
EOC2_PBMC_cell_TCTCTAAGTGTAACGG,0,0,0
EOC2_PBMC_cell_TCAGGATCAAACGTGG,0,0,0
EOC2_PBMC_cell_ACATGGTAGTGAAGAG,0,0,0
EOC2_PBMC_cell_CGAGAAGCAAACGCGA,0,0,0
EOC2_PBMC_cell_CGTGAGCCATATACGC,0,0,0
EOC2_PBMC_cell_CTAGCCTAGGGATACC,0,0,0
EOC2_PBMC_cell_AGATTGCTCGCCAAAT,0,0,0
EOC2_PBMC_cell_GTTCTCGAGTCATCCA,0,0,0
EOC2_PBMC_cell_AACTCAGCATCCCATC,0,0,0
EOC2_PBMC_cell_TCTGGAAGTATATGAG,0,0,0
EOC2_PBMC_cell_GGCCGATTCCCGGATG,0,0,0
EOC2_PBMC_cell_GCATGATAGTGACATA,0,0,0
EOC2_PBMC_cell_TCAGCTCGTGTCTGAT,0,0,0
EOC2_PBMC_cell_CGTTAGACAGCTGTTA,0,0,0
EOC2_PBMC_cell_CACACCTTCAGCCTAA,0,0,0
EOC2_PBMC_cell_AACTGGTAGCCTCGTG,0,0,0
EOC2_PBMC_cell_GTCACGGTCAGAGCTT,0,0,0
EOC2_PBMC_cell_CTCGGGATCTAGAGTC,0,0,0
EOC2_PBMC_cell_ATGTGTGGTACGACCC,0,0,0
EOC2_PBMC_cell_CCACCTAGTCTGATCA,0,0,0
EOC2_PBMC_cell_GGAATAAGTTCGCTAA,0,0,0
EOC2_PBMC_cell_CGTAGGCCAATAACGA,0,0,0
EOC2_PBMC_cell_GAGCAGAGTAGAAAGG,0,0,0
EOC2_PBMC_cell_TAAGAGAAGATGTGGC,0,0,0
EOC2_PBMC_cell_GGACAGACACGCCAGT,0,0,0
EOC2_PBMC_cell_CGTTGGGTCAGTCAGT,0,0,0
EOC2_PBMC_cell_TGGGCGTGTCTAGTGT,0,0,0
EOC2_PBMC_cell_GGCTCGACATGGTAGG,0,0,0
EOC2_PBMC_cell_ATCTGCCCATACCATG,0,0,0
EOC2_PBMC_cell_CGCTTCAGTTCCACAA,0,0,0
EOC2_PBMC_cell_AACACGTAGATCGGGT,0,0,0
EOC2_PBMC_cell_TGACAACAGAGCTGGT,0,0,0
EOC2_PBMC_cell_CATGCCTAGTAGATGT,0,0,0
EOC2_PBMC_cell_TGAGGGAGTGAGTATA,0,0,0
EOC2_PBMC_cell_AAAGCAAAGATGTTAG,0,0,0
EOC2_PBMC_cell_ATGTGTGCATTAGGCT,0,0,0
EOC2_PBMC_cell_CCACGGACAGACTCGC,0,0,0
EOC2_PBMC_cell_TCTATTGGTTTCGCTC,0,0,0
EOC2_PBMC_cell_GGTGCGTTCTGCGTAA,0,0,0
EOC2_PBMC_cell_CCAATCCTCCAAGTAC,0,0,0
EOC2_PBMC_cell_CTCGAGGTCCACGTGG,0,0,0
EOC2_PBMC_cell_TTTGGTTCAGGTTTCA,0,0,0
EOC2_PBMC_cell_ATCATGGCAACTGCTA,0,0,0
EOC2_PBMC_cell_CTGTTTATCATAGCAC,0,0,0
EOC2_PBMC_cell_ATTCTACAGATGTTAG,0,0,0
EOC2_PBMC_cell_AACCATGAGACCTTTG,0,0,0
EOC2_PBMC_cell_CTTACCGCACCGGAAA,0,0,0
EOC2_PBMC_cell_CGGGTCACAGGCGATA,0,0,0
EOC2_PBMC_cell_ATTCTACAGCTAACTC,0,0,0
EOC2_PBMC_cell_AAGTCTGAGGGTTTCT,0,0,0
EOC2_PBMC_cell_GCATACAGTTACAGAA,0,0,0
EOC2_PBMC_cell_GCCTCTAGTTGATTGC,0,0,0
EOC2_PBMC_cell_CAGATCATCGAATCCA,0,0,0
EOC2_PBMC_cell_CAGATCAGTCCCGACA,0,0,0
EOC2_PBMC_cell_GCGAGAATCATGCAAC,0,0,0
EOC2_PBMC_cell_CGTTGGGCAGCTGCTG,0,0,0
EOC2_PBMC_cell_CTACGTCGTAGCCTAT,0,0,0
EOC2_PBMC_cell_AGTGAGGGTTTCCACC,0,0,0
EOC2_PBMC_cell_ACACTGACACATCCAA,0,0,0
EOC2_PBMC_cell_ACATCAGAGGGTGTGT,0,0,0
EOC2_PBMC_cell_AACGTTGCATCACAAC,0,0,0
EOC2_PBMC_cell_ATCACGACAGTTAACC,0,0,0
EOC2_PBMC_cell_TGGTTAGCAAGCCGCT,0,0,0
EOC2_PBMC_cell_GAGCAGACACAGGCCT,0,0,0
EOC2_PBMC_cell_GAGGTGATCGGTGTTA,0,0,0
EOC2_PBMC_cell_CGACTTCCAAGTCTGT,0,0,0
EOC2_PBMC_cell_CCTAAAGTCAGGTAAA,0,0,1
EOC2_PBMC_cell_AGGGAGTCAAATTGCC,0,0,0
EOC2_PBMC_cell_CTAGAGTAGAATGTGT,0,0,0
EOC2_PBMC_cell_CCGTACTGTCGAGATG,0,0,0
EOC2_PBMC_cell_ACATGGTTCGTTTATC,0,0,0
EOC2_PBMC_cell_TGCTGCTGTACCTACA,0,0,0
EOC2_PBMC_cell_GTCACAACAGTGACAG,0,0,0
EOC2_PBMC_cell_CTGAAACTCGCATGGC,0,0,0
EOC2_PBMC_cell_CTCGAGGCAGGGATTG,0,0,0
EOC2_PBMC_cell_GTCGGGTAGCTACCTA,0,0,0
EOC2_PBMC_cell_TCGAGGCGTCTCACCT,0,0,0
EOC2_PBMC_cell_CTTAACTCAGACAGGT,0,0,0
EOC2_PBMC_cell_CAACCTCCACATCCAA,0,0,0
EOC2_PBMC_cell_TAGAGCTCACAACGCC,0,0,0
EOC2_PBMC_cell_AACCATGTCAACGGGA,0,0,0
EOC2_PBMC_cell_ATCCGAATCACTCCTG,0,0,0
EOC2_PBMC_cell_TCCACACTCCAGGGCT,0,0,0
EOC2_PBMC_cell_GTACTTTCATCCCACT,0,0,0
EOC2_PBMC_cell_ACTATCTGTGTTAAGA,0,0,0
EOC2_PBMC_cell_TACGGATCATGGTCTA,0,0,0
EOC2_PBMC_cell_TGGCTGGCAGCGTCCA,0,0,0
EOC2_PBMC_cell_TGCTGCTAGACTTGAA,0,0,0
EOC2_PBMC_cell_CGACTTCGTAGCGATG,0,0,0
EOC2_PBMC_cell_TGCCCTAGTGATGTGG,0,0,0
EOC2_PBMC_cell_ATGCGATTCCATTCTA,0,0,0
EOC2_PBMC_cell_AGCGGTCAGCGTAATA,0,0,0
EOC2_PBMC_cell_GATGAGGCATTGGCGC,0,0,0
EOC2_PBMC_cell_GAGGTGACAATGGTCT,0,0,0
EOC2_PBMC_cell_CCACTACCATTCCTCG,0,0,0
EOC2_PBMC_cell_ACGATGTAGTGGACGT,0,0,0
EOC2_PBMC_cell_GTTCTCGTCCGGCACA,0,0,0
EOC2_PBMC_cell_TGTCCCATCAGGATCT,0,0,0
EOC2_PBMC_cell_GTATCTTTCGACCAGC,0,0,0
EOC2_PBMC_cell_TGCTGCTAGATATACG,0,0,0
EOC2_PBMC_cell_ATAAGAGAGTCCTCCT,0,0,0
EOC2_PBMC_cell_AAGGAGCAGCTAGTTC,0,0,0
EOC2_PBMC_cell_AACTTTCGTGTGACCC,0,0,0
EOC2_PBMC_cell_GATCGATTCACAAACC,0,0,0
EOC2_PBMC_cell_AGGGAGTTCATGTGGT,0,0,0
EOC2_PBMC_cell_ATCTACTTCATCGGAT,0,0,0
EOC2_PBMC_cell_CGATTGAAGCTAAACA,0,0,0
EOC2_PBMC_cell_GTAACGTCATGCAATC,0,0,0
EOC2_PBMC_cell_TACCTATAGATCTGCT,0,0,0
EOC2_PBMC_cell_CCTTCCCCACAACTGT,0,0,0
EOC2_PBMC_cell_CTCGTCATCCGTTGCT,0,0,0
EOC2_PBMC_cell_CGAGAAGCAGCCACCA,0,0,0
EOC2_PBMC_cell_CTGTTTAGTTACGACT,0,0,0
EOC2_PBMC_cell_CCACTACTCCGAAGAG,0,0,0
EOC2_PBMC_cell_GACTGCGCAGCGTTCG,0,0,0
EOC2_PBMC_cell_CTGGTCTGTACAGTTC,0,0,0
EOC2_PBMC_cell_CGAACATGTACATCCA,0,0,0
EOC2_PBMC_cell_ACGTCAATCGTGTAGT,0,0,0
EOC2_PBMC_cell_TGACGGCGTCAATACC,0,0,0
EOC2_PBMC_cell_TGAGGGACATCAGTCA,0,0,0
EOC2_PBMC_cell_CAGGTGCTCTACTTAC,0,0,0
EOC2_PBMC_cell_GAACATCAGAAGGCCT,0,0,0
EOC2_PBMC_cell_TACGGATCAGGATTGG,0,0,0
EOC2_PBMC_cell_CGCGTTTTCACAGGCC,0,0,0
EOC2_PBMC_cell_CGTTCTGCACATAACC,0,0,0
EOC2_PBMC_cell_AGCTCCTCAAGTTAAG,0,0,0
EOC2_PBMC_cell_AGAATAGGTCGCGTGT,0,0,0
EOC2_PBMC_cell_ATAGACCCATTTCAGG,0,0,0
EOC2_PBMC_cell_CAAGGCCTCACAATGC,0,0,0
EOC2_PBMC_cell_CCACTACGTGCCTGGT,0,0,0
EOC2_PBMC_cell_GCTGGGTGTAAGTGTA,0,0,0
EOC2_PBMC_cell_TCTTTCCGTCCGCTGA,0,0,0
EOC2_PBMC_cell_ACGAGGATCAACTCTT,0,0,0
EOC2_PBMC_cell_AACTCAGTCTCTGCTG,0,0,0
EOC2_PBMC_cell_TCGCGTTCAATAAGCA,0,0,0
EOC2_PBMC_cell_GGGATGAGTCCGTGAC,0,0,0
EOC2_PBMC_cell_ACTGATGAGTGGGCTA,0,0,0
EOC2_PBMC_cell_CCTAAAGAGGCTATCT,0,0,0
EOC2_PBMC_cell_CAGCTAAGTTCCAACA,0,0,0
EOC2_PBMC_cell_CACTCCATCACGACTA,0,0,0
EOC2_PBMC_cell_TCGAGGCCATCAGTCA,0,0,0
EOC2_PBMC_cell_GTCAAGTCATAGGATA,0,0,0
EOC2_PBMC_cell_GGGTCTGCACGGACAA,0,0,0
EOC2_PBMC_cell_GCGCAGTAGCAGGCTA,0,0,0
EOC2_PBMC_cell_CTCGTCACAGCCTTGG,0,0,0
EOC2_PBMC_cell_TGCCCTAAGTAGATGT,0,0,0
EOC2_PBMC_cell_ATTACTCCACCATGTA,0,0,0
EOC2_PBMC_cell_AGCTTGAGTCGTGGCT,0,0,0
EOC2_PBMC_cell_GGAATAACATGAGCGA,0,0,0
EOC2_PBMC_cell_CGCTTCAAGGGTTTCT,0,0,0
EOC2_PBMC_cell_CAGCGACAGAGGACGG,0,0,0
EOC2_PBMC_cell_GACGGCTAGATGTTAG,0,0,0
EOC2_PBMC_cell_AGCCTAACAAGCCGTC,0,0,0
EOC2_PBMC_cell_CCTTACGCAAGCGATG,0,0,0
EOC2_PBMC_cell_CTCTGGTTCAGGCGAA,0,0,0
EOC2_PBMC_cell_CGTGTAATCGATAGAA,0,0,0
EOC2_PBMC_cell_GCGCAGTAGGTGATAT,0,0,0
EOC2_PBMC_cell_TCCCGATCATAGAAAC,0,0,0
EOC2_PBMC_cell_CTCTGGTCACGACGAA,0,0,0
EOC2_PBMC_cell_GTAACTGGTCTTCTCG,0,0,0
EOC2_PBMC_cell_TACTTACCATGCGCAC,0,0,0
EOC2_PBMC_cell_ATTACTCAGTGTACTC,0,0,0
EOC2_PBMC_cell_GATGAAAAGCCGGTAA,0,0,0
EOC2_PBMC_cell_CGTTAGAGTGCTCTTC,0,0,0
EOC2_PBMC_cell_CGAGCACGTGGTTTCA,0,0,0
EOC2_PBMC_cell_CATTATCAGCTGGAAC,0,0,0
EOC2_PBMC_cell_AACCGCGAGTCAAGGC,0,0,0
EOC2_PBMC_cell_GACGCGTAGTTTGCGT,0,0,0
EOC2_PBMC_cell_GTCACGGCAAGTAATG,0,0,0
EOC2_PBMC_cell_TGTCCCAGTCGCTTTC,0,0,0
EOC2_PBMC_cell_TTAGGACAGAGTAAGG,0,0,0
EOC2_PBMC_cell_CGTGAGCAGGATGGAA,0,0,0
EOC2_PBMC_cell_TACTTGTTCATGTAGC,0,0,0
EOC2_PBMC_cell_GATGAAACAGCTGCTG,0,0,0
EOC2_PBMC_cell_GGGACCTAGAATCTCC,0,0,0
EOC2_PBMC_cell_AGGGATGCACGGTAGA,0,0,0
EOC2_PBMC_cell_CACATAGTCGGGAGTA,0,0,0
EOC2_PBMC_cell_CATGACATCGGTCCGA,0,0,0
EOC2_PBMC_cell_ATGAGGGGTTCTGGTA,0,0,0
EOC2_PBMC_cell_CGTGTAACATGAGCGA,0,0,0
EOC2_PBMC_cell_CGTGTCTTCGTAGGTT,0,0,0
EOC2_PBMC_cell_TCGAGGCAGCTACCTA,0,0,0
EOC2_PBMC_cell_CTTACCGGTGTAACGG,0,0,0
EOC2_PBMC_cell_TCAGGTATCTGCCCTA,0,0,0
EOC2_PBMC_cell_GTCTCGTCAGCTGTTA,0,0,0
EOC2_PBMC_cell_CCTACCAGTAGCGATG,0,0,0
EOC2_PBMC_cell_CAACTAGAGCGTGAGT,0,0,0
EOC2_PBMC_cell_ATTTCTGTCGTCCGTT,0,0,1
EOC2_PBMC_cell_ACGAGCCTCATAGCAC,0,0,0
EOC2_PBMC_cell_TGCCCTACAACACCCG,0,0,0
EOC2_PBMC_cell_GACGTTAGTTCGCGAC,0,0,0
EOC2_PBMC_cell_ATTACTCTCCAGGGCT,0,0,0
EOC2_PBMC_cell_CGATCGGTCTTGTTTG,0,0,0
EOC2_PBMC_cell_CATCAAGAGATCCCAT,0,0,0
EOC2_PBMC_cell_TGACTAGTCTTTAGTC,0,0,0
EOC2_PBMC_cell_CACATTTCACGAAACG,0,0,0
EOC2_PBMC_cell_AGTGGGAAGGCTAGGT,0,0,0
EOC2_PBMC_cell_GAATAAGCAAAGCGGT,0,0,0
EOC2_PBMC_cell_GCAATCAGTCTCTTAT,0,0,0
EOC2_PBMC_cell_TGCTGCTGTCTAGCCG,0,0,0
EOC2_PBMC_cell_GGGCACTGTAGCAAAT,0,0,0
EOC2_PBMC_cell_CATCGAACACATTAGC,0,0,0
EOC2_PBMC_cell_CGGGTCACAGCATGAG,0,0,0
EOC2_PBMC_cell_TGGCCAGAGAAACCAT,0,0,0
EOC2_PBMC_cell_GCGAGAAGTTCTGAAC,0,0,0
EOC2_PBMC_cell_CACCAGGCACTTAACG,0,0,0
EOC2_PBMC_cell_CGCGTTTAGCTTATCG,0,0,0
EOC2_PBMC_cell_GCGCAACGTTGTGGCC,0,0,0
EOC2_PBMC_cell_ACGCCGACACATCTTT,0,0,0
EOC2_PBMC_cell_CATGCCTTCCATGAAC,0,0,0
EOC2_PBMC_cell_TAGGCATAGAAGGTTT,0,0,0
EOC2_PBMC_cell_GCGCGATAGTTCCACA,0,0,0
EOC2_PBMC_cell_CACAGGCAGAGCTGCA,0,0,0
EOC2_PBMC_cell_TAAGTGCCAATAGCGG,0,0,0
EOC2_PBMC_cell_TACGGATTCTCCGGTT,0,0,0
EOC2_PBMC_cell_TCAGCAACAGACGCAA,0,0,0
EOC2_PBMC_cell_CTAATGGAGCGTAATA,0,0,0
EOC2_PBMC_cell_CTCTAATGTCGGGTCT,0,0,0
EOC2_PBMC_cell_GTTCTCGGTTAAGACA,0,0,0
EOC2_PBMC_cell_GCACTCTCAACACCTA,0,0,0
EOC2_PBMC_cell_TAGCCGGTCCACTGGG,0,0,0
EOC2_PBMC_cell_CCTCTGAGTAGGCTGA,0,0,0
EOC2_PBMC_cell_GGTGAAGGTCTGCGGT,0,0,0
EOC2_PBMC_cell_AGTGTCAGTTGATTCG,0,0,0
EOC2_PBMC_cell_CGCTTCATCGATCCCT,0,0,0
EOC2_PBMC_cell_TATCAGGTCGCCTGAG,0,0,0
EOC2_PBMC_cell_CGACTTCAGGAACTGC,0,0,0
EOC2_PBMC_cell_ACATGGTAGTTGCAGG,0,0,0
EOC2_PBMC_cell_CGTAGGCGTCCAGTTA,0,0,0
EOC2_PBMC_cell_CGGCTAGCATTTCAGG,0,0,0
EOC2_PBMC_cell_ACGGAGAAGCTCCTTC,0,0,0
EOC2_PBMC_cell_TACACGACATCGGTTA,0,0,0
EOC2_PBMC_cell_ATTCTACAGGTCGGAT,0,0,0
EOC2_PBMC_cell_TCAGGTAGTGCTCTTC,0,0,0
EOC2_PBMC_cell_GGTGAAGTCCAAAGTC,0,0,0
EOC2_PBMC_cell_CCTAGCTGTCATATGC,0,0,0
EOC2_PBMC_cell_GTTACAGGTTCCACTC,0,0,0
EOC2_PBMC_cell_GAACATCCAAGTACCT,0,0,0
EOC2_PBMC_cell_CTCGGGACAGCTGCAC,0,0,0
EOC2_PBMC_cell_CGTTGGGAGGCTAGAC,0,0,0
EOC2_PBMC_cell_AACTCAGTCCAAGCCG,0,0,0
EOC2_PBMC_cell_CGAACATGTCAGGACA,0,0,0
EOC2_PBMC_cell_GTGCTTCTCCTCAATT,0,0,0
EOC2_PBMC_cell_CATATTCTCCATTCTA,0,0,0
EOC2_PBMC_cell_CTGCCTAAGTGGGTTG,0,0,0
EOC2_PBMC_cell_CAGCTAAGTCTAAAGA,0,0,0
EOC2_PBMC_cell_CGTTGGGTCTTGTTTG,0,0,0
EOC2_PBMC_cell_CCATGTCCAAGGACAC,0,0,0
EOC2_PBMC_cell_TGACTTTTCAGCATGT,0,0,0
EOC2_PBMC_cell_ACTATCTAGATGCGAC,0,0,0
EOC2_PBMC_cell_TCGCGTTGTACCGGCT,0,0,0
EOC2_PBMC_cell_GATCGATAGCTCCTTC,0,0,0
EOC2_PBMC_cell_AACTTTCTCCTCTAGC,0,0,0
EOC2_PBMC_cell_CTGTGCTTCTCAACTT,0,0,0
EOC2_PBMC_cell_CTCGTCATCCGCTGTT,0,0,0
EOC2_PBMC_cell_AACCGCGAGACTTGAA,0,0,0
EOC2_PBMC_cell_ACCAGTAAGCCCAGCT,0,0,0
EOC2_PBMC_cell_GTAACTGGTGTTGAGG,0,0,0
EOC2_PBMC_cell_GCAGTTAAGTTGTCGT,0,0,0
EOC2_PBMC_cell_TGGCGCAAGTGCTGCC,0,0,0
EOC2_PBMC_cell_TGCTACCAGTGTCCCG,0,0,0
EOC2_PBMC_cell_AGCATACAGACAAGCC,0,0,0
EOC2_PBMC_cell_GTAACGTAGTTATCGC,0,0,0
EOC2_PBMC_cell_CAGTCCTGTAGCTAAA,0,0,0
EOC2_PBMC_cell_AGGCCGTAGCTAAACA,0,0,0
EOC2_PBMC_cell_CGTCAGGGTAAGCACG,0,0,0
EOC2_PBMC_cell_TCTGGAAAGATTACCC,0,0,0
EOC2_PBMC_cell_CTTGGCTGTACGACCC,0,0,0
EOC2_PBMC_cell_AGCTCTCCAGGAATGC,0,0,0
EOC2_PBMC_cell_GCAGCCACAGTAAGCG,0,0,0
EOC2_PBMC_cell_GCATGATGTGCAACTT,0,0,0
EOC2_PBMC_cell_CTCTAATAGACTGGGT,0,0,0
EOC2_PBMC_cell_TGAGAGGCAAGCGAGT,0,0,0
EOC2_PBMC_cell_GCTGCTTGTAATAGCA,0,0,0
EOC2_PBMC_cell_AAGGAGCAGTACACCT,0,0,0
EOC2_PBMC_cell_CTCGGGACAAGTAATG,0,0,0
EOC2_PBMC_cell_GATCGATTCGATAGAA,0,0,0
EOC2_PBMC_cell_TGTCCCAAGTAGGTGC,0,0,0
EOC2_PBMC_cell_GTCACGGGTGGAAAGA,0,0,0
EOC2_PBMC_cell_AGTAGTCGTTGATTCG,0,0,0
EOC2_PBMC_cell_ATCACGAGTCCTCCAT,0,0,0
EOC2_PBMC_cell_ATAAGAGTCGCTTAGA,0,0,0
EOC2_PBMC_cell_AGTTGGTAGAGGGATA,0,0,0
EOC2_PBMC_cell_ATCATCTGTAGCGTCC,0,0,0
EOC2_PBMC_cell_ACGAGGAGTTCTCATT,0,0,0
EOC2_PBMC_cell_GGGTCTGCAATCCAAC,0,0,0
EOC2_PBMC_cell_TGGTTAGGTTCCAACA,0,0,0
EOC2_PBMC_cell_TTTACTGAGGGATACC,0,0,0
EOC2_PBMC_cell_GTTAAGCTCTCAAACG,0,0,0
EOC2_PBMC_cell_CGCTATCGTTGAACTC,0,0,0
EOC2_PBMC_cell_AGGTCATGTTATCACG,0,0,0
EOC2_PBMC_cell_CAGCTAACACCGATAT,0,0,0
EOC2_PBMC_cell_TTGTAGGGTAAGTTCC,0,0,0
EOC2_PBMC_cell_TTGCCGTAGAAACGAG,0,0,0
EOC2_PBMC_cell_TGAAAGATCCTGTAGA,0,0,0
EOC2_PBMC_cell_GTGTTAGCACTGTGTA,0,0,0
EOC2_PBMC_cell_TGCGTGGCATGGTAGG,0,0,0
EOC2_PBMC_cell_AATCGGTCAAATACAG,0,0,0
EOC2_PBMC_cell_TTCTACAAGCGTTTAC,0,0,0
EOC2_PBMC_cell_CATCCACAGCGATATA,0,0,0
EOC2_PBMC_cell_TCAACGACACCCATGG,0,0,0
EOC2_PBMC_cell_CTTCTCTCACGCCAGT,0,0,0
EOC2_PBMC_cell_ATTACTCTCTCCAGGG,0,0,0
EOC2_PBMC_cell_ACATACGGTAAGGGCT,0,0,0
EOC2_PBMC_cell_GCATACATCAAACAAG,0,0,0
EOC2_PBMC_cell_CAACCTCAGGAGTTGC,0,0,0
EOC2_PBMC_cell_GGAAAGCTCTTTAGTC,0,0,0
EOC2_PBMC_cell_AGCTCTCGTTCCGTCT,0,0,0
EOC2_PBMC_cell_GTTCATTCACGCATCG,0,0,0
EOC2_PBMC_cell_CATTCGCCAAACCCAT,0,0,0
EOC2_PBMC_cell_CGAGAAGCATAAGACA,0,0,0
EOC2_PBMC_cell_CCTAAAGTCTGGCGTG,0,0,0
EOC2_PBMC_cell_ACGATGTAGGCCCTTG,0,0,0
EOC2_PBMC_cell_AAGCCGCTCATAAAGG,0,0,0
EOC2_PBMC_cell_CGGACGTGTGCAGTAG,0,0,0
EOC2_PBMC_cell_ACGATACAGGCGCTCT,0,0,0
EOC2_PBMC_cell_CGCCAAGCATAAAGGT,0,0,0
EOC2_PBMC_cell_TATGCCCTCAGCGACC,0,0,0
EOC2_PBMC_cell_CATGGCGAGCCGATTT,0,0,0
EOC2_PBMC_cell_AAGCCGCGTTCACCTC,0,0,0
EOC2_PBMC_cell_ACTTGTTCAGTATCTG,0,0,0
EOC2_PBMC_cell_AATCCAGGTCTAAACC,0,0,0
EOC2_PBMC_cell_TACGGGCCAGTTAACC,0,0,0
EOC2_PBMC_cell_TTAGTTCCATGCAACT,0,0,0
EOC2_PBMC_cell_CCTTTCTCAATAGCGG,0,0,0
EOC2_PBMC_cell_GGGTTGCAGGATGGTC,0,0,0
EOC2_PBMC_cell_CCTTCCCTCGCGCCAA,0,0,0
EOC2_PBMC_cell_ATTATCCTCAAACCGT,0,0,0
EOC2_PBMC_cell_AACCATGGTCTACCTC,0,0,0
EOC2_PBMC_cell_TCTTCGGAGATGCCTT,0,0,0
EOC2_PBMC_cell_CCGGGATTCCAGAGGA,0,0,0
EOC2_PBMC_cell_ACGAGGATCAACCAAC,0,0,0
EOC2_PBMC_cell_CTGAAACCAATCTGCA,0,0,0
EOC2_PBMC_cell_ATAGACCCAAGTTCTG,0,0,0
EOC2_PBMC_cell_CTTTGCGAGCTAGTCT,0,0,0
EOC2_PBMC_cell_TCACAAGAGATCCCGC,0,0,0
EOC2_PBMC_cell_GGTGCGTGTCCATGAT,0,0,0
EOC2_PBMC_cell_GTGTGCGGTAAGTAGT,0,0,0
EOC2_PBMC_cell_GTCACGGGTTGATTCG,0,0,0
EOC2_PBMC_cell_CTGCGGAAGTCACGCC,0,0,0
EOC2_PBMC_cell_CACAAACAGAGCCTAG,0,0,1
EOC2_PBMC_cell_GACTAACAGGAGTTTA,0,0,0
EOC2_PBMC_cell_TTGAACGTCACTCTTA,0,0,0
EOC2_PBMC_cell_GCCTCTAGTGTTGAGG,0,0,0
EOC2_PBMC_cell_AAACCTGAGCGATGAC,0,0,0
EOC2_PBMC_cell_CTGCTGTGTTTAGGAA,0,0,0
EOC2_PBMC_cell_ACGCCAGAGAAGGGTA,0,0,0
EOC2_PBMC_cell_ACCCACTGTTGAGTTC,0,0,0
EOC2_PBMC_cell_AAACGGGAGCCATCGC,0,0,0
EOC2_PBMC_cell_AGGGATGTCAGCAACT,0,0,0
EOC2_PBMC_cell_TGAGAGGTCACATACG,0,0,0
EOC2_PBMC_cell_CCATTCGTCTTACCGC,0,0,0
EOC2_PBMC_cell_CTGGTCTCATATGGTC,0,0,0
EOC2_PBMC_cell_TTCGAAGGTTACGACT,0,0,0
EOC2_PBMC_cell_GCGCCAACATGCTAGT,0,0,0
EOC2_PBMC_cell_TTGGCAACAGCTATTG,0,0,0
EOC2_PBMC_cell_CACACAAAGAGTACAT,0,0,0
EOC2_PBMC_cell_GTTCGGGCACGGCGTT,0,0,0
EOC2_PBMC_cell_TCCCGATCAATCGAAA,0,0,0
EOC2_PBMC_cell_AGAATAGGTGGTCCGT,0,0,0
EOC2_PBMC_cell_ACGAGCCCAGGTTTCA,0,0,0
EOC2_PBMC_cell_GTTTCTAAGAGGACGG,0,0,0
EOC2_PBMC_cell_TAGGCATAGAGCAATT,0,0,0
EOC2_PBMC_cell_CACATAGAGGAGTAGA,0,0,0
EOC2_PBMC_cell_GAATGAAAGCTGATAA,0,0,0
EOC2_PBMC_cell_ATGTGTGGTGCGATAG,0,0,0
EOC2_PBMC_cell_GGAAAGCCAAGTTAAG,0,0,0
EOC2_PBMC_cell_AACTGGTCACGGCCAT,0,0,0
EOC2_PBMC_cell_GCAGTTAAGTGCAAGC,0,0,0
EOC2_PBMC_cell_TGACTTTGTGCTTCTC,0,0,0
EOC2_PBMC_cell_CCAATCCGTTCTCATT,0,0,0
EOC2_PBMC_cell_GCACTCTAGGATCGCA,0,0,0
EOC2_PBMC_cell_TGACAACAGATCCCAT,0,0,0
EOC2_PBMC_cell_GTCAAGTTCACTCCTG,0,0,0
EOC2_PBMC_cell_CCCAATCGTGTCCTCT,0,0,0
EOC2_PBMC_cell_AGTCTTTAGTCATCCA,0,0,0
EOC2_PBMC_cell_AAGCCGCAGTTATCGC,0,0,0
EOC2_PBMC_cell_TAGTGGTCAGTTCATG,0,0,0
EOC2_PBMC_cell_CAACTAGAGAATTGTG,0,0,0
EOC2_PBMC_cell_TACTTGTTCACAACGT,0,0,0
EOC2_PBMC_cell_ATTGGTGCATACGCTA,0,0,0
EOC2_PBMC_cell_CAGCTGGCACTCTGTC,0,0,0
EOC2_PBMC_cell_CAGCCGATCTGCTGCT,0,0,0
EOC2_PBMC_cell_CGGTTAATCCCAAGAT,0,0,0
EOC2_PBMC_cell_GGAACTTAGCGAAGGG,0,0,0
EOC2_PBMC_cell_CGCCAAGGTTAAGACA,0,0,0
EOC2_PBMC_cell_CTCAGAAAGGCTAGAC,0,0,0
EOC2_PBMC_cell_CGGACGTCAGCTCCGA,0,0,0
EOC2_PBMC_cell_CGGTTAACATGCAACT,0,0,0
EOC2_PBMC_cell_TAGACCACACGTTGGC,0,0,0
EOC2_PBMC_cell_GAATGAAAGAACAACT,0,0,0
EOC2_PBMC_cell_AACGTTGTCTTCGAGA,0,0,0
EOC2_PBMC_cell_TTCTACACACGTAAGG,0,0,0
EOC2_PBMC_cell_AAGGCAGAGTGTTGAA,0,0,0
EOC2_PBMC_cell_CAAGGCCCACAACTGT,0,0,1
EOC2_PBMC_cell_GGTGAAGGTACTTGAC,0,0,0
EOC2_PBMC_cell_ACTGATGCATGGAATA,0,0,0
EOC2_PBMC_cell_TCGGGACAGAGTCTGG,0,0,0
EOC2_PBMC_cell_TGACGGCCATTCCTGC,0,0,0
EOC2_PBMC_cell_CTCAGAAGTTTACTCT,0,0,0
EOC2_PBMC_cell_ATCTACTAGCTGGAAC,0,0,0
EOC2_PBMC_cell_GACAGAGGTAAACACA,0,0,0
EOC2_PBMC_cell_CTAATGGAGTCCGGTC,0,0,0
EOC2_PBMC_cell_CTGAAGTAGTGCGTGA,0,0,0
EOC2_PBMC_cell_GAACGGAAGCCGGTAA,0,0,0
EOC2_PBMC_cell_GTGCGGTCACCTGGTG,0,0,0
EOC2_PBMC_cell_AGCGTCGTCTGTCTAT,0,0,0
EOC2_PBMC_cell_CAACCAAGTGAAAGAG,0,0,0
EOC2_PBMC_cell_ACGGGTCGTCCTCCAT,0,0,0
EOC2_PBMC_cell_AGTGTCAAGACGCTTT,0,0,0
EOC2_PBMC_cell_GAGTCCGAGGTGCACA,0,0,0
EOC2_PBMC_cell_CCTTACGGTAGCCTCG,0,0,0
EOC2_PBMC_cell_TCAGATGGTTAAAGAC,0,0,0
EOC2_PBMC_cell_CTGCCTATCCTTGGTC,0,0,0
EOC2_PBMC_cell_GTGCTTCCATGTAAGA,0,0,0
EOC2_PBMC_cell_GTCACGGGTTTGTTTC,0,0,0
EOC2_PBMC_cell_TGCGCAGCAAACGCGA,0,0,0
EOC2_PBMC_cell_GTCTCGTGTAAAGTCA,0,0,0
EOC2_PBMC_cell_ACTTACTAGGAATGGA,0,0,0
EOC2_PBMC_cell_TAGTGGTAGGTGCTTT,0,0,0
EOC2_PBMC_cell_GGGAATGCATTGCGGC,0,0,0
EOC2_PBMC_cell_AACTGGTGTGTTTGTG,0,0,0
EOC2_PBMC_cell_CTACACCCACACAGAG,0,0,0
EOC2_PBMC_cell_TCAGATGTCATGTGGT,0,0,0
EOC2_PBMC_cell_ACGAGCCAGCTAGTGG,0,0,0
EOC2_PBMC_cell_ACCGTAATCACAGTAC,0,0,0
EOC2_PBMC_cell_AACTCTTGTTTACTCT,0,0,0
EOC2_PBMC_cell_AAACCTGCATTGGGCC,0,0,0
EOC2_PBMC_cell_TGCTACCGTATATGAG,0,0,0
EOC2_PBMC_cell_CTGTGCTGTCCATGAT,0,0,0
EOC2_PBMC_cell_TAGTGGTGTACCATCA,0,0,0
EOC2_PBMC_cell_CCTAGCTCACATAACC,0,0,0
EOC2_PBMC_cell_GGACAGACAGCGTTCG,0,0,0
EOC2_PBMC_cell_TGCCAAACATGTCCTC,0,0,0
EOC2_PBMC_cell_CAGTAACCACAAGTAA,0,0,0
EOC2_PBMC_cell_CCTTCCCTCTATCCTA,0,0,0
EOC2_PBMC_cell_TCCCGATTCGCGTAGC,0,0,0
EOC2_PBMC_cell_AGCATACGTATAAACG,0,0,0
EOC2_PBMC_cell_CTGTGCTAGTATGACA,0,0,0
EOC2_PBMC_cell_TTATGCTAGTTAACGA,0,0,0
EOC2_PBMC_cell_CATCAGAGTTTGGCGC,0,0,0
EOC2_PBMC_cell_ATGAGGGTCAGGCCCA,0,0,0
EOC2_PBMC_cell_CGAACATGTCGCATCG,0,0,0
EOC2_PBMC_cell_CCAATCCCAGGGTTAG,0,0,0
EOC2_PBMC_cell_TAAACCGGTTTAAGCC,0,0,0
EOC2_PBMC_cell_AACTCAGCAAAGGCGT,0,0,0
EOC2_PBMC_cell_AAAGATGAGAGCTATA,0,0,0
EOC2_PBMC_cell_TCTTCGGCAGGTTTCA,0,0,0
EOC2_PBMC_cell_AGCTCTCTCCTACAGA,0,0,0
EOC2_PBMC_cell_CAGCTAATCTGAGTGT,0,0,0
EOC2_PBMC_cell_ACGCCGAGTTACCAGT,0,0,0
EOC2_PBMC_cell_GCAAACTAGCACCGTC,0,0,0
EOC2_PBMC_cell_CTCGTCACAGGGCATA,0,0,0
EOC2_PBMC_cell_CATCCACCACAAGACG,0,0,0
EOC2_PBMC_cell_CGTTGGGCAGGTCCAC,0,0,0
EOC2_PBMC_cell_GGCTCGAAGCAATCTC,0,0,0
EOC2_PBMC_cell_GTAGTCAGTTTGGCGC,0,0,0
EOC2_PBMC_cell_CTTAGGAGTCACCTAA,0,0,0
EOC2_PBMC_cell_AACTGGTGTCAATACC,0,0,0
EOC2_PBMC_cell_TTATGCTGTCTCCCTA,0,0,0
EOC2_PBMC_cell_GGATGTTTCTTACCTA,0,0,0
EOC2_PBMC_cell_TCGGTAAAGACACTAA,0,0,0
EOC2_PBMC_cell_CCAATCCCATAGACTC,0,0,0
EOC2_PBMC_cell_ACGAGGAAGCCGGTAA,0,0,0
EOC2_PBMC_cell_TCGAGGCGTATCGCAT,0,0,0
EOC2_PBMC_cell_CACATAGAGTGTACGG,0,0,0
EOC2_PBMC_cell_TGCCAAAGTCGCTTTC,0,0,0
EOC2_PBMC_cell_GTGCTTCCACGGCGTT,0,0,0
EOC2_PBMC_cell_CATTCGCAGATCCCGC,0,0,0
EOC2_PBMC_cell_CTACACCTCCTATGTT,0,0,0
EOC2_PBMC_cell_ATCCACCGTGCATCTA,0,0,0
EOC2_PBMC_cell_GAAATGAAGAAGCCCA,0,0,0
EOC2_PBMC_cell_CCGTTCACAAGCCGTC,0,0,0
EOC2_PBMC_cell_TTGAACGGTCGGCATC,0,0,0
EOC2_PBMC_cell_GTACTTTAGAGTTGGC,0,0,0
EOC2_PBMC_cell_GTGTTAGCAACGATGG,0,0,0
EOC2_PBMC_cell_GCGCAACGTCTAGAGG,0,0,0
EOC2_PBMC_cell_CAGTAACAGAGGTTAT,0,0,0
EOC2_PBMC_cell_AGGTCCGAGGTAAACT,0,0,0
EOC2_PBMC_cell_CACACAACACAGGAGT,0,0,0
EOC2_PBMC_cell_GCTCCTAGTATCGCAT,0,0,0
EOC2_PBMC_cell_TTTGGTTAGCCAACAG,0,0,0
EOC2_PBMC_cell_GCATGATGTTACCGAT,0,0,0
EOC2_PBMC_cell_CGCGTTTCAATTCCTT,0,0,0
EOC2_PBMC_cell_CACACTCTCTTGAGAC,0,0,0
EOC2_PBMC_cell_TAGTTGGCAGGACGTA,0,0,0
EOC2_PBMC_cell_CGCTATCCAGCTCCGA,0,0,0
EOC2_PBMC_cell_TGATTTCGTCACTTCC,0,0,0
EOC2_PBMC_cell_TGAGAGGGTCAGATAA,0,0,0
EOC2_PBMC_cell_TTCCCAGTCACGCGGT,0,0,0
EOC2_PBMC_cell_GCTGCGATCTGCAAGT,0,0,0
EOC2_PBMC_cell_CTGTTTACACCTGGTG,0,0,0
EOC2_PBMC_cell_GACTGCGAGTTAGGTA,0,0,0
EOC2_PBMC_cell_AGCTTGAGTACTTAGC,0,0,0
EOC2_PBMC_cell_CCTACACTCACCCGAG,0,0,0
EOC2_PBMC_cell_TGAGCATTCACCGTAA,0,0,0
EOC2_PBMC_cell_GCTGCTTAGCCATCGC,0,0,0
EOC2_PBMC_cell_TGGGAAGCATTTCAGG,0,0,0
EOC2_PBMC_cell_TGGTTAGAGATGTGTA,0,0,0
EOC2_PBMC_cell_GTCATTTTCAAACCGT,0,0,0
EOC2_PBMC_cell_CTAGCCTGTCGAAAGC,0,0,0
EOC2_PBMC_cell_CGTCAGGTCACAACGT,0,0,0
EOC2_PBMC_cell_TGTATTCCATCTCGCT,0,0,0
EOC2_PBMC_cell_GACCTGGCAGAGTGTG,0,0,0
EOC2_PBMC_cell_GTACTTTCATTTGCCC,0,0,0
EOC2_PBMC_cell_TTGGCAAGTTCACCTC,0,0,0
EOC2_PBMC_cell_GTATTCTCACGGCCAT,0,0,0
EOC2_PBMC_cell_AACTGGTGTCTCATCC,0,0,0
EOC2_PBMC_cell_CAACTAGGTCAGAATA,0,0,0
EOC2_PBMC_cell_CACATAGCACGACGAA,0,0,0
EOC2_PBMC_cell_GGCTGGTTCAGTCAGT,0,0,0
EOC2_PBMC_cell_AGCTCCTTCAGTGTTG,0,0,0
EOC2_PBMC_cell_GCAAACTTCCCACTTG,0,0,0
EOC2_PBMC_cell_ACGATACCAGGATCGA,0,0,0
EOC2_PBMC_cell_CATCAAGGTATTACCG,0,0,0
EOC2_PBMC_cell_TCTCTAAGTTTAGCTG,0,0,0
EOC2_PBMC_cell_TTGCGTCAGCGATATA,0,0,0
EOC2_PBMC_cell_TGAAAGATCGGCTACG,0,0,0
EOC2_PBMC_cell_TGGACGCCATACGCCG,0,0,0
EOC2_PBMC_cell_ACTGCTCTCCAGTATG,0,0,0
EOC2_PBMC_cell_CCACGGAAGCCACGCT,0,0,0
EOC2_PBMC_cell_ATCATGGAGCCCGAAA,0,0,0
EOC2_PBMC_cell_TAGAGCTTCGGTTCGG,0,0,0
EOC2_PBMC_cell_CACCTTGGTTCCAACA,0,0,0
EOC2_PBMC_cell_GTTACAGTCGCAAGCC,0,0,0
EOC2_PBMC_cell_CGTAGCGAGTTCGCAT,0,0,0
EOC2_PBMC_cell_TGACAACCACCTATCC,0,0,0
EOC2_PBMC_cell_TTAGGACAGGGCTCTC,0,0,0
EOC2_PBMC_cell_CGTAGCGTCTCTAGGA,0,0,0
EOC2_PBMC_cell_CGCGTTTTCTAACCGA,0,0,0
EOC2_PBMC_cell_GTGCATAGTCGCATCG,0,0,0
EOC2_PBMC_cell_AGGGTGATCGTTACAG,0,0,0
EOC2_PBMC_cell_CGGCTAGCAACGATCT,0,0,0
EOC2_PBMC_cell_TCATTTGCACGTGAGA,0,0,0
EOC2_PBMC_cell_ACACCGGAGAAAGTGG,0,0,0
EOC2_PBMC_cell_CAGCAGCGTGAGGCTA,0,0,0
EOC2_PBMC_cell_AACTTTCGTAACGACG,0,0,0
EOC2_PBMC_cell_TCTCATATCGGCTACG,0,0,0
EOC2_PBMC_cell_GCTTGAACATCTGGTA,0,0,0
EOC2_PBMC_cell_TCGCGAGTCGAATGGG,0,0,0
EOC2_PBMC_cell_TTTACTGTCTCCGGTT,0,0,0
EOC2_PBMC_cell_GTACTTTAGTTGCAGG,0,0,0
EOC2_PBMC_cell_ACATGGTCACCTGGTG,0,0,0
EOC2_PBMC_cell_CCTTACGAGATATGCA,0,0,0
EOC2_PBMC_cell_ATTTCTGTCCTCAACC,0,0,0
EOC2_PBMC_cell_GCTCTGTTCAGCGATT,0,0,0
EOC2_PBMC_cell_TTAGTTCCATTCTCAT,0,0,0
EOC2_PBMC_cell_GACGGCTTCCCACTTG,0,0,0
EOC2_PBMC_cell_CCGTGGAGTATATGGA,0,0,0
EOC2_PBMC_cell_TACTCATCAACAACCT,0,0,0
EOC2_PBMC_cell_CCACGGAGTATCACCA,0,0,0
EOC2_PBMC_cell_TGTGTTTGTCCCTACT,0,0,0
EOC2_PBMC_cell_CAACCAAAGACTCGGA,0,0,0
EOC2_PBMC_cell_TGGCCAGGTACACCGC,0,0,0
EOC2_PBMC_cell_TTAGGCACACATTCGA,0,0,0
EOC2_PBMC_cell_ACTTACTGTCACAAGG,0,0,0
EOC2_PBMC_cell_AGGGTGAAGGGAACGG,0,0,0
EOC2_PBMC_cell_TTGTAGGCACCGGAAA,0,0,0
EOC2_PBMC_cell_AGAATAGGTACCAGTT,0,0,0
EOC2_PBMC_cell_GCAATCACAATAGAGT,0,0,0
EOC2_PBMC_cell_GTGCGGTGTGTTTGGT,0,0,0
EOC2_PBMC_cell_CGGAGCTCAGCGTTCG,0,0,0
EOC2_PBMC_cell_CGGCTAGTCCCATTTA,0,0,0
EOC2_PBMC_cell_GGAATAAAGCGTTGCC,0,0,0
EOC2_PBMC_cell_ACGCCGACAGCCTATA,0,0,0
EOC2_PBMC_cell_CGCGGTACATCCGCGA,0,0,0
EOC2_PBMC_cell_CATCAGATCGCCTGAG,0,0,0
EOC2_PBMC_cell_TAAGTGCGTTCTCATT,0,0,0
EOC2_PBMC_cell_AGCCTAATCGTGGGAA,0,0,0
EOC2_PBMC_cell_TTGAACGAGTTGTAGA,0,0,0
EOC2_PBMC_cell_GTAACTGCAAAGCAAT,0,0,0
EOC2_PBMC_cell_AAACGGGCACCAGATT,0,0,0
EOC2_PBMC_cell_CTTGGCTTCGATGAGG,0,0,0
EOC2_PBMC_cell_TGACAACTCCGCAGTG,0,0,0
EOC2_PBMC_cell_CACACTCTCTGGCGAC,0,0,0
EOC2_PBMC_cell_AGTAGTCGTCTCTCTG,0,0,0
EOC2_PBMC_cell_AGTCTTTCATGCGCAC,0,0,0
EOC2_PBMC_cell_ACATGGTAGCTAGTCT,0,0,0
EOC2_PBMC_cell_GACGTTATCAGGCCCA,0,0,0
EOC2_PBMC_cell_CCACTACCAGATGGCA,0,0,0
EOC2_PBMC_cell_TCACGAATCTCGCTTG,0,0,0
EOC2_PBMC_cell_GTAACTGAGTACCGGA,0,0,0
EOC2_PBMC_cell_TCAGATGAGCGCTCCA,0,0,1
EOC2_PBMC_cell_TGATTTCGTAAGAGAG,0,0,0
EOC2_PBMC_cell_AGGTCCGCAAGCCCAC,0,0,0
EOC2_PBMC_cell_GAGGTGAGTACCGTTA,0,0,0
EOC2_PBMC_cell_CGATTGACATTCCTGC,0,0,0
EOC2_PBMC_cell_CGGCTAGAGAGGTAGA,0,0,0
EOC2_PBMC_cell_CGAACATCAAGTCTAC,0,0,0
EOC2_PBMC_cell_TGGCTGGGTCAACATC,0,0,0
EOC2_PBMC_cell_GGTGTTATCTATGTGG,0,0,0
EOC2_PBMC_cell_CTAAGACAGACAAGCC,0,0,0
EOC2_PBMC_cell_ATCATGGCACCCATGG,0,0,0
EOC2_PBMC_cell_CCACGGAGTAGCCTAT,0,0,0
EOC2_PBMC_cell_TAGACCATCACCGTAA,0,0,0
EOC2_PBMC_cell_CATCAGACACTTACGA,0,0,0
EOC2_PBMC_cell_CACATAGTCATGTCTT,0,0,0
EOC2_PBMC_cell_ACACCAAAGCTATGCT,0,0,0
EOC2_PBMC_cell_CGTAGGCTCGTTTATC,0,0,0
EOC2_PBMC_cell_ATGCGATAGCGCTTAT,0,0,0
EOC2_PBMC_cell_CGGGTCAGTCTGCAAT,0,0,0
EOC2_PBMC_cell_CATCAGACACGGCTAC,0,0,0
EOC2_PBMC_cell_CGTCACTAGCAGGCTA,0,0,0
EOC2_PBMC_cell_GACAGAGGTGGGTCAA,0,0,0
EOC2_PBMC_cell_CACATTTTCCTGCAGG,0,0,0
EOC2_PBMC_cell_CGTTCTGCATGGTCTA,0,0,0
EOC2_PBMC_cell_CTCGTCAAGATATGGT,0,0,0
EOC2_PBMC_cell_GCTTCCATCTGGCGAC,0,0,0
EOC2_PBMC_cell_TGCCCTAAGAATAGGG,0,0,0
EOC2_PBMC_cell_TCTGAGACACTATCTT,0,0,0
EOC2_PBMC_cell_CGATTGATCCGCTGTT,0,0,0
EOC2_PBMC_cell_AGGCCGTAGTAGCCGA,0,0,0
EOC2_PBMC_cell_CCTCAGTAGGAGTACC,0,0,0
EOC2_PBMC_cell_TGATTTCCAGGATTGG,0,0,0
EOC2_PBMC_cell_GCTGCAGAGATGCGAC,0,0,0
EOC2_PBMC_cell_TAGTTGGTCATTATCC,0,0,0
EOC2_PBMC_cell_TCAACGAAGTCTTGCA,0,0,0
EOC2_PBMC_cell_GTGTGCGGTTACGGAG,0,0,0
EOC2_PBMC_cell_TGACTAGCAATAGAGT,0,0,0
EOC2_PBMC_cell_CTAACTTCAGCATACT,0,0,0
EOC2_PBMC_cell_ACTGCTCGTGTGCCTG,0,0,0
EOC2_PBMC_cell_CTCGTCACACTATCTT,0,0,0
EOC2_PBMC_cell_TTGGAACCAAGACACG,0,0,0
EOC2_PBMC_cell_AACTTTCCAATCCGAT,0,0,0
EOC2_PBMC_cell_GTAGTCAGTCCTAGCG,0,0,0
EOC2_PBMC_cell_ACCAGTAAGAGTAATC,0,0,0
EOC2_PBMC_cell_TGTTCCGGTTACGGAG,0,0,0
EOC2_PBMC_cell_CATTCGCGTCTCAACA,0,0,0
EOC2_PBMC_cell_CTCGGAGGTCAACATC,0,0,0
EOC2_PBMC_cell_TGAGCCGGTCGGCATC,0,0,0
EOC2_PBMC_cell_GACACGCTCGTCACGG,0,0,0
EOC2_PBMC_cell_ACACCAAAGGGTCGAT,0,0,0
EOC2_PBMC_cell_TAGAGCTTCATAACCG,0,0,0
EOC2_PBMC_cell_CTAAGACCAACCGCCA,0,0,0
EOC2_PBMC_cell_TTAACTCGTATATGGA,0,0,0
EOC2_PBMC_cell_TACCTTAAGTAGTGCG,0,0,0
EOC2_PBMC_cell_CGTCTACCAGTATGCT,0,0,0
EOC2_PBMC_cell_TGCGGGTGTATCGCAT,0,0,0
EOC2_PBMC_cell_TCAGCAAGTTCCACAA,0,0,0
EOC2_PBMC_cell_GGAACTTCACTACAGT,0,0,0
EOC2_PBMC_cell_CTCGTACGTGCGCTTG,0,0,0
EOC2_PBMC_cell_GGGCATCAGTTGAGAT,0,0,0
EOC2_PBMC_cell_ACACCGGGTCCAGTAT,0,0,0
EOC2_PBMC_cell_CCTACACAGCGAGAAA,0,0,0
EOC2_PBMC_cell_GTGCATAGTGACGGTA,0,0,0
EOC2_PBMC_cell_TGAAAGACAGGTCGTC,0,0,0
EOC2_PBMC_cell_CATCAAGTCAGCCTAA,0,0,0
EOC2_PBMC_cell_TTAGTTCTCTTGAGGT,0,0,0
EOC2_PBMC_cell_GGCGACTAGACTGGGT,0,0,0
EOC2_PBMC_cell_AAGACCTTCCCACTTG,0,0,0
EOC2_PBMC_cell_GGGATGAAGATGGCGT,0,0,0
EOC2_PBMC_cell_ACACCAAGTAAGGATT,0,0,0
EOC2_PBMC_cell_TCAGCTCAGTGGTCCC,0,0,0
EOC2_PBMC_cell_TACCTTAGTGATAAGT,0,0,0
EOC2_PBMC_cell_GTATCTTCACGAAATA,0,0,0
EOC2_PBMC_cell_CTGCTGTTCGTTACGA,0,0,0
EOC2_PBMC_cell_TAAGTGCAGTACGTTC,0,0,0
EOC2_PBMC_cell_CCGTACTCATATACGC,0,0,0
EOC2_PBMC_cell_TTCCCAGAGTTTAGGA,0,0,0
EOC2_PBMC_cell_CCGGTAGAGACAAAGG,0,0,0
EOC2_PBMC_cell_CGACTTCAGGGATCTG,0,0,0
EOC2_PBMC_cell_TGGCCAGAGCTGAAAT,0,0,0
EOC2_PBMC_cell_GCGGGTTCATCGACGC,0,0,0
EOC2_PBMC_cell_CTGAAGTTCCTATTCA,0,0,0
EOC2_PBMC_cell_CAAGATCCAGGGATTG,0,0,0
EOC2_PBMC_cell_ATCTGCCCAGTATGCT,0,0,0
EOC2_PBMC_cell_CCATGTCGTTGGTAAA,0,0,0
EOC2_PBMC_cell_CAAGTTGGTAGTGAAT,0,0,0
EOC2_PBMC_cell_AGTCTTTGTCCCTACT,0,0,0
EOC2_PBMC_cell_TGGCGCAAGCCCAATT,0,0,0
EOC2_PBMC_cell_ACCAGTAAGGCTAGAC,0,0,0
EOC2_PBMC_cell_CATCAGATCCGGGTGT,0,0,0
EOC2_PBMC_cell_TTCGGTCCACCTTGTC,0,0,0
EOC2_PBMC_cell_CGCTATCAGTACGATA,0,0,0
EOC2_PBMC_cell_ACATGGTTCTCGGACG,0,0,0
EOC2_PBMC_cell_CGATGGCGTGCCTGGT,0,0,0
EOC2_PBMC_cell_TGGTTAGAGGCCCTTG,0,0,1
EOC2_PBMC_cell_TCGTAGAAGTCCCACG,0,0,0
EOC2_PBMC_cell_ACTATCTTCTTGACGA,0,0,0
EOC2_PBMC_cell_TCTATTGCACGGTGTC,0,0,0
EOC2_PBMC_cell_GCGACCATCTCCAACC,0,0,0
EOC2_PBMC_cell_CGCGTTTAGCCAGAAC,0,0,0
EOC2_PBMC_cell_TACTTGTAGTGAACGC,0,0,0
EOC2_PBMC_cell_GCAGTTATCGGTTCGG,0,0,0
EOC2_PBMC_cell_CAGCAGCGTCATGCCG,0,0,0
EOC2_PBMC_cell_CAGCCGAGTAAACACA,0,0,0
EOC2_PBMC_cell_TCTGGAACATGTCTCC,0,0,0
EOC2_PBMC_cell_CTTCTCTAGTACTTGC,0,0,0
EOC2_PBMC_cell_CAGAATCTCTGCCAGG,0,0,0
EOC2_PBMC_cell_GCTCTGTGTCATTAGC,0,0,0
EOC2_PBMC_cell_CAGTCCTAGGGCACTA,0,0,0
EOC2_PBMC_cell_AGCGGTCGTGTTGAGG,0,0,0
EOC2_PBMC_cell_AAAGCAACATTGGGCC,0,0,0
EOC2_PBMC_cell_CAGCCGACATGATCCA,0,0,0
EOC2_PBMC_cell_TTTGCGCAGCTTATCG,0,0,0
EOC2_PBMC_cell_CGTTGGGCATCACCCT,0,0,0
EOC2_PBMC_cell_ACCCACTAGCTTATCG,0,0,0
EOC2_PBMC_cell_TGGGAAGGTCATTAGC,0,0,0
EOC2_PBMC_cell_GGCGTGTGTCCGAACC,0,0,0
EOC2_PBMC_cell_AACTCCCCACTCAGGC,0,0,0
EOC2_PBMC_cell_GCGGGTTGTCAAGCGA,0,0,0
EOC2_PBMC_cell_TACGGTAGTCTTCGTC,0,0,0
EOC2_PBMC_cell_GCTGGGTTCATGTCTT,0,0,0
EOC2_PBMC_cell_GCGAGAATCGCGATCG,0,0,0
EOC2_PBMC_cell_GGATGTTTCGCATGAT,0,0,0
EOC2_PBMC_cell_AGAGCTTCATCTATGG,0,0,0
EOC2_PBMC_cell_TACTCATTCTGAGTGT,0,0,0
EOC2_PBMC_cell_GAACGGAGTAAATGAC,0,0,0
EOC2_PBMC_cell_ATCACGACACACATGT,0,0,0
EOC2_PBMC_cell_TTCTACACAATCGAAA,0,0,0
EOC2_PBMC_cell_AGTAGTCCAAGAGTCG,0,0,0
EOC2_PBMC_cell_GTGCAGCGTTGGAGGT,0,0,0
EOC2_PBMC_cell_CATGGCGCATGAAGTA,0,0,0
EOC2_PBMC_cell_TTGACTTGTAGCTTGT,0,0,0
EOC2_PBMC_cell_AGAATAGGTTCACCTC,0,0,0
EOC2_PBMC_cell_GCACTCTCATTCGACA,0,0,0
EOC2_PBMC_cell_GGTGCGTGTCCAACTA,0,0,0
EOC2_PBMC_cell_CCTCTGATCTCGCTTG,0,0,0
EOC2_PBMC_cell_CAGGTGCGTGGTCTCG,0,0,0
EOC2_PBMC_cell_CTACATTCAGACGCTC,0,0,0
EOC2_PBMC_cell_TTTCCTCAGGATATAC,0,0,0
EOC2_PBMC_cell_TACAGTGAGCGTAGTG,0,0,1
EOC2_PBMC_cell_CGTTAGAAGCCAACAG,0,0,0
EOC2_PBMC_cell_TCTTCGGCACCGAATT,0,0,0
EOC2_PBMC_cell_GGAACTTCACAGCGTC,0,0,0
EOC2_PBMC_cell_GCTCTGTAGGCCCGTT,0,0,0
EOC2_PBMC_cell_TGTATTCAGAGCCTAG,0,0,0
EOC2_PBMC_cell_TGACGGCTCTCCAACC,0,0,0
EOC2_PBMC_cell_AGCCTAACAGTATGCT,0,0,0
EOC2_PBMC_cell_TAAGAGAAGGATGGAA,0,0,0
EOC2_PBMC_cell_TGAGCATGTTCCACAA,0,0,0
EOC2_PBMC_cell_TTTGTCACAAGGGTCA,0,0,0
EOC2_PBMC_cell_CTTGGCTCATATGAGA,0,0,0
EOC2_PBMC_cell_TTCTTAGCAATAACGA,0,0,0
EOC2_PBMC_cell_TGAGCATAGTGTTAGA,0,0,0
EOC2_PBMC_cell_TACTCGCGTACCGTTA,0,0,0
EOC2_PBMC_cell_GCATACATCCTTCAAT,0,0,0
EOC2_PBMC_cell_GATTCAGGTCGCTTCT,0,0,0
EOC2_PBMC_cell_TGCACCTCACAAGCCC,0,0,0
EOC2_PBMC_cell_GTGCGGTTCACCTTAT,0,0,0
EOC2_PBMC_cell_GTTCTCGGTGGACGAT,0,0,0
EOC2_PBMC_cell_CTTACCGAGGCTATCT,0,0,0
EOC2_PBMC_cell_AAAGTAGCAGCTCCGA,0,0,0
EOC2_PBMC_cell_GCATGCGCAGTCACTA,0,0,0
EOC2_PBMC_cell_CCGTTCAAGTTAAGTG,0,0,0
EOC2_PBMC_cell_GTTCATTCACACCGCA,0,0,0
EOC2_PBMC_cell_TGGCGCAAGTTATCGC,0,0,0
EOC2_PBMC_cell_GGAATAACAGCCAATT,0,0,0
EOC2_PBMC_cell_GTGCAGCTCTGCGGCA,0,0,0
EOC2_PBMC_cell_TACTCGCAGTGCTGCC,0,0,0
EOC2_PBMC_cell_GCGACCATCAGATAAG,0,0,0
EOC2_PBMC_cell_AGTAGTCTCGTCTGAA,0,0,0
EOC2_PBMC_cell_TTCTCAATCCAGTATG,0,0,0
EOC2_PBMC_cell_CAGAATCTCCTTCAAT,0,0,0
EOC2_PBMC_cell_AGTAGTCAGAGATGAG,0,0,0
EOC2_PBMC_cell_TCGTACCCAAGAAGAG,0,0,0
EOC2_PBMC_cell_GATGAAACACAACTGT,0,0,0
EOC2_PBMC_cell_AGGGATGGTCCGAAGA,0,0,0
EOC2_PBMC_cell_AGAGTGGAGAGGGCTT,0,0,0
EOC2_PBMC_cell_TCATTACTCCCTCTTT,0,0,0
EOC2_PBMC_cell_AGAGTGGGTCGCCATG,0,0,0
EOC2_PBMC_cell_AAGGAGCGTAAGTTCC,0,0,0
EOC2_PBMC_cell_CGATGTATCTGGCGTG,0,0,0
EOC2_PBMC_cell_TGAGGGACATGTTCCC,0,0,0
EOC2_PBMC_cell_GCTGCTTGTAGAAGGA,0,0,0
EOC2_PBMC_cell_TAAGCGTAGCGTTCCG,0,0,0
EOC2_PBMC_cell_GCTGGGTCACCAGGCT,0,0,0
EOC2_PBMC_cell_CGAGAAGAGACCCACC,0,0,1
EOC2_PBMC_cell_GTGCATATCCGCAGTG,0,0,0
EOC2_PBMC_cell_TCACGAATCTGCAGTA,0,0,0
EOC2_PBMC_cell_GCTCTGTCAAGTAGTA,0,0,0
EOC2_PBMC_cell_TGTTCCGAGCGGCTTC,0,0,0
EOC2_PBMC_cell_CACCAGGGTACGCTGC,0,0,0
EOC2_PBMC_cell_CTCTGGTAGGCACATG,0,0,0
EOC2_PBMC_cell_AGACGTTGTAGCTGCC,0,0,0
EOC2_PBMC_cell_TTGGCAATCACCGGGT,0,0,0
EOC2_PBMC_cell_TGCACCTTCGGTCCGA,0,0,0
EOC2_PBMC_cell_TACTCGCGTCGCGAAA,0,0,0
EOC2_PBMC_cell_ACCTTTAAGTGGGATC,0,0,0
EOC2_PBMC_cell_GGACAAGTCAGTTCGA,0,0,0
EOC2_PBMC_cell_CAACCAAAGATCTGAA,0,0,0
EOC2_PBMC_cell_CATCCACTCTGCTGTC,0,0,0
EOC2_PBMC_cell_CGTCTACGTCTAGCCG,0,0,0
EOC2_PBMC_cell_TGCGCAGCATCCAACA,0,0,0
EOC2_PBMC_cell_ATAAGAGAGGTGATAT,0,0,0
EOC2_PBMC_cell_TCAGGATAGCCAGAAC,0,0,0
EOC2_PBMC_cell_CGAGCCAAGGATGCGT,0,0,0
EOC2_PBMC_cell_GCTGCGACATTCTCAT,0,0,0
EOC2_PBMC_cell_ATCACGAAGGATATAC,0,0,0
EOC2_PBMC_cell_ATTACTCCAAGCTGAG,0,0,0
EOC2_PBMC_cell_GCACTCTTCTACTATC,0,0,0
EOC2_PBMC_cell_GCTCTGTCATTCTCAT,0,0,0
EOC2_PBMC_cell_GCTTGAACATTGAGCT,0,0,0
EOC2_PBMC_cell_CTGCCTAAGGTGCTTT,0,0,0
EOC2_PBMC_cell_AGCTCCTTCACCGGGT,0,0,0
EOC2_PBMC_cell_ACGCCAGTCGCGTTTC,0,0,0
EOC2_PBMC_cell_CTAAGACTCCCAAGTA,0,0,0
EOC2_PBMC_cell_GCGACCACAGCCTGTG,0,0,0
EOC2_PBMC_cell_TCAGCAATCAGAGACG,0,0,0
EOC2_PBMC_cell_ACCGTAACATGCTGGC,0,0,0
EOC2_PBMC_cell_AAGGAGCTCTTGTACT,0,0,0
EOC2_PBMC_cell_GGGATGACAGCGTAAG,0,0,0
EOC2_PBMC_cell_CATATTCTCTTAGAGC,0,0,0
EOC2_PBMC_cell_TGTCCCAGTCATGCAT,0,0,0
EOC2_PBMC_cell_AAGGTTCTCGCGATCG,0,0,0
EOC2_PBMC_cell_CGTTCTGGTACTTAGC,0,0,0
EOC2_PBMC_cell_CGATCGGGTGAGGGTT,0,0,0
EOC2_PBMC_cell_ATCTGCCGTCGAACAG,0,0,0
EOC2_PBMC_cell_CAGCTGGAGTCACGCC,0,0,0
EOC2_PBMC_cell_GTTAAGCTCTCCTATA,0,0,0
EOC2_PBMC_cell_ACTGTCCAGTTGAGAT,0,0,0
EOC2_PBMC_cell_ATGCGATAGCGTCAAG,0,0,0
EOC2_PBMC_cell_CAACCAATCAGTTTGG,0,0,0
EOC2_PBMC_cell_GAGGTGACACGTCTCT,0,0,0
EOC2_PBMC_cell_AGGCCACTCTCCGGTT,0,0,0
EOC2_PBMC_cell_CACACAATCACTCCTG,0,0,0
EOC2_PBMC_cell_GAGTCCGCACCAGATT,0,0,0
EOC2_PBMC_cell_AGTGTCAGTAAGCACG,0,0,0
EOC2_PBMC_cell_TCTGAGACATTCTCAT,0,0,0
EOC2_PBMC_cell_CCGTACTAGCCACCTG,0,0,0
EOC2_PBMC_cell_CTAACTTTCTTCAACT,0,0,0
EOC2_PBMC_cell_GGACATTGTCCGTGAC,0,0,0
EOC2_PBMC_cell_CTGATAGGTTTGTTGG,0,0,0
EOC2_PBMC_cell_TTGCCGTGTTTAAGCC,0,0,0
EOC2_PBMC_cell_TTGCCGTCAGCTATTG,0,0,0
EOC2_PBMC_cell_GATCGATCAGCATACT,0,0,0
EOC2_PBMC_cell_CACATAGGTCACCTAA,0,0,0
EOC2_PBMC_cell_TAGTTGGAGTAACCCT,0,0,0
EOC2_PBMC_cell_CCACTACTCAAACCGT,0,0,0
EOC2_PBMC_cell_GAAGCAGCATGCGCAC,0,0,0
EOC2_PBMC_cell_ACGAGCCTCTCTTATG,0,0,0
EOC2_PBMC_cell_TGGACGCGTAGAAAGG,0,0,0
EOC2_PBMC_cell_CCTAGCTAGATCGATA,0,0,0
EOC2_PBMC_cell_CGGACGTAGCTGAAAT,0,0,0
EOC2_PBMC_cell_AGAATAGGTTGGAGGT,0,0,0
EOC2_PBMC_cell_CGCTTCACAGACAAGC,0,0,0
EOC2_PBMC_cell_GCACATATCACTCTTA,0,0,0
EOC2_PBMC_cell_CATTATCCACCGATAT,0,0,0
EOC2_PBMC_cell_CACATTTTCGCGTAGC,0,0,0
EOC2_PBMC_cell_AACACGTTCCTCATTA,0,0,0
EOC2_PBMC_cell_AGGTCATAGTGGTAAT,0,0,0
EOC2_PBMC_cell_GAGTCCGTCGGATGGA,0,0,0
EOC2_PBMC_cell_TTGCCGTAGGGTTCCC,0,0,0
EOC2_PBMC_cell_CTCTACGCAATGACCT,0,0,0
EOC2_PBMC_cell_GTCTCGTAGGACACCA,0,0,0
EOC2_PBMC_cell_AGCATACCACCACGTG,0,0,0
EOC2_PBMC_cell_CACCAGGTCCTAGGGC,0,0,0
EOC2_PBMC_cell_AACGTTGAGAGCTTCT,0,0,0
EOC2_PBMC_cell_CAGGTGCGTACCCAAT,0,0,0
EOC2_PBMC_cell_AGATCTGCATGGTTGT,0,0,0
EOC2_PBMC_cell_CATATGGTCTGGAGCC,0,0,0
EOC2_PBMC_cell_CCTAAAGCACATCCAA,0,0,0
EOC2_PBMC_cell_AGGGTGAAGGCCGAAT,0,0,0
EOC2_PBMC_cell_GACCTGGCAATGGACG,0,0,0
EOC2_PBMC_cell_AACTCTTTCCGTCATC,0,0,0
EOC2_PBMC_cell_TGAGAGGGTTATCGGT,0,0,0
EOC2_PBMC_cell_CCTCAGTTCGTGGACC,0,0,0
EOC2_PBMC_cell_GATGAGGTCTGGTATG,0,0,0
EOC2_PBMC_cell_AATCGGTAGATGCCTT,0,0,0
EOC2_PBMC_cell_TCAGCAAAGAGGTACC,0,0,0
EOC2_PBMC_cell_TGCGCAGGTGAACCTT,0,0,0
EOC2_PBMC_cell_CGACCTTCATGTCCTC,0,0,0
EOC2_PBMC_cell_ACGGGCTTCATGCATG,0,0,0
EOC2_PBMC_cell_GTAACTGGTCTAACGT,0,0,0
EOC2_PBMC_cell_AGGTCCGAGGTGATAT,0,0,0
EOC2_PBMC_cell_CATATGGAGAGGTTAT,0,0,0
EOC2_PBMC_cell_GATGAGGAGATGTTAG,0,0,0
EOC2_PBMC_cell_GGATTACGTCACTGGC,0,0,0
EOC2_PBMC_cell_CATCAAGGTAATTGGA,0,0,0
EOC2_PBMC_cell_TTTGGTTCAATAACGA,0,0,0
EOC2_PBMC_cell_TCACAAGGTACGCTGC,0,0,0
EOC2_PBMC_cell_AACTTTCCAGTCACTA,0,0,0
EOC2_PBMC_cell_TGGCCAGGTTACAGAA,0,0,0
EOC2_PBMC_cell_TGCTGCTCATCAGTCA,0,0,0
EOC2_PBMC_cell_TCAATCTAGTATGACA,0,0,0
EOC2_PBMC_cell_ACGTCAAAGCGTCTAT,0,0,0
EOC2_PBMC_cell_ACCGTAATCTCTAAGG,0,0,0
EOC2_PBMC_cell_GTCTTCGGTGCCTTGG,0,0,0
EOC2_PBMC_cell_GCGCAACAGTGGCACA,0,0,0
EOC2_PBMC_cell_AACCGCGTCTTCATGT,0,0,0
EOC2_PBMC_cell_AAAGTAGTCTGCCCTA,0,0,0
EOC2_PBMC_cell_ACGGAGAAGACAGAGA,0,0,1
EOC2_PBMC_cell_CAAGTTGTCGCCGTGA,0,0,0
EOC2_PBMC_cell_GTGCAGCAGACTTGAA,0,0,0
EOC2_PBMC_cell_ATTGGACCAAGTAATG,0,0,0
EOC2_PBMC_cell_GTAGTCATCCCATTTA,0,0,0
EOC2_PBMC_cell_GTCTCGTTCCCACTTG,0,0,0
EOC2_PBMC_cell_TCGGGACTCGGATGTT,0,0,0
EOC2_PBMC_cell_CTCTGGTGTACGCTGC,0,0,0
EOC2_PBMC_cell_GTTCTCGTCACTTACT,0,0,0
EOC2_PBMC_cell_CTCGGAGTCATGGTCA,0,0,0
EOC2_PBMC_cell_CATCGGGGTGTTTGTG,0,0,0
EOC2_PBMC_cell_CACAGTACAAGCCCAC,0,0,0
EOC2_PBMC_cell_GAAACTCAGGTACTCT,0,0,0
EOC2_PBMC_cell_TGGCGCATCGGAAACG,0,0,0
EOC2_PBMC_cell_GCGCGATGTTCCGTCT,0,0,0
EOC2_PBMC_cell_GCGAGAACATAGACTC,0,0,0
EOC2_PBMC_cell_TACAGTGCACGAAACG,0,0,0
EOC2_PBMC_cell_TTTATGCAGCCACGTC,0,0,0
EOC2_PBMC_cell_GGCCGATTCCTAAGTG,0,0,0
EOC2_PBMC_cell_GGGCATCTCAGCTCGG,0,0,0
EOC2_PBMC_cell_CGGACACGTAAGGGAA,0,0,0
EOC2_PBMC_cell_CAGCATAAGACCTTTG,0,0,0
EOC2_PBMC_cell_GACTAACGTAGAGGAA,0,0,0
EOC2_PBMC_cell_TCAGCAACACTCAGGC,0,0,0
EOC2_PBMC_cell_CATCCACGTATATCCG,0,0,0
EOC2_PBMC_cell_TACTCGCCAGGTCCAC,0,0,0
EOC2_PBMC_cell_GTACGTAAGGGCTCTC,0,0,0
EOC2_PBMC_cell_GCGCCAAAGGCACATG,0,0,0
EOC2_PBMC_cell_CACCTTGCACCGAATT,0,0,0
EOC2_PBMC_cell_GGGCATCTCACTATTC,0,0,0
EOC2_PBMC_cell_TACTTGTCACTTAAGC,0,0,0
EOC2_PBMC_cell_TACGGATGTTGGGACA,0,0,0
EOC2_PBMC_cell_ACTGAACGTTCAGGCC,0,0,0
EOC2_PBMC_cell_GTCCTCACAGTAGAGC,0,0,0
EOC2_PBMC_cell_CGTCTACCAAGTACCT,0,0,0
EOC2_PBMC_cell_CTCATTAAGTATCGAA,0,0,0
EOC2_PBMC_cell_TCTCATACAATCCAAC,0,0,0
EOC2_PBMC_cell_TGACAACGTCATTAGC,0,0,0
EOC2_PBMC_cell_GGGACCTGTTACTGAC,0,0,0
EOC2_PBMC_cell_GGAGCAAAGACAATAC,0,0,0
EOC2_PBMC_cell_AGGCCGTAGCGTAGTG,0,0,0
EOC2_PBMC_cell_CACACCTTCTACCAGA,0,0,0
EOC2_PBMC_cell_AGTCTTTTCCTTTCGG,0,0,0
EOC2_PBMC_cell_CTCGTCACACGGTTTA,0,0,0
EOC2_PBMC_cell_TCAATCTGTTCAGTAC,0,0,0
EOC2_PBMC_cell_GGAATAACAATACGCT,0,0,1
EOC2_PBMC_cell_CAGCGACGTACCGTAT,0,0,0
EOC2_PBMC_cell_ATCACGACAGGCTGAA,0,0,0
EOC2_PBMC_cell_GGCCGATTCCGAAGAG,0,0,0
EOC2_PBMC_cell_TTGGCAAGTAAGAGAG,0,0,0
EOC2_PBMC_cell_CGATGGCGTTCGAATC,0,0,0
EOC2_PBMC_cell_TTCCCAGGTCTCTTTA,0,0,0
EOC2_PBMC_cell_CACTCCAAGGAATCGC,0,0,0
EOC2_PBMC_cell_TACCTTACAGTCACTA,0,0,0
EOC2_PBMC_cell_GCCTCTACAGTTAACC,0,0,0
EOC2_PBMC_cell_CGTTAGACATCCAACA,0,0,0
EOC2_PBMC_cell_AAAGATGAGATTACCC,0,0,0
EOC2_PBMC_cell_ATCTACTTCACTGGGC,0,0,0
EOC2_PBMC_cell_GTTTCTACAGGCTCAC,0,0,0
EOC2_PBMC_cell_CGTGAGCCAAACGTGG,0,0,0
EOC2_PBMC_cell_GTCTCGTCATAGGATA,0,0,0
EOC2_PBMC_cell_CAGTCCTAGAAGGCCT,0,0,0
EOC2_PBMC_cell_TGTCCCATCTTTACAC,0,0,0
EOC2_PBMC_cell_CGAACATAGAGTTGGC,0,0,0
EOC2_PBMC_cell_TATCTCATCGGTGTTA,0,0,0
EOC2_PBMC_cell_CTCAGAACATGTAGTC,0,0,0
EOC2_PBMC_cell_TAGAGCTAGAGGTTAT,0,0,0
EOC2_PBMC_cell_CCCAATCGTGATAAAC,0,0,0
EOC2_PBMC_cell_TTCTCCTCACAAGACG,0,0,0
EOC2_PBMC_cell_TACTCGCGTCTTCGTC,0,0,0
EOC2_PBMC_cell_TCCACACAGCTGATAA,0,0,0
EOC2_PBMC_cell_AGAGCTTTCCACTGGG,0,0,0
EOC2_PBMC_cell_GGGAGATTCGAACGGA,0,0,0
EOC2_PBMC_cell_CGCGTTTTCTCGGACG,0,0,0
EOC2_PBMC_cell_TCTCTAAAGCTGTTCA,0,0,0
EOC2_PBMC_cell_AGGGATGCAAGACGTG,0,0,0
EOC2_PBMC_cell_GTGCGGTAGTACGATA,0,0,0
EOC2_PBMC_cell_GAATGAAAGTCTCCTC,0,0,0
EOC2_PBMC_cell_GAACATCTCGGTCTAA,0,0,0
EOC2_PBMC_cell_CGCGTTTGTTCGAATC,0,0,0
EOC2_PBMC_cell_AAAGTAGTCGGTCCGA,0,0,0
EOC2_PBMC_cell_CGCGGTAGTCGCATAT,0,0,0
EOC2_PBMC_cell_AGTGGGAGTCTTGTCC,0,0,0
EOC2_PBMC_cell_CGGTTAATCTCCTATA,0,0,0
EOC2_PBMC_cell_AGGGATGTCCCTCAGT,0,0,0
EOC2_PBMC_cell_TGAGGGAAGCCGATTT,0,0,0
EOC2_PBMC_cell_CTGAAACGTCGCTTCT,0,0,0
EOC2_PBMC_cell_GCGAGAATCGTCACGG,0,0,0
EOC2_PBMC_cell_TGGTTCCGTCTAGCCG,0,0,0
EOC2_PBMC_cell_TTTGGTTCAGGTCCAC,0,0,0
EOC2_PBMC_cell_TCGAGGCCACGGTTTA,0,0,0
EOC2_PBMC_cell_CATATGGCATAGACTC,0,0,0
EOC2_PBMC_cell_CCACTACTCATCGGAT,0,0,0
EOC2_PBMC_cell_CGCTTCAGTGACGCCT,0,0,0
EOC2_PBMC_cell_TGTTCCGAGTCTTGCA,0,0,0
EOC2_PBMC_cell_GCCAAATGTACCGCTG,0,0,0
EOC2_PBMC_cell_AAAGCAAGTCGAGTTT,0,0,0
EOC2_PBMC_cell_CAAGAAATCAGTTGAC,0,0,0
EOC2_PBMC_cell_ACGGCCACATGTTCCC,0,0,0
EOC2_PBMC_cell_CTACGTCAGTGAACAT,0,0,0
EOC2_PBMC_cell_GCATGTACAAGGTTCT,0,0,0
EOC2_PBMC_cell_TGAGCCGTCCCAAGAT,0,0,0
EOC2_PBMC_cell_GTCAAGTAGCTGAACG,0,0,0
EOC2_PBMC_cell_CGTGAGCGTCACTTCC,0,0,0
EOC2_PBMC_cell_TGCCAAAAGGACCACA,0,0,0
EOC2_PBMC_cell_AGCGGTCCAAGCGTAG,0,0,0
EOC2_PBMC_cell_GCGACCAAGTACGTTC,0,0,0
EOC2_PBMC_cell_ACTTACTCATACCATG,0,0,0
EOC2_PBMC_cell_CCGGGATCATTGCGGC,0,0,0
EOC2_PBMC_cell_GTGTGCGCAGCTCGAC,0,0,0
EOC2_PBMC_cell_CGAACATCAGTCCTTC,0,0,0
EOC2_PBMC_cell_AACTGGTCAATCGAAA,0,0,0
EOC2_PBMC_cell_CACATAGAGTAGATGT,0,0,0
EOC2_PBMC_cell_GATCAGTTCATTTGGG,0,0,0
EOC2_PBMC_cell_CTAATGGGTCGTGGCT,0,0,0
EOC2_PBMC_cell_GATCAGTCATGGTCAT,0,0,0
EOC2_PBMC_cell_CAACTAGTCGATAGAA,0,0,0
EOC2_PBMC_cell_TATTACCTCAGTCCCT,0,0,0
EOC2_PBMC_cell_GAGTCCGAGGGTCGAT,0,0,0
EOC2_PBMC_cell_ACACCCTCATAAGACA,0,0,0
EOC2_PBMC_cell_CCACGGACAAGTTGTC,0,0,0
EOC2_PBMC_cell_TGGCCAGCAACTGCGC,0,0,0
EOC2_PBMC_cell_GACGTGCAGGAGTCTG,0,0,0
EOC2_PBMC_cell_TTAGTTCTCAGCCTAA,0,0,0
EOC2_PBMC_cell_CAGCAGCAGACTAAGT,0,0,0
EOC2_PBMC_cell_CAGGTGCAGCTGGAAC,0,0,0
EOC2_PBMC_cell_GTAACTGAGTTGAGAT,0,0,0
EOC2_PBMC_cell_TAAACCGGTATGAATG,0,0,0
EOC2_PBMC_cell_CAACCAAGTTGCGCAC,0,0,0
EOC2_PBMC_cell_CCGGTAGAGTAGTGCG,0,0,0
EOC2_PBMC_cell_TACGGTAAGAACAACT,0,0,0
EOC2_PBMC_cell_CTACCCAAGCCCTAAT,0,0,0
EOC2_PBMC_cell_GATCTAGCAGATAATG,0,0,0
EOC2_PBMC_cell_GCTGCAGCAAGCTGGA,0,0,0
EOC2_PBMC_cell_ATCCACCTCGGAAACG,0,0,0
EOC2_PBMC_cell_TGTCCCAGTGACTCAT,0,0,0
EOC2_PBMC_cell_ACGCAGCGTGAAATCA,0,0,0
EOC2_PBMC_cell_GAAATGAAGGCAGGTT,0,0,0
EOC2_PBMC_cell_TCTCTAATCTGTCTCG,0,0,0
EOC2_PBMC_cell_TTTATGCCAGGGCATA,0,0,0
EOC2_PBMC_cell_GCATGTAGTTCAGCGC,0,0,0
EOC2_PBMC_cell_GTGAAGGAGTCAAGGC,0,0,0
EOC2_PBMC_cell_AGGGAGTAGTGAACAT,0,0,0
EOC2_PBMC_cell_ATCCACCCACTTAAGC,0,0,0
EOC2_PBMC_cell_GTTCGGGGTTCGCGAC,0,0,0
EOC2_PBMC_cell_TACCTTAAGGAGCGTT,0,0,1
EOC2_PBMC_cell_ATTCTACTCGCTAGCG,0,0,0
EOC2_PBMC_cell_GAATAAGTCCACGTGG,0,0,0
EOC2_PBMC_cell_AGGCCACCATGGGAAC,0,0,0
EOC2_PBMC_cell_GCTGCAGAGATCACGG,0,0,0
EOC2_PBMC_cell_TGTGGTATCAGGTAAA,0,0,0
EOC2_PBMC_cell_ACTATCTAGTCCCACG,0,0,0
EOC2_PBMC_cell_CAGGTGCCATCTATGG,0,0,0
EOC2_PBMC_cell_ACGGGTCCACTACAGT,0,0,0
EOC2_PBMC_cell_TACGGTAAGCTATGCT,0,0,0
EOC2_PBMC_cell_AAGACCTTCTTGCATT,0,0,0
EOC2_PBMC_cell_CCATTCGGTCTTCAAG,0,0,0
EOC2_PBMC_cell_ACCTTTAAGTCATGCT,0,0,0
EOC2_PBMC_cell_AAGTCTGTCCCGACTT,0,0,0
EOC2_PBMC_cell_CGTAGCGTCCAAGCCG,0,0,0
EOC2_PBMC_cell_CCTTTCTTCGGTGTCG,0,0,0
EOC2_PBMC_cell_GTCTTCGTCTGGAGCC,0,0,0
EOC2_PBMC_cell_CCTCTGAGTACTTGAC,0,0,0
EOC2_PBMC_cell_CATCGAAAGTGAAGAG,0,0,0
EOC2_PBMC_cell_GCGAGAAAGAGTGACC,0,0,0
EOC2_PBMC_cell_ACAGCCGAGTTAAGTG,0,0,0
EOC2_PBMC_cell_GACACGCAGGAGCGAG,0,0,0
EOC2_PBMC_cell_ATAACGCTCTTGTTTG,0,0,0
EOC2_PBMC_cell_TCAGGTATCATTGCCC,0,0,0
EOC2_PBMC_cell_GTAACTGAGCCAGGAT,0,0,0
EOC2_PBMC_cell_GAGGTGAGTCTCTTTA,0,0,0
EOC2_PBMC_cell_AGCTCTCAGTCAAGGC,0,0,0
EOC2_PBMC_cell_GCGCGATTCGGGAGTA,0,0,0
EOC2_PBMC_cell_CTTCTCTGTTCAACCA,0,0,0
EOC2_PBMC_cell_AAACGGGTCGTGGTCG,0,0,0
EOC2_PBMC_cell_GTAACTGGTATCGCAT,0,0,0
EOC2_PBMC_cell_TTGCGTCGTAGGGACT,0,0,0
EOC2_PBMC_cell_GTTCATTCAAGAGGCT,0,0,0
EOC2_PBMC_cell_TTGGAACCACGCATCG,0,0,0
EOC2_PBMC_cell_CAGCAGCGTTAGGGTG,0,0,0
EOC2_PBMC_cell_ACTGATGCAATAGCAA,0,0,0
EOC2_PBMC_cell_CCTACCAAGTGGTAAT,0,0,0
EOC2_PBMC_cell_CTAGCCTAGCCGGTAA,0,0,0
EOC2_PBMC_cell_TACCTATTCGTTGCCT,0,0,0
EOC2_PBMC_cell_TCACAAGCAATACGCT,0,0,0
EOC2_PBMC_cell_TGGTTAGAGTGCGATG,0,0,0
EOC2_PBMC_cell_TACTCGCCAAGCCGCT,0,0,0
EOC2_PBMC_cell_TCTGGAACACCCATGG,0,0,0
EOC2_PBMC_cell_CCGTGGAAGCGCTTAT,0,0,0
EOC2_PBMC_cell_CTAGAGTCATTTCACT,0,0,0
EOC2_PBMC_cell_CGATGTAGTATCAGTC,0,0,0
EOC2_PBMC_cell_ACGAGCCTCCTGCCAT,0,0,0
EOC2_PBMC_cell_CGGAGCTAGTGAAGAG,0,0,0
EOC2_PBMC_cell_GTGCGGTTCTCCGGTT,0,0,0
EOC2_PBMC_cell_CTGATAGCAGTACACT,0,0,0
EOC2_PBMC_cell_CACCACTAGTCCAGGA,0,0,0
EOC2_PBMC_cell_TACAGTGAGTGGACGT,0,0,0
EOC2_PBMC_cell_CGGCTAGAGTCGTACT,0,0,0
EOC2_PBMC_cell_CTCGTACGTTTGGGCC,0,0,0
EOC2_PBMC_cell_AGCTCTCCAGTCCTTC,0,0,0
EOC2_PBMC_cell_TGCCCATAGGCTATCT,0,0,0
EOC2_PBMC_cell_GTAACGTTCTATCCCG,0,0,0
EOC2_PBMC_cell_ACAGCCGAGAGGGATA,0,0,0
EOC2_PBMC_cell_CTACACCCAGCTGTTA,0,0,0
EOC2_PBMC_cell_CGCGTTTTCCACGTTC,0,0,0
EOC2_PBMC_cell_GATGCTATCACGAAGG,0,0,0
EOC2_PBMC_cell_GCTGCAGAGCTATGCT,0,0,1
EOC2_PBMC_cell_ATCGAGTCAAGTAATG,0,0,0
EOC2_PBMC_cell_CTAGTGAGTCCGAGTC,0,0,0
EOC2_PBMC_cell_GACGGCTGTCGAAAGC,0,0,0
EOC2_PBMC_cell_AGTGGGAAGGAACTGC,0,0,0
EOC2_PBMC_cell_TAGTGGTTCTGACCTC,0,0,0
EOC2_PBMC_cell_TTGCGTCAGAAGGTTT,0,0,0
EOC2_PBMC_cell_AGTCTTTTCCTCGCAT,0,0,0
EOC2_PBMC_cell_AACGTTGCACCAGGTC,0,0,0
EOC2_PBMC_cell_TCGTAGATCCAAAGTC,0,0,0
EOC2_PBMC_cell_CAGCTAATCCTCGCAT,0,0,0
EOC2_PBMC_cell_AGCTTGAAGGAGCGAG,0,0,0
EOC2_PBMC_cell_TACGGGCCATCACCCT,0,0,0
EOC2_PBMC_cell_CCTTCCCGTCCGTGAC,0,0,0
EOC2_PBMC_cell_ATTCTACTCATCACCC,0,0,0
EOC2_PBMC_cell_TCACAAGGTAAGCACG,0,0,0
EOC2_PBMC_cell_ATTATCCCATCCAACA,0,0,0
EOC2_PBMC_cell_CGGAGTCAGACTTTCG,0,0,0
EOC2_PBMC_cell_GAGGTGAAGAACTCGG,0,0,0
EOC2_PBMC_cell_AGATTGCGTTGACGTT,0,0,0
EOC2_PBMC_cell_CACACAAAGAAACCGC,0,0,0
EOC2_PBMC_cell_CGTCAGGTCCAAGTAC,0,0,0
EOC2_PBMC_cell_CACTCCATCAGTTTGG,0,0,0
EOC2_PBMC_cell_GTATCTTGTCAACATC,0,0,0
EOC2_PBMC_cell_CAAGATCTCACAACGT,0,0,0
EOC2_PBMC_cell_CATGGCGTCTTTAGGG,0,0,0
EOC2_PBMC_cell_ACGCAGCAGTGGCACA,0,0,0
EOC2_PBMC_cell_TTGGCAAGTCGAGTTT,0,0,0
EOC2_PBMC_cell_CTTAGGATCTCTTATG,0,0,0
EOC2_PBMC_cell_GTAACTGAGCTGTTCA,0,0,0
EOC2_PBMC_cell_ACGATACAGTAGGCCA,0,0,0
EOC2_PBMC_cell_CTCTACGCACAACGTT,0,0,1
EOC2_PBMC_cell_GTGCATATCTACTTAC,0,0,0
EOC2_PBMC_cell_GGAACTTGTCGAACAG,0,0,0
EOC2_PBMC_cell_CATGACACATAGAAAC,0,0,0
EOC2_PBMC_cell_AACTTTCCAACAACCT,0,0,0
EOC2_PBMC_cell_GCCTCTACATCAGTCA,0,0,0
EOC2_PBMC_cell_ACTGAACTCACTCCTG,0,0,0
EOC2_PBMC_cell_GAAACTCAGCAATATG,0,0,0
EOC2_PBMC_cell_GCTGCTTCATTCTTAC,0,0,0
EOC2_PBMC_cell_TGAGGGATCAAACAAG,0,0,0
EOC2_PBMC_cell_TCAACGAAGTAACCCT,0,0,0
EOC2_PBMC_cell_TGGTTAGTCCTTGCCA,0,0,0
EOC2_PBMC_cell_GCTTGAATCCACGCAG,0,0,0
EOC2_PBMC_cell_TCTGAGACACCAGCAC,0,0,0
EOC2_PBMC_cell_CTCATTACATCTACGA,0,0,0
EOC2_PBMC_cell_ACGTCAAAGCGTTCCG,0,0,0
EOC2_PBMC_cell_GCAAACTAGTGACATA,0,0,0
EOC2_PBMC_cell_CGCGGTATCTCGCATC,0,0,0
EOC2_PBMC_cell_CTCGGAGCAGGGAGAG,0,0,0
EOC2_PBMC_cell_CGAGAAGTCGGAGCAA,0,0,0
EOC2_PBMC_cell_CAACCTCGTCATACTG,0,0,0
EOC2_PBMC_cell_CGCTATCGTGCTAGCC,0,0,0
EOC2_PBMC_cell_TCTTCGGGTAGAGGAA,0,0,0
EOC2_PBMC_cell_ACTGATGCACTGCCAG,0,0,0
EOC2_PBMC_cell_TGACTAGCAGCTCGAC,0,0,0
EOC2_PBMC_cell_ATGTGTGAGTGACTCT,0,0,0
EOC2_PBMC_cell_GCGCAACAGTCAAGGC,0,0,0
EOC2_PBMC_cell_TACCTATCAACACCTA,0,0,0
EOC2_PBMC_cell_GTCCTCAAGTTGAGTA,0,0,0
EOC2_PBMC_cell_GCATACAGTCGTCTTC,0,0,0
EOC2_PBMC_cell_GACGGCTCAATGTAAG,0,0,0
EOC2_PBMC_cell_TACTCATGTTACGCGC,0,0,0
EOC2_PBMC_cell_GAAGCAGAGTGGTAAT,0,0,0
EOC2_PBMC_cell_GCAAACTCACCCAGTG,0,0,0
EOC2_PBMC_cell_CACACTCTCTTAGAGC,0,0,0
EOC2_PBMC_cell_CTAAGACTCGAATCCA,0,0,0
EOC2_PBMC_cell_TTTGGTTCAAGCTGGA,0,0,0
EOC2_PBMC_cell_TTGGAACGTAAAGTCA,0,0,0
EOC2_PBMC_cell_CGGAGCTCAGGGTATG,0,0,0
EOC2_PBMC_cell_CATTATCCAGCCTTTC,0,0,0
EOC2_PBMC_cell_CATTATCGTCGGCACT,0,0,0
EOC2_PBMC_cell_TGACTAGGTGCAGACA,0,0,0
EOC2_PBMC_cell_ATCTGCCCATGGAATA,0,0,0
EOC2_PBMC_cell_CCTTACGAGCTGCAAG,0,0,0
EOC2_PBMC_cell_AGCTCTCCAGCGTAAG,0,0,0
EOC2_PBMC_cell_GTATCTTTCTGTACGA,0,0,1
EOC2_PBMC_cell_TCATTACTCTTGGGTA,0,0,0
EOC2_PBMC_cell_AAGACCTAGGCTATCT,0,0,0
EOC2_PBMC_cell_TTGCGTCCATTCTCAT,0,0,0
EOC2_PBMC_cell_CCAATCCGTATCAGTC,0,0,0
EOC2_PBMC_cell_CAAGATCCAGTGGGAT,0,0,0
EOC2_PBMC_cell_ACGATACGTATCTGCA,0,0,0
EOC2_PBMC_cell_CTACATTAGCCGGTAA,0,0,0
EOC2_PBMC_cell_GATCGATTCGCGTAGC,0,0,0
EOC2_PBMC_cell_CTACGTCCACAACGCC,0,0,0
EOC2_PBMC_cell_CTCCTAGGTACAGTGG,0,0,0
EOC2_PBMC_cell_GGACGTCAGAGTCGGT,0,0,0
EOC2_PBMC_cell_TCATTTGTCCATGAAC,0,0,0
EOC2_PBMC_cell_AGCATACCACCCAGTG,0,0,0
EOC2_PBMC_cell_CGGACACCACTTAACG,0,0,0
EOC2_PBMC_cell_CCTTCGACAACGATGG,0,0,0
EOC2_PBMC_cell_TCAGGATAGGACAGCT,0,0,0
EOC2_PBMC_cell_TTCTCAATCGCGGATC,0,0,0
EOC2_PBMC_cell_TCATTACTCTCCAGGG,0,0,0
EOC2_PBMC_cell_ACATACGAGTGTTAGA,0,0,0
EOC2_PBMC_cell_ACACCAAAGGTAGCTG,0,0,1
EOC2_PBMC_cell_GCACTCTAGTGCCATT,0,0,0
EOC2_PBMC_cell_CAAGTTGGTCACCTAA,0,0,0
EOC2_PBMC_cell_CACATAGGTCGAACAG,0,0,0
EOC2_PBMC_cell_TTTGTCAGTTTGGCGC,0,0,0
EOC2_PBMC_cell_TGAAAGATCCAACCAA,0,0,0
EOC2_PBMC_cell_GACACGCCAAGGCTCC,0,0,0
EOC2_PBMC_cell_GGACATTCATTGCGGC,0,0,0
EOC2_PBMC_cell_GCGCCAAGTCTCCACT,0,0,0
EOC2_PBMC_cell_CGATGTACATATGGTC,0,0,0
EOC2_PBMC_cell_CACCTTGCATACCATG,0,0,1
EOC2_PBMC_cell_ACACCAACATCGATTG,0,0,0
EOC2_PBMC_cell_CGACTTCAGACTAGGC,0,0,0
EOC2_PBMC_cell_CTACATTCAATGGACG,0,0,0
EOC2_PBMC_cell_CCTCAGTCAATAGCGG,0,0,0
EOC2_PBMC_cell_GGCGTGTAGTGAACAT,0,0,0
EOC2_PBMC_cell_CTCCTAGCATCACGTA,0,0,0
EOC2_PBMC_cell_CGTCTACCAGCGATCC,0,0,0
EOC2_PBMC_cell_ACTGAGTTCAGAAATG,0,0,0
EOC2_PBMC_cell_GTACTTTAGTACGTTC,0,0,0
EOC2_PBMC_cell_CAGAATCAGGTGACCA,0,0,0
EOC2_PBMC_cell_CGGAGTCAGAAGATTC,0,0,0
EOC2_PBMC_cell_CATCGAAAGATTACCC,0,0,0
EOC2_PBMC_cell_GCTCTGTTCTGGAGCC,0,0,0
EOC2_PBMC_cell_ACGAGGAGTCATTAGC,0,0,1
EOC2_PBMC_cell_TCTCTAACATGTCTCC,0,0,0
EOC2_PBMC_cell_TTTCCTCCAGTTCATG,0,0,0
EOC2_PBMC_cell_GCAATCAAGCCCAGCT,0,0,0
EOC2_PBMC_cell_GGACAGACAGCCAATT,0,0,0
EOC2_PBMC_cell_ACGGGTCAGCAAATCA,0,0,0
EOC2_PBMC_cell_TTAACTCTCAGCAACT,0,0,0
EOC2_PBMC_cell_AAGACCTTCCAAAGTC,0,0,0
EOC2_PBMC_cell_TACTTACAGAAGATTC,0,0,0
EOC2_PBMC_cell_TCATTTGCAATAGCAA,0,0,0
EOC2_PBMC_cell_AGCAGCCCAGCTTAAC,0,0,0
EOC2_PBMC_cell_GGGAATGTCTCATTCA,0,0,0
EOC2_PBMC_cell_CGTTAGACAGACAAAT,0,0,0
EOC2_PBMC_cell_CTGATAGTCTGCCCTA,0,0,0
EOC2_PBMC_cell_GTAGTCATCGAATCCA,0,0,0
EOC2_PBMC_cell_GTGCTTCTCGGATGGA,0,0,0
EOC2_PBMC_cell_GTGCTTCTCGCCATAA,0,0,0
EOC2_PBMC_cell_AACCATGCAACTGCGC,0,0,0
EOC2_PBMC_cell_AATCGGTGTGAGGGAG,0,0,0
EOC2_PBMC_cell_TCTCATATCTACTTAC,0,0,0
EOC2_PBMC_cell_CGTTCTGGTCATCCCT,0,0,0
EOC2_PBMC_cell_TAGTGGTGTTCCTCCA,0,0,0
EOC2_PBMC_cell_GCATACACAGATTGCT,0,0,0
EOC2_PBMC_cell_CGTCCATAGTGGAGAA,0,0,0
EOC2_PBMC_cell_GAACGGAAGAGATGAG,0,0,0
EOC2_PBMC_cell_AAGGCAGTCGAGAACG,0,0,0
EOC2_PBMC_cell_CAAGTTGTCAGCTTAG,0,0,0
EOC2_PBMC_cell_CCTAAAGAGACCCACC,0,0,0
EOC2_PBMC_cell_CCATGTCTCATGCTCC,0,0,0
EOC2_PBMC_cell_AATCGGTGTAGCGCAA,0,0,0
EOC2_PBMC_cell_ACATCAGAGACAGGCT,0,0,0
EOC2_PBMC_cell_GCATGTAGTATCACCA,0,0,0
EOC2_PBMC_cell_AGTCTTTGTTCGCGAC,0,0,0
EOC2_PBMC_cell_TGCTACCCAATGGATA,0,0,0
EOC2_PBMC_cell_GGACAGAAGTAGTGCG,0,0,0
EOC2_PBMC_cell_TTAGGACTCCAACCAA,0,0,0
EOC2_PBMC_cell_ATCCACCAGTGTCCAT,0,0,0
EOC2_PBMC_cell_CAGAGAGCAGTTAACC,0,0,0
EOC2_PBMC_cell_GGGTCTGCATCATCCC,0,0,0
EOC2_PBMC_cell_CGTAGGCAGTGGACGT,0,0,0
EOC2_PBMC_cell_TGAAAGAGTTCCACGG,0,0,0
EOC2_PBMC_cell_CACCACTTCCAAGTAC,0,0,0
EOC2_PBMC_cell_GGAGCAAGTGCAACGA,0,0,0
EOC2_PBMC_cell_GAATAAGTCGTCCAGG,0,0,0
EOC2_PBMC_cell_ATTTCTGGTCATGCAT,0,0,0
EOC2_PBMC_cell_CAGCTAAGTAGCTGCC,0,0,0
EOC2_PBMC_cell_TACTCATAGCTTATCG,0,0,0
EOC2_PBMC_cell_CGGTTAATCCACGCAG,0,0,0
EOC2_PBMC_cell_ACGCCAGTCAGTGCAT,0,0,0
EOC2_PBMC_cell_CTCGGAGTCAAGAAGT,0,0,0
EOC2_PBMC_cell_TCAGGTATCACCTCGT,0,0,0
EOC2_PBMC_cell_GGGTTGCGTACAAGTA,0,0,0
EOC2_PBMC_cell_ACTGAACCATGCATGT,0,0,0
EOC2_PBMC_cell_TCAGGATCAGGAATGC,0,0,0
EOC2_PBMC_cell_TACCTTATCAGGATCT,0,0,0
EOC2_PBMC_cell_TGGCGCAAGCGGCTTC,0,0,0
EOC2_PBMC_cell_ATTGGACAGGCTCATT,0,0,0
EOC2_PBMC_cell_CATTCGCAGTCATGCT,0,0,0
EOC2_PBMC_cell_TACCTTACATTGCGGC,0,0,0
EOC2_PBMC_cell_GATGAAAAGATAGCAT,0,0,0
EOC2_PBMC_cell_CATATGGCAAAGTCAA,0,0,0
EOC2_PBMC_cell_GAAATGATCCTGCTTG,0,0,0
EOC2_PBMC_cell_CGTCCATTCTGTCTCG,0,0,0
EOC2_PBMC_cell_CCACCTACACAACGCC,0,0,0
EOC2_PBMC_cell_GCTTGAATCTTATCTG,0,0,0
EOC2_PBMC_cell_GTTTCTAAGCGCTTAT,0,0,0
EOC2_PBMC_cell_GAACCTATCGGTCTAA,0,0,0
EOC2_PBMC_cell_TCAGCTCGTCGCGGTT,0,0,0
EOC2_PBMC_cell_TTAACTCTCTGACCTC,0,0,0
EOC2_PBMC_cell_GATGAAATCATGTAGC,0,0,0
EOC2_PBMC_cell_GTTCATTAGCCAGTTT,0,0,0
EOC2_PBMC_cell_GTTACAGGTCACCCAG,0,0,0
EOC2_PBMC_cell_GATCGTAAGGAGTAGA,0,0,0
EOC2_PBMC_cell_AGGTCCGCAACTTGAC,0,0,0
EOC2_PBMC_cell_TATCAGGTCAGCGATT,0,0,0
EOC2_PBMC_cell_ACGGAGATCCTTCAAT,0,0,0
EOC2_PBMC_cell_GACTGCGCAAGTTAAG,0,0,0
EOC2_PBMC_cell_ACACCAAAGGCGATAC,0,0,0
EOC2_PBMC_cell_CGGTTAACACGACTCG,0,0,0
EOC2_PBMC_cell_AGGGTGATCTTCGAGA,0,0,0
EOC2_PBMC_cell_GGCAATTAGACTACAA,0,0,0
EOC2_PBMC_cell_CCGTTCAGTTCTCATT,0,0,0
EOC2_PBMC_cell_TAGAGCTCATACAGCT,0,0,0
EOC2_PBMC_cell_GGAGCAACAATCGGTT,0,0,0
EOC2_PBMC_cell_TACCTATAGCCCTAAT,0,0,0
EOC2_PBMC_cell_GACGTGCGTATGAATG,0,0,0
EOC2_PBMC_cell_CTGCTGTCAAGCGTAG,0,0,0
EOC2_PBMC_cell_CGGTTAAGTATGCTTG,0,0,0
EOC2_PBMC_cell_CTCGAAAGTCTGCAAT,0,0,0
EOC2_PBMC_cell_GGAATAAAGTACGCGA,0,0,0
EOC2_PBMC_cell_CTCTGGTGTCCGAGTC,0,0,0
EOC2_PBMC_cell_ACGGGCTGTCTTTCAT,0,0,0
EOC2_PBMC_cell_TCGTAGAGTTATGCGT,0,0,0
EOC2_PBMC_cell_ACGCAGCAGAGAGCTC,0,0,0
EOC2_PBMC_cell_CTGCTGTTCGTCCGTT,0,0,1
EOC2_PBMC_cell_GAACGGAGTAAAGTCA,0,0,0
EOC2_PBMC_cell_GCACTCTAGCATGGCA,0,0,0
EOC2_PBMC_cell_GATCGCGAGCGCTCCA,0,0,0
EOC2_PBMC_cell_GCAGTTAGTGGGTCAA,0,0,0
EOC2_PBMC_cell_AACCATGGTGTGACGA,0,0,0
EOC2_PBMC_cell_ACGTCAAGTTCGTCTC,0,0,0
EOC2_PBMC_cell_CTCACACAGCCGTCGT,0,0,0
EOC2_PBMC_cell_CCAATCCAGCATCATC,0,0,0
EOC2_PBMC_cell_CCTCTGATCTTACCGC,0,0,0
EOC2_PBMC_cell_AACTCTTAGGCTAGAC,0,0,0
EOC2_PBMC_cell_TAGACCATCTTCAACT,0,0,0
EOC2_PBMC_cell_CTCGTCACATGCCTAA,0,0,0
EOC2_PBMC_cell_AGTGAGGGTCAGGACA,0,0,0
EOC2_PBMC_cell_GGTATTGAGAAGGCCT,0,0,0
EOC2_PBMC_cell_ATAACGCGTTATCCGA,0,0,0
EOC2_PBMC_cell_ACTGATGGTCGGCACT,0,0,0
EOC2_PBMC_cell_CAGCAGCCATAGAAAC,0,0,0
EOC2_PBMC_cell_CACAAACAGTAATCCC,0,0,0
EOC2_PBMC_cell_AGCTCCTCACAGCCCA,0,0,0
EOC2_PBMC_cell_CACCACTAGAGACGAA,0,0,0
EOC2_PBMC_cell_AAAGTAGCATTGTGCA,0,0,0
EOC2_PBMC_cell_CGATGTAAGGGTATCG,0,0,0
EOC2_PBMC_cell_CGTTGGGTCGCGTTTC,0,0,0
EOC2_PBMC_cell_TGGGAAGCACGACTCG,0,0,0
EOC2_PBMC_cell_CTGCGGACATAAGACA,0,0,0
EOC2_PBMC_cell_GCAGTTAAGCATGGCA,0,0,0
EOC2_PBMC_cell_GTTCATTTCGTCCGTT,0,0,0
EOC2_PBMC_cell_ACATGGTTCCGTTGCT,0,0,0
EOC2_PBMC_cell_CGACTTCGTAAATGTG,0,0,0
EOC2_PBMC_cell_TCGAGGCGTACGAAAT,0,0,0
EOC2_PBMC_cell_TAGGCATAGGCAATTA,0,0,0
EOC2_PBMC_cell_TCGGGACCACTGTCGG,0,0,0
EOC2_PBMC_cell_AGGGAGTTCGTGGGAA,0,0,0
EOC2_PBMC_cell_GGACAGAGTCTCCCTA,0,0,0
EOC2_PBMC_cell_TCGTACCCAGCTGTGC,0,0,0
EOC2_PBMC_cell_ACTATCTCACAGAGGT,0,0,0
EOC2_PBMC_cell_TCGGGACCAAGCTGAG,0,0,0
EOC2_PBMC_cell_TGGTTCCGTGTGTGCC,0,0,0
EOC2_PBMC_cell_GCTGCTTAGCTGTCTA,0,0,0
EOC2_PBMC_cell_GCTGCGAAGACACGAC,0,0,0
EOC2_PBMC_cell_AGCCTAAGTCGAATCT,0,0,0
EOC2_PBMC_cell_AAACCTGTCTATCCCG,0,0,0
EOC2_PBMC_cell_CATTCGCCAGGCAGTA,0,0,0
EOC2_PBMC_cell_TCACAAGAGAACTGTA,0,0,0
EOC2_PBMC_cell_AAGCCGCTCTGCCCTA,0,0,0
EOC2_PBMC_cell_CTGATCCCACTCAGGC,0,0,0
EOC2_PBMC_cell_TCTGAGAGTCAACTGT,0,0,0
EOC2_PBMC_cell_GACACGCTCCCTTGTG,0,0,0
EOC2_PBMC_cell_GCAGTTACAGACACTT,0,0,0
EOC2_PBMC_cell_TACCTTATCACCGTAA,0,0,0
EOC2_PBMC_cell_CTGTTTATCCGTAGGC,0,0,0
EOC2_PBMC_cell_CCACTACTCCCTTGTG,0,0,0
EOC2_PBMC_cell_GGCCGATAGAGGTTGC,0,0,0
EOC2_PBMC_cell_ATCCGAACAGTCCTTC,0,0,0
EOC2_PBMC_cell_GTACTCCAGTGTCCCG,0,0,0
EOC2_PBMC_cell_GGGACCTCAGGATCGA,0,0,0
EOC2_PBMC_cell_GACGTTATCTCGAGTA,0,0,0
EOC2_PBMC_cell_TACGGGCAGCGATTCT,0,0,0
EOC2_PBMC_cell_GACGCGTGTGTCGCTG,0,0,0
EOC2_PBMC_cell_TAAGCGTGTAATTGGA,0,0,0
EOC2_PBMC_cell_CTACCCAAGGAATTAC,0,0,0
EOC2_PBMC_cell_GCTCCTACATGCCTTC,0,0,0
EOC2_PBMC_cell_CCTACCAAGCAGGTCA,0,0,0
EOC2_PBMC_cell_GGACATTCACTGTCGG,0,0,0
EOC2_PBMC_cell_AGTGTCATCAATACCG,0,0,1
EOC2_PBMC_cell_TGATTTCCATCACAAC,0,0,1
EOC2_PBMC_cell_CGTCACTGTATCACCA,0,0,0
EOC2_PBMC_cell_ACGGCCAAGAGGTTAT,0,0,0
EOC2_PBMC_cell_CGGACTGTCGGAAACG,0,0,0
EOC2_PBMC_cell_TACACGAAGCTGTTCA,0,0,1
EOC2_PBMC_cell_CTAGCCTTCAGGCCCA,0,0,0
EOC2_PBMC_cell_TAGTTGGAGGCTACGA,0,0,0
EOC2_PBMC_cell_CAACCTCAGATTACCC,0,0,0
EOC2_PBMC_cell_GAAATGATCAGTTTGG,0,0,0
EOC2_PBMC_cell_TGCGTGGTCTATCCCG,0,0,0
EOC2_PBMC_cell_TATCTCATCAGCTCGG,0,0,0
EOC2_PBMC_cell_CGTCACTAGCAGACTG,0,0,0
EOC2_PBMC_cell_CTACACCGTCAGAATA,0,0,0
EOC2_PBMC_cell_GCACTCTAGGTAAACT,0,0,0
EOC2_PBMC_cell_TTGGCAAAGGTGTGGT,0,0,0
EOC2_PBMC_cell_GTCAAGTTCGTAGGAG,0,0,0
EOC2_PBMC_cell_TCGGGACAGATGCCTT,0,0,1
EOC2_PBMC_cell_AACTGGTAGTATCGAA,0,0,0
EOC2_PBMC_cell_CATATTCCATTACGAC,0,0,0
EOC2_PBMC_cell_TCACAAGCAAGGACAC,0,0,0
EOC2_PBMC_cell_TCACGAACACGAAATA,0,0,0
EOC2_PBMC_cell_CGTTCTGTCTACTTAC,0,0,0
EOC2_PBMC_cell_CACCAGGAGAGTACCG,0,0,0
EOC2_PBMC_cell_CCTCAGTGTGCAGGTA,0,0,0
EOC2_PBMC_cell_AACTTTCTCCTTGACC,0,0,0
EOC2_PBMC_cell_CGGACACAGGACAGCT,0,0,0
EOC2_PBMC_cell_ACGATGTCAGCCTGTG,0,0,0
EOC2_PBMC_cell_TTGAACGTCATGTGGT,0,0,0
EOC2_PBMC_cell_ACACTGAAGATCTGCT,0,0,0
EOC2_PBMC_cell_ATCTACTAGTGAAGAG,0,0,0
EOC2_PBMC_cell_CAGAGAGCACCATCCT,0,0,0
EOC2_PBMC_cell_TTTGTCACACAAGACG,0,0,0
EOC2_PBMC_cell_TCATTTGCACGACTCG,0,0,0
EOC2_PBMC_cell_CCTATTATCTCCAACC,0,0,0
EOC2_PBMC_cell_TGAAAGAAGGGTATCG,0,0,0
EOC2_PBMC_cell_ACCAGTACAACGATGG,0,0,0
EOC2_PBMC_cell_GGTGCGTGTCAAAGAT,0,0,0
EOC2_PBMC_cell_AAAGATGGTTGTCGCG,0,0,0
EOC2_PBMC_cell_CTTTGCGGTTTGACTG,0,0,0
EOC2_PBMC_cell_TATGCCCTCCGTAGGC,0,0,0
EOC2_PBMC_cell_TCACGAAGTAGAAAGG,0,0,0
EOC2_PBMC_cell_TGGTTCCCACTTCGAA,0,0,0
EOC2_PBMC_cell_TGCGTGGCAAGTCATC,0,0,0
EOC2_PBMC_cell_CGTCTACCAAGGACTG,0,0,0
EOC2_PBMC_cell_CGCTATCCATATGAGA,0,0,0
EOC2_PBMC_cell_TTAGTTCGTGTGAAAT,0,0,0
EOC2_PBMC_cell_GCACATACATACTCTT,0,0,0
EOC2_PBMC_cell_TGTTCCGAGCCCTAAT,0,0,0
EOC2_PBMC_cell_ACCTTTACAGTAGAGC,0,0,0
EOC2_PBMC_cell_CATTATCTCGAGAGCA,0,0,0
EOC2_PBMC_cell_CCCAATCGTCAGGACA,0,0,0
EOC2_PBMC_cell_TTAGGACTCGGCCGAT,0,0,0
EOC2_PBMC_cell_TTGCCGTCACACAGAG,0,0,0
EOC2_PBMC_cell_GTGCATAGTAAGTTCC,0,0,0
EOC2_PBMC_cell_CTGCTGTAGTCCCACG,0,0,1
EOC2_PBMC_cell_CGAATGTAGAGCTGCA,0,0,0
EOC2_PBMC_cell_CAGCTAATCCCATTTA,0,0,0
EOC2_PBMC_cell_CGTCAGGCATATACGC,0,0,1
EOC2_PBMC_cell_TGACAACGTAGAGCTG,0,0,0
EOC2_PBMC_cell_GCAAACTCACGCGAAA,0,0,0
EOC2_PBMC_cell_GTAGGCCCAGATGGCA,0,0,0
EOC2_PBMC_cell_CCGTTCACATTATCTC,0,0,0
EOC2_PBMC_cell_CCACTACTCCTAAGTG,0,0,0
EOC2_PBMC_cell_AGCGGTCTCACATAGC,0,0,0
EOC2_PBMC_cell_CGGACGTCAAGCCCAC,0,0,0
EOC2_PBMC_cell_ATGCGATAGTACGTTC,0,0,0
EOC2_PBMC_cell_ACGGGCTTCGGTCTAA,0,0,0
EOC2_PBMC_cell_GGTGAAGAGGGTATCG,0,0,0
EOC2_PBMC_cell_GGGAATGAGCCAACAG,0,0,0
EOC2_PBMC_cell_CCGGGATGTTGGGACA,0,0,0
EOC2_PBMC_cell_GCTCCTATCGGCGGTT,0,0,0
EOC2_PBMC_cell_TCCACACGTATAATGG,0,0,0
EOC2_PBMC_cell_GTCACAATCGTTTGCC,0,0,0
EOC2_PBMC_cell_CTCGGGAGTGAAATCA,0,0,1
EOC2_PBMC_cell_CGGTTAACAGTATAAG,0,0,0
EOC2_PBMC_cell_GGTATTGCATCGGTTA,0,0,0
EOC2_PBMC_cell_CAGGTGCCAAGGCTCC,0,0,0
EOC2_PBMC_cell_TATGCCCGTGGTACAG,0,0,0
EOC2_PBMC_cell_CTACATTGTCGCATAT,0,0,0
EOC2_PBMC_cell_TGTCCCACAGTAAGAT,0,0,0
EOC2_PBMC_cell_GGAACTTCACACCGAC,0,0,0
EOC2_PBMC_cell_TTTACTGAGAAGGCCT,0,0,0
EOC2_PBMC_cell_CCTAAAGTCGCGCCAA,0,0,0
EOC2_PBMC_cell_TCGGTAACACATGTGT,0,0,0
EOC2_PBMC_cell_TTCTTAGGTTCCGGCA,0,0,0
EOC2_PBMC_cell_GACGCGTCAGCGATCC,0,0,0
EOC2_PBMC_cell_AACTGGTCACACAGAG,0,0,0
EOC2_PBMC_cell_TATGCCCGTTACGTCA,0,0,0
EOC2_PBMC_cell_ATGTGTGAGCATCATC,0,0,0
EOC2_PBMC_cell_GCGCAGTAGATGGGTC,0,0,0
EOC2_PBMC_cell_ATGCGATTCATTGCCC,0,0,0
EOC2_PBMC_cell_TTCTACAGTCAGAATA,0,0,0
EOC2_PBMC_cell_CTTAACTTCCGCATAA,0,0,0
EOC2_PBMC_cell_CATGACACATTAACCG,0,0,0
EOC2_PBMC_cell_TCGTACCCATGGGAAC,0,0,0
EOC2_PBMC_cell_GAACATCTCTGTGCAA,0,0,1
EOC2_PBMC_cell_CGTCTACTCATAGCAC,0,0,0
EOC2_PBMC_cell_GGACAGATCGCCATAA,0,0,0
EOC2_PBMC_cell_GAGTCCGCACGACGAA,0,0,0
EOC2_PBMC_cell_CAACCTCCAACGATGG,0,0,0
EOC2_PBMC_cell_TCGTAGAGTTGTCTTT,0,0,0
EOC2_PBMC_cell_GGTATTGTCATGGTCA,0,0,0
EOC2_PBMC_cell_GTCGTAACATGGGAAC,0,0,0
EOC2_PBMC_cell_GCTGCAGGTAAGTAGT,0,0,1
EOC2_PBMC_cell_ACACCAAAGCGCTTAT,0,0,0
EOC2_PBMC_cell_AGCTCTCTCTGGGCCA,0,0,0
EOC2_PBMC_cell_TGCGCAGAGAGGTACC,0,0,0
EOC2_PBMC_cell_CGTAGCGGTCAGCTAT,0,0,0
EOC2_PBMC_cell_ATTTCTGGTCGTGGCT,0,0,0
EOC2_PBMC_cell_TCTATTGAGGGTCTCC,0,0,0
EOC2_PBMC_cell_AATCGGTTCTGCTGCT,0,0,0
EOC2_PBMC_cell_CTGAAGTCAATGACCT,0,0,0
EOC2_PBMC_cell_TCGAGGCTCTTATCTG,0,0,0
EOC2_PBMC_cell_CCTTCGAAGGTGCACA,0,0,0
EOC2_PBMC_cell_AGCGTATAGAAGGCCT,0,0,0
EOC2_PBMC_cell_GACGTTACAGTCGATT,0,0,0
EOC2_PBMC_cell_GTCACGGTCCTATTCA,0,0,0
EOC2_PBMC_cell_GAAGCAGGTAAATGTG,0,0,0
EOC2_PBMC_cell_GCAGCCAGTCGGATCC,0,0,0
EOC2_PBMC_cell_CCGGTAGTCACCGTAA,0,0,0
EOC2_PBMC_cell_TCACGAAAGTACGACG,0,0,0
EOC2_PBMC_cell_CACTCCAGTTAAGATG,0,0,0
EOC2_PBMC_cell_TGCTGCTTCCCACTTG,0,0,0
EOC2_PBMC_cell_CTCGGAGTCGCAAGCC,0,0,0
EOC2_PBMC_cell_TCAACGAGTATATGGA,0,0,0
EOC2_PBMC_cell_CGAGCCATCCAGGGCT,0,0,0
EOC2_PBMC_cell_CTCAGAATCAACTCTT,0,0,0
EOC2_PBMC_cell_GGCTCGACATACCATG,0,0,0
EOC2_PBMC_cell_ATTGGTGGTCGACTGC,0,0,0
EOC2_PBMC_cell_CATGACAGTCATGCAT,0,0,0
EOC2_PBMC_cell_CCGGTAGAGAGGGCTT,0,0,0
EOC2_PBMC_cell_CATCAAGCACACATGT,0,0,0
EOC2_PBMC_cell_CCGGGATTCACAATGC,0,0,0
EOC2_PBMC_cell_CATTATCAGTTCGCAT,0,0,0
EOC2_PBMC_cell_AGGCCGTAGTTCGATC,0,0,0
EOC2_PBMC_cell_GTGAAGGCAGGATTGG,0,0,0
EOC2_PBMC_cell_CTCATTATCAACCATG,0,0,0
EOC2_PBMC_cell_GTAACTGGTTAAGTAG,0,0,0
EOC2_PBMC_cell_TGACAACAGTTGTCGT,0,0,0
EOC2_PBMC_cell_TGCGGGTTCCCGACTT,0,0,0
EOC2_PBMC_cell_ACGAGGACATAGACTC,0,0,1
EOC2_PBMC_cell_CAGTCCTCATGCTAGT,0,0,0
EOC2_PBMC_cell_CAGCTGGCATGTCCTC,0,0,0
EOC2_PBMC_cell_GCTTGAAAGCTTCGCG,0,0,0
EOC2_PBMC_cell_TCAGATGCATGGGAAC,0,0,0
EOC2_PBMC_cell_CTCGGAGGTCAGGACA,0,0,0
EOC2_PBMC_cell_CGTCACTCAGGTCCAC,0,0,0
EOC2_PBMC_cell_AAACCTGCAATTGCTG,0,0,0
EOC2_PBMC_cell_GACCTGGGTTGGGACA,0,0,0
EOC2_PBMC_cell_TGTTCCGTCTTTACAC,0,0,0
EOC2_PBMC_cell_ACTGAGTCATTAGGCT,0,0,0
EOC2_PBMC_cell_TTAACTCAGATGGGTC,0,0,0
EOC2_PBMC_cell_CATCAAGTCTGTCCGT,0,0,0
EOC2_PBMC_cell_TTGCGTCAGCGCCTTG,0,0,0
EOC2_PBMC_cell_TGCGGGTCACCAGTTA,0,0,0
EOC2_PBMC_cell_CGGACGTTCGTGGTCG,0,0,0
EOC2_PBMC_cell_GGACAAGAGCACGCCT,0,0,0
EOC2_PBMC_cell_CTTAACTCAGCGTTCG,0,0,0
EOC2_PBMC_cell_TGCCCTACATGGTAGG,0,0,0
EOC2_PBMC_cell_GTCCTCAAGCTAGTCT,0,0,0
EOC2_PBMC_cell_TGCTGCTTCGCCATAA,0,0,0
EOC2_PBMC_cell_CATTCGCTCTATCCTA,0,0,0
EOC2_PBMC_cell_GCGGGTTTCTCGCTTG,0,0,0
EOC2_PBMC_cell_CATGGCGTCAGGCCCA,0,0,0
EOC2_PBMC_cell_GATCGATTCCAACCAA,0,0,0
EOC2_PBMC_cell_TTCGAAGTCACCACCT,0,0,0
EOC2_PBMC_cell_TTAGTTCAGATGTCGG,0,0,1
EOC2_PBMC_cell_TGTGGTAGTAGTAGTA,0,0,0
EOC2_PBMC_cell_GTACTCCCAATTGCTG,0,0,0
EOC2_PBMC_cell_CCTTACGTCGCATGGC,0,0,0
EOC2_PBMC_cell_GCGACCACATGTCCTC,0,0,0
EOC2_PBMC_cell_TGGGCGTCAAGTCATC,0,0,0
EOC2_PBMC_cell_CCGTACTTCGGTTCGG,0,0,0
EOC2_PBMC_cell_TCTTCGGCAGTATGCT,0,0,0
EOC2_PBMC_cell_TCAGATGGTCTAACGT,0,0,0
EOC2_PBMC_cell_AGAGCTTGTTCTGGTA,0,0,0
EOC2_PBMC_cell_CGAATGTCAGCTCGCA,0,0,0
EOC2_PBMC_cell_CGGACGTCAGAGCCAA,0,0,0
EOC2_PBMC_cell_CTGTTTAGTTGTCGCG,0,0,0
EOC2_PBMC_cell_GTTTCTAAGTACATGA,0,0,0
EOC2_PBMC_cell_CACAGGCTCACGCGGT,0,0,0
EOC2_PBMC_cell_TTTACTGGTCTGCAAT,0,0,0
EOC2_PBMC_cell_AGCGTATAGGAGTTTA,0,0,0
EOC2_PBMC_cell_GAACCTACAAACAACA,0,0,0
EOC2_PBMC_cell_ACGATACGTCATGCCG,0,0,0
EOC2_PBMC_cell_ACTGAACAGCGATGAC,0,0,0
EOC2_PBMC_cell_TAGAGCTAGCCTCGTG,0,0,0
EOC2_PBMC_cell_ACACCCTAGGATCGCA,0,0,0
EOC2_PBMC_cell_TTGGAACAGTACGTAA,0,0,0
EOC2_PBMC_cell_CATGACACAAGGTTCT,0,0,1
EOC2_PBMC_cell_TGAGCCGAGCAGGCTA,0,0,0
EOC2_PBMC_cell_GTCGGGTAGCCCAATT,0,0,0
EOC2_PBMC_cell_GCTTCCATCAGCATGT,0,0,0
EOC2_PBMC_cell_TGTGTTTTCCCAGGTG,0,0,0
EOC2_PBMC_cell_CTCATTACAGCTGTGC,0,0,0
EOC2_PBMC_cell_TCACAAGGTAGGGACT,0,0,0
EOC2_PBMC_cell_CAGCCGAAGACCTAGG,0,0,0
EOC2_PBMC_cell_CTAATGGCACTGCCAG,0,0,0
EOC2_PBMC_cell_CGTTGGGAGGAGTCTG,0,0,0
EOC2_PBMC_cell_ATCACGAGTACTCTCC,0,0,0
EOC2_PBMC_cell_GAACCTACATTACGAC,0,0,0
EOC2_PBMC_cell_TGTTCCGAGCTGGAAC,0,0,0
EOC2_PBMC_cell_ACGCAGCCAATCGGTT,0,0,0
EOC2_PBMC_cell_CTAGAGTGTTTGTTGG,0,0,0
EOC2_PBMC_cell_CTGTGCTTCGGCTTGG,0,0,0
EOC2_PBMC_cell_TTGACTTGTAAATACG,0,0,0
EOC2_PBMC_cell_CACCACTGTCCGAACC,0,0,0
EOC2_PBMC_cell_GTGTTAGAGATGCGAC,0,0,0
EOC2_PBMC_cell_CCTCAGTAGATGGGTC,0,0,0
EOC2_PBMC_cell_AACTCTTGTCCATGAT,0,0,0
EOC2_PBMC_cell_ATGGGAGCAAGTCTAC,0,0,0
EOC2_PBMC_cell_GCAAACTCAATAGAGT,0,0,0
EOC2_PBMC_cell_TGGCTGGAGTAAGTAC,0,0,0
EOC2_PBMC_cell_GTCCTCAAGCTGCCCA,0,0,0
EOC2_PBMC_cell_GGAAAGCTCCACGTTC,0,0,0
EOC2_PBMC_cell_CGACTTCTCGGTTCGG,0,0,0
EOC2_PBMC_cell_TCTATTGCATCGGACC,0,0,0
EOC2_PBMC_cell_TTCGAAGTCCGCAGTG,0,0,0
EOC2_PBMC_cell_GGGCATCAGGACAGCT,0,0,0
EOC2_PBMC_cell_TTCTCAATCTGTTTGT,0,0,0
EOC2_PBMC_cell_GACCTGGGTCCGAAGA,0,0,0
EOC2_PBMC_cell_TGAGGGACATAGTAAG,0,0,0
EOC2_PBMC_cell_CGTCACTAGGACTGGT,0,0,0
EOC2_PBMC_cell_CCTAAAGCAAGTTGTC,0,0,0
EOC2_PBMC_cell_CCCAATCTCTGCCCTA,0,0,0
EOC2_PBMC_cell_TCAGCTCCAATCTGCA,0,0,0
EOC2_PBMC_cell_ACCCACTCAGCTATTG,0,0,0
EOC2_PBMC_cell_CACAGTAAGCGTAGTG,0,0,0
EOC2_PBMC_cell_AACTCTTGTCTCCATC,0,0,0
EOC2_PBMC_cell_GATCGATTCCCTTGCA,0,0,0
EOC2_PBMC_cell_AACTCAGAGATGTGGC,0,0,0
EOC2_PBMC_cell_CTCGTACAGATGTTAG,0,0,0
EOC2_PBMC_cell_TGTGTTTGTCTCGTTC,0,0,0
EOC2_PBMC_cell_CGTTAGACACGAGAGT,0,0,0
EOC2_PBMC_cell_TGAGGGATCTATGTGG,0,0,0
EOC2_PBMC_cell_GATTCAGGTCGCATAT,0,0,0
EOC2_PBMC_cell_CTCCTAGCACACATGT,0,0,0
EOC2_PBMC_cell_CATATTCAGATCCCGC,0,0,0
EOC2_PBMC_cell_TGTGGTAGTGATGATA,0,0,0
EOC2_PBMC_cell_ATCCACCTCGGTGTTA,0,0,0
EOC2_PBMC_cell_CATTCGCAGAAGGTTT,0,0,0
EOC2_PBMC_cell_CTAGAGTTCCACGAAT,0,0,0
EOC2_PBMC_cell_AGGGAGTAGAAGGGTA,0,0,0
EOC2_PBMC_cell_GTGCGGTAGGATATAC,0,0,1
EOC2_PBMC_cell_TTCTTAGTCGGACAAG,0,0,0
EOC2_PBMC_cell_ACGATGTAGCGATATA,0,0,0
EOC2_PBMC_cell_CCTAGCTTCATCATTC,0,0,0
EOC2_PBMC_cell_CGTCTACCAGACAAAT,0,0,0
EOC2_PBMC_cell_CATCGGGCAAGTAATG,0,0,0
EOC2_PBMC_cell_GGGTTGCAGGCCATAG,0,0,0
EOC2_PBMC_cell_AGGCCGTCATGAACCT,0,0,0
EOC2_PBMC_cell_GGTGTTACATCCAACA,0,0,0
EOC2_PBMC_cell_AACTGGTTCAGGCCCA,0,0,0
EOC2_PBMC_cell_ACGGGTCGTGATGCCC,0,0,0
EOC2_PBMC_cell_TGCACCTAGTTCGCAT,0,0,0
EOC2_PBMC_cell_CTACACCCAATAGCGG,0,0,0
EOC2_PBMC_cell_GGTGTTAGTTTGTGTG,0,0,0
EOC2_PBMC_cell_ACAGCTAGTCGGATCC,0,0,0
EOC2_PBMC_cell_TTAGGCATCTAACGGT,0,0,0
EOC2_PBMC_cell_GTATCTTTCCGCAAGC,0,0,0
EOC2_PBMC_cell_GCATACACAATAACGA,0,0,0
EOC2_PBMC_cell_ATCATGGTCCATTCTA,0,0,0
EOC2_PBMC_cell_CTAGTGAAGATCCTGT,0,0,0
EOC2_PBMC_cell_CACATAGAGCACACAG,0,0,0
EOC2_PBMC_cell_TCGAGGCTCAGTCCCT,0,0,0
EOC2_PBMC_cell_AGAATAGCACAACTGT,0,0,0
EOC2_PBMC_cell_CACAGGCTCACTATTC,0,0,0
EOC2_PBMC_cell_CTCATTATCTTCGGTC,0,0,0
EOC2_PBMC_cell_ATCCACCGTTCAGCGC,0,0,0
EOC2_PBMC_cell_ATCCACCTCACGGTTA,0,0,0
EOC2_PBMC_cell_GGTATTGCACATTCGA,0,0,0
EOC2_PBMC_cell_ACTTGTTGTATCTGCA,0,0,0
EOC2_PBMC_cell_TACTTGTAGTCTCCTC,0,0,0
EOC2_PBMC_cell_AGCTTGAAGAATTCCC,0,0,0
EOC2_PBMC_cell_ACTGAACCAGCCTGTG,0,0,0
EOC2_PBMC_cell_ATCATGGGTCGACTGC,0,0,0
EOC2_PBMC_cell_TACAGTGTCTCCTATA,0,0,0
EOC2_PBMC_cell_GAAATGACAATAACGA,0,0,0
EOC2_PBMC_cell_AGTGTCATCCCGGATG,0,0,0
EOC2_PBMC_cell_GATCGATGTTAGTGGG,0,0,0
EOC2_PBMC_cell_ATGCGATGTGCCTGTG,0,0,0
EOC2_PBMC_cell_TGCCCATGTACGAAAT,0,0,0
EOC2_PBMC_cell_CTGGTCTGTCAATGTC,0,0,0
EOC2_PBMC_cell_CTCACACTCCGAGCCA,0,0,0
EOC2_PBMC_cell_TAGGCATTCCAAGTAC,0,0,0
EOC2_PBMC_cell_GTAACGTTCTCCGGTT,0,0,0
EOC2_PBMC_cell_GATGAAAGTGCACGAA,0,0,0
EOC2_PBMC_cell_CTAACTTGTCGCCATG,0,0,0
EOC2_PBMC_cell_CGGTTAAAGAGTAAGG,0,0,0
EOC2_PBMC_cell_AATCCAGAGCAGCGTA,0,0,0
EOC2_PBMC_cell_GTACTTTGTGTCCTCT,0,0,0
EOC2_PBMC_cell_GAATGAATCGGAATCT,0,0,0
EOC2_PBMC_cell_GGACGTCTCACCGTAA,0,0,0
EOC2_PBMC_cell_CAGCTAACAGACGCTC,0,0,0
EOC2_PBMC_cell_CACCAGGGTGGTACAG,0,0,0
EOC2_PBMC_cell_CAAGAAATCAACCATG,0,0,0
EOC2_PBMC_cell_CACCAGGTCCTGCTTG,0,0,0
EOC2_PBMC_cell_GTTAAGCAGGGCTCTC,0,0,0
EOC2_PBMC_cell_CTAGTGAAGGTGCTAG,0,0,0
EOC2_PBMC_cell_TCTTTCCGTCGCATAT,0,0,0
EOC2_PBMC_cell_TGAGCATCATGGTCTA,0,0,0
EOC2_PBMC_cell_CAGCATACATCACCCT,0,0,0
EOC2_PBMC_cell_ACTTACTAGCCACTAT,0,0,0
EOC2_PBMC_cell_CTCGTACCAATGTTGC,0,0,0
EOC2_PBMC_cell_GACTACAAGCGTCAAG,0,0,0
EOC2_PBMC_cell_CTCGGAGTCGTCCAGG,0,0,0
EOC2_PBMC_cell_TACACGATCCAGTATG,0,0,0
EOC2_PBMC_cell_CTAGCCTCAGCGATCC,0,0,0
EOC2_PBMC_cell_CAGCTAACATACTACG,0,0,0
EOC2_PBMC_cell_GTTAAGCAGTGACATA,0,0,0
EOC2_PBMC_cell_CGTCCATTCGCGCCAA,0,0,0
EOC2_PBMC_cell_TAGTTGGCACCACCAG,0,0,0
EOC2_PBMC_cell_ACTGATGGTTCCTCCA,0,0,0
EOC2_PBMC_cell_CGGTTAAGTCTTCGTC,0,0,0
EOC2_PBMC_cell_TGGCGCAAGAGTCTGG,0,0,0
EOC2_PBMC_cell_GCTGCGACACGCATCG,0,0,0
EOC2_PBMC_cell_AGGTCATGTGTCTGAT,0,0,0
EOC2_PBMC_cell_GATGCTAGTTTACTCT,0,0,0
EOC2_PBMC_cell_ACTGAACAGACCACGA,0,0,0
EOC2_PBMC_cell_GCGACCAGTATCACCA,0,0,0
EOC2_PBMC_cell_ATGGGAGTCTGTCTCG,0,0,0
EOC2_PBMC_cell_TATTACCAGTGAAGTT,0,0,0
EOC2_PBMC_cell_CGAGCCAGTCAACTGT,0,0,0
EOC2_PBMC_cell_TAGGCATAGTAGCCGA,0,0,0
EOC2_PBMC_cell_TCGGTAATCGTTACGA,0,0,0
EOC2_PBMC_cell_CTTACCGCACATCCGG,0,0,0
EOC2_PBMC_cell_GTGCAGCAGAAACCAT,0,0,0
EOC2_PBMC_cell_GCACTCTTCGTCCGTT,0,0,0
EOC2_PBMC_cell_GCACTCTGTGGGTCAA,0,0,0
EOC2_PBMC_cell_ATCCGAACACATGTGT,0,0,0
EOC2_PBMC_cell_GCTGGGTCATTCACTT,0,0,0
EOC2_PBMC_cell_GACAGAGGTTTCCACC,0,0,0
EOC2_PBMC_cell_GCGACCAAGGCGTACA,0,0,0
EOC2_PBMC_cell_TAAGAGAAGAACTCGG,0,0,0
EOC2_PBMC_cell_GTGTTAGGTTCCGGCA,0,0,0
EOC2_PBMC_cell_GGACGTCGTACTCTCC,0,0,0
EOC2_PBMC_cell_TGAGCCGGTCTTCAAG,0,0,0
EOC2_PBMC_cell_CTGTTTAGTCGATTGT,0,0,0
EOC2_PBMC_cell_CTACGTCCAGTAAGCG,0,0,0
EOC2_PBMC_cell_CACACCTGTATAGGGC,0,0,0
EOC2_PBMC_cell_TGACGGCCACCACGTG,0,0,0
EOC2_PBMC_cell_TGACAACGTCGAATCT,0,0,0
EOC2_PBMC_cell_TTGGAACTCAACACAC,0,0,0
EOC2_PBMC_cell_GGTGAAGTCCATTCTA,0,0,0
EOC2_PBMC_cell_CTAACTTCATGAAGTA,0,0,0
EOC2_PBMC_cell_CAGCCGATCTGTCTCG,0,0,0
EOC2_PBMC_cell_GGACGTCAGTAGGTGC,0,0,0
EOC2_PBMC_cell_CTAGTGAAGGGCACTA,0,0,0
EOC2_PBMC_cell_GAATGAAAGTGGGCTA,0,0,0
EOC2_PBMC_cell_GATCTAGGTTAAAGAC,0,0,0
EOC2_PBMC_cell_GCTGCTTGTACCGTAT,0,0,0
EOC2_PBMC_cell_CAGAGAGTCTCAACTT,0,0,0
EOC2_PBMC_cell_CAGAATCAGTCATGCT,0,0,0
EOC2_PBMC_cell_TACTTGTTCTGTTTGT,0,0,0
EOC2_PBMC_cell_ACTATCTTCGCAAGCC,0,0,0
EOC2_PBMC_cell_GGACAAGTCGCGATCG,0,0,0
EOC2_PBMC_cell_AGGGATGTCTGCCAGG,0,0,0
EOC2_PBMC_cell_CGAGCCACAATGTTGC,0,0,0
EOC2_PBMC_cell_TTTGCGCCACGAGGTA,0,0,0
EOC2_PBMC_cell_GAAACTCTCGCTTGTC,0,0,0
EOC2_PBMC_cell_ATTGGACAGGGTATCG,0,0,0
EOC2_PBMC_cell_CCCTCCTCAAGCTGGA,0,0,0
EOC2_PBMC_cell_GTCACAATCGGAAACG,0,0,0
EOC2_PBMC_cell_GCATACACACAGATTC,0,0,0
EOC2_PBMC_cell_ATCACGAAGAAAGTGG,0,0,0
EOC2_PBMC_cell_CAGGTGCTCCCAACGG,0,0,0
EOC2_PBMC_cell_TAAACCGAGTACGCCC,0,0,0
EOC2_PBMC_cell_GGTATTGCACCTCGTT,0,0,0
EOC2_PBMC_cell_TACGGTAGTTGTCTTT,0,0,0
EOC2_PBMC_cell_ACGCCAGGTCGCGAAA,0,0,0
EOC2_PBMC_cell_TCGAGGCAGAACAACT,0,0,0
EOC2_PBMC_cell_TGTGGTACAAGCTGTT,0,0,0
EOC2_PBMC_cell_GGCCGATTCCTGTAGA,0,0,0
EOC2_PBMC_cell_GCGCGATTCGGAATCT,0,0,0
EOC2_PBMC_cell_TTCTACATCCATTCTA,0,0,0
EOC2_PBMC_cell_CATCAGAAGCCGCCTA,0,0,0
EOC2_PBMC_cell_CGTCCATAGACGCTTT,0,0,0
EOC2_PBMC_cell_TCTTTCCAGTGCGATG,0,0,0
EOC2_PBMC_cell_CGTAGGCAGACACTAA,0,0,0
EOC2_PBMC_cell_GTCAAGTTCAAACAAG,0,0,0
EOC2_PBMC_cell_TTTGGTTCACACTGCG,0,0,0
EOC2_PBMC_cell_AGGCCACAGTTATCGC,0,0,0
EOC2_PBMC_cell_GGCAATTTCAACCAAC,0,0,0
EOC2_PBMC_cell_AAGGAGCAGAAGGTTT,0,0,0
EOC2_PBMC_cell_CCAGCGAAGGAATTAC,0,0,0
EOC2_PBMC_cell_CTTAACTAGGATGGAA,0,0,0
EOC2_PBMC_cell_GGAAAGCCAGGGTACA,0,0,0
EOC2_PBMC_cell_ACGGCCAAGAACAACT,0,0,0
EOC2_PBMC_cell_GGACGTCGTGTGTGCC,0,0,0
EOC2_PBMC_cell_ACACCCTTCGGAAATA,0,0,0
EOC2_PBMC_cell_AAGTCTGCACCAACCG,0,0,0
EOC2_PBMC_cell_GGCTCGACAAGAGTCG,0,0,0
EOC2_PBMC_cell_GGTGTTAGTCGCCATG,0,0,0
EOC2_PBMC_cell_ATCATGGTCGGAATCT,0,0,0
EOC2_PBMC_cell_GGACAGACAAGGACAC,0,0,0
EOC2_PBMC_cell_TCTTTCCGTTACCAGT,0,0,0
EOC2_PBMC_cell_AGTCTTTAGAGCTGCA,0,0,0
EOC2_PBMC_cell_TCAGGTAAGCTGAAAT,0,0,0
EOC2_PBMC_cell_TTAGTTCTCGGAAATA,0,0,0
EOC2_PBMC_cell_TCATTTGAGGGCTCTC,0,0,0
EOC2_PBMC_cell_ATCGAGTAGGCTAGCA,0,0,0
EOC2_PBMC_cell_GGATGTTAGCTCTCGG,0,0,0
EOC2_PBMC_cell_CGCGTTTTCCTGCAGG,0,0,0
EOC2_PBMC_cell_GATGAAACATATGCTG,0,0,0
EOC2_PBMC_cell_GGTGTTACACTGAAGG,0,0,0
EOC2_PBMC_cell_CAGTCCTTCACGATGT,0,0,0
EOC2_PBMC_cell_CTGAAACAGTGCGATG,0,0,0
EOC2_PBMC_cell_TGCTGCTTCTGGTGTA,0,0,0
EOC2_PBMC_cell_CGGGTCAGTCAATACC,0,0,0
EOC2_PBMC_cell_GACCAATGTGTGAATA,0,0,0
EOC2_PBMC_cell_AGCGTCGAGACGCTTT,0,0,0
EOC2_PBMC_cell_ACTTTCAAGGAATCGC,0,0,0
EOC2_PBMC_cell_TCGGTAAAGCTACCGC,0,0,0
EOC2_PBMC_cell_CCTCTGACATGGGACA,0,0,0
EOC2_PBMC_cell_GCTTCCACACGCGAAA,0,0,0
EOC2_PBMC_cell_GTCTTCGCAAAGAATC,0,0,0
EOC2_PBMC_cell_GGACAGACAAGCTGTT,0,0,0
EOC2_PBMC_cell_CGTAGCGCAGGCGATA,0,0,0
EOC2_PBMC_cell_CGTAGGCAGACGCACA,0,0,0
EOC2_PBMC_cell_GTGCGGTAGGGCATGT,0,0,0
EOC2_PBMC_cell_GTGTTAGCACCCTATC,0,0,0
EOC2_PBMC_cell_ACGGGTCGTAGTAGTA,0,0,0
EOC2_PBMC_cell_ACTGCTCGTCTCCATC,0,0,0
EOC2_PBMC_cell_GACAGAGGTACTCTCC,0,0,0
EOC2_PBMC_cell_AAGGCAGGTGCCTGTG,0,0,0
EOC2_PBMC_cell_CTTCTCTTCTGCCAGG,0,0,0
EOC2_PBMC_cell_TCACAAGCAAGTCTGT,0,0,1
EOC2_PBMC_cell_TTAACTCAGCCACGCT,0,0,0
EOC2_PBMC_cell_CTACATTTCGTTTATC,0,0,0
EOC2_PBMC_cell_GTTCTCGGTACACCGC,0,0,0
EOC2_PBMC_cell_CGTCACTTCTGTCAAG,0,0,0
EOC2_PBMC_cell_CATCGAATCCGTACAA,0,0,0
EOC2_PBMC_cell_AACCATGTCCCGACTT,0,0,0
EOC2_PBMC_cell_GTCGGGTAGACTAGAT,0,0,0
EOC2_PBMC_cell_ATTATCCGTTATCGGT,0,0,0
EOC2_PBMC_cell_ACTTACTCATCTCGCT,0,0,0
EOC2_PBMC_cell_GACACGCCATAGAAAC,0,0,0
EOC2_PBMC_cell_GTGCAGCTCGTTACGA,0,0,0
EOC2_PBMC_cell_TTCTACATCGTAGGTT,0,0,0
EOC2_PBMC_cell_TCACGAACAGTAAGCG,0,0,0
EOC2_PBMC_cell_TGGGAAGCATGTAGTC,0,0,0
EOC2_PBMC_cell_TGCTACCCAGATAATG,0,0,0
EOC2_PBMC_cell_TACCTTAAGATGAGAG,0,0,0
EOC2_PBMC_cell_TACACGAAGGCAATTA,0,0,0
EOC2_PBMC_cell_GGGACCTAGTCAATAG,0,0,0
EOC2_PBMC_cell_TTGTAGGTCTACTATC,0,0,0
EOC2_PBMC_cell_GGGCATCCAGCTGTAT,0,0,0
EOC2_PBMC_cell_CAAGAAAGTTATCGGT,0,0,0
EOC2_PBMC_cell_ATGCGATAGCGTTCCG,0,0,0
EOC2_PBMC_cell_CAACCAACAGTATGCT,0,0,0
EOC2_PBMC_cell_CGTCAGGAGCCATCGC,0,0,0
EOC2_PBMC_cell_TGTGTTTTCTAACTTC,0,0,0
EOC2_PBMC_cell_ACTTGTTCACACAGAG,0,0,0
EOC2_PBMC_cell_CCTACCATCCGTTGCT,0,0,0
EOC2_PBMC_cell_GGACAGATCATCGATG,0,0,0
EOC2_PBMC_cell_ACGTCAACAGCGAACA,0,0,0
EOC2_PBMC_cell_CGTAGGCAGAGTCTGG,0,0,0
EOC2_PBMC_cell_ATTATCCTCTAGAGTC,0,0,0
EOC2_PBMC_cell_GAACATCCAACTGCGC,0,0,0
EOC2_PBMC_cell_CGCTTCAGTTATCACG,0,0,0
EOC2_PBMC_cell_CTGAAGTTCGAGCCCA,0,0,0
EOC2_PBMC_cell_CTCGGAGTCATAGCAC,0,0,0
EOC2_PBMC_cell_GGGCACTGTATCTGCA,0,0,0
EOC2_PBMC_cell_CGACCTTCAGGTCTCG,0,0,0
EOC2_PBMC_cell_GGAATAAAGTAGGTGC,0,0,0
EOC2_PBMC_cell_AACGTTGCAGCCTGTG,0,0,0
EOC2_PBMC_cell_CGTTAGATCCGAAGAG,0,0,0
EOC2_PBMC_cell_GATCGTAAGCCACCTG,0,0,0
EOC2_PBMC_cell_CGTTCTGCATAGGATA,0,0,0
EOC2_PBMC_cell_CAAGTTGAGGATGCGT,0,0,0
EOC2_PBMC_cell_TTTATGCTCGATCCCT,0,0,0
EOC2_PBMC_cell_GGCTGGTGTTCACCTC,0,0,0
EOC2_PBMC_cell_GGATGTTAGGCGACAT,0,0,0
EOC2_PBMC_cell_CGAATGTCATATACCG,0,0,0
EOC2_PBMC_cell_GTTAAGCAGTCTCAAC,0,0,0
EOC2_PBMC_cell_GGATTACCAGGAACGT,0,0,0
EOC2_PBMC_cell_TTAACTCCACCCATTC,0,0,0
EOC2_PBMC_cell_GACGTTAAGGTGTTAA,0,0,0
EOC2_PBMC_cell_GTTACAGTCCTAAGTG,0,0,0
EOC2_PBMC_cell_AAGTCTGTCTTAGCCC,0,0,0
EOC2_PBMC_cell_AGAGCGAGTATAATGG,0,0,0
EOC2_PBMC_cell_GTTTCTACAAGAGTCG,0,0,0
EOC2_PBMC_cell_GTAGTCACAGATAATG,0,0,0
EOC2_PBMC_cell_CTGCGGAAGTGTTGAA,0,0,0
EOC2_PBMC_cell_CTGATCCGTCCGTGAC,0,0,0
EOC2_PBMC_cell_AAGCCGCGTTGCTCCT,0,0,0
EOC2_PBMC_cell_CCAGCGAGTTGATTGC,0,0,0
EOC2_PBMC_cell_GTGCTTCAGACTGTAA,0,0,0
EOC2_PBMC_cell_CTTAGGAGTCTTGTCC,0,0,0
EOC2_PBMC_cell_CGTCCATAGCTACCGC,0,0,0
EOC2_PBMC_cell_CGTGAGCTCGAACTGT,0,0,0
EOC2_PBMC_cell_GAACATCAGAGGTACC,0,0,0
EOC2_PBMC_cell_ACGTCAACACCTCGTT,0,0,0
EOC2_PBMC_cell_TAAGCGTTCACCTTAT,0,0,0
EOC2_PBMC_cell_TACTTGTCATGGTAGG,0,0,0
EOC2_PBMC_cell_GGCCGATGTGGTTTCA,0,0,0
EOC2_PBMC_cell_TTCGGTCCACTGCCAG,0,0,0
EOC2_PBMC_cell_AGTTGGTCACGACTCG,0,0,0
EOC2_PBMC_cell_CACAGTAAGAAACCGC,0,0,0
EOC2_PBMC_cell_TTCTACAAGGGATACC,0,0,0
EOC2_PBMC_cell_ACTGAGTAGTTGAGAT,0,0,0
EOC2_PBMC_cell_ATAAGAGTCTAGCACA,0,0,0
EOC2_PBMC_cell_CGCTATCGTGGCCCTA,0,0,0
EOC2_PBMC_cell_CTGCGGATCTATCGCC,0,0,0
EOC2_PBMC_cell_AACACGTCAAATTGCC,0,0,0
EOC2_PBMC_cell_CCACTACCAGGGTACA,0,0,0
EOC2_PBMC_cell_CTCATTATCACGCGGT,0,0,0
EOC2_PBMC_cell_ACTTGTTCACCTATCC,0,0,0
EOC2_PBMC_cell_CTCAGAACAGTATAAG,0,0,0
EOC2_PBMC_cell_TCTCTAATCCGAATGT,0,0,0
EOC2_PBMC_cell_CGATGGCCATCCTTGC,0,0,0
EOC2_PBMC_cell_GGAATAATCTGGTGTA,0,0,0
EOC2_PBMC_cell_AGCTCCTCATCCTAGA,0,0,0
EOC2_PBMC_cell_CTCATTAAGCTAGGCA,0,0,0
EOC2_PBMC_cell_ACGGCCATCATGCTCC,0,0,0
EOC2_PBMC_cell_AGAGTGGCATGCGCAC,0,0,0
EOC2_PBMC_cell_CACCTTGTCAAACCAC,0,0,0
EOC2_PBMC_cell_TTAGTTCGTGGAAAGA,0,0,0
EOC2_PBMC_cell_TTTCCTCTCGGCCGAT,0,0,0
EOC2_PBMC_cell_CTTACCGGTCACTTCC,0,0,0
EOC2_PBMC_cell_TGGCGCAAGACTACAA,0,0,0
EOC2_PBMC_cell_TCAATCTAGGTGCAAC,0,0,0
EOC2_PBMC_cell_GGCGACTCATGGAATA,0,0,0
EOC2_PBMC_cell_ACGATACTCCCTGACT,0,0,0
EOC2_PBMC_cell_TCATTTGTCCTTAATC,0,0,0
EOC2_PBMC_cell_TCGCGTTAGGTGCTAG,0,0,1
EOC2_PBMC_cell_CATTATCGTTCGTCTC,0,0,0
EOC2_PBMC_cell_TGACGGCGTCAGGACA,0,0,0
EOC2_PBMC_cell_ACATCAGGTTGTTTGG,0,0,0
EOC2_PBMC_cell_GCTGCGAGTCTGGTCG,0,0,0
EOC2_PBMC_cell_ACACCGGCAGCGTAAG,0,0,0
EOC2_PBMC_cell_TTGTAGGGTGCCTTGG,0,0,0
EOC2_PBMC_cell_TACGGGCTCGGAGCAA,0,0,0
EOC2_PBMC_cell_CACACAATCGTCCGTT,0,0,0
EOC2_PBMC_cell_GCACATAAGCAATCTC,0,0,0
EOC2_PBMC_cell_TAGTGGTCAGATGGCA,0,0,0
EOC2_PBMC_cell_CTACACCAGATAGTCA,0,0,0
EOC2_PBMC_cell_CCTCTGAGTATTCTCT,0,0,0
EOC2_PBMC_cell_TAAGCGTTCTCTTGAT,0,0,0
EOC2_PBMC_cell_GTACTCCGTCCGAACC,0,0,0
EOC2_PBMC_cell_CGTTAGATCTGTCCGT,0,0,0
EOC2_PBMC_cell_AGATTGCTCGCTTGTC,0,0,0
EOC2_PBMC_cell_GGGTTGCGTGTCAATC,0,0,0
EOC2_PBMC_cell_AGCTCTCCATGGTTGT,0,0,0
EOC2_PBMC_cell_TCAACGAAGCTGCGAA,0,0,0
EOC2_PBMC_cell_AGATTGCCAGAAGCAC,0,0,0
EOC2_PBMC_cell_TCCACACCACATGGGA,0,0,0
EOC2_PBMC_cell_TATCAGGCAAACTGCT,0,0,0
EOC2_PBMC_cell_GCGGGTTTCGGTCCGA,0,0,0
EOC2_PBMC_cell_ACGTCAAGTATATGAG,0,0,0
EOC2_PBMC_cell_CCTCAGTGTCTTCTCG,0,0,0
EOC2_PBMC_cell_GATGAGGAGCGATAGC,0,0,0
EOC2_PBMC_cell_GAACATCAGCTTCGCG,0,0,0
EOC2_PBMC_cell_GAAACTCTCGTCCGTT,0,0,0
EOC2_PBMC_cell_CGATCGGAGAGCAATT,0,0,0
EOC2_PBMC_cell_CTTCTCTCACGTCAGC,0,0,0
EOC2_PBMC_cell_CTGATCCGTTCCACAA,0,0,0
EOC2_PBMC_cell_TCTCATATCCAAGCCG,0,0,0
EOC2_PBMC_cell_CTAACTTTCATGTGGT,0,0,0
EOC2_PBMC_cell_GACTACAAGGGCTTCC,0,0,0
EOC2_PBMC_cell_GACGGCTTCGGAAATA,0,0,0
EOC2_PBMC_cell_GTGCAGCCAGTCAGCC,0,0,0
EOC2_PBMC_cell_GCGAGAATCATACGGT,0,0,0
EOC2_PBMC_cell_GTTTCTAAGATATGCA,0,0,1
EOC2_PBMC_cell_AGTAGTCAGGGAGTAA,0,0,0
EOC2_PBMC_cell_CCACCTACACGTGAGA,0,0,0
EOC2_PBMC_cell_ATTACTCTCTTGCAAG,0,0,0
EOC2_PBMC_cell_GGACAGATCACAGTAC,0,0,0
EOC2_PBMC_cell_CTACGTCGTAACGCGA,0,0,0
EOC2_PBMC_cell_GTTAAGCCATATGGTC,0,0,0
EOC2_PBMC_cell_GTGCAGCAGGTCATCT,0,0,0
EOC2_PBMC_cell_CATCGAACACGGTAAG,0,0,0
EOC2_PBMC_cell_GATCTAGCAATGGACG,0,0,0
EOC2_PBMC_cell_TAGGCATCACTTAACG,0,0,0
EOC2_PBMC_cell_TACGGATGTACTCGCG,0,0,0
EOC2_PBMC_cell_CGTTCTGCAATAACGA,0,0,0
EOC2_PBMC_cell_CGGACACAGGTTCCTA,0,0,0
EOC2_PBMC_cell_CCACCTAGTAATTGGA,0,0,0
EOC2_PBMC_cell_CTACGTCGTCATGCAT,0,0,0
EOC2_PBMC_cell_CAAGAAATCGCAGGCT,0,0,0
EOC2_PBMC_cell_TCCACACCACTTAACG,0,0,0
EOC2_PBMC_cell_CCTTACGCAGGAATCG,0,0,0
EOC2_PBMC_cell_TAAGCGTGTCATTAGC,0,0,0
EOC2_PBMC_cell_TGACTAGTCCACGCAG,0,0,0
EOC2_PBMC_cell_AACGTTGCACTCTGTC,0,0,0
EOC2_PBMC_cell_TTGGAACGTTCAGACT,0,0,0
EOC2_PBMC_cell_ACCGTAACAACGATGG,0,0,0
EOC2_PBMC_cell_CTGGTCTGTAACGTTC,0,0,0
EOC2_PBMC_cell_TCACGAATCATCTGTT,0,0,0
EOC2_PBMC_cell_TGGGAAGGTTCAACCA,0,0,0
EOC2_PBMC_cell_CAACCTCTCGTGTAGT,0,0,0
EOC2_PBMC_cell_CATTCGCTCAGTCAGT,0,0,0
EOC2_PBMC_cell_CGTTAGAAGATGTCGG,0,0,0
EOC2_PBMC_cell_ATGAGGGTCTGAGTGT,0,0,0
EOC2_PBMC_cell_TCCACACGTCAAACTC,0,0,0
EOC2_PBMC_cell_ACACTGATCTGTACGA,0,0,0
EOC2_PBMC_cell_GCATGATTCGGTCCGA,0,0,0
EOC2_PBMC_cell_GGCAATTAGTATGACA,0,0,0
EOC2_PBMC_cell_CCGTACTAGCCATCGC,0,0,0
EOC2_PBMC_cell_GTAACGTTCACTATTC,0,0,0
EOC2_PBMC_cell_CTGATAGGTACGCTGC,0,0,0
EOC2_PBMC_cell_CTGTTTATCAATAAGG,0,0,0
EOC2_PBMC_cell_AGAGCTTGTAGCGTGA,0,0,0
EOC2_PBMC_cell_TATTACCCATGCCACG,0,0,0
EOC2_PBMC_cell_CCTCTGAAGTTAAGTG,0,0,0
EOC2_PBMC_cell_TTGCCGTCAGGGATTG,0,0,0
EOC2_PBMC_cell_AGACGTTCAGGACCCT,0,0,0
EOC2_PBMC_cell_CGACCTTTCTTGGGTA,0,0,0
EOC2_PBMC_cell_GGGTCTGTCAACACAC,0,0,0
EOC2_PBMC_cell_TACTCATAGTGGGCTA,0,0,0
EOC2_PBMC_cell_CAGGTGCCATTGGGCC,0,0,0
EOC2_PBMC_cell_TAAGCGTTCATCTGCC,0,0,0
EOC2_PBMC_cell_ACTGCTCAGCCATCGC,0,0,0
EOC2_PBMC_cell_GACCAATTCAATCTCT,0,0,0
EOC2_PBMC_cell_CTCGTCAGTACGCTGC,0,0,0
EOC2_PBMC_cell_AACGTTGTCCTCATTA,0,0,0
EOC2_PBMC_cell_GCAGCCACATGGGAAC,0,0,0
EOC2_PBMC_cell_GAACGGACATTTGCTT,0,0,0
EOC2_PBMC_cell_CACATAGAGGTCATCT,0,0,0
EOC2_PBMC_cell_TTCTACAAGTGAAGAG,0,0,0
EOC2_PBMC_cell_TTTACTGCATGCTGGC,0,0,0
EOC2_PBMC_cell_AGTTGGTAGAACAATC,0,0,0
EOC2_PBMC_cell_GTCGGGTCAGGTCGTC,0,0,0
EOC2_PBMC_cell_CCCAATCCATCGACGC,0,0,0
EOC2_PBMC_cell_TCTCTAACAGGACCCT,0,0,0
EOC2_PBMC_cell_GAACCTAGTTGGTAAA,0,0,0
EOC2_PBMC_cell_GCTCCTAAGACTAAGT,0,0,0
EOC2_PBMC_cell_GTAACGTAGCCGCCTA,0,0,0
EOC2_PBMC_cell_AATCCAGGTAAACACA,0,0,0
EOC2_PBMC_cell_TGAGCATTCGCCTGAG,0,0,0
EOC2_PBMC_cell_ATCTACTAGATAGGAG,0,0,0
EOC2_PBMC_cell_GCTGGGTCATACTCTT,0,0,0
EOC2_PBMC_cell_TTTACTGGTTCAGCGC,0,0,0
EOC2_PBMC_cell_CAAGTTGCATGGTAGG,0,0,0
EOC2_PBMC_cell_GTACTTTTCCTTGGTC,0,0,0
EOC2_PBMC_cell_GTAACGTTCTCTTATG,0,0,1
EOC2_PBMC_cell_CTCTGGTAGTGGAGAA,0,0,0
EOC2_PBMC_cell_TTAGGACCAACTGCGC,0,0,0
EOC2_PBMC_cell_CAGCAGCAGGTCGGAT,0,0,0
EOC2_PBMC_cell_CTCGGAGAGACTAGGC,0,0,0
EOC2_PBMC_cell_ATTTCTGTCATAGCAC,0,0,0
EOC2_PBMC_cell_GTCGTAACAAAGGCGT,0,0,0
EOC2_PBMC_cell_AGCAGCCTCTCCAACC,0,0,0
EOC2_PBMC_cell_CCGGGATAGGGCATGT,0,0,0
EOC2_PBMC_cell_TGGGAAGCAATGAATG,0,0,0
EOC2_PBMC_cell_ATAGACCTCACCAGGC,0,0,0
EOC2_PBMC_cell_TATGCCCCAACACCTA,0,0,0
EOC2_PBMC_cell_GGGATGATCTGCGACG,0,0,0
EOC2_PBMC_cell_GAGCAGATCTCCGGTT,0,0,0
EOC2_PBMC_cell_CCCAATCGTGTGACCC,0,0,0
EOC2_PBMC_cell_CTGCTGTTCACATACG,0,0,0
EOC2_PBMC_cell_GTGCTTCCACAACTGT,0,0,0
EOC2_PBMC_cell_GGGCACTGTATAGGTA,0,0,0
EOC2_PBMC_cell_AGACGTTCATGGATGG,0,0,0
EOC2_PBMC_cell_AGCTCCTCATTCGACA,0,0,0
EOC2_PBMC_cell_CGCTTCAAGGCTCATT,0,0,0
EOC2_PBMC_cell_CCTCTGAGTGTGACCC,0,0,0
EOC2_PBMC_cell_TATGCCCTCCGCGGTA,0,0,0
EOC2_PBMC_cell_GGCAATTCAAGAGTCG,0,0,0
EOC2_PBMC_cell_CCCAATCCAGGGATTG,0,0,0
EOC2_PBMC_cell_CGGGTCACAGGCTCAC,0,0,0
EOC2_PBMC_cell_GCGCAGTCACTTAAGC,0,0,0
EOC2_PBMC_cell_CGAACATGTTACCAGT,0,0,0
EOC2_PBMC_cell_CACACTCTCGTAGGAG,0,0,0
EOC2_PBMC_cell_CGTGTCTAGCTGAAAT,0,0,0
EOC2_PBMC_cell_TTCTTAGAGTGTTTGC,0,0,0
EOC2_PBMC_cell_CATATTCTCGGTGTCG,0,0,0
EOC2_PBMC_cell_CAGCTGGCATATACGC,0,0,0
EOC2_PBMC_cell_AACTGGTTCAACGCTA,0,0,0
EOC2_PBMC_cell_TTGAACGAGCTATGCT,0,0,0
EOC2_PBMC_cell_CTGCGGATCCACGTTC,0,0,0
EOC2_PBMC_cell_CGACTTCTCCCATTAT,0,0,0
EOC2_PBMC_cell_GGGTCTGTCGTTTATC,0,0,0
EOC2_PBMC_cell_GTCATTTCATGCTGGC,0,0,0
EOC2_PBMC_cell_GGTATTGAGATGTGTA,0,0,0
EOC2_PBMC_cell_TGATTTCGTAAATGAC,0,0,0
EOC2_PBMC_cell_TCAGGATCAATCGGTT,0,0,0
EOC2_PBMC_cell_AAATGCCAGCGTAATA,0,0,0
EOC2_PBMC_cell_TTGCCGTTCGCAAACT,0,0,0
EOC2_PBMC_cell_GTTAAGCCAATGGAAT,0,0,0
EOC2_PBMC_cell_ACCGTAATCAATCTCT,0,0,0
EOC2_PBMC_cell_TTGCGTCCATCACGTA,0,0,0
EOC2_PBMC_cell_TCTGAGAAGTTCGCGC,0,0,0
EOC2_PBMC_cell_AAACCTGCAGGAACGT,0,0,0
EOC2_PBMC_cell_GGCTCGACAGTCCTTC,0,0,0
EOC2_PBMC_cell_CGCTATCCATTTCAGG,0,0,0
EOC2_PBMC_cell_AGTTGGTAGCCAGAAC,0,0,0
EOC2_PBMC_cell_AAAGATGAGTGTTTGC,0,0,0
EOC2_PBMC_cell_ACCCACTGTGGTACAG,0,0,0
EOC2_PBMC_cell_GATGCTAGTTATTCTC,0,0,0
EOC2_PBMC_cell_GTAGGCCTCAACGGGA,0,0,0
EOC2_PBMC_cell_CTCTGGTAGTCCCACG,0,0,0
EOC2_PBMC_cell_CCTTCCCAGTATGACA,0,0,0
EOC2_PBMC_cell_CTCATTACAATGGATA,0,0,0
EOC2_PBMC_cell_TACAGTGCACCAGGTC,0,0,0
EOC2_PBMC_cell_ACGCCGAAGAAGGTGA,0,0,0
EOC2_PBMC_cell_GCTGCAGAGAGAGCTC,0,0,0
EOC2_PBMC_cell_AAAGCAACAGATCTGT,0,0,0
EOC2_PBMC_cell_AATCCAGGTTTGCATG,0,0,0
EOC2_PBMC_cell_GCTTCCACATGCCACG,0,0,0
EOC2_PBMC_cell_CGATGGCCACGGTTTA,0,0,0
EOC2_PBMC_cell_TGAGCCGCAGTGGAGT,0,0,0
EOC2_PBMC_cell_TTTGGTTAGCTCAACT,0,0,0
EOC2_PBMC_cell_GTTCTCGCAGGCTCAC,0,0,0
EOC2_PBMC_cell_AGATCTGCATTAACCG,0,0,0
EOC2_PBMC_cell_AAGGAGCTCCTCAATT,0,0,0
EOC2_PBMC_cell_CCAATCCCATGACATC,0,0,1
EOC2_PBMC_cell_CGGACACCACTCTGTC,0,0,0
EOC2_PBMC_cell_CTCGAGGAGGGAAACA,0,0,0
EOC2_PBMC_cell_TTTGTCATCGTGGACC,0,0,0
EOC2_PBMC_cell_AACGTTGTCTGTCTAT,0,0,0
EOC2_PBMC_cell_CTTAACTGTGAAAGAG,0,0,0
EOC2_PBMC_cell_ATAAGAGCAACAACCT,0,0,0
EOC2_PBMC_cell_ACGGGCTGTCGCGTGT,0,0,0
EOC2_PBMC_cell_TTCTCCTAGCGACGTA,0,0,0
EOC2_PBMC_cell_GCCAAATGTCGCTTTC,0,0,0
EOC2_PBMC_cell_AACACGTTCCGTCATC,0,0,0
EOC2_PBMC_cell_GGAACTTGTCAGAATA,0,0,0
EOC2_PBMC_cell_AGTGTCATCAGCTCTC,0,0,0
EOC2_PBMC_cell_CGGGTCACAGTACACT,0,0,0
EOC2_PBMC_cell_GGAACTTTCCAGAAGG,0,0,0
EOC2_PBMC_cell_TCCACACTCCCTAACC,0,0,0
EOC2_PBMC_cell_AACTGGTTCCTCAATT,0,0,0
EOC2_PBMC_cell_CGTAGGCCAGATCGGA,0,0,0
EOC2_PBMC_cell_TTTGCGCGTTTGGGCC,0,0,0
EOC2_PBMC_cell_TCTGAGAAGCTAGCCC,0,0,0
EOC2_PBMC_cell_CTCATTACACGAAAGC,0,0,0
EOC2_PBMC_cell_CCCTCCTAGTGAATTG,0,0,0
EOC2_PBMC_cell_GACGTTAGTACTTCTT,0,0,0
EOC2_PBMC_cell_GCGAGAAGTGTGTGCC,0,0,1
EOC2_PBMC_cell_GAGTCCGAGGTTACCT,0,0,0
EOC2_PBMC_cell_TCAGGTAGTTAAAGTG,0,0,0
EOC2_PBMC_cell_GACTAACGTCTCTCGT,0,0,0
EOC2_PBMC_cell_GGCAATTGTATTCTCT,0,0,0
EOC2_PBMC_cell_TGCTGCTCACGCCAGT,0,0,0
EOC2_PBMC_cell_TTCGGTCTCTTGAGGT,0,0,0
EOC2_PBMC_cell_CGGTTAATCTGCCAGG,0,0,0
EOC2_PBMC_cell_ACGATACGTAATCACC,0,0,0
EOC2_PBMC_cell_TGTATTCAGAATCTCC,0,0,0
EOC2_PBMC_cell_CGGGTCATCCCTAATT,0,0,0
EOC2_PBMC_cell_TACGGGCCACACAGAG,0,0,0
EOC2_PBMC_cell_CGGTTAATCTTGTATC,0,0,0
EOC2_PBMC_cell_CTCTACGAGGCATTGG,0,0,0
EOC2_PBMC_cell_CCGGGATCATGGTCTA,0,0,0
EOC2_PBMC_cell_CATGGCGCAGCGATCC,0,0,0
EOC2_PBMC_cell_CACACCTTCGTTGACA,0,0,0
EOC2_PBMC_cell_TGCTGCTGTGCAGACA,0,0,0
EOC2_PBMC_cell_CGCTATCTCACCAGGC,0,0,0
EOC2_PBMC_cell_GGCTCGAAGGATGCGT,0,0,0
EOC2_PBMC_cell_TTTGGTTAGGCCCTTG,0,0,0
EOC2_PBMC_cell_CGACCTTTCATAGCAC,0,0,0
EOC2_PBMC_cell_ACGCAGCCAATAGCAA,0,0,0
EOC2_PBMC_cell_CTAGAGTAGTCTTGCA,0,0,0
EOC2_PBMC_cell_TCGCGAGAGTGTACGG,0,0,0
EOC2_PBMC_cell_GATCGATCACTGTTAG,0,0,0
EOC2_PBMC_cell_GATTCAGAGTCCATAC,0,0,0
EOC2_PBMC_cell_CAAGAAAGTAGGGACT,0,0,0
EOC2_PBMC_cell_GCATGTAGTATAAACG,0,0,0
EOC2_PBMC_cell_CGTTGGGAGACACGAC,0,0,0
EOC2_PBMC_cell_ATAGACCGTATTACCG,0,0,0
EOC2_PBMC_cell_GACGCGTAGCGTTTAC,0,0,0
EOC2_PBMC_cell_CATTCGCCAAGACACG,0,0,0
EOC2_PBMC_cell_TGGTTCCTCCTATGTT,0,0,0
EOC2_PBMC_cell_TTCTACAGTGATAAGT,0,0,0
EOC2_PBMC_cell_CATCAAGAGCAATATG,0,0,0
EOC2_PBMC_cell_TTGGCAAGTACCCAAT,0,0,0
EOC2_PBMC_cell_CTGCCTACACGGTTTA,0,0,0
EOC2_PBMC_cell_CAGTAACCATCAGTAC,0,0,0
EOC2_PBMC_cell_CGGAGCTAGTGTCTCA,0,0,0
EOC2_PBMC_cell_ACACCCTAGCCGTCGT,0,0,0
EOC2_PBMC_cell_GACTGCGCAACACGCC,0,0,0
EOC2_PBMC_cell_CCTAGCTAGACAGACC,0,0,0
EOC2_PBMC_cell_TCAGGATAGACTTGAA,0,0,0
EOC2_PBMC_cell_GCAGCCAAGGACGAAA,0,0,0
EOC2_PBMC_cell_GCGACCACAGGACGTA,0,0,0
EOC2_PBMC_cell_TATTACCAGCGTCTAT,0,0,0
EOC2_PBMC_cell_CCTACACGTTCCACAA,0,0,0
EOC2_PBMC_cell_CGCTGGAAGCTACCTA,0,0,0
EOC2_PBMC_cell_GACAGAGCAAGCGTAG,0,0,1
EOC2_PBMC_cell_CTCGAGGTCTGTCTAT,0,0,0
EOC2_PBMC_cell_TCTGAGAGTACATCCA,0,0,0
EOC2_PBMC_cell_GCTGGGTCAAAGCAAT,0,0,0
EOC2_PBMC_cell_CACCTTGTCCAGAGGA,0,0,0
EOC2_PBMC_cell_TCTTTCCCACAGCGTC,0,0,0
EOC2_PBMC_cell_GATGAAAAGTGGAGAA,0,0,0
EOC2_PBMC_cell_GCGCGATCACACTGCG,0,0,0
EOC2_PBMC_cell_CTGAAACTCAACACAC,0,0,0
EOC2_PBMC_cell_GGGATGAGTAAATGTG,0,0,0
EOC2_PBMC_cell_CATCGAAAGTATGACA,0,0,0
EOC2_PBMC_cell_CCGTACTCAACAACCT,0,0,0
EOC2_PBMC_cell_CCTACCAAGGACGAAA,0,0,0
EOC2_PBMC_cell_TGGTTCCAGCTAGCCC,0,0,0
EOC2_PBMC_cell_GTCGGGTAGATGCGAC,0,0,0
EOC2_PBMC_cell_ATCATGGAGGAGTTTA,0,0,0
EOC2_PBMC_cell_CAACCAATCTTGCATT,0,0,0
EOC2_PBMC_cell_ATTGGTGAGACGCTTT,0,0,0
EOC2_PBMC_cell_CAGAATCTCGTCCAGG,0,0,0
EOC2_PBMC_cell_ACGATGTAGCGTTCCG,0,0,0
EOC2_PBMC_cell_CACATAGAGATAGCAT,0,0,0
EOC2_PBMC_cell_GTGCGGTAGAGGGCTT,0,0,0
EOC2_PBMC_cell_ATTTCTGTCTTACCTA,0,0,0
EOC2_PBMC_cell_ATCGAGTGTAGTAGTA,0,0,0
EOC2_PBMC_cell_GTCATTTGTAGCTGCC,0,0,0
EOC2_PBMC_cell_GACAGAGTCCACGCAG,0,0,0
EOC2_PBMC_cell_AAGACCTGTATAAACG,0,0,0
EOC2_PBMC_cell_TTGGCAAAGAGTACCG,0,0,0
EOC2_PBMC_cell_CGCCAAGAGGGCTTGA,0,0,0
EOC2_PBMC_cell_CGTGAGCAGTTTAGGA,0,0,0
EOC2_PBMC_cell_GCTGCAGCACCGGAAA,0,0,0
EOC2_PBMC_cell_TGATTTCTCATGCATG,0,0,0
EOC2_PBMC_cell_CACCTTGTCCATGAGT,0,0,0
EOC2_PBMC_cell_GCAGTTAAGCGAAGGG,0,0,0
EOC2_PBMC_cell_GACAGAGGTACGCTGC,0,0,0
EOC2_PBMC_cell_GGAAAGCAGTATCGAA,0,0,0
EOC2_PBMC_cell_CAAGAAAGTTACGTCA,0,0,0
EOC2_PBMC_cell_CACAAACTCCCTAATT,0,0,0
EOC2_PBMC_cell_TGTCCCAAGGGTATCG,0,0,0
EOC2_PBMC_cell_CCACGGAAGTAGTGCG,0,0,0
EOC2_PBMC_cell_ACATACGAGCTGTCTA,0,0,0
EOC2_PBMC_cell_AACTCCCAGGAGTTTA,0,0,0
EOC2_PBMC_cell_ATGGGAGAGCCAACAG,0,0,0
EOC2_PBMC_cell_CCATTCGAGCCTTGAT,0,0,0
EOC2_PBMC_cell_TGGGCGTGTCTGGAGA,0,0,0
EOC2_PBMC_cell_TCATTTGAGGCAGGTT,0,0,0
EOC2_PBMC_cell_TACCTTAGTCTAGGTT,0,0,0
EOC2_PBMC_cell_CGACTTCAGACAAGCC,0,0,0
EOC2_PBMC_cell_AAGTCTGAGCTCTCGG,0,0,0
EOC2_PBMC_cell_ATCCACCAGGTGTGGT,0,0,0
EOC2_PBMC_cell_GGACAGAGTACCGAGA,0,0,0
EOC2_PBMC_cell_TTCGAAGGTCTAAACC,0,0,0
EOC2_PBMC_cell_CCGTTCATCAGCTCTC,0,0,0
EOC2_PBMC_cell_ATCCGAATCTCTGCTG,0,0,0
EOC2_PBMC_cell_ACGAGCCAGGATCGCA,0,0,0
EOC2_PBMC_cell_CCATGTCTCACCATAG,0,0,0
EOC2_PBMC_cell_TGCCCTAAGTTCGCAT,0,0,0
EOC2_PBMC_cell_TGAGAGGTCGGCGCAT,0,0,0
EOC2_PBMC_cell_CTGATAGTCATGCATG,0,0,0
EOC2_PBMC_cell_GCGCAGTCATTGGGCC,0,0,0
EOC2_PBMC_cell_TGAGCATTCCTATGTT,0,0,0
EOC2_PBMC_cell_CAGCAGCGTGACCAAG,0,0,0
EOC2_PBMC_cell_AGTGTCAAGAGTTGGC,0,0,0
EOC2_PBMC_cell_GGACGTCAGCCAGTTT,0,0,0
EOC2_PBMC_cell_CCAGCGAAGGCGACAT,0,0,0
EOC2_PBMC_cell_CTGAAGTCAATGGTCT,0,0,0
EOC2_PBMC_cell_TAAGCGTAGAGGGATA,0,0,0
EOC2_PBMC_cell_ATCACGAGTATTACCG,0,0,0
EOC2_PBMC_cell_CCTTCGATCATGCAAC,0,0,0
EOC2_PBMC_cell_TTCTCCTAGTGCAAGC,0,0,0
EOC2_PBMC_cell_TTTGCGCAGGTGCACA,0,0,0
EOC2_PBMC_cell_TGCCCTATCAACGAAA,0,0,0
EOC2_PBMC_cell_TTTGGTTAGTGCGATG,0,0,0
EOC2_PBMC_cell_GCGCAGTCACAACGTT,0,0,0
EOC2_PBMC_cell_TACGGTATCCAAGTAC,0,0,0
EOC2_PBMC_cell_GCAAACTAGAAGAAGC,0,0,0
EOC2_PBMC_cell_TGCGCAGTCCCGGATG,0,0,0
EOC2_PBMC_cell_CTTTGCGCAGACAAGC,0,0,0
EOC2_PBMC_cell_ATCACGATCTGTGCAA,0,0,0
EOC2_PBMC_cell_AGGTCATTCTTCATGT,0,0,0
EOC2_PBMC_cell_ACGAGCCAGGTTACCT,0,0,0
EOC2_PBMC_cell_ACGATACTCGCGGATC,0,0,0
EOC2_PBMC_cell_TTTATGCAGGGCTCTC,0,0,0
EOC2_PBMC_cell_CTGATCCCAAGACACG,0,0,0
EOC2_PBMC_cell_GATGAGGCATTCGACA,0,0,0
EOC2_PBMC_cell_CCTCTGATCTAAGCCA,0,0,0
EOC2_PBMC_cell_AGGCCACGTATCACCA,0,0,0
EOC2_PBMC_cell_CACAGTAAGAAGGGTA,0,0,0
EOC2_PBMC_cell_TAAGCGTAGTAGGTGC,0,0,0
EOC2_PBMC_cell_TTGGAACAGATCCCAT,0,0,0
EOC2_PBMC_cell_AACCGCGGTATATGGA,0,0,0
EOC2_PBMC_cell_CGTGTAACAGATCCAT,0,0,0
EOC2_PBMC_cell_ACCCACTCAATCCGAT,0,0,0
EOC2_PBMC_cell_TCGGGACTCAGGTTCA,0,0,0
EOC2_PBMC_cell_GCCAAATTCTCGGACG,0,0,0
EOC2_PBMC_cell_CGTGAGCGTAGAAGGA,0,0,0
EOC2_PBMC_cell_ACGGCCACATACAGCT,0,0,0
EOC2_PBMC_cell_CACACTCGTCCAGTTA,0,0,0
EOC2_PBMC_cell_AACTTTCTCATGCAAC,0,0,0
EOC2_PBMC_cell_CTCGTACCAATCCAAC,0,0,0
EOC2_PBMC_cell_TGTATTCAGTGGACGT,0,0,0
EOC2_PBMC_cell_AACTCTTTCAATACCG,0,0,0
EOC2_PBMC_cell_GGTGCGTCACGCTTTC,0,0,0
EOC2_PBMC_cell_CGGACGTAGTAATCCC,0,0,0
EOC2_PBMC_cell_AATCGGTAGTAGCCGA,0,0,0
EOC2_PBMC_cell_CGAATGTAGCTAAGAT,0,0,0
EOC2_PBMC_cell_CTCGTACCACCTCGTT,0,0,0
EOC2_PBMC_cell_GGACATTAGATGTGTA,0,0,0
EOC2_PBMC_cell_TCATTTGAGAGCCTAG,0,0,0
EOC2_PBMC_cell_GGACAAGCACGAAATA,0,0,0
EOC2_PBMC_cell_CGATGTACATGGAATA,0,0,0
EOC2_PBMC_cell_CTTCTCTCACCAGGTC,0,0,0
EOC2_PBMC_cell_ACTATCTGTGCCTGCA,0,0,0
EOC2_PBMC_cell_CATATGGTCTATCCCG,0,0,0
EOC2_PBMC_cell_TGCCCATAGGGAGTAA,0,0,0
EOC2_PBMC_cell_ACTGATGCAGTCGATT,0,0,0
EOC2_PBMC_cell_GTGCTTCTCCGTAGTA,0,0,0
EOC2_PBMC_cell_TCACAAGGTCACTTCC,0,0,0
EOC2_PBMC_cell_CGCGTTTAGGATGCGT,0,0,0
EOC2_PBMC_cell_TGAGAGGTCGCTGATA,0,0,0
EOC2_PBMC_cell_CTGCTGTCACGCATCG,0,0,0
EOC2_PBMC_cell_ACGCCGACATTAACCG,0,0,0
EOC2_PBMC_cell_GTGGGTCTCCACGACG,0,0,0
EOC2_PBMC_cell_GCTGCTTCATGCCCGA,0,0,0
EOC2_PBMC_cell_TCGCGTTTCCGCAGTG,0,0,0
EOC2_PBMC_cell_GGGTTGCTCCTTGACC,0,0,0
EOC2_PBMC_cell_CGCTATCAGTAGATGT,0,0,0
EOC2_PBMC_cell_TCAGGATTCCTGCCAT,0,0,0
EOC2_PBMC_cell_TCGGGACCATGGGAAC,0,0,0
EOC2_PBMC_cell_TAAGCGTTCCTCGCAT,0,0,0
EOC2_PBMC_cell_AACACGTTCCGTCAAA,0,0,0
EOC2_PBMC_cell_GGGTCTGTCCACGCAG,0,0,0
EOC2_PBMC_cell_CTTACCGAGCTCAACT,0,0,0
EOC2_PBMC_cell_TTAGGACAGAACTCGG,0,0,0
EOC2_PBMC_cell_CTAAGACTCCCTCTTT,0,0,0
EOC2_PBMC_cell_CGAACATTCGTAGGAG,0,0,0
EOC2_PBMC_cell_ATCCGAAAGGTGCACA,0,0,0
EOC2_PBMC_cell_TAGTGGTTCTATCCTA,0,0,0
EOC2_PBMC_cell_TTGGCAAAGACTAAGT,0,0,0
EOC2_PBMC_cell_GCGACCATCCCATTTA,0,0,0
EOC2_PBMC_cell_TACTCGCAGGATGGTC,0,0,0
EOC2_PBMC_cell_AAGCCGCGTTGATTGC,0,0,0
EOC2_PBMC_cell_GTTCGGGGTACCCAAT,0,0,0
EOC2_PBMC_cell_CTACGTCGTACATGTC,0,0,0
EOC2_PBMC_cell_CTGGTCTCAATCGAAA,0,0,0
EOC2_PBMC_cell_CTGCTGTCATTGTGCA,0,0,0
EOC2_PBMC_cell_CATCGAACACCCATTC,0,0,0
EOC2_PBMC_cell_CTCTGGTCAGCTGCTG,0,0,0
EOC2_PBMC_cell_TCGGTAACACGGCTAC,0,0,0
EOC2_PBMC_cell_CAAGAAAAGTCCCACG,0,0,0
EOC2_PBMC_cell_TTCCCAGAGTCGCCGT,0,0,0
EOC2_PBMC_cell_TGCCAAAAGGAGTAGA,0,0,0
EOC2_PBMC_cell_CGATGGCAGGGTGTTG,0,0,0
EOC2_PBMC_cell_CGCTATCCATCTGGTA,0,0,0
EOC2_PBMC_cell_TGTATTCTCAAGATCC,0,0,0
EOC2_PBMC_cell_TCTGAGAAGGCCGAAT,0,0,0
EOC2_PBMC_cell_CCCATACGTCCGTTAA,0,0,0
EOC2_PBMC_cell_GTCGGGTCATCCAACA,0,0,0
EOC2_PBMC_cell_GTGAAGGGTTCGTCTC,0,0,0
EOC2_PBMC_cell_CATTCGCTCGTCCAGG,0,0,0
EOC2_PBMC_cell_CATCGAATCCATGAAC,0,0,0
EOC2_PBMC_cell_AAACGGGTCTTTACGT,0,0,0
EOC2_PBMC_cell_AGTGAGGGTCAATACC,0,0,0
EOC2_PBMC_cell_TGACTTTTCCATTCTA,0,0,1
EOC2_PBMC_cell_CTAATGGCACTCAGGC,0,0,0
EOC2_PBMC_cell_TATCTCAGTAGCACGA,0,0,0
EOC2_PBMC_cell_GTCTCGTAGCGTTGCC,0,0,0
EOC2_PBMC_cell_CTTCTCTAGCATGGCA,0,0,0
EOC2_PBMC_cell_ATGCGATTCCCTGACT,0,0,0
EOC2_PBMC_cell_GGGAGATCAAGGGTCA,0,0,0
EOC2_PBMC_cell_CCTACACCACATCCAA,0,0,0
EOC2_PBMC_cell_TGCTACCTCTGATACG,0,0,0
EOC2_PBMC_cell_CGCTGGATCTCCGGTT,0,0,0
EOC2_PBMC_cell_CACAGTAGTGCACGAA,0,0,0
EOC2_PBMC_cell_AGTTGGTCAGTCAGCC,0,0,0
EOC2_PBMC_cell_TAGACCATCCAACCAA,0,0,0
EOC2_PBMC_cell_GTTCTCGTCCTCGCAT,0,0,0
EOC2_PBMC_cell_TCTGGAAGTCAATACC,0,0,0
EOC2_PBMC_cell_CCCAATCTCATCGGAT,0,0,0
EOC2_PBMC_cell_TGAAAGAAGTTCGCAT,0,0,0
EOC2_PBMC_cell_GTTAAGCAGTGTACTC,0,0,0
EOC2_PBMC_cell_TTAGGCAAGCGTTGCC,0,0,0
EOC2_PBMC_cell_TTCTACACATTGGTAC,0,0,0
EOC2_PBMC_cell_CATATGGAGTGCGTGA,0,0,0
EOC2_PBMC_cell_AAATGCCTCAAACAAG,0,0,0
EOC2_PBMC_cell_GGGAATGGTTCGCTAA,0,0,0
EOC2_PBMC_cell_GACCTGGGTGGGTCAA,0,0,0
EOC2_PBMC_cell_TGCTACCGTAAGGATT,0,0,0
EOC2_PBMC_cell_CGTCTACCAATGACCT,0,0,0
EOC2_PBMC_cell_CAAGATCAGTGTGAAT,0,0,0
EOC2_PBMC_cell_ATTATCCAGGTGCAAC,0,0,0
EOC2_PBMC_cell_CATATGGAGCCCAGCT,0,0,0
EOC2_PBMC_cell_CGATGGCGTTCCATGA,0,0,0
EOC2_PBMC_cell_CAAGGCCGTCTACCTC,0,0,0
EOC2_PBMC_cell_GATGAGGCATCTATGG,0,0,0
EOC2_PBMC_cell_TTGGAACGTCCTAGCG,0,0,0
EOC2_PBMC_cell_TTCTCAAGTCGACTAT,0,0,0
EOC2_PBMC_cell_TGTATTCGTGGTCTCG,0,0,0
EOC2_PBMC_cell_GCGACCAGTTAGATGA,0,0,0
EOC2_PBMC_cell_AGGTCCGGTATTACCG,0,0,0
EOC2_PBMC_cell_AGTGGGACAAGGGTCA,0,0,0
EOC2_PBMC_cell_CTACCCAGTTTGACTG,0,0,1
EOC2_PBMC_cell_TAGCCGGGTAGCTCCG,0,0,0
EOC2_PBMC_cell_TTAGTTCTCTGACCTC,0,0,0
EOC2_PBMC_cell_GTCATTTGTGCAGTAG,0,0,0
EOC2_PBMC_cell_GTTAAGCCAATCCAAC,0,0,0
EOC2_PBMC_cell_TCTGGAATCTTAGCCC,0,0,0
EOC2_PBMC_cell_TACACGATCGAGAGCA,0,0,0
EOC2_PBMC_cell_CTCAGAAGTAGAGCTG,0,0,0
EOC2_PBMC_cell_GGAATAAAGTTGTCGT,0,0,0
EOC2_PBMC_cell_TCGGGACCAAGCCGCT,0,0,0
EOC2_PBMC_cell_GCAAACTCATCCTTGC,0,0,0
EOC2_PBMC_cell_CGGAGTCCAATCTGCA,0,0,0
EOC2_PBMC_cell_AGCAGCCTCCGCTGTT,0,0,0
EOC2_PBMC_cell_GCACTCTTCAGGTAAA,0,0,0
EOC2_PBMC_cell_GGCCGATAGCTCAACT,0,0,0
EOC2_PBMC_cell_CTAACTTCATAGGATA,0,0,0
EOC2_PBMC_cell_CTCGAGGTCATAACCG,0,0,0
EOC2_PBMC_cell_CGTCTACCATTACGAC,0,0,0
EOC2_PBMC_cell_AATCGGTCAAACGTGG,0,0,0
EOC2_PBMC_cell_CGTCTACAGGCACATG,0,0,0
EOC2_PBMC_cell_TGGGCGTGTGACGCCT,0,0,0
EOC2_PBMC_cell_TTTATGCAGGCAATTA,0,0,0
EOC2_PBMC_cell_ATGGGAGCACGGTGTC,0,0,0
EOC2_PBMC_cell_AGTGGGAGTCATCCCT,0,0,0
EOC2_PBMC_cell_GAGGTGAAGTACGCGA,0,0,0
EOC2_PBMC_cell_TCAATCTAGTGAAGAG,0,0,0
EOC2_PBMC_cell_ACGATGTAGTTGTAGA,0,0,1
EOC2_PBMC_cell_TGAAAGAGTGTGCGTC,0,0,0
EOC2_PBMC_cell_GGGCATCCAAACTGCT,0,0,0
EOC2_PBMC_cell_CACATAGCAAGCCGTC,0,0,0
EOC2_PBMC_cell_GTTCATTCAAAGGTGC,0,0,0
EOC2_PBMC_cell_TCAACGATCTTAACCT,0,0,0
EOC2_PBMC_cell_CCGTGGATCACGACTA,0,0,0
EOC2_PBMC_cell_TTAACTCCACACCGAC,0,0,0
EOC2_PBMC_cell_AAAGATGCACCAGGTC,0,0,0
EOC2_PBMC_cell_CCTACACAGAAGGGTA,0,0,0
EOC2_PBMC_cell_ATGCGATGTCTTTCAT,0,0,0
EOC2_PBMC_cell_AATCGGTAGAATTGTG,0,0,0
EOC2_PBMC_cell_GGTGAAGTCGCCAGCA,0,0,0
EOC2_PBMC_cell_GTATCTTTCATATCGG,0,0,0
EOC2_PBMC_cell_AGAGTGGGTACATCCA,0,0,0
EOC2_PBMC_cell_TATCAGGTCTCCAGGG,0,0,0
EOC2_PBMC_cell_GCATGCGTCCCGGATG,0,0,0
EOC2_PBMC_cell_GTTTCTACATACCATG,0,0,0
EOC2_PBMC_cell_CCTCAGTTCTGCAGTA,0,0,0
EOC2_PBMC_cell_TGCCCATTCTACTTAC,0,0,0
EOC2_PBMC_cell_CGACTTCTCCAACCAA,0,0,0
EOC2_PBMC_cell_TGCGGGTGTCGCGGTT,0,0,0
EOC2_PBMC_cell_GTGCAGCAGTCCTCCT,0,0,0
EOC2_PBMC_cell_AGGCCACGTAGTAGTA,0,0,0
EOC2_PBMC_cell_GTAACTGAGTAGTGCG,0,0,0
EOC2_PBMC_cell_GGCTCGAGTACCGTTA,0,0,0
EOC2_PBMC_cell_GGTGAAGCACAAGTAA,0,0,0
EOC2_PBMC_cell_GTAGTCAAGTAGGTGC,0,0,0
EOC2_PBMC_cell_ACGGGCTTCACCCGAG,0,0,0
EOC2_PBMC_cell_CTAAGACGTTAAGGGC,0,0,0
EOC2_PBMC_cell_AACCGCGAGCGTGTCC,0,0,0
EOC2_PBMC_cell_GGATTACAGACAGAGA,0,0,0
EOC2_PBMC_cell_TCGAGGCCACCAGATT,0,0,0
EOC2_PBMC_cell_GGTATTGCAATCCGAT,0,0,0
EOC2_PBMC_cell_TACTCATTCTAACTCT,0,0,0
EOC2_PBMC_cell_TGGTTCCAGGCCGAAT,0,0,0
EOC2_PBMC_cell_CTGAAGTGTGTGAAAT,0,0,0
EOC2_PBMC_cell_ATGTGTGCATTGCGGC,0,0,0
EOC2_PBMC_cell_CTAGAGTGTCGCGGTT,0,0,0
EOC2_PBMC_cell_TCAGCTCGTCTAGAGG,0,0,0
EOC2_PBMC_cell_GGGAATGTCAGCTTAG,0,0,0
EOC2_PBMC_cell_GTGAAGGGTGTGAATA,0,0,0
EOC2_PBMC_cell_ACTGATGTCATCGCTC,0,0,0
EOC2_PBMC_cell_GGGATGACAAACTGTC,0,0,0
EOC2_PBMC_cell_CGTCTACTCTGCTGTC,0,0,0
EOC2_PBMC_cell_TACGGTAAGTGGACGT,0,0,0
EOC2_PBMC_cell_GTTCTCGCAGCTTCGG,0,0,0
EOC2_PBMC_cell_TCTCATATCATAACCG,0,0,0
EOC2_PBMC_cell_CGGACTGAGACTTGAA,0,0,0
EOC2_PBMC_cell_CGTTCTGCACGTAAGG,0,0,0
EOC2_PBMC_cell_TACTTGTGTACAAGTA,0,0,0
EOC2_PBMC_cell_GACACGCTCGTTTAGG,0,0,0
EOC2_PBMC_cell_CCAGCGACAAGGTGTG,0,0,0
EOC2_PBMC_cell_ACGGAGAGTTCGGGCT,0,0,0
EOC2_PBMC_cell_CCTCTGAAGTAGGCCA,0,0,0
EOC2_PBMC_cell_TCGGGACAGGGCACTA,0,0,0
EOC2_PBMC_cell_CGTCACTGTCAGAATA,0,0,0
EOC2_PBMC_cell_CTCTAATTCTGCTGTC,0,0,0
EOC2_PBMC_cell_TCTTCGGTCAACCATG,0,0,0
EOC2_PBMC_cell_CGTGAGCCACAACGTT,0,0,0
EOC2_PBMC_cell_GGACAGACAAGTTCTG,0,0,0
EOC2_PBMC_cell_TCCCGATCATGCAATC,0,0,0
EOC2_PBMC_cell_AGTCTTTAGATGTAAC,0,0,0
EOC2_PBMC_cell_CAAGGCCGTATTACCG,0,0,0
EOC2_PBMC_cell_GTCGGGTGTGGGTATG,0,0,0
EOC2_PBMC_cell_TGAGGGACATGCAATC,0,0,0
EOC2_PBMC_cell_AAACGGGCAACGATCT,0,0,0
EOC2_PBMC_cell_CCACCTAAGTCAAGCG,0,0,0
EOC2_PBMC_cell_GAAATGACACCAGTTA,0,0,0
EOC2_PBMC_cell_GCTTGAATCAGGTTCA,0,0,0
EOC2_PBMC_cell_ACGGCCACACATCCGG,0,0,0
EOC2_PBMC_cell_AGCTCTCTCTTGAGGT,0,0,0
EOC2_PBMC_cell_GACGGCTCAGGAACGT,0,0,0
EOC2_PBMC_cell_GGGTCTGCAACGATGG,0,0,0
EOC2_PBMC_cell_CTTCTCTTCAAGAAGT,0,0,0
EOC2_PBMC_cell_GACGCGTAGAATTCCC,0,0,0
EOC2_PBMC_cell_CTGATCCCACTTAAGC,0,0,0
EOC2_PBMC_cell_ACATCAGGTGCGAAAC,0,0,0
EOC2_PBMC_cell_GCGACCACAAACTGCT,0,0,0
EOC2_PBMC_cell_GGGAATGCAAATTGCC,0,0,0
EOC2_PBMC_cell_GTTACAGGTGACCAAG,0,0,0
EOC2_PBMC_cell_CTGGTCTAGCTAGTGG,0,0,0
EOC2_PBMC_cell_GTCAAGTAGCGTGAGT,0,0,0
EOC2_PBMC_cell_CACCTTGCATGTTGAC,0,0,0
EOC2_PBMC_cell_TCTCTAAAGTAGGTGC,0,0,0
EOC2_PBMC_cell_CTAGCCTCACAGATTC,0,0,0
EOC2_PBMC_cell_TGTGGTACAGTGAGTG,0,0,0
EOC2_PBMC_cell_AGACGTTTCAGCAACT,0,0,0
EOC2_PBMC_cell_ACCGTAAGTCTCACCT,0,0,0
EOC2_PBMC_cell_ATGCGATTCAGCTTAG,0,0,0
EOC2_PBMC_cell_CTGAAGTGTCTAGGTT,0,0,0
EOC2_PBMC_cell_TCGCGTTCAATAGCAA,0,0,0
EOC2_PBMC_cell_TACGGATCACGAAAGC,0,0,0
EOC2_PBMC_cell_AGAGTGGAGGGTATCG,0,0,0
EOC2_PBMC_cell_CAGCAGCAGTAATCCC,0,0,0
EOC2_PBMC_cell_GGGTCTGGTGTGCGTC,0,0,0
EOC2_PBMC_cell_GCATGATTCGAATGCT,0,0,0
EOC2_PBMC_cell_TGCCCATGTCGGATCC,0,0,0
EOC2_PBMC_cell_AGCATACGTCTCTCGT,0,0,0
EOC2_PBMC_cell_GATCGATTCTGCGTAA,0,0,0
EOC2_PBMC_cell_GTTCATTGTATGGTTC,0,0,0
EOC2_PBMC_cell_CAGCATACATTTGCTT,0,0,0
EOC2_PBMC_cell_GCGGGTTAGCTAACAA,0,0,0
EOC2_PBMC_cell_CGATCGGTCTGCCAGG,0,0,0
EOC2_PBMC_cell_ATAACGCAGGATGCGT,0,0,0
EOC2_PBMC_cell_CAGCAGCTCAGTTTGG,0,0,0
EOC2_PBMC_cell_GTTTCTAAGGTGTGGT,0,0,0
EOC2_PBMC_cell_CTACATTCAAGGTTCT,0,0,0
EOC2_PBMC_cell_GTTACAGCACCCATTC,0,0,0
EOC2_PBMC_cell_GTTTCTACACGACGAA,0,0,0
EOC2_PBMC_cell_TCGCGTTCAATGAAAC,0,0,0
EOC2_PBMC_cell_GACGCGTAGAGGTACC,0,0,0
EOC2_PBMC_cell_GCGCAGTCACTATCTT,0,0,0
EOC2_PBMC_cell_ACGAGCCGTTCCACTC,0,0,0
EOC2_PBMC_cell_TCGTACCCACCAGCAC,0,0,0
EOC2_PBMC_cell_TACGGTAAGGCAATTA,0,0,0
EOC2_PBMC_cell_CAGCAGCGTCTCGTTC,0,0,0
EOC2_PBMC_cell_CCTATTAGTCAGTGGA,0,0,0
EOC2_PBMC_cell_TGACAACTCATTATCC,0,0,0
EOC2_PBMC_cell_CGACCTTGTACCGGCT,0,0,0
EOC2_PBMC_cell_GGGACCTGTTGTGGAG,0,0,0
EOC2_PBMC_cell_CTAGTGATCTTCCTTC,0,0,0
EOC2_PBMC_cell_AACTCTTGTTGAGGTG,0,0,1
EOC2_PBMC_cell_CTGAAGTGTGCAGACA,0,0,0
EOC2_PBMC_cell_CGTTCTGAGTACACCT,0,0,0
EOC2_PBMC_cell_TGCCCTAAGTACGTTC,0,0,0
EOC2_PBMC_cell_AACGTTGAGCCACGTC,0,0,0
EOC2_PBMC_cell_GACAGAGGTAGCACGA,0,0,0
EOC2_PBMC_cell_CACCTTGTCTGAGTGT,0,0,0
EOC2_PBMC_cell_CTGATAGTCAGGCAAG,0,0,0
EOC2_PBMC_cell_CGTTAGAGTGGCAAAC,0,0,0
EOC2_PBMC_cell_TGAGCATAGGGAAACA,0,0,0
EOC2_PBMC_cell_AGATTGCCATCCTAGA,0,0,0
EOC2_PBMC_cell_CGGACACGTCTCACCT,0,0,0
EOC2_PBMC_cell_CGCTGGAAGTCGTACT,0,0,0
EOC2_PBMC_cell_GGGAATGGTTACTGAC,0,0,0
EOC2_PBMC_cell_GAATGAAAGAATGTTG,0,0,0
EOC2_PBMC_cell_ACATACGTCCGATATG,0,0,0
EOC2_PBMC_cell_AGGGAGTGTGTGCGTC,0,0,0
EOC2_PBMC_cell_AACCGCGTCTTCGAGA,0,0,0
EOC2_PBMC_cell_TGACTTTCAGTGACAG,0,0,0
EOC2_PBMC_cell_CACCACTTCTAGAGTC,0,0,0
EOC2_PBMC_cell_TGCTACCTCCTCGCAT,0,0,1
EOC2_PBMC_cell_TGAGGGATCACTATTC,0,0,0
EOC2_PBMC_cell_CGGAGTCTCCAGTATG,0,0,0
EOC2_PBMC_cell_CAAGATCGTGCTCTTC,0,0,0
EOC2_PBMC_cell_TTATGCTTCAGCTCTC,0,0,0
EOC2_PBMC_cell_TCGCGAGTCATGGTCA,0,0,0
EOC2_PBMC_cell_GCATACAAGGTGCTAG,0,0,0
EOC2_PBMC_cell_ACACCAATCAATAAGG,0,0,0
EOC2_PBMC_cell_CATGGCGTCTTTCCTC,0,0,0
EOC2_PBMC_cell_AGAGCTTAGTACCGGA,0,0,0
EOC2_PBMC_cell_CCACGGATCCTGTACC,0,0,0
EOC2_PBMC_cell_GGCGACTTCCGCATCT,0,0,0
EOC2_PBMC_cell_GGATTACTCCTATGTT,0,0,0
EOC2_PBMC_cell_CATCAGACATGACGGA,0,0,0
EOC2_PBMC_cell_CTAGTGAAGCTGAAAT,0,0,1
EOC2_PBMC_cell_CGGGTCAGTGATGTCT,0,0,0
EOC2_PBMC_cell_ATTATCCCATCCTTGC,0,0,0
EOC2_PBMC_cell_GCCTCTACATGGTAGG,0,0,0
EOC2_PBMC_cell_CATTATCGTCTGATCA,0,0,0
EOC2_PBMC_cell_CCATTCGTCCTATTCA,0,0,0
EOC2_PBMC_cell_GCGCCAACAGGTCGTC,0,0,0
EOC2_PBMC_cell_CAAGATCCATGACATC,0,0,0
EOC2_PBMC_cell_GGCCGATGTCATACTG,0,0,0
EOC2_PBMC_cell_GGCCGATTCCCTCTTT,0,0,0
EOC2_PBMC_cell_TACGGATGTTATCACG,0,0,0
EOC2_PBMC_cell_CATATTCTCTGGCGAC,0,0,0
EOC2_PBMC_cell_CTCGGGATCCCAAGAT,0,0,0
EOC2_PBMC_cell_CATCAGACAATCGGTT,0,0,0
EOC2_PBMC_cell_TTCTCCTGTACTCGCG,0,0,0
EOC2_PBMC_cell_GACGTTACACTTAACG,0,0,0
EOC2_PBMC_cell_ATCTACTAGAGTAAGG,0,0,0
EOC2_PBMC_cell_CATCAAGTCCTTTCTC,0,0,0
EOC2_PBMC_cell_GCGGGTTAGTCGCCGT,0,0,0
EOC2_PBMC_cell_CTGCCTACACAACGCC,0,0,0
EOC2_PBMC_cell_GCGAGAAAGCTAGTCT,0,0,0
EOC2_PBMC_cell_CACTCCAGTAGCTTGT,0,0,0
EOC2_PBMC_cell_TTGGCAAGTCCGTCAG,0,0,0
EOC2_PBMC_cell_CTACGTCGTAGCAAAT,0,0,0
EOC2_PBMC_cell_TTTGGTTCAACGCACC,0,0,0
EOC2_PBMC_cell_TAGTTGGAGCGTAGTG,0,0,0
EOC2_PBMC_cell_TGCCAAATCGTACGGC,0,0,0
EOC2_PBMC_cell_TGACTTTTCACCTTAT,0,0,0
EOC2_PBMC_cell_GCATGTACACACCGAC,0,0,0
EOC2_PBMC_cell_ATGGGAGCACGAAATA,0,0,0
EOC2_PBMC_cell_CATCAGATCGGTGTCG,0,0,0
EOC2_PBMC_cell_CCTTTCTCATGCCCGA,0,0,0
EOC2_PBMC_cell_ATCATGGTCTTCTGGC,0,0,0
EOC2_PBMC_cell_CTCAGAACACGGTGTC,0,0,0
EOC2_PBMC_cell_TACCTTAGTAGGCTGA,0,0,0
EOC2_PBMC_cell_CTAAGACGTATGAATG,0,0,0
EOC2_PBMC_cell_CGACCTTCACGGCCAT,0,0,0
EOC2_PBMC_cell_GACTGCGCATCGTCGG,0,0,0
EOC2_PBMC_cell_GGTGCGTCAAATTGCC,0,0,0
EOC2_PBMC_cell_ACTATCTTCGGTCCGA,0,0,0
EOC2_PBMC_cell_GCGACCATCGGCGCAT,0,0,0
EOC2_PBMC_cell_CATCGGGAGGTAGCTG,0,0,0
EOC2_PBMC_cell_AAGGAGCTCTTGTTTG,0,0,0
EOC2_PBMC_cell_TCTTTCCGTGCGATAG,0,0,0
EOC2_PBMC_cell_ACTTTCAAGATGTGGC,0,0,0
EOC2_PBMC_cell_CCGTACTAGCGCCTTG,0,0,0
EOC2_PBMC_cell_AAATGCCCATACCATG,0,0,0
EOC2_PBMC_cell_TTTCCTCTCACCATAG,0,0,0
EOC2_PBMC_cell_TCGGGACCATGCAACT,0,0,0
EOC2_PBMC_cell_CATCAAGTCGCATGGC,0,0,0
EOC2_PBMC_cell_GACAGAGTCGATGAGG,0,0,0
EOC2_PBMC_cell_AGCAGCCGTGACTACT,0,0,0
EOC2_PBMC_cell_CATCAGATCAGCACAT,0,0,0
EOC2_PBMC_cell_CGTCAGGAGACAGAGA,0,0,0
EOC2_PBMC_cell_ATCGAGTTCTGTCAAG,0,0,0
EOC2_PBMC_cell_GCGCGATTCTGGGCCA,0,0,0
EOC2_PBMC_cell_CGGACTGGTAGCGTAG,0,0,0
EOC2_PBMC_cell_CCTAAAGCAACTGCGC,0,0,0
EOC2_PBMC_cell_AGGTCCGAGACACTAA,0,0,0
EOC2_PBMC_cell_CCATTCGTCCTGCCAT,0,0,0
EOC2_PBMC_cell_AGTGTCATCTTATCTG,0,0,0
EOC2_PBMC_cell_CGCGGTAAGTAACCCT,0,0,0
EOC2_PBMC_cell_GTGCGGTTCACAACGT,0,0,0
EOC2_PBMC_cell_GTAACGTTCCTACAGA,0,0,1
EOC2_PBMC_cell_TGTGGTACACCAGATT,0,0,0
EOC2_PBMC_cell_GCGCAGTTCAGGTAAA,0,0,0
EOC2_PBMC_cell_CACCACTAGTCAAGCG,0,0,0
EOC2_PBMC_cell_AGAATAGTCGTCGTTC,0,0,0
EOC2_PBMC_cell_AACTGGTGTCATCGGC,0,0,0
EOC2_PBMC_cell_CATATTCCAATGCCAT,0,0,0
EOC2_PBMC_cell_TTCGGTCAGTAACCCT,0,0,0
EOC2_PBMC_cell_GCACATACAATGACCT,0,0,0
EOC2_PBMC_cell_GATCTAGAGGCCATAG,0,0,0
EOC2_PBMC_cell_TCTGGAACACGGTTTA,0,0,0
EOC2_PBMC_cell_CGTTGGGTCTTGAGGT,0,0,0
EOC2_PBMC_cell_GGCTGGTAGTGTACCT,0,0,0
EOC2_PBMC_cell_TGCCAAACAGGTCCAC,0,0,0
EOC2_PBMC_cell_GCTGCGATCGTTACAG,0,0,0
EOC2_PBMC_cell_CAAGGCCCACGGTTTA,0,0,0
EOC2_PBMC_cell_GGACGTCAGAGCTGGT,0,0,0
EOC2_PBMC_cell_CAACCTCAGGGATCTG,0,0,0
EOC2_PBMC_cell_CGGCTAGCAGTATCTG,0,0,0
EOC2_PBMC_cell_AAGACCTTCCCAACGG,0,0,0
EOC2_PBMC_cell_ACGATGTCATTCTCAT,0,0,0
EOC2_PBMC_cell_GGAATAATCTACCTGC,0,0,0
EOC2_PBMC_cell_ATCCACCTCTAAGCCA,0,0,0
EOC2_PBMC_cell_TGCGTGGAGTACCGGA,0,0,0
EOC2_PBMC_cell_ACGGGCTGTTATGTGC,0,0,0
EOC2_PBMC_cell_CAACTAGGTATTCTCT,0,0,0
EOC2_PBMC_cell_ATTGGACGTTCCCGAG,0,0,0
EOC2_PBMC_cell_CATATTCGTGTTCGAT,0,0,0
EOC2_PBMC_cell_GCGAGAACAGCCAATT,0,0,0
EOC2_PBMC_cell_TGCCCATCAACACCTA,0,0,0
EOC2_PBMC_cell_TCTGGAACAAGAGGCT,0,0,0
EOC2_PBMC_cell_ACTGCTCGTGTTCGAT,0,0,0
EOC2_PBMC_cell_CAGCTGGAGCTAGCCC,0,0,0
EOC2_PBMC_cell_CCAATCCAGCGCCTTG,0,0,0
EOC2_PBMC_cell_TGAGGGACATGGATGG,0,0,0
EOC2_PBMC_cell_GAGCAGAGTATGAAAC,0,0,0
EOC2_PBMC_cell_AGGGTGATCCAAGCCG,0,0,0
EOC2_PBMC_cell_CCATGTCTCCGAACGC,0,0,0
EOC2_PBMC_cell_TAAGAGATCTTAACCT,0,0,0
EOC2_PBMC_cell_GAGCAGATCCTTAATC,0,0,0
EOC2_PBMC_cell_GTCCTCAAGGGAGTAA,0,0,0
EOC2_PBMC_cell_CCTAGCTAGAACAATC,0,0,0
EOC2_PBMC_cell_TACACGACATGATCCA,0,0,0
EOC2_PBMC_cell_TCAATCTAGAGCTTCT,0,0,0
EOC2_PBMC_cell_GCAATCAGTACCCAAT,0,0,0
EOC2_PBMC_cell_CTACATTAGGCCGAAT,0,0,0
EOC2_PBMC_cell_CTCGTACGTCAAAGAT,0,0,0
EOC2_PBMC_cell_TGACAACTCTCTGAGA,0,0,0
EOC2_PBMC_cell_CGATGTATCGGTGTTA,0,0,0
EOC2_PBMC_cell_ATGAGGGCACCAGTTA,0,0,0
EOC2_PBMC_cell_GGATTACGTTGCCTCT,0,0,0
EOC2_PBMC_cell_AGGCCGTCATGCAACT,0,0,0
EOC2_PBMC_cell_AGTCTTTAGTAGCCGA,0,0,0
EOC2_PBMC_cell_TTGAACGGTGCAGTAG,0,0,0
EOC2_PBMC_cell_TGTGGTAAGAATGTTG,0,0,0
EOC2_PBMC_cell_ACAGCCGAGACTTTCG,0,0,0
EOC2_PBMC_cell_CGTCAGGAGCCAGTTT,0,0,0
EOC2_PBMC_cell_GAAGCAGAGGAGTACC,0,0,0
EOC2_PBMC_cell_GGTGAAGTCGTCTGAA,0,0,0
EOC2_PBMC_cell_CCGTACTAGTGGAGTC,0,0,0
EOC2_PBMC_cell_TCACGAATCTGGCGAC,0,0,0
EOC2_PBMC_cell_CGTGTAAAGGCACATG,0,0,0
EOC2_PBMC_cell_ACGGGCTCAGTCACTA,0,0,0
EOC2_PBMC_cell_TACTCATCACACCGCA,0,0,0
EOC2_PBMC_cell_CAGAATCAGCTGGAAC,0,0,0
EOC2_PBMC_cell_ACGATACTCAGAGACG,0,0,0
EOC2_PBMC_cell_AGGTCCGAGTTCGCAT,0,0,0
EOC2_PBMC_cell_CTCTGGTAGACTAGAT,0,0,0
EOC2_PBMC_cell_CATGACACAGCCAATT,0,0,0
EOC2_PBMC_cell_ACGTCAAAGAGAACAG,0,0,0
EOC2_PBMC_cell_GCTTGAATCTCAAACG,0,0,0
EOC2_PBMC_cell_TCGTAGAAGTTGAGTA,0,0,0
EOC2_PBMC_cell_TCAGGTACATGTCCTC,0,0,0
EOC2_PBMC_cell_ACCTTTAGTACCGCTG,0,0,0
EOC2_PBMC_cell_CACTCCAGTAGGCTGA,0,0,0
EOC2_PBMC_cell_CACAAACAGGAGCGTT,0,0,0
EOC2_PBMC_cell_AGGCCACTCAACTCTT,0,0,0
EOC2_PBMC_cell_CAAGATCGTACAGACG,0,0,0
EOC2_PBMC_cell_GTTCATTGTGCACTTA,0,0,0
EOC2_PBMC_cell_ATGGGAGAGTAAGTAC,0,0,0
EOC2_PBMC_cell_CCACCTAAGTGGAGAA,0,0,0
EOC2_PBMC_cell_CACATTTCACCAACCG,0,0,0
EOC2_PBMC_cell_TGCCCATCAGACGTAG,0,0,0
EOC2_PBMC_cell_CAAGGCCCAGGACGTA,0,0,0
EOC2_PBMC_cell_TACTTACGTCAAACTC,0,0,0
EOC2_PBMC_cell_AGGGATGAGACAAAGG,0,0,0
EOC2_PBMC_cell_CCAGCGAAGATAGTCA,0,0,0
EOC2_PBMC_cell_TTTCCTCCAATGGAGC,0,0,0
EOC2_PBMC_cell_GGATTACGTCCAACTA,0,0,0
EOC2_PBMC_cell_GCTTGAATCACCTTAT,0,0,0
EOC2_PBMC_cell_AACTCTTAGGCAGTCA,0,0,0
EOC2_PBMC_cell_TATGCCCTCCAAACAC,0,0,0
EOC2_PBMC_cell_CGACCTTTCGCCCTTA,0,0,0
EOC2_PBMC_cell_CGAGCCAAGCCGGTAA,0,0,0
EOC2_PBMC_cell_TCCCGATGTCCTCCAT,0,0,0
EOC2_PBMC_cell_AGCTCCTAGCCCTAAT,0,0,0
EOC2_PBMC_cell_TTCTCAATCCGAAGAG,0,0,0
EOC2_PBMC_cell_CACCTTGGTACTCAAC,0,0,0
EOC2_PBMC_cell_CTTTGCGGTGCAGGTA,0,0,0
EOC2_PBMC_cell_GCATGTAAGTTGCAGG,0,0,0
EOC2_PBMC_cell_ATAGACCTCCTTCAAT,0,0,0
EOC2_PBMC_cell_GAGGTGATCCCTCTTT,0,0,0
EOC2_PBMC_cell_CACCACTCAGTTAACC,0,0,0
EOC2_PBMC_cell_CGTTCTGTCCTTTACA,0,0,0
EOC2_PBMC_cell_CTGCGGAGTGACGGTA,0,0,0
EOC2_PBMC_cell_TAAGTGCTCCGTTGCT,0,0,0
EOC2_PBMC_cell_GGTGCGTTCGGAAACG,0,0,0
EOC2_PBMC_cell_GTGCATATCTCGAGTA,0,0,0
EOC2_PBMC_cell_ATGCGATAGGGCTTGA,0,0,0
EOC2_PBMC_cell_TCTCATAAGTGCCATT,0,0,0
EOC2_PBMC_cell_ACATACGTCGTCCGTT,0,0,0
EOC2_PBMC_cell_GTGCTTCTCTCCCTGA,0,0,0
EOC2_PBMC_cell_ATTTCTGCACGAGAGT,0,0,0
EOC2_PBMC_cell_TAAGTGCTCACCACCT,0,0,0
EOC2_PBMC_cell_TGACTTTGTCAGAATA,0,0,0
EOC2_PBMC_cell_TCATTACGTATAGTAG,0,0,0
EOC2_PBMC_cell_CCTTTCTTCTACTTAC,0,0,0
EOC2_PBMC_cell_TCGTAGATCGGTGTCG,0,0,1
EOC2_PBMC_cell_AACTCCCTCCTCCTAG,0,0,0
EOC2_PBMC_cell_GCAAACTAGCTCTCGG,0,0,0
EOC2_PBMC_cell_TGTTCCGTCGCGATCG,0,0,0
EOC2_PBMC_cell_GGGCATCAGCCACGTC,0,0,0
EOC2_PBMC_cell_TGGGAAGCAGTCGTGC,0,0,0
EOC2_PBMC_cell_GGTGCGTGTCAGCTAT,0,0,0
EOC2_PBMC_cell_CAGCATATCAAGATCC,0,0,0
EOC2_PBMC_cell_CGAATGTCACCAGATT,0,0,0
EOC2_PBMC_cell_GAACATCAGACGCTTT,0,0,0
EOC2_PBMC_cell_ACGGGCTAGGATGCGT,0,0,0
EOC2_PBMC_cell_AACTCAGGTACGAAAT,0,0,0
EOC2_PBMC_cell_TACCTTATCCTTTCGG,0,0,0
EOC2_PBMC_cell_CCACTACAGTACACCT,0,0,0
EOC2_PBMC_cell_ACGCCAGCATGGAATA,0,0,0
EOC2_PBMC_cell_CATCAAGTCAGTGTTG,0,0,0
EOC2_PBMC_cell_CGTGAGCCATCACAAC,0,0,0
EOC2_PBMC_cell_TGCACCTCATTCTTAC,0,0,0
EOC2_PBMC_cell_GGATGTTAGAGGGATA,0,0,0
EOC2_PBMC_cell_CTTCTCTAGCCACGCT,0,0,0
EOC2_PBMC_cell_TCGGTAATCAAGCCTA,0,0,0
EOC2_PBMC_cell_TGACTAGCATTGGCGC,0,0,0
EOC2_PBMC_cell_GAAATGATCACGACTA,0,0,0
EOC2_PBMC_cell_CAGCAGCCACGCCAGT,0,0,0
EOC2_PBMC_cell_ACGAGCCGTACAGACG,0,0,0
EOC2_PBMC_cell_TCTATTGTCCACTCCA,0,0,0
EOC2_PBMC_cell_TAAACCGGTGAAATCA,0,0,0
EOC2_PBMC_cell_TGAGCATTCCGCGCAA,0,0,0
EOC2_PBMC_cell_ATGGGAGTCTAACTCT,0,0,0
EOC2_PBMC_cell_AACCATGGTGCTGTAT,0,0,0
EOC2_PBMC_cell_GGGACCTCACTATCTT,0,0,0
EOC2_PBMC_cell_CATGACATCGTATCAG,0,0,0
EOC2_PBMC_cell_CCCTCCTCACCAGGCT,0,0,0
EOC2_PBMC_cell_AGGTCATAGTGACTCT,0,0,0
EOC2_PBMC_cell_GATCAGTCACATCTTT,0,0,0
EOC2_PBMC_cell_ATGAGGGCAAGGACTG,0,0,0
EOC2_PBMC_cell_ACGAGCCAGGATGGAA,0,0,0
EOC2_PBMC_cell_GTCACAAGTAAATGTG,0,0,0
EOC2_PBMC_cell_GACGTTAGTACTCTCC,0,0,0
EOC2_PBMC_cell_TAGAGCTTCTAACCGA,0,0,0
EOC2_PBMC_cell_CTAATGGAGACCTAGG,0,0,0
EOC2_PBMC_cell_TCAACGACAGTAGAGC,0,0,0
EOC2_PBMC_cell_CGGAGCTAGCCGGTAA,0,0,0
EOC2_PBMC_cell_TTGAACGGTAGCGCTC,0,0,0
EOC2_PBMC_cell_CTTCTCTGTGAACCTT,0,0,0
EOC2_PBMC_cell_TCGAGGCGTGATGATA,0,0,0
EOC2_PBMC_cell_GATGAGGGTCTGGAGA,0,0,0
EOC2_PBMC_cell_TGCTGCTGTAGCGATG,0,0,0
EOC2_PBMC_cell_CGGACTGTCTCGAGTA,0,0,0
EOC2_PBMC_cell_CACAAACTCCCACTTG,0,0,0
EOC2_PBMC_cell_GGGACCTAGGCCCGTT,0,0,0
EOC2_PBMC_cell_GCTTGAAGTCGCGTGT,0,0,0
EOC2_PBMC_cell_CCTAGCTAGTCCGTAT,0,0,0
EOC2_PBMC_cell_GTATCTTTCTTCGGTC,0,0,0
EOC2_PBMC_cell_CAGCTAACACATCCAA,0,0,0
EOC2_PBMC_cell_GGGATGAAGGACAGCT,0,0,0
EOC2_PBMC_cell_TTCTACATCTGCCAGG,0,0,0
EOC2_PBMC_cell_GGAATAAGTCTCACCT,0,0,0
EOC2_PBMC_cell_CATGCCTAGCTGCAAG,0,0,0
EOC2_PBMC_cell_TGAAAGAAGTGCCAGA,0,0,0
EOC2_PBMC_cell_GCGCGATGTGTGGTTT,0,0,0
EOC2_PBMC_cell_GACGTTAGTAAATGAC,0,0,0
EOC2_PBMC_cell_CAACCTCGTTGGGACA,0,0,0
EOC2_PBMC_cell_GAGTCCGCATGTCCTC,0,0,0
EOC2_PBMC_cell_AACTGGTTCTTTAGGG,0,0,0
EOC2_PBMC_cell_CATATTCCAGATGAGC,0,0,0
EOC2_PBMC_cell_CACTCCAAGTTCGATC,0,0,1
EOC2_PBMC_cell_TTGTAGGTCATGTGGT,0,0,0
EOC2_PBMC_cell_ATTGGTGGTAGCGATG,0,0,0
EOC2_PBMC_cell_ACTTGTTGTAAATGTG,0,0,0
EOC2_PBMC_cell_GACTACATCGATCCCT,0,0,0
EOC2_PBMC_cell_GTGTTAGCAGGCTCAC,0,0,0
EOC2_PBMC_cell_GTCGTAAGTGAGCGAT,0,0,0
EOC2_PBMC_cell_AGTGAGGCATAAGACA,0,0,0
EOC2_PBMC_cell_TAGTTGGAGAGCAATT,0,0,0
EOC2_PBMC_cell_AAAGCAAGTCTCAACA,0,0,0
EOC2_PBMC_cell_AGGTCCGGTCCAGTAT,0,0,0
EOC2_PBMC_cell_TGAGAGGCAACTGGCC,0,0,0
EOC2_PBMC_cell_AGCTCCTCAATGAAAC,0,0,1
EOC2_PBMC_cell_CTCCTAGGTAGGGTAC,0,0,0
EOC2_PBMC_cell_CGTGTAAAGAGTGACC,0,0,0
EOC2_PBMC_cell_TCCACACTCTACTCAT,0,0,0
EOC2_PBMC_cell_CAAGAAATCCCGGATG,0,0,0
EOC2_PBMC_cell_GTCATTTGTCAACTGT,0,0,0
EOC2_PBMC_cell_ACCTTTATCGCCAAAT,0,0,0
EOC2_PBMC_cell_GATCGTAAGCTTTGGT,0,0,0
EOC2_PBMC_cell_CTTGGCTCAGGACGTA,0,0,0
EOC2_PBMC_cell_GCTGGGTCAAGACACG,0,0,0
EOC2_PBMC_cell_TGCCCATCATATGAGA,0,0,0
EOC2_PBMC_cell_CTCGAAATCTGTGCAA,0,0,0
EOC2_PBMC_cell_GTATTCTAGTCCGTAT,0,0,0
EOC2_PBMC_cell_CATGGCGTCAGCTGGC,0,0,0
EOC2_PBMC_cell_GGGTCTGTCCTAGAAC,0,0,0
EOC2_PBMC_cell_GTGCAGCGTACCATCA,0,0,0
EOC2_PBMC_cell_TTCGGTCGTCACAAGG,0,0,0
EOC2_PBMC_cell_TGGGCGTCAGCGTCCA,0,0,0
EOC2_PBMC_cell_TTTCCTCGTCCATGAT,0,0,0
EOC2_PBMC_cell_CGAACATCAAAGCGGT,0,0,0
EOC2_PBMC_cell_GGTGAAGGTACAGTTC,0,0,0
EOC2_PBMC_cell_GTAGGCCCATCCGCGA,0,0,0
EOC2_PBMC_cell_TGTTCCGTCGGCGGTT,0,0,0
EOC2_PBMC_cell_CACCTTGCATCCAACA,0,0,0
EOC2_PBMC_cell_CATTATCGTAGCTGCC,0,0,0
EOC2_PBMC_cell_TCCCGATGTACAGTTC,0,0,0
EOC2_PBMC_cell_CAGCTGGTCTAACTTC,0,0,0
EOC2_PBMC_cell_CGGACTGGTTGATTCG,0,0,0
EOC2_PBMC_cell_ACGGGTCTCTTGTTTG,0,0,0
EOC2_PBMC_cell_CCCTCCTTCCAGAGGA,0,0,0
EOC2_PBMC_cell_GAGGTGATCTCATTCA,0,0,0
EOC2_PBMC_cell_GGCTGGTTCCAGTAGT,0,0,0
EOC2_PBMC_cell_TTCTTAGCACATGACT,0,0,0
EOC2_PBMC_cell_GCTGCGATCGAATGGG,0,0,0
EOC2_PBMC_cell_ATCCGAACAAGCGCTC,0,0,0
EOC2_PBMC_cell_TGCCCTAGTGTCCTCT,0,0,0
EOC2_PBMC_cell_TTGGCAATCGGAGCAA,0,0,0
EOC2_PBMC_cell_GATCGATGTCGGATCC,0,0,0
EOC2_PBMC_cell_ACTGAACTCGGTCTAA,0,0,0
EOC2_PBMC_cell_GAAATGACAAGGTTCT,0,0,0
EOC2_PBMC_cell_GTGTGCGAGACTAGAT,0,0,0
EOC2_PBMC_cell_CCTTCCCGTAACGTTC,0,0,0
EOC2_PBMC_cell_CTCGAGGCAGCTTAAC,0,0,0
EOC2_PBMC_cell_GTTACAGCACGCGAAA,0,0,0
EOC2_PBMC_cell_GGCTCGATCGTCCGTT,0,0,0
EOC2_PBMC_cell_CGGTTAAAGAATTCCC,0,0,0
EOC2_PBMC_cell_TCAGGATCAGATGGCA,0,0,0
EOC2_PBMC_cell_TAAGTGCAGATAGGAG,0,0,0
EOC2_PBMC_cell_ACGGGTCGTCTAAAGA,0,0,0
EOC2_PBMC_cell_AACTCAGAGACCACGA,0,0,0
EOC2_PBMC_cell_GACCTGGTCTCAAACG,0,0,0
EOC2_PBMC_cell_ATCGAGTCACATGTGT,0,0,0
EOC2_PBMC_cell_GTCACGGTCTAACTCT,0,0,0
EOC2_PBMC_cell_ATCTACTTCCGGGTGT,0,0,0
EOC2_PBMC_cell_GTAGTCAAGTTATCGC,0,0,0
EOC2_PBMC_cell_TGTGTTTTCGCGTAGC,0,0,0
EOC2_PBMC_cell_CCTCAGTCAGTATAAG,0,0,0
EOC2_PBMC_cell_ACAGCCGAGCGAAGGG,0,0,0
EOC2_PBMC_cell_GAACCTAAGTATCTCG,0,0,0
EOC2_PBMC_cell_CACTCCATCGGCGGTT,0,0,0
EOC2_PBMC_cell_GATTCAGAGGCGACAT,0,0,0
EOC2_PBMC_cell_AAGTCTGTCTCACATT,0,0,0
EOC2_PBMC_cell_TTAGGCATCCAACCAA,0,0,0
EOC2_PBMC_cell_CCTACCAGTTACAGAA,0,0,0
EOC2_PBMC_cell_AGCGTCGAGGCAGTCA,0,0,0
EOC2_PBMC_cell_GTTACAGGTCATATCG,0,0,0
EOC2_PBMC_cell_GCTGCGAGTGCCTGGT,0,0,0
EOC2_PBMC_cell_CGATTGATCTACCTGC,0,0,0
EOC2_PBMC_cell_GACGGCTGTTTGTGTG,0,0,0
EOC2_PBMC_cell_TCTCATAAGCTAACAA,0,0,0
EOC2_PBMC_cell_CGATCGGGTCAGTGGA,0,0,0
EOC2_PBMC_cell_ATCTGCCGTGCCTTGG,0,0,0
EOC2_PBMC_cell_CATTCGCCAAGCTGGA,0,0,0
EOC2_PBMC_cell_CTCTGGTTCTACTATC,0,0,0
EOC2_PBMC_cell_CGTGTCTAGTGGGCTA,0,0,0
EOC2_PBMC_cell_TGCTGCTTCTTGTCAT,0,0,0
EOC2_PBMC_cell_CAGAATCTCTCCTATA,0,0,0
EOC2_PBMC_cell_AGAGTGGCAGACGTAG,0,0,0
EOC2_PBMC_cell_ACGATGTCACTTACGA,0,0,0
EOC2_PBMC_cell_ACTTACTCAGTTCCCT,0,0,0
EOC2_PBMC_cell_AATCGGTAGAATGTTG,0,0,0
EOC2_PBMC_cell_AGAATAGTCCTAGTGA,0,0,0
EOC2_PBMC_cell_CTTAGGACAAGGGTCA,0,0,0
EOC2_PBMC_cell_CCCAGTTTCAACGCTA,0,0,0
EOC2_PBMC_cell_CATCGGGTCTGGTTCC,0,0,0
EOC2_PBMC_cell_AGATCTGGTCTTGTCC,0,0,0
EOC2_PBMC_cell_GTCCTCAAGCACACAG,0,0,1
EOC2_PBMC_cell_TAGCCGGCATCCTTGC,0,0,0
EOC2_PBMC_cell_CGACCTTGTGTAAGTA,0,0,0
EOC2_PBMC_cell_ACTTTCAGTAGGCATG,0,0,0
EOC2_PBMC_cell_TTGCCGTTCATAGCAC,0,0,0
EOC2_PBMC_cell_CTCACACAGCTCTCGG,0,0,0
EOC2_PBMC_cell_GGCCGATAGGGATCTG,0,0,1
EOC2_PBMC_cell_CTACCCAAGTTGAGTA,0,0,0
EOC2_PBMC_cell_CACATTTTCGCCTGTT,0,0,0
EOC2_PBMC_cell_CTCGAAACATGACGGA,0,0,0
EOC2_PBMC_cell_TCGGGACAGCTAGGCA,0,0,0
EOC2_PBMC_cell_CACACCTGTCGAATCT,0,0,0
EOC2_PBMC_cell_ATCACGAGTGCCTGGT,0,0,0
EOC2_PBMC_cell_ACCGTAACAGACGCAA,0,0,0
EOC2_PBMC_cell_CACACTCCATGCCTAA,0,0,0
EOC2_PBMC_cell_GGCGACTCACAGGCCT,0,0,0
EOC2_PBMC_cell_AAGTCTGGTCTCATCC,0,0,0
EOC2_PBMC_cell_CGTTCTGAGGTCGGAT,0,0,0
EOC2_PBMC_cell_GCTTCCATCGCTTAGA,0,0,0
EOC2_PBMC_cell_TGACGGCCAAGTACCT,0,0,0
EOC2_PBMC_cell_CTTACCGGTCAACATC,0,0,0
EOC2_PBMC_cell_ACTGTCCAGCGTCAAG,0,0,0
EOC2_PBMC_cell_TATTACCGTGAGTGAC,0,0,0
EOC2_PBMC_cell_TCACGAATCTACGAGT,0,0,0
EOC2_PBMC_cell_CAGCCGAGTAGCTGCC,0,0,0
EOC2_PBMC_cell_GATCGATTCGGAGCAA,0,0,0
EOC2_PBMC_cell_TCGCGAGCACGAGAGT,0,0,0
EOC2_PBMC_cell_AACTCTTAGGATGCGT,0,0,0
EOC2_PBMC_cell_GCTGCAGTCGTCGTTC,0,0,0
EOC2_PBMC_cell_GATCGCGGTCGCGAAA,0,0,0
EOC2_PBMC_cell_TTAGGACTCGGCATCG,0,0,0
EOC2_PBMC_cell_TACAGTGGTTCTGTTT,0,0,0
EOC2_PBMC_cell_GACCTGGCAATGAATG,0,0,0
EOC2_PBMC_cell_TGTCCCAGTCATGCCG,0,0,0
EOC2_PBMC_cell_ACATACGTCAGGTTCA,0,0,0
EOC2_PBMC_cell_TTGGCAAAGACTCGGA,0,0,0
EOC2_PBMC_cell_GTCAAGTCATCGACGC,0,0,0
EOC2_PBMC_cell_TCAGCTCTCTACTATC,0,0,0
EOC2_PBMC_cell_GGGATGATCCTAAGTG,0,0,0
EOC2_PBMC_cell_GGAGCAAAGTGTACCT,0,0,0
EOC2_PBMC_cell_GTTCTCGGTTGCCTCT,0,0,0
EOC2_PBMC_cell_TGGTTCCTCCGAACGC,0,0,0
EOC2_PBMC_cell_GTTAAGCAGCCTATGT,0,0,0
EOC2_PBMC_cell_CAAGTTGGTTTGTTTC,0,0,0
EOC2_PBMC_cell_TGCGGGTTCAGCACAT,0,0,0
EOC2_PBMC_cell_TCATTTGTCTGATTCT,0,0,0
EOC2_PBMC_cell_CTCGGGATCCTTTACA,0,0,0
EOC2_PBMC_cell_GTGAAGGCACGAGAGT,0,0,0
EOC2_PBMC_cell_CCACTACTCCAACCAA,0,0,0
EOC2_PBMC_cell_ACGCCAGTCACTTCAT,0,0,0
EOC2_PBMC_cell_TGTATTCGTCACAAGG,0,0,0
EOC2_PBMC_cell_GTTCATTAGTGTTTGC,0,0,0
EOC2_PBMC_cell_TGACTAGGTAAGTGTA,0,0,0
EOC2_PBMC_cell_CACACCTAGTGGGTTG,0,0,0
EOC2_PBMC_cell_CTAAGACCACTTACGA,0,0,0
EOC2_PBMC_cell_AGCATACAGCTAAACA,0,0,0
EOC2_PBMC_cell_TTAGTTCTCGACAGCC,0,0,0
EOC2_PBMC_cell_CAGTAACCAATGGATA,0,0,0
EOC2_PBMC_cell_GCGGGTTTCACATAGC,0,0,0
EOC2_PBMC_cell_TAAACCGGTATAATGG,0,0,0
EOC2_PBMC_cell_GCGAGAAAGGCACATG,0,0,0
EOC2_PBMC_cell_TTCTCAATCAGCTCTC,0,0,0
EOC2_PBMC_cell_AAGCCGCGTCTAGTGT,0,0,0
EOC2_PBMC_cell_CCAGCGATCGGTTCGG,0,0,0
EOC2_PBMC_cell_GGACAAGAGCGAAGGG,0,0,0
EOC2_PBMC_cell_TGCACCTTCCACGAAT,0,0,0
EOC2_PBMC_cell_CTTACCGAGGATGTAT,0,0,0
EOC2_PBMC_cell_CCATTCGCATAACCTG,0,0,0
EOC2_PBMC_cell_GAGCAGAAGACAATAC,0,0,0
EOC2_PBMC_cell_ACTTGTTCACTAGTAC,0,0,0
EOC2_PBMC_cell_AGGTCATAGCGAGAAA,0,0,0
EOC2_PBMC_cell_TGCTGCTGTAGCTGCC,0,0,0
EOC2_PBMC_cell_AGCGTATCACGGTTTA,0,0,0
EOC2_PBMC_cell_TACTCATGTAGTACCT,0,0,0
EOC2_PBMC_cell_ACACTGAGTCATATGC,0,0,0
EOC2_PBMC_cell_CATGACACATAGACTC,0,0,0
EOC2_PBMC_cell_CGTCCATAGGTTCCTA,0,0,0
EOC2_PBMC_cell_AAGGTTCTCTCGCATC,0,0,0
EOC2_PBMC_cell_CAACCAAAGTTGTAGA,0,0,0
EOC2_PBMC_cell_AGCAGCCAGAGCCTAG,0,0,0
EOC2_PBMC_cell_TCTGGAAAGTGGGCTA,0,0,0
EOC2_PBMC_cell_GTTCATTAGAAGATTC,0,0,0
EOC2_PBMC_cell_TGTGGTACAAGTCTGT,0,0,0
EOC2_PBMC_cell_CTGCCTAAGTGGTCCC,0,0,0
EOC2_PBMC_cell_AGGCCGTGTCGCGTGT,0,0,0
EOC2_PBMC_cell_CGAGAAGCATCCGTGG,0,0,0
EOC2_PBMC_cell_AAACGGGAGACAGAGA,0,0,0
EOC2_PBMC_cell_TCTCATAGTCCGAACC,0,0,0
EOC2_PBMC_cell_GTCCTCATCCGAACGC,0,0,0
EOC2_PBMC_cell_TCACAAGGTGTCTGAT,0,0,0
EOC2_PBMC_cell_CAACCAATCTGCGTAA,0,0,0
EOC2_PBMC_cell_ACGAGCCCATCAGTAC,0,0,0
EOC2_PBMC_cell_TTAACTCCATTCTCAT,0,0,0
EOC2_PBMC_cell_ACTGTCCCAGATCGGA,0,0,0
EOC2_PBMC_cell_TTTGCGCAGACTGGGT,0,0,0
EOC2_PBMC_cell_AGCAGCCTCTTATCTG,0,0,0
EOC2_PBMC_cell_TCAGCAAGTAGTGAAT,0,0,0
EOC2_PBMC_cell_ATCTACTCATTACGAC,0,0,0
EOC2_PBMC_cell_TGCCCATAGACAGAGA,0,0,0
EOC2_PBMC_cell_ATAACGCTCAGCGACC,0,0,0
EOC2_PBMC_cell_TGCGGGTAGAGGTTGC,0,0,0
EOC2_PBMC_cell_CGCTATCTCAGGCCCA,0,0,0
EOC2_PBMC_cell_TTCGAAGGTGTGGTTT,0,0,0
EOC2_PBMC_cell_GTTACAGTCTGTCTCG,0,0,0
EOC2_PBMC_cell_TACTCGCCAACGCACC,0,0,0
EOC2_PBMC_cell_CAGCAGCGTAGCTTGT,0,0,0
EOC2_PBMC_cell_GGCTGGTTCCAGAAGG,0,0,0
EOC2_PBMC_cell_GATCTAGCAGGTCCAC,0,0,0
EOC2_PBMC_cell_GAATAAGCAGACGCCT,0,0,0
EOC2_PBMC_cell_TAAGCGTTCGCTAGCG,0,0,0
EOC2_PBMC_cell_AGTTGGTGTCCAAGTT,0,0,0
EOC2_PBMC_cell_GATGCTAAGCACCGTC,0,0,0
EOC2_PBMC_cell_GTCGTAAAGGGTCGAT,0,0,0
EOC2_PBMC_cell_ACTGAGTAGAGCTGGT,0,0,0
EOC2_PBMC_cell_ACTTACTAGCACAGGT,0,0,0
EOC2_PBMC_cell_GCAGTTAGTATAAACG,0,0,0
EOC2_PBMC_cell_GCACATACAACTTGAC,0,0,0
EOC2_PBMC_cell_CCTAGCTAGGCTCTTA,0,0,0
EOC2_PBMC_cell_CCGGGATAGAAGGACA,0,0,0
EOC2_PBMC_cell_CCCTCCTTCGCCATAA,0,0,0
EOC2_PBMC_cell_TGTGGTAGTTCGCGAC,0,0,0
EOC2_PBMC_cell_TGGACGCGTTGTACAC,0,0,0
EOC2_PBMC_cell_CTCTGGTTCTGCTGTC,0,0,0
EOC2_PBMC_cell_CAGTCCTAGCGTCTAT,0,0,0
EOC2_PBMC_cell_AGGGATGCATGAGCGA,0,0,0
EOC2_PBMC_cell_GCGCGATGTAGGGTAC,0,0,0
EOC2_PBMC_cell_GAAGCAGCAGCTCGAC,0,0,0
EOC2_PBMC_cell_TACTTGTTCCCTAATT,0,0,0
EOC2_PBMC_cell_ATCATGGAGCGCTTAT,0,0,0
EOC2_PBMC_cell_CAGCTGGGTGTGGCTC,0,0,0
EOC2_PBMC_cell_ACCCACTTCAACTCTT,0,0,0
EOC2_PBMC_cell_AGGGATGTCTCTAAGG,0,0,0
EOC2_PBMC_cell_CTCGAAACACAGCGTC,0,0,0
EOC2_PBMC_cell_CGTCTACTCCGAAGAG,0,0,0
EOC2_PBMC_cell_CAAGGCCGTATGGTTC,0,0,0
EOC2_PBMC_cell_GCTGGGTCACCTATCC,0,0,0
EOC2_PBMC_cell_TCTATTGGTTTGTTGG,0,0,0
EOC2_PBMC_cell_AACTGGTGTTGATTGC,0,0,0
EOC2_PBMC_cell_GTGCGGTAGCACCGTC,0,0,0
EOC2_PBMC_cell_CTTTGCGCATACGCCG,0,0,0
EOC2_PBMC_cell_CGACCTTCACTGAAGG,0,0,0
EOC2_PBMC_cell_CACATTTCAGTCCTTC,0,0,0
EOC2_PBMC_cell_GCGCAACGTAGCGTGA,0,0,0
EOC2_PBMC_cell_GATCGATGTCCATGAT,0,0,0
EOC2_PBMC_cell_TTTGTCAGTACGACCC,0,0,0
EOC2_PBMC_cell_AGTCTTTGTACCGTAT,0,0,0
EOC2_PBMC_cell_AGCGTATGTCGCTTTC,0,0,0
EOC2_PBMC_cell_CGGAGTCAGAAACGCC,0,0,0
EOC2_PBMC_cell_CTCGTACTCTCGAGTA,0,0,0
EOC2_PBMC_cell_CGGTTAAAGAGGGATA,0,0,0
EOC2_PBMC_cell_GCGGGTTCATGGTAGG,0,0,0
EOC2_PBMC_cell_GGCAATTTCACTCCTG,0,0,0
EOC2_PBMC_cell_TTTGGTTAGGCATGTG,0,0,0
EOC2_PBMC_cell_TGAGAGGTCTCCGGTT,0,0,0
EOC2_PBMC_cell_AGAGCGAGTTTCCACC,0,0,0
EOC2_PBMC_cell_CCTTACGCAGTATGCT,0,0,0
EOC2_PBMC_cell_GACGCGTGTGAAGGCT,0,0,0
EOC2_PBMC_cell_GTCTCGTCAGATTGCT,0,0,0
EOC2_PBMC_cell_GCATGTACAAAGGAAG,0,0,0
EOC2_PBMC_cell_GGTATTGTCAGTTCGA,0,0,0
EOC2_PBMC_cell_AGCTTGACAATGGATA,0,0,0
EOC2_PBMC_cell_TCAATCTGTTCATGGT,0,0,0
EOC2_PBMC_cell_AGCTCTCAGCTGGAAC,0,0,0
EOC2_PBMC_cell_TTAGTTCCACTTAACG,0,0,0
EOC2_PBMC_cell_GGGAGATCAGGTGCCT,0,0,0
EOC2_PBMC_cell_AACTCTTGTATATGGA,0,0,0
EOC2_PBMC_cell_CGTTGGGGTACCGTAT,0,0,0
EOC2_PBMC_cell_GGCTCGAAGGGTTTCT,0,0,0
EOC2_PBMC_cell_AAGGCAGGTGAAAGAG,0,0,0
EOC2_PBMC_cell_TCATTACAGCTGATAA,0,0,0
EOC2_PBMC_cell_CTCGGAGCAGACAAGC,0,0,0
EOC2_PBMC_cell_TCTTCGGGTCTCAACA,0,0,0
EOC2_PBMC_cell_GCAAACTTCCTTTCGG,0,0,0
EOC2_PBMC_cell_AGCGTATGTATATGAG,0,0,0
EOC2_PBMC_cell_CTGGTCTAGAAGGTTT,0,0,0
EOC2_PBMC_cell_CCCTCCTTCCGAGCCA,0,0,0
EOC2_PBMC_cell_ACATCAGTCCCAAGTA,0,0,0
EOC2_PBMC_cell_CTCGTACAGGCCGAAT,0,0,0
EOC2_PBMC_cell_TATTACCTCGATAGAA,0,0,1
EOC2_PBMC_cell_GATGAAACACCGAATT,0,0,0
EOC2_PBMC_cell_GATTCAGTCGTTACGA,0,0,0
EOC2_PBMC_cell_TTCTCCTAGAGAACAG,0,0,0
EOC2_PBMC_cell_TTTCCTCTCGTACGGC,0,0,0
EOC2_PBMC_cell_TTAGGCATCAACACCA,0,0,0
EOC2_PBMC_cell_GTGCGGTCATGGTCTA,0,0,0
EOC2_PBMC_cell_CCACTACAGGAGTAGA,0,0,0
EOC2_PBMC_cell_CAGCATACACTTGGAT,0,0,0
EOC2_PBMC_cell_ATAAGAGTCCCTCAGT,0,0,0
EOC2_PBMC_cell_TATGCCCAGCCGATTT,0,0,0
EOC2_PBMC_cell_TCTTTCCGTCTAGAGG,0,0,0
EOC2_PBMC_cell_TCGAGGCAGATATGGT,0,0,1
EOC2_PBMC_cell_TGGACGCTCCGGCACA,0,0,0
EOC2_PBMC_cell_GGTGAAGAGTAGCCGA,0,0,0
EOC2_PBMC_cell_AGGTCCGAGTGGACGT,0,0,0
EOC2_PBMC_cell_TAGTGGTGTGACGGTA,0,0,0
EOC2_PBMC_cell_CTAGCCTTCATAGCAC,0,0,0
EOC2_PBMC_cell_CGAATGTGTTATTCTC,0,0,0
EOC2_PBMC_cell_TCTGAGACAGAGCCAA,0,0,0
EOC2_PBMC_cell_TGTGTTTCAATGGTCT,0,0,0
EOC2_PBMC_cell_TACCTATAGCTCCTCT,0,0,0
EOC2_PBMC_cell_TGCCCTATCTCGAGTA,0,0,0
EOC2_PBMC_cell_CACATTTTCACAGGCC,0,0,0
EOC2_PBMC_cell_CAAGTTGAGTCCAGGA,0,0,0
EOC2_PBMC_cell_TGGCCAGGTCTGATTG,0,0,0
EOC2_PBMC_cell_ACTTACTTCGTTGACA,0,0,0
EOC2_PBMC_cell_TTGAACGGTGTGAAAT,0,0,0
EOC2_PBMC_cell_TCGCGAGAGTCCCACG,0,0,0
EOC2_PBMC_cell_ACATGGTCACATTAGC,0,0,0
EOC2_PBMC_cell_GCCAAATGTGTTGAGG,0,0,0
EOC2_PBMC_cell_CTCCTAGCAATAGCGG,0,0,0
EOC2_PBMC_cell_CTCTACGCATTCCTGC,0,0,0
EOC2_PBMC_cell_ACACCAACAATACGCT,0,0,0
EOC2_PBMC_cell_CGCTATCAGGGCACTA,0,0,0
EOC2_PBMC_cell_TGCCCTATCCGTAGGC,0,0,0
EOC2_PBMC_cell_GATTCAGAGCACACAG,0,0,0
EOC2_PBMC_cell_TTGGCAACAAGTTCTG,0,0,0
EOC2_PBMC_cell_CTACATTTCTCACATT,0,0,0
EOC2_PBMC_cell_CGCTGGATCTCATTCA,0,0,0
EOC2_PBMC_cell_TTGGCAAAGATCTGCT,0,0,0
EOC2_PBMC_cell_ACGGGTCAGTCCTCCT,0,0,0
EOC2_PBMC_cell_GCAAACTCATAAGACA,0,0,0
EOC2_PBMC_cell_ATTTCTGGTGATGCCC,0,0,0
EOC2_PBMC_cell_TTAGGACAGATGGCGT,0,0,0
EOC2_PBMC_cell_CGGTTAAAGGAATCGC,0,0,0
EOC2_PBMC_cell_GCTGCTTTCACTCCTG,0,0,0
EOC2_PBMC_cell_CTCGAAACAGATAATG,0,0,0
EOC2_PBMC_cell_TCAGGATGTTACTGAC,0,0,0
EOC2_PBMC_cell_CCTTCCCGTCATGCAT,0,0,0
EOC2_PBMC_cell_ATTGGACGTGGGTATG,0,0,0
EOC2_PBMC_cell_TTTGGTTCATAGGATA,0,0,0
EOC2_PBMC_cell_TGACTAGAGCGTGAAC,0,0,0
EOC2_PBMC_cell_GCACTCTCAAAGGAAG,0,0,0
EOC2_PBMC_cell_CACAGTAGTTATTCTC,0,0,0
EOC2_PBMC_cell_GCCAAATAGGAATGGA,0,0,0
EOC2_PBMC_cell_AAATGCCGTACAGACG,0,0,0
EOC2_PBMC_cell_ACGCCAGTCATTCACT,0,0,0
EOC2_PBMC_cell_GTGCAGCAGATGTCGG,0,0,0
EOC2_PBMC_cell_TTCTTAGTCATTGCCC,0,0,0
EOC2_PBMC_cell_ACATCAGTCACTGGGC,0,0,1
EOC2_PBMC_cell_TGAGAGGGTTCAACCA,0,0,0
EOC2_PBMC_cell_TGAGCATCAGGCAGTA,0,0,0
EOC2_PBMC_cell_TGAGAGGAGGAACTGC,0,0,0
EOC2_PBMC_cell_CACACTCAGTACGTTC,0,0,0
EOC2_PBMC_cell_CATGGCGGTGATGTCT,0,0,0
EOC2_PBMC_cell_TCGTACCGTGCGATAG,0,0,0
EOC2_PBMC_cell_TCGGTAATCAACGGCC,0,0,0
EOC2_PBMC_cell_AGTTGGTCATCTACGA,0,0,0
EOC2_PBMC_cell_GTTAAGCTCGTACCGG,0,0,0
EOC2_PBMC_cell_CCTACACGTATGAAAC,0,0,0
EOC2_PBMC_cell_AACCATGCACCAGATT,0,0,0
EOC2_PBMC_cell_TGATTTCTCTTACCGC,0,0,0
EOC2_PBMC_cell_CAGCGACAGTAGATGT,0,0,0
EOC2_PBMC_cell_CAGCTGGCAGATGAGC,0,0,0
EOC2_PBMC_cell_GGATGTTGTCTGATCA,0,0,0
EOC2_PBMC_cell_GAGTCCGGTGACTACT,0,0,0
EOC2_PBMC_cell_CCACGGAGTAGCTTGT,0,0,0
EOC2_PBMC_cell_GCTGCGAAGTGTGGCA,0,0,0
EOC2_PBMC_cell_ACGTCAACAAAGGCGT,0,0,0
EOC2_PBMC_cell_ATTCTACCAACAACCT,0,0,0
EOC2_PBMC_cell_CACTCCACATAGTAAG,0,0,0
EOC2_PBMC_cell_CATCGGGGTCTTCAAG,0,0,0
EOC2_PBMC_cell_CAGTCCTAGAGTAATC,0,0,0
EOC2_PBMC_cell_TGAGCATCAAGCTGTT,0,0,0
EOC2_PBMC_cell_GCGACCAAGTGAAGAG,0,0,0
EOC2_PBMC_cell_AAGCCGCGTTCAGTAC,0,0,0
EOC2_PBMC_cell_AGAGTGGAGACCTTTG,0,0,0
EOC2_PBMC_cell_GCGGGTTTCAAACCGT,0,0,0
EOC2_PBMC_cell_TTAACTCCAGTCGATT,0,0,0
EOC2_PBMC_cell_TTGGAACAGCTCCTCT,0,0,0
EOC2_PBMC_cell_GGCAATTAGATATGCA,0,0,0
EOC2_PBMC_cell_TCCACACTCTACTTAC,0,0,0
EOC2_PBMC_cell_TAGTGGTCACAGTCGC,0,0,0
EOC2_PBMC_cell_CGGAGCTCAGTTTACG,0,0,0
EOC2_PBMC_cell_ATTCTACCATGATCCA,0,0,0
EOC2_PBMC_cell_TGCTACCTCCACGTTC,0,0,0
EOC2_PBMC_cell_CTAATGGAGCTGTCTA,0,0,0
EOC2_PBMC_cell_GCCAAATTCGTCTGCT,0,0,0
EOC2_PBMC_cell_GTGCAGCTCGCAAACT,0,0,0
EOC2_PBMC_cell_GCGACCAAGAGACGAA,0,0,0
EOC2_PBMC_cell_CAGATCAGTAAACGCG,0,0,0
EOC2_PBMC_cell_ACACCGGAGTGACATA,0,0,0
EOC2_PBMC_cell_TTAGTTCTCCAGAAGG,0,0,0
EOC2_PBMC_cell_TTGCCGTGTCTAGTGT,0,0,0
EOC2_PBMC_cell_CTTAACTAGTCGAGTG,0,0,0
EOC2_PBMC_cell_CGCTGGAGTTGATTCG,0,0,0
EOC2_PBMC_cell_GCATGTACACAGACAG,0,0,0
EOC2_PBMC_cell_TGTTCCGGTCCGTGAC,0,0,0
EOC2_PBMC_cell_CTGTGCTAGACAAAGG,0,0,0
EOC2_PBMC_cell_CATCCACGTGGGTCAA,0,0,0
EOC2_PBMC_cell_GTATTCTGTATCGCAT,0,0,0
EOC2_PBMC_cell_GTCGTAAAGCTGGAAC,0,0,0
EOC2_PBMC_cell_GGACGTCTCAAACGGG,0,0,0
EOC2_PBMC_cell_ATGCGATAGTACGCCC,0,0,0
EOC2_PBMC_cell_CTGCTGTTCCGTTGCT,0,0,0
EOC2_PBMC_cell_TGCGCAGGTTGACGTT,0,0,0
EOC2_PBMC_cell_CACAGGCAGCATGGCA,0,0,0
EOC2_PBMC_cell_TTGCCGTCAAGAAGAG,0,0,0
EOC2_PBMC_cell_GGCAATTCAACACGCC,0,0,0
EOC2_PBMC_cell_CCACCTAGTTACAGAA,0,0,0
EOC2_PBMC_cell_TTTCCTCGTGAGTATA,0,0,0
EOC2_PBMC_cell_ACGGCCAGTTAAGGGC,0,0,0
EOC2_PBMC_cell_TCGAGGCTCTTGACGA,0,0,1
EOC2_PBMC_cell_TGTGTTTCAACTTGAC,0,0,0
EOC2_PBMC_cell_AAGACCTGTTCGTCTC,0,0,0
EOC2_PBMC_cell_TTTGGTTAGATACACA,0,0,0
EOC2_PBMC_cell_GACGTGCGTTGTCTTT,0,0,0
EOC2_PBMC_cell_TGCTACCTCCTGTACC,0,0,0
EOC2_PBMC_cell_ATGAGGGGTCTGCCAG,0,0,0
EOC2_PBMC_cell_AACGTTGAGGGTGTGT,0,0,0
EOC2_PBMC_cell_CATCGGGAGTGGTAAT,0,0,0
EOC2_PBMC_cell_ACTGAACTCACAAACC,0,0,0
EOC2_PBMC_cell_CGTGTCTTCGGGAGTA,0,0,0
EOC2_PBMC_cell_GTCGGGTGTGTAACGG,0,0,0
EOC2_PBMC_cell_TGACTTTGTCCAGTTA,0,0,0
EOC2_PBMC_cell_GATTCAGGTCACCCAG,0,0,0
EOC2_PBMC_cell_TACCTATTCACAGGCC,0,0,0
EOC2_PBMC_cell_CACCAGGGTTCGGCAC,0,0,0
EOC2_PBMC_cell_GGTGTTACACGTCTCT,0,0,0
EOC2_PBMC_cell_CATGCCTCACGCATCG,0,0,0
EOC2_PBMC_cell_CGTTAGAGTCAAACTC,0,0,0
EOC2_PBMC_cell_CAAGGCCGTTACGGAG,0,0,0
EOC2_PBMC_cell_TTAGTTCAGCAAATCA,0,0,0
EOC2_PBMC_cell_CTGTGCTTCTCTGTCG,0,0,0
EOC2_PBMC_cell_GAATAAGAGCGCTCCA,0,0,0
EOC2_PBMC_cell_CACACCTGTCTCGTTC,0,0,0
EOC2_PBMC_cell_TCGAGGCTCGCCTGAG,0,0,0
EOC2_PBMC_cell_AGCTCCTTCGATGAGG,0,0,0
EOC2_PBMC_cell_TGTTCCGAGCTGCCCA,0,0,0
EOC2_PBMC_cell_TGCCCATTCCTTCAAT,0,0,0
EOC2_PBMC_cell_CATCAAGAGATGTGTA,0,0,0
EOC2_PBMC_cell_AGTTGGTAGACTAAGT,0,0,0
EOC2_PBMC_cell_CTCACACCATTTGCCC,0,0,0
EOC2_PBMC_cell_AAAGCAAGTGTGCGTC,0,0,0
EOC2_PBMC_cell_ACAGCTAAGAATGTGT,0,0,0
EOC2_PBMC_cell_CTGCGGAGTCTAGGTT,0,0,0
EOC2_PBMC_cell_GCGCAGTAGAGCCTAG,0,0,0
EOC2_PBMC_cell_CATTCGCTCTGTGCAA,0,0,0
EOC2_PBMC_cell_GCGCGATCAAGGCTCC,0,0,0
EOC2_PBMC_cell_TACTTGTGTCATACTG,0,0,0
EOC2_PBMC_cell_AGCTCTCGTCTAACGT,0,0,0
EOC2_PBMC_cell_TGCCAAAGTAGCACGA,0,0,0
EOC2_PBMC_cell_CCATTCGAGAGCTATA,0,0,0
EOC2_PBMC_cell_AACCATGCAGCCTTGG,0,0,0
EOC2_PBMC_cell_AACCATGGTACCAGTT,0,0,0
EOC2_PBMC_cell_ACATCAGTCAGCACAT,0,0,0
EOC2_PBMC_cell_GCGCAACCACACGCTG,0,0,0
EOC2_PBMC_cell_GGGTCTGCAATGACCT,0,0,0
EOC2_PBMC_cell_ATTATCCTCGTTTATC,0,0,0
EOC2_PBMC_cell_CATGCCTAGATGTGGC,0,0,0
EOC2_PBMC_cell_CCACTACAGAGCAATT,0,0,0
EOC2_PBMC_cell_CGTCTACTCCAACCAA,0,0,0
EOC2_PBMC_cell_TCGAGGCCAATGTAAG,0,0,0
EOC2_PBMC_cell_CTACATTGTAGCTTGT,0,0,0
EOC2_PBMC_cell_AGTCTTTTCCTAGAAC,0,0,0
EOC2_PBMC_cell_CATATGGTCTTTACAC,0,0,0
EOC2_PBMC_cell_CTTCTCTTCTCTGTCG,0,0,0
EOC2_PBMC_cell_ATAGACCGTCTAGTGT,0,0,0
EOC2_PBMC_cell_CGATCGGGTAAGTGGC,0,0,0
EOC2_PBMC_cell_CCGTGGACATGGTCTA,0,0,0
EOC2_PBMC_cell_GGATTACTCCAGTATG,0,0,0
EOC2_PBMC_cell_CGAATGTCAGACGCTC,0,0,0
EOC2_PBMC_cell_ACGCCGACAAGACGTG,0,0,0
EOC2_PBMC_cell_CTGAAGTAGGTGTTAA,0,0,0
EOC2_PBMC_cell_CTAGTGATCCTCTAGC,0,0,0
EOC2_PBMC_cell_CGTTAGAAGGATGTAT,0,0,0
EOC2_PBMC_cell_TGACTTTGTATTAGCC,0,0,0
EOC2_PBMC_cell_TGTGTTTTCTCCAGGG,0,0,0
EOC2_PBMC_cell_TCATTACTCTCTTATG,0,0,0
EOC2_PBMC_cell_CTCTGGTTCCAAACAC,0,0,0
EOC2_PBMC_cell_ACTGAACAGTCAAGCG,0,0,0
EOC2_PBMC_cell_GGGAGATAGAATGTTG,0,0,0
EOC2_PBMC_cell_TCAGATGTCTAACTGG,0,0,0
EOC2_PBMC_cell_CGTCAGGCAGGTCGTC,0,0,0
EOC2_PBMC_cell_ACTGTCCAGGTGCTAG,0,0,0
EOC2_PBMC_cell_AACCGCGAGATATGGT,0,0,0
EOC2_PBMC_cell_GGCCGATCATCGGGTC,0,0,0
EOC2_PBMC_cell_GTTTCTATCTGTCTCG,0,0,0
EOC2_PBMC_cell_ACACCGGGTCAATGTC,0,0,0
EOC2_PBMC_cell_TCCCGATTCGATAGAA,0,0,0
EOC2_PBMC_cell_TCGAGGCCAAGCTGTT,0,0,0
EOC2_PBMC_cell_GTTCGGGAGTGGTAAT,0,0,0
EOC2_PBMC_cell_CTCGTCACATCCTAGA,0,0,0
EOC2_PBMC_cell_GGGAATGCATATGCTG,0,0,0
EOC2_PBMC_cell_GCACATAAGCCGCCTA,0,0,0
EOC2_PBMC_cell_GTCAAGTTCTCCTATA,0,0,0
EOC2_PBMC_cell_GGGTTGCTCGTCCGTT,0,0,0
EOC2_PBMC_cell_GTTCTCGAGGAGTTGC,0,0,0
EOC2_PBMC_cell_ACGCCAGCAAACGCGA,0,0,0
EOC2_PBMC_cell_AGATTGCCATTTGCCC,0,0,0
EOC2_PBMC_cell_CACATAGGTATCGCAT,0,0,0
EOC2_PBMC_cell_TGGTTCCGTCTTGCGG,0,0,0
EOC2_PBMC_cell_GATCGTAAGTGAAGAG,0,0,0
EOC2_PBMC_cell_ATAGACCCACGGTTTA,0,0,0
EOC2_PBMC_cell_AGCAGCCGTGCATCTA,0,0,0
EOC2_PBMC_cell_AGCATACAGTCTCAAC,0,0,0
EOC2_PBMC_cell_CGTTAGAGTACCAGTT,0,0,0
EOC2_PBMC_cell_GTTCGGGTCACTCTTA,0,0,0
EOC2_PBMC_cell_AAAGCAATCGTTTATC,0,0,0
EOC2_PBMC_cell_GGATTACAGAGTACAT,0,0,0
EOC2_PBMC_cell_GTCACAATCACCGTAA,0,0,0
EOC2_PBMC_cell_CGTTAGAAGCTACCGC,0,0,0
EOC2_PBMC_cell_ACACTGAAGTGAAGAG,0,0,0
EOC2_PBMC_cell_GTAACTGGTGGCCCTA,0,0,0
EOC2_PBMC_cell_GGAGCAAGTACATGTC,0,0,1
EOC2_PBMC_cell_GTGCAGCTCCAGAAGG,0,0,0
EOC2_PBMC_cell_GTATTCTAGTACTTGC,0,0,0
EOC2_PBMC_cell_CATATTCTCCGCATAA,0,0,0
EOC2_PBMC_cell_GAGGTGAGTACCGCTG,0,0,0
EOC2_PBMC_cell_CCTAGCTCAGCTGTAT,0,0,0
EOC2_PBMC_cell_CACACAAGTACAGCAG,0,0,0
EOC2_PBMC_cell_AGACGTTCACGTGAGA,0,0,0
EOC2_PBMC_cell_TGGTTCCCATCCTTGC,0,0,0
EOC2_PBMC_cell_AAAGCAACACGGCTAC,0,0,0
EOC2_PBMC_cell_GCTGGGTCAAAGTGCG,0,0,0
EOC2_PBMC_cell_TTGGCAATCCGAACGC,0,0,0
EOC2_PBMC_cell_ACTTGTTAGATATGCA,0,0,0
EOC2_PBMC_cell_GGTGAAGCACCAGTTA,0,0,0
EOC2_PBMC_cell_GTATTCTCAAAGAATC,0,0,0
EOC2_PBMC_cell_TTCTCCTGTGCCTGGT,0,0,0
EOC2_PBMC_cell_CCAATCCCATTAACCG,0,0,0
EOC2_PBMC_cell_CGCCAAGAGATGCGAC,0,0,0
EOC2_PBMC_cell_GATTCAGTCCCTCAGT,0,0,0
EOC2_PBMC_cell_TGACTTTGTGAAGGCT,0,0,0
EOC2_PBMC_cell_TGGCGCATCGTGGTCG,0,0,0
EOC2_PBMC_cell_TTTATGCAGTCATCCA,0,0,0
EOC2_PBMC_cell_CGGACGTGTAGCGCAA,0,0,0
EOC2_PBMC_cell_CTGCGGAGTCTCCCTA,0,0,0
EOC2_PBMC_cell_ACACTGACATTGTGCA,0,0,0
EOC2_PBMC_cell_TTAACTCAGCGATAGC,0,0,0
EOC2_PBMC_cell_GCTCTGTTCAACGAAA,0,0,0
EOC2_PBMC_cell_GGGCACTGTAGGACAC,0,0,0
EOC2_PBMC_cell_TAGGCATGTAGATTAG,0,0,0
EOC2_PBMC_cell_GAACCTATCAGTCCCT,0,0,0
EOC2_PBMC_cell_GTATTCTTCTTGACGA,0,0,0
EOC2_PBMC_cell_TTAGGACGTTGTACAC,0,0,0
EOC2_PBMC_cell_CAACTAGCAATTGCTG,0,0,0
EOC2_PBMC_cell_GTCTCGTCAGATCCAT,0,0,0
EOC2_PBMC_cell_AAAGTAGCACATCTTT,0,0,0
EOC2_PBMC_cell_TGACTTTTCGCGTAGC,0,0,0
EOC2_PBMC_cell_CTACGTCAGATGCCAG,0,0,0
EOC2_PBMC_cell_ACTGTCCTCTTGGGTA,0,0,0
EOC2_PBMC_cell_CACAGGCGTCACAAGG,0,0,0
EOC2_PBMC_cell_CGATCGGGTAGAGTGC,0,0,0
EOC2_PBMC_cell_AGCGGTCTCCTGTACC,0,0,0
EOC2_PBMC_cell_CGGACACGTTAAGGGC,0,0,0
EOC2_PBMC_cell_CATCCACCAAGCGCTC,0,0,0
EOC2_PBMC_cell_CCTACCATCTTTACGT,0,0,0
EOC2_PBMC_cell_TTTGTCATCCTCGCAT,0,0,1
EOC2_PBMC_cell_GCTGCGATCCTCCTAG,0,0,0
EOC2_PBMC_cell_TGGACGCTCCGTTGTC,0,0,0
EOC2_PBMC_cell_CAGCGACGTAGCGCTC,0,0,0
EOC2_PBMC_cell_GGATGTTGTTGGAGGT,0,0,0
EOC2_PBMC_cell_TCATTTGCACCTTGTC,0,0,0
EOC2_PBMC_cell_ACACCGGAGGCTCATT,0,0,0
EOC2_PBMC_cell_CCTAGCTCAAGCCGTC,0,0,0
EOC2_PBMC_cell_CCACGGATCAGTTAGC,0,0,0
EOC2_PBMC_cell_AAAGATGAGTCAATAG,0,0,0
EOC2_PBMC_cell_CCCAGTTAGGAGTACC,0,0,0
EOC2_PBMC_cell_AGCATACCATCCCATC,0,0,0
EOC2_PBMC_cell_TACGGGCGTGTTCGAT,0,0,0
EOC2_PBMC_cell_GTGTGCGCAAGCTGTT,0,0,1
EOC2_PBMC_cell_CCATGTCGTGAGCGAT,0,0,0
EOC2_PBMC_cell_TAAGAGATCTGGTGTA,0,0,0
EOC2_PBMC_cell_ACACTGACACGAGGTA,0,0,0
EOC2_PBMC_cell_CATGACACAGGCAGTA,0,0,0
EOC2_PBMC_cell_AGGGATGAGGCCCTTG,0,0,0
EOC2_PBMC_cell_GTACGTAGTTGTCGCG,0,0,0
EOC2_PBMC_cell_CTCACACGTGCCTGCA,0,0,0
EOC2_PBMC_cell_GATCGTAGTTCTGTTT,0,0,0
EOC2_PBMC_cell_CCGGGATGTACCATCA,0,0,0
EOC2_PBMC_cell_ACTTGTTCACGGCTAC,0,0,0
EOC2_PBMC_cell_TCACAAGCATCACGAT,0,0,0
EOC2_PBMC_cell_CTCGTCATCTGGTATG,0,0,0
EOC2_PBMC_cell_TCATTACAGAAGGTTT,0,0,0
EOC2_PBMC_cell_GACGGCTTCCCTTGCA,0,0,0
EOC2_PBMC_cell_TAGACCAGTCAGCTAT,0,0,0
EOC2_PBMC_cell_ATGGGAGAGCTGTTCA,0,0,0
EOC2_PBMC_cell_GCCTCTATCGCCGTGA,0,0,0
EOC2_PBMC_cell_TAAGCGTTCCAAATGC,0,0,0
EOC2_PBMC_cell_TGCGTGGAGACGACGT,0,0,0
EOC2_PBMC_cell_GCGGGTTAGATGTAAC,0,0,0
EOC2_PBMC_cell_CCGTGGAGTGTGACCC,0,0,0
EOC2_PBMC_cell_AGTTGGTAGACAGACC,0,0,0
EOC2_PBMC_cell_ACTATCTTCTAACCGA,0,0,0
EOC2_PBMC_cell_ACTATCTCACTCAGGC,0,0,0
EOC2_PBMC_cell_TTCTTAGGTTAAGACA,0,0,0
EOC2_PBMC_cell_AGCATACAGGAATTAC,0,0,0
EOC2_PBMC_cell_TCTTTCCTCCTTTCTC,0,0,0
EOC2_PBMC_cell_CCTTACGAGAGTGACC,0,0,0
EOC2_PBMC_cell_GCATACAAGAAGGTGA,0,0,0
EOC2_PBMC_cell_TTCTCAATCCTGTACC,0,0,0
EOC2_PBMC_cell_AACACGTTCTAGAGTC,0,0,0
EOC2_PBMC_cell_AGCGGTCAGGACACCA,0,0,0
EOC2_PBMC_cell_ATCATCTGTGGTGTAG,0,0,0
EOC2_PBMC_cell_CTTAACTTCCTTGCCA,0,0,0
EOC2_PBMC_cell_ACGCCGAGTTGCGTTA,0,0,0
EOC2_PBMC_cell_CTGTGCTAGCATCATC,0,0,0
EOC2_PBMC_cell_CATCAGAAGATGGGTC,0,0,0
EOC2_PBMC_cell_GATCAGTCAGCCAGAA,0,0,0
EOC2_PBMC_cell_GGTGTTAAGACGCACA,0,0,0
EOC2_PBMC_cell_GGAGCAAAGTCGAGTG,0,0,0
EOC2_PBMC_cell_CAACCTCGTAAGGATT,0,0,0
EOC2_PBMC_cell_GCCTCTAAGTTGTAGA,0,0,0
EOC2_PBMC_cell_GAGGTGAAGCTGTTCA,0,0,0
EOC2_PBMC_cell_CTGAAACCATGATCCA,0,0,0
EOC2_PBMC_cell_TATCAGGAGTACATGA,0,0,0
EOC2_PBMC_cell_TTTCCTCGTCTAACGT,0,0,0
EOC2_PBMC_cell_AGCTTGAAGGGCTCTC,0,0,0
EOC2_PBMC_cell_AACTCAGGTTTAAGCC,0,0,1
EOC2_PBMC_cell_TTCCCAGCATTGCGGC,0,0,0
EOC2_PBMC_cell_AGCTCTCTCCATGCTC,0,0,0
EOC2_PBMC_cell_TTGCGTCTCATATCGG,0,0,0
EOC2_PBMC_cell_CCTAGCTCAGACGCAA,0,0,0
EOC2_PBMC_cell_TACTCGCTCTCGTTTA,0,0,0
EOC2_PBMC_cell_CACACAAGTCCATCCT,0,0,0
EOC2_PBMC_cell_GCTCCTAAGCCCGAAA,0,0,0
EOC2_PBMC_cell_CTCGAGGCAGCATACT,0,0,0
EOC2_PBMC_cell_GTTAAGCAGGCATGTG,0,0,0
EOC2_PBMC_cell_ACACCGGAGCTGCGAA,0,0,0
EOC2_PBMC_cell_CCACGGACAAGAGTCG,0,0,0
EOC2_PBMC_cell_TCTGGAAAGTGGGTTG,0,0,0
EOC2_PBMC_cell_TGACGGCGTAACGTTC,0,0,0
EOC2_PBMC_cell_TGCGTGGTCGTTACAG,0,0,0
EOC2_PBMC_cell_GTGCAGCGTCCAGTGC,0,0,0
EOC2_PBMC_cell_TTTATGCCACCAGATT,0,0,0
EOC2_PBMC_cell_AAAGCAACATCTCGCT,0,0,0
EOC2_PBMC_cell_GATGAAATCCCGACTT,0,0,0
EOC2_PBMC_cell_GCGAGAAAGTATGACA,0,0,0
EOC2_PBMC_cell_ATGAGGGAGGACTGGT,0,0,0
EOC2_PBMC_cell_CACACCTAGCAGCCTC,0,0,0
EOC2_PBMC_cell_CCGGGATGTTCGTTGA,0,0,0
EOC2_PBMC_cell_AACTGGTCAAACAACA,0,0,0
EOC2_PBMC_cell_CAGAATCTCACCCGAG,0,0,0
EOC2_PBMC_cell_ACCGTAAAGGCTAGCA,0,0,0
EOC2_PBMC_cell_GAATGAAAGAGTAATC,0,0,0
EOC2_PBMC_cell_CGAGCACAGCGTCTAT,0,0,0
EOC2_PBMC_cell_TCGGGACGTTCCAACA,0,0,0
EOC2_PBMC_cell_GTTAAGCTCTGCTGTC,0,0,0
EOC2_PBMC_cell_TTTACTGTCTTGCATT,0,0,0
EOC2_PBMC_cell_TCAATCTGTCCGAAGA,0,0,0
EOC2_PBMC_cell_TTGACTTCATTTGCCC,0,0,0
EOC2_PBMC_cell_CGAATGTGTAATCACC,0,0,0
EOC2_PBMC_cell_GGGTCTGCAGATCCAT,0,0,0
EOC2_PBMC_cell_GTAACTGCAATAGAGT,0,0,0
EOC2_PBMC_cell_ACCGTAAAGCCCAGCT,0,0,0
EOC2_PBMC_cell_GCAATCAGTGAAGGCT,0,0,0
EOC2_PBMC_cell_TCTGAGAGTCATATCG,0,0,0
EOC2_PBMC_cell_TCAGGTATCACAAACC,0,0,0
EOC2_PBMC_cell_TCTATTGGTTATCGGT,0,0,0
EOC2_PBMC_cell_AGGTCCGAGACAAAGG,0,0,0
EOC2_PBMC_cell_TTTATGCTCCAAACAC,0,0,0
EOC2_PBMC_cell_ATTGGTGAGTACGCCC,0,0,0
EOC2_PBMC_cell_CACACAAGTTACCAGT,0,0,0
EOC2_PBMC_cell_AGCTCCTAGCGATGAC,0,0,0
EOC2_PBMC_cell_ACTATCTAGTTGAGAT,0,0,0
EOC2_PBMC_cell_TACCTTATCACCCTCA,0,0,0
EOC2_PBMC_cell_CTAACTTGTTAGAACA,0,0,0
EOC2_PBMC_cell_GGACATTCATGTCTCC,0,0,0
EOC2_PBMC_cell_TCATTACGTCGAGATG,0,0,0
EOC2_PBMC_cell_ACGGCCAGTTCAGCGC,0,0,0
EOC2_PBMC_cell_GACACGCGTAATAGCA,0,0,1
EOC2_PBMC_cell_AACTCTTTCAGCTCTC,0,0,0
EOC2_PBMC_cell_ATTATCCAGACACTAA,0,0,0
EOC2_PBMC_cell_TCCACACTCTCTGTCG,0,0,0
EOC2_PBMC_cell_CCTACCAGTACCGGCT,0,0,0
EOC2_PBMC_cell_GCGGGTTCAATGGATA,0,0,0
EOC2_PBMC_cell_AGTGAGGGTATGCTTG,0,0,0
EOC2_PBMC_cell_GTCCTCACAGCGAACA,0,0,0
EOC2_PBMC_cell_CAGCTAATCCAGTATG,0,0,0
EOC2_PBMC_cell_CACCAGGGTCTCTCTG,0,0,0
EOC2_PBMC_cell_GAATAAGTCCTCAACC,0,0,0
EOC2_PBMC_cell_TGCACCTCAGTCTTCC,0,0,0
EOC2_PBMC_cell_ATAACGCCACGAAGCA,0,0,0
EOC2_PBMC_cell_TTCTACATCGCATGGC,0,0,0
EOC2_PBMC_cell_CTCACACGTCTTGTCC,0,0,0
EOC2_PBMC_cell_GAGGTGAGTAGGACAC,0,0,0
EOC2_PBMC_cell_CCGTTCACACATTTCT,0,0,0
EOC2_PBMC_cell_TATCTCATCTGCGGCA,0,0,0
EOC2_PBMC_cell_CGGACTGAGAAGGTGA,0,0,0
EOC2_PBMC_cell_GGTATTGCATGGGAAC,0,0,0
EOC2_PBMC_cell_CTGAAGTTCCTAGTGA,0,0,0
EOC2_PBMC_cell_CTCGAGGGTACCAGTT,0,0,0
EOC2_PBMC_cell_CAGTCCTGTCTAGCGC,0,0,0
EOC2_PBMC_cell_GAACATCTCGCATGAT,0,0,0
EOC2_PBMC_cell_GCGCCAACATGAAGTA,0,0,0
EOC2_PBMC_cell_AGCGGTCAGTCATGCT,0,0,0
EOC2_PBMC_cell_TGACTAGGTGAGTATA,0,0,0
EOC2_PBMC_cell_GGCCGATTCACCTTAT,0,0,0
EOC2_PBMC_cell_CGCGGTACAATGAAAC,0,0,0
EOC2_PBMC_cell_CAAGGCCTCAGGCCCA,0,0,0
EOC2_PBMC_cell_CACTCCAAGTAGCCGA,0,0,0
EOC2_PBMC_cell_TCACAAGCATCAGTAC,0,0,0
EOC2_PBMC_cell_TTCGGTCCAGTTTACG,0,0,0
EOC2_PBMC_cell_TGGACGCGTAGTACCT,0,0,0
EOC2_PBMC_cell_ACGTCAAGTTTACTCT,0,0,0
EOC2_PBMC_cell_GAAATGATCCGAACGC,0,0,0
EOC2_PBMC_cell_CGCCAAGAGCACCGTC,0,0,0
EOC2_PBMC_cell_ACTGAACGTTCGTGAT,0,0,0
EOC2_PBMC_cell_CCGTTCACACGGTGTC,0,0,0
EOC2_PBMC_cell_TGATTTCTCCTGTACC,0,0,0
EOC2_PBMC_cell_CGAACATTCTGGAGCC,0,0,0
EOC2_PBMC_cell_CCTACCATCTCCCTGA,0,0,0
EOC2_PBMC_cell_GAATGAATCACTGGGC,0,0,0
EOC2_PBMC_cell_ATTATCCCACCAGCAC,0,0,0
EOC2_PBMC_cell_CAGAGAGTCGGCGGTT,0,0,0
EOC2_PBMC_cell_GTTAAGCCACATCCGG,0,0,0
EOC2_PBMC_cell_CCTTTCTGTGGAAAGA,0,0,0
EOC2_PBMC_cell_CTCGGGATCGGACAAG,0,0,0
EOC2_PBMC_cell_AACTCCCGTAGCGCTC,0,0,0
EOC2_PBMC_cell_GAACATCGTGGCGAAT,0,0,0
EOC2_PBMC_cell_ACATCAGGTGTGGCTC,0,0,0
EOC2_PBMC_cell_ACACTGATCGATCCCT,0,0,0
EOC2_PBMC_cell_CCCATACCACTCGACG,0,0,0
EOC2_PBMC_cell_ACATGGTTCGTAGGAG,0,0,0
EOC2_PBMC_cell_CAACCAACAACACCTA,0,0,0
EOC2_PBMC_cell_TACGGATCACCCAGTG,0,0,0
EOC2_PBMC_cell_AATCCAGGTGTGACCC,0,0,1
EOC2_PBMC_cell_TCTGGAATCTTAACCT,0,0,0
EOC2_PBMC_cell_GCGAGAAAGGGATCTG,0,0,0
EOC2_PBMC_cell_GAATGAAGTTGTCTTT,0,0,0
EOC2_PBMC_cell_TGAGCATTCGTAGATC,0,0,0
EOC2_PBMC_cell_GATCGTACATCCGCGA,0,0,0
EOC2_PBMC_cell_TCAGGTAGTCCAACTA,0,0,0
EOC2_PBMC_cell_CACCACTTCCTGCCAT,0,0,0
EOC2_PBMC_cell_CTCGGAGCAACACCTA,0,0,0
EOC2_PBMC_cell_GAGGTGACATCAGTCA,0,0,0
EOC2_PBMC_cell_TCTTTCCTCCTAGTGA,0,0,0
EOC2_PBMC_cell_TTTACTGCAGTTAACC,0,0,0
EOC2_PBMC_cell_TCAATCTTCACTTCAT,0,0,0
EOC2_PBMC_cell_ACTGAGTTCAGTTCGA,0,0,0
EOC2_PBMC_cell_AGCGGTCTCCGGCACA,0,0,0
EOC2_PBMC_cell_AGAGCGAAGGATATAC,0,0,0
EOC2_PBMC_cell_TCAGCTCCAACAACCT,0,0,0
EOC2_PBMC_cell_CGTGAGCCATCATCCC,0,0,0
EOC2_PBMC_cell_ACGTCAATCGTCACGG,0,0,0
EOC2_PBMC_cell_GGACATTGTACGAAAT,0,0,0
EOC2_PBMC_cell_CTCAGAAAGTCTCAAC,0,0,0
EOC2_PBMC_cell_CAGCAGCGTTTGGGCC,0,0,0
EOC2_PBMC_cell_TGGTTAGGTTGGAGGT,0,0,0
EOC2_PBMC_cell_CTGATAGTCATCGGAT,0,0,0
EOC2_PBMC_cell_TCGCGAGCAGTATAAG,0,0,0
EOC2_PBMC_cell_CCAGCGAAGGGTTCCC,0,0,0
EOC2_PBMC_cell_GCGCAGTAGCGTAGTG,0,0,0
EOC2_PBMC_cell_AGAGCGACACCGATAT,0,0,0
EOC2_PBMC_cell_CGGACGTAGCCACGTC,0,0,0
EOC2_PBMC_cell_TCAGGTACAGCTATTG,0,0,0
EOC2_PBMC_cell_CTAACTTAGCTAGTTC,0,0,0
EOC2_PBMC_cell_GATCTAGGTTGATTCG,0,0,0
EOC2_PBMC_cell_TACGGTATCAACACAC,0,0,0
EOC2_PBMC_cell_CTCCTAGGTTAAAGAC,0,0,0
EOC2_PBMC_cell_ACATACGGTTTAAGCC,0,0,0
EOC2_PBMC_cell_AAGACCTAGCTGAAAT,0,0,0
EOC2_PBMC_cell_CTCTGGTAGGATATAC,0,0,0
EOC2_PBMC_cell_TGAGCCGAGACACTAA,0,0,0
EOC2_PBMC_cell_GTAACGTAGCCTTGAT,0,0,0
EOC2_PBMC_cell_CTCGAAATCCACGTGG,0,0,0
EOC2_PBMC_cell_CTCGTCAAGGCGATAC,0,0,0
EOC2_PBMC_cell_CACATTTCATCGATTG,0,0,0
EOC2_PBMC_cell_TGAAAGACAAGGACTG,0,0,0
EOC2_PBMC_cell_TATTACCCACGAAACG,0,0,0
EOC2_PBMC_cell_GGTGCGTCATCACAAC,0,0,0
EOC2_PBMC_cell_CACAGTACACCAACCG,0,0,0
EOC2_PBMC_cell_TCTGAGATCCAGTATG,0,0,0
EOC2_PBMC_cell_TGCCCATCACGAAGCA,0,0,0
EOC2_PBMC_cell_ATCTACTCAGATCTGT,0,0,0
EOC2_PBMC_cell_GTTCTCGGTACTTCTT,0,0,0
EOC2_PBMC_cell_CTGAAACTCGATGAGG,0,0,0
EOC2_PBMC_cell_TGGGAAGCAGGGTACA,0,0,0
EOC2_PBMC_cell_CAAGAAACATCAGTCA,0,0,0
EOC2_PBMC_cell_CTAAGACAGGTACTCT,0,0,0
EOC2_PBMC_cell_GTTACAGCAGTCACTA,0,0,0
EOC2_PBMC_cell_CCTCTGAGTCGTCTTC,0,0,0
EOC2_PBMC_cell_GGAAAGCTCGGCCGAT,0,0,0
EOC2_PBMC_cell_CTACATTGTTCGCTAA,0,0,0
EOC2_PBMC_cell_CCGTGGAGTTGGTAAA,0,0,0
EOC2_PBMC_cell_CAACTAGTCACTCTTA,0,0,0
EOC2_PBMC_cell_CGGACGTCAATGGACG,0,0,0
EOC2_PBMC_cell_ATCATGGCACCGCTAG,0,0,0
EOC2_PBMC_cell_CAACCTCTCATCGCTC,0,0,0
EOC2_PBMC_cell_TCAGATGCACAGACTT,0,0,0
EOC2_PBMC_cell_TGGACGCGTGTCAATC,0,0,0
EOC2_PBMC_cell_TACTCATGTTGGTTTG,0,0,0
EOC2_PBMC_cell_TCTTCGGAGGCAATTA,0,0,0
EOC2_PBMC_cell_TTGAACGGTCTAGGTT,0,0,0
EOC2_PBMC_cell_TTTACTGGTAGTAGTA,0,0,0
EOC2_PBMC_cell_CAGCTGGTCAGTTAGC,0,0,0
EOC2_PBMC_cell_ACTGATGGTGGTGTAG,0,0,0
EOC2_PBMC_cell_GGAAAGCAGACTGGGT,0,0,0
EOC2_PBMC_cell_AAGGAGCTCGTCACGG,0,0,0
EOC2_PBMC_cell_CACACTCGTCTAGCGC,0,0,0
EOC2_PBMC_cell_TATCAGGCACGAAACG,0,0,0
EOC2_PBMC_cell_CTCGAGGGTGCGATAG,0,0,0
EOC2_PBMC_cell_GAACCTACACGTCAGC,0,0,0
EOC2_PBMC_cell_GACCAATCATGGTCTA,0,0,0
EOC2_PBMC_cell_ATTACTCCAAACAACA,0,0,0
EOC2_PBMC_cell_TTCCCAGCACGACGAA,0,0,0
EOC2_PBMC_cell_TGATTTCTCGGATGTT,0,0,0
EOC2_PBMC_cell_CGTGAGCCACTGTTAG,0,0,0
EOC2_PBMC_cell_TCAATCTAGCCAGTAG,0,0,0
EOC2_PBMC_cell_GTAGGCCCAAATTGCC,0,0,0
EOC2_PBMC_cell_AACACGTGTGGGTCAA,0,0,0
EOC2_PBMC_cell_GTTAAGCAGCGTGAAC,0,0,0
EOC2_PBMC_cell_TTTATGCTCACTTATC,0,0,0
EOC2_PBMC_cell_GTGTGCGGTCCAACTA,0,0,0
EOC2_PBMC_cell_CGGACACGTACTCGCG,0,0,0
EOC2_PBMC_cell_GCCTCTAAGAATTCCC,0,0,0
EOC2_PBMC_cell_AGGGTGAAGCTAAGAT,0,0,1
EOC2_PBMC_cell_CTCGGGAAGAAGCCCA,0,0,0
EOC2_PBMC_cell_TGACGGCAGACCTAGG,0,0,0
EOC2_PBMC_cell_CAGCGACCACAAGTAA,0,0,0
EOC2_PBMC_cell_CGAGAAGTCACAATGC,0,0,0
EOC2_PBMC_cell_CGAACATGTGCAGACA,0,0,0
EOC2_PBMC_cell_TCGCGAGGTGCATCTA,0,0,0
EOC2_PBMC_cell_GTCCTCAGTCGCGAAA,0,0,1
EOC2_PBMC_cell_AACGTTGCACATGACT,0,0,0
EOC2_PBMC_cell_TTGCCGTGTGAGTATA,0,0,0
EOC2_PBMC_cell_GCCAAATTCATTGCGA,0,0,0
EOC2_PBMC_cell_TTGCGTCTCGTTTGCC,0,0,0
EOC2_PBMC_cell_AGGTCATTCTGCCCTA,0,0,0
EOC2_PBMC_cell_TGCGTGGAGCTTTGGT,0,0,0
EOC2_PBMC_cell_GCATGCGAGCGTTGCC,0,0,0
EOC2_PBMC_cell_AACACGTAGAGATGAG,0,0,0
EOC2_PBMC_cell_ATCATGGGTTTGACTG,0,0,0
EOC2_PBMC_cell_GAATGAATCATCGATG,0,0,0
EOC2_PBMC_cell_CAGGTGCCATACGCTA,0,0,0
EOC2_PBMC_cell_ACGGCCACACGTCAGC,0,0,0
EOC2_PBMC_cell_TAGTTGGTCATTTGGG,0,0,0
EOC2_PBMC_cell_GCATGTAGTTGAGGTG,0,0,0
EOC2_PBMC_cell_GTGCTTCAGGACACCA,0,0,0
EOC2_PBMC_cell_AAGGAGCCATGCTGGC,0,0,0
EOC2_PBMC_cell_GGACAGAAGAGTAATC,0,0,0
EOC2_PBMC_cell_CATTCGCCACCGAATT,0,0,0
EOC2_PBMC_cell_GTTAAGCGTCAGAGGT,0,0,0
EOC2_PBMC_cell_TCATTACAGCACCGCT,0,0,0
EOC2_PBMC_cell_CTGATAGGTAGTACCT,0,0,0
EOC2_PBMC_cell_CCGTACTCAGATCGGA,0,0,0
EOC2_PBMC_cell_CCGGTAGAGGCTAGAC,0,0,0
EOC2_PBMC_cell_ACTATCTCAGACGCAA,0,0,0
EOC2_PBMC_cell_GAGGTGACAATAACGA,0,0,0
EOC2_PBMC_cell_GTTCTCGAGGTTACCT,0,0,0
EOC2_PBMC_cell_AAAGATGTCGCCATAA,0,0,0
EOC2_PBMC_cell_GCAGCCACAAGTAGTA,0,0,0
EOC2_PBMC_cell_GGAGCAAGTCTTCAAG,0,0,0
EOC2_PBMC_cell_CACAGGCGTTCTGGTA,0,0,0
EOC2_PBMC_cell_AAGACCTAGGCCCGTT,0,0,0
EOC2_PBMC_cell_AGTGGGACATGCCTAA,0,0,0
EOC2_PBMC_cell_TTGGCAAAGCGTGAGT,0,0,0
EOC2_PBMC_cell_GAATGAACACACAGAG,0,0,0
EOC2_PBMC_cell_TGCGTGGAGAAGCCCA,0,0,0
EOC2_PBMC_cell_CGTGAGCAGTGCGATG,0,0,0
EOC2_PBMC_cell_TTTATGCGTCGGCACT,0,0,0
EOC2_PBMC_cell_TACACGAGTCGGATCC,0,0,0
EOC2_PBMC_cell_CTGAAGTTCAGGCAAG,0,0,0
EOC2_PBMC_cell_GAAACTCGTATATCCG,0,0,0
EOC2_PBMC_cell_ACCGTAATCCAAACAC,0,0,0
EOC2_PBMC_cell_TCGGGACTCCAATGGT,0,0,0
EOC2_PBMC_cell_TTTCCTCGTGATAAAC,0,0,0
EOC2_PBMC_cell_GGACGTCTCCACGCAG,0,0,0
EOC2_PBMC_cell_GCAGCCAAGTCCAGGA,0,0,0
EOC2_PBMC_cell_TGTGTTTAGGCAAAGA,0,0,0
EOC2_PBMC_cell_GACGTGCGTGATAAGT,0,0,0
EOC2_PBMC_cell_TAAGCGTAGATCACGG,0,0,0
EOC2_PBMC_cell_CGGTTAATCTACCTGC,0,0,0
EOC2_PBMC_cell_GCTCTGTTCGGAGGTA,0,0,0
EOC2_PBMC_cell_CCATGTCCATGCCTTC,0,0,0
EOC2_PBMC_cell_CGGAGTCAGCTGAACG,0,0,0
EOC2_PBMC_cell_CTCAGAAGTGGTACAG,0,0,0
EOC2_PBMC_cell_GGCTCGACAAAGGCGT,0,0,0
EOC2_PBMC_cell_TCACAAGCAGACAGGT,0,0,0
EOC2_PBMC_cell_GGGAGATTCAGTTCGA,0,0,0
EOC2_PBMC_cell_TGTATTCAGCGATAGC,0,0,0
EOC2_PBMC_cell_CGTCCATAGCGAGAAA,0,0,0
EOC2_PBMC_cell_CGAATGTTCCGGCACA,0,0,0
EOC2_PBMC_cell_AGATTGCTCAGGCGAA,0,0,0
EOC2_PBMC_cell_GTACTTTTCTGAAAGA,0,0,0
EOC2_PBMC_cell_CACCTTGGTTGGTTTG,0,0,0
EOC2_PBMC_cell_GTAACTGGTCAGAAGC,0,0,0
EOC2_PBMC_cell_CTGTTTATCATTGCCC,0,0,0
EOC2_PBMC_cell_GATGAGGCAGAAGCAC,0,0,0
EOC2_PBMC_cell_ATGAGGGGTTCCAACA,0,0,0
EOC2_PBMC_cell_TGCTACCTCCAGTAGT,0,0,1
EOC2_PBMC_cell_TTCTCAATCCGTAGTA,0,0,0
EOC2_PBMC_cell_AAGCCGCTCCTTTCGG,0,0,0
EOC2_PBMC_cell_CAAGATCGTCATCGGC,0,0,0
EOC2_PBMC_cell_TACCTATGTTGTCGCG,0,0,0
EOC2_PBMC_cell_CCCAATCCAGGTGGAT,0,0,0
EOC2_PBMC_cell_AGAGCTTCAGGGCATA,0,0,0
EOC2_PBMC_cell_CTAGTGACATCCGCGA,0,0,0
EOC2_PBMC_cell_AGAGCTTCATTTCAGG,0,0,0
EOC2_PBMC_cell_GGTGTTAAGGCAGGTT,0,0,0
EOC2_PBMC_cell_CTCGTCAGTAGATTAG,0,0,0
EOC2_PBMC_cell_AAACCTGAGTGTCCCG,0,0,0
EOC2_PBMC_cell_CATATTCCACGGATAG,0,0,0
EOC2_PBMC_cell_CATCGAACAGCCACCA,0,0,0
EOC2_PBMC_cell_TCAATCTGTCAAGCGA,0,0,0
EOC2_PBMC_cell_TGCGTGGGTTCCACGG,0,0,0
EOC2_PBMC_cell_CACCACTGTCTGGTCG,0,0,0
EOC2_PBMC_cell_CACAGTATCGCCTGTT,0,0,0
EOC2_PBMC_cell_CACAGTATCTCTAGGA,0,0,0
EOC2_PBMC_cell_TTCTCCTAGCAGCCTC,0,0,0
EOC2_PBMC_cell_CTACATTGTCGCCATG,0,0,0
EOC2_PBMC_cell_TTCTCAATCTAACTCT,0,0,0
EOC2_PBMC_cell_GGAGCAACATTCGACA,0,0,0
EOC2_PBMC_cell_TAGTTGGCAAAGAATC,0,0,0
EOC2_PBMC_cell_GACTGCGTCAGAGGTG,0,0,0
EOC2_PBMC_cell_CTACCCAAGTAGGCCA,0,0,0
EOC2_PBMC_cell_GTGGGTCTCAACCAAC,0,0,0
EOC2_PBMC_cell_GGTGAAGGTGGCCCTA,0,0,0
EOC2_PBMC_cell_TGATTTCGTTAGGGTG,0,0,0
EOC2_PBMC_cell_GTGGGTCAGGTGCAAC,0,0,0
EOC2_PBMC_cell_CCACTACCATTAACCG,0,0,0
EOC2_PBMC_cell_GGTGCGTAGTCCATAC,0,0,0
EOC2_PBMC_cell_CAGCATAGTCCGTTAA,0,0,0
EOC2_PBMC_cell_TACGGGCGTATCAGTC,0,0,0
EOC2_PBMC_cell_TCGGTAAGTTATTCTC,0,0,0
EOC2_PBMC_cell_GATGAGGAGGCTCATT,0,0,0
EOC2_PBMC_cell_CCCAGTTCATCCGCGA,0,0,0
EOC2_PBMC_cell_GTGTTAGCACTGAAGG,0,0,0
EOC2_PBMC_cell_TGGTTAGGTTCGCTAA,0,0,0
EOC2_PBMC_cell_AGGGAGTTCAGATAAG,0,0,0
EOC2_PBMC_cell_ATTACTCCACCCTATC,0,0,0
EOC2_PBMC_cell_GGTGTTATCGGAATCT,0,0,0
EOC2_PBMC_cell_TACTCATGTGAGTGAC,0,0,0
EOC2_PBMC_cell_GGGAGATTCCGTTGTC,0,0,0
EOC2_PBMC_cell_GAACCTATCATAAAGG,0,0,0
EOC2_PBMC_cell_TGACTAGGTCTGCCAG,0,0,0
EOC2_PBMC_cell_CGAGCCAAGCGATGAC,0,0,0
EOC2_PBMC_cell_CAGCTGGCAGCGTTCG,0,0,0
EOC2_PBMC_cell_GTGCTTCGTGTGCGTC,0,0,0
EOC2_PBMC_cell_AGCTCTCGTAAGAGAG,0,0,0
EOC2_PBMC_cell_CACCAGGAGGTCATCT,0,0,0
EOC2_PBMC_cell_TGACGGCGTCGTCTTC,0,0,0
EOC2_PBMC_cell_GCTCCTAAGCCATCGC,0,0,0
EOC2_PBMC_cell_CTGCCTAAGTTAGGTA,0,0,0
EOC2_PBMC_cell_GTGCTTCCACCGAATT,0,0,0
EOC2_PBMC_cell_ATGTGTGCACCCAGTG,0,0,0
EOC2_PBMC_cell_CGTGTAAAGTCCCACG,0,0,0
EOC2_PBMC_cell_CAGCGACAGGGAACGG,0,0,0
EOC2_PBMC_cell_TGCTGCTAGATCCGAG,0,0,0
EOC2_PBMC_cell_CTTTGCGAGGGTTTCT,0,0,0
EOC2_PBMC_cell_CTGATCCCAGGGTATG,0,0,0
EOC2_PBMC_cell_TACCTATTCAGCTCGG,0,0,0
EOC2_PBMC_cell_CACAGGCCAGCTGTGC,0,0,0
EOC2_PBMC_cell_CGACTTCCAGACGTAG,0,0,0
EOC2_PBMC_cell_CACTCCAGTGTAACGG,0,0,0
EOC2_PBMC_cell_CTTTGCGAGACGCTTT,0,0,0
EOC2_PBMC_cell_CATTCGCGTACTTGAC,0,0,0
EOC2_PBMC_cell_GGCTCGAGTGAGGGTT,0,0,0
EOC2_PBMC_cell_AAGTCTGTCCTACAGA,0,0,0
EOC2_PBMC_cell_CGTCAGGTCCAAAGTC,0,0,0
EOC2_PBMC_cell_GTTCATTGTATAGTAG,0,0,0
EOC2_PBMC_cell_CTAACTTGTCGGGTCT,0,0,0
EOC2_PBMC_cell_GCGAGAAAGAACTCGG,0,0,0
EOC2_PBMC_cell_GTCTCGTAGGAGTACC,0,0,0
EOC2_PBMC_cell_TACGGATTCTCTGCTG,0,0,0
EOC2_PBMC_cell_AGGCCACGTAAATGTG,0,0,0
EOC2_PBMC_cell_AGCAGCCAGGGTATCG,0,0,0
EOC2_PBMC_cell_TATTACCAGTGTACGG,0,0,0
EOC2_PBMC_cell_CAGCGACTCCGCATCT,0,0,0
EOC2_PBMC_cell_CTACACCGTAAACACA,0,0,0
EOC2_PBMC_cell_GTCGTAATCACAGTAC,0,0,0
EOC2_PBMC_cell_GTCCTCACAAGCTGTT,0,0,0
EOC2_PBMC_cell_TACCTATCAAACCTAC,0,0,0
EOC2_PBMC_cell_GGCTCGAAGTGCCATT,0,0,0
EOC2_PBMC_cell_CGGACGTAGTTGTCGT,0,0,0
EOC2_PBMC_cell_TTGGAACCAGGTCGTC,0,0,0
EOC2_PBMC_cell_CCTATTATCAACCATG,0,0,0
EOC2_PBMC_cell_TTCCCAGCATTCCTGC,0,0,0
EOC2_PBMC_cell_GCGCAACCAGCATGAG,0,0,0
EOC2_PBMC_cell_CTAATGGTCTGCCCTA,0,0,0
EOC2_PBMC_cell_ACACCGGTCTTCGAGA,0,0,0
EOC2_PBMC_cell_GAATGAAGTGCATCTA,0,0,0
EOC2_PBMC_cell_CACAGGCCAACACGCC,0,0,0
EOC2_PBMC_cell_GGAGCAACAGCCTATA,0,0,0
EOC2_PBMC_cell_CGTGTAATCTGCCAGG,0,0,0
EOC2_PBMC_cell_GCACATACAGACGTAG,0,0,0
EOC2_PBMC_cell_TCACGAAAGTTATCGC,0,0,0
EOC2_PBMC_cell_TTAGTTCTCTGCTGCT,0,0,0
EOC2_PBMC_cell_CAACCTCAGCTAGTCT,0,0,0
EOC2_PBMC_cell_ACATCAGCACCTGGTG,0,0,0
EOC2_PBMC_cell_AAAGATGGTGCCTGGT,0,0,0
EOC2_PBMC_cell_CAGAGAGCACTCTGTC,0,0,0
EOC2_PBMC_cell_GAGCAGAGTCTAGGTT,0,0,0
EOC2_PBMC_cell_GTACTTTTCACCAGGC,0,0,0
EOC2_PBMC_cell_AAGACCTGTTAAGACA,0,0,0
EOC2_PBMC_cell_CGCTTCATCCTAGTGA,0,0,0
EOC2_PBMC_cell_GATGAAATCACCTCGT,0,0,0
EOC2_PBMC_cell_AGGGAGTTCTCGCTTG,0,0,0
EOC2_PBMC_cell_TTGAACGAGGACTGGT,0,0,0
EOC2_PBMC_cell_TCTTCGGGTCCAACTA,0,0,0
EOC2_PBMC_cell_GAACCTAAGCGAGAAA,0,0,0
EOC2_PBMC_cell_TGACTAGTCAGTGTTG,0,0,0
EOC2_PBMC_cell_TAAGTGCTCCTACAGA,0,0,0
EOC2_PBMC_cell_GCTCTGTTCTTGTCAT,0,0,0
EOC2_PBMC_cell_CATATGGAGAGGTACC,0,0,0
EOC2_PBMC_cell_AGTGTCAGTAAGTTCC,0,0,0
EOC2_PBMC_cell_TGAGGGACACGGCTAC,0,0,0
EOC2_PBMC_cell_GTGGGTCGTTGAGTTC,0,0,0
EOC2_PBMC_cell_GCGACCATCAAGGCTT,0,0,0
EOC2_PBMC_cell_TTGACTTAGATGTGTA,0,0,0
EOC2_PBMC_cell_ACAGCTAAGATGAGAG,0,0,0
EOC2_PBMC_cell_CAAGTTGTCCATGAAC,0,0,0
EOC2_PBMC_cell_CAGGTGCGTGTCAATC,0,0,0
EOC2_PBMC_cell_TAAACCGCAATCACAC,0,0,0
EOC2_PBMC_cell_AACGTTGGTCCGAACC,0,0,0
EOC2_PBMC_cell_AAAGATGAGCAAATCA,0,0,0
EOC2_PBMC_cell_CGTGTCTAGTGAATTG,0,0,0
EOC2_PBMC_cell_TTGGCAACATTGCGGC,0,0,0
EOC2_PBMC_cell_ACACCGGCATCCGCGA,0,0,0
EOC2_PBMC_cell_TAGTTGGCAGTAGAGC,0,0,0
EOC2_PBMC_cell_CTGAAACCACATCCAA,0,0,0
EOC2_PBMC_cell_CGTCACTGTCAACATC,0,0,0
EOC2_PBMC_cell_TTGGAACTCCCTGACT,0,0,0
EOC2_PBMC_cell_CAAGATCAGAAGGTGA,0,0,1
EOC2_PBMC_cell_TCAGGTAAGCTGTTCA,0,0,0
EOC2_PBMC_cell_ACACCCTAGTGGTAAT,0,0,0
EOC2_PBMC_cell_GTACTTTCAAAGGAAG,0,0,0
EOC2_PBMC_cell_ATCATGGAGGCTAGGT,0,0,0
EOC2_PBMC_cell_ACTGAACTCACTATTC,0,0,0
EOC2_PBMC_cell_CGCTGGACAAGTTAAG,0,0,0
EOC2_PBMC_cell_CGAGCCACACTGTGTA,0,0,0
EOC2_PBMC_cell_GCATGTAGTTCTCATT,0,0,0
EOC2_PBMC_cell_GTTCTCGTCGATCCCT,0,0,0
EOC2_PBMC_cell_CAAGATCCAAGCCATT,0,0,0
EOC2_PBMC_cell_GGAACTTTCGCGTAGC,0,0,0
EOC2_PBMC_cell_GGCGTGTAGTGTCTCA,0,0,0
EOC2_PBMC_cell_GAATAAGTCGTAGGTT,0,0,0
EOC2_PBMC_cell_AACCATGTCCACGACG,0,0,0
EOC2_PBMC_cell_GGCGACTAGTCACGCC,0,0,0
EOC2_PBMC_cell_CGTCAGGGTCATTAGC,0,0,0
EOC2_PBMC_cell_GCTCTGTCACGAAAGC,0,0,0
EOC2_PBMC_cell_AAACGGGAGCGATCCC,0,0,0
EOC2_PBMC_cell_ATCATGGAGGGAAACA,0,0,0
EOC2_PBMC_cell_GTTCTCGCACATGGGA,0,0,1
EOC2_PBMC_cell_GGTGCGTAGACTAGAT,0,0,0
EOC2_PBMC_cell_CATCAAGTCTATCCCG,0,0,0
EOC2_PBMC_cell_ATTTCTGCAGCGTCCA,0,0,0
EOC2_PBMC_cell_GGGCACTCATCATCCC,0,0,0
EOC2_PBMC_cell_ACCAGTATCATGTCTT,0,0,0
EOC2_PBMC_cell_TACACGAAGGTAGCTG,0,0,0
EOC2_PBMC_cell_ATTATCCCAAGTTGTC,0,0,0
EOC2_PBMC_cell_GGAATAAAGATCCGAG,0,0,0
EOC2_PBMC_cell_TGTTCCGGTCTGGAGA,0,0,0
EOC2_PBMC_cell_GAAACTCGTCTTTCAT,0,0,0
EOC2_PBMC_cell_GTGGGTCAGAGGACGG,0,0,0
EOC2_PBMC_cell_TATCAGGTCACTATTC,0,0,0
EOC2_PBMC_cell_TATGCCCAGATGGGTC,0,0,0
EOC2_PBMC_cell_TCTGAGATCGTTTATC,0,0,0
EOC2_PBMC_cell_CGCGTTTCAGGTGCCT,0,0,0
EOC2_PBMC_cell_CCCAATCCAGCTGTAT,0,0,0
EOC2_PBMC_cell_CCATTCGTCGATGAGG,0,0,0
EOC2_PBMC_cell_CTACGTCGTGCATCTA,0,0,0
EOC2_PBMC_cell_TGCGGGTCACCATCCT,0,0,0
EOC2_PBMC_cell_TTGCGTCAGCGAAGGG,0,0,0
EOC2_PBMC_cell_CATGACATCCAAGCCG,0,0,0
EOC2_PBMC_cell_CGACTTCGTCGACTAT,0,0,0
EOC2_PBMC_cell_AAATGCCTCGGCCGAT,0,0,0
EOC2_PBMC_cell_GAACGGACAAAGGAAG,0,0,0
EOC2_PBMC_cell_TTCTTAGTCAAGATCC,0,0,0
EOC2_PBMC_cell_CCTTCCCAGAGGGATA,0,0,0
EOC2_PBMC_cell_TGCCAAAGTAGCTCCG,0,0,0
EOC2_PBMC_cell_CTCACACAGCGATCCC,0,0,0
EOC2_PBMC_cell_CAGCTAAGTAGGGTAC,0,0,0
EOC2_PBMC_cell_TTCTCAATCACATGCA,0,0,0
EOC2_PBMC_cell_CTGTGCTCAAGTTGTC,0,0,0
EOC2_PBMC_cell_CTGCCTATCATAGCAC,0,0,0
EOC2_PBMC_cell_CTTGGCTGTGCCTGGT,0,0,0
EOC2_PBMC_cell_ACGGGCTCAGACGTAG,0,0,0
EOC2_PBMC_cell_ACCGTAAGTCCATGAT,0,0,0
EOC2_PBMC_cell_AGAGCTTGTTCCACAA,0,0,0
EOC2_PBMC_cell_GAATGAAAGAGTTGGC,0,0,0
EOC2_PBMC_cell_AGAGCGATCAACACGT,0,0,0
EOC2_PBMC_cell_ACTATCTAGCGTAATA,0,0,0
EOC2_PBMC_cell_CCTATTATCTACTTAC,0,0,0
EOC2_PBMC_cell_GTAGGCCTCACCAGGC,0,0,0
EOC2_PBMC_cell_AACTCTTGTGTTAAGA,0,0,0
EOC2_PBMC_cell_CGGGTCACAGAAGCAC,0,0,0
EOC2_PBMC_cell_TCAATCTCAAGAGTCG,0,0,0
EOC2_PBMC_cell_TCAGCAATCTCGAGTA,0,0,0
EOC2_PBMC_cell_GTGCGGTTCTCAAACG,0,0,0
EOC2_PBMC_cell_ACGTCAACACGGCCAT,0,0,0
EOC2_PBMC_cell_CATTATCAGTTACCCA,0,0,0
EOC2_PBMC_cell_CAAGAAAGTTCACCTC,0,0,0
EOC2_PBMC_cell_TGGGAAGCAAAGTGCG,0,0,0
EOC2_PBMC_cell_CCGTACTGTAACGACG,0,0,0
EOC2_PBMC_cell_TTCTCAATCATGCATG,0,0,0
EOC2_PBMC_cell_CCACGGATCCTACAGA,0,0,0
EOC2_PBMC_cell_CGTAGGCGTACATCCA,0,0,0
EOC2_PBMC_cell_GCAATCATCTCCAGGG,0,0,0
EOC2_PBMC_cell_CCCTCCTGTAATAGCA,0,0,0
EOC2_PBMC_cell_CACACCTCAGATGGGT,0,0,0
EOC2_PBMC_cell_GACAGAGAGTCTTGCA,0,0,0
EOC2_PBMC_cell_CCTTCGACATCTGGTA,0,0,0
EOC2_PBMC_cell_TGAGCATTCTTGCAAG,0,0,0
EOC2_PBMC_cell_GGCTCGACACACCGAC,0,0,0
EOC2_PBMC_cell_CGCTGGATCCTGCAGG,0,0,0
EOC2_PBMC_cell_GTATCTTTCACATAGC,0,0,0
EOC2_PBMC_cell_CAGGTGCGTATGAAAC,0,0,0
EOC2_PBMC_cell_TAGTGGTGTAAGTGTA,0,0,0
EOC2_PBMC_cell_AAGTCTGGTTCGGCAC,0,0,0
EOC2_PBMC_cell_GGACAAGTCGCATGGC,0,0,0
EOC2_PBMC_cell_CATCAAGTCAGTTCGA,0,0,0
EOC2_PBMC_cell_TTGCGTCAGTATCGAA,0,0,0
EOC2_PBMC_cell_AGCTCTCTCAACTCTT,0,0,0
EOC2_PBMC_cell_GCATACACACAACGTT,0,0,0
EOC2_PBMC_cell_GGTGCGTGTATAATGG,0,0,0
EOC2_PBMC_cell_CATTATCGTCCCTTGT,0,0,0
EOC2_PBMC_cell_TGGACGCTCTCAAGTG,0,0,0
EOC2_PBMC_cell_GGAAAGCCAGCGAACA,0,0,0
EOC2_PBMC_cell_GATGCTACAGCTTAAC,0,0,0
EOC2_PBMC_cell_AGCTTGAGTTGGTTTG,0,0,0
EOC2_PBMC_cell_TTTCCTCCACCGAAAG,0,0,0
EOC2_PBMC_cell_AGACGTTTCTCTTATG,0,0,0
EOC2_PBMC_cell_TAGAGCTAGCCACGTC,0,0,0
EOC2_PBMC_cell_TACAGTGTCCGAACGC,0,0,0
EOC2_PBMC_cell_GGTGAAGGTATTCTCT,0,0,0
EOC2_PBMC_cell_TTCGGTCGTCAGAGGT,0,0,0
EOC2_PBMC_cell_CAAGGCCTCTGTCAAG,0,0,0
EOC2_PBMC_cell_TAGTTGGTCCGCAAGC,0,0,0
EOC2_PBMC_cell_TTCGAAGTCTCACATT,0,0,0
EOC2_PBMC_cell_AGCTCTCCACATCCAA,0,0,0
EOC2_PBMC_cell_GTTTCTACAGTCAGAG,0,0,1
EOC2_PBMC_cell_CGTCAGGTCTCGGACG,0,0,0
EOC2_PBMC_cell_AACTCCCGTGTCAATC,0,0,0
EOC2_PBMC_cell_TTCGAAGTCGAATGGG,0,0,0
EOC2_PBMC_cell_TCTTTCCCACAGTCGC,0,0,0
EOC2_PBMC_cell_CTAACTTGTGTGCGTC,0,0,0
EOC2_PBMC_cell_TCTGAGACAGGGCATA,0,0,0
EOC2_PBMC_cell_TGAGCATCATAAGACA,0,0,0
EOC2_PBMC_cell_TGACTAGAGAAAGTGG,0,0,0
EOC2_PBMC_cell_CTAGTGACAATCGAAA,0,0,0
EOC2_PBMC_cell_AGAATAGAGTGGGCTA,0,0,0
EOC2_PBMC_cell_CTGATAGCAGGAATGC,0,0,0
EOC2_PBMC_cell_CTCATTAGTTGTGGAG,0,0,0
EOC2_PBMC_cell_TTTGCGCAGATCTGAA,0,0,0
EOC2_PBMC_cell_GAATGAATCTAAGCCA,0,0,0
EOC2_PBMC_cell_ACGCCGATCATGTGGT,0,0,0
EOC2_PBMC_cell_GAACGGAGTCTAGCCG,0,0,0
EOC2_PBMC_cell_ATCTGCCCACCAGGTC,0,0,0
EOC2_PBMC_cell_CGATTGAAGTACGTAA,0,0,0
EOC2_PBMC_cell_CGCGTTTGTTACGGAG,0,0,0
EOC2_PBMC_cell_CGTCAGGGTCTCTTTA,0,0,0
EOC2_PBMC_cell_TGGCTGGCACATCCGG,0,0,0
EOC2_PBMC_cell_ATCATCTGTGATAAAC,0,0,0
EOC2_PBMC_cell_CGTGAGCAGACAAGCC,0,0,0
EOC2_PBMC_cell_CTGATCCCAAGTTCTG,0,0,0
EOC2_PBMC_cell_AACACGTCAGCGAACA,0,0,0
EOC2_PBMC_cell_CTCTGGTAGTACGTTC,0,0,0
EOC2_PBMC_cell_CTGATAGCAAGTCTGT,0,0,0
EOC2_PBMC_cell_GGGTTGCAGGATTCGG,0,0,0
EOC2_PBMC_cell_GAACCTACATGGGACA,0,0,0
EOC2_PBMC_cell_TTCTCAATCTGGTTCC,0,0,0
EOC2_PBMC_cell_CGGACTGAGTGTGGCA,0,0,0
EOC2_PBMC_cell_GACCTGGGTCTAGAGG,0,0,0
EOC2_PBMC_cell_TTGGCAAAGGATCGCA,0,0,0
EOC2_PBMC_cell_CCTACACAGATGGCGT,0,0,0
EOC2_PBMC_cell_GAGGTGATCGGAATCT,0,0,0
EOC2_PBMC_cell_ATCATCTCACCAGCAC,0,0,0
EOC2_PBMC_cell_CACACAACATACGCCG,0,0,0
EOC2_PBMC_cell_AGCAGCCAGCCATCGC,0,0,0
EOC2_PBMC_cell_CTGAAGTTCGCATGGC,0,0,0
EOC2_PBMC_cell_TTCGAAGCACGAAATA,0,0,0
EOC2_PBMC_cell_CGTCCATGTGCCTGCA,0,0,0
EOC2_PBMC_cell_AGAGCGAGTGGGTATG,0,0,0
EOC2_PBMC_cell_ACTGAGTTCATCGATG,0,0,0
EOC2_PBMC_cell_GACTACACATCCGCGA,0,0,0
EOC2_PBMC_cell_GCAGTTATCTCCTATA,0,0,0
EOC2_PBMC_cell_CATCAAGCACAACTGT,0,0,0
EOC2_PBMC_cell_CACACTCAGTAGTGCG,0,0,0
EOC2_PBMC_cell_CCTCAGTCAGATCGGA,0,0,0
EOC2_PBMC_cell_TGTGTTTGTTGGAGGT,0,0,0
EOC2_PBMC_cell_GCTCCTAGTGACGCCT,0,0,0
EOC2_PBMC_cell_TGCTACCTCTTGACGA,0,0,0
EOC2_PBMC_cell_GACACGCGTGTTTGGT,0,0,0
EOC2_PBMC_cell_TACGGGCGTCATCGGC,0,0,0
EOC2_PBMC_cell_ACTGAGTTCCCTCTTT,0,0,0
EOC2_PBMC_cell_GAAGCAGTCCATGAAC,0,0,0
EOC2_PBMC_cell_TGTATTCCATTATCTC,0,0,0
EOC2_PBMC_cell_CGCTATCAGAACTCGG,0,0,0
EOC2_PBMC_cell_AAGTCTGGTCGATTGT,0,0,0
EOC2_PBMC_cell_TAAGCGTGTCGCATAT,0,0,0
EOC2_PBMC_cell_ATCATGGCATTACCTT,0,0,0
EOC2_PBMC_cell_GACTAACAGTCCAGGA,0,0,0
EOC2_PBMC_cell_CATGGCGAGTAGTGCG,0,0,0
EOC2_PBMC_cell_ACAGCCGCAGCGAACA,0,0,0
EOC2_PBMC_cell_TGTGTTTAGACGCACA,0,0,0
EOC2_PBMC_cell_AAACCTGGTAGCGTGA,0,0,0
EOC2_PBMC_cell_GACTACAAGCGAGAAA,0,0,0
EOC2_PBMC_cell_GCTCTGTTCACTTCAT,0,0,0
EOC2_PBMC_cell_TAGACCATCAGCCTAA,0,0,0
EOC2_PBMC_cell_AACTTTCCAGGAACGT,0,0,0
EOC2_PBMC_cell_TAGTGGTCAACACCCG,0,0,0
EOC2_PBMC_cell_CAGCTGGCACCGATAT,0,0,0
EOC2_PBMC_cell_CTGAAACTCAGTTCGA,0,0,0
EOC2_PBMC_cell_CGCGGTATCATCTGTT,0,0,0
EOC2_PBMC_cell_GATCGTACAGGTGGAT,0,0,0
EOC2_PBMC_cell_TGACTTTGTAATTGGA,0,0,0
EOC2_PBMC_cell_TACCTATGTCAGAATA,0,0,0
EOC2_PBMC_cell_CCTAAAGCAAGCTGGA,0,0,0
EOC2_PBMC_cell_CTCCTAGAGGGTATCG,0,0,0
EOC2_PBMC_cell_TACTCGCGTAGCACGA,0,0,0
EOC2_PBMC_cell_GTAACGTGTTGATTGC,0,0,0
EOC2_PBMC_cell_TAGCCGGCACGGATAG,0,0,0
EOC2_PBMC_cell_ACGCAGCAGGAGTTTA,0,0,0
EOC2_PBMC_cell_CCCTCCTCATAGGATA,0,0,0
EOC2_PBMC_cell_CTGAAACAGTCTCCTC,0,0,0
EOC2_PBMC_cell_CGACCTTAGAGTCTGG,0,0,0
EOC2_PBMC_cell_GCAATCATCGTTTGCC,0,0,0
EOC2_PBMC_cell_CTGTGCTCAAATCCGT,0,0,0
EOC2_PBMC_cell_GCATGATTCCGTCATC,0,0,0
EOC2_PBMC_cell_GCTGGGTGTACTTCTT,0,0,0
EOC2_PBMC_cell_AAATGCCAGATGGGTC,0,0,0
EOC2_PBMC_cell_CTGCTGTAGTAGGTGC,0,0,0
EOC2_PBMC_cell_CCTAGCTCATCGGGTC,0,0,0
EOC2_PBMC_cell_CGGCTAGTCGGTTCGG,0,0,0
EOC2_PBMC_cell_GTCCTCAGTTGCTCCT,0,0,0
EOC2_PBMC_cell_TTCTTAGAGAGCTTCT,0,0,0
EOC2_PBMC_cell_TACAGTGCACAGCCCA,0,0,0
EOC2_PBMC_cell_CGTTAGACATGGTCAT,0,0,0
EOC2_PBMC_cell_CAGGTGCCAAGTAATG,0,0,0
EOC2_PBMC_cell_GATTCAGTCAAAGACA,0,0,0
EOC2_PBMC_cell_ATCCACCAGCAGACTG,0,0,0
EOC2_PBMC_cell_TGGTTAGTCCACTGGG,0,0,0
EOC2_PBMC_cell_AATCGGTAGTCGTACT,0,0,0
EOC2_PBMC_cell_AGCTTGATCTTGAGGT,0,0,0
EOC2_PBMC_cell_ATTTCTGTCGTTTAGG,0,0,0
EOC2_PBMC_cell_CAGCTGGCAACGATCT,0,0,0
EOC2_PBMC_cell_AAGGAGCAGCTGGAAC,0,0,0
EOC2_PBMC_cell_CTGCGGAAGATACACA,0,0,0
EOC2_PBMC_cell_GGAAAGCTCCTTGCCA,0,0,0
EOC2_PBMC_cell_GGAACTTTCAGAAATG,0,0,0
EOC2_PBMC_cell_TAAGAGAAGATCCTGT,0,0,0
EOC2_PBMC_cell_TCATTTGTCGGTCCGA,0,0,0
EOC2_PBMC_cell_CATATGGCAGCAGTTT,0,0,0
EOC2_PBMC_cell_ACCAGTAGTTTGGGCC,0,0,0
EOC2_PBMC_cell_ATAGACCGTCGAACAG,0,0,0
EOC2_PBMC_cell_TAGACCAGTCTAAACC,0,0,0
EOC2_PBMC_cell_TTTGGTTGTGTAACGG,0,0,0
EOC2_PBMC_cell_TCTGGAAAGGCCGAAT,0,0,0
EOC2_PBMC_cell_TTTGGTTCAACACCTA,0,0,0
EOC2_PBMC_cell_TACTCATCACTCGACG,0,0,0
EOC2_PBMC_cell_GATGAAATCTCTAAGG,0,0,0
EOC2_PBMC_cell_GACCTGGCACTTACGA,0,0,0
EOC2_PBMC_cell_GCATGATAGGACCACA,0,0,0
EOC2_PBMC_cell_CACTCCAAGATGGCGT,0,0,0
EOC2_PBMC_cell_TCAGGATAGACCTAGG,0,0,0
EOC2_PBMC_cell_ATCGAGTGTCAGAATA,0,0,0
EOC2_PBMC_cell_GAAGCAGAGCCAGGAT,0,0,0
EOC2_PBMC_cell_ACACCGGTCCACTCCA,0,0,0
EOC2_PBMC_cell_GCGCGATTCTGTCTAT,0,0,0
EOC2_PBMC_cell_CTCTACGGTTTCGCTC,0,0,0
EOC2_PBMC_cell_CTCAGAAGTCTCTCTG,0,0,0
EOC2_PBMC_cell_GACACGCTCGGAATCT,0,0,0
EOC2_PBMC_cell_TGCCAAAGTCAACATC,0,0,0
EOC2_PBMC_cell_GCGCAACCATCCTTGC,0,0,0
EOC2_PBMC_cell_CGGGTCATCTCGTATT,0,0,0
EOC2_PBMC_cell_TGACTTTAGTGTACTC,0,0,0
EOC2_PBMC_cell_TGGTTCCGTTATTCTC,0,0,0
EOC2_PBMC_cell_GGAACTTGTCGCCATG,0,0,0
EOC2_PBMC_cell_AAGGCAGGTTGGAGGT,0,0,0
EOC2_PBMC_cell_TTCCCAGTCGATGAGG,0,0,0
EOC2_PBMC_cell_GACTGCGGTCGGCATC,0,0,1
EOC2_PBMC_cell_CTGATCCTCCTTCAAT,0,0,0
EOC2_PBMC_cell_GCTGCTTCAAACCTAC,0,0,0
EOC2_PBMC_cell_CCGTTCAAGGAATCGC,0,0,0
EOC2_PBMC_cell_ATGAGGGTCTTTCCTC,0,0,0
EOC2_PBMC_cell_GGGACCTAGAAACCAT,0,0,0
EOC2_PBMC_cell_ACTTTCACACTACAGT,0,0,0
EOC2_PBMC_cell_TGGCCAGCAAGACACG,0,0,0
EOC2_PBMC_cell_TAGGCATGTGGACGAT,0,0,0
EOC2_PBMC_cell_TCAGCTCGTTGGTTTG,0,0,0
EOC2_PBMC_cell_TTCCCAGGTTTGACAC,0,0,0
EOC2_PBMC_cell_AGGCCACTCTCTGCTG,0,0,0
EOC2_PBMC_cell_TGGCGCAAGTCTCAAC,0,0,0
EOC2_PBMC_cell_CACAGTAGTGCATCTA,0,0,0
EOC2_PBMC_cell_GCATACACACACCGAC,0,0,0
EOC2_PBMC_cell_CCTACCACATGTCCTC,0,0,0
EOC2_PBMC_cell_CTACCCAGTTACCAGT,0,0,0
EOC2_PBMC_cell_CCGTTCATCGTTGCCT,0,0,0
EOC2_PBMC_cell_TTCTACAAGAGTCTGG,0,0,0
EOC2_PBMC_cell_TACGGATCATGGAATA,0,0,0
EOC2_PBMC_cell_GACACGCTCGTGGACC,0,0,0
EOC2_PBMC_cell_CAGCTGGTCGAGAGCA,0,0,0
EOC2_PBMC_cell_AAGGTTCGTGGCTCCA,0,0,0
EOC2_PBMC_cell_CGTTAGACAATCACAC,0,0,0
EOC2_PBMC_cell_CGGACACAGGCGCTCT,0,0,0
EOC2_PBMC_cell_AGTGGGACAGTATAAG,0,0,0
EOC2_PBMC_cell_CAGATCATCATGCTCC,0,0,0
EOC2_PBMC_cell_CTAATGGAGACATAAC,0,0,1
EOC2_PBMC_cell_GACCTGGGTCGCTTTC,0,0,0
EOC2_PBMC_cell_ACCCACTTCCAGGGCT,0,0,0
EOC2_PBMC_cell_GTCATTTCAAGTTAAG,0,0,0
EOC2_PBMC_cell_TCTATTGAGACCCACC,0,0,0
EOC2_PBMC_cell_AAAGTAGTCGGATGTT,0,0,0
EOC2_PBMC_cell_GTACGTACACGCTTTC,0,0,0
EOC2_PBMC_cell_GTACTCCTCGCTTGTC,0,0,0
EOC2_PBMC_cell_ATAGACCAGCTTTGGT,0,0,0
EOC2_PBMC_cell_CTCCTAGAGGCGACAT,0,0,0
EOC2_PBMC_cell_CGATGTAAGTCGTACT,0,0,0
EOC2_PBMC_cell_CGGTTAATCCAAAGTC,0,0,0
EOC2_PBMC_cell_CATGGCGTCACAATGC,0,0,0
EOC2_PBMC_cell_CGCGGTACAATGCCAT,0,0,0
EOC2_PBMC_cell_CGATGGCCACTGTTAG,0,0,0
EOC2_PBMC_cell_TCGGGACGTTTGACTG,0,0,0
EOC2_PBMC_cell_GTAACGTCACGGTTTA,0,0,0
EOC2_PBMC_cell_CCTTCCCTCCTTTCGG,0,0,0
EOC2_PBMC_cell_AGTTGGTTCGGAAACG,0,0,0
EOC2_PBMC_cell_AGAGCGATCCAGAAGG,0,0,0
EOC2_PBMC_cell_GGTGCGTAGAAGGTTT,0,0,0
EOC2_PBMC_cell_CCGGGATGTCTAGAGG,0,0,0
EOC2_PBMC_cell_TCATTACTCTTCGGTC,0,0,0
EOC2_PBMC_cell_GACCTGGCACGGCGTT,0,0,0
EOC2_PBMC_cell_ACATCAGAGCTGAACG,0,0,1
EOC2_PBMC_cell_CGCTGGAGTCTTGATG,0,0,0
EOC2_PBMC_cell_AAAGATGCATGCCACG,0,0,0
EOC2_PBMC_cell_TGAAAGAAGGCTCAGA,0,0,0
EOC2_PBMC_cell_GCTCTGTGTATAGGTA,0,0,0
EOC2_PBMC_cell_GCTCTGTCACCAGTTA,0,0,0
EOC2_PBMC_cell_ACAGCCGGTGAACCTT,0,0,0
EOC2_PBMC_cell_GTTCATTAGCCCTAAT,0,0,0
EOC2_PBMC_cell_CAGCTGGGTCTTGCGG,0,0,0
EOC2_PBMC_cell_ATCTGCCTCATACGGT,0,0,0
EOC2_PBMC_cell_GTACGTACATGTCTCC,0,0,0
EOC2_PBMC_cell_TTCTCAAGTCGCGTGT,0,0,0
EOC2_PBMC_cell_TTTACTGCATTGGTAC,0,0,0
EOC2_PBMC_cell_ATAAGAGCAGGACGTA,0,0,0
EOC2_PBMC_cell_GCGCAACGTAAGGGCT,0,0,1
EOC2_PBMC_cell_GAATAAGTCCGCAGTG,0,0,0
EOC2_PBMC_cell_AGAGTGGTCCTCATTA,0,0,0
EOC2_PBMC_cell_TGTATTCCATGATCCA,0,0,0
EOC2_PBMC_cell_ACTGCTCTCCTACAGA,0,0,0
EOC2_PBMC_cell_CATATGGTCTCGTTTA,0,0,0
EOC2_PBMC_cell_ACGCCGATCACTCTTA,0,0,0
EOC2_PBMC_cell_GTGTGCGGTTGAGGTG,0,0,0
EOC2_PBMC_cell_ACGCCAGGTTAGGGTG,0,0,0
EOC2_PBMC_cell_AGTTGGTTCCCTCAGT,0,0,0
EOC2_PBMC_cell_CGATTGAAGCGAAGGG,0,0,0
EOC2_PBMC_cell_GATCAGTTCATACGGT,0,0,0
EOC2_PBMC_cell_CCTAAAGGTAGCGCTC,0,0,0
EOC2_PBMC_cell_GCTGCGATCGGGAGTA,0,0,0
EOC2_PBMC_cell_GTAACTGCATAGGATA,0,0,0
EOC2_PBMC_cell_CTGTTTACATGGTTGT,0,0,0
EOC2_PBMC_cell_GGGAATGTCACTTACT,0,0,0
EOC2_PBMC_cell_CACAGTAGTAGATTAG,0,0,0
EOC2_PBMC_cell_TAGAGCTGTGCAGTAG,0,0,0
EOC2_PBMC_cell_AACCGCGGTGCAGACA,0,0,0
EOC2_PBMC_cell_GTTCGGGCATTAGGCT,0,0,0
EOC2_PBMC_cell_TCGAGGCTCCTTAATC,0,0,0
EOC2_PBMC_cell_TGTGGTACACATCTTT,0,0,0
EOC2_PBMC_cell_TTCGGTCTCTCCTATA,0,0,0
EOC2_PBMC_cell_ACGGGCTCACTACAGT,0,0,1
EOC2_PBMC_cell_CGTGAGCTCTTTAGGG,0,0,0
EOC2_PBMC_cell_CAAGAAAGTGCAACTT,0,0,0
EOC2_PBMC_cell_GATCGATGTTGTACAC,0,0,0
EOC2_PBMC_cell_CAAGAAACATGGGAAC,0,0,0
EOC2_PBMC_cell_ACGTCAACAGCCAATT,0,0,0
EOC2_PBMC_cell_CATATGGTCCTCGCAT,0,0,0
EOC2_PBMC_cell_GCTTGAAAGTGTTGAA,0,0,0
EOC2_PBMC_cell_CGCTATCAGACTCGGA,0,0,0
EOC2_PBMC_cell_AGTGAGGTCAGGCAAG,0,0,0
EOC2_PBMC_cell_TCAGGTACACAGATTC,0,0,0
EOC2_PBMC_cell_TACAGTGAGTCCCACG,0,0,0
EOC2_PBMC_cell_CGTCAGGTCTTTACAC,0,0,0
EOC2_PBMC_cell_CTTAACTCAGTGGGAT,0,0,0
EOC2_PBMC_cell_ACGAGGAAGACCTTTG,0,0,0
EOC2_PBMC_cell_CATTCGCGTTAGGGTG,0,0,0
EOC2_PBMC_cell_CAACTAGAGTTAACGA,0,0,0
EOC2_PBMC_cell_AGAATAGGTACACCGC,0,0,0
EOC2_PBMC_cell_TACAGTGCATCCCATC,0,0,0
EOC2_PBMC_cell_GAGTCCGGTCTTGCGG,0,0,0
EOC2_PBMC_cell_ACACTGAGTCAGATAA,0,0,0
EOC2_PBMC_cell_CTAGTGATCTGCTGTC,0,0,0
EOC2_PBMC_cell_GCTGCTTCATCACCCT,0,0,0
EOC2_PBMC_cell_ACGGAGACAAATACAG,0,0,0
EOC2_PBMC_cell_AGTGAGGCAAGCCCAC,0,0,0
EOC2_PBMC_cell_GACGCGTTCCTAGTGA,0,0,0
EOC2_PBMC_cell_AGGTCATCATACTCTT,0,0,0
EOC2_PBMC_cell_AGGTCCGAGCCGCCTA,0,0,0
EOC2_PBMC_cell_CGACTTCAGGAGCGTT,0,0,0
EOC2_PBMC_cell_GCTCCTATCAGAGACG,0,0,0
EOC2_PBMC_cell_TGCGGGTTCGGAAATA,0,0,0
EOC2_PBMC_cell_TGACTAGCACATCCAA,0,0,0
EOC2_PBMC_cell_GCAATCAAGTCGTACT,0,0,0
EOC2_PBMC_cell_GGATGTTAGACCGGAT,0,0,0
EOC2_PBMC_cell_GTTAAGCGTAAACACA,0,0,0
EOC2_PBMC_cell_CTACATTGTAGCGCTC,0,0,0
EOC2_PBMC_cell_ATCATGGCAGCTTAAC,0,0,0
EOC2_PBMC_cell_ACAGCCGAGCGATCCC,0,0,0
EOC2_PBMC_cell_TGACGGCTCACGCGGT,0,0,0
EOC2_PBMC_cell_ATTCTACTCTGATTCT,0,0,0
EOC2_PBMC_cell_CTAGCCTGTCTTGATG,0,0,0
EOC2_PBMC_cell_GATCGATAGGTGTTAA,0,0,0
EOC2_PBMC_cell_AACTTTCCATTCTTAC,0,0,0
EOC2_PBMC_cell_CTGATAGCAAGTCTAC,0,0,0
EOC2_PBMC_cell_TGTGGTAAGAAACCAT,0,0,0
EOC2_PBMC_cell_ACGTCAACATCCTTGC,0,0,0
EOC2_PBMC_cell_CCGGTAGAGGACGAAA,0,0,0
EOC2_PBMC_cell_CTTAGGACAAACGTGG,0,0,0
EOC2_PBMC_cell_AGAATAGCAGGTGGAT,0,0,0
EOC2_PBMC_cell_CACACCTGTTGTGGCC,0,0,0
EOC2_PBMC_cell_CCTTTCTGTCGGCACT,0,0,0
EOC2_PBMC_cell_GTCGGGTAGACTTGAA,0,0,0
EOC2_PBMC_cell_ACGGGCTAGACCTAGG,0,0,0
EOC2_PBMC_cell_CATCCACTCCGCGGTA,0,0,0
EOC2_PBMC_cell_CTCCTAGGTATCAGTC,0,0,0
EOC2_PBMC_cell_CGGGTCACAATGGATA,0,0,0
EOC2_PBMC_cell_AACGTTGGTCGTTGTA,0,0,0
EOC2_PBMC_cell_CATGACACAGATTGCT,0,0,0
EOC2_PBMC_cell_TTCGAAGGTAATAGCA,0,0,0
EOC2_PBMC_cell_CAAGATCTCATTATCC,0,0,0
EOC2_PBMC_cell_TCAATCTCATTCCTGC,0,0,0
EOC2_PBMC_cell_CCCAGTTCAGTCCTTC,0,0,0
EOC2_PBMC_cell_CGATCGGCAGACAGGT,0,0,0
EOC2_PBMC_cell_AAGGAGCCAACCGCCA,0,0,0
EOC2_PBMC_cell_GATGAGGTCTAACTTC,0,0,0
EOC2_PBMC_cell_GGCGACTCATGATCCA,0,0,0
EOC2_PBMC_cell_GCAGCCAAGACGCTTT,0,0,0
EOC2_PBMC_cell_CTTAGGAGTATATGGA,0,0,0
EOC2_PBMC_cell_GGTATTGAGGAACTGC,0,0,0
EOC2_PBMC_cell_CCTTTCTTCCCATTAT,0,0,0
EOC2_PBMC_cell_CATATTCGTTGGTGGA,0,0,0
EOC2_PBMC_cell_AGGGAGTGTCAAAGCG,0,0,0
EOC2_PBMC_cell_TGTCCCAAGCTGTCTA,0,0,0
EOC2_PBMC_cell_GGAACTTCATGAGCGA,0,0,0
EOC2_PBMC_cell_GGTGAAGGTATTCGTG,0,0,0
EOC2_PBMC_cell_AGCATACCAGGGCATA,0,0,0
EOC2_PBMC_cell_AAACGGGGTCCAGTAT,0,0,0
EOC2_PBMC_cell_GTTTCTAAGCGCCTTG,0,0,0
EOC2_PBMC_cell_TCGCGAGAGTCTCGGC,0,0,0
EOC2_PBMC_cell_AGCGTATGTCTCCCTA,0,0,0
EOC2_PBMC_cell_ACCTTTACAGCTTAAC,0,0,0
EOC2_PBMC_cell_TACAGTGCAGCTGCTG,0,0,0
EOC2_PBMC_cell_CTACATTAGTACGTAA,0,0,0
EOC2_PBMC_cell_ATTCTACTCATTATCC,0,0,0
EOC2_PBMC_cell_ACTGATGCACTCAGGC,0,0,0
EOC2_PBMC_cell_CCAGCGAAGCTAAACA,0,0,0
EOC2_PBMC_cell_ACGGGCTCAATGGACG,0,0,0
EOC2_PBMC_cell_GGAAAGCCACGGTTTA,0,0,0
EOC2_PBMC_cell_TAGTGGTCACGTCAGC,0,0,0
EOC2_PBMC_cell_GCAGCCACATGGTAGG,0,0,0
EOC2_PBMC_cell_GGTGCGTAGTGGGCTA,0,0,0
EOC2_PBMC_cell_GCTGCAGCAAGGCTCC,0,0,0
EOC2_PBMC_cell_ACTTGTTTCGCAAGCC,0,0,0
EOC2_PBMC_cell_GAGTCCGCACCTCGGA,0,0,0
EOC2_PBMC_cell_TTCCCAGAGAAGATTC,0,0,0
EOC2_PBMC_cell_CAGAATCTCTCCGGTT,0,0,0
EOC2_PBMC_cell_AGAGTGGCATAGTAAG,0,0,0
EOC2_PBMC_cell_CAGAGAGTCAACCATG,0,0,0
EOC2_PBMC_cell_CATCCACAGAATGTTG,0,0,0
EOC2_PBMC_cell_AGTGTCACAAGAAGAG,0,0,0
EOC2_PBMC_cell_TGCCCTACATCGGTTA,0,0,0
EOC2_PBMC_cell_GGCTCGAGTCCAGTAT,0,0,0
EOC2_PBMC_cell_TGACTAGAGATGTAAC,0,0,0
EOC2_PBMC_cell_CTGTTTACATCGGTTA,0,0,0
EOC2_PBMC_cell_TGTGTTTAGGCTCAGA,0,0,0
EOC2_PBMC_cell_CTAAGACTCCACGAAT,0,0,0
EOC2_PBMC_cell_CATCCACAGCCCAACC,0,0,0
EOC2_PBMC_cell_ACGATGTCAAAGGTGC,0,0,0
EOC2_PBMC_cell_GCTCTGTTCACGCGGT,0,0,0
EOC2_PBMC_cell_TACGGATCATTCACTT,0,0,0
EOC2_PBMC_cell_AGAGTGGCAAAGGCGT,0,0,0
EOC2_PBMC_cell_TGGGCGTTCACTCTTA,0,0,0
EOC2_PBMC_cell_ACAGCTAGTGAAGGCT,0,0,0
EOC2_PBMC_cell_GTTCATTTCCTCATTA,0,0,0
EOC2_PBMC_cell_CGTCAGGCAGATGAGC,0,0,0
EOC2_PBMC_cell_GACGTTAGTGTAAGTA,0,0,0
EOC2_PBMC_cell_ACTGAACTCTTGGGTA,0,0,0
EOC2_PBMC_cell_GACCAATCAAGGGTCA,0,0,0
EOC2_PBMC_cell_ACTATCTAGGCGATAC,0,0,0
EOC2_PBMC_cell_GCTCTGTTCACCACCT,0,0,0
EOC2_PBMC_cell_ATCGAGTTCCGCATCT,0,0,0
EOC2_PBMC_cell_GCAAACTAGTGGAGTC,0,0,0
EOC2_PBMC_cell_AGCTCTCTCGGATGGA,0,0,0
EOC2_PBMC_cell_TGTATTCAGCTGATAA,0,0,0
EOC2_PBMC_cell_ATCTACTCACCTCGTT,0,0,0
EOC2_PBMC_cell_CTAGTGACATTTCAGG,0,0,0
EOC2_PBMC_cell_TTGGCAAGTTTGTTTC,0,0,0
EOC2_PBMC_cell_GAACATCTCTATCCCG,0,0,0
EOC2_PBMC_cell_TGAGAGGGTCGCGAAA,0,0,0
EOC2_PBMC_cell_TTCGAAGGTCTAGCGC,0,0,0
EOC2_PBMC_cell_AGCCTAAAGATTACCC,0,0,0
EOC2_PBMC_cell_CATTCGCAGACGCAAC,0,0,0
EOC2_PBMC_cell_ACCGTAAAGATCCCGC,0,0,0
EOC2_PBMC_cell_GGACGTCTCCGTCAAA,0,0,0
EOC2_PBMC_cell_CTCGAGGCAAGACGTG,0,0,0
EOC2_PBMC_cell_TTTGCGCGTTCGCGAC,0,0,0
EOC2_PBMC_cell_GTCATTTAGTGGGATC,0,0,0
EOC2_PBMC_cell_AGCGGTCCATGAGCGA,0,0,0
EOC2_PBMC_cell_AAAGTAGGTTTGGGCC,0,0,0
EOC2_PBMC_cell_GTTTCTATCCTACAGA,0,0,0
EOC2_PBMC_cell_CTCGTACAGATAGTCA,0,0,0
EOC2_PBMC_cell_CTACCCAGTTTCGCTC,0,0,0
EOC2_PBMC_cell_ATCCACCAGTCTTGCA,0,0,0
EOC2_PBMC_cell_ACAGCTATCTGATTCT,0,0,1
EOC2_PBMC_cell_GGATGTTGTATTCTCT,0,0,0
EOC2_PBMC_cell_TTGCCGTCACTGAAGG,0,0,0
EOC2_PBMC_cell_AACTCAGGTTCTGGTA,0,0,0
EOC2_PBMC_cell_CTTGGCTCACAAGTAA,0,0,0
EOC2_PBMC_cell_ACTGAGTCAAACGCGA,0,0,0
EOC2_PBMC_cell_ACCTTTAAGGCATGTG,0,0,0
EOC2_PBMC_cell_CCATGTCCACACGCTG,0,0,0
EOC2_PBMC_cell_CTCGGAGCAATAACGA,0,0,0
EOC2_PBMC_cell_TTGGCAAGTTTGCATG,0,0,0
EOC2_PBMC_cell_GGTATTGAGTGTCTCA,0,0,0
EOC2_PBMC_cell_CTGGTCTCATGCTGGC,0,0,0
EOC2_PBMC_cell_GTGCTTCAGCGATATA,0,0,0
EOC2_PBMC_cell_GAAATGAAGTACGCGA,0,0,0
EOC2_PBMC_cell_ATGAGGGGTACCCAAT,0,0,0
EOC2_PBMC_cell_CCTCTGAAGAATCTCC,0,0,0
EOC2_PBMC_cell_GGCGACTGTCTAGGTT,0,0,0
EOC2_PBMC_cell_GACGTTAAGAAACCGC,0,0,1
EOC2_PBMC_cell_CTGTTTAGTCTCCATC,0,0,0
EOC2_PBMC_cell_TGGGCGTAGTGTGAAT,0,0,0
EOC2_PBMC_cell_AGATCTGAGGTTACCT,0,0,0
EOC2_PBMC_cell_GGAAAGCAGCTGTTCA,0,0,0
EOC2_PBMC_cell_TATCAGGTCATTGCCC,0,0,0
EOC2_PBMC_cell_CCTTCCCGTCTTGTCC,0,0,0
EOC2_PBMC_cell_GATCGATAGGACGAAA,0,0,0
EOC2_PBMC_cell_GCATGCGGTCGAGTTT,0,0,0
EOC2_PBMC_cell_GTTCTCGCAAGCCATT,0,0,0
EOC2_PBMC_cell_AGGGTGAAGAGGTACC,0,0,0
EOC2_PBMC_cell_ACGGCCATCGAGCCCA,0,0,0
EOC2_PBMC_cell_TGCGGGTGTCCATCCT,0,0,0
EOC2_PBMC_cell_CCTTCCCTCATCGATG,0,0,0
EOC2_PBMC_cell_AACTTTCCACGAGGTA,0,0,0
EOC2_PBMC_cell_GTCGGGTAGAACTGTA,0,0,0
EOC2_PBMC_cell_TCACAAGGTGTTTGGT,0,0,1
EOC2_PBMC_cell_CACCACTAGTCATGCT,0,0,0
EOC2_PBMC_cell_AAAGTAGAGGTACTCT,0,0,0
EOC2_PBMC_cell_GCTTCCAAGCGCTCCA,0,0,0
EOC2_PBMC_cell_GTTCTCGGTTGGACCC,0,0,0
EOC2_PBMC_cell_TGTGTTTCACAACGTT,0,0,0
EOC2_PBMC_cell_CATATGGTCTTGCAAG,0,0,0
EOC2_PBMC_cell_CGTCACTTCAAACCGT,0,0,0
EOC2_PBMC_cell_GTTTCTATCTCTGTCG,0,0,0
EOC2_PBMC_cell_TCAGCAAAGATCTGAA,0,0,0
EOC2_PBMC_cell_TCTTCGGTCGTGGTCG,0,0,0
EOC2_PBMC_cell_ATGAGGGCAAGTCTAC,0,0,0
EOC2_PBMC_cell_GCCAAATAGTAGCCGA,0,0,0
EOC2_PBMC_cell_GCTGCGAGTCTGATCA,0,0,0
EOC2_PBMC_cell_CAAGAAATCCGCGCAA,0,0,0
EOC2_PBMC_cell_TTAGGACTCCGTCATC,0,0,0
EOC2_PBMC_cell_AAATGCCGTAGCGATG,0,0,0
EOC2_PBMC_cell_GACTACATCAGCCTAA,0,0,0
EOC2_PBMC_cell_TCACGAACATTGGTAC,0,0,0
EOC2_PBMC_cell_GCCAAATGTCCTCCAT,0,0,0
EOC2_PBMC_cell_CACTCCAAGCGTTCCG,0,0,0
EOC2_PBMC_cell_AAGGCAGTCATGGTCA,0,0,0
EOC2_PBMC_cell_TTGCCGTCACAGCGTC,0,0,0
EOC2_PBMC_cell_CAGCGACAGACAAAGG,0,0,0
EOC2_PBMC_cell_AGAGTGGGTCCAGTAT,0,0,0
EOC2_PBMC_cell_TGAGAGGTCGCGGATC,0,0,0
EOC2_PBMC_cell_CGTGAGCCATAAAGGT,0,0,0
EOC2_PBMC_cell_CTCTGGTAGTCAAGGC,0,0,0
EOC2_PBMC_cell_GAAATGAAGCTACCTA,0,0,0
EOC2_PBMC_cell_GGGTTGCAGGCCCTCA,0,0,0
EOC2_PBMC_cell_CTGCGGAGTTTGACAC,0,0,0
EOC2_PBMC_cell_CACCACTGTCCCTTGT,0,0,0
EOC2_PBMC_cell_AGAGCTTGTCTAGCCG,0,0,0
EOC2_PBMC_cell_CATCAGATCAAACGGG,0,0,0
EOC2_PBMC_cell_GGAACTTCATGAAGTA,0,0,0
EOC2_PBMC_cell_ACTGTCCAGATGGCGT,0,0,0
EOC2_PBMC_cell_TACGGTAGTCGACTAT,0,0,0
EOC2_PBMC_cell_CAGCCGATCCAATGGT,0,0,0
EOC2_PBMC_cell_CTAATGGCAGCAGTTT,0,0,0
EOC2_PBMC_cell_ACCGTAATCGCTGATA,0,0,0
EOC2_PBMC_cell_CCGGGATGTCTAACGT,0,0,0
EOC2_PBMC_cell_CAGCTAAAGTAGCCGA,0,0,0
EOC2_PBMC_cell_GCATGTACAGACTCGC,0,0,0
EOC2_PBMC_cell_AAAGTAGGTTGTGGAG,0,0,0
EOC2_PBMC_cell_ACTTACTTCAATCTCT,0,0,0
EOC2_PBMC_cell_TCGCGTTAGGGTGTGT,0,0,0
EOC2_PBMC_cell_GATGAGGTCTGTCTCG,0,0,0
EOC2_PBMC_cell_GGGAATGTCGAGAGCA,0,0,0
EOC2_PBMC_cell_TAGTGGTCAATGAATG,0,0,0
EOC2_PBMC_cell_CTTGGCTTCTACTTAC,0,0,0
EOC2_PBMC_cell_TTTACTGGTTACGACT,0,0,0
EOC2_PBMC_cell_GCAATCAGTGCCTGCA,0,0,0
EOC2_PBMC_cell_CCGTGGAAGAGGGATA,0,0,0
EOC2_PBMC_cell_GATCGATCAGCTTCGG,0,0,0
EOC2_PBMC_cell_CTTAACTTCTCTGCTG,0,0,0
EOC2_PBMC_cell_AAGACCTCATTTGCCC,0,0,0
EOC2_PBMC_cell_GTAACGTCAAGCCGCT,0,0,0
EOC2_PBMC_cell_GTGCTTCTCCCTCAGT,0,0,0
EOC2_PBMC_cell_GCATGCGCAGTAAGAT,0,0,0
EOC2_PBMC_cell_TTGACTTAGACCCACC,0,0,0
EOC2_PBMC_cell_CATATTCAGAGTAAGG,0,0,0
EOC2_PBMC_cell_CGTTGGGGTATATCCG,0,0,0
EOC2_PBMC_cell_ACACCCTTCAACACCA,0,0,0
EOC2_PBMC_cell_GTAACGTAGATGCCTT,0,0,0
EOC2_PBMC_cell_ACTATCTCAATGCCAT,0,0,0
EOC2_PBMC_cell_GAAATGAAGCTAGGCA,0,0,0
EOC2_PBMC_cell_CATGCCTAGTGTACCT,0,0,0
EOC2_PBMC_cell_AAAGCAATCTTGAGAC,0,0,0
EOC2_PBMC_cell_AGGCCACGTTTGGCGC,0,0,0
EOC2_PBMC_cell_CTCTGGTCATGTTCCC,0,0,0
EOC2_PBMC_cell_ACACCGGTCGACCAGC,0,0,0
EOC2_PBMC_cell_CATTATCAGCAGACTG,0,0,1
EOC2_PBMC_cell_CTCGGGACAATGGTCT,0,0,0
EOC2_PBMC_cell_TGCCCATGTACACCGC,0,0,0
EOC2_PBMC_cell_CGTTAGAAGTCGTTTG,0,0,0
EOC2_PBMC_cell_GAAATGAAGCTCCTCT,0,0,0
EOC2_PBMC_cell_ACTGAGTTCTAACGGT,0,0,0
EOC2_PBMC_cell_CTACGTCAGAATGTTG,0,0,0
EOC2_PBMC_cell_GCGCAGTAGAGGTACC,0,0,0
EOC2_PBMC_cell_TCAGATGCACCTTGTC,0,0,0
EOC2_PBMC_cell_ATAGACCAGCCAGTAG,0,0,0
EOC2_PBMC_cell_AGAATAGGTCAAACTC,0,0,0
EOC2_PBMC_cell_AGCTCCTGTGACGGTA,0,0,0
EOC2_PBMC_cell_CTACGTCTCCGGCACA,0,0,0
EOC2_PBMC_cell_CTCTGGTTCTTTACAC,0,0,0
EOC2_PBMC_cell_CACCACTCATTGTGCA,0,0,0
EOC2_PBMC_cell_AGTTGGTTCTGACCTC,0,0,0
EOC2_PBMC_cell_CCTCAGTCAGTAAGAT,0,0,0
EOC2_PBMC_cell_AAACGGGCATACGCCG,0,0,0
EOC2_PBMC_cell_TACTCGCGTTTGGGCC,0,0,0
EOC2_PBMC_cell_TGATTTCGTAGTAGTA,0,0,0
EOC2_PBMC_cell_CTGATCCTCTCAAACG,0,0,0
EOC2_PBMC_cell_AGCCTAACACGCGAAA,0,0,0
EOC2_PBMC_cell_TCCCGATGTCGAGTTT,0,0,0
EOC2_PBMC_cell_CTGATAGTCGAATGCT,0,0,0
EOC2_PBMC_cell_CGACTTCCAAGAAAGG,0,0,0
EOC2_PBMC_cell_ACTTGTTGTCCTCTTG,0,0,0
EOC2_PBMC_cell_GATCGCGTCTGATACG,0,0,0
EOC2_PBMC_cell_AGGCCACGTAACGCGA,0,0,0
EOC2_PBMC_cell_ACCCACTGTTAAGAAC,0,0,0
EOC2_PBMC_cell_GAGTCCGTCACGCGGT,0,0,0
EOC2_PBMC_cell_CCCAATCAGCGAAGGG,0,0,0
EOC2_PBMC_cell_TGCGCAGAGCCTTGAT,0,0,0
EOC2_PBMC_cell_GCTTCCAAGGTGCACA,0,0,0
EOC2_PBMC_cell_AAGCCGCGTAGCGCAA,0,0,0
EOC2_PBMC_cell_AACTCCCGTCTAGAGG,0,0,0
EOC2_PBMC_cell_GACAGAGCAAGAGTCG,0,0,0
EOC2_PBMC_cell_GATGAGGCACTCTGTC,0,0,0
EOC2_PBMC_cell_CACCAGGTCCTATTCA,0,0,0
EOC2_PBMC_cell_CGACTTCAGGATTCGG,0,0,0
EOC2_PBMC_cell_CGAGAAGGTACTCTCC,0,0,0
EOC2_PBMC_cell_CCGGGATAGTAGCGGT,0,0,0
EOC2_PBMC_cell_ACGATACCATCCGCGA,0,0,0
EOC2_PBMC_cell_TGAGCCGGTAGAAGGA,0,0,0
EOC2_PBMC_cell_CCTAAAGTCTTAGAGC,0,0,0
EOC2_PBMC_cell_AAGTCTGTCTTGGGTA,0,0,0
EOC2_PBMC_cell_TGCCCTACACTTGGAT,0,0,0
EOC2_PBMC_cell_ACACTGATCACCTTAT,0,0,0
EOC2_PBMC_cell_AGGCCACTCCGCGCAA,0,0,0
EOC2_PBMC_cell_AACTGGTTCCTGTAGA,0,0,0
EOC2_PBMC_cell_ATCTACTAGGACTGGT,0,0,0
EOC2_PBMC_cell_TCTGAGATCTGCGGCA,0,0,0
EOC2_PBMC_cell_ACATGGTGTGCCTGTG,0,0,0
EOC2_PBMC_cell_GCTGCTTTCATTTGGG,0,0,0
EOC2_PBMC_cell_ACTGATGTCGAATGGG,0,0,0
EOC2_PBMC_cell_GTCACAATCCGAATGT,0,0,0
EOC2_PBMC_cell_GCAGCCATCCGCGGTA,0,0,0
EOC2_PBMC_cell_GGAGCAAAGAGTACCG,0,0,0
EOC2_PBMC_cell_TCAGCAACAGTAGAGC,0,0,0
EOC2_PBMC_cell_GTAGGCCGTCGAGTTT,0,0,0
EOC2_PBMC_cell_TCACAAGTCTTAACCT,0,0,0
EOC2_PBMC_cell_TGATTTCAGGAGTCTG,0,0,0
EOC2_PBMC_cell_TCAGCTCGTTGCGTTA,0,0,0
EOC2_PBMC_cell_TTCTACATCTGCCCTA,0,0,0
EOC2_PBMC_cell_TTGAACGGTGGAAAGA,0,0,0
EOC2_PBMC_cell_CAGTAACAGACTAGAT,0,0,0
EOC2_PBMC_cell_CATCAGACAGCTGGCT,0,0,0
EOC2_PBMC_cell_CTGCCTATCTGCTTGC,0,0,0
EOC2_PBMC_cell_CAAGATCAGTGTTAGA,0,0,0
EOC2_PBMC_cell_ACTTGTTGTTGAGTTC,0,0,0
EOC2_PBMC_cell_CCACGGAGTCCGTGAC,0,0,0
EOC2_PBMC_cell_TTTATGCAGGCGATAC,0,0,0
EOC2_PBMC_cell_ATCTACTTCCACGTGG,0,0,0
EOC2_PBMC_cell_GTAACTGAGATTACCC,0,0,0
EOC2_PBMC_cell_CGTAGCGGTTCGGGCT,0,0,0
EOC2_PBMC_cell_ACTTACTGTCAGTGGA,0,0,0
EOC2_PBMC_cell_CGTCACTCATAGTAAG,0,0,0
EOC2_PBMC_cell_TGAGAGGGTCCAGTGC,0,0,0
EOC2_PBMC_cell_AGAGTGGTCAATACCG,0,0,0
EOC2_PBMC_cell_CCTTTCTGTCTAGAGG,0,0,0
EOC2_PBMC_cell_ACGGGTCAGTACTTGC,0,0,0
EOC2_PBMC_cell_TTATGCTTCTGTACGA,0,0,0
EOC2_PBMC_cell_CACCTTGTCTCTAGGA,0,0,0
EOC2_PBMC_cell_GACTACAGTCGAGTTT,0,0,0
EOC2_PBMC_cell_GAGGTGAGTGTGGTTT,0,0,0
EOC2_PBMC_cell_CCTTTCTAGGTCATCT,0,0,0
EOC2_PBMC_cell_TCTATTGAGGGCTCTC,0,0,0
EOC2_PBMC_cell_AACACGTTCAGCTTAG,0,0,0
EOC2_PBMC_cell_CCCTCCTAGCGTAATA,0,0,0
EOC2_PBMC_cell_AGCATACCACCTTGTC,0,0,0
EOC2_PBMC_cell_CATTCGCTCTTCATGT,0,0,0
EOC2_PBMC_cell_GCAAACTTCAGTCAGT,0,0,0
EOC2_PBMC_cell_ATCATCTCAAGTTGTC,0,0,0
EOC2_PBMC_cell_TACCTTATCCCGGATG,0,0,0
EOC2_PBMC_cell_CACACAATCCCGACTT,0,0,0
EOC2_PBMC_cell_ACGCAGCTCTGCTGTC,0,0,0
EOC2_PBMC_cell_ACCCACTCAAGCGATG,0,0,0
EOC2_PBMC_cell_TCGCGAGAGTAGCGGT,0,0,0
EOC2_PBMC_cell_CCGGGATCAGTCGTGC,0,0,0
EOC2_PBMC_cell_CTGATAGGTGCGATAG,0,0,0
EOC2_PBMC_cell_CTCGAGGAGTGAACGC,0,0,0
EOC2_PBMC_cell_CAGTAACTCTACTATC,0,0,0
EOC2_PBMC_cell_CACAGTACAGCTGGCT,0,0,0
EOC2_PBMC_cell_CTAATGGGTAGCAAAT,0,0,0
EOC2_PBMC_cell_GGACGTCGTCATTAGC,0,0,0
EOC2_PBMC_cell_CATCCACAGTCGCCGT,0,0,0
EOC2_PBMC_cell_TAGAGCTTCGGCTTGG,0,0,0
EOC2_PBMC_cell_CACACAATCGGTGTCG,0,0,0
EOC2_PBMC_cell_TCATTACTCGTCCGTT,0,0,0
EOC2_PBMC_cell_TACAGTGTCACCGTAA,0,0,0
EOC2_PBMC_cell_GTCTTCGAGCTCTCGG,0,0,0
EOC2_PBMC_cell_TTGGAACGTCCGAAGA,0,0,0
EOC2_PBMC_cell_CAAGGCCAGAGTACCG,0,0,0
EOC2_PBMC_cell_ATCTGCCAGCTACCGC,0,0,0
EOC2_PBMC_cell_TCAGCTCGTTTGTTGG,0,0,0
EOC2_PBMC_cell_ATTTCTGGTAGCCTCG,0,0,0
EOC2_PBMC_cell_GCACATACACCCATTC,0,0,0
EOC2_PBMC_cell_TCGAGGCCAGTGAGTG,0,0,0
EOC2_PBMC_cell_TGCACCTTCCACGACG,0,0,0
EOC2_PBMC_cell_GTGTGCGGTAGAGGAA,0,0,0
EOC2_PBMC_cell_CACAAACCAAGTCTGT,0,0,1
EOC2_PBMC_cell_CTAACTTCATCGGACC,0,0,0
EOC2_PBMC_cell_CATCGGGAGACTGTAA,0,0,0
EOC2_PBMC_cell_CCATGTCCACGGTGTC,0,0,0
EOC2_PBMC_cell_CCTTTCTTCATGGTCA,0,0,0
EOC2_PBMC_cell_TACAGTGGTTGATTGC,0,0,0
EOC2_PBMC_cell_GTACGTAGTTCCACGG,0,0,0
EOC2_PBMC_cell_GTCTTCGTCCAACCAA,0,0,0
EOC2_PBMC_cell_ATTGGTGTCCAAACTG,0,0,0
EOC2_PBMC_cell_ACGAGCCCATGCCTTC,0,0,0
EOC2_PBMC_cell_CGTGTCTTCCACGTGG,0,0,0
EOC2_PBMC_cell_CAGCTAATCAAGGTAA,0,0,0
EOC2_PBMC_cell_AGTTGGTCACTTGGAT,0,0,0
EOC2_PBMC_cell_CGCCAAGGTGACTCAT,0,0,0
EOC2_PBMC_cell_TACACGAGTCTCATCC,0,0,0
EOC2_PBMC_cell_GGTATTGCACCGGAAA,0,0,0
EOC2_PBMC_cell_GGGTCTGTCGTTGCCT,0,0,0
EOC2_PBMC_cell_GGGCACTGTAAGTAGT,0,0,0
EOC2_PBMC_cell_TGGTTCCTCTGTTGAG,0,0,0
EOC2_PBMC_cell_TGTGGTATCAACGCTA,0,0,0
EOC2_PBMC_cell_GTTAAGCAGACGCACA,0,0,0
EOC2_PBMC_cell_GAAGCAGCACTGTGTA,0,0,0
EOC2_PBMC_cell_CATGGCGGTTAAGATG,0,0,0
EOC2_PBMC_cell_ACTATCTCAGTATAAG,0,0,0
EOC2_PBMC_cell_CTCAGAAAGAGACGAA,0,0,0
EOC2_PBMC_cell_CATATGGTCAGCGATT,0,0,0
EOC2_PBMC_cell_GTTCTCGAGAAGGCCT,0,0,0
EOC2_PBMC_cell_CTGATAGAGATAGCAT,0,0,0
EOC2_PBMC_cell_TTTGGTTGTCGAATCT,0,0,0
EOC2_PBMC_cell_ATCATGGCATCCTTGC,0,0,0
EOC2_PBMC_cell_CAAGATCTCAGCTCTC,0,0,0
EOC2_PBMC_cell_ATCGAGTGTCATTAGC,0,0,0
EOC2_PBMC_cell_GCTGCTTTCGTTACGA,0,0,0
EOC2_PBMC_cell_ATCTGCCTCCTAGAAC,0,0,0
EOC2_PBMC_cell_GTGTTAGTCCGCATCT,0,0,0
EOC2_PBMC_cell_GAATAAGCATGACATC,0,0,0
EOC2_PBMC_cell_GTAGGCCAGTAACCCT,0,0,0
EOC2_PBMC_cell_GCGCGATAGGATCGCA,0,0,0
EOC2_PBMC_cell_AAACGGGCATCCCACT,0,0,0
EOC2_PBMC_cell_CTGAAACAGTCATCCA,0,0,0
EOC2_PBMC_cell_GATGAAAGTAAGTAGT,0,0,0
EOC2_PBMC_cell_ACTGAACCACTCAGGC,0,0,0
EOC2_PBMC_cell_TCAACGACACCCATTC,0,0,0
EOC2_PBMC_cell_CGTTCTGGTACACCGC,0,0,0
EOC2_PBMC_cell_CGATCGGTCTATCCTA,0,0,0
EOC2_PBMC_cell_CACATAGCACGCATCG,0,0,0
EOC2_PBMC_cell_TTTCCTCCAGGGCATA,0,0,0
EOC2_PBMC_cell_CAGCAGCCATACGCTA,0,0,0
EOC2_PBMC_cell_CGGACTGAGTGAATTG,0,0,0
EOC2_PBMC_cell_CGGACTGAGGATATAC,0,0,0
EOC2_PBMC_cell_TTTATGCCACGGTAGA,0,0,0
EOC2_PBMC_cell_CCTACACCACGGTAGA,0,0,0
EOC2_PBMC_cell_CTGCCTAGTATAATGG,0,0,0
EOC2_PBMC_cell_GCGCAGTTCAAGGCTT,0,0,0
EOC2_PBMC_cell_TCGAGGCAGGGCTTGA,0,0,0
EOC2_PBMC_cell_CGGAGCTAGTCATGCT,0,0,0
EOC2_PBMC_cell_TTTACTGAGATGTAAC,0,0,0
EOC2_PBMC_cell_CATGCCTGTCGATTGT,0,0,0
EOC2_PBMC_cell_CGGCTAGTCAATAAGG,0,0,0
EOC2_PBMC_cell_CGAACATAGTTAAGTG,0,0,1
EOC2_PBMC_cell_TATCAGGAGAAACCTA,0,0,0
EOC2_PBMC_cell_CTCGAGGTCCACTCCA,0,0,0
EOC2_PBMC_cell_CTGAAACTCTTTAGTC,0,0,0
EOC2_PBMC_cell_AGTTGGTCAGATGGCA,0,0,0
EOC2_PBMC_cell_GCGGGTTGTGCACGAA,0,0,0
EOC2_PBMC_cell_AAGGCAGAGTGGACGT,0,0,0
EOC2_PBMC_cell_CGAACATGTCCTCCAT,0,0,0
EOC2_PBMC_cell_TTGTAGGTCACAGTAC,0,0,0
EOC2_PBMC_cell_GATGAGGTCATGCTCC,0,0,0
EOC2_PBMC_cell_CCTAGCTAGGGAACGG,0,0,0
EOC2_PBMC_cell_CGGAGTCAGAGTCGGT,0,0,0
EOC2_PBMC_cell_CTCTAATCACGACTCG,0,0,0
EOC2_PBMC_cell_GCAATCACAGTATAAG,0,0,0
EOC2_PBMC_cell_TAAGCGTTCCGCAGTG,0,0,0
EOC2_PBMC_cell_ATCGAGTTCTAACTTC,0,0,0
EOC2_PBMC_cell_ACACCAAGTCCTCTTG,0,0,0
EOC2_PBMC_cell_GAATAAGCATATGGTC,0,0,0
EOC2_PBMC_cell_AGGCCGTTCCCTGACT,0,0,0
EOC2_PBMC_cell_CCTTTCTAGCAGCCTC,0,0,0
EOC2_PBMC_cell_CTAGTGATCCCATTTA,0,0,0
EOC2_PBMC_cell_CTTGGCTAGACTAGGC,0,0,0
EOC2_PBMC_cell_GATCTAGAGATCCCGC,0,0,0
EOC2_PBMC_cell_TACCTTATCTGAGTGT,0,0,0
EOC2_PBMC_cell_ACTATCTTCCCTGACT,0,0,0
EOC2_PBMC_cell_TCAGCTCAGAAACCTA,0,0,0
EOC2_PBMC_cell_GCGCGATCAGGAATCG,0,0,0
EOC2_PBMC_cell_GTCGTAACACTGAAGG,0,0,0
EOC2_PBMC_cell_TCGAGGCTCCAAAGTC,0,0,0
EOC2_PBMC_cell_TGCGTGGCACAGGAGT,0,0,0
EOC2_PBMC_cell_GATGAAAAGAGACTTA,0,0,0
EOC2_PBMC_cell_GTGCGGTCAGATGGGT,0,0,0
EOC2_PBMC_cell_CCTAGCTAGAAACCTA,0,0,0
EOC2_PBMC_cell_CGAATGTAGTACGCCC,0,0,0
EOC2_PBMC_cell_GGGACCTGTCTCTCTG,0,0,0
EOC2_PBMC_cell_CGGACACTCAGCTTAG,0,0,0
EOC2_PBMC_cell_CCTATTACAGCGTTCG,0,0,0
EOC2_PBMC_cell_ATTATCCAGATCCTGT,0,0,0
EOC2_PBMC_cell_TTAGGACTCAGAAATG,0,0,0
EOC2_PBMC_cell_CACACCTGTTTGCATG,0,0,0
EOC2_PBMC_cell_TCAGGATCATAGGATA,0,0,0
EOC2_PBMC_cell_TCGCGTTCATGTCTCC,0,0,0
EOC2_PBMC_cell_AAGGCAGGTTCCGTCT,0,0,0
EOC2_PBMC_cell_ATCACGAGTGTCAATC,0,0,0
EOC2_PBMC_cell_CACACAAAGCTGCAAG,0,0,0
EOC2_PBMC_cell_GATCGATAGATCACGG,0,0,0
EOC2_PBMC_cell_TGGGCGTCACCAGATT,0,0,0
EOC2_PBMC_cell_AGGGAGTGTAAATGTG,0,0,1
EOC2_PBMC_cell_ACAGCCGTCAAGCCTA,0,0,0
EOC2_PBMC_cell_TGCGCAGAGACATAAC,0,0,0
EOC2_PBMC_cell_GGAACTTGTAGCGATG,0,0,0
EOC2_PBMC_cell_AAAGTAGGTCGGATCC,0,0,0
EOC2_PBMC_cell_GGTATTGTCAAGAAGT,0,0,0
EOC2_PBMC_cell_AGACGTTGTATCAGTC,0,0,0
EOC2_PBMC_cell_CAGAGAGCATGACATC,0,0,0
EOC2_PBMC_cell_TTCTACACAGTGGAGT,0,0,0
EOC2_PBMC_cell_CGTAGGCCACATCCGG,0,0,0
EOC2_PBMC_cell_AACTCTTAGGGTTTCT,0,0,0
EOC2_PBMC_cell_TTCCCAGTCCAGATCA,0,0,0
EOC2_PBMC_cell_GGCTCGAGTAGCGCTC,0,0,0
EOC2_PBMC_cell_GATGAGGCATCCTTGC,0,0,0
EOC2_PBMC_cell_TGGTTCCAGTAATCCC,0,0,0
EOC2_PBMC_cell_GACTAACAGATGGGTC,0,0,0
EOC2_PBMC_cell_TAGCCGGTCTTACCTA,0,0,0
EOC2_PBMC_cell_AGTGTCACACATTCGA,0,0,0
EOC2_PBMC_cell_GAACCTACATCAGTAC,0,0,0
EOC2_PBMC_cell_CGTAGGCTCTAGCACA,0,0,0
EOC2_PBMC_cell_TGACAACGTTCTGGTA,0,0,0
EOC2_PBMC_cell_TAAGCGTAGATGAGAG,0,0,0
EOC2_PBMC_cell_ACATCAGAGAGTAAGG,0,0,0
EOC2_PBMC_cell_TGTGTTTGTTGATTCG,0,0,0
EOC2_PBMC_cell_TACTCATGTATAGGTA,0,0,0
EOC2_PBMC_cell_GCTTGAAGTCCAGTTA,0,0,0
EOC2_PBMC_cell_CTACACCTCTGCTGTC,0,0,0
EOC2_PBMC_cell_GGGTTGCCATGGTAGG,0,0,0
EOC2_PBMC_cell_GTGGGTCGTATGCTTG,0,0,0
EOC2_PBMC_cell_CGGACGTAGCAGATCG,0,0,0
EOC2_PBMC_cell_ATCTACTGTCTCCACT,0,0,0
EOC2_PBMC_cell_TTCTTAGGTCTCACCT,0,0,0
EOC2_PBMC_cell_GATCGTATCCGCAGTG,0,0,0
EOC2_PBMC_cell_GAATAAGCATGGTAGG,0,0,0
EOC2_PBMC_cell_GGGTCTGTCTTGTCAT,0,0,0
EOC2_PBMC_cell_TCTCTAAGTTGAACTC,0,0,0
EOC2_PBMC_cell_TTGTAGGCAGTTCCCT,0,0,0
EOC2_PBMC_cell_TGGGCGTCACGGCCAT,0,0,0
EOC2_PBMC_cell_GTCGGGTTCCTTTACA,0,0,0
EOC2_PBMC_cell_GTAACTGGTCTGGAGA,0,0,0
EOC2_PBMC_cell_GTAGGCCCACGGTTTA,0,0,0
EOC2_PBMC_cell_TGACTAGGTCATATCG,0,0,0
EOC2_PBMC_cell_CTCAGAACATCTACGA,0,0,0
EOC2_PBMC_cell_ATAACGCAGTTAAGTG,0,0,0
EOC2_PBMC_cell_CGAGCCAAGCACCGCT,0,0,0
EOC2_PBMC_cell_GCTTGAAGTCGCATAT,0,0,0
EOC2_PBMC_cell_CAAGGCCCACTGCCAG,0,0,0
EOC2_PBMC_cell_GAATAAGCATTGAGCT,0,0,0
EOC2_PBMC_cell_CATGGCGAGACTGTAA,0,0,0
EOC2_PBMC_cell_GAATGAATCTGTCAAG,0,0,0
EOC2_PBMC_cell_ATCGAGTAGATAGGAG,0,0,0
EOC2_PBMC_cell_TTTATGCTCCAACCAA,0,0,0
EOC2_PBMC_cell_GTGTTAGCATCCGTGG,0,0,0
EOC2_PBMC_cell_CTCGGGACACAACTGT,0,0,0
EOC2_PBMC_cell_TCTTCGGAGCTAGTGG,0,0,0
EOC2_PBMC_cell_TCAGATGGTATATCCG,0,0,0
EOC2_PBMC_cell_CTGCGGATCTCGCATC,0,0,0
EOC2_PBMC_cell_AAAGCAAGTGGCTCCA,0,0,0
EOC2_PBMC_cell_GGGAATGTCGCCGTGA,0,0,0
EOC2_PBMC_cell_GCTGCGATCCGAAGAG,0,0,0
EOC2_PBMC_cell_CTGCCTAAGGTGATAT,0,0,0
EOC2_PBMC_cell_CTCTACGTCTCTTGAT,0,0,0
EOC2_PBMC_cell_GGGAGATGTGCCTGTG,0,0,0
EOC2_PBMC_cell_ACGCCAGCAACCGCCA,0,0,0
EOC2_PBMC_cell_GCATGTAAGAAACCGC,0,0,0
EOC2_PBMC_cell_AAGGTTCTCACCCGAG,0,0,0
EOC2_PBMC_cell_CTCCTAGAGACAATAC,0,0,0
EOC2_PBMC_cell_GGGTCTGGTGTCGCTG,0,0,0
EOC2_PBMC_cell_CTCGTACAGAGTGAGA,0,0,0
EOC2_PBMC_cell_CATCCACAGTGTTGAA,0,0,0
EOC2_PBMC_cell_TAGAGCTAGGCTCTTA,0,0,0
EOC2_PBMC_cell_TGATTTCTCTGAAAGA,0,0,0
EOC2_PBMC_cell_TTCTCAAAGGGAAACA,0,0,0
EOC2_PBMC_cell_AGTCTTTCATCGGAAG,0,0,0
EOC2_PBMC_cell_ACACCGGCATCAGTCA,0,0,0
EOC2_PBMC_cell_ACCGTAAAGCCCTAAT,0,0,0
EOC2_PBMC_cell_CAACTAGTCCAAACAC,0,0,0
EOC2_PBMC_cell_TAGGCATTCGAATGGG,0,0,0
EOC2_PBMC_cell_TGAGCCGCAAACCTAC,0,0,0
EOC2_PBMC_cell_GAGGTGAGTCCGCTGA,0,0,0
EOC2_PBMC_cell_TTTGTCATCACGATGT,0,0,0
EOC2_PBMC_cell_TACACGAAGAACTGTA,0,0,0
EOC2_PBMC_cell_CTAACTTAGAGCTTCT,0,0,0
EOC2_PBMC_cell_CCTACACAGGTGCACA,0,0,0
EOC2_PBMC_cell_CTAGAGTTCTGTCTCG,0,0,0
EOC2_PBMC_cell_GCGCAACTCACGGTTA,0,0,0
EOC2_PBMC_cell_CTACGTCGTTGTACAC,0,0,0
EOC2_PBMC_cell_GCTGCAGAGACCTTTG,0,0,0
EOC2_PBMC_cell_CGAATGTCAAATACAG,0,0,0
EOC2_PBMC_cell_GTAGTCATCGTTTGCC,0,0,1
EOC2_PBMC_cell_GTGGGTCCATTTGCTT,0,0,0
EOC2_PBMC_cell_GATTCAGAGTACATGA,0,0,0
EOC2_PBMC_cell_TCTCATATCGAGCCCA,0,0,0
EOC2_PBMC_cell_ACTGCTCGTTGGGACA,0,0,0
EOC2_PBMC_cell_TCGCGTTCATGCCCGA,0,0,0
EOC2_PBMC_cell_TTAACTCTCCCTTGTG,0,0,0
EOC2_PBMC_cell_ACACTGATCTGAGGGA,0,0,0
EOC2_PBMC_cell_GAACATCAGTTCGATC,0,0,0
EOC2_PBMC_cell_GCAGTTACACATCTTT,0,0,0
EOC2_PBMC_cell_CGAACATTCCCATTTA,0,0,0
EOC2_PBMC_cell_AACGTTGGTCGACTAT,0,0,0
EOC2_PBMC_cell_CTTAACTCAGATCTGT,0,0,0
EOC2_PBMC_cell_CATTCGCGTGGCCCTA,0,0,0
EOC2_PBMC_cell_CTCATTAAGAGGTAGA,0,0,0
EOC2_PBMC_cell_CTGATCCTCGTCTGAA,0,0,0
EOC2_PBMC_cell_GATCGCGAGATGTCGG,0,0,0
EOC2_PBMC_cell_CTCTAATGTTCATGGT,0,0,0
EOC2_PBMC_cell_ACCTTTAAGACAGAGA,0,0,0
EOC2_PBMC_cell_GAACGGATCGTTTAGG,0,0,0
EOC2_PBMC_cell_TTGGAACCATGCCTTC,0,0,0
EOC2_PBMC_cell_TAAGTGCGTGAGGCTA,0,0,0
EOC2_PBMC_cell_GTCCTCACATTGGGCC,0,0,0
EOC2_PBMC_cell_GCTCCTAGTCCCGACA,0,0,0
EOC2_PBMC_cell_CATCGGGCATAGACTC,0,0,0
EOC2_PBMC_cell_ACACTGACAAGTAGTA,0,0,0
EOC2_PBMC_cell_CCTACCAAGAAGGTGA,0,0,0
EOC2_PBMC_cell_CGGGTCAAGTTGAGTA,0,0,0
EOC2_PBMC_cell_CGTCAGGGTCTCCACT,0,0,0
EOC2_PBMC_cell_CGGACGTCAGCCAATT,0,0,0
EOC2_PBMC_cell_ACCGTAAGTACCTACA,0,0,0
EOC2_PBMC_cell_TCTTTCCCAAACGTGG,0,0,0
EOC2_PBMC_cell_TGTTCCGGTCCGTCAG,0,0,0
EOC2_PBMC_cell_GGGCATCAGGCTAGCA,0,0,0
EOC2_PBMC_cell_AGCTCTCAGGGCATGT,0,0,0
EOC2_PBMC_cell_AGAGCTTTCAAAGTAG,0,0,0
EOC2_PBMC_cell_GATGCTAGTTCGAATC,0,0,0
EOC2_PBMC_cell_TGGCTGGTCTACTATC,0,0,1
EOC2_PBMC_cell_GGCCGATTCCTGCTTG,0,0,0
EOC2_PBMC_cell_CCGGGATAGCTATGCT,0,0,0
EOC2_PBMC_cell_AGGTCCGAGTAGGTGC,0,0,0
EOC2_PBMC_cell_CGACCTTAGACAAAGG,0,0,0
EOC2_PBMC_cell_CCATGTCTCTCTAGGA,0,0,0
EOC2_PBMC_cell_CGTGTCTAGAGAACAG,0,0,0
EOC2_PBMC_cell_GGTGTTAAGAATGTTG,0,0,0
EOC2_PBMC_cell_GTTCATTGTAAATGTG,0,0,0
EOC2_PBMC_cell_TGGCCAGGTCAATACC,0,0,0
EOC2_PBMC_cell_CACCAGGAGTGAATTG,0,0,0
EOC2_PBMC_cell_CTCGTCACACCGCTAG,0,0,0
EOC2_PBMC_cell_CTCGTACAGAATCTCC,0,0,0
EOC2_PBMC_cell_TTGAACGGTAGCCTCG,0,0,0
EOC2_PBMC_cell_CCGTGGATCGGACAAG,0,0,0
EOC2_PBMC_cell_TGAGGGATCTAACGGT,0,0,0
EOC2_PBMC_cell_GTGCAGCAGGCTATCT,0,0,0
EOC2_PBMC_cell_ACGAGGATCAAGGCTT,0,0,0
EOC2_PBMC_cell_TTCTACATCAGCACAT,0,0,0
EOC2_PBMC_cell_CTGTTTACAAATACAG,0,0,0
EOC2_PBMC_cell_GCGCCAAAGCCTTGAT,0,0,0
EOC2_PBMC_cell_GACTAACAGGGCTCTC,0,0,0
EOC2_PBMC_cell_GGATGTTAGCTAGTCT,0,0,0
EOC2_PBMC_cell_TGATTTCCACGCTTTC,0,0,0
EOC2_PBMC_cell_CTCTACGTCAGTTGAC,0,0,0
EOC2_PBMC_cell_AACTCTTGTAAACGCG,0,0,0
EOC2_PBMC_cell_GGATGTTAGAGAGCTC,0,0,0
EOC2_PBMC_cell_TCACGAAGTTCTGAAC,0,0,0
EOC2_PBMC_cell_AAGGAGCGTTCCACTC,0,0,0
EOC2_PBMC_cell_CAGCAGCTCCTACAGA,0,0,0
EOC2_PBMC_cell_GTAGTCACACGGTAGA,0,0,0
EOC2_PBMC_cell_TTTATGCAGATGGGTC,0,0,0
EOC2_PBMC_cell_CCTCAGTAGCTGTTCA,0,0,0
EOC2_PBMC_cell_GACGTTAAGCCAACAG,0,0,0
EOC2_PBMC_cell_CATGCCTCATCGACGC,0,0,0
EOC2_PBMC_cell_ATCATGGTCCGTCATC,0,0,0
EOC2_PBMC_cell_GATCTAGGTCCAACTA,0,0,0
EOC2_PBMC_cell_TCTTTCCAGCCAGTAG,0,0,0
EOC2_PBMC_cell_ACGATGTTCACGCATA,0,0,0
EOC2_PBMC_cell_TCGCGTTGTCAAGCGA,0,0,0
EOC2_PBMC_cell_TCACGAACACATCCGG,0,0,0
EOC2_PBMC_cell_TAGGCATAGCGTTTAC,0,0,0
EOC2_PBMC_cell_AGATTGCTCGTAGGAG,0,0,0
EOC2_PBMC_cell_AGCAGCCTCGACCAGC,0,0,0
EOC2_PBMC_cell_CGTGTAAGTTCCGTCT,0,0,0
EOC2_PBMC_cell_ACCCACTGTTAAAGAC,0,0,0
EOC2_PBMC_cell_GTAGGCCAGAATTGTG,0,0,0
EOC2_PBMC_cell_ATAGACCCACGAAAGC,0,0,0
EOC2_PBMC_cell_CGTGTCTGTCTCTTAT,0,0,0
EOC2_PBMC_cell_CTAACTTGTAGATTAG,0,0,0
EOC2_PBMC_cell_ACCAGTATCCAGGGCT,0,0,0
EOC2_PBMC_cell_TACTTGTCAAGTTCTG,0,0,0
EOC2_PBMC_cell_GTGTTAGCAAGGACTG,0,0,0
EOC2_PBMC_cell_CCATTCGTCCATGAGT,0,0,0
EOC2_PBMC_cell_GTCTCGTAGGCTAGCA,0,0,0
EOC2_PBMC_cell_TACGGTATCCTCCTAG,0,0,0
EOC2_PBMC_cell_CTACACCTCTCAAGTG,0,0,0
EOC2_PBMC_cell_CAGTAACCAATCCAAC,0,0,0
EOC2_PBMC_cell_CGTCACTTCGCACTCT,0,0,0
EOC2_PBMC_cell_TTGGAACCAAAGGTGC,0,0,0
EOC2_PBMC_cell_TAGGCATCATTGGTAC,0,0,0
EOC2_PBMC_cell_GAGGTGAAGATCCGAG,0,0,0
EOC2_PBMC_cell_AGCGGTCCACATGGGA,0,0,0
EOC2_PBMC_cell_AGGGTGACACATGTGT,0,0,0
EOC2_PBMC_cell_AGACGTTAGATGCCAG,0,0,0
EOC2_PBMC_cell_GTAGTCAAGGTGCAAC,0,0,0
EOC2_PBMC_cell_GACTGCGCATTCCTCG,0,0,0
EOC2_PBMC_cell_CTAACTTAGGGCACTA,0,0,0
EOC2_PBMC_cell_TCGAGGCCACGGACAA,0,0,0
EOC2_PBMC_cell_AGCAGCCTCTCCCTGA,0,0,0
EOC2_PBMC_cell_GGACAAGCAAGAGGCT,0,0,0
EOC2_PBMC_cell_ACTTACTCATGGGACA,0,0,0
EOC2_PBMC_cell_TGGCTGGCAATAACGA,0,0,0
EOC2_PBMC_cell_TCGGGACAGCAACGGT,0,0,0
EOC2_PBMC_cell_GCGCAACAGATACACA,0,0,0
EOC2_PBMC_cell_CCATTCGCACCGGAAA,0,0,0
EOC2_PBMC_cell_GGCTCGAGTCAATGTC,0,0,0
EOC2_PBMC_cell_GCAGTTACATCACCCT,0,0,0
EOC2_PBMC_cell_CTAGAGTTCCATTCTA,0,0,0
EOC2_PBMC_cell_GTAGTCAAGTAGTGCG,0,0,0
EOC2_PBMC_cell_GTACGTATCGGACAAG,0,0,0
EOC2_PBMC_cell_AGGGAGTTCACATACG,0,0,0
EOC2_PBMC_cell_ATTGGACGTCTAGCCG,0,0,0
EOC2_PBMC_cell_CTAGCCTCATCGACGC,0,0,0
EOC2_PBMC_cell_CCAGCGATCTGCTGTC,0,0,0
EOC2_PBMC_cell_TGACTAGGTACGCACC,0,0,0
EOC2_PBMC_cell_CGGACACAGGCTAGGT,0,0,0
EOC2_PBMC_cell_CGCTATCAGATATGGT,0,0,0
EOC2_PBMC_cell_ACACCGGGTCACACGC,0,0,0
EOC2_PBMC_cell_CTTAGGAAGGGCTTCC,0,0,0
EOC2_PBMC_cell_GCACATATCAGTCCCT,0,0,0
EOC2_PBMC_cell_CCACCTACACATTCGA,0,0,0
EOC2_PBMC_cell_TGGCGCAAGAGTACAT,0,0,0
EOC2_PBMC_cell_TATGCCCTCTTCGAGA,0,0,0
EOC2_PBMC_cell_AAGACCTCATACAGCT,0,0,0
EOC2_PBMC_cell_ACCTTTATCCAGAGGA,0,0,0
EOC2_PBMC_cell_TGGCCAGCACAGGTTT,0,0,0
EOC2_PBMC_cell_TTCGGTCTCACGCATA,0,0,0
EOC2_PBMC_cell_ACGGAGAAGCCCAATT,0,0,0
EOC2_PBMC_cell_TGCCCATCAATCCAAC,0,0,0
EOC2_PBMC_cell_CATTCGCGTTGGGACA,0,0,0
EOC2_PBMC_cell_GCATACAGTTTCGCTC,0,0,0
EOC2_PBMC_cell_TACTCATCAAGCCGCT,0,0,0
EOC2_PBMC_cell_ACGCCGAAGTCTTGCA,0,0,0
EOC2_PBMC_cell_CGAGCCATCTGATACG,0,0,0
EOC2_PBMC_cell_CGATGTACATAGTAAG,0,0,0
EOC2_PBMC_cell_GCGCGATAGACCACGA,0,0,1
EOC2_PBMC_cell_TAGAGCTCAGACAAAT,0,0,0
EOC2_PBMC_cell_AGTTGGTCAGGTCCAC,0,0,0
EOC2_PBMC_cell_AGCTCTCCAACTTGAC,0,0,0
EOC2_PBMC_cell_ACGCCAGAGCACCGTC,0,0,0
EOC2_PBMC_cell_CAGCAGCAGATACACA,0,0,0
EOC2_PBMC_cell_GACCTGGCAGCTGTGC,0,0,0
EOC2_PBMC_cell_CACAAACAGCGTTTAC,0,0,0
EOC2_PBMC_cell_ACGGGCTAGTCAAGCG,0,0,0
EOC2_PBMC_cell_TCTTTCCAGCACGCCT,0,0,0
EOC2_PBMC_cell_TCCACACCATGCAATC,0,0,0
EOC2_PBMC_cell_TGGTTCCTCGCCTGTT,0,0,0
EOC2_PBMC_cell_GCTGCAGGTTAGGGTG,0,0,0
EOC2_PBMC_cell_ACTGAGTGTAGAAGGA,0,0,0
EOC2_PBMC_cell_GAAGCAGAGGGCTCTC,0,0,0
EOC2_PBMC_cell_AACCATGAGAAGGACA,0,0,0
EOC2_PBMC_cell_ACGGAGACAGATGGGT,0,0,0
EOC2_PBMC_cell_AGTGGGACATGACGGA,0,0,0
EOC2_PBMC_cell_CCTATTACAATCAGAA,0,0,0
EOC2_PBMC_cell_CGAACATTCAAGGCTT,0,0,0
EOC2_PBMC_cell_CATGGCGCAGCTCGCA,0,0,0
EOC2_PBMC_cell_TACTCGCTCATTCACT,0,0,0
EOC2_PBMC_cell_AAACCTGTCCTCCTAG,0,0,0
EOC2_PBMC_cell_CGTCTACTCCAAACAC,0,0,0
EOC2_PBMC_cell_CGGAGCTGTTTGTTTC,0,0,0
EOC2_PBMC_cell_CGAACATTCACGCATA,0,0,0
EOC2_PBMC_cell_TTTACTGAGCCTATGT,0,0,0
EOC2_PBMC_cell_ATTGGTGCACGCGAAA,0,0,0
EOC2_PBMC_cell_TGGTTAGTCAAGCCTA,0,0,0
EOC2_PBMC_cell_GGCTGGTTCATGTCCC,0,0,0
EOC2_PBMC_cell_GACACGCTCTTGACGA,0,0,0
EOC2_PBMC_cell_CGATGTAGTATAGGTA,0,0,0
EOC2_PBMC_cell_GACTAACAGCTTTGGT,0,0,0
EOC2_PBMC_cell_CTCAGAATCGATAGAA,0,0,0
EOC2_PBMC_cell_CGAGCACTCTGTTGAG,0,0,0
EOC2_PBMC_cell_TCAGGTATCTTTAGTC,0,0,0
EOC2_PBMC_cell_AAACCTGGTGTGCCTG,0,0,0
EOC2_PBMC_cell_CGAGAAGGTCGACTGC,0,0,0
EOC2_PBMC_cell_ACCCACTAGTAACCCT,0,0,0
EOC2_PBMC_cell_TGGCTGGAGGGAGTAA,0,0,0
EOC2_PBMC_cell_CCACCTAAGAGACGAA,0,0,0
EOC2_PBMC_cell_CGCCAAGTCACAATGC,0,0,0
EOC2_PBMC_cell_ATCACGAGTGCAGTAG,0,0,0
EOC2_PBMC_cell_CTCCTAGCACAGCCCA,0,0,0
EOC2_PBMC_cell_AACACGTGTTCCACAA,0,0,0
EOC2_PBMC_cell_GAACCTACACGTTGGC,0,0,0
EOC2_PBMC_cell_AGCAGCCCAACGATCT,0,0,0
EOC2_PBMC_cell_AGCAGCCAGCAGCCTC,0,0,0
EOC2_PBMC_cell_CCCAATCGTTTCCACC,0,0,0
EOC2_PBMC_cell_ACAGCTAAGAATCTCC,0,0,0
EOC2_PBMC_cell_TGCGGGTGTACCGCTG,0,0,0
EOC2_PBMC_cell_GGGTTGCAGAGCTGCA,0,0,0
EOC2_PBMC_cell_GGGCATCCATTAGGCT,0,0,0
EOC2_PBMC_cell_CACCACTTCGGCTTGG,0,0,0
EOC2_PBMC_cell_AGTAGTCCATACCATG,0,0,0
EOC2_PBMC_cell_GATGAGGTCACATAGC,0,0,0
EOC2_PBMC_cell_TTGACTTAGTCATCCA,0,0,0
EOC2_PBMC_cell_AAAGCAATCTCTAAGG,0,0,0
EOC2_PBMC_cell_ACGCCGAGTGGTACAG,0,0,0
EOC2_PBMC_cell_ATGGGAGGTAGATTAG,0,0,0
EOC2_PBMC_cell_GCGCAGTGTCTCCACT,0,0,0
EOC2_PBMC_cell_AGCTTGAAGACAAAGG,0,0,1
EOC2_PBMC_cell_CAGCTAATCGTACGGC,0,0,0
EOC2_PBMC_cell_ATCTGCCGTTGACGTT,0,0,0
EOC2_PBMC_cell_CAACTAGGTGCTGTAT,0,0,0
EOC2_PBMC_cell_GGCGACTCAATCCGAT,0,0,0
EOC2_PBMC_cell_CGCGGTAAGGCAATTA,0,0,0
EOC2_PBMC_cell_GAACGGAGTGCCTTGG,0,0,0
EOC2_PBMC_cell_TAGAGCTAGCTACCGC,0,0,0
EOC2_PBMC_cell_GTCCTCAGTGATGTGG,0,0,0
EOC2_PBMC_cell_ACTTACTCACCTTGTC,0,0,0
EOC2_PBMC_cell_AGTGAGGTCTTCGGTC,0,0,0
EOC2_PBMC_cell_CACTCCACACGACGAA,0,0,0
EOC2_PBMC_cell_ACCGTAAGTACCGAGA,0,0,0
EOC2_PBMC_cell_GACACGCCATGCGCAC,0,0,0
EOC2_PBMC_cell_CTACGTCGTTGGAGGT,0,0,0
EOC2_PBMC_cell_TACTTACTCAGCGATT,0,0,0
EOC2_PBMC_cell_CACTCCAAGAACAATC,0,0,0
EOC2_PBMC_cell_TTCGAAGCAAATTGCC,0,0,0
EOC2_PBMC_cell_TGCTGCTGTCTCTTTA,0,0,0
EOC2_PBMC_cell_CGTGTAATCGAGGTAG,0,0,0
EOC2_PBMC_cell_ACAGCCGCATCGGAAG,0,0,0
EOC2_PBMC_cell_TCTTCGGGTCACTTCC,0,0,0
EOC2_PBMC_cell_AAGCCGCAGGCATGTG,0,0,0
EOC2_PBMC_cell_GTGTGCGGTTCTGGTA,0,0,0
EOC2_PBMC_cell_AGAATAGTCAGAGGTG,0,0,0
EOC2_PBMC_cell_GATGAAAGTCCAAGTT,0,0,0
EOC2_PBMC_cell_CAAGATCAGGGCATGT,0,0,0
EOC2_PBMC_cell_CGTCACTTCGTTGACA,0,0,0
EOC2_PBMC_cell_ACCAGTATCTTCTGGC,0,0,0
EOC2_PBMC_cell_CTGCCTAGTGAGCGAT,0,0,0
EOC2_PBMC_cell_TGAAAGAAGGTGATAT,0,0,0
EOC2_PBMC_cell_TTCCCAGCAGATCCAT,0,0,0
EOC2_PBMC_cell_CATCGAACATTGGCGC,0,0,0
EOC2_PBMC_cell_CTGGTCTTCTTTAGTC,0,0,0
EOC2_PBMC_cell_CATCGAACAATAGCGG,0,0,0
EOC2_PBMC_cell_CGCTGGAAGAAGGGTA,0,0,0
EOC2_PBMC_cell_GAATGAACAGGATTGG,0,0,0
EOC2_PBMC_cell_GTGCTTCCACTACAGT,0,0,0
EOC2_PBMC_cell_TGCCCTACATGTAGTC,0,0,0
EOC2_PBMC_cell_GCCAAATCATGTCCTC,0,0,0
EOC2_PBMC_cell_GCGCGATGTGAACCTT,0,0,0
EOC2_PBMC_cell_TAGGCATAGCTTTGGT,0,0,0
EOC2_PBMC_cell_GTATCTTCACGAAACG,0,0,0
EOC2_PBMC_cell_GGGACCTGTGATAAGT,0,0,0
EOC2_PBMC_cell_CAGATCACACAGACTT,0,0,0
EOC2_PBMC_cell_TCTCTAATCTCGTTTA,0,0,0
EOC2_PBMC_cell_CTCCTAGTCAACTCTT,0,0,0
EOC2_PBMC_cell_TTTGTCATCCTGCCAT,0,0,0
EOC2_PBMC_cell_CTGAAACCATGTAGTC,0,0,0
EOC2_PBMC_cell_AGGGATGAGCGATAGC,0,0,0
EOC2_PBMC_cell_AGGGATGAGGATGTAT,0,0,0
EOC2_PBMC_cell_GGAGCAATCACCACCT,0,0,0
EOC2_PBMC_cell_CGGACGTAGTCCATAC,0,0,0
EOC2_PBMC_cell_CTTACCGGTTACGGAG,0,0,0
EOC2_PBMC_cell_CACCACTCACCACGTG,0,0,0
EOC2_PBMC_cell_CCCAGTTTCTGTTGAG,0,0,0
EOC2_PBMC_cell_CATGGCGAGAGCCCAA,0,0,0
EOC2_PBMC_cell_TTAGTTCAGATGCCTT,0,0,0
EOC2_PBMC_cell_GTAACTGTCCTAGAAC,0,0,0
EOC2_PBMC_cell_TACAGTGTCCTCTAGC,0,0,0
EOC2_PBMC_cell_AGCAGCCCAGAGTGTG,0,0,0
EOC2_PBMC_cell_CAACTAGTCGGCGCTA,0,0,0
EOC2_PBMC_cell_GTGCGGTTCGAGGTAG,0,0,0
EOC2_PBMC_cell_CTAGCCTGTTATCCGA,0,0,0
EOC2_PBMC_cell_TATGCCCAGCTCTCGG,0,0,0
EOC2_PBMC_cell_TTCTTAGCACGGTGTC,0,0,0
EOC2_PBMC_cell_CCACGGACAAGCTGAG,0,0,0
EOC2_PBMC_cell_CACCAGGCACAACTGT,0,0,0
EOC2_PBMC_cell_TTAGTTCGTAGCGCTC,0,0,0
EOC2_PBMC_cell_CAGCAGCAGTGGGATC,0,0,0
EOC2_PBMC_cell_ATCCGAACAATAACGA,0,0,0
EOC2_PBMC_cell_AGAGCGAAGTGGCACA,0,0,0
EOC2_PBMC_cell_GCACTCTTCACATAGC,0,0,0
EOC2_PBMC_cell_CTAAGACCACGTGAGA,0,0,0
EOC2_PBMC_cell_ACCTTTAGTCCAGTAT,0,0,0
EOC2_PBMC_cell_TGTGGTAAGACAGGCT,0,0,0
EOC2_PBMC_cell_GGATTACAGCAACGGT,0,0,0
EOC2_PBMC_cell_GGCTCGACATTACGAC,0,0,0
EOC2_PBMC_cell_TGAGAGGGTTCCTCCA,0,0,0
EOC2_PBMC_cell_GCAATCAAGCACCGCT,0,0,0
EOC2_PBMC_cell_GGTGTTAAGCAGGCTA,0,0,0
EOC2_PBMC_cell_CATTCGCCAGTATCTG,0,0,0
EOC2_PBMC_cell_TTGACTTGTTCCAACA,0,0,0
EOC2_PBMC_cell_GTCAAGTTCCTTGACC,0,0,0
EOC2_PBMC_cell_TACTTACAGCGATAGC,0,0,0
EOC2_PBMC_cell_AGAGCGAGTTTGCATG,0,0,0
EOC2_PBMC_cell_CCATTCGTCCGCTGTT,0,0,0
EOC2_PBMC_cell_GGGTCTGCATTGAGCT,0,0,0
EOC2_PBMC_cell_GCTTCCAAGATGTAAC,0,0,0
EOC2_PBMC_cell_GAATGAATCCGTTGTC,0,0,0
EOC2_PBMC_cell_CATGACAAGTGAAGAG,0,0,0
EOC2_PBMC_cell_GTATTCTGTACCGTTA,0,0,0
EOC2_PBMC_cell_TCGCGTTCAAGGTGTG,0,0,0
EOC2_PBMC_cell_GGACAGATCACAAACC,0,0,0
EOC2_PBMC_cell_AATCGGTAGATATGCA,0,0,0
EOC2_PBMC_cell_CTGCGGAAGTGCTGCC,0,0,0
EOC2_PBMC_cell_TAAGAGATCAGGCGAA,0,0,0
EOC2_PBMC_cell_TCAATCTGTCAATACC,0,0,0
EOC2_PBMC_cell_TCGGGACGTTAAGATG,0,0,0
EOC2_PBMC_cell_CAGCAGCGTGCAACTT,0,0,0
EOC2_PBMC_cell_GACGTGCAGTCTCGGC,0,0,0
EOC2_PBMC_cell_GTTCGGGCACTAAGTC,0,0,0
EOC2_PBMC_cell_CGATTGATCATTTGGG,0,0,0
EOC2_PBMC_cell_GCGCAACAGATTACCC,0,0,0
EOC2_PBMC_cell_ATCTGCCTCACATACG,0,0,0
EOC2_PBMC_cell_TGGCTGGTCGATAGAA,0,0,0
EOC2_PBMC_cell_GGGAGATTCTATCCCG,0,0,0
EOC2_PBMC_cell_GTCATTTGTAAGTGGC,0,0,0
EOC2_PBMC_cell_TACAGTGAGCGTTGCC,0,0,0
EOC2_PBMC_cell_GCTTGAAAGGAGTTGC,0,0,0
EOC2_PBMC_cell_TAAGCGTAGTGCCATT,0,0,0
EOC2_PBMC_cell_TGAGGGACAGGTCGTC,0,0,0
EOC2_PBMC_cell_AACGTTGCAATAACGA,0,0,0
EOC2_PBMC_cell_AGACGTTGTAAGTGTA,0,0,0
EOC2_PBMC_cell_ATGTGTGCAGGGTACA,0,0,1
EOC2_PBMC_cell_CTGTTTACATATGAGA,0,0,0
EOC2_PBMC_cell_TCTCTAAGTACCGTTA,0,0,0
EOC2_PBMC_cell_CGGCTAGCAGACTCGC,0,0,0
EOC2_PBMC_cell_TACCTTAAGACCTAGG,0,0,0
EOC2_PBMC_cell_GTCACAAAGATGCCAG,0,0,0
EOC2_PBMC_cell_CACAGGCTCAAGGCTT,0,0,0
EOC2_PBMC_cell_TTTACTGTCCGTTGTC,0,0,0
EOC2_PBMC_cell_GGCTCGACACCCATTC,0,0,0
EOC2_PBMC_cell_CAGCTGGCAATGAATG,0,0,0
EOC2_PBMC_cell_CGCGGTATCTGCTTGC,0,0,0
EOC2_PBMC_cell_ATCCACCAGGCATGTG,0,0,0
EOC2_PBMC_cell_GACACGCCATTCCTGC,0,0,0
EOC2_PBMC_cell_AGAGTGGCACAGGTTT,0,0,0
EOC2_PBMC_cell_TTTCCTCCACCAGATT,0,0,0
EOC2_PBMC_cell_TTGCCGTAGAAGATTC,0,0,0
EOC2_PBMC_cell_CAAGGCCAGAAGGTGA,0,0,0
EOC2_PBMC_cell_CATCAGAGTAGCGTAG,0,0,0
EOC2_PBMC_cell_CTCTACGCATCCCACT,0,0,0
EOC2_PBMC_cell_CGTCCATAGATGGGTC,0,0,0
EOC2_PBMC_cell_GCCAAATCAATGTTGC,0,0,0
EOC2_PBMC_cell_TAAGAGAGTATCACCA,0,0,0
EOC2_PBMC_cell_TCCCGATTCTGTCAAG,0,0,0
EOC2_PBMC_cell_AACTTTCGTCGGGTCT,0,0,0
EOC2_PBMC_cell_GTTCATTTCCAAATGC,0,0,1
EOC2_PBMC_cell_ACCCACTAGTTCGCGC,0,0,0
EOC2_PBMC_cell_CGTTCTGAGCGCCTCA,0,0,0
EOC2_PBMC_cell_GTCGTAAAGCTGCCCA,0,0,0
EOC2_PBMC_cell_GACCTGGTCTAAGCCA,0,0,0
EOC2_PBMC_cell_GACGGCTGTACCGTTA,0,0,0
EOC2_PBMC_cell_TAGACCACACATGGGA,0,0,0
EOC2_PBMC_cell_CCTAAAGGTGCAGTAG,0,0,0
EOC2_PBMC_cell_GACCTGGAGGGCACTA,0,0,0
EOC2_PBMC_cell_CCATGTCGTCGGCACT,0,0,0
EOC2_PBMC_cell_GTGGGTCAGCTCCTCT,0,0,0
EOC2_PBMC_cell_CGTTAGACAGCCTTTC,0,0,0
EOC2_PBMC_cell_AAGGCAGAGTGGCACA,0,0,0
EOC2_PBMC_cell_TCGGGACAGCATCATC,0,0,0
EOC2_PBMC_cell_CGACTTCGTTCGGGCT,0,0,0
EOC2_PBMC_cell_ACTATCTAGAAACCGC,0,0,0
EOC2_PBMC_cell_TAGACCAGTTCCTCCA,0,0,0
EOC2_PBMC_cell_CCCAGTTTCCAAGCCG,0,0,0
EOC2_PBMC_cell_CTCGAGGAGTACGTAA,0,0,0
EOC2_PBMC_cell_GACGTGCGTCTAGAGG,0,0,0
EOC2_PBMC_cell_CGTTCTGCAGAGTGTG,0,0,0
EOC2_PBMC_cell_AGCTCCTCAGGGTACA,0,0,0
EOC2_PBMC_cell_GCTGCGATCCACGAAT,0,0,0
EOC2_PBMC_cell_CGCGGTAGTCCTGCTT,0,0,0
EOC2_PBMC_cell_GGGATGATCTAACCGA,0,0,0
EOC2_PBMC_cell_TATCAGGCATTGCGGC,0,0,0
EOC2_PBMC_cell_GACCTGGTCTGGCGAC,0,0,0
EOC2_PBMC_cell_GAGGTGACACGTAAGG,0,0,0
EOC2_PBMC_cell_ATGAGGGCACTGTGTA,0,0,0
EOC2_PBMC_cell_CGGACTGGTCTTGTCC,0,0,0
EOC2_PBMC_cell_CTCTAATAGAGCTGCA,0,0,0
EOC2_PBMC_cell_CCACTACAGCACCGTC,0,0,0
EOC2_PBMC_cell_CACACTCCAAGTAGTA,0,0,0
EOC2_PBMC_cell_TGTATTCGTATATGAG,0,0,0
EOC2_PBMC_cell_CTGCTGTCAAGTAATG,0,0,0
EOC2_PBMC_cell_CCTCAGTTCATGGTCA,0,0,0
EOC2_PBMC_cell_CTAGCCTGTTGGACCC,0,0,0
EOC2_PBMC_cell_GCGCAGTTCTAACCGA,0,0,0
EOC2_PBMC_cell_CTCGAGGTCCGAACGC,0,0,0
EOC2_PBMC_cell_GAAGCAGAGCTAGGCA,0,0,0
EOC2_PBMC_cell_TACAGTGAGCCCTAAT,0,0,0
EOC2_PBMC_cell_ATAACGCTCTCGCATC,0,0,0
EOC2_PBMC_cell_GGTGAAGTCAACACAC,0,0,0
EOC2_PBMC_cell_TACTCGCCAAGGCTCC,0,0,0
EOC2_PBMC_cell_ATCCACCTCGTAGGAG,0,0,0
EOC2_PBMC_cell_CTTAACTTCAGGTAAA,0,0,0
EOC2_PBMC_cell_CTCGAAACACCGGAAA,0,0,0
EOC2_PBMC_cell_TGTATTCCACCATCCT,0,0,0
EOC2_PBMC_cell_GAGCAGATCGACGGAA,0,0,0
EOC2_PBMC_cell_GACTACACACTCTGTC,0,0,0
EOC2_PBMC_cell_ACTGCTCCAGACAGGT,0,0,0
EOC2_PBMC_cell_TAGACCACACGAGGTA,0,0,0
EOC2_PBMC_cell_ATCGAGTGTATAATGG,0,0,0
EOC2_PBMC_cell_CTTCTCTCAAAGCAAT,0,0,0
EOC2_PBMC_cell_GCAATCAGTATATCCG,0,0,0
EOC2_PBMC_cell_GTCACGGGTCACCTAA,0,0,0
EOC2_PBMC_cell_TCTGAGATCATGTAGC,0,0,0
EOC2_PBMC_cell_CGTCACTAGACAATAC,0,0,0
EOC2_PBMC_cell_ATCGAGTCATCCTAGA,0,0,0
EOC2_PBMC_cell_TGCTACCGTTCTCATT,0,0,0
EOC2_PBMC_cell_TACTCGCTCATATCGG,0,0,0
EOC2_PBMC_cell_TACTCATTCTCTTGAT,0,0,0
EOC2_PBMC_cell_GCGACCACAATGCCAT,0,0,0
EOC2_PBMC_cell_CATCGGGAGCGTCTAT,0,0,0
EOC2_PBMC_cell_TATCAGGGTGATGTCT,0,0,0
EOC2_PBMC_cell_TCGCGAGAGAGCTTCT,0,0,0
EOC2_PBMC_cell_TGGCCAGGTTGCGCAC,0,0,0
EOC2_PBMC_cell_CATATTCTCCCACTTG,0,0,0
EOC2_PBMC_cell_AGCAGCCAGTGTACTC,0,0,0
EOC2_PBMC_cell_TCTCTAACACCGTTGG,0,0,0
EOC2_PBMC_cell_CTGTGCTGTCTGCGGT,0,0,0
EOC2_PBMC_cell_GTCTCGTAGCCCGAAA,0,0,0
EOC2_PBMC_cell_CAGTCCTAGCAGGCTA,0,0,0
EOC2_PBMC_cell_GTCGGGTAGCGAAGGG,0,0,0
EOC2_PBMC_cell_ATTATCCGTCTGCCAG,0,0,0
EOC2_PBMC_cell_ACCAGTAGTATATCCG,0,0,0
EOC2_PBMC_cell_GTGCATAGTTATCACG,0,0,0
EOC2_PBMC_cell_GTTCATTCAGCCAGAA,0,0,0
EOC2_PBMC_cell_TCACGAACAGATGGGT,0,0,0
EOC2_PBMC_cell_GGACGTCCAAACTGCT,0,0,0
EOC2_PBMC_cell_CCATTCGCAGTAAGAT,0,0,0
EOC2_PBMC_cell_GACACGCCATTGGGCC,0,0,0
EOC2_PBMC_cell_ATTCTACTCTACCTGC,0,0,0
EOC2_PBMC_cell_CCACGGACAAACTGTC,0,0,0
EOC2_PBMC_cell_TTAACTCAGGGCATGT,0,0,0
EOC2_PBMC_cell_TTATGCTTCGAGCCCA,0,0,0
EOC2_PBMC_cell_CTCACACAGGTAGCCA,0,0,0
EOC2_PBMC_cell_ATTACTCAGCAATATG,0,0,0
EOC2_PBMC_cell_AACGTTGCAAGTCTAC,0,0,0
EOC2_PBMC_cell_TACGGATTCATGCAAC,0,0,0
EOC2_PBMC_cell_GTCCTCACACGCCAGT,0,0,0
EOC2_PBMC_cell_ACATCAGCACTTAAGC,0,0,1
EOC2_PBMC_cell_GCTCTGTAGTCAATAG,0,0,0
EOC2_PBMC_cell_GGGACCTAGCTGCAAG,0,0,0
EOC2_PBMC_cell_CAGTAACTCCATGAGT,0,0,0
EOC2_PBMC_cell_GCGCAGTGTAAGCACG,0,0,0
EOC2_PBMC_cell_TCACGAAGTTAGGGTG,0,0,0
EOC2_PBMC_cell_AACCATGCAGTCGTGC,0,0,0
EOC2_PBMC_cell_TAGACCATCAGCACAT,0,0,0
EOC2_PBMC_cell_GCTTGAATCATTCACT,0,0,0
EOC2_PBMC_cell_AGGTCCGTCATCGCTC,0,0,0
EOC2_PBMC_cell_CGACTTCAGCTACCGC,0,0,0
EOC2_PBMC_cell_GATTCAGCAGGATCGA,0,0,0
EOC2_PBMC_cell_GTCATTTCATTAGGCT,0,0,0
EOC2_PBMC_cell_CTCAGAAAGACGCAAC,0,0,0
EOC2_PBMC_cell_CTCGAAATCATTTGGG,0,0,0
EOC2_PBMC_cell_TCAATCTTCCAGTAGT,0,0,0
EOC2_PBMC_cell_CGCTGGACACAGATTC,0,0,0
EOC2_PBMC_cell_GAATAAGAGTGTCCAT,0,0,0
EOC2_PBMC_cell_TCTGGAAGTTCCGTCT,0,0,0
EOC2_PBMC_cell_CACAGTAGTTTGACAC,0,0,0
EOC2_PBMC_cell_CTCAGAAAGCGATCCC,0,0,0
EOC2_PBMC_cell_GAACGGATCGGGAGTA,0,0,0
EOC2_PBMC_cell_TCATTTGAGGAGCGAG,0,0,0
EOC2_PBMC_cell_CGCCAAGCAGACGCCT,0,0,0
EOC2_PBMC_cell_CTCGGGACAAGTCTGT,0,0,0
EOC2_PBMC_cell_CTCGAAAAGCAGATCG,0,0,0
EOC2_PBMC_cell_TGACGGCAGTGTTTGC,0,0,0
EOC2_PBMC_cell_CATCAGACAGATGGGT,0,0,0
EOC2_PBMC_cell_GACGTTACACTGTTAG,0,0,0
EOC2_PBMC_cell_AGCGTCGCAGATGAGC,0,0,0
EOC2_PBMC_cell_TGTGGTAGTTCCACAA,0,0,0
EOC2_PBMC_cell_AGAGTGGTCACCCGAG,0,0,0
EOC2_PBMC_cell_CATTATCCATTGGTAC,0,0,0
EOC2_PBMC_cell_CGATCGGTCATCGATG,0,0,0
EOC2_PBMC_cell_CAGAGAGGTCGCCATG,0,0,0
EOC2_PBMC_cell_GTGCAGCTCTGGTATG,0,0,0
EOC2_PBMC_cell_CGAACATTCATCGATG,0,0,0
EOC2_PBMC_cell_GGGATGATCACTGGGC,0,0,0
EOC2_PBMC_cell_CGTGAGCTCATTTGGG,0,0,0
EOC2_PBMC_cell_CGAGCCAGTCGAAAGC,0,0,0
EOC2_PBMC_cell_GCTGCTTGTAGCCTAT,0,0,0
EOC2_PBMC_cell_TTAGTTCAGTTCGCGC,0,0,0
EOC2_PBMC_cell_GTACTTTAGCTTATCG,0,0,0
EOC2_PBMC_cell_CACACAATCTATCCTA,0,0,0
EOC2_PBMC_cell_CACACTCTCTCTTATG,0,0,0
EOC2_PBMC_cell_CGCTGGAGTTACTGAC,0,0,0
EOC2_PBMC_cell_AGAGCTTCAGGTGGAT,0,0,0
EOC2_PBMC_cell_TGTTCCGGTGTCGCTG,0,0,0
EOC2_PBMC_cell_CTGGTCTGTCCGACGT,0,0,0
EOC2_PBMC_cell_AAGGTTCCATCGTCGG,0,0,0
EOC2_PBMC_cell_GCAATCAGTGTCTGAT,0,0,0
EOC2_PBMC_cell_GTCACGGAGCAATCTC,0,0,0
EOC2_PBMC_cell_AGGTCATGTACAGTGG,0,0,0
EOC2_PBMC_cell_TGCCCATGTCTCCCTA,0,0,0
EOC2_PBMC_cell_TTAACTCAGCTAAGAT,0,0,0
EOC2_PBMC_cell_TTCGGTCCAACAACCT,0,0,0
EOC2_PBMC_cell_CGAGCACGTACGACCC,0,0,0
EOC2_PBMC_cell_CAGCAGCCAACACCCG,0,0,0
EOC2_PBMC_cell_CATTATCGTACATGTC,0,0,0
EOC2_PBMC_cell_CTAACTTGTACGCACC,0,0,0
EOC2_PBMC_cell_GATCTAGCACCATGTA,0,0,1
EOC2_PBMC_cell_GTCACGGAGTTAGCGG,0,0,0
EOC2_PBMC_cell_AAGGCAGCAGCTCCGA,0,0,0
EOC2_PBMC_cell_CTCGAGGGTGGCTCCA,0,0,0
EOC2_PBMC_cell_CGTTAGAAGCTGGAAC,0,0,0
EOC2_PBMC_cell_CTCGAGGAGAACAATC,0,0,0
EOC2_PBMC_cell_CGTTAGAGTCCGTGAC,0,0,0
EOC2_PBMC_cell_TTTGCGCCAGCCAATT,0,0,0
EOC2_PBMC_cell_AGAATAGGTTCGAATC,0,0,0
EOC2_PBMC_cell_TCTATTGCACCAACCG,0,0,0
EOC2_PBMC_cell_TACTTACGTAGCCTCG,0,0,0
EOC2_PBMC_cell_CTGAAGTAGTGGACGT,0,0,0
EOC2_PBMC_cell_ACGTCAACATGGTCTA,0,0,0
EOC2_PBMC_cell_CGATCGGGTTCTGTTT,0,0,0
EOC2_PBMC_cell_GTGCAGCGTTAGATGA,0,0,0
EOC2_PBMC_cell_CACACTCAGGACATTA,0,0,0
EOC2_PBMC_cell_GCGCCAAAGCTCCTTC,0,0,0
EOC2_PBMC_cell_GATGAGGTCCCACTTG,0,0,0
EOC2_PBMC_cell_GTGAAGGAGAGGGCTT,0,0,0
EOC2_PBMC_cell_ATTATCCTCGGCGGTT,0,0,0
EOC2_PBMC_cell_GGACAAGAGTTCGCGC,0,0,0
EOC2_PBMC_cell_TGTTCCGGTTACGCGC,0,0,0
EOC2_PBMC_cell_CAAGATCGTCTAGTGT,0,0,0
EOC2_PBMC_cell_GACGGCTGTAAGAGAG,0,0,0
EOC2_PBMC_cell_ATCGAGTAGGCCATAG,0,0,0
EOC2_PBMC_cell_CCTTCCCCATGACGGA,0,0,0
EOC2_PBMC_cell_GGAAAGCAGTCTCAAC,0,0,0
EOC2_PBMC_cell_GGGAGATCAAGGACAC,0,0,0
EOC2_PBMC_cell_CGCGTTTAGGGTATCG,0,0,0
EOC2_PBMC_cell_GCAGTTAGTATCTGCA,0,0,0
EOC2_PBMC_cell_GACGCGTTCGGCGGTT,0,0,0
EOC2_PBMC_cell_CCGTACTAGTGGAGAA,0,0,0
EOC2_PBMC_cell_AGTCTTTAGTGCGATG,0,0,0
EOC2_PBMC_cell_GCGCCAATCTAGAGTC,0,0,0
EOC2_PBMC_cell_GTCGTAATCTCGTATT,0,0,0
EOC2_PBMC_cell_GCTGCGAGTAGATTAG,0,0,0
EOC2_PBMC_cell_AACTCCCAGTACATGA,0,0,0
EOC2_PBMC_cell_GTGCAGCAGCTAACAA,0,0,0
EOC2_PBMC_cell_CAGAATCGTAGCGTAG,0,0,0
EOC2_PBMC_cell_ACGTCAATCACGATGT,0,0,0
EOC2_PBMC_cell_CCACGGAGTCTCAACA,0,0,0
EOC2_PBMC_cell_CGAGAAGTCGTTGCCT,0,0,0
EOC2_PBMC_cell_TCAGATGGTGCAACGA,0,0,0
EOC2_PBMC_cell_TGCTACCCAGTGAGTG,0,0,0
EOC2_PBMC_cell_TCAGATGCAAGCCGTC,0,0,0
EOC2_PBMC_cell_ACGCCGAAGAGTCGGT,0,0,0
EOC2_PBMC_cell_CACTCCAGTCGAATCT,0,0,0
EOC2_PBMC_cell_ACTGTCCAGAGTAATC,0,0,0
EOC2_PBMC_cell_TGACAACCAATGAATG,0,0,0
EOC2_PBMC_cell_TTTCCTCTCCACGACG,0,0,0
EOC2_PBMC_cell_AAGGCAGGTGTAAGTA,0,0,0
EOC2_PBMC_cell_GGTGCGTGTAGAGTGC,0,0,0
EOC2_PBMC_cell_ATCATGGAGGTCGGAT,0,0,0
EOC2_PBMC_cell_GACTACACAGCATACT,0,0,0
EOC2_PBMC_cell_CACACTCAGTTAGGTA,0,0,0
EOC2_PBMC_cell_AGGGAGTCATCCTAGA,0,0,0
EOC2_PBMC_cell_ATGCGATCAAGGTTTC,0,0,0
EOC2_PBMC_cell_CCTTACGGTCAAGCGA,0,0,0
EOC2_PBMC_cell_TGACGGCCAATAACGA,0,0,0
EOC2_PBMC_cell_AAGGAGCAGGAGTCTG,0,0,0
EOC2_PBMC_cell_CCATGTCAGGCATGTG,0,0,0
EOC2_PBMC_cell_TTTACTGTCTCAACTT,0,0,0
EOC2_PBMC_cell_GTAACTGCACGAAAGC,0,0,0
EOC2_PBMC_cell_TTTATGCCAAGAAAGG,0,0,0
EOC2_PBMC_cell_ACGAGGATCTCTGTCG,0,0,0
EOC2_PBMC_cell_CACAAACTCACCTCGT,0,0,0
EOC2_PBMC_cell_GCATGCGCATCTCCCA,0,0,0
EOC2_PBMC_cell_CTCTGGTAGCGTAATA,0,0,0
EOC2_PBMC_cell_AAATGCCTCGGAGGTA,0,0,0
EOC2_PBMC_cell_AGGGTGAGTGACCAAG,0,0,0
EOC2_PBMC_cell_GTCAAGTAGAGAGCTC,0,0,0
EOC2_PBMC_cell_CTGCCTAGTCTTGTCC,0,0,0
EOC2_PBMC_cell_GTACTTTAGATGTGTA,0,0,0
EOC2_PBMC_cell_CTCGAAACATCGGACC,0,0,0
EOC2_PBMC_cell_GTTCATTGTTACGCGC,0,0,0
EOC2_PBMC_cell_GTACGTATCAGCTTAG,0,0,0
EOC2_PBMC_cell_ACGCCAGTCCTCTAGC,0,0,0
EOC2_PBMC_cell_TCTTCGGCAGGAATCG,0,0,0
EOC2_PBMC_cell_CGGCTAGGTGTGCCTG,0,0,0
EOC2_PBMC_cell_CACAGTACAGGTCTCG,0,0,0
EOC2_PBMC_cell_AACTGGTGTGTGACCC,0,0,0
EOC2_PBMC_cell_GTGCAGCCATCGGGTC,0,0,0
EOC2_PBMC_cell_GGAACTTGTCGAAAGC,0,0,0
EOC2_PBMC_cell_TGACTTTGTGCACCAC,0,0,0
EOC2_PBMC_cell_GGACAGACAAAGCAAT,0,0,0
EOC2_PBMC_cell_TCGTAGAGTTAAAGTG,0,0,0
EOC2_PBMC_cell_GACGTTATCCAAGCCG,0,0,0
EOC2_PBMC_cell_ATCATGGTCTACTATC,0,0,0
EOC2_PBMC_cell_AGTGAGGAGCGAGAAA,0,0,0
EOC2_PBMC_cell_AAGGCAGAGCTAAACA,0,0,0
EOC2_PBMC_cell_GTCAAGTTCGGTCTAA,0,0,0
EOC2_PBMC_cell_CCCAATCCATTACCTT,0,0,0
EOC2_PBMC_cell_AAACGGGTCCCTAACC,0,0,0
EOC2_PBMC_cell_CACATAGTCCTTCAAT,0,0,0
EOC2_PBMC_cell_CTCAGAATCGCGTAGC,0,0,1
EOC2_PBMC_cell_CCCAGTTGTGCAGGTA,0,0,0
EOC2_PBMC_cell_GATCAGTCACAGCGTC,0,0,0
EOC2_PBMC_cell_TTCTCAATCGCTAGCG,0,0,0
EOC2_PBMC_cell_CATATGGGTGTGGCTC,0,0,0
EOC2_PBMC_cell_TTCCCAGCATGGGACA,0,0,0
EOC2_PBMC_cell_TCGGTAACACTTCGAA,0,0,0
EOC2_PBMC_cell_ACATACGCATCGACGC,0,0,0
EOC2_PBMC_cell_GATCGCGGTACTTCTT,0,0,0
EOC2_PBMC_cell_TGTATTCTCGTCCAGG,0,0,0
EOC2_PBMC_cell_TGATTTCAGTGGTAAT,0,0,0
EOC2_PBMC_cell_GATGAAAAGCAGGCTA,0,0,0
EOC2_PBMC_cell_GTCTTCGAGTTCCACA,0,0,0
EOC2_PBMC_cell_ACAGCCGGTCCCTACT,0,0,0
EOC2_PBMC_cell_CTTACCGGTGGCAAAC,0,0,0
EOC2_PBMC_cell_TCATTTGGTCCTCTTG,0,0,0
EOC2_PBMC_cell_CACATTTTCCTTGGTC,0,0,0
EOC2_PBMC_cell_CGCGTTTGTACCGTAT,0,0,0
EOC2_PBMC_cell_ACGGCCACACAGACAG,0,0,0
EOC2_PBMC_cell_GTATCTTTCAGGCCCA,0,0,0
EOC2_PBMC_cell_CTTGGCTTCACAGTAC,0,0,0
EOC2_PBMC_cell_CGGACACAGTGGCACA,0,0,0
EOC2_PBMC_cell_TAGCCGGAGTTCGATC,0,0,0
EOC2_PBMC_cell_ATCGAGTAGACTTGAA,0,0,1
EOC2_PBMC_cell_TGAGCATCAGCCTTTC,0,0,0
EOC2_PBMC_cell_TTAGTTCTCGTAGGAG,0,0,0
EOC2_PBMC_cell_TATCTCATCTGCAGTA,0,0,0
EOC2_PBMC_cell_AGCTCTCAGAAGGGTA,0,0,0
EOC2_PBMC_cell_GCTCCTACAATGGATA,0,0,0
EOC2_PBMC_cell_GAGTCCGAGAGAACAG,0,0,0
EOC2_PBMC_cell_CAGTCCTAGCACCGCT,0,0,0
EOC2_PBMC_cell_CTGCGGATCGGATGGA,0,0,0
EOC2_PBMC_cell_TGATTTCAGAGTGAGA,0,0,0
EOC2_PBMC_cell_CCGTGGAAGTGGGCTA,0,0,0
EOC2_PBMC_cell_CAGAATCGTATATGGA,0,0,0
EOC2_PBMC_cell_GATTCAGAGGGATGGG,0,0,0
EOC2_PBMC_cell_CTGCTGTAGTTACGGG,0,0,0
EOC2_PBMC_cell_GGACAAGCATCGATTG,0,0,0
EOC2_PBMC_cell_CCTTACGCAATGGAGC,0,0,0
EOC2_PBMC_cell_GCATGATTCTTGCCGT,0,0,0
EOC2_PBMC_cell_TGAGCATCATTGGCGC,0,0,0
EOC2_PBMC_cell_CAACCAACACAGGTTT,0,0,0
EOC2_PBMC_cell_CTCTAATCATAAGACA,0,0,0
EOC2_PBMC_cell_CGCTGGATCGTTTATC,0,0,0
EOC2_PBMC_cell_TTCGAAGTCATGTAGC,0,0,0
EOC2_PBMC_cell_GACGTGCAGGTTACCT,0,0,0
EOC2_PBMC_cell_CTGGTCTAGGATGGAA,0,0,0
EOC2_PBMC_cell_GTGTGCGTCATAACCG,0,0,0
EOC2_PBMC_cell_CGTCCATAGCTGAACG,0,0,1
EOC2_PBMC_cell_TTTGTCACAATAGCGG,0,0,0
EOC2_PBMC_cell_GCTGCAGCATCCAACA,0,0,0
EOC2_PBMC_cell_CTGATAGAGGAATGGA,0,0,0
EOC2_PBMC_cell_CACACCTTCCACGTGG,0,0,0
EOC2_PBMC_cell_GTCTCGTAGATGTGTA,0,0,0
EOC2_PBMC_cell_CCGTGGATCGACAGCC,0,0,0
EOC2_PBMC_cell_TGGTTCCTCCTAGAAC,0,0,0
EOC2_PBMC_cell_GACCTGGCAAGAAGAG,0,0,1
EOC2_PBMC_cell_CAGCTGGGTGCAACTT,0,0,0
EOC2_PBMC_cell_CTCTACGGTTAGATGA,0,0,0
EOC2_PBMC_cell_ACACCAAGTCGAGTTT,0,0,0
EOC2_PBMC_cell_TTGGAACAGTTCGATC,0,0,0
EOC2_PBMC_cell_ACATCAGTCACGATGT,0,0,0
EOC2_PBMC_cell_AACTGGTCAAACCTAC,0,0,0
EOC2_PBMC_cell_GCACTCTTCTTCGGTC,0,0,0
EOC2_PBMC_cell_CGATTGAGTATTAGCC,0,0,0
EOC2_PBMC_cell_GGGATGACAAAGTGCG,0,0,0
EOC2_PBMC_cell_TGAGAGGTCATCACCC,0,0,0
EOC2_PBMC_cell_CAGCTAATCCCTAACC,0,0,0
EOC2_PBMC_cell_CTTTGCGGTTGGTAAA,0,0,0
EOC2_PBMC_cell_AGTTGGTCATGTCGAT,0,0,0
EOC2_PBMC_cell_CACACAACAGCCTATA,0,0,0
EOC2_PBMC_cell_TCTGAGAGTGCCTTGG,0,0,1
EOC2_PBMC_cell_TCGCGAGAGCAGCGTA,0,0,0
EOC2_PBMC_cell_GTGAAGGAGAGCTGCA,0,0,0
EOC2_PBMC_cell_CTAGCCTAGCACAGGT,0,0,0
EOC2_PBMC_cell_CACATTTTCTCGTATT,0,0,0
EOC2_PBMC_cell_GTTCGGGGTGAACCTT,0,0,0
EOC2_PBMC_cell_CGGCTAGAGCTCCTTC,0,0,0
EOC2_PBMC_cell_CTGGTCTGTAAAGGAG,0,0,0
EOC2_PBMC_cell_TGCCCATAGTCACGCC,0,0,0
EOC2_PBMC_cell_CACAAACAGTCCTCCT,0,0,0
EOC2_PBMC_cell_CAGTAACCACATGTGT,0,0,0
EOC2_PBMC_cell_CGATGGCGTCATGCCG,0,0,0
EOC2_PBMC_cell_GCACTCTCAAGAGTCG,0,0,0
EOC2_PBMC_cell_CGGAGCTGTCGAATCT,0,0,0
EOC2_PBMC_cell_TCGTACCGTCGGCTCA,0,0,0
EOC2_PBMC_cell_TACTCGCAGCAGCGTA,0,0,0
EOC2_PBMC_cell_CAGCAGCCACTGTTAG,0,0,0
EOC2_PBMC_cell_CGACTTCTCCGCAGTG,0,0,0
EOC2_PBMC_cell_GTGCTTCCAAGCGCTC,0,0,0
EOC2_PBMC_cell_CACATTTAGCTAACAA,0,0,0
EOC2_PBMC_cell_CGGTTAACATAGTAAG,0,0,0
EOC2_PBMC_cell_GAACATCAGATGTAAC,0,0,0
EOC2_PBMC_cell_GTCGTAATCAAACAAG,0,0,0
EOC2_PBMC_cell_AACGTTGAGCTCCTCT,0,0,0
EOC2_PBMC_cell_CGTAGGCGTCTAGCGC,0,0,0
EOC2_PBMC_cell_GAACGGACACCCATGG,0,0,0
EOC2_PBMC_cell_TGGCGCACAGCTCGCA,0,0,0
EOC2_PBMC_cell_AGATCTGCAGATGGCA,0,0,0
EOC2_PBMC_cell_AGCTCTCGTGTGACCC,0,0,0
EOC2_PBMC_cell_CTAGTGACATCCGGGT,0,0,0
EOC2_PBMC_cell_ACATACGCAGGAATCG,0,0,0
EOC2_PBMC_cell_CAGCGACCAGGTGCCT,0,0,0
EOC2_PBMC_cell_AGAGTGGGTTCCGTCT,0,0,0
EOC2_PBMC_cell_TCTTCGGGTCTCTTAT,0,0,0
EOC2_PBMC_cell_GTCAAGTGTAGAAAGG,0,0,0
EOC2_PBMC_cell_TTGCGTCAGCTAACTC,0,0,0
EOC2_PBMC_cell_ATAGACCTCCATTCTA,0,0,0
EOC2_PBMC_cell_CGGACGTAGGATGTAT,0,0,0
EOC2_PBMC_cell_CATGGCGTCCAGAGGA,0,0,0
EOC2_PBMC_cell_TTTGGTTAGCTCTCGG,0,0,0
EOC2_PBMC_cell_TCTTTCCTCTACCTGC,0,0,0
EOC2_PBMC_cell_TACGGGCTCCGCAGTG,0,0,0
EOC2_PBMC_cell_TCTTCGGCAGGGTATG,0,0,0
EOC2_PBMC_cell_CATGCCTGTGTGGCTC,0,0,0
EOC2_PBMC_cell_CAGAATCAGGGCACTA,0,0,0
EOC2_PBMC_cell_TCTTTCCTCAAGGTAA,0,0,0
EOC2_PBMC_cell_CCACCTAGTTCAGACT,0,0,0
EOC2_PBMC_cell_CTTGGCTAGCACCGTC,0,0,0
EOC2_PBMC_cell_TAGTTGGGTTAGTGGG,0,0,0
EOC2_PBMC_cell_AGCAGCCTCTGAGTGT,0,0,0
EOC2_PBMC_cell_ACATGGTCACTCGACG,0,0,0
EOC2_PBMC_cell_CGGACTGAGTTACCCA,0,0,0
EOC2_PBMC_cell_CTTCTCTGTAGTGAAT,0,0,0
EOC2_PBMC_cell_ATGAGGGAGCCAGAAC,0,0,0
EOC2_PBMC_cell_AGATTGCTCCTCAACC,0,0,0
EOC2_PBMC_cell_GTATTCTAGCCAGGAT,0,0,0
EOC2_PBMC_cell_GAACATCCACCAGGCT,0,0,0
EOC2_PBMC_cell_TCAGATGGTGCTGTAT,0,0,0
EOC2_PBMC_cell_GACACGCTCGCCTGTT,0,0,0
EOC2_PBMC_cell_TTTGCGCGTTGGGACA,0,0,0
EOC2_PBMC_cell_AATCGGTAGTTCGATC,0,0,0
EOC2_PBMC_cell_GCTGCGATCTCAACTT,0,0,0
EOC2_PBMC_cell_TCAGGTAAGACAAGCC,0,0,0
EOC2_PBMC_cell_TGCCCATCACTAAGTC,0,0,0
EOC2_PBMC_cell_GCGCGATGTCTGGTCG,0,0,0
EOC2_PBMC_cell_TAAGAGACATTGGGCC,0,0,0
EOC2_PBMC_cell_AATCGGTTCGTCACGG,0,0,0
EOC2_PBMC_cell_GCAATCAAGGCTAGGT,0,0,0
EOC2_PBMC_cell_AGGCCACTCCCTGACT,0,0,0
EOC2_PBMC_cell_TCACGAAAGGCCCTTG,0,0,0
EOC2_PBMC_cell_CGGTTAACAATAGCGG,0,0,0
EOC2_PBMC_cell_CCCTCCTCATGGTTGT,0,0,0
EOC2_PBMC_cell_GTTCTCGGTTTGACTG,0,0,0
EOC2_PBMC_cell_GCTCCTATCGCCTGTT,0,0,0
EOC2_PBMC_cell_CAGAGAGAGGACACCA,0,0,0
EOC2_PBMC_cell_TTTGTCAAGACCGGAT,0,0,0
EOC2_PBMC_cell_ATGTGTGCAAGCTGTT,0,0,0
EOC2_PBMC_cell_GGAACTTGTTACGTCA,0,0,0
EOC2_PBMC_cell_GGGCACTTCGTACGGC,0,0,0
EOC2_PBMC_cell_GTATCTTGTTCCGGCA,0,0,0
EOC2_PBMC_cell_TGACTTTAGCTTTGGT,0,0,0
EOC2_PBMC_cell_CCCTCCTGTAAACACA,0,0,0
EOC2_PBMC_cell_GCATGATGTTACGACT,0,0,0
EOC2_PBMC_cell_TCTATTGCATCCGTGG,0,0,0
EOC2_PBMC_cell_GCTTGAAGTCCGTGAC,0,0,0
EOC2_PBMC_cell_ACGGGTCTCTTCGAGA,0,0,1
EOC2_PBMC_cell_TTCTCCTAGGAGTCTG,0,0,0
EOC2_PBMC_cell_CTAGTGAGTACAGTGG,0,0,0
EOC2_PBMC_cell_CTTAACTTCCTAGGGC,0,0,0
EOC2_PBMC_cell_GTGCGGTCACATCCGG,0,0,1
EOC2_PBMC_cell_CCCAGTTTCTACTCAT,0,0,0
EOC2_PBMC_cell_GGCTGGTTCATTGCCC,0,0,0
EOC2_PBMC_cell_AGGCCGTAGCTAGTTC,0,0,0
EOC2_PBMC_cell_AGATTGCAGAAACCGC,0,0,0
EOC2_PBMC_cell_ACTGAGTTCTTGCCGT,0,0,0
EOC2_PBMC_cell_CCACGGAGTAATTGGA,0,0,0
EOC2_PBMC_cell_CGGAGCTTCGTTGCCT,0,0,0
EOC2_PBMC_cell_GGGTCTGGTATAATGG,0,0,0
EOC2_PBMC_cell_ATGAGGGAGATGAGAG,0,0,0
EOC2_PBMC_cell_GACACGCGTCAACTGT,0,0,0
EOC2_PBMC_cell_GTAGGCCCATGTAGTC,0,0,0
EOC2_PBMC_cell_GGAAAGCCAAGACACG,0,0,0
EOC2_PBMC_cell_CGTCTACGTCATCCCT,0,0,0
EOC2_PBMC_cell_CAACCTCAGAAAGTGG,0,0,0
EOC2_PBMC_cell_AACCGCGCATATGAGA,0,0,0
EOC2_PBMC_cell_TCGTAGAGTAAAGTCA,0,0,0
EOC2_PBMC_cell_GAAACTCTCCTCCTAG,0,0,0
EOC2_PBMC_cell_TCATTTGTCCAGAGGA,0,0,0
EOC2_PBMC_cell_CTAGCCTGTATCTGCA,0,0,0
EOC2_PBMC_cell_TGCGGGTTCCTAAGTG,0,0,0
EOC2_PBMC_cell_GCAGTTAAGAACAATC,0,0,0
EOC2_PBMC_cell_GTCTCGTCACCGAATT,0,0,0
EOC2_PBMC_cell_CCTCTGACAGGATTGG,0,0,0
EOC2_PBMC_cell_ACGGCCATCAAAGACA,0,0,0
EOC2_PBMC_cell_AGTGTCAGTGAGTGAC,0,0,0
EOC2_PBMC_cell_CCATTCGAGTCCATAC,0,0,0
EOC2_PBMC_cell_TACTCGCAGATCCCGC,0,0,0
EOC2_PBMC_cell_GGGTTGCCAATGGTCT,0,0,0
EOC2_PBMC_cell_TATGCCCCAGGTCTCG,0,0,0
EOC2_PBMC_cell_TCAATCTAGAGTACAT,0,0,0
EOC2_PBMC_cell_ACTGAACAGAAACGAG,0,0,0
EOC2_PBMC_cell_ATTGGACTCTCCAACC,0,0,0
EOC2_PBMC_cell_TGAGCATCATCACCCT,0,0,0
EOC2_PBMC_cell_TGTATTCAGTTCGCGC,0,0,0
EOC2_PBMC_cell_GGTGCGTCAGTCACTA,0,0,0
EOC2_PBMC_cell_ACGGCCAAGGATATAC,0,0,0
EOC2_PBMC_cell_TTAGGCACAAGTCTAC,0,0,0
EOC2_PBMC_cell_CCGTTCATCTGTCCGT,0,0,0
EOC2_PBMC_cell_CATCGAAGTCCAACTA,0,0,0
EOC2_PBMC_cell_ATGGGAGCATCTATGG,0,0,0
EOC2_PBMC_cell_CACTCCAGTGCAGGTA,0,0,0
EOC2_PBMC_cell_GAACGGATCCAGATCA,0,0,0
EOC2_PBMC_cell_GCACTCTGTCTAGTGT,0,0,0
EOC2_PBMC_cell_GGCTGGTAGATAGCAT,0,0,0
EOC2_PBMC_cell_CCCAATCGTGACGCCT,0,0,0
EOC2_PBMC_cell_TCGGTAATCTACCAGA,0,0,0
EOC2_PBMC_cell_AGTAGTCCAGGGTACA,0,0,0
EOC2_PBMC_cell_ACCGTAAGTCACACGC,0,0,0
EOC2_PBMC_cell_AAGGCAGAGTCGATAA,0,0,0
EOC2_PBMC_cell_ACACCGGCAGCTCGAC,0,0,0
EOC2_PBMC_cell_GCAGTTAAGGCTATCT,0,0,0
EOC2_PBMC_cell_GAATAAGTCGTGGGAA,0,0,0
EOC2_PBMC_cell_CCGTACTTCTCGTTTA,0,0,0
EOC2_PBMC_cell_TTCTTAGCACCGTTGG,0,0,0
EOC2_PBMC_cell_CGAGCACAGAGCTGGT,0,0,0
EOC2_PBMC_cell_CACAGTAAGATCGATA,0,0,0
EOC2_PBMC_cell_TCAGATGCATGCATGT,0,0,0
EOC2_PBMC_cell_AACTCCCTCTGTCCGT,0,0,0
EOC2_PBMC_cell_CCTACACTCCAGTATG,0,0,0
EOC2_PBMC_cell_CTGATCCCACTTAACG,0,0,0
EOC2_PBMC_cell_CTGATAGAGGCGTACA,0,0,0
EOC2_PBMC_cell_CGATCGGAGCACGCCT,0,0,0
EOC2_PBMC_cell_TGGTTAGCACATTAGC,0,0,0
EOC2_PBMC_cell_GTCGTAAAGAACAATC,0,0,0
EOC2_PBMC_cell_GTCAAGTGTAGGACAC,0,0,0
EOC2_PBMC_cell_CAACCTCGTTTAAGCC,0,0,0
EOC2_PBMC_cell_CAAGATCTCAAACCGT,0,0,0
EOC2_PBMC_cell_GGCCGATAGACAGACC,0,0,0
EOC2_PBMC_cell_GTGCGGTTCCACGACG,0,0,0
EOC2_PBMC_cell_TCAGCTCCATTCACTT,0,0,0
EOC2_PBMC_cell_TAAGCGTGTCGTCTTC,0,0,0
EOC2_PBMC_cell_TAGCCGGCAGTCGTGC,0,0,0
EOC2_PBMC_cell_TGCCCTATCTACTTAC,0,0,0
EOC2_PBMC_cell_ATCGAGTGTTTCCACC,0,0,0
EOC2_PBMC_cell_CCGTACTTCACAGTAC,0,0,0
EOC2_PBMC_cell_TTTATGCCAATCAGAA,0,0,0
EOC2_PBMC_cell_GCACTCTAGGTGTTAA,0,0,0
EOC2_PBMC_cell_GTCCTCATCAACGCTA,0,0,0
EOC2_PBMC_cell_CCTAAAGCACCATGTA,0,0,0
EOC2_PBMC_cell_GCTCTGTGTCTAGAGG,0,0,0
EOC2_PBMC_cell_AGCAGCCAGAACTGTA,0,0,0
EOC2_PBMC_cell_GCTCCTAAGATATGCA,0,0,0
EOC2_PBMC_cell_TACTCATAGTGTTGAA,0,0,0
EOC2_PBMC_cell_TCACAAGAGAGTTGGC,0,0,0
EOC2_PBMC_cell_AAGGTTCAGCTAGTGG,0,0,0
EOC2_PBMC_cell_TATCAGGGTAAAGGAG,0,0,0
EOC2_PBMC_cell_TCGTACCTCGACGGAA,0,0,0
EOC2_PBMC_cell_AGCGGTCTCTGGTGTA,0,0,0
EOC2_PBMC_cell_ATTATCCTCGATGAGG,0,0,0
EOC2_PBMC_cell_GGACGTCAGTAAGTAC,0,0,0
EOC2_PBMC_cell_GTATTCTAGGTGTTAA,0,0,0
EOC2_PBMC_cell_TAGTTGGCACGTGAGA,0,0,0
EOC2_PBMC_cell_AAACCTGCAAACGTGG,0,0,0
EOC2_PBMC_cell_TGTATTCTCACCATAG,0,0,0
EOC2_PBMC_cell_AACCATGGTCGACTAT,0,0,0
EOC2_PBMC_cell_AGAGTGGCAAGGCTCC,0,0,0
EOC2_PBMC_cell_CACACCTCAAAGTCAA,0,0,0
EOC2_PBMC_cell_ATCGAGTGTTGCTCCT,0,0,0
EOC2_PBMC_cell_GCAGCCACAGATCTGT,0,0,0
EOC2_PBMC_cell_CTCGTACTCTGTACGA,0,0,0
EOC2_PBMC_cell_TTTGTCACACCCATTC,0,0,0
EOC2_PBMC_cell_CGATGTAGTTCTGGTA,0,0,0
EOC2_PBMC_cell_CCATGTCTCACCCGAG,0,0,0
EOC2_PBMC_cell_TGGGAAGGTCATCCCT,0,0,0
EOC2_PBMC_cell_TTGTAGGGTCAACATC,0,0,0
EOC2_PBMC_cell_GATGAGGGTCCTCTTG,0,0,0
EOC2_PBMC_cell_GTGAAGGCAATGAATG,0,0,0
EOC2_PBMC_cell_GATTCAGGTGATGTCT,0,0,0
EOC2_PBMC_cell_GTACTTTTCAGAAATG,0,0,0
EOC2_PBMC_cell_CTCGAAATCGTCCAGG,0,0,0
EOC2_PBMC_cell_GTGTGCGGTGACGCCT,0,0,0
EOC2_PBMC_cell_GTATTCTAGTGTCCAT,0,0,0
EOC2_PBMC_cell_GTGGGTCGTACCGTAT,0,0,0
EOC2_PBMC_cell_GAATAAGGTAGCAAAT,0,0,0
EOC2_PBMC_cell_AGAATAGAGTACATGA,0,0,0
EOC2_PBMC_cell_ATGCGATTCTCGCATC,0,0,0
EOC2_PBMC_cell_TCTATTGAGCTGCAAG,0,0,0
EOC2_PBMC_cell_GCGCCAAAGTGCGTGA,0,0,0
EOC2_PBMC_cell_ATCTGCCCACAGGAGT,0,0,0
EOC2_PBMC_cell_GCGCGATCATTCCTGC,0,0,0
EOC2_PBMC_cell_TTGGAACTCGGGAGTA,0,0,0
EOC2_PBMC_cell_GGCTCGACATTTGCCC,0,0,0
EOC2_PBMC_cell_AAGCCGCCAGCATACT,0,0,0
EOC2_PBMC_cell_GGTGTTAGTCTCTCGT,0,0,0
EOC2_PBMC_cell_GATCGCGCATAGAAAC,0,0,0
EOC2_PBMC_cell_CTGTGCTTCCTTCAAT,0,0,0
EOC2_PBMC_cell_TTCTCCTCAGCCTTTC,0,0,0
EOC2_PBMC_cell_GTCGTAAAGGATGTAT,0,0,1
EOC2_PBMC_cell_GGACAGATCGGAAACG,0,0,0
EOC2_PBMC_cell_TACGGTATCCCTCTTT,0,0,0
EOC2_PBMC_cell_GCCAAATTCTGCTTGC,0,0,0
EOC2_PBMC_cell_CAGTCCTAGACAAAGG,0,0,0
EOC2_PBMC_cell_TTAGGACCATACTACG,0,0,1
EOC2_PBMC_cell_GCTGCTTAGGCGATAC,0,0,0
EOC2_PBMC_cell_CACCACTCAGATCTGT,0,0,0
EOC2_PBMC_cell_CAGCATATCCGTCATC,0,0,0
EOC2_PBMC_cell_CATCCACTCGGCATCG,0,0,0
EOC2_PBMC_cell_CACAGGCCAGTAACGG,0,0,0
EOC2_PBMC_cell_CTCTACGGTGAGTATA,0,0,0
EOC2_PBMC_cell_CGGGTCATCAGTCCCT,0,0,1
EOC2_PBMC_cell_ATTCTACCATGTTCCC,0,0,0
EOC2_PBMC_cell_AATCCAGCACCGAAAG,0,0,0
EOC2_PBMC_cell_AACCATGTCTTGTATC,0,0,0
EOC2_PBMC_cell_GACGCGTCATTCGACA,0,0,0
EOC2_PBMC_cell_TACAGTGCACAGACAG,0,0,0
EOC2_PBMC_cell_GACTACAAGAGCTGCA,0,0,0
EOC2_PBMC_cell_CAGATCAGTTAGATGA,0,0,0
EOC2_PBMC_cell_CCTTTCTTCCCTCTTT,0,0,0
EOC2_PBMC_cell_CGGACTGAGGGCTCTC,0,0,0
EOC2_PBMC_cell_AAAGTAGCAGTCGATT,0,0,0
EOC2_PBMC_cell_GTTACAGGTTCCCTTG,0,0,0
EOC2_PBMC_cell_AGGGATGGTGCCTGGT,0,0,1
EOC2_PBMC_cell_CTGATCCAGCTAGTGG,0,0,0
EOC2_PBMC_cell_GGCGTGTCACTGAAGG,0,0,0
EOC2_PBMC_cell_GGTGAAGGTTCACCTC,0,0,0
EOC2_PBMC_cell_TCAGCAATCTCAAGTG,0,0,0
EOC2_PBMC_cell_TCGCGTTGTATTCTCT,0,0,0
EOC2_PBMC_cell_CGCCAAGGTAAACGCG,0,0,0
EOC2_PBMC_cell_GTACGTAGTCTGCCAG,0,0,0
EOC2_PBMC_cell_AGAGCGAGTAACGTTC,0,0,0
EOC2_PBMC_cell_GGCGACTGTTCGCGAC,0,0,0
EOC2_PBMC_cell_TCAGGATTCGTGTAGT,0,0,0
EOC2_PBMC_cell_AGCTCTCGTCACCTAA,0,0,0
EOC2_PBMC_cell_CAGCAGCAGCCAGAAC,0,0,0
EOC2_PBMC_cell_CCTCAGTCATCCCATC,0,0,0
EOC2_PBMC_cell_AGTTGGTGTTAAGGGC,0,0,0
EOC2_PBMC_cell_GATTCAGGTGACTACT,0,0,0
EOC2_PBMC_cell_CGCGTTTTCGCTGATA,0,0,0
EOC2_PBMC_cell_ATCACGATCTGATTCT,0,0,0
EOC2_PBMC_cell_CTGCTGTCATGTTCCC,0,0,0
EOC2_PBMC_cell_GGGTTGCTCACGGTTA,0,0,0
EOC2_PBMC_cell_GACTGCGGTCACAAGG,0,0,0
EOC2_PBMC_cell_CAGTAACGTCTCACCT,0,0,0
EOC2_PBMC_cell_CGTAGGCAGGCTAGAC,0,0,0
EOC2_PBMC_cell_TGGCGCAAGACCGGAT,0,0,0
EOC2_PBMC_cell_GGCTCGATCAGAGCTT,0,0,0
EOC2_PBMC_cell_ATAAGAGAGTGAAGAG,0,0,0
EOC2_PBMC_cell_CGTCCATGTGCATCTA,0,0,0
EOC2_PBMC_cell_CGATCGGTCTGGCGAC,0,0,0
EOC2_PBMC_cell_CTCTGGTAGGGCTTGA,0,0,1
EOC2_PBMC_cell_CCATTCGCAGCCTTGG,0,0,0
EOC2_PBMC_cell_CAAGATCTCGGCGCAT,0,0,0
EOC2_PBMC_cell_TGCCCTAGTCTTGTCC,0,0,0
EOC2_PBMC_cell_GAGGTGATCATGTGGT,0,0,0
EOC2_PBMC_cell_ATTATCCAGGAGTAGA,0,0,0
EOC2_PBMC_cell_ATCTGCCAGGTTCCTA,0,0,0
EOC2_PBMC_cell_TCTGGAATCCTCCTAG,0,0,0
EOC2_PBMC_cell_ACATACGAGACAAGCC,0,0,0
EOC2_PBMC_cell_CTCATTACATGTAGTC,0,0,0
EOC2_PBMC_cell_GATGAGGAGGGTCGAT,0,0,0
EOC2_PBMC_cell_CGAGCACCAACACCTA,0,0,0
EOC2_PBMC_cell_GGCCGATAGAAACGAG,0,0,0
EOC2_PBMC_cell_CGTGTAATCGGAAACG,0,0,0
EOC2_PBMC_cell_TCCCGATAGAGGTAGA,0,0,0
EOC2_PBMC_cell_CTGGTCTCAATAGAGT,0,0,0
EOC2_PBMC_cell_TGAGGGAGTGGTTTCA,0,0,0
EOC2_PBMC_cell_ATGCGATGTTCCTCCA,0,0,0
EOC2_PBMC_cell_GGATTACCATCTGGTA,0,0,0
EOC2_PBMC_cell_TGAGCATCATAGACTC,0,0,0
EOC2_PBMC_cell_TTAGTTCAGTGGGATC,0,0,0
EOC2_PBMC_cell_CTTAGGAGTCGATTGT,0,0,0
EOC2_PBMC_cell_TTGGAACGTACATGTC,0,0,0
EOC2_PBMC_cell_ATCGAGTGTAAGGGAA,0,0,0
EOC2_PBMC_cell_AACTCTTGTCTAAAGA,0,0,0
EOC2_PBMC_cell_GGAATAAAGCCAGTAG,0,0,0
EOC2_PBMC_cell_AGGGTGACATGTAGTC,0,0,0
EOC2_PBMC_cell_TAGGCATTCTTTACAC,0,0,0
EOC2_PBMC_cell_AAACCTGCACGAAATA,0,0,0
EOC2_PBMC_cell_GGCCGATGTCAGATAA,0,0,0
EOC2_PBMC_cell_TTGACTTAGCTGCGAA,0,0,0
EOC2_PBMC_cell_GCCTCTACAAACTGCT,0,0,0
EOC2_PBMC_cell_CAGCCGAAGAGACTTA,0,0,0
EOC2_PBMC_cell_TTAGGCAGTCAGATAA,0,0,0
EOC2_PBMC_cell_CCAATCCAGCCCAGCT,0,0,0
EOC2_PBMC_cell_TGACTAGTCGTCCAGG,0,0,0
EOC2_PBMC_cell_TTATGCTGTCCGAAGA,0,0,0
EOC2_PBMC_cell_TCATTTGCATTAGGCT,0,0,0
EOC2_PBMC_cell_TGGACGCTCAAGATCC,0,0,0
EOC2_PBMC_cell_TCTTCGGAGACGCAAC,0,0,0
EOC2_PBMC_cell_AGATTGCAGCTCCTCT,0,0,0
EOC2_PBMC_cell_AGTGTCAGTTCGTTGA,0,0,0
EOC2_PBMC_cell_GGTGTTAGTATGGTTC,0,0,0
EOC2_PBMC_cell_CAGCCGACAGACGTAG,0,0,0
EOC2_PBMC_cell_ATCTACTTCGAATGCT,0,0,0
EOC2_PBMC_cell_AGGTCCGAGCGTAGTG,0,0,0
EOC2_PBMC_cell_TGTGTTTGTCTACCTC,0,0,0
EOC2_PBMC_cell_GTGGGTCGTCTTGCGG,0,0,0
EOC2_PBMC_cell_AGCCTAAAGGTACTCT,0,0,0
EOC2_PBMC_cell_TGCACCTAGTGCCATT,0,0,0
EOC2_PBMC_cell_TTTCCTCCACCACCAG,0,0,0
EOC2_PBMC_cell_TTGCCGTGTCGTTGTA,0,0,0
EOC2_PBMC_cell_TACGGATCACCGCTAG,0,0,0
EOC2_PBMC_cell_AGGGAGTCAAAGGCGT,0,0,0
EOC2_PBMC_cell_ATCATGGAGGAGCGAG,0,0,0
EOC2_PBMC_cell_CTACCCATCCGGCACA,0,0,0
EOC2_PBMC_cell_CACACCTAGAAGGTTT,0,0,0
EOC2_PBMC_cell_TTCTACACACAGGTTT,0,0,0
EOC2_PBMC_cell_TCGCGAGGTAGAAGGA,0,0,0
EOC2_PBMC_cell_CTGAAGTGTGAAGGCT,0,0,0
EOC2_PBMC_cell_GGAACTTAGAAGGACA,0,0,0
EOC2_PBMC_cell_GCTGCTTCACTAGTAC,0,0,0
EOC2_PBMC_cell_GCGCAGTCATGGTAGG,0,0,0
EOC2_PBMC_cell_ATCTACTGTGCACGAA,0,0,0
EOC2_PBMC_cell_AGGGAGTTCTGCGGCA,0,0,0
EOC2_PBMC_cell_CGATCGGCACGCATCG,0,0,0
EOC2_PBMC_cell_ACACTGACACCTTGTC,0,0,0
EOC2_PBMC_cell_AGCAGCCGTATTCGTG,0,0,0
EOC2_PBMC_cell_CTAACTTAGCAATCTC,0,0,0
EOC2_PBMC_cell_AGTCTTTTCAACACGT,0,0,0
EOC2_PBMC_cell_CGTAGGCAGAGGTTGC,0,0,0
EOC2_PBMC_cell_CTGCTGTCATGGTTGT,0,0,0
EOC2_PBMC_cell_GTTCGGGTCAGTTTGG,0,0,0
EOC2_PBMC_cell_GACGTTACAAATACAG,0,0,0
EOC2_PBMC_cell_GCGCGATCATCGACGC,0,0,0
EOC2_PBMC_cell_TACCTTAAGGAGTACC,0,0,0
EOC2_PBMC_cell_TGTCCCAAGAGACGAA,0,0,0
EOC2_PBMC_cell_CTCAGAACAGATTGCT,0,0,0
EOC2_PBMC_cell_TCAATCTGTTAAGTAG,0,0,0
EOC2_PBMC_cell_CTCGAGGCAGGGTATG,0,0,0
EOC2_PBMC_cell_GGAAAGCAGCGTTGCC,0,0,0
EOC2_PBMC_cell_TGGGAAGAGCTACCTA,0,0,0
EOC2_PBMC_cell_GATTCAGGTGGTCTCG,0,0,0
EOC2_PBMC_cell_CGTCTACTCAGGCGAA,0,0,0
EOC2_PBMC_cell_AGAGCTTAGCTATGCT,0,0,0
EOC2_PBMC_cell_GCTTGAATCCGAATGT,0,0,0
EOC2_PBMC_cell_ACTGAACCAGCTGCTG,0,0,0
EOC2_PBMC_cell_AACCGCGTCATGTGGT,0,0,0
EOC2_PBMC_cell_GCCTCTAAGATCCCAT,0,0,1
EOC2_PBMC_cell_GCTCTGTTCCGCGTTT,0,0,0
EOC2_PBMC_cell_CCGGGATGTGTTTGTG,0,0,0
EOC2_PBMC_cell_TACAGTGGTTGCCTCT,0,0,0
EOC2_PBMC_cell_GTTCTCGCAGCTCCGA,0,0,0
EOC2_PBMC_cell_TCGAGGCTCGCATGAT,0,0,0
EOC2_PBMC_cell_GATCAGTAGTTGAGAT,0,0,0
EOC2_PBMC_cell_ATCTGCCCAGCTGTGC,0,0,0
EOC2_PBMC_cell_GCACATAAGCAGGTCA,0,0,0
EOC2_PBMC_cell_GGAACTTCAAAGTGCG,0,0,0
EOC2_PBMC_cell_TCGGGACGTAAGGGAA,0,0,0
EOC2_PBMC_cell_TCAGGTAGTAGCGTCC,0,0,0
EOC2_PBMC_cell_GAACGGAAGGTGACCA,0,0,0
EOC2_PBMC_cell_CAGCTGGTCCCAGGTG,0,0,0
EOC2_PBMC_cell_CCACCTACACCAGGCT,0,0,0
EOC2_PBMC_cell_ATGGGAGGTCAACATC,0,0,0
EOC2_PBMC_cell_CTAACTTTCAACACAC,0,0,0
EOC2_PBMC_cell_CACAGTAAGTAAGTAC,0,0,0
EOC2_PBMC_cell_CAAGTTGTCTATCGCC,0,0,1
EOC2_PBMC_cell_TCGTAGAAGAAACCTA,0,0,0
EOC2_PBMC_cell_ATCCGAACACCATGTA,0,0,0
EOC2_PBMC_cell_CATCAGAGTGTGTGCC,0,0,0
EOC2_PBMC_cell_CATTATCGTCACAAGG,0,0,0
EOC2_PBMC_cell_ACGCCAGGTTCATGGT,0,0,0
EOC2_PBMC_cell_AAGGAGCAGTGTCCAT,0,0,0
EOC2_PBMC_cell_ACGGGTCGTCGGCACT,0,0,0
EOC2_PBMC_cell_ATTGGTGGTAGAAGGA,0,0,0
EOC2_PBMC_cell_AGCATACAGACTAGAT,0,0,0
EOC2_PBMC_cell_TATCAGGCAGCGTTCG,0,0,0
EOC2_PBMC_cell_GCACATAGTGTGGCTC,0,0,0
EOC2_PBMC_cell_GTAACGTCACAAGCCC,0,0,0
EOC2_PBMC_cell_TCAATCTTCACAGGCC,0,0,0
EOC2_PBMC_cell_GACGTTACAACACCCG,0,0,0
EOC2_PBMC_cell_AGAGCGAGTACCGTTA,0,0,0
EOC2_PBMC_cell_GCCTCTAGTCCTCCAT,0,0,0
EOC2_PBMC_cell_TCAGCTCGTTATCCGA,0,0,0
EOC2_PBMC_cell_CCATTCGTCACCAGGC,0,0,0
EOC2_PBMC_cell_TATTACCAGTGATCGG,0,0,0
EOC2_PBMC_cell_AAGACCTCATTCGACA,0,0,0
EOC2_PBMC_cell_CTCACACCACGAGGTA,0,0,0
EOC2_PBMC_cell_GAAATGAGTAGAAAGG,0,0,0
EOC2_PBMC_cell_TCAACGACAGTGACAG,0,0,0
EOC2_PBMC_cell_ACGCAGCGTCTCACCT,0,0,0
EOC2_PBMC_cell_TTTGGTTAGCCTATGT,0,0,0
EOC2_PBMC_cell_ACACTGACACCAGCAC,0,0,0
EOC2_PBMC_cell_GTGCTTCAGTATCGAA,0,0,0
EOC2_PBMC_cell_ATTCTACCAAACTGTC,0,0,0
EOC2_PBMC_cell_TAGTTGGGTGTTTGTG,0,0,0
EOC2_PBMC_cell_AACTCAGAGGTGCAAC,0,0,0
EOC2_PBMC_cell_CTTGGCTCATGCAACT,0,0,0
EOC2_PBMC_cell_AATCCAGCAGACGTAG,0,0,0
EOC2_PBMC_cell_CGTGTAATCTGTTTGT,0,0,0
EOC2_PBMC_cell_AGCCTAAGTCTTGTCC,0,0,0
EOC2_PBMC_cell_TTGGCAACACAGGAGT,0,0,0
EOC2_PBMC_cell_TGACAACGTGATGCCC,0,0,0
EOC2_PBMC_cell_TGAGAGGTCCGTTGTC,0,0,0
EOC2_PBMC_cell_TTAGGACGTGCAGACA,0,0,0
EOC2_PBMC_cell_TAGAGCTTCCCAACGG,0,0,0
EOC2_PBMC_cell_GGTGCGTCATGCATGT,0,0,0
EOC2_PBMC_cell_TTTGCGCAGAAACCTA,0,0,0
EOC2_PBMC_cell_CTAACTTAGCATGGCA,0,0,0
EOC2_PBMC_cell_ATCGAGTGTAAGCACG,0,0,0
EOC2_PBMC_cell_TAGGCATTCGAACTGT,0,0,0
EOC2_PBMC_cell_ATTGGTGAGGTGCACA,0,0,0
EOC2_PBMC_cell_ACCTTTACAAGCTGAG,0,0,0
EOC2_PBMC_cell_AGAGTGGGTCCGTCAG,0,0,0
EOC2_PBMC_cell_ATTGGACGTAGCACGA,0,0,0
EOC2_PBMC_cell_CACACTCCATACTCTT,0,0,0
EOC2_PBMC_cell_TAGCCGGCAGGACCCT,0,0,0
EOC2_PBMC_cell_GTATCTTTCTCTGAGA,0,0,0
EOC2_PBMC_cell_GTGCTTCCAGCTCCGA,0,0,0
EOC2_PBMC_cell_GTAACGTTCGCGCCAA,0,0,0
EOC2_PBMC_cell_GGAAAGCTCATTGCCC,0,0,0
EOC2_PBMC_cell_ACTGAACCAGCCAATT,0,0,0
EOC2_PBMC_cell_CTCGGAGCACATTAGC,0,0,0
EOC2_PBMC_cell_ATAGACCGTGCCTGCA,0,0,0
EOC2_PBMC_cell_AGCGTATGTCCTCTTG,0,0,0
EOC2_PBMC_cell_CTGCCTATCATGCAAC,0,0,0
EOC2_PBMC_cell_TTGAACGAGCATGGCA,0,0,0
EOC2_PBMC_cell_CTACACCTCGTTACAG,0,0,0
EOC2_PBMC_cell_CTAGTGAGTCGCATCG,0,0,0
EOC2_PBMC_cell_CGGTTAATCAGCTCGG,0,0,0
EOC2_PBMC_cell_CGTCACTTCAGTACGT,0,0,0
EOC2_PBMC_cell_CGGAGTCAGTTGAGTA,0,0,0
EOC2_PBMC_cell_ACGAGCCGTCAGATAA,0,0,0
EOC2_PBMC_cell_GTTTCTAGTCAGATAA,0,0,0
EOC2_PBMC_cell_TCTGGAACAATGACCT,0,0,0
EOC2_PBMC_cell_TTTGGTTTCGGAAACG,0,0,0
EOC2_PBMC_cell_ATTGGACAGCCAACAG,0,0,0
EOC2_PBMC_cell_TGACAACTCAACCAAC,0,0,0
EOC2_PBMC_cell_ACATCAGTCCGCGCAA,0,0,0
EOC2_PBMC_cell_CGAATGTGTAGGACAC,0,0,0
EOC2_PBMC_cell_ACATCAGTCACCATAG,0,0,0
EOC2_PBMC_cell_TGGCTGGAGGATGTAT,0,0,0
EOC2_PBMC_cell_TGGCCAGGTCCATCCT,0,0,0
EOC2_PBMC_cell_ACGGAGACACAAGCCC,0,0,0
EOC2_PBMC_cell_CTACGTCCACTGTCGG,0,0,0
EOC2_PBMC_cell_CTACCCATCACTGGGC,0,0,0
EOC2_PBMC_cell_TTGCGTCTCCTCTAGC,0,0,0
EOC2_PBMC_cell_GCCAAATGTCTAGCCG,0,0,0
EOC2_PBMC_cell_GTGTTAGGTCCCGACA,0,0,0
EOC2_PBMC_cell_TAGAGCTTCTGTTTGT,0,0,0
EOC2_PBMC_cell_TCACAAGGTAAACGCG,0,0,0
EOC2_PBMC_cell_CACCACTTCCTTTACA,0,0,0
EOC2_PBMC_cell_CACAGTAGTTGAACTC,0,0,0
EOC2_PBMC_cell_CAACTAGCATTCGACA,0,0,0
EOC2_PBMC_cell_ATCCACCGTCTAGTGT,0,0,0
EOC2_PBMC_cell_ACCCACTTCATGCAAC,0,0,0
EOC2_PBMC_cell_CGAACATCATGACGGA,0,0,0
EOC2_PBMC_cell_CTTGGCTGTTGCGCAC,0,0,0
EOC2_PBMC_cell_CTGTGCTCATTGAGCT,0,0,0
EOC2_PBMC_cell_CACATAGCACATGACT,0,0,0
EOC2_PBMC_cell_GGGCACTAGCCCAACC,0,0,0
EOC2_PBMC_cell_GATGAAACATGCCTAA,0,0,0
EOC2_PBMC_cell_GCTCTGTGTGAAAGAG,0,0,0
EOC2_PBMC_cell_CGAATGTGTTCAGCGC,0,0,0
EOC2_PBMC_cell_ACGAGGAAGAATTGTG,0,0,0
EOC2_PBMC_cell_GCATGCGCACTGAAGG,0,0,0
EOC2_PBMC_cell_GCATACAGTTATCACG,0,0,0
EOC2_PBMC_cell_TTGCGTCCAGCTGTTA,0,0,0
EOC2_PBMC_cell_ACTGTCCCACGGTTTA,0,0,0
EOC2_PBMC_cell_AAAGTAGCAAGAAGAG,0,0,0
EOC2_PBMC_cell_AAGGTTCGTCTTTCAT,0,0,0
EOC2_PBMC_cell_AGATTGCAGCTGAACG,0,0,0
EOC2_PBMC_cell_GTGCAGCGTACCAGTT,0,0,0
EOC2_PBMC_cell_GTGCATATCAACGGCC,0,0,0
EOC2_PBMC_cell_TATCAGGGTCCGAACC,0,0,0
EOC2_PBMC_cell_CTTGGCTTCGCTTAGA,0,0,0
EOC2_PBMC_cell_GCGCCAAAGATGAGAG,0,0,0
EOC2_PBMC_cell_TCTGAGACAAACTGTC,0,0,0
EOC2_PBMC_cell_AGCGGTCCACATGTGT,0,0,0
EOC2_PBMC_cell_CAGAATCTCTTACCTA,0,0,0
EOC2_PBMC_cell_GTTTCTAGTACCAGTT,0,0,0
EOC2_PBMC_cell_ATTTCTGCAATTCCTT,0,0,0
EOC2_PBMC_cell_GGTGCGTTCATGGTCA,0,0,0
EOC2_PBMC_cell_CGGCTAGTCTACCTGC,0,0,0
EOC2_PBMC_cell_CTACACCAGGCGTACA,0,0,0
EOC2_PBMC_cell_ACTTTCAGTAATTGGA,0,0,0
EOC2_PBMC_cell_ACATCAGAGGGCTTGA,0,0,0
EOC2_PBMC_cell_CGATTGATCCCTAACC,0,0,0
EOC2_PBMC_cell_ACTTGTTTCGACAGCC,0,0,0
EOC2_PBMC_cell_CTGATCCCACCAGGCT,0,0,0
EOC2_PBMC_cell_AGGCCACCATAGTAAG,0,0,0
EOC2_PBMC_cell_AAGTCTGTCATACGGT,0,0,0
EOC2_PBMC_cell_CTCAGAATCTACTCAT,0,0,0
EOC2_PBMC_cell_GAAATGAAGGAGTTTA,0,0,0
EOC2_PBMC_cell_CATTCGCGTAAAGTCA,0,0,0
EOC2_PBMC_cell_ATTTCTGTCAAGCCTA,0,0,0
EOC2_PBMC_cell_CCGTACTCACGTGAGA,0,0,0
EOC2_PBMC_cell_TCTCTAACACCCATGG,0,0,0
EOC2_PBMC_cell_GGGACCTGTCCGAAGA,0,0,0
EOC2_PBMC_cell_GTGAAGGAGACAAGCC,0,0,0
EOC2_PBMC_cell_TATCAGGCATCGACGC,0,0,0
EOC2_PBMC_cell_GTGAAGGAGATAGCAT,0,0,0
EOC2_PBMC_cell_CCAATCCTCCAGAAGG,0,0,0
EOC2_PBMC_cell_GCAGCCATCCAGTAGT,0,0,0
EOC2_PBMC_cell_AGTGTCAAGCCAGTAG,0,0,0
EOC2_PBMC_cell_TTGCCGTAGAAGGTGA,0,0,0
EOC2_PBMC_cell_GTCGGGTCAGTTCCCT,0,0,0
EOC2_PBMC_cell_TTGGCAAAGTAGTGCG,0,0,0
EOC2_PBMC_cell_TATCAGGTCGTGGACC,0,0,0
EOC2_PBMC_cell_CGCGTTTAGCCACCTG,0,0,0
EOC2_PBMC_cell_CAGTAACTCGACAGCC,0,0,0
EOC2_PBMC_cell_CTACATTAGACAAAGG,0,0,0
EOC2_PBMC_cell_CTTAACTTCTGACCTC,0,0,0
EOC2_PBMC_cell_AACTTTCTCTACTTAC,0,0,0
EOC2_PBMC_cell_GCTGCAGAGATATACG,0,0,0
EOC2_PBMC_cell_CGAACATCAGCCTTGG,0,0,0
EOC2_PBMC_cell_ACCGTAACATGGGAAC,0,0,0
EOC2_PBMC_cell_GATCAGTGTAAGCACG,0,0,0
EOC2_PBMC_cell_ATAAGAGCACGGCGTT,0,0,0
EOC2_PBMC_cell_TACTTGTTCCGTAGGC,0,0,0
EOC2_PBMC_cell_ACGATACCATATACGC,0,0,0
EOC2_PBMC_cell_GACGGCTAGCCACTAT,0,0,0
EOC2_PBMC_cell_CCGTACTCAGACAAGC,0,0,0
EOC2_PBMC_cell_AACTCAGAGTCAAGGC,0,0,0
EOC2_PBMC_cell_GCTTCCACACCAGGCT,0,0,0
EOC2_PBMC_cell_TATCAGGCAGCAGTTT,0,0,0
EOC2_PBMC_cell_AAACCTGGTCAAAGCG,0,0,0
EOC2_PBMC_cell_TGCGGGTGTACCATCA,0,0,0
EOC2_PBMC_cell_CTGGTCTCAAGGTGTG,0,0,0
EOC2_PBMC_cell_AATCCAGAGTCCGTAT,0,0,0
EOC2_PBMC_cell_AACCATGAGACAAGCC,0,0,0
EOC2_PBMC_cell_ATTTCTGAGCGTAATA,0,0,0
EOC2_PBMC_cell_CGAGAAGGTAGCGTCC,0,0,0
EOC2_PBMC_cell_TTCTACAAGGCTAGGT,0,0,0
EOC2_PBMC_cell_TGCGTGGCATGTAAGA,0,0,0
EOC2_PBMC_cell_ACATGGTCACCAACCG,0,0,0
EOC2_PBMC_cell_CTTCTCTCAATGAATG,0,0,0
EOC2_PBMC_cell_GAAGCAGCATTCCTCG,0,0,0
EOC2_PBMC_cell_TGGGCGTCACAACTGT,0,0,0
EOC2_PBMC_cell_GCGACCATCAAACAAG,0,0,0
EOC2_PBMC_cell_CCGGGATCAGATGGCA,0,0,0
EOC2_PBMC_cell_TGGCTGGGTAAGAGAG,0,0,0
EOC2_PBMC_cell_CGACTTCAGGCATTGG,0,0,0
EOC2_PBMC_cell_GTTACAGCAAGCGAGT,0,0,0
EOC2_PBMC_cell_GCTCCTAGTCGCCATG,0,0,0
EOC2_PBMC_cell_AAACGGGTCTGGTGTA,0,0,0
EOC2_PBMC_cell_CAACCTCTCTTGTACT,0,0,0
EOC2_PBMC_cell_GAACCTACACGGCCAT,0,0,0
EOC2_PBMC_cell_TATCAGGTCTAACTCT,0,0,0
EOC2_PBMC_cell_GTACTCCGTCCGAAGA,0,0,0
EOC2_PBMC_cell_ACACTGAAGAACAACT,0,0,0
EOC2_PBMC_cell_ATAGACCGTACGAAAT,0,0,0
EOC2_PBMC_cell_ATCATGGTCAGTACGT,0,0,0
EOC2_PBMC_cell_GCAGCCAAGTATCTCG,0,0,0
EOC2_PBMC_cell_GACGTGCGTGGCGAAT,0,0,0
EOC2_PBMC_cell_TTCTACAGTATTCGTG,0,0,0
EOC2_PBMC_cell_GACTGCGCACGTGAGA,0,0,0
EOC2_PBMC_cell_CTAATGGGTAGCTAAA,0,0,0
EOC2_PBMC_cell_AGCTCCTGTAGCTCCG,0,0,0
EOC2_PBMC_cell_TATGCCCTCCGCGTTT,0,0,0
EOC2_PBMC_cell_AGTTGGTGTGAGGGAG,0,0,0
EOC2_PBMC_cell_TATCAGGCACCAGATT,0,0,0
EOC2_PBMC_cell_CGCTTCAGTAGCGTGA,0,0,0
EOC2_PBMC_cell_GCTGCTTAGAAGCCCA,0,0,0
EOC2_PBMC_cell_GACCAATTCGAGGTAG,0,0,0
EOC2_PBMC_cell_TCAATCTAGCTTATCG,0,0,0
EOC2_PBMC_cell_GATGCTAAGCTCCTCT,0,0,0
EOC2_PBMC_cell_CATGCCTCACGTCTCT,0,0,0
EOC2_PBMC_cell_CCACCTACATGGATGG,0,0,0
EOC2_PBMC_cell_CTGATCCCAAGGTGTG,0,0,0
EOC2_PBMC_cell_CAGAATCCAATCAGAA,0,0,0
EOC2_PBMC_cell_GATGAGGTCAGTGTTG,0,0,0
EOC2_PBMC_cell_GGACGTCCATTGGCGC,0,0,0
EOC2_PBMC_cell_GTTTCTATCGTTGACA,0,0,0
EOC2_PBMC_cell_TGCCCATTCTCGTTTA,0,0,0
EOC2_PBMC_cell_TGAGGGAGTAGCTCCG,0,0,0
EOC2_PBMC_cell_GAAATGAAGGAACTGC,0,0,0
EOC2_PBMC_cell_CTCTGGTAGTGGTCCC,0,0,0
EOC2_PBMC_cell_AGATCTGTCTCGATGA,0,0,0
EOC2_PBMC_cell_TACTTGTAGAAGGCCT,0,0,0
EOC2_PBMC_cell_TTTACTGGTGTAATGA,0,0,0
EOC2_PBMC_cell_AGACGTTTCATAACCG,0,0,0
EOC2_PBMC_cell_TTATGCTAGCTACCGC,0,0,0
EOC2_PBMC_cell_CGAATGTTCGCTTGTC,0,0,0
EOC2_PBMC_cell_TCAGCAATCATACGGT,0,0,0
EOC2_PBMC_cell_ACGGAGAGTTCCACAA,0,0,0
EOC2_PBMC_cell_TACTCATTCCCTTGCA,0,0,0
EOC2_PBMC_cell_TCTATTGGTCATCCCT,0,0,0
EOC2_PBMC_cell_CACACAAGTAGCCTCG,0,0,0
EOC2_PBMC_cell_ATCTGCCCAGCATACT,0,0,0
EOC2_PBMC_cell_ACTGTCCGTGAGTGAC,0,0,0
EOC2_PBMC_cell_GGGAGATGTTATCACG,0,0,0
EOC2_PBMC_cell_TGAGCCGCACGTCAGC,0,0,0
EOC2_PBMC_cell_TGACAACTCGGCGGTT,0,0,0
EOC2_PBMC_cell_CATATGGTCCTGCTTG,0,0,0
EOC2_PBMC_cell_GATGCTACACAACTGT,0,0,0
EOC2_PBMC_cell_GCGCAGTAGTTAACGA,0,0,0
EOC2_PBMC_cell_CGGACACCACCACCAG,0,0,0
EOC2_PBMC_cell_ATGAGGGGTGGCTCCA,0,0,0
EOC2_PBMC_cell_CATATTCGTCACCCAG,0,0,0
EOC2_PBMC_cell_TAAGCGTCATCTATGG,0,0,1
EOC2_PBMC_cell_CGGACGTTCCTTCAAT,0,0,0
EOC2_PBMC_cell_AGCTCTCAGGCGACAT,0,0,0
EOC2_PBMC_cell_GTCAAGTGTGACGGTA,0,0,0
EOC2_PBMC_cell_CTCACACGTGATGCCC,0,0,0
EOC2_PBMC_cell_TTCTTAGCAATGGAAT,0,0,0
EOC2_PBMC_cell_ACTGATGTCCTTAATC,0,0,0
EOC2_PBMC_cell_CCAATCCAGATGAGAG,0,0,0
EOC2_PBMC_cell_CACAGTACACGGCCAT,0,0,0
EOC2_PBMC_cell_CAGCTGGGTAAGTGGC,0,0,0
EOC2_PBMC_cell_CACCTTGGTAGGGTAC,0,0,0
EOC2_PBMC_cell_AGATTGCTCAACACCA,0,0,0
EOC2_PBMC_cell_ACATCAGAGGGAACGG,0,0,0
EOC2_PBMC_cell_GGTATTGAGTGTACCT,0,0,0
EOC2_PBMC_cell_GTCACGGTCTATCGCC,0,0,0
EOC2_PBMC_cell_TTTACTGCACCATGTA,0,0,1
EOC2_PBMC_cell_GTCGGGTGTCCGAATT,0,0,0
EOC2_PBMC_cell_TAGTGGTTCAATACCG,0,0,0
EOC2_PBMC_cell_CCTACCAAGGAGTAGA,0,0,0
EOC2_PBMC_cell_GTCAAGTCAAGTTAAG,0,0,0
EOC2_PBMC_cell_GTACTTTCACGGACAA,0,0,0
EOC2_PBMC_cell_TGAGCATAGAGTACCG,0,0,0
EOC2_PBMC_cell_CTTTGCGAGTATCGAA,0,0,0
EOC2_PBMC_cell_CGCTGGAGTGTTGGGA,0,0,0
EOC2_PBMC_cell_CGCTTCAGTCAAAGAT,0,0,0
EOC2_PBMC_cell_ACATGGTAGAGATGAG,0,0,0
EOC2_PBMC_cell_TTAACTCGTCACTTCC,0,0,0
EOC2_PBMC_cell_AAGGCAGCAAAGCAAT,0,0,0
EOC2_PBMC_cell_GTACTCCAGGTAAACT,0,0,0
EOC2_PBMC_cell_CTGTGCTGTAGCAAAT,0,0,0
EOC2_PBMC_cell_GCTGCGATCCCGACTT,0,0,0
EOC2_PBMC_cell_GGGTCTGTCATAACCG,0,0,0
EOC2_PBMC_cell_AGGTCATAGCCGGTAA,0,0,0
EOC2_PBMC_cell_ATCTACTAGCTGCCCA,0,0,0
EOC2_PBMC_cell_CAGCGACGTGCAGACA,0,0,0
EOC2_PBMC_cell_TTTCCTCTCACTTATC,0,0,0
EOC2_PBMC_cell_CGCGGTATCTGCAAGT,0,0,0
EOC2_PBMC_cell_ACGCAGCCAACGATCT,0,0,0
EOC2_PBMC_cell_CCACGGAGTTACGCGC,0,0,0
EOC2_PBMC_cell_AGATCTGTCGCGGATC,0,0,0
EOC2_PBMC_cell_GTTCGGGAGCTCTCGG,0,0,0
EOC2_PBMC_cell_CCGGTAGCACATTCGA,0,0,0
EOC2_PBMC_cell_TCGTAGATCGTCCAGG,0,0,0
EOC2_PBMC_cell_TCTCATAGTCCAGTTA,0,0,0
EOC2_PBMC_cell_AGCGGTCCATCGGTTA,0,0,0
EOC2_PBMC_cell_TGTATTCTCAGTCAGT,0,0,0
EOC2_PBMC_cell_ATGAGGGAGCAGGCTA,0,0,0
EOC2_PBMC_cell_GTAACGTAGAATTGTG,0,0,0
EOC2_PBMC_cell_CAGGTGCCATGCCTTC,0,0,0
EOC2_PBMC_cell_CCATGTCCATGGGAAC,0,0,0
EOC2_PBMC_cell_AAAGATGAGAGACGAA,0,0,0
EOC2_PBMC_cell_AACTCAGCAAAGTGCG,0,0,0
EOC2_PBMC_cell_CACCAGGTCGCGATCG,0,0,0
EOC2_PBMC_cell_CAGCCGACATCGTCGG,0,0,0
EOC2_PBMC_cell_ACACTGATCTCGCATC,0,0,0
EOC2_PBMC_cell_CACATTTTCGTCACGG,0,0,0
EOC2_PBMC_cell_GTACTCCGTATTACCG,0,0,0
EOC2_PBMC_cell_GTAACGTCAATTCCTT,0,0,0
EOC2_PBMC_cell_TAGGCATCACAGACTT,0,0,0
EOC2_PBMC_cell_CAAGTTGAGGACCACA,0,0,0
EOC2_PBMC_cell_AAATGCCGTCCCTTGT,0,0,0
EOC2_PBMC_cell_TGACTTTCAAGAAAGG,0,0,0
EOC2_PBMC_cell_ACGGGCTTCGATGAGG,0,0,0
EOC2_PBMC_cell_TCGCGAGTCCTCAATT,0,0,0
EOC2_PBMC_cell_TGACTAGTCGTCGTTC,0,0,0
EOC2_PBMC_cell_AAACGGGCAGCGTCCA,0,0,0
EOC2_PBMC_cell_TAGACCATCGATCCCT,0,0,1
EOC2_PBMC_cell_CGATCGGGTTCCACGG,0,0,0
EOC2_PBMC_cell_GGGTTGCAGCCCTAAT,0,0,0
EOC2_PBMC_cell_CAGCTAATCTTATCTG,0,0,0
EOC2_PBMC_cell_CATGGCGTCGATAGAA,0,0,0
EOC2_PBMC_cell_TTGGAACTCACCGTAA,0,0,0
EOC2_PBMC_cell_AACTCAGCATGGTTGT,0,0,0
EOC2_PBMC_cell_ATGGGAGTCTTCTGGC,0,0,0
EOC2_PBMC_cell_CAGCTGGGTTACAGAA,0,0,0
EOC2_PBMC_cell_GGAGCAACACAAGTAA,0,0,0
EOC2_PBMC_cell_CACACCTGTCGACTAT,0,0,0
EOC2_PBMC_cell_CGCTTCAAGGTGATAT,0,0,0
EOC2_PBMC_cell_GAGGTGACAGCTCCGA,0,0,0
EOC2_PBMC_cell_TGAGAGGTCGCTTAGA,0,0,0
EOC2_PBMC_cell_GCGCAGTAGTGACTCT,0,0,0
EOC2_PBMC_cell_GCTGCAGGTGTGCGTC,0,0,0
EOC2_PBMC_cell_TCACGAACAGCGATCC,0,0,0
EOC2_PBMC_cell_GATTCAGAGGTAAACT,0,0,0
EOC2_PBMC_cell_GTCTCGTCAGACAGGT,0,0,0
EOC2_PBMC_cell_CACACTCCAAGTTCTG,0,0,0
EOC2_PBMC_cell_CGTCCATAGAGACTAT,0,0,0
EOC2_PBMC_cell_CGAGCACGTGATGCCC,0,0,0
EOC2_PBMC_cell_GACACGCGTGGCAAAC,0,0,0
EOC2_PBMC_cell_ACATACGCATTGGCGC,0,0,0
EOC2_PBMC_cell_AACACGTCAGAGCCAA,0,0,0
EOC2_PBMC_cell_CTTGGCTTCTTCTGGC,0,0,0
EOC2_PBMC_cell_CTCGTCATCAGCGACC,0,0,0
EOC2_PBMC_cell_ACTTGTTTCGGATGTT,0,0,0
EOC2_PBMC_cell_TTTGCGCTCGATGAGG,0,0,0
EOC2_PBMC_cell_GTATTCTTCAACACGT,0,0,0
EOC2_PBMC_cell_CACCAGGGTTCTGTTT,0,0,0
EOC2_PBMC_cell_AAGGAGCAGCGGCTTC,0,0,0
EOC2_PBMC_cell_AACTCAGCAGCAGTTT,0,0,0
EOC2_PBMC_cell_AGTGGGAGTATGGTTC,0,0,0
EOC2_PBMC_cell_GGACAAGAGCCCAATT,0,0,0
EOC2_PBMC_cell_GACGGCTTCTGCCCTA,0,0,0
EOC2_PBMC_cell_CTTACCGAGAAGGGTA,0,0,0
EOC2_PBMC_cell_AGCTCTCTCGTAGATC,0,0,0
EOC2_PBMC_cell_AGAGCTTCAGATCGGA,0,0,0
EOC2_PBMC_cell_GACTGCGGTCTGCCAG,0,0,0
EOC2_PBMC_cell_TCACGAACACAGACAG,0,0,0
EOC2_PBMC_cell_ACTGAGTCATGGAATA,0,0,0
EOC2_PBMC_cell_AGACGTTTCTGATACG,0,0,0
EOC2_PBMC_cell_GTCTTCGAGTGGAGAA,0,0,0
EOC2_PBMC_cell_GTCCTCATCGTCACGG,0,0,0
EOC2_PBMC_cell_GGGAGATGTAAACCTC,0,0,0
EOC2_PBMC_cell_TGAGAGGCAACACCTA,0,0,0
EOC2_PBMC_cell_GTCGTAACAAGCTGTT,0,0,0
EOC2_PBMC_cell_GGCTCGAGTTGGACCC,0,0,0
EOC2_PBMC_cell_ATGGGAGCACAGGTTT,0,0,0
EOC2_PBMC_cell_CAGAATCAGGCCGAAT,0,0,0
EOC2_PBMC_cell_AGCGTATCACTCGACG,0,0,0
EOC2_PBMC_cell_AAGCCGCTCGACGGAA,0,0,0
EOC2_PBMC_cell_GAACGGAAGACTGTAA,0,0,0
EOC2_PBMC_cell_AAGTCTGCACCACGTG,0,0,0
EOC2_PBMC_cell_ACGGGTCAGGCGATAC,0,0,0
EOC2_PBMC_cell_TTGGCAACACAAGACG,0,0,0
EOC2_PBMC_cell_TTTGGTTGTAAGGGAA,0,0,0
EOC2_PBMC_cell_GTCCTCAAGTCGTACT,0,0,0
EOC2_PBMC_cell_ATCATGGTCCGATATG,0,0,0
EOC2_PBMC_cell_GACGTGCTCATTATCC,0,0,0
EOC2_PBMC_cell_GCTGCTTCAAGCTGTT,0,0,0
EOC2_PBMC_cell_CTGTTTAGTGCATCTA,0,0,0
EOC2_PBMC_cell_TTAGGACAGCGCCTTG,0,0,0
EOC2_PBMC_cell_ACGGGCTAGTATCTCG,0,0,0
EOC2_PBMC_cell_CTCGTACGTATCGCAT,0,0,0
EOC2_PBMC_cell_TAAGCGTGTTCATGGT,0,0,0
EOC2_PBMC_cell_CCTTACGAGGTGTTAA,0,0,0
EOC2_PBMC_cell_AAGTCTGCATGCGCAC,0,0,0
EOC2_PBMC_cell_TCTTTCCCAGCTCGCA,0,0,0
EOC2_PBMC_cell_TTGACTTAGGTTACCT,0,0,0
EOC2_PBMC_cell_TCTGGAACAGCCAATT,0,0,0
EOC2_PBMC_cell_GGCGTGTAGCTGAAAT,0,0,0
EOC2_PBMC_cell_AAGGAGCCACTTACGA,0,0,0
EOC2_PBMC_cell_CGATCGGAGGAATTAC,0,0,0
EOC2_PBMC_cell_ATCGAGTTCCAAATGC,0,0,0
EOC2_PBMC_cell_GTCACGGGTGTGACGA,0,0,0
EOC2_PBMC_cell_ACCGTAAGTCCTCTTG,0,0,0
EOC2_PBMC_cell_TGAAAGACAGGAATGC,0,0,0
EOC2_PBMC_cell_AGAATAGAGTAGCCGA,0,0,0
EOC2_PBMC_cell_GTGCATAGTCGACTAT,0,0,0
EOC2_PBMC_cell_ATGAGGGAGCAGGTCA,0,0,0
EOC2_PBMC_cell_ACGTCAACACGCATCG,0,0,0
EOC2_PBMC_cell_GAACATCCATGCCTAA,0,0,0
EOC2_PBMC_cell_GTCGTAACATGTTCCC,0,0,0
EOC2_PBMC_cell_ACATCAGAGTACTTGC,0,0,0
EOC2_PBMC_cell_AGCTCCTAGAGTGACC,0,0,0
EOC2_PBMC_cell_TTCCCAGGTGCCTGTG,0,0,0
EOC2_PBMC_cell_CTGTGCTAGGAGTCTG,0,0,0
EOC2_PBMC_cell_TGACGGCGTCTTGCGG,0,0,0
EOC2_PBMC_cell_CTTAGGAAGCGACGTA,0,0,0
EOC2_PBMC_cell_TTCTTAGGTCTCTTAT,0,0,0
EOC2_PBMC_cell_CGTTCTGTCCTTTCGG,0,0,0
EOC2_PBMC_cell_CTTCTCTCAGCCTGTG,0,0,0
EOC2_PBMC_cell_GATGCTATCTGGTGTA,0,0,0
EOC2_PBMC_cell_TCTGGAATCGCAAACT,0,0,0
EOC2_PBMC_cell_TTTACTGAGCGATTCT,0,0,0
EOC2_PBMC_cell_AGGTCCGAGTACGTTC,0,0,0
EOC2_PBMC_cell_ATTACTCTCTGTACGA,0,0,0
EOC2_PBMC_cell_CCACCTAGTTCGGGCT,0,0,0
EOC2_PBMC_cell_TACACGACACCTTGTC,0,0,0
EOC2_PBMC_cell_CGCTTCAGTATGAAAC,0,0,0
EOC2_PBMC_cell_CGATGGCTCCGCAGTG,0,0,0
EOC2_PBMC_cell_ATCGAGTTCGATGAGG,0,0,0
EOC2_PBMC_cell_CCACTACCAAACGCGA,0,0,0
EOC2_PBMC_cell_CGTCACTGTGTTGGGA,0,0,0
EOC2_PBMC_cell_TAGAGCTAGCTCCTCT,0,0,0
EOC2_PBMC_cell_TGCCAAAGTTAAGTAG,0,0,0
EOC2_PBMC_cell_CTAACTTCACGAGAGT,0,0,0
EOC2_PBMC_cell_TACTTACTCTGGTGTA,0,0,0
EOC2_PBMC_cell_ACTTACTGTACATGTC,0,0,0
EOC2_PBMC_cell_ACACCAACAGCCTGTG,0,0,0
EOC2_PBMC_cell_GTTCGGGAGGACAGCT,0,0,0
EOC2_PBMC_cell_ACGAGGAAGAGCAATT,0,0,0
EOC2_PBMC_cell_ACATACGTCCACGACG,0,0,0
EOC2_PBMC_cell_TGGGCGTGTCTTCGTC,0,0,0
EOC2_PBMC_cell_GCGCGATCATCTATGG,0,0,0
EOC2_PBMC_cell_GAGTCCGTCCGTTGTC,0,0,0
EOC2_PBMC_cell_CAGCCGAAGCAATATG,0,0,0
EOC2_PBMC_cell_GGCCGATAGCGTTTAC,0,0,0
EOC2_PBMC_cell_CTGATCCAGTCATCCA,0,0,0
EOC2_PBMC_cell_CTGAAGTCAGGAATGC,0,0,0
EOC2_PBMC_cell_GATTCAGTCCGAACGC,0,0,0
EOC2_PBMC_cell_TTGTAGGCACGTCAGC,0,0,0
EOC2_PBMC_cell_TAGGCATTCATGTAGC,0,0,0
EOC2_PBMC_cell_CGCGTTTCATGCGCAC,0,0,0
EOC2_PBMC_cell_GTCTCGTAGAGTAAGG,0,0,0
EOC2_PBMC_cell_GCATGTAAGATCCTGT,0,0,0
EOC2_PBMC_cell_CCGTGGATCGCAAGCC,0,0,0
EOC2_PBMC_cell_GCATGCGGTTTACTCT,0,0,0
EOC2_PBMC_cell_TCAACGAGTCCAGTTA,0,0,0
EOC2_PBMC_cell_GACGTTAGTTCCACGG,0,0,0
EOC2_PBMC_cell_CATCGGGAGCAGATCG,0,0,0
EOC2_PBMC_cell_GTCATTTGTGATGCCC,0,0,1
EOC2_PBMC_cell_CTGAAACAGCAGATCG,0,0,0
EOC2_PBMC_cell_GAACCTATCTAGCACA,0,0,0
EOC2_PBMC_cell_GACTACAAGTACGCGA,0,0,0
EOC2_PBMC_cell_CGATCGGAGTAGATGT,0,0,0
EOC2_PBMC_cell_CAGTCCTAGCCTTGAT,0,0,0
EOC2_PBMC_cell_GGACAGAAGCTAGTTC,0,0,0
EOC2_PBMC_cell_CAGATCATCTGTGCAA,0,0,0
EOC2_PBMC_cell_TGTTCCGTCTTTAGTC,0,0,1
EOC2_PBMC_cell_ACGCCAGAGGCGCTCT,0,0,0
EOC2_PBMC_cell_TGAAAGACAATCGAAA,0,0,0
EOC2_PBMC_cell_ATTCTACGTAGAGCTG,0,0,0
EOC2_PBMC_cell_CAGCTGGAGCTTCGCG,0,0,1
EOC2_PBMC_cell_TAAGCGTTCAGCATGT,0,0,0
EOC2_PBMC_cell_AGTCTTTAGCTAGTGG,0,0,0
EOC2_PBMC_cell_CGGCTAGAGAATGTTG,0,0,0
EOC2_PBMC_cell_CATTATCCAGTGGGAT,0,0,0
EOC2_PBMC_cell_ACACTGAGTCGACTAT,0,0,0
EOC2_PBMC_cell_GCACATACACAGGTTT,0,0,0
EOC2_PBMC_cell_TGGACGCGTGTTGGGA,0,0,0
EOC2_PBMC_cell_AGCTCCTCATTGGTAC,0,0,0
EOC2_PBMC_cell_GCTCTGTCACCGATAT,0,0,0
EOC2_PBMC_cell_GGTGAAGGTTCTGTTT,0,0,0
EOC2_PBMC_cell_GAGGTGACAACGCACC,0,0,0
EOC2_PBMC_cell_GTTTCTACATCCCACT,0,0,0
EOC2_PBMC_cell_CCCTCCTTCCGCTGTT,0,0,0
EOC2_PBMC_cell_GGCAATTTCGGTGTCG,0,0,0
EOC2_PBMC_cell_GTCATTTCATGAAGTA,0,0,0
EOC2_PBMC_cell_CGTAGCGTCAGCTTAG,0,0,0
EOC2_PBMC_cell_GCTGCTTTCGCATGAT,0,0,0
EOC2_PBMC_cell_CAGCTGGCATATACCG,0,0,0
EOC2_PBMC_cell_CTTGGCTAGCTGAAAT,0,0,0
EOC2_PBMC_cell_CGGGTCAAGGAGTTGC,0,0,0
EOC2_PBMC_cell_CTGCCTACACTGCCAG,0,0,0
EOC2_PBMC_cell_ACCAGTATCGTTGACA,0,0,0
EOC2_PBMC_cell_AACGTTGGTAGTACCT,0,0,1
EOC2_PBMC_cell_GCTCTGTTCCTACAGA,0,0,0
EOC2_PBMC_cell_CGATGGCGTGGCTCCA,0,0,0
EOC2_PBMC_cell_CACAGGCAGACGCACA,0,0,0
EOC2_PBMC_cell_TCGGTAAAGTTTGCGT,0,0,0
EOC2_PBMC_cell_GAAATGAGTTCGCTAA,0,0,1
EOC2_PBMC_cell_TTTCCTCTCTTTCCTC,0,0,0
EOC2_PBMC_cell_GTCAAGTAGCTAAACA,0,0,0
EOC2_PBMC_cell_TTCTCAAAGGATATAC,0,0,0
EOC2_PBMC_cell_CGTCCATGTAGTACCT,0,0,0
EOC2_PBMC_cell_TGTGGTAGTCGCATCG,0,0,0
EOC2_PBMC_cell_ACATGGTCAGTCTTCC,0,0,0
EOC2_PBMC_cell_AGCCTAAAGTTAACGA,0,0,0
EOC2_PBMC_cell_CGGAGTCAGTACGTAA,0,0,0
EOC2_PBMC_cell_ACATACGAGCCTTGAT,0,0,0
EOC2_PBMC_cell_ACGATGTCACTATCTT,0,0,0
EOC2_PBMC_cell_TGGCTGGGTCTGGAGA,0,0,0
EOC2_PBMC_cell_AACTGGTGTCGAAAGC,0,0,0
EOC2_PBMC_cell_AGGTCCGGTGGTCCGT,0,0,0
EOC2_PBMC_cell_CGAATGTTCGGCCGAT,0,0,0
EOC2_PBMC_cell_GATTCAGCACCGAATT,0,0,0
EOC2_PBMC_cell_GTATTCTAGGGTTTCT,0,0,0
EOC2_PBMC_cell_TCAGGTATCAGTGCAT,0,0,0
EOC2_PBMC_cell_CAACCTCGTACCGCTG,0,0,0
EOC2_PBMC_cell_CACACAAGTTCAGGCC,0,0,0
EOC2_PBMC_cell_CTACGTCTCTCCCTGA,0,0,0
EOC2_PBMC_cell_CGATTGATCCAACCAA,0,0,0
EOC2_PBMC_cell_AGCGTCGAGGCTAGAC,0,0,0
EOC2_PBMC_cell_CGTGTCTAGGACACCA,0,0,0
EOC2_PBMC_cell_ACACCAACACGGCTAC,0,0,0
EOC2_PBMC_cell_TGCCCTAGTAGATTAG,0,0,0
EOC2_PBMC_cell_CATCCACTCGTGACAT,0,0,0
EOC2_PBMC_cell_TGACGGCCATTCCTCG,0,0,0
EOC2_PBMC_cell_CGGAGTCGTCCAGTTA,0,0,0
EOC2_PBMC_cell_GAACGGACAAAGTCAA,0,0,0
EOC2_PBMC_cell_TGGTTAGAGGGCATGT,0,0,0
EOC2_PBMC_cell_GCCTCTAAGATGCCTT,0,0,0
EOC2_PBMC_cell_CGGGTCATCACTATTC,0,0,0
EOC2_PBMC_cell_CATTCGCAGAGTACCG,0,0,0
EOC2_PBMC_cell_GAACCTATCTAACTGG,0,0,0
EOC2_PBMC_cell_CGGACACCAAAGTGCG,0,0,0
EOC2_PBMC_cell_GGGTCTGGTACGCACC,0,0,0
EOC2_PBMC_cell_AATCGGTAGGCAAAGA,0,0,0
EOC2_PBMC_cell_CAGTAACAGACACTAA,0,0,0
EOC2_PBMC_cell_GGACATTAGGGTATCG,0,0,0
EOC2_PBMC_cell_GTTAAGCGTTCCCGAG,0,0,0
EOC2_PBMC_cell_GGCAATTAGTGTCCAT,0,0,0
EOC2_PBMC_cell_GGGTCTGCATGCATGT,0,0,0
EOC2_PBMC_cell_TTATGCTCACCAGATT,0,0,0
EOC2_PBMC_cell_GTCAAGTAGCACACAG,0,0,0
EOC2_PBMC_cell_GTCGGGTGTATGAATG,0,0,0
EOC2_PBMC_cell_GTAACGTCAAAGCGGT,0,0,0
EOC2_PBMC_cell_GTCTTCGAGAAGATTC,0,0,0
EOC2_PBMC_cell_GATGCTAAGTCCGGTC,0,0,0
EOC2_PBMC_cell_ATCATGGGTTGAGGTG,0,0,0
EOC2_PBMC_cell_AGTAGTCCAACGATCT,0,0,0
EOC2_PBMC_cell_AAGTCTGCATTCTTAC,0,0,0
EOC2_PBMC_cell_AGAATAGCACATCCGG,0,0,0
EOC2_PBMC_cell_TGCCCATAGTAGTGCG,0,0,0
EOC2_PBMC_cell_CGATTGATCAGCACAT,0,0,0
EOC2_PBMC_cell_AACCATGTCGGAGCAA,0,0,0
EOC2_PBMC_cell_GGAATAATCAGCTTAG,0,0,0
EOC2_PBMC_cell_GGACAGATCGAGGTAG,0,0,0
EOC2_PBMC_cell_CTACATTAGAACTGTA,0,0,0
EOC2_PBMC_cell_CACACCTCAAACTGTC,0,0,0
EOC2_PBMC_cell_CATCCACTCTCATTCA,0,0,0
EOC2_PBMC_cell_CGCTATCGTCTCTTTA,0,0,0
EOC2_PBMC_cell_GTCATTTAGATCCGAG,0,0,0
EOC2_PBMC_cell_TTAGGCACACCCAGTG,0,0,0
EOC2_PBMC_cell_AGCTCTCAGATAGTCA,0,0,0
EOC2_PBMC_cell_ACACTGATCAGCTCTC,0,0,0
EOC2_PBMC_cell_GAACGGAAGAGGGCTT,0,0,0
EOC2_PBMC_cell_GATCGCGAGACCGGAT,0,0,0
EOC2_PBMC_cell_AACGTTGGTAGCAAAT,0,0,0
EOC2_PBMC_cell_AGTGAGGAGTGGTAGC,0,0,0
EOC2_PBMC_cell_GCTGCAGCAGGGAGAG,0,0,0
EOC2_PBMC_cell_TGTTCCGGTCTGATTG,0,0,0
EOC2_PBMC_cell_TGTATTCCAAGAAGAG,0,0,0
EOC2_PBMC_cell_GGTGCGTAGTAGTGCG,0,0,0
EOC2_PBMC_cell_ATGTGTGAGATGAGAG,0,0,0
EOC2_PBMC_cell_TTCGGTCTCACTGGGC,0,0,0
EOC2_PBMC_cell_GACTACATCTAGCACA,0,0,0
EOC2_PBMC_cell_GCAGTTATCTTACCGC,0,0,0
EOC2_PBMC_cell_TACGGATTCTAAGCCA,0,0,0
EOC2_PBMC_cell_CTGCGGACATTGCGGC,0,0,0
EOC2_PBMC_cell_TACGGATAGCGCCTTG,0,0,0
EOC2_PBMC_cell_CTAGCCTTCTGCGTAA,0,0,0
EOC2_PBMC_cell_CATTATCTCTATCCTA,0,0,0
EOC2_PBMC_cell_TCGTACCCACGAAACG,0,0,0
EOC2_PBMC_cell_TGTGGTATCCGTACAA,0,0,0
EOC2_PBMC_cell_AGATCTGTCTGGGCCA,0,0,0
EOC2_PBMC_cell_TAAGCGTTCCATTCTA,0,0,0
EOC2_PBMC_cell_TCCACACCAGTAAGCG,0,0,0
EOC2_PBMC_cell_GTTAAGCAGACTACAA,0,0,0
EOC2_PBMC_cell_CGTGTCTCAAGCGATG,0,0,0
EOC2_PBMC_cell_GGCAATTCATGTCGAT,0,0,0
EOC2_PBMC_cell_TGTGTTTGTCCAACTA,0,0,0
EOC2_PBMC_cell_AAGTCTGCACCTCGGA,0,0,0
EOC2_PBMC_cell_CGCGGTAAGCTGCGAA,0,0,0
EOC2_PBMC_cell_TACTTACCACAGACAG,0,0,0
EOC2_PBMC_cell_CTCGTACCATGGTCTA,0,0,0
EOC2_PBMC_cell_GACCAATGTTTGACAC,0,0,0
EOC2_PBMC_cell_CATTCGCAGCCGGTAA,0,0,0
EOC2_PBMC_cell_CAGCGACAGCCAGTAG,0,0,0
EOC2_PBMC_cell_CACATTTTCGGAGCAA,0,0,0
EOC2_PBMC_cell_CCTAGCTGTATAGGGC,0,0,0
EOC2_PBMC_cell_CGTGTAAGTCTGCCAG,0,0,0
EOC2_PBMC_cell_TAGAGCTCAGTCAGCC,0,0,0
EOC2_PBMC_cell_CAGCAGCAGGACATTA,0,0,0
EOC2_PBMC_cell_TAGCCGGGTACCGTAT,0,0,0
EOC2_PBMC_cell_CTCGGGAGTCCCGACA,0,0,0
EOC2_PBMC_cell_GCGCAACAGAGGACGG,0,0,0
EOC2_PBMC_cell_TTGTAGGGTTCCAACA,0,0,0
EOC2_PBMC_cell_TATCTCAAGGGCTTCC,0,0,0
EOC2_PBMC_cell_AAATGCCTCCTACAGA,0,0,0
EOC2_PBMC_cell_GGGCACTTCTCCCTGA,0,0,0
EOC2_PBMC_cell_TGCACCTGTTGCGTTA,0,0,0
EOC2_PBMC_cell_ATGAGGGTCACATAGC,0,0,0
EOC2_PBMC_cell_CCTTACGCAGTGGGAT,0,0,0
EOC2_PBMC_cell_CGCTGGATCCTCGCAT,0,0,0
EOC2_PBMC_cell_ATAACGCTCACAATGC,0,0,0
EOC2_PBMC_cell_CTCTGGTCACGGTAAG,0,0,0
EOC2_PBMC_cell_AGGGTGAAGGGATCTG,0,0,0
EOC2_PBMC_cell_GTCGGGTGTCCGCTGA,0,0,0
EOC2_PBMC_cell_GACCTGGTCATCTGCC,0,0,1
EOC2_PBMC_cell_ATCTACTCAATCTACG,0,0,0
EOC2_PBMC_cell_TGTATTCTCTAACTTC,0,0,0
EOC2_PBMC_cell_GCTTCCAGTATGAATG,0,0,0
EOC2_PBMC_cell_CCATTCGAGAGTGACC,0,0,0
EOC2_PBMC_cell_CAACCAAAGACGCAAC,0,0,0
EOC2_PBMC_cell_TGGTTCCCATCGGGTC,0,0,0
EOC2_PBMC_cell_CGAATGTTCCCAACGG,0,0,0
EOC2_PBMC_cell_GCACTCTAGAAACGAG,0,0,0
EOC2_PBMC_cell_CATCGAAAGCAGCCTC,0,0,0
EOC2_PBMC_cell_CTCTACGAGGAGTTGC,0,0,0
EOC2_PBMC_cell_CAGCATACACGAAAGC,0,0,0
EOC2_PBMC_cell_CATCGAACATAGTAAG,0,0,0
EOC2_PBMC_cell_TCAGGTAGTTCGGCAC,0,0,0
EOC2_PBMC_cell_AAAGCAACAGTATCTG,0,0,0
EOC2_PBMC_cell_TTAACTCCAAACGTGG,0,0,0
EOC2_PBMC_cell_CCTTCGAAGGCGACAT,0,0,0
EOC2_PBMC_cell_AGGGATGCAAGGACAC,0,0,0
EOC2_PBMC_cell_TAAGAGATCCGTACAA,0,0,0
EOC2_PBMC_cell_CGAGCACTCTCCTATA,0,0,0
EOC2_PBMC_cell_GCATGATGTAACGTTC,0,0,0
EOC2_PBMC_cell_GCTTCCACAGGTGCCT,0,0,0
EOC2_PBMC_cell_CTAACTTTCGGAAATA,0,0,0
EOC2_PBMC_cell_TGTGGTAAGTAGATGT,0,0,0
EOC2_PBMC_cell_CCAGCGATCAAGATCC,0,0,0
EOC2_PBMC_cell_GTCGGGTTCCACGTGG,0,0,0
EOC2_PBMC_cell_ACTGCTCAGCGATGAC,0,0,0
EOC2_PBMC_cell_AAGACCTAGGTGGGTT,0,0,0
EOC2_PBMC_cell_TACTTACTCATAACCG,0,0,0
EOC2_PBMC_cell_TTCTTAGCAAGCGAGT,0,0,0
EOC2_PBMC_cell_GTTACAGTCTGCCCTA,0,0,0
EOC2_PBMC_cell_GGGATGAAGTCCGTAT,0,0,0
EOC2_PBMC_cell_CAACTAGAGAAACGAG,0,0,0
EOC2_PBMC_cell_TCATTTGTCTCCGGTT,0,0,0
EOC2_PBMC_cell_CGTTCTGGTGTTTGTG,0,0,0
EOC2_PBMC_cell_CACATAGAGCGTGAGT,0,0,0
EOC2_PBMC_cell_ATTATCCGTGTTGGGA,0,0,0
EOC2_PBMC_cell_TGCCCTAGTTAAAGAC,0,0,0
EOC2_PBMC_cell_GCTGGGTAGTAGCGGT,0,0,0
EOC2_PBMC_cell_GTCTCGTTCCTGCCAT,0,0,0
EOC2_PBMC_cell_AAACCTGAGTACGATA,0,0,0
EOC2_PBMC_cell_GCGACCAAGCGAGAAA,0,0,0
EOC2_PBMC_cell_ATAAGAGCAGTAAGCG,0,0,0
EOC2_PBMC_cell_CAGCTAAGTTTGTGTG,0,0,0
EOC2_PBMC_cell_CAAGATCGTAGCGCAA,0,0,0
EOC2_PBMC_cell_CATCAGAAGACTCGGA,0,0,0
EOC2_PBMC_cell_ATTTCTGTCCTACAGA,0,0,0
EOC2_PBMC_cell_TGAGAGGTCATGCTCC,0,0,0
EOC2_PBMC_cell_CCATGTCAGACCTTTG,0,0,0
EOC2_PBMC_cell_CTACACCGTCACTGGC,0,0,0
EOC2_PBMC_cell_ACGGGTCTCGTATCAG,0,0,0
EOC2_PBMC_cell_GGCGTGTGTGTCAATC,0,0,0
EOC2_PBMC_cell_CCAGCGAAGTCCCACG,0,0,0
EOC2_PBMC_cell_CGTCAGGCATCTACGA,0,0,0
EOC2_PBMC_cell_CGGAGTCCACACGCTG,0,0,0
EOC2_PBMC_cell_TGAAAGACAAGCCGTC,0,0,0
EOC2_PBMC_cell_ATCCGAAAGGTGATAT,0,0,0
EOC2_PBMC_cell_CGGACGTTCTCCCTGA,0,0,0
EOC2_PBMC_cell_GCTGCTTGTCCATGAT,0,0,0
EOC2_PBMC_cell_GCAATCAAGAAACGAG,0,0,0
EOC2_PBMC_cell_TGCCCATAGGCGCTCT,0,0,0
EOC2_PBMC_cell_CATTATCCAATGTTGC,0,0,0
EOC2_PBMC_cell_TCTATTGCACGAAATA,0,0,0
EOC2_PBMC_cell_ACAGCTATCCAGTATG,0,0,0
EOC2_PBMC_cell_GTTCTCGGTCTTGATG,0,0,0
EOC2_PBMC_cell_ACCGTAAAGGCTATCT,0,0,0
EOC2_PBMC_cell_CAAGGCCGTCGAGTTT,0,0,0
EOC2_PBMC_cell_CTGAAGTAGTACGCGA,0,0,0
EOC2_PBMC_cell_CCTCAGTAGATCTGAA,0,0,0
EOC2_PBMC_cell_CCGGGATCATAACCTG,0,0,0
EOC2_PBMC_cell_GATCGCGGTTGGACCC,0,0,0
EOC2_PBMC_cell_ACGCCAGAGCTAAGAT,0,0,0
EOC2_PBMC_cell_AGACGTTCAGTAAGAT,0,0,0
EOC2_PBMC_cell_AGCTCTCGTCTGATCA,0,0,0
EOC2_PBMC_cell_GCGCAACGTCTAAAGA,0,0,0
EOC2_PBMC_cell_GAGCAGAAGACATAAC,0,0,0
EOC2_PBMC_cell_CAGTAACAGTTATCGC,0,0,0
EOC2_PBMC_cell_CGCCAAGAGCTGATAA,0,0,0
EOC2_PBMC_cell_GAATGAAAGTATCGAA,0,0,0
EOC2_PBMC_cell_ATCCGAACAATGGTCT,0,0,0
EOC2_PBMC_cell_TCACGAACATGAAGTA,0,0,0
EOC2_PBMC_cell_AGCAGCCTCCTAGAAC,0,0,0
EOC2_PBMC_cell_GGACAAGTCTCCAACC,0,0,0
EOC2_PBMC_cell_GTGCAGCTCAGCTTAG,0,0,0
EOC2_PBMC_cell_TAGCCGGCACTGTTAG,0,0,0
EOC2_PBMC_cell_GCCAAATGTAGGACAC,0,0,0
EOC2_PBMC_cell_GGATTACCACATGTGT,0,0,0
EOC2_PBMC_cell_TCAGCAACACCGGAAA,0,0,0
EOC2_PBMC_cell_GTACTCCTCACGGTTA,0,0,0
EOC2_PBMC_cell_TCCACACGTACCGTTA,0,0,0
EOC2_PBMC_cell_TGAGAGGAGATGTTAG,0,0,0
EOC2_PBMC_cell_CACACTCGTCCGAAGA,0,0,0
EOC2_PBMC_cell_CAGTCCTGTTAGGGTG,0,0,0
EOC2_PBMC_cell_AGCAGCCGTCATTAGC,0,0,0
EOC2_PBMC_cell_AACACGTCATGCCCGA,0,0,0
EOC2_PBMC_cell_GTATTCTCATGGAATA,0,0,0
EOC2_PBMC_cell_ATTGGTGCATGTAGTC,0,0,0
EOC2_PBMC_cell_TGACAACTCTTGAGAC,0,0,0
EOC2_PBMC_cell_TGGCTGGTCAAAGTAG,0,0,0
EOC2_PBMC_cell_CGGTTAACAGGAATGC,0,0,0
EOC2_PBMC_cell_GACTACAAGGATGGTC,0,0,0
EOC2_PBMC_cell_TGCGCAGAGCAGATCG,0,0,0
EOC2_PBMC_cell_GCTCCTATCACTTATC,0,0,0
EOC2_PBMC_cell_TGACGGCTCATCATTC,0,0,0
EOC2_PBMC_cell_CTAGAGTCAGCCAGAA,0,0,0
EOC2_PBMC_cell_CCCTCCTAGCTCCTCT,0,0,0
EOC2_PBMC_cell_ATCTGCCAGGGTGTTG,0,0,0
EOC2_PBMC_cell_ATTGGTGCATTGTGCA,0,0,0
EOC2_PBMC_cell_GATGCTAGTAGCGTCC,0,0,0
EOC2_PBMC_cell_CGTAGCGCAAGGACAC,0,0,0
EOC2_PBMC_cell_AGGGTGACAGCATGAG,0,0,0
EOC2_PBMC_cell_CCACCTACAGTAAGCG,0,0,0
EOC2_PBMC_cell_TAAGTGCAGTGGGCTA,0,0,0
EOC2_PBMC_cell_CGATGGCCATGCTAGT,0,0,0
EOC2_PBMC_cell_TTCGAAGGTGAAGGCT,0,0,0
EOC2_PBMC_cell_GTAACTGGTCCGAATT,0,0,0
EOC2_PBMC_cell_TCTTTCCGTCCGTGAC,0,0,0
EOC2_PBMC_cell_CAGCAGCAGCTGCGAA,0,0,0
EOC2_PBMC_cell_GCACTCTGTCAATGTC,0,0,0
EOC2_PBMC_cell_AGGTCATCAAGCGCTC,0,0,0
EOC2_PBMC_cell_CTGAAACAGCTAGTGG,0,0,0
EOC2_PBMC_cell_ACGATACTCTGCGACG,0,0,0
EOC2_PBMC_cell_GATTCAGAGATGCCAG,0,0,0
EOC2_PBMC_cell_GTCAAGTCAGGCAGTA,0,0,0
EOC2_PBMC_cell_TCAGCAAGTTTGTTTC,0,0,0
EOC2_PBMC_cell_CATGACATCATTCACT,0,0,0
EOC2_PBMC_cell_GGACATTAGGGCTTCC,0,0,0
EOC2_PBMC_cell_AGCTCTCGTAGGGTAC,0,0,0
EOC2_PBMC_cell_TTTCCTCCACAGGTTT,0,0,0
EOC2_PBMC_cell_TTTATGCAGCTAAGAT,0,0,0
EOC2_PBMC_cell_CAAGAAATCCGAAGAG,0,0,0
EOC2_PBMC_cell_GGGAGATTCCGCTGTT,0,0,0
EOC2_PBMC_cell_CACCTTGCAGGACCCT,0,0,0
EOC2_PBMC_cell_ACCCACTAGAGTTGGC,0,0,0
EOC2_PBMC_cell_GCTCTGTAGTAGTGCG,0,0,0
EOC2_PBMC_cell_TCAGGTACAATAGCAA,0,0,0
EOC2_PBMC_cell_TTCGGTCAGGCTAGCA,0,0,0
EOC2_PBMC_cell_CATCAAGAGTACGACG,0,0,0
EOC2_PBMC_cell_CCTTACGCACCCATTC,0,0,0
EOC2_PBMC_cell_CCTAGCTTCCTCAACC,0,0,0
EOC2_PBMC_cell_AGCATACCAATCACAC,0,0,0
EOC2_PBMC_cell_TACGGTATCTCTGTCG,0,0,0
EOC2_PBMC_cell_ATAACGCTCGCAAGCC,0,0,0
EOC2_PBMC_cell_CTCATTAGTTGCGTTA,0,0,0
EOC2_PBMC_cell_GCAATCACACATCCGG,0,0,0
EOC2_PBMC_cell_TGCTGCTGTACCGGCT,0,0,0
EOC2_PBMC_cell_GAAACTCAGATGAGAG,0,0,0
EOC2_PBMC_cell_TCGCGAGCACCACCAG,0,0,0
EOC2_PBMC_cell_ACGATGTGTATCAGTC,0,0,0
EOC2_PBMC_cell_CACATTTCACCATGTA,0,0,0
EOC2_PBMC_cell_CCGTACTAGTGCGATG,0,0,0
EOC2_PBMC_cell_CAGCTAATCTGTCTAT,0,0,0
EOC2_PBMC_cell_GTCATTTGTCATGCCG,0,0,0
EOC2_PBMC_cell_CAAGTTGGTTTAAGCC,0,0,0
EOC2_PBMC_cell_ACGCAGCTCCTGCCAT,0,0,0
EOC2_PBMC_cell_CTCGGGATCACAACGT,0,0,0
EOC2_PBMC_cell_TATTACCCATGCAACT,0,0,0
EOC2_PBMC_cell_GGCGACTCATGGATGG,0,0,0
EOC2_PBMC_cell_CTCGAGGGTACATGTC,0,0,0
EOC2_PBMC_cell_TGTATTCAGTGTCCAT,0,0,0
EOC2_PBMC_cell_GGACATTTCATAAAGG,0,0,0
EOC2_PBMC_cell_TCTTCGGCAAGACACG,0,0,0
EOC2_PBMC_cell_TACCTATCAAACGTGG,0,0,0
EOC2_PBMC_cell_AATCGGTAGCGTTCCG,0,0,0
EOC2_PBMC_cell_GTCAAGTCAGCTGTAT,0,0,0
EOC2_PBMC_cell_TTCCCAGAGACCGGAT,0,0,0
EOC2_PBMC_cell_GGACAGAAGCTGGAAC,0,0,0
EOC2_PBMC_cell_CTTGGCTTCACCGGGT,0,0,0
EOC2_PBMC_cell_CAGCTGGCAATCAGAA,0,0,0
EOC2_PBMC_cell_GTAGTCATCTGCGGCA,0,0,0
EOC2_PBMC_cell_ACACCAAAGTCCGGTC,0,0,0
EOC2_PBMC_cell_TCTATTGGTTGTGGCC,0,0,0
EOC2_PBMC_cell_GTCACAATCTAACTTC,0,0,0
EOC2_PBMC_cell_CGATTGATCTTGCAAG,0,0,0
EOC2_PBMC_cell_AACCGCGCAGTTCATG,0,0,0
EOC2_PBMC_cell_CACCTTGCATAACCTG,0,0,0
EOC2_PBMC_cell_GTCTCGTGTCTTCAAG,0,0,0
EOC2_PBMC_cell_TTTGGTTTCAGCAACT,0,0,0
EOC2_PBMC_cell_ACTTGTTTCATCACCC,0,0,0
EOC2_PBMC_cell_ACCGTAAGTCATCCCT,0,0,0
EOC2_PBMC_cell_CGAGCCAAGTCGAGTG,0,0,0
EOC2_PBMC_cell_TTAGGCACACAGCCCA,0,0,0
EOC2_PBMC_cell_GCGCAACGTAAGTTCC,0,0,1
EOC2_PBMC_cell_ACGGAGAAGGGAGTAA,0,0,0
EOC2_PBMC_cell_AATCCAGGTTCGCGAC,0,0,0
EOC2_PBMC_cell_TACTTACCAAAGAATC,0,0,0
EOC2_PBMC_cell_CCATGTCCAACGATGG,0,0,0
EOC2_PBMC_cell_CATATGGAGGTCATCT,0,0,0
EOC2_PBMC_cell_CTTCTCTGTCTCCACT,0,0,0
EOC2_PBMC_cell_ATTATCCAGTTGAGTA,0,0,0
EOC2_PBMC_cell_GGACAGAAGGGCTCTC,0,0,0
EOC2_PBMC_cell_GGAAAGCTCGTACCGG,0,0,0
EOC2_PBMC_cell_CGTTAGATCAGCGATT,0,0,0
EOC2_PBMC_cell_AGGGAGTGTCCTGCTT,0,0,0
EOC2_PBMC_cell_CTGTTTACACTGAAGG,0,0,0
EOC2_PBMC_cell_GGTGCGTGTTCGGGCT,0,0,0
EOC2_PBMC_cell_TAGTGGTTCAACGGGA,0,0,0
EOC2_PBMC_cell_AACCATGCAAGGACTG,0,0,0
EOC2_PBMC_cell_GAACATCAGCCTTGAT,0,0,0
EOC2_PBMC_cell_GCTGCTTTCGGTTCGG,0,0,0
EOC2_PBMC_cell_ACATCAGAGAGGTACC,0,0,0
EOC2_PBMC_cell_TGTTCCGAGGATGGTC,0,0,0
EOC2_PBMC_cell_CAGTAACCAAGCGAGT,0,0,0
EOC2_PBMC_cell_CTAGCCTGTATATCCG,0,0,0
EOC2_PBMC_cell_CGCGTTTTCGCGGATC,0,0,0
EOC2_PBMC_cell_AGGGATGGTCTCGTTC,0,0,0
EOC2_PBMC_cell_CCGGTAGCAAGCTGGA,0,0,0
EOC2_PBMC_cell_GACGTGCTCGTAGATC,0,0,0
EOC2_PBMC_cell_TGAGCCGCACATCTTT,0,0,0
EOC2_PBMC_cell_CCAATCCAGTCGATAA,0,0,0
EOC2_PBMC_cell_AACACGTCAGGGTTAG,0,0,0
EOC2_PBMC_cell_CGACTTCTCCAAGCCG,0,0,0
EOC2_PBMC_cell_CCACTACGTCGGCATC,0,0,0
EOC2_PBMC_cell_TTGGAACCAGGGTACA,0,0,0
EOC2_PBMC_cell_GGAAAGCCAAGGGTCA,0,0,0
EOC2_PBMC_cell_GAACATCTCGAGCCCA,0,0,0
EOC2_PBMC_cell_GTGGGTCCACAGATTC,0,0,0
EOC2_PBMC_cell_GATCGCGTCCGGGTGT,0,0,0
EOC2_PBMC_cell_CTCGAGGGTACTCGCG,0,0,0
EOC2_PBMC_cell_CATCGAAAGGGAGTAA,0,0,0
EOC2_PBMC_cell_TTTATGCTCTTGAGAC,0,0,0
EOC2_PBMC_cell_CGTCAGGTCACTTCAT,0,0,0
EOC2_PBMC_cell_TATTACCCAAGGTGTG,0,0,0
EOC2_PBMC_cell_GTCAAGTTCTACCAGA,0,0,0
EOC2_PBMC_cell_ATCATGGTCTTCGAGA,0,0,0
EOC2_PBMC_cell_CAGTAACGTCGGGTCT,0,0,0
EOC2_PBMC_cell_TGAGCCGGTGTGGTTT,0,0,0
EOC2_PBMC_cell_GTCATTTAGACACTAA,0,0,0
EOC2_PBMC_cell_GCGCAACAGGATATAC,0,0,0
EOC2_PBMC_cell_AGTTGGTAGGGCTCTC,0,0,0
EOC2_PBMC_cell_TCTGGAAAGAAGGTGA,0,0,0
EOC2_PBMC_cell_TGAGAGGTCGCCTGTT,0,0,0
EOC2_PBMC_cell_CATCAGAAGTGGGCTA,0,0,0
