,celllabel,True,Predict
ECO1_PBMC_cell_GCTGCGATCTTAGCCC,0,0,0
ECO1_PBMC_cell_CTGCGGATCAATCTCT,0,0,0
ECO1_PBMC_cell_CCGGTAGGTCCATCCT,0,0,0
ECO1_PBMC_cell_GTAGGCCTCGTGACAT,0,0,0
ECO1_PBMC_cell_GCACTCTCAAGCCGTC,0,0,0
ECO1_PBMC_cell_ACTTACTGTCTCACCT,0,0,0
ECO1_PBMC_cell_CTCTACGTCCGAGCCA,0,0,0
ECO1_PBMC_cell_CATTCGCCAGCTCGAC,0,0,0
ECO1_PBMC_cell_TACACGATCAAACGGG,0,0,0
ECO1_PBMC_cell_TGTATTCTCACCTCGT,0,0,0
ECO1_PBMC_cell_GGAACTTAGAATGTTG,0,0,0
ECO1_PBMC_cell_CAAGGCCAGAGTGACC,0,0,0
ECO1_PBMC_cell_CGGACACTCCACGAAT,0,0,0
ECO1_PBMC_cell_ATCTGCCGTGATGTGG,0,0,0
ECO1_PBMC_cell_AGAATAGTCACAGTAC,0,0,0
ECO1_PBMC_cell_GACTGCGCACTGAAGG,0,0,0
ECO1_PBMC_cell_GCGGGTTGTCTACCTC,0,0,0
ECO1_PBMC_cell_ATTCTACAGCCGATTT,0,0,0
ECO1_PBMC_cell_CAACTAGTCATGCAAC,0,0,0
ECO1_PBMC_cell_CCTAGCTTCACGGTTA,0,0,0
ECO1_PBMC_cell_AGGCCACTCATGTCCC,0,0,0
ECO1_PBMC_cell_GGAAAGCTCCCAAGTA,0,0,0
ECO1_PBMC_cell_GTATTCTCAAGCGAGT,0,0,0
ECO1_PBMC_cell_TTCTTAGAGTGGGCTA,0,0,0
ECO1_PBMC_cell_GACCAATCAAGGACAC,0,0,0
ECO1_PBMC_cell_TCGCGAGGTGTGCCTG,0,0,0
ECO1_PBMC_cell_GAAGCAGCAAGTTAAG,0,0,0
ECO1_PBMC_cell_CATTCGCCAGGCTCAC,0,0,0
ECO1_PBMC_cell_ACTTGTTGTTAAGACA,0,0,0
ECO1_PBMC_cell_GATCTAGAGGTAGCTG,0,0,0
ECO1_PBMC_cell_TCACGAAGTGATGTGG,0,0,0
ECO1_PBMC_cell_CCACGGACAAAGGCGT,0,0,0
ECO1_PBMC_cell_GAGTCCGTCTAGAGTC,0,0,0
ECO1_PBMC_cell_GTCACAATCACGGTTA,0,0,0
ECO1_PBMC_cell_GCGCAACGTCGCTTTC,0,0,0
ECO1_PBMC_cell_ACGATACAGTTACCCA,0,0,0
ECO1_PBMC_cell_CCCTCCTCACGGCCAT,0,0,0
ECO1_PBMC_cell_AAGGCAGAGTGTTTGC,0,0,0
ECO1_PBMC_cell_TTCTTAGTCAGGCCCA,0,0,0
ECO1_PBMC_cell_GCGGGTTAGAGATGAG,0,0,0
ECO1_PBMC_cell_ACACCCTTCGTTACAG,0,0,0
ECO1_PBMC_cell_GTCGTAACAACTGCTA,0,0,0
ECO1_PBMC_cell_CGCGGTACACGAAAGC,0,0,0
ECO1_PBMC_cell_CTGTGCTCATCGGGTC,0,0,0
ECO1_PBMC_cell_CGGACACAGACAAAGG,0,0,0
ECO1_PBMC_cell_TACGGGCAGTGACTCT,0,0,0
ECO1_PBMC_cell_GGATGTTGTCCGAACC,0,0,0
ECO1_PBMC_cell_GTTACAGCAAGCGTAG,0,0,0
ECO1_PBMC_cell_TGGTTCCTCATTCACT,0,0,0
ECO1_PBMC_cell_GCGCCAAGTTGTGGAG,0,0,0
ECO1_PBMC_cell_AAACGGGCATTCCTGC,0,0,0
ECO1_PBMC_cell_GCTCTGTTCATTGCCC,0,0,0
ECO1_PBMC_cell_GTGTTAGCAGGTGCCT,0,0,0
ECO1_PBMC_cell_TTGACTTTCCCTTGCA,0,0,0
ECO1_PBMC_cell_CACAGGCTCGTTACAG,0,0,0
ECO1_PBMC_cell_AGGGAGTCAGGCTGAA,0,0,0
ECO1_PBMC_cell_CACACTCAGTCTTGCA,0,0,0
ECO1_PBMC_cell_ACACCAACAAAGAATC,0,0,0
ECO1_PBMC_cell_CAAGATCCATGGATGG,0,0,0
ECO1_PBMC_cell_CAGCTAAGTCTCACCT,0,0,0
ECO1_PBMC_cell_CCACTACGTACCGTAT,0,0,0
ECO1_PBMC_cell_TGAAAGAAGATAGTCA,0,0,0
ECO1_PBMC_cell_CCGGTAGCAAAGGTGC,0,0,0
ECO1_PBMC_cell_CTAGTGAAGCCACGTC,0,0,0
ECO1_PBMC_cell_GCAATCAGTTCGCTAA,0,0,0
ECO1_PBMC_cell_GTCCTCAAGTCGATAA,0,0,0
ECO1_PBMC_cell_TAGTGGTTCTATCCTA,0,0,0
ECO1_PBMC_cell_GCGAGAACATGCCCGA,0,0,0
ECO1_PBMC_cell_TAGTGGTGTTCCTCCA,0,0,0
ECO1_PBMC_cell_CGGACGTCATGGTTGT,0,0,0
ECO1_PBMC_cell_TTCTCCTAGTCATGCT,0,0,0
ECO1_PBMC_cell_TACTTACTCGAATGGG,0,0,0
ECO1_PBMC_cell_CAAGATCAGGCAGTCA,0,0,0
ECO1_PBMC_cell_TCGCGTTCATTATCTC,0,0,0
ECO1_PBMC_cell_TCGCGTTGTCACTTCC,0,0,0
ECO1_PBMC_cell_GTACGTAGTGTGTGCC,0,0,0
ECO1_PBMC_cell_CACCTTGTCTTAGCCC,0,0,0
ECO1_PBMC_cell_TGGCTGGAGGCTAGCA,0,0,0
ECO1_PBMC_cell_GCTTGAAGTCATGCCG,0,0,0
ECO1_PBMC_cell_GACGCGTTCCAAGCCG,0,0,0
ECO1_PBMC_cell_GGAATAATCATATCGG,0,0,0
ECO1_PBMC_cell_TGCACCTTCTAGCACA,0,0,0
ECO1_PBMC_cell_TGAGAGGTCTGGTGTA,0,0,0
ECO1_PBMC_cell_CGTTCTGTCCTTTCTC,0,0,0
ECO1_PBMC_cell_TCAATCTGTTACGCGC,0,0,0
ECO1_PBMC_cell_TCTGAGAGTCTGGAGA,0,0,0
ECO1_PBMC_cell_CTCTAATTCAACGGGA,0,0,0
ECO1_PBMC_cell_ACTTTCATCATCACCC,0,0,0
ECO1_PBMC_cell_CGGAGTCTCAAGATCC,0,0,0
ECO1_PBMC_cell_GACTACATCACAAACC,0,0,0
ECO1_PBMC_cell_GTGCATAAGCATGGCA,0,0,0
ECO1_PBMC_cell_AGGGAGTAGCGTCTAT,0,0,0
ECO1_PBMC_cell_TACAGTGGTGAAGGCT,0,0,0
ECO1_PBMC_cell_AAGACCTGTTCGTCTC,0,0,0
ECO1_PBMC_cell_GCATGTAAGGAACTGC,0,0,0
ECO1_PBMC_cell_CCGGTAGAGGGCTTGA,0,0,0
ECO1_PBMC_cell_AGGCCGTCAGGGATTG,0,0,0
ECO1_PBMC_cell_CATATTCCACCGATAT,0,0,0
ECO1_PBMC_cell_TACACGAGTAGTAGTA,0,0,0
ECO1_PBMC_cell_CGGCTAGGTCTACCTC,0,0,0
ECO1_PBMC_cell_CGAGCCAGTCAAAGCG,0,0,0
ECO1_PBMC_cell_CAGTAACAGGCATGGT,0,0,0
ECO1_PBMC_cell_GGGACCTTCTTACCGC,0,0,0
ECO1_PBMC_cell_GAAATGACATCGTCGG,0,0,0
ECO1_PBMC_cell_ACCTTTATCACCAGGC,0,0,0
ECO1_PBMC_cell_CGGACTGGTCGTGGCT,0,0,0
ECO1_PBMC_cell_CTGCCTAAGTGTTTGC,0,0,0
ECO1_PBMC_cell_CCTAAAGAGTGACTCT,0,0,0
ECO1_PBMC_cell_CAAGGCCGTTTGTTTC,0,0,0
ECO1_PBMC_cell_GTTCGGGTCCAGAAGG,0,0,0
ECO1_PBMC_cell_CATGCCTTCAGCGACC,0,0,0
ECO1_PBMC_cell_TGGACGCTCGAATCCA,0,0,0
ECO1_PBMC_cell_GCGCCAACATGCAACT,0,0,0
ECO1_PBMC_cell_GCGAGAAAGATGCGAC,0,0,0
ECO1_PBMC_cell_CGATGTAAGGCCCTCA,0,0,0
ECO1_PBMC_cell_TCAGGTACACGAAATA,0,0,0
ECO1_PBMC_cell_AGCATACGTACCGTTA,0,0,0
ECO1_PBMC_cell_CTGCTGTTCTCAACTT,0,0,0
ECO1_PBMC_cell_ACGATACGTCAAACTC,0,0,0
ECO1_PBMC_cell_GGGTTGCGTCGACTAT,0,0,0
ECO1_PBMC_cell_GCGACCAGTGATGTGG,0,0,0
ECO1_PBMC_cell_CACCTTGGTTGTCGCG,0,0,0
ECO1_PBMC_cell_TTTATGCTCGAGCCCA,0,0,0
ECO1_PBMC_cell_TCGGTAACAGTCACTA,0,0,0
ECO1_PBMC_cell_GATGAGGGTGAGGGAG,0,0,0
ECO1_PBMC_cell_TTAGGACGTCGGCACT,0,0,0
ECO1_PBMC_cell_GTTCATTCAGACACTT,0,0,0
ECO1_PBMC_cell_ACTTTCAAGCACACAG,0,0,0
ECO1_PBMC_cell_GATGAAATCGATCCCT,0,0,0
ECO1_PBMC_cell_CGCTTCACACACAGAG,0,0,0
ECO1_PBMC_cell_ACGCCGACATGGTTGT,0,0,0
ECO1_PBMC_cell_GCGCGATCACACCGCA,0,0,0
ECO1_PBMC_cell_TTGCGTCCATCACCCT,0,0,0
ECO1_PBMC_cell_TTTGCGCGTCAAAGAT,0,0,0
ECO1_PBMC_cell_ACACCAACATGGTCTA,0,0,0
ECO1_PBMC_cell_CTAATGGAGTCGTACT,0,0,0
ECO1_PBMC_cell_CGGGTCATCTATCCTA,0,0,0
ECO1_PBMC_cell_CAGCCGAGTCAATGTC,0,0,0
ECO1_PBMC_cell_TCGCGAGAGCGATCCC,0,0,0
ECO1_PBMC_cell_GCATGTAGTTGGGACA,0,0,0
ECO1_PBMC_cell_TTTACTGGTCGGCTCA,0,0,0
ECO1_PBMC_cell_TCTTTCCGTCTGCAAT,0,0,0
ECO1_PBMC_cell_TATCAGGTCCTGCTTG,0,0,0
ECO1_PBMC_cell_AGGGAGTAGTGTACTC,0,0,0
ECO1_PBMC_cell_GACTAACGTATGCTTG,0,0,0
ECO1_PBMC_cell_TCATTACAGAAACCAT,0,0,0
ECO1_PBMC_cell_CATCAGATCCTATGTT,0,0,0
ECO1_PBMC_cell_GACGGCTAGTGCGTGA,0,0,0
ECO1_PBMC_cell_CATTCGCAGAGGGCTT,0,0,0
ECO1_PBMC_cell_CGCCAAGAGTCTCGGC,0,0,0
ECO1_PBMC_cell_GGGACCTAGATGTAAC,0,0,0
ECO1_PBMC_cell_CAGATCAGTCGGCACT,0,0,0
ECO1_PBMC_cell_ACGGCCATCAAGCCTA,0,0,0
ECO1_PBMC_cell_GTTCATTTCGCCAGCA,0,0,0
ECO1_PBMC_cell_AGGGATGGTCGCTTTC,0,0,0
ECO1_PBMC_cell_TCGGTAATCAACACGT,0,0,0
ECO1_PBMC_cell_TCACGAAGTACGCTGC,0,0,0
ECO1_PBMC_cell_TCTGGAAGTACCAGTT,0,0,0
ECO1_PBMC_cell_ATTATCCGTACGCTGC,0,0,0
ECO1_PBMC_cell_GATCGTATCCGTTGCT,0,0,0
ECO1_PBMC_cell_GGACGTCGTCAAAGAT,0,0,0
ECO1_PBMC_cell_TTTCCTCTCCTCAACC,0,0,0
ECO1_PBMC_cell_GATGAGGTCATCTGCC,0,0,0
ECO1_PBMC_cell_GCTTGAACAGTATAAG,0,0,0
ECO1_PBMC_cell_TTCTCCTAGTTGTAGA,0,0,0
ECO1_PBMC_cell_CATCAAGGTCATACTG,0,0,0
ECO1_PBMC_cell_AGATCTGGTGTCCTCT,0,0,0
ECO1_PBMC_cell_TACTCATGTTGTGGCC,0,0,0
ECO1_PBMC_cell_TTTCCTCGTACAGTGG,0,0,0
ECO1_PBMC_cell_CGGACGTTCAAGATCC,0,0,0
ECO1_PBMC_cell_GGTATTGTCCGTTGCT,0,0,0
ECO1_PBMC_cell_TCTGAGAAGTAAGTAC,0,0,0
ECO1_PBMC_cell_GCTTGAAAGCGATTCT,0,0,0
ECO1_PBMC_cell_AGTCTTTCATAGACTC,0,0,0
ECO1_PBMC_cell_CCTACACCAAAGAATC,0,0,0
ECO1_PBMC_cell_GGATGTTTCTCAAGTG,0,0,0
ECO1_PBMC_cell_GACACGCTCAAGAAGT,0,0,0
ECO1_PBMC_cell_TGTTCCGCAGTCAGCC,0,0,0
ECO1_PBMC_cell_CGGACTGTCAGAGGTG,0,0,0
ECO1_PBMC_cell_CCGGGATTCGCCCTTA,0,0,0
ECO1_PBMC_cell_CGCGGTAGTTGAACTC,0,0,0
ECO1_PBMC_cell_CTAGTGAAGAGCTGCA,0,0,0
ECO1_PBMC_cell_CAACCTCGTACCGCTG,0,0,0
ECO1_PBMC_cell_TTGCGTCTCTTCATGT,0,0,0
ECO1_PBMC_cell_ATAAGAGGTACCGTAT,0,0,0
ECO1_PBMC_cell_TTTATGCTCGACCAGC,0,0,0
ECO1_PBMC_cell_GACGCGTTCATATCGG,0,0,0
ECO1_PBMC_cell_CGGCTAGCAAGTTCTG,0,0,0
ECO1_PBMC_cell_CGCTGGAGTATTCTCT,0,0,0
ECO1_PBMC_cell_GTAACTGCACAGGCCT,0,0,0
ECO1_PBMC_cell_TTCTCAAGTACCGCTG,0,0,0
ECO1_PBMC_cell_AGCATACCAAGAAAGG,0,0,0
ECO1_PBMC_cell_GCTGCGACACAACGTT,0,0,0
ECO1_PBMC_cell_TGCCAAAGTTCGCGAC,0,0,0
ECO1_PBMC_cell_GTGAAGGCATCGGAAG,0,0,0
ECO1_PBMC_cell_ATCGAGTAGTTTAGGA,0,0,0
ECO1_PBMC_cell_CTTACCGGTATATCCG,0,0,0
ECO1_PBMC_cell_ATCATCTCAACACCCG,0,0,0
ECO1_PBMC_cell_CAGATCAGTAGCTAAA,0,0,0
ECO1_PBMC_cell_CCACTACAGATAGCAT,0,0,0
ECO1_PBMC_cell_ATTATCCGTTCATGGT,0,0,0
ECO1_PBMC_cell_CGAATGTGTACCGAGA,0,0,0
ECO1_PBMC_cell_GGAATAAAGATCGATA,0,0,0
ECO1_PBMC_cell_CAGATCATCACCGTAA,0,0,0
ECO1_PBMC_cell_CCGTACTTCATTGCCC,0,0,0
ECO1_PBMC_cell_TTGAACGGTAGGACAC,0,0,0
ECO1_PBMC_cell_AAGCCGCCAAGCGTAG,0,0,0
ECO1_PBMC_cell_CTGCCTATCATCATTC,0,0,0
ECO1_PBMC_cell_TCAGCTCTCTGTCCGT,0,0,0
ECO1_PBMC_cell_TCTATTGTCGGTCTAA,0,0,0
ECO1_PBMC_cell_TGCCAAAAGCGACGTA,0,0,0
ECO1_PBMC_cell_CAGCTAATCCTCAACC,0,0,0
ECO1_PBMC_cell_CCTTCGATCCTATTCA,0,0,0
ECO1_PBMC_cell_CAGTAACCACAGACTT,0,0,0
ECO1_PBMC_cell_CTCGGGATCCTCAACC,0,0,0
ECO1_PBMC_cell_CATCAAGTCTCTGCTG,0,0,0
ECO1_PBMC_cell_GGATGTTCACTACAGT,0,0,0
ECO1_PBMC_cell_CTCGGAGTCGGTGTCG,0,0,0
ECO1_PBMC_cell_CAACCAATCTACCTGC,0,0,0
ECO1_PBMC_cell_TCAGGTAGTTCAGACT,0,0,0
ECO1_PBMC_cell_TGCTACCTCAAACCGT,0,0,0
ECO1_PBMC_cell_TACACGAAGCTTCGCG,0,0,0
ECO1_PBMC_cell_CCTCAGTAGAAACGAG,0,0,0
ECO1_PBMC_cell_TCTGGAAGTACTTCTT,0,0,0
ECO1_PBMC_cell_AGGGAGTGTCTGATCA,0,0,0
ECO1_PBMC_cell_ACACCGGAGTGTTTGC,0,0,0
ECO1_PBMC_cell_GTGCTTCTCGGAGGTA,0,0,0
ECO1_PBMC_cell_AAAGTAGCATCGATGT,0,0,0
ECO1_PBMC_cell_TGAGGGATCCGCATCT,0,0,0
ECO1_PBMC_cell_TTCGGTCGTTTGTTTC,0,0,0
ECO1_PBMC_cell_ATCTGCCCATGTTGAC,0,0,0
ECO1_PBMC_cell_TATGCCCAGTACGATA,0,0,0
ECO1_PBMC_cell_AGCTCCTCAAGAGGCT,0,0,0
ECO1_PBMC_cell_AGATTGCCAACCGCCA,0,0,0
ECO1_PBMC_cell_CATCAGAAGTTCGATC,0,0,0
ECO1_PBMC_cell_ATGCGATGTAAGCACG,0,0,0
ECO1_PBMC_cell_CTGCGGATCGCAGGCT,0,0,0
ECO1_PBMC_cell_AAACCTGTCGAATCCA,0,0,0
ECO1_PBMC_cell_GCAGCCAGTGGGTCAA,0,0,0
ECO1_PBMC_cell_GTAACGTAGGGATGGG,0,0,0
ECO1_PBMC_cell_TGGCCAGTCACCTTAT,0,0,0
ECO1_PBMC_cell_GTACTTTTCTACTATC,0,0,0
ECO1_PBMC_cell_GCTGCAGAGCGTCTAT,0,0,0
ECO1_PBMC_cell_CGTGAGCTCTCTGTCG,0,0,0
ECO1_PBMC_cell_CTGCTGTAGGTGATAT,0,0,0
ECO1_PBMC_cell_GATGAAATCCTGCAGG,0,0,0
ECO1_PBMC_cell_TACAGTGTCATGTCTT,0,0,0
ECO1_PBMC_cell_GCTGCAGGTCACAAGG,0,0,0
ECO1_PBMC_cell_ACTGCTCTCCAGGGCT,0,0,0
ECO1_PBMC_cell_ACGCCGATCTACCTGC,0,0,0
ECO1_PBMC_cell_CGCTGGAAGTGTACCT,0,0,0
ECO1_PBMC_cell_ATGTGTGAGTATCGAA,0,0,0
ECO1_PBMC_cell_TTCTACAGTTCCACGG,0,0,0
ECO1_PBMC_cell_GCGGGTTGTGGGTCAA,0,0,0
ECO1_PBMC_cell_TGCCCTATCCCGGATG,0,0,0
ECO1_PBMC_cell_TATCAGGCAGATAATG,0,0,0
ECO1_PBMC_cell_ACCTTTATCTCTGCTG,0,0,0
ECO1_PBMC_cell_TAGAGCTCATACGCTA,0,0,0
ECO1_PBMC_cell_CTGAAGTGTCACTTCC,0,0,0
ECO1_PBMC_cell_GGCCGATAGGAACTGC,0,0,0
ECO1_PBMC_cell_CTGAAACCATGAGCGA,0,0,0
ECO1_PBMC_cell_CACATTTGTCTTTCAT,0,0,0
ECO1_PBMC_cell_CTCTGGTCAGGCTGAA,0,0,0
ECO1_PBMC_cell_TGCGCAGCATGGATGG,0,0,0
ECO1_PBMC_cell_ACGTCAAAGAGTACAT,0,0,0
ECO1_PBMC_cell_TACAGTGGTCTAAAGA,0,0,0
ECO1_PBMC_cell_GACGGCTTCCGGGTGT,0,0,0
ECO1_PBMC_cell_ACGAGGAAGCGTAGTG,0,0,0
ECO1_PBMC_cell_ACGCCGAGTTACGACT,0,0,0
ECO1_PBMC_cell_AGAATAGAGTCCTCCT,0,0,0
ECO1_PBMC_cell_TCAGCAATCGGAAATA,0,0,0
ECO1_PBMC_cell_TGCGCAGCATCACCCT,0,0,0
ECO1_PBMC_cell_TTCGGTCAGTAGATGT,0,0,0
ECO1_PBMC_cell_CTGAAACGTACCGGCT,0,0,0
ECO1_PBMC_cell_CTAGTGAAGTTCGCAT,0,0,0
ECO1_PBMC_cell_AGCTCTCAGCTATGCT,0,0,0
ECO1_PBMC_cell_AGACGTTAGTGGGCTA,0,0,0
ECO1_PBMC_cell_TAAGAGACACTGAAGG,0,0,0
ECO1_PBMC_cell_ACTTTCATCTGGTGTA,0,0,0
ECO1_PBMC_cell_CAGTCCTAGACTAAGT,0,0,0
ECO1_PBMC_cell_CATGGCGCACTTGGAT,0,0,0
ECO1_PBMC_cell_TGGGCGTCAGACTCGC,0,0,0
ECO1_PBMC_cell_CTCACACTCCCTTGTG,0,0,0
ECO1_PBMC_cell_AAACCTGCAGCTGTAT,0,0,0
ECO1_PBMC_cell_ACCAGTAGTGATGTGG,0,0,0
ECO1_PBMC_cell_TACGGGCGTCGGCATC,0,0,0
ECO1_PBMC_cell_CGCTTCAAGTCTTGCA,0,0,0
ECO1_PBMC_cell_CTGGTCTAGCGGCTTC,0,0,0
ECO1_PBMC_cell_GAACCTACAGTGGAGT,0,0,0
ECO1_PBMC_cell_TTCGAAGGTCCGAAGA,0,0,0
ECO1_PBMC_cell_CTACGTCGTCTCCATC,0,0,0
ECO1_PBMC_cell_AGATTGCCAGGCAGTA,0,0,0
ECO1_PBMC_cell_TCATTTGCATGCTGGC,0,0,0
ECO1_PBMC_cell_CGATGTAGTCGGCATC,0,0,0
ECO1_PBMC_cell_AAGACCTTCCAGATCA,0,0,0
ECO1_PBMC_cell_GTCACGGTCGGAATCT,0,0,0
ECO1_PBMC_cell_TTAGTTCAGGGAGTAA,0,0,0
ECO1_PBMC_cell_ACATACGCAGAGTGTG,0,0,0
ECO1_PBMC_cell_CTGAAACTCATGCAAC,0,0,0
ECO1_PBMC_cell_CTAAGACCACGGTTTA,0,0,0
ECO1_PBMC_cell_CCTACCATCAGGTAAA,0,0,1
ECO1_PBMC_cell_CTCGTACGTATTCGTG,0,0,0
ECO1_PBMC_cell_CGGACACGTGCGGTAA,0,0,0
ECO1_PBMC_cell_CCTCTGAAGGGTCTCC,0,0,0
ECO1_PBMC_cell_TCAGATGTCAGCATGT,0,0,0
ECO1_PBMC_cell_GACTACAGTCTAGAGG,0,0,0
ECO1_PBMC_cell_CATCAAGAGACAAGCC,0,0,0
ECO1_PBMC_cell_GACCAATCATATACGC,0,0,0
ECO1_PBMC_cell_TAGACCATCGTCCGTT,0,0,0
ECO1_PBMC_cell_CAGCGACTCTCCCTGA,0,0,0
ECO1_PBMC_cell_CCGGTAGCAAACTGCT,0,0,0
ECO1_PBMC_cell_CGGAGCTGTGTGAATA,0,0,0
ECO1_PBMC_cell_ACTTGTTAGTGCCAGA,0,0,0
ECO1_PBMC_cell_CGGGTCAGTAGCCTAT,0,0,0
ECO1_PBMC_cell_TACGGTACAGCGTTCG,0,0,0
ECO1_PBMC_cell_GCGCAACAGCTCAACT,0,0,0
ECO1_PBMC_cell_GTTCTCGTCCTGCCAT,0,0,0
ECO1_PBMC_cell_GGACATTAGTAGGTGC,0,0,0
ECO1_PBMC_cell_CGAACATGTCTGGAGA,0,0,0
ECO1_PBMC_cell_CTCGGAGGTGAAATCA,0,0,0
ECO1_PBMC_cell_GTACTCCGTTTGACTG,0,0,0
ECO1_PBMC_cell_GTAACGTGTCCGTGAC,0,0,0
ECO1_PBMC_cell_GACGCGTTCAAGCCTA,0,0,0
ECO1_PBMC_cell_GATCGATTCGTAGGAG,0,0,0
ECO1_PBMC_cell_CTCGAAACAATCCAAC,0,0,0
ECO1_PBMC_cell_GGCCGATTCTCAACTT,0,0,0
ECO1_PBMC_cell_ACTTACTTCTGCAAGT,0,0,0
ECO1_PBMC_cell_ACTATCTGTCGCGTGT,0,0,0
ECO1_PBMC_cell_TGCGTGGAGCCAGTAG,0,0,0
ECO1_PBMC_cell_GTTAAGCCATTCCTCG,0,0,0
ECO1_PBMC_cell_GTCTTCGTCTAACTGG,0,0,0
ECO1_PBMC_cell_GGCAATTCAGCAGTTT,0,0,0
ECO1_PBMC_cell_ATGCGATGTCGAAAGC,0,0,0
ECO1_PBMC_cell_GCACTCTAGATGTCGG,0,0,0
ECO1_PBMC_cell_GTCATTTAGAAACCAT,0,0,0
ECO1_PBMC_cell_GTTCGGGCATCTCGCT,0,0,0
ECO1_PBMC_cell_AACTGGTCAAGTTAAG,0,0,0
ECO1_PBMC_cell_CGGGTCACATGCATGT,0,0,0
ECO1_PBMC_cell_TGCGGGTCAGTGGAGT,0,0,0
ECO1_PBMC_cell_CGTTAGATCACTATTC,0,0,0
ECO1_PBMC_cell_ATCATCTAGCGTGAGT,0,0,0
ECO1_PBMC_cell_GTGTTAGTCTGTTGAG,0,0,0
ECO1_PBMC_cell_CAACCTCCAAGCGCTC,0,0,0
ECO1_PBMC_cell_GTCATTTAGTGCGATG,0,0,0
ECO1_PBMC_cell_GCAGTTAAGGCTAGCA,0,0,0
ECO1_PBMC_cell_CTAGTGAAGACGCAAC,0,0,0
ECO1_PBMC_cell_CAGTCCTTCGGTTCGG,0,0,0
ECO1_PBMC_cell_TCTTTCCGTCATGCCG,0,0,0
ECO1_PBMC_cell_CCTTACGCATGGATGG,0,0,0
ECO1_PBMC_cell_GAAACTCAGGGCACTA,0,0,0
ECO1_PBMC_cell_GTCTCGTTCACCGGGT,0,0,0
ECO1_PBMC_cell_GGAGCAAAGCGATATA,0,0,0
ECO1_PBMC_cell_CGTCACTAGGTGTGGT,0,0,0
ECO1_PBMC_cell_TTGCGTCCAAGTCATC,0,0,0
ECO1_PBMC_cell_CTGCTGTAGGTGGGTT,0,0,0
ECO1_PBMC_cell_TCTGGAATCTGCCCTA,0,0,0
ECO1_PBMC_cell_CGTGTCTTCCACTCCA,0,0,0
ECO1_PBMC_cell_ATGGGAGAGATGGGTC,0,0,0
ECO1_PBMC_cell_TAAGAGATCTGCTTGC,0,0,0
ECO1_PBMC_cell_CGCTTCAAGTGCCAGA,0,0,0
ECO1_PBMC_cell_TCCACACCACCGATAT,0,0,0
ECO1_PBMC_cell_TACGGATAGATGCCTT,0,0,0
ECO1_PBMC_cell_CTAGAGTAGATGTCGG,0,0,0
ECO1_PBMC_cell_ATAAGAGCAGACGCCT,0,0,0
ECO1_PBMC_cell_CTGCGGACACGTAAGG,0,0,0
ECO1_PBMC_cell_AAGACCTAGAGTTGGC,0,0,0
ECO1_PBMC_cell_CATCAGAGTCAGTGGA,0,0,0
ECO1_PBMC_cell_CATTATCCACTTAACG,0,0,0
ECO1_PBMC_cell_TCGCGTTTCCACGCAG,0,0,0
ECO1_PBMC_cell_ACGGAGATCTTAACCT,0,0,0
ECO1_PBMC_cell_GGTGTTATCGCGTTTC,0,0,0
ECO1_PBMC_cell_TGCGCAGCACTTGGAT,0,0,0
ECO1_PBMC_cell_CGTCTACTCAGTTTGG,0,0,0
ECO1_PBMC_cell_AGCGTATGTAGCCTCG,0,0,0
ECO1_PBMC_cell_CTCTACGCACAGGAGT,0,0,0
ECO1_PBMC_cell_ACTTGTTAGGATGGTC,0,0,0
ECO1_PBMC_cell_TGAGCCGTCCGAAGAG,0,0,0
ECO1_PBMC_cell_GGGAATGCAAAGTGCG,0,0,0
ECO1_PBMC_cell_ATAACGCTCATGTGGT,0,0,0
ECO1_PBMC_cell_GGCTGGTCAGGAATCG,0,0,0
ECO1_PBMC_cell_ATGCGATAGTCCTCCT,0,0,0
ECO1_PBMC_cell_GACTAACCACGTAAGG,0,0,0
ECO1_PBMC_cell_CGCGTTTTCGTTACAG,0,0,0
ECO1_PBMC_cell_CGTGTCTAGCGTTGCC,0,0,0
ECO1_PBMC_cell_CGATTGAAGTGCCAGA,0,0,0
ECO1_PBMC_cell_AGTCTTTGTACGAAAT,0,0,0
ECO1_PBMC_cell_TGCTGCTCATTTGCCC,0,0,0
ECO1_PBMC_cell_CGGACACCACACGCTG,0,0,0
ECO1_PBMC_cell_GCAGCCATCGACAGCC,0,0,0
ECO1_PBMC_cell_TGAGGGACACACGCTG,0,0,0
ECO1_PBMC_cell_TGAGAGGTCGTACGGC,0,0,0
ECO1_PBMC_cell_CTAATGGAGCCAACAG,0,0,0
ECO1_PBMC_cell_TCCACACTCGGATGGA,0,0,0
ECO1_PBMC_cell_AGGCCACCATCGGTTA,0,0,0
ECO1_PBMC_cell_TGGCTGGGTGTGGTTT,0,0,0
ECO1_PBMC_cell_ATGAGGGAGCTTTGGT,0,0,0
ECO1_PBMC_cell_GGCAATTAGACTTGAA,0,0,0
ECO1_PBMC_cell_TCACAAGTCCAAGTAC,0,0,0
ECO1_PBMC_cell_ACGGGTCTCCAAACAC,0,0,0
ECO1_PBMC_cell_TGGCCAGCACTATCTT,0,0,0
ECO1_PBMC_cell_CTACACCGTCCCTTGT,0,0,0
ECO1_PBMC_cell_TTATGCTCAGGCGATA,0,0,0
ECO1_PBMC_cell_CATCCACAGCTATGCT,0,0,0
ECO1_PBMC_cell_GAGCAGACATCGGTTA,0,0,0
ECO1_PBMC_cell_GGGCATCAGAGTCGGT,0,0,0
ECO1_PBMC_cell_TGCCCATAGTACTTGC,0,0,0
ECO1_PBMC_cell_CAGCAGCCATGCAACT,0,0,0
ECO1_PBMC_cell_GGGATGATCTGAGTGT,0,0,0
ECO1_PBMC_cell_GGCGACTCACAGAGGT,0,0,0
ECO1_PBMC_cell_CGTGTAACATACAGCT,0,0,0
ECO1_PBMC_cell_AACCATGGTCTCGTTC,0,0,0
ECO1_PBMC_cell_GCTTCCATCTGTCTCG,0,0,0
ECO1_PBMC_cell_TGAGCCGCATCGACGC,0,0,0
ECO1_PBMC_cell_CTGCTGTCACAGACTT,0,0,0
ECO1_PBMC_cell_TACGGGCCAAGCCCAC,0,0,0
ECO1_PBMC_cell_ACTGAACAGATGTTAG,0,0,0
ECO1_PBMC_cell_ATCATGGAGCCAGTTT,0,0,0
ECO1_PBMC_cell_CACAGTACAAGAGTCG,0,0,0
ECO1_PBMC_cell_TACGGTAAGACCGGAT,0,0,0
ECO1_PBMC_cell_TGAGCATAGTGACTCT,0,0,0
ECO1_PBMC_cell_CACAGGCCACACTGCG,0,0,0
ECO1_PBMC_cell_TCCACACAGAACTCGG,0,0,0
ECO1_PBMC_cell_CCTATTAGTCGAATCT,0,0,0
ECO1_PBMC_cell_ATGAGGGAGTGAATTG,0,0,0
ECO1_PBMC_cell_CACCAGGCAGACGCCT,0,0,0
ECO1_PBMC_cell_CGATCGGAGACAGACC,0,0,0
ECO1_PBMC_cell_GTTCTCGAGCCAGTAG,0,0,0
ECO1_PBMC_cell_CTGAAACAGTGGTAAT,0,0,0
ECO1_PBMC_cell_AAGACCTCACCATGTA,0,0,0
ECO1_PBMC_cell_AACTCCCTCAACCATG,0,0,0
ECO1_PBMC_cell_GGAAAGCTCCTGTACC,0,0,0
ECO1_PBMC_cell_CAGTAACGTAACGTTC,0,0,0
ECO1_PBMC_cell_TCATTTGGTCGACTGC,0,0,0
ECO1_PBMC_cell_TCAGGATCAGAGCCAA,0,0,0
ECO1_PBMC_cell_AAGGCAGCATTTCAGG,0,0,0
ECO1_PBMC_cell_AGTCTTTTCACGCGGT,0,0,0
ECO1_PBMC_cell_ATTGGACTCTTTCCTC,0,0,0
ECO1_PBMC_cell_GTCGTAAAGTGCGATG,0,0,0
ECO1_PBMC_cell_GGACATTTCTTGAGGT,0,0,0
ECO1_PBMC_cell_CTCACACCAATCAGAA,0,0,0
ECO1_PBMC_cell_GTCACAATCCTCTAGC,0,0,0
ECO1_PBMC_cell_CTGAAGTGTGGCTCCA,0,0,0
ECO1_PBMC_cell_GTATCTTTCCTCGCAT,0,0,0
ECO1_PBMC_cell_ATCATGGTCATGCTCC,0,0,0
ECO1_PBMC_cell_TTTCCTCCACCAGCAC,0,0,0
ECO1_PBMC_cell_CACACAAAGTCGAGTG,0,0,0
ECO1_PBMC_cell_ACGAGCCAGCCGTCGT,0,0,0
ECO1_PBMC_cell_TGCGCAGAGTGAACGC,0,0,0
ECO1_PBMC_cell_TACTCGCTCTCTGCTG,0,0,0
ECO1_PBMC_cell_CCTTCCCAGAGTGACC,0,0,0
ECO1_PBMC_cell_TCGCGTTAGTTACGGG,0,0,0
ECO1_PBMC_cell_CGGAGTCAGCCAGTAG,0,0,0
ECO1_PBMC_cell_ACGATACAGGATTCGG,0,0,0
ECO1_PBMC_cell_CTCTAATTCCCAAGTA,0,0,0
ECO1_PBMC_cell_GGCAATTCAGCCTATA,0,0,0
ECO1_PBMC_cell_AACGTTGGTTGAGGTG,0,0,0
ECO1_PBMC_cell_GCTGCTTGTCGACTGC,0,0,0
ECO1_PBMC_cell_AGGTCATCAGGACCCT,0,0,0
ECO1_PBMC_cell_CTCGTCACATATGAGA,0,0,0
ECO1_PBMC_cell_AAGGCAGTCAGCTGGC,0,0,0
ECO1_PBMC_cell_AAGGTTCAGTCAAGGC,0,0,0
ECO1_PBMC_cell_ATGCGATGTGATGTGG,0,0,0
ECO1_PBMC_cell_GAGTCCGAGGATGGAA,0,0,0
ECO1_PBMC_cell_CCCAGTTTCAAAGTAG,0,0,0
ECO1_PBMC_cell_CGTGTAAGTTTGACAC,0,0,0
ECO1_PBMC_cell_TCAATCTAGGCCCTTG,0,0,0
ECO1_PBMC_cell_TTCTCCTAGCTGAACG,0,0,0
ECO1_PBMC_cell_TAGTGGTGTTGTCTTT,0,0,0
ECO1_PBMC_cell_GGACGTCAGTGCGTGA,0,0,0
ECO1_PBMC_cell_CTAATGGCAGATAATG,0,0,0
ECO1_PBMC_cell_GACGTTACACTATCTT,0,0,0
ECO1_PBMC_cell_CGAACATCATCGATGT,0,0,0
ECO1_PBMC_cell_GTCATTTGTCGAGTTT,0,0,0
ECO1_PBMC_cell_GGAGCAATCAACGAAA,0,0,0
ECO1_PBMC_cell_CGTCACTTCCTAGGGC,0,0,0
ECO1_PBMC_cell_CTAATGGTCCGCAGTG,0,0,0
ECO1_PBMC_cell_GACGCGTAGGCTCAGA,0,0,0
ECO1_PBMC_cell_TGACAACGTAGAAGGA,0,0,0
ECO1_PBMC_cell_AGTGGGAAGCTTTGGT,0,0,0
ECO1_PBMC_cell_TCAACGAAGGGTGTTG,0,0,0
ECO1_PBMC_cell_AAACCTGAGTGGCACA,0,0,0
ECO1_PBMC_cell_ACGCCGACACACCGCA,0,0,0
ECO1_PBMC_cell_CTCGTCATCTGGTGTA,0,0,0
ECO1_PBMC_cell_CGTTCTGGTCGAAAGC,0,0,0
ECO1_PBMC_cell_CCTACACAGCCACCTG,0,0,0
ECO1_PBMC_cell_CTCGGAGCACGTCAGC,0,0,0
ECO1_PBMC_cell_CACATAGTCGGATGTT,0,0,0
ECO1_PBMC_cell_TGTGTTTAGCTGTCTA,0,0,0
ECO1_PBMC_cell_AGAGCGATCCTGCTTG,0,0,0
ECO1_PBMC_cell_TACAGTGTCGGTCTAA,0,0,0
ECO1_PBMC_cell_AACTCTTGTTTGGGCC,0,0,0
ECO1_PBMC_cell_AACTGGTCAGTCAGCC,0,0,0
ECO1_PBMC_cell_GTATTCTTCCTACAGA,0,0,0
ECO1_PBMC_cell_CATATTCCAATCTACG,0,0,0
ECO1_PBMC_cell_AGCGTATTCAGTTGAC,0,0,0
ECO1_PBMC_cell_CACAAACCACGTCAGC,0,0,0
ECO1_PBMC_cell_CAGAGAGTCTAACTTC,0,0,0
ECO1_PBMC_cell_CACCACTCACGTCTCT,0,0,0
ECO1_PBMC_cell_CCCAATCCAAGTCTGT,0,0,0
ECO1_PBMC_cell_CAAGATCTCAGGCCCA,0,0,0
ECO1_PBMC_cell_CAGCATAGTGATAAGT,0,0,0
ECO1_PBMC_cell_ACGAGGAAGGCATGGT,0,0,0
ECO1_PBMC_cell_GCATGATGTGTTCTTT,0,0,0
ECO1_PBMC_cell_ACCAGTAGTACTTAGC,0,0,0
ECO1_PBMC_cell_ATAGACCAGTAGCCGA,0,0,0
ECO1_PBMC_cell_CCGTACTTCTGTCAAG,0,0,0
ECO1_PBMC_cell_GCGCAGTAGACTGGGT,0,0,0
ECO1_PBMC_cell_ACGGGCTGTTACTGAC,0,0,0
ECO1_PBMC_cell_ACACCCTGTCATATGC,0,0,0
ECO1_PBMC_cell_GTAGGCCAGTGTACTC,0,0,0
ECO1_PBMC_cell_TTCGAAGGTTGGTTTG,0,0,0
ECO1_PBMC_cell_CAAGTTGTCCCAAGTA,0,0,0
ECO1_PBMC_cell_ACGCCGATCTACGAGT,0,0,0
ECO1_PBMC_cell_CACCTTGAGGAGTTGC,0,0,0
ECO1_PBMC_cell_GTTCATTGTAGGGTAC,0,0,0
ECO1_PBMC_cell_TGGGAAGCAAAGTGCG,0,0,0
ECO1_PBMC_cell_GACCAATTCCGCGCAA,0,0,0
ECO1_PBMC_cell_CAACCTCGTACCCAAT,0,0,0
ECO1_PBMC_cell_AGCCTAACACGCCAGT,0,0,0
ECO1_PBMC_cell_CCTAAAGGTCGACTAT,0,0,0
ECO1_PBMC_cell_GAATGAATCAGCTCTC,0,0,0
ECO1_PBMC_cell_TACGGTATCGGTGTCG,0,0,0
ECO1_PBMC_cell_CATTATCCAAGGACAC,0,0,0
ECO1_PBMC_cell_GGGCACTAGAAACCTA,0,0,0
ECO1_PBMC_cell_TGTGGTACATTACCTT,0,0,0
ECO1_PBMC_cell_GAAATGATCGACCAGC,0,0,0
ECO1_PBMC_cell_GCTCCTACAGACTCGC,0,0,0
ECO1_PBMC_cell_GTCGGGTAGTGTCCAT,0,0,0
ECO1_PBMC_cell_TGCACCTAGCTCCTCT,0,0,0
ECO1_PBMC_cell_GGACAAGTCATAACCG,0,0,0
ECO1_PBMC_cell_AAGCCGCTCCCTCTTT,0,0,0
ECO1_PBMC_cell_AGGGATGTCAGGCAAG,0,0,0
ECO1_PBMC_cell_GTCATTTGTTGTCGCG,0,0,0
ECO1_PBMC_cell_ATGTGTGAGCTAAGAT,0,0,0
ECO1_PBMC_cell_AGCCTAACACAACGCC,0,0,0
ECO1_PBMC_cell_AGCATACCACCGGAAA,0,0,0
ECO1_PBMC_cell_GATGAAAGTCATTAGC,0,0,0
ECO1_PBMC_cell_ACGAGGAGTGACCAAG,0,0,0
ECO1_PBMC_cell_GGACGTCTCGCCTGTT,0,0,0
ECO1_PBMC_cell_ATAACGCAGAGCCCAA,0,0,0
ECO1_PBMC_cell_ATGTGTGGTGTGCGTC,0,0,0
ECO1_PBMC_cell_TGAGAGGAGACAAAGG,0,0,0
ECO1_PBMC_cell_CTCTACGTCTTGTTTG,0,0,0
ECO1_PBMC_cell_TTCCCAGGTATAGGTA,0,0,0
ECO1_PBMC_cell_ACATACGAGATGTCGG,0,0,0
ECO1_PBMC_cell_ACTGTCCGTATTACCG,0,0,0
ECO1_PBMC_cell_TGGTTCCTCACATACG,0,0,0
ECO1_PBMC_cell_CAGGTGCGTAGGACAC,0,0,0
ECO1_PBMC_cell_CCTAAAGTCCAATGGT,0,0,0
ECO1_PBMC_cell_AAAGTAGCAGCATACT,0,0,0
ECO1_PBMC_cell_AGAGCGACATCCTTGC,0,0,0
ECO1_PBMC_cell_GATCGCGGTGCTGTAT,0,0,0
ECO1_PBMC_cell_AAATGCCGTCTGCGGT,0,0,0
ECO1_PBMC_cell_CTGGTCTTCCAATGGT,0,0,0
ECO1_PBMC_cell_CCGGTAGAGGCATGGT,0,0,0
ECO1_PBMC_cell_CTTTGCGTCTGCAGTA,0,0,0
ECO1_PBMC_cell_CCTTACGGTGGTTTCA,0,0,0
ECO1_PBMC_cell_TGTTCCGTCTTGACGA,0,0,0
ECO1_PBMC_cell_CAGCTAAGTGTGGCTC,0,0,0
ECO1_PBMC_cell_TGAGGGAAGTATCTCG,0,0,0
ECO1_PBMC_cell_CGTGAGCGTAAGGGCT,0,0,0
ECO1_PBMC_cell_GCATGTATCTATCGCC,0,0,0
ECO1_PBMC_cell_CCTCAGTCAATTCCTT,0,0,0
ECO1_PBMC_cell_TACTTGTCAAGAAAGG,0,0,0
ECO1_PBMC_cell_CATCCACGTCCGAGTC,0,0,0
ECO1_PBMC_cell_AGGCCGTAGGGCTTGA,0,0,0
ECO1_PBMC_cell_TTTGCGCTCACATGCA,0,0,0
ECO1_PBMC_cell_CAAGATCGTTTCGCTC,0,0,0
ECO1_PBMC_cell_GAATGAATCTTGCCGT,0,0,0
ECO1_PBMC_cell_CGCTGGAGTGTGAAAT,0,0,0
ECO1_PBMC_cell_TTCGGTCGTAGCACGA,0,0,0
ECO1_PBMC_cell_ACTTTCATCCTATGTT,0,0,0
ECO1_PBMC_cell_CTACCCATCATTGCCC,0,0,0
ECO1_PBMC_cell_CGACCTTCAGCGATCC,0,0,0
ECO1_PBMC_cell_GGGATGATCTTGCCGT,0,0,0
ECO1_PBMC_cell_GTGCATACACAGGTTT,0,0,0
ECO1_PBMC_cell_CGTGTCTAGCTAACTC,0,0,0
ECO1_PBMC_cell_GAAGCAGGTACATGTC,0,0,0
ECO1_PBMC_cell_TCAGGTAAGTGGTCCC,0,0,0
ECO1_PBMC_cell_CATTCGCTCAACACTG,0,0,0
ECO1_PBMC_cell_TATTACCGTAATCGTC,0,0,0
ECO1_PBMC_cell_AGCTCTCGTACAGCAG,0,0,0
ECO1_PBMC_cell_TGGCTGGTCGTAGATC,0,0,0
ECO1_PBMC_cell_GTTTCTATCATCATTC,0,0,0
ECO1_PBMC_cell_CCGTGGACATTGCGGC,0,0,0
ECO1_PBMC_cell_GAAACTCCAATGAAAC,0,0,0
ECO1_PBMC_cell_CATTCGCGTGTTAAGA,0,0,0
ECO1_PBMC_cell_ATAAGAGGTTCTGGTA,0,0,0
ECO1_PBMC_cell_CAGAATCCAAACCCAT,0,0,0
ECO1_PBMC_cell_CGTCAGGGTCCGTTAA,0,0,0
ECO1_PBMC_cell_TGTGGTATCATTTGGG,0,0,0
ECO1_PBMC_cell_TACTTACGTTCGTGAT,0,0,0
ECO1_PBMC_cell_GATCAGTGTTGCCTCT,0,0,0
ECO1_PBMC_cell_CTGCGGACATCGGTTA,0,0,0
ECO1_PBMC_cell_GTTTCTAAGATGGGTC,0,0,0
ECO1_PBMC_cell_CAAGGCCCAAAGTGCG,0,0,0
ECO1_PBMC_cell_CTTAACTAGATACACA,0,0,0
ECO1_PBMC_cell_TAAGTGCGTGTATGGG,0,0,0
ECO1_PBMC_cell_TGCTACCAGTCTCAAC,0,0,0
ECO1_PBMC_cell_GACTAACCATTACCTT,0,0,0
ECO1_PBMC_cell_CTGAAGTAGATCACGG,0,0,0
ECO1_PBMC_cell_GTAACGTAGGTGCACA,0,0,0
ECO1_PBMC_cell_ACCTTTAGTATATGGA,0,0,0
ECO1_PBMC_cell_GTTCTCGAGCTCCTCT,0,0,0
ECO1_PBMC_cell_CTAACTTGTTCCGTCT,0,0,0
ECO1_PBMC_cell_CACATTTTCTTTACAC,0,0,0
ECO1_PBMC_cell_GGCCGATCATCCGCGA,0,0,0
ECO1_PBMC_cell_CACAGGCCAGACAAAT,0,0,0
ECO1_PBMC_cell_ATTCTACGTCTAGTCA,0,0,0
ECO1_PBMC_cell_GCACATAAGAGCCTAG,0,0,0
ECO1_PBMC_cell_TCTATTGCAACTGCTA,0,0,0
ECO1_PBMC_cell_CACCAGGAGTGGGCTA,0,0,0
ECO1_PBMC_cell_ATTACTCCAACACGCC,0,0,0
ECO1_PBMC_cell_AGCGTCGCAATCACAC,0,0,0
ECO1_PBMC_cell_GCGAGAAGTAAGAGGA,0,0,0
ECO1_PBMC_cell_CAGAATCTCCTTTACA,0,0,0
ECO1_PBMC_cell_GCCAAATCATCGATGT,0,0,0
ECO1_PBMC_cell_ATCATGGTCTACTATC,0,0,0
ECO1_PBMC_cell_GGCCGATAGTTAGCGG,0,0,0
ECO1_PBMC_cell_GCAGCCAAGTTGTCGT,0,0,0
ECO1_PBMC_cell_CTTAACTGTCTAGCCG,0,0,0
ECO1_PBMC_cell_CTTGGCTAGTCTCCTC,0,0,0
ECO1_PBMC_cell_GGAATAACAGCGAACA,0,0,0
ECO1_PBMC_cell_GATGAAAAGGTGATTA,0,0,0
ECO1_PBMC_cell_TGTGGTACATGCATGT,0,0,0
ECO1_PBMC_cell_TCTCATACAGCTGTGC,0,0,0
ECO1_PBMC_cell_CACTCCACAAGGTGTG,0,0,0
ECO1_PBMC_cell_GCTGGGTGTAAAGTCA,0,0,0
ECO1_PBMC_cell_CCCAGTTAGTGGGTTG,0,0,0
ECO1_PBMC_cell_ACCAGTATCGAGCCCA,0,0,0
ECO1_PBMC_cell_CTCGTACTCGTTACGA,0,0,0
ECO1_PBMC_cell_TACGGATCAATAGCAA,0,0,0
ECO1_PBMC_cell_TTAGGCAAGCTGTCTA,0,0,0
ECO1_PBMC_cell_CCACTACCACATAACC,0,0,0
ECO1_PBMC_cell_CTGTTTACAGTCGATT,0,0,0
ECO1_PBMC_cell_CGATTGACATCCGGGT,0,0,0
ECO1_PBMC_cell_GGGTCTGAGGAGCGTT,0,0,0
ECO1_PBMC_cell_CTGCGGATCTTAGCCC,0,0,0
ECO1_PBMC_cell_ACTATCTTCGCTAGCG,0,0,0
ECO1_PBMC_cell_ACTATCTGTGTCCTCT,0,0,0
ECO1_PBMC_cell_CACCACTGTCTACCTC,0,0,0
ECO1_PBMC_cell_GGACAAGCATGTCGAT,0,0,0
ECO1_PBMC_cell_ACAGCCGTCTACTTAC,0,0,0
ECO1_PBMC_cell_ATTGGACAGGCATGGT,0,0,0
ECO1_PBMC_cell_ATCGAGTCAAGCTGAG,0,0,0
ECO1_PBMC_cell_AAACCTGCAGACAAAT,0,0,0
ECO1_PBMC_cell_TGGCTGGCAAGTCTGT,0,0,0
ECO1_PBMC_cell_CCATGTCGTCAGATAA,0,0,0
ECO1_PBMC_cell_CATGCCTTCAAAGTAG,0,0,0
ECO1_PBMC_cell_CCATGTCCACGAAACG,0,0,0
ECO1_PBMC_cell_CACAAACAGTCCATAC,0,0,0
ECO1_PBMC_cell_AACTCCCTCACTTACT,0,0,0
ECO1_PBMC_cell_CCACCTATCGGGAGTA,0,0,0
ECO1_PBMC_cell_ACGGAGATCCCAAGTA,0,0,0
ECO1_PBMC_cell_ACCAGTATCTGTTTGT,0,0,0
ECO1_PBMC_cell_TCAGGTACAATGGACG,0,0,0
ECO1_PBMC_cell_GCTGCGAGTTTGGCGC,0,0,0
ECO1_PBMC_cell_GCATACACAATGACCT,0,0,0
ECO1_PBMC_cell_CACATAGGTATCTGCA,0,0,0
ECO1_PBMC_cell_ACACCAACAAGCGATG,0,0,0
ECO1_PBMC_cell_AATCCAGCAGATCCAT,0,0,0
ECO1_PBMC_cell_AGGGAGTTCCCTTGCA,0,0,0
ECO1_PBMC_cell_GGTGTTAGTGGCTCCA,0,0,0
ECO1_PBMC_cell_TAGTGGTCAAGGTTTC,0,0,0
ECO1_PBMC_cell_ACGGGCTAGTGTGAAT,0,0,0
ECO1_PBMC_cell_GCAAACTAGAAGATTC,0,0,0
ECO1_PBMC_cell_TGCGCAGGTAAGGGAA,0,0,0
ECO1_PBMC_cell_CTACCCATCACCATAG,0,0,0
ECO1_PBMC_cell_AACACGTAGGTGGGTT,0,0,0
ECO1_PBMC_cell_CATCAAGCAAGTACCT,0,0,0
ECO1_PBMC_cell_CTGAAACCACAGGTTT,0,0,0
ECO1_PBMC_cell_GTATTCTCAGCAGTTT,0,0,0
ECO1_PBMC_cell_CGCGGTAGTGTCCTCT,0,0,0
ECO1_PBMC_cell_CTCGTCATCATCGATG,0,0,0
ECO1_PBMC_cell_CCTTTCTAGAGTGACC,0,0,0
ECO1_PBMC_cell_CGATGGCGTGAGTGAC,0,0,0
ECO1_PBMC_cell_ATGCGATGTACAGCAG,0,0,0
ECO1_PBMC_cell_AGCGTATTCGTCCAGG,0,0,0
ECO1_PBMC_cell_CTTTGCGTCTTCATGT,0,0,0
ECO1_PBMC_cell_TGAGCCGCACACGCTG,0,0,0
ECO1_PBMC_cell_CGAATGTGTAGGGACT,0,0,0
ECO1_PBMC_cell_AGCAGCCGTTATCGGT,0,0,0
ECO1_PBMC_cell_AGTCTTTCAGTGAGTG,0,0,0
ECO1_PBMC_cell_CAACTAGTCATTATCC,0,0,0
ECO1_PBMC_cell_CGTGTCTCAGAGCCAA,0,0,0
ECO1_PBMC_cell_AGTAGTCAGAGTACCG,0,0,0
ECO1_PBMC_cell_CAAGTTGTCAACACAC,0,0,0
ECO1_PBMC_cell_CACACAAAGTCGTACT,0,0,0
ECO1_PBMC_cell_GACCAATAGTACGCGA,0,0,0
ECO1_PBMC_cell_GACGTTAAGCTAAGAT,0,0,0
ECO1_PBMC_cell_AGTGGGACATATGAGA,0,0,0
ECO1_PBMC_cell_TTCTCCTAGGTGCTAG,0,0,0
ECO1_PBMC_cell_GGGAATGGTTCCGGCA,0,0,0
ECO1_PBMC_cell_CCTACACAGAGGTAGA,0,0,0
ECO1_PBMC_cell_ATTTCTGCAATCGAAA,0,0,0
ECO1_PBMC_cell_TGAGGGAGTCTGGTCG,0,0,0
ECO1_PBMC_cell_GAAACTCTCTGATACG,0,0,0
ECO1_PBMC_cell_GTACTTTTCATGCATG,0,0,0
ECO1_PBMC_cell_GATCGTATCCACGAAT,0,0,0
ECO1_PBMC_cell_GGCTCGAAGTTCCACA,0,0,0
ECO1_PBMC_cell_TCTGAGACAACACCCG,0,0,0
ECO1_PBMC_cell_GTAACTGTCCTTGGTC,0,0,0
ECO1_PBMC_cell_AACTTTCTCACGATGT,0,0,0
ECO1_PBMC_cell_TGCCCTAAGATCTGCT,0,0,0
ECO1_PBMC_cell_TTCGAAGGTTCACCTC,0,0,0
ECO1_PBMC_cell_GAATAAGAGAGTACCG,0,0,0
ECO1_PBMC_cell_TACTTGTAGCTTATCG,0,0,0
ECO1_PBMC_cell_GCGCAGTCAAACCCAT,0,0,0
ECO1_PBMC_cell_CGTCTACTCTGGTGTA,0,0,0
ECO1_PBMC_cell_CTCGAAAAGCATGGCA,0,0,0
ECO1_PBMC_cell_AATCGGTTCCGGCACA,0,0,0
ECO1_PBMC_cell_GTTAAGCTCACTTATC,0,0,0
ECO1_PBMC_cell_GCAGTTACACTGCCAG,0,0,0
ECO1_PBMC_cell_CCTAAAGCAGTTCATG,0,0,0
ECO1_PBMC_cell_CTGAAGTGTAAACCTC,0,0,0
ECO1_PBMC_cell_CGTAGGCAGTACGTTC,0,0,0
ECO1_PBMC_cell_CGTCTACAGTCCTCCT,0,0,0
ECO1_PBMC_cell_TGATTTCTCACTTCAT,0,0,0
ECO1_PBMC_cell_GGACGTCTCGCGGATC,0,0,0
ECO1_PBMC_cell_CGCTTCACAATCAGAA,0,0,0
ECO1_PBMC_cell_GATGAAAAGCCAGAAC,0,0,0
ECO1_PBMC_cell_CGGACTGCAAAGGCGT,0,0,0
ECO1_PBMC_cell_CAGTAACTCTAACGGT,0,0,0
ECO1_PBMC_cell_CGGGTCATCACGCGGT,0,0,0
ECO1_PBMC_cell_AGATCTGGTGGAAAGA,0,0,0
ECO1_PBMC_cell_CTAAGACAGGGTCGAT,0,0,0
ECO1_PBMC_cell_TATTACCCATGCCACG,0,0,0
ECO1_PBMC_cell_GGACGTCGTACATGTC,0,0,0
ECO1_PBMC_cell_TTTCCTCGTCCGAAGA,0,0,0
ECO1_PBMC_cell_AGGGTGAGTGAGGGAG,0,0,0
ECO1_PBMC_cell_TTCTCCTCAGCCTATA,0,0,0
ECO1_PBMC_cell_AGCTTGACAGCATGAG,0,0,0
ECO1_PBMC_cell_GGGCACTTCCTCCTAG,0,0,0
ECO1_PBMC_cell_TGCCCTATCGCTTGTC,0,0,0
ECO1_PBMC_cell_TATTACCAGTATGACA,0,0,0
ECO1_PBMC_cell_TTCTTAGGTGTGACGA,0,0,0
ECO1_PBMC_cell_TGACTTTCAACGATCT,0,0,0
ECO1_PBMC_cell_TCATTACCATCATCCC,0,0,0
ECO1_PBMC_cell_TCGCGTTTCACCATAG,0,0,0
ECO1_PBMC_cell_GACGTTATCTTCAACT,0,0,0
ECO1_PBMC_cell_TATCAGGAGTCCGTAT,0,0,0
ECO1_PBMC_cell_ACATCAGTCCACTCCA,0,0,0
ECO1_PBMC_cell_TGACGGCTCCCTTGTG,0,0,0
ECO1_PBMC_cell_CTTACCGAGTTATCGC,0,0,0
ECO1_PBMC_cell_CTCGAGGGTCTAGCGC,0,0,0
ECO1_PBMC_cell_ATAAGAGTCTGGGCCA,0,0,0
ECO1_PBMC_cell_ATTCTACCAATCTGCA,0,0,0
ECO1_PBMC_cell_TATTACCCATCCTAGA,0,0,0
ECO1_PBMC_cell_GCTTGAAGTAAGGGAA,0,0,0
ECO1_PBMC_cell_GAACATCTCCTATGTT,0,0,0
ECO1_PBMC_cell_CACCAGGCAAGGCTCC,0,0,0
ECO1_PBMC_cell_AAGGAGCTCGGTGTTA,0,0,0
ECO1_PBMC_cell_TACACGAAGATAGCAT,0,0,0
ECO1_PBMC_cell_ACTGAGTTCATGGTCA,0,0,0
ECO1_PBMC_cell_ACTGTCCTCGTTTATC,0,0,0
ECO1_PBMC_cell_GGGCACTTCGATAGAA,0,0,0
ECO1_PBMC_cell_TCAACGAGTAATCGTC,0,0,0
ECO1_PBMC_cell_GAGCAGAAGGAATCGC,0,0,0
ECO1_PBMC_cell_GCATGATAGGAATTAC,0,0,0
ECO1_PBMC_cell_GTACTTTTCGGGAGTA,0,0,0
ECO1_PBMC_cell_GCAGCCAGTTAAGGGC,0,0,0
ECO1_PBMC_cell_CTACCCATCTTTACGT,0,0,0
ECO1_PBMC_cell_GATTCAGAGCAGCGTA,0,0,0
ECO1_PBMC_cell_CTCGTCACACAACTGT,0,0,0
ECO1_PBMC_cell_CATCCACCAGTCGATT,0,0,0
ECO1_PBMC_cell_ATCTGCCGTCTGGTCG,0,0,0
ECO1_PBMC_cell_CGTAGCGAGTGGTAAT,0,0,0
ECO1_PBMC_cell_TCGGGACCAACACGCC,0,0,0
ECO1_PBMC_cell_ACACTGAGTCCAGTAT,0,0,0
ECO1_PBMC_cell_GTGTTAGCAGTCAGAG,0,0,0
ECO1_PBMC_cell_TGACTAGAGTGCTGCC,0,0,0
ECO1_PBMC_cell_GAGGTGATCGTCCGTT,0,0,0
ECO1_PBMC_cell_CGTTGGGGTGTCAATC,0,0,0
ECO1_PBMC_cell_CAGCTGGTCTGAGGGA,0,0,0
ECO1_PBMC_cell_GCACTCTTCGCCAAAT,0,0,0
ECO1_PBMC_cell_AGAATAGGTATAATGG,0,0,0
ECO1_PBMC_cell_CGCTATCTCCCAACGG,0,0,0
ECO1_PBMC_cell_GGGCACTAGGCTCATT,0,0,0
ECO1_PBMC_cell_ACTTACTGTACGAAAT,0,0,0
ECO1_PBMC_cell_AACTCTTTCTTGTCAT,0,0,0
ECO1_PBMC_cell_CCAGCGATCTCTTATG,0,0,0
ECO1_PBMC_cell_AACTGGTGTCCGTTAA,0,0,0
ECO1_PBMC_cell_AGTGAGGCAGCGTCCA,0,0,0
ECO1_PBMC_cell_AAGCCGCGTACACCGC,0,0,0
ECO1_PBMC_cell_GGCTGGTGTATAGGTA,0,0,0
ECO1_PBMC_cell_CCGTGGATCGAACGGA,0,0,0
ECO1_PBMC_cell_ACCTTTATCCGTAGTA,0,0,0
ECO1_PBMC_cell_ACGAGCCCATTGAGCT,0,0,0
ECO1_PBMC_cell_ACACCAAAGTGTCCAT,0,0,0
ECO1_PBMC_cell_CTAGAGTAGGGATACC,0,0,0
ECO1_PBMC_cell_TCTGGAAGTCTCGTTC,0,0,0
ECO1_PBMC_cell_GCGCGATCACGAGGTA,0,0,0
ECO1_PBMC_cell_CATGGCGCAACCGCCA,0,0,0
ECO1_PBMC_cell_CAGCATAAGTGATCGG,0,0,0
ECO1_PBMC_cell_CCACTACAGACTAGGC,0,0,0
ECO1_PBMC_cell_TAGTGGTGTTTACTCT,0,0,0
ECO1_PBMC_cell_CTTAGGACAGTATGCT,0,0,0
ECO1_PBMC_cell_CTAGAGTGTGCTGTAT,0,0,0
ECO1_PBMC_cell_ACGGAGACATAACCTG,0,0,0
ECO1_PBMC_cell_GATGAAAGTAAGTAGT,0,0,0
ECO1_PBMC_cell_GGAATAACATCGGGTC,0,0,0
ECO1_PBMC_cell_ACGGGCTCAACGCACC,0,0,0
ECO1_PBMC_cell_CAGCCGAAGTGTACGG,0,0,0
ECO1_PBMC_cell_GCTCCTAGTACGCTGC,0,0,0
ECO1_PBMC_cell_GTTCATTCATGAAGTA,0,0,0
ECO1_PBMC_cell_CACACAACATCCCACT,0,0,0
ECO1_PBMC_cell_GGGAATGCAGAGCCAA,0,0,0
ECO1_PBMC_cell_AAGGCAGTCCCTTGCA,0,0,0
ECO1_PBMC_cell_GCAGTTATCTAACGGT,0,0,0
ECO1_PBMC_cell_TATCAGGCAAGGTTCT,0,0,0
ECO1_PBMC_cell_TCACAAGGTCTGGTCG,0,0,0
ECO1_PBMC_cell_TGACGGCTCACCACCT,0,0,0
ECO1_PBMC_cell_CCGTGGATCCGATATG,0,0,0
ECO1_PBMC_cell_CTTAGGATCCGGGTGT,0,0,0
ECO1_PBMC_cell_CGGAGCTTCTGCGACG,0,0,0
ECO1_PBMC_cell_TGGGAAGTCGTTTAGG,0,0,0
ECO1_PBMC_cell_TTTGGTTGTGGCCCTA,0,0,0
ECO1_PBMC_cell_GTGTGCGAGAGGGATA,0,0,0
ECO1_PBMC_cell_TAGAGCTTCATCTGCC,0,0,0
ECO1_PBMC_cell_ACGAGGAAGAATTGTG,0,0,0
ECO1_PBMC_cell_CGATCGGAGGACGAAA,0,0,0
ECO1_PBMC_cell_CTCTGGTAGCCACTAT,0,0,0
ECO1_PBMC_cell_GCATGTACACTCTGTC,0,0,0
ECO1_PBMC_cell_GGATTACGTGCACTTA,0,0,0
ECO1_PBMC_cell_CCTTCCCAGCTATGCT,0,0,0
ECO1_PBMC_cell_CAAGAAATCAACGGCC,0,0,0
ECO1_PBMC_cell_AAATGCCTCAAAGTAG,0,0,0
ECO1_PBMC_cell_TGCTGCTAGGCCCGTT,0,0,0
ECO1_PBMC_cell_TAGTTGGAGTAGATGT,0,0,0
ECO1_PBMC_cell_GGGCATCTCATCATTC,0,0,0
ECO1_PBMC_cell_GTTAAGCAGAAGATTC,0,0,0
ECO1_PBMC_cell_CTTCTCTTCCCAACGG,0,0,0
ECO1_PBMC_cell_TACCTATAGTGGACGT,0,0,0
ECO1_PBMC_cell_CGTGAGCCACTATCTT,0,0,0
ECO1_PBMC_cell_CAGCTAAAGCTGCCCA,0,0,0
ECO1_PBMC_cell_AAGACCTTCGTGGGAA,0,0,0
ECO1_PBMC_cell_GTTTCTATCTCGTATT,0,0,0
ECO1_PBMC_cell_GTGCTTCAGTTCGCGC,0,0,0
ECO1_PBMC_cell_CTTCTCTTCCTCATTA,0,0,0
ECO1_PBMC_cell_TGACTTTGTTGATTCG,0,0,0
ECO1_PBMC_cell_CTACATTTCGAACGGA,0,0,0
ECO1_PBMC_cell_ACGAGCCCAGACAAAT,0,0,0
ECO1_PBMC_cell_AACCGCGGTGAAGGCT,0,0,0
ECO1_PBMC_cell_TGCGGGTCAGTGACAG,0,0,0
ECO1_PBMC_cell_GAGTCCGTCCGAGCCA,0,0,0
ECO1_PBMC_cell_GAACGGAAGTCCGTAT,0,0,0
ECO1_PBMC_cell_GTAACTGCAATAGAGT,0,0,0
ECO1_PBMC_cell_CAGCCGACATCACAAC,0,0,0
ECO1_PBMC_cell_TACCTTATCGGCGGTT,0,0,0
ECO1_PBMC_cell_GGTGTTAGTCTTGCGG,0,0,0
ECO1_PBMC_cell_TCAGATGCATTCTTAC,0,0,0
ECO1_PBMC_cell_TGGACGCAGTACGACG,0,0,0
ECO1_PBMC_cell_AGCATACTCCATTCTA,0,0,0
ECO1_PBMC_cell_TCGTACCAGAGCTTCT,0,0,0
ECO1_PBMC_cell_CGGACTGAGACAAGCC,0,0,0
ECO1_PBMC_cell_ACACCCTAGGCCGAAT,0,0,0
ECO1_PBMC_cell_GACAGAGAGTTCGATC,0,0,0
ECO1_PBMC_cell_ACGCCAGTCAATAAGG,0,0,0
ECO1_PBMC_cell_GGAAAGCAGTGTCCAT,0,0,0
ECO1_PBMC_cell_AAGACCTCATCGGTTA,0,0,0
ECO1_PBMC_cell_TTAGTTCCACCGTTGG,0,0,0
ECO1_PBMC_cell_AGTGGGATCTCTGTCG,0,0,0
ECO1_PBMC_cell_CGTAGCGGTGGAAAGA,0,0,0
ECO1_PBMC_cell_GCATACAAGAGTGACC,0,0,0
ECO1_PBMC_cell_CAGCATAAGGCATGGT,0,0,0
ECO1_PBMC_cell_AGCAGCCCACTCTGTC,0,0,0
ECO1_PBMC_cell_GATGAGGCAAGGTTTC,0,0,0
ECO1_PBMC_cell_TGCTGCTTCAAGAAGT,0,0,0
ECO1_PBMC_cell_ATCCGAAAGGGATGGG,0,0,0
ECO1_PBMC_cell_GCTGCTTTCACCAGGC,0,0,0
ECO1_PBMC_cell_GACAGAGTCCCTAACC,0,0,0
ECO1_PBMC_cell_CTGTGCTGTCAAACTC,0,0,0
ECO1_PBMC_cell_GGGCACTAGAGGTAGA,0,0,0
ECO1_PBMC_cell_GAAGCAGCAAGAAAGG,0,0,0
ECO1_PBMC_cell_GCAAACTCATGAAGTA,0,0,0
ECO1_PBMC_cell_TGAGGGAAGATGGCGT,0,0,0
ECO1_PBMC_cell_GGGATGAGTGAAGGCT,0,0,0
ECO1_PBMC_cell_TTTGTCAAGGGATACC,0,0,0
ECO1_PBMC_cell_CGATGGCTCACTCCTG,0,0,0
ECO1_PBMC_cell_GCACATATCAAACCGT,0,0,0
ECO1_PBMC_cell_ATCTACTTCCAGTATG,0,0,0
ECO1_PBMC_cell_GCTTGAATCGCGATCG,0,0,0
ECO1_PBMC_cell_TTTCCTCTCTGGAGCC,0,0,0
ECO1_PBMC_cell_GCAAACTAGCCACGTC,0,0,0
ECO1_PBMC_cell_AGCTTGAGTTATCGGT,0,0,0
ECO1_PBMC_cell_CTCGTACGTGCAACGA,0,0,0
ECO1_PBMC_cell_GCTCCTATCCACGCAG,0,0,0
ECO1_PBMC_cell_CGAACATAGCAGACTG,0,0,0
ECO1_PBMC_cell_GAACGGACACAACTGT,0,0,0
ECO1_PBMC_cell_ATAGACCCAACACCTA,0,0,0
ECO1_PBMC_cell_ATCATGGTCCACGCAG,0,0,0
ECO1_PBMC_cell_GTCTCGTAGCGATAGC,0,0,0
ECO1_PBMC_cell_CCACTACAGACAAAGG,0,0,0
ECO1_PBMC_cell_TTGTAGGGTGCGAAAC,0,0,0
ECO1_PBMC_cell_TATCAGGTCGCTGATA,0,0,0
ECO1_PBMC_cell_GAGCAGAGTGCGATAG,0,0,0
ECO1_PBMC_cell_ACACCGGAGAGAGCTC,0,0,0
ECO1_PBMC_cell_CCACCTAAGGATGTAT,0,0,0
ECO1_PBMC_cell_ACGCAGCCATGGGACA,0,0,0
ECO1_PBMC_cell_CTGATCCAGGTGGGTT,0,0,0
ECO1_PBMC_cell_GCTGCTTGTCCGTTAA,0,0,0
ECO1_PBMC_cell_TCAGCTCAGCGTGTCC,0,0,0
ECO1_PBMC_cell_GATCAGTGTCGACTGC,0,0,0
ECO1_PBMC_cell_CTCTACGTCACCTTAT,0,0,0
ECO1_PBMC_cell_TGCCCTAAGCGCCTTG,0,0,0
ECO1_PBMC_cell_AAGTCTGAGGGAGTAA,0,0,0
ECO1_PBMC_cell_CATGCCTGTATATGAG,0,0,0
ECO1_PBMC_cell_GCTGCGACATTTGCTT,0,0,0
ECO1_PBMC_cell_TTGGCAAGTACCGAGA,0,0,0
ECO1_PBMC_cell_CCACTACGTATTACCG,0,0,0
ECO1_PBMC_cell_ACACTGATCCTGTAGA,0,0,0
ECO1_PBMC_cell_ATTTCTGGTTTGTGTG,0,0,0
ECO1_PBMC_cell_ATTGGACGTAGAAGGA,0,0,0
ECO1_PBMC_cell_AGAGCGACAATACGCT,0,0,0
ECO1_PBMC_cell_CGGACGTAGAAACCAT,0,0,0
ECO1_PBMC_cell_CTCGTACAGGGATGGG,0,0,0
ECO1_PBMC_cell_CACAGTATCAGCTCTC,0,0,0
ECO1_PBMC_cell_TGAGCCGCACCAGGCT,0,0,0
ECO1_PBMC_cell_CCTTACGTCAGCTCTC,0,0,0
ECO1_PBMC_cell_AAACCTGGTCATGCAT,0,0,0
ECO1_PBMC_cell_GACTGCGCATCCTAGA,0,0,0
ECO1_PBMC_cell_ACTGAACAGAGTACAT,0,0,0
ECO1_PBMC_cell_AATCGGTCAGCTGCTG,0,0,0
ECO1_PBMC_cell_CCACGGAAGATAGTCA,0,0,0
ECO1_PBMC_cell_GTATTCTTCCAATGGT,0,0,0
ECO1_PBMC_cell_TTATGCTAGCTACCGC,0,0,0
ECO1_PBMC_cell_ATCCACCGTTGAACTC,0,0,0
ECO1_PBMC_cell_CTGCGGACAGGCGATA,0,0,0
ECO1_PBMC_cell_AATCGGTGTCAGAGGT,0,0,0
ECO1_PBMC_cell_GTAGTCACAGGGATTG,0,0,0
ECO1_PBMC_cell_TCTGAGAGTCCGAAGA,0,0,0
ECO1_PBMC_cell_AGCTTGACACATCTTT,0,0,0
ECO1_PBMC_cell_TTAGTTCCAGCTGTAT,0,0,0
ECO1_PBMC_cell_TACACGAAGCTAGCCC,0,0,0
ECO1_PBMC_cell_AGGGTGACAAAGCGGT,0,0,0
ECO1_PBMC_cell_GCGCGATGTTCCCGAG,0,0,0
ECO1_PBMC_cell_ATCCACCAGGTAAACT,0,0,0
ECO1_PBMC_cell_GTGAAGGGTTGGAGGT,0,0,0
ECO1_PBMC_cell_GACGTTACAGCCAATT,0,0,0
ECO1_PBMC_cell_CACATTTTCCCTAATT,0,0,0
ECO1_PBMC_cell_GTCCTCACATTCACTT,0,0,0
ECO1_PBMC_cell_GTCTCGTCATCGACGC,0,0,0
ECO1_PBMC_cell_ACATACGAGTAGCCGA,0,0,0
ECO1_PBMC_cell_TGGGCGTAGAATAGGG,0,0,0
ECO1_PBMC_cell_ATTCTACGTTAAGTAG,0,0,0
ECO1_PBMC_cell_TCTATTGCACAGGTTT,0,0,0
ECO1_PBMC_cell_TATCAGGCATACGCTA,0,0,0
ECO1_PBMC_cell_TGCCCTATCTGTCTCG,0,0,0
ECO1_PBMC_cell_CGAGCCACAACACCCG,0,0,0
ECO1_PBMC_cell_CTAGTGATCGAACTGT,0,0,0
ECO1_PBMC_cell_GAACCTAGTCGACTAT,0,0,0
ECO1_PBMC_cell_AATCGGTGTTGCCTCT,0,0,0
ECO1_PBMC_cell_CCTAGCTTCTCCCTGA,0,0,0
ECO1_PBMC_cell_CTACGTCTCATAGCAC,0,0,0
ECO1_PBMC_cell_GCTTGAATCGTTGACA,0,0,0
ECO1_PBMC_cell_ATGGGAGGTAGTGAAT,0,0,0
ECO1_PBMC_cell_GTCACAACACAAGCCC,0,0,0
ECO1_PBMC_cell_TCAGCAATCTTTCCTC,0,0,0
ECO1_PBMC_cell_CGAGCCAGTGGTACAG,0,0,0
ECO1_PBMC_cell_ACGAGCCGTGCACTTA,0,0,0
ECO1_PBMC_cell_GTTTCTAGTCAGGACA,0,0,0
ECO1_PBMC_cell_TTGCGTCTCGATCCCT,0,0,0
ECO1_PBMC_cell_TAAGAGAGTCAAAGAT,0,0,0
ECO1_PBMC_cell_TCACAAGAGTCGATAA,0,0,0
ECO1_PBMC_cell_TGTATTCAGGATTCGG,0,0,0
ECO1_PBMC_cell_TGGGCGTTCAAACGGG,0,0,0
ECO1_PBMC_cell_GCATGCGAGACGCTTT,0,0,0
ECO1_PBMC_cell_CCGGTAGGTTGATTCG,0,0,0
ECO1_PBMC_cell_GGTGAAGCACTTACGA,0,0,0
ECO1_PBMC_cell_CCTACCAAGATCTGAA,0,0,0
ECO1_PBMC_cell_ATGGGAGAGGTGCTTT,0,0,0
ECO1_PBMC_cell_GGCCGATTCGAACGGA,0,0,0
ECO1_PBMC_cell_TTGACTTGTAAACCTC,0,0,0
ECO1_PBMC_cell_CGATGGCCAATGAAAC,0,0,0
ECO1_PBMC_cell_AGAGTGGCACGAGGTA,0,0,0
ECO1_PBMC_cell_GACTAACTCCGATATG,0,0,0
ECO1_PBMC_cell_GACCAATAGCAGACTG,0,0,0
ECO1_PBMC_cell_GATCGATAGAAGAAGC,0,0,0
ECO1_PBMC_cell_TTAGTTCCAAGCCGCT,0,0,0
ECO1_PBMC_cell_ACATACGCAGCGTTCG,0,0,0
ECO1_PBMC_cell_TATGCCCTCCTATTCA,0,0,0
ECO1_PBMC_cell_TTGACTTGTTAAGAAC,0,0,0
ECO1_PBMC_cell_AGTGGGATCAGCGACC,0,0,0
ECO1_PBMC_cell_ACGAGCCAGGGAACGG,0,0,0
ECO1_PBMC_cell_GTCGTAAGTGTAAGTA,0,0,0
ECO1_PBMC_cell_TCAGCTCCATCCGTGG,0,0,0
ECO1_PBMC_cell_TGAGCATCACCCATTC,0,0,0
ECO1_PBMC_cell_TGGGAAGGTCGAAAGC,0,0,0
ECO1_PBMC_cell_CTAGTGATCTGCGTAA,0,0,0
ECO1_PBMC_cell_CAGCTGGAGGTGATTA,0,0,0
ECO1_PBMC_cell_TGGTTCCGTAGCGCTC,0,0,0
ECO1_PBMC_cell_TCCACACTCTCCTATA,0,0,0
ECO1_PBMC_cell_TGGCGCAGTGCACCAC,0,0,0
ECO1_PBMC_cell_GGTGTTACATGACGGA,0,0,0
ECO1_PBMC_cell_TAAGTGCTCTATCCTA,0,0,0
ECO1_PBMC_cell_CAGCTGGGTTACTGAC,0,0,0
ECO1_PBMC_cell_GGCTGGTCACCCATTC,0,0,0
ECO1_PBMC_cell_GGCCGATTCTTTCCTC,0,0,0
ECO1_PBMC_cell_AAGGCAGCAGATAATG,0,0,0
ECO1_PBMC_cell_GGTGTTAAGCTATGCT,0,0,0
ECO1_PBMC_cell_TCGTAGACAATAGCGG,0,0,0
ECO1_PBMC_cell_TTCGAAGAGACCTTTG,0,0,0
ECO1_PBMC_cell_AACTCTTCAATCCAAC,0,0,0
ECO1_PBMC_cell_CTCTAATCACACGCTG,0,0,0
ECO1_PBMC_cell_ACGATACTCTGTTGAG,0,0,0
ECO1_PBMC_cell_ATGTGTGGTACCGAGA,0,0,0
ECO1_PBMC_cell_GTATTCTGTGAAAGAG,0,0,0
ECO1_PBMC_cell_ACAGCTAGTCAACTGT,0,0,0
ECO1_PBMC_cell_GGGCACTTCACCTCGT,0,0,0
ECO1_PBMC_cell_TTCTACAAGGGAAACA,0,0,0
ECO1_PBMC_cell_CGATCGGCAGTTTACG,0,0,0
ECO1_PBMC_cell_TGGCCAGCATCTATGG,0,0,0
ECO1_PBMC_cell_CGGAGCTTCAACACGT,0,0,0
ECO1_PBMC_cell_ACAGCTAGTGTTTGTG,0,0,0
ECO1_PBMC_cell_GTGTGCGTCTGGAGCC,0,0,0
ECO1_PBMC_cell_TACTTGTCAGGGTTAG,0,0,0
ECO1_PBMC_cell_TGAAAGATCCGCAGTG,0,0,0
ECO1_PBMC_cell_GGGCACTAGGCATTGG,0,0,0
ECO1_PBMC_cell_CTAGTGAGTCCATGAT,0,0,0
ECO1_PBMC_cell_ATGTGTGTCTCTTGAT,0,0,0
ECO1_PBMC_cell_TGATTTCAGTTTGCGT,0,0,0
ECO1_PBMC_cell_TCGTACCGTACTTGAC,0,0,0
ECO1_PBMC_cell_CGACCTTGTGCGGTAA,0,0,0
ECO1_PBMC_cell_GCGCCAACACCGGAAA,0,0,0
ECO1_PBMC_cell_GATCGATGTAGCACGA,0,0,0
ECO1_PBMC_cell_TCACGAAAGAATCTCC,0,0,0
ECO1_PBMC_cell_ACGAGGACATGCCTTC,0,0,0
ECO1_PBMC_cell_AAGTCTGAGAAGGTTT,0,0,0
ECO1_PBMC_cell_CGTCCATGTCAGAATA,0,0,0
ECO1_PBMC_cell_CACATTTCACTGAAGG,0,0,0
ECO1_PBMC_cell_AGATCTGAGCGTTGCC,0,0,0
ECO1_PBMC_cell_GACCTGGAGGCTCTTA,0,0,0
ECO1_PBMC_cell_CGACTTCGTGAGGCTA,0,0,0
ECO1_PBMC_cell_ATCATGGTCTACTTAC,0,0,0
ECO1_PBMC_cell_CTTAACTTCCCAAGAT,0,0,0
ECO1_PBMC_cell_GCTCTGTTCGGCTACG,0,0,0
ECO1_PBMC_cell_CAGATCACATATGAGA,0,0,0
ECO1_PBMC_cell_GCGCGATTCGCACTCT,0,0,0
ECO1_PBMC_cell_TGGCCAGCACGACTCG,0,0,0
ECO1_PBMC_cell_TCGTACCTCGCCATAA,0,0,0
ECO1_PBMC_cell_AGTGTCAGTCCCTACT,0,0,0
ECO1_PBMC_cell_GCATACAAGCCAGAAC,0,0,0
ECO1_PBMC_cell_TACTTGTGTGGGTCAA,0,0,0
ECO1_PBMC_cell_TGGTTCCCAGTAGAGC,0,0,0
ECO1_PBMC_cell_TACGGGCGTGCGGTAA,0,0,0
ECO1_PBMC_cell_TGTGTTTTCTCTTATG,0,0,0
ECO1_PBMC_cell_TCGGTAAAGTAGCGGT,0,0,0
ECO1_PBMC_cell_GCTGCTTGTCCATCCT,0,0,0
ECO1_PBMC_cell_TACCTTAAGTACGTAA,0,0,0
ECO1_PBMC_cell_AGGTCCGTCAAGGTAA,0,0,0
ECO1_PBMC_cell_TGCTGCTAGAAAGTGG,0,0,0
ECO1_PBMC_cell_GCGACCACAAACCTAC,0,0,0
ECO1_PBMC_cell_TGGCGCAGTACTCAAC,0,0,0
ECO1_PBMC_cell_CTAAGACTCAACCAAC,0,0,0
ECO1_PBMC_cell_AGCAGCCGTCTAAAGA,0,0,0
ECO1_PBMC_cell_GTTTCTAAGGAGTTGC,0,0,0
ECO1_PBMC_cell_CGACCTTGTGGCAAAC,0,0,0
ECO1_PBMC_cell_GCGGGTTAGCAACGGT,0,0,0
ECO1_PBMC_cell_TGGCGCATCAGCGATT,0,0,0
ECO1_PBMC_cell_ACGAGCCCAAAGGTGC,0,0,0
ECO1_PBMC_cell_CATTATCGTACTCGCG,0,0,0
ECO1_PBMC_cell_TTCGGTCTCACCGGGT,0,0,0
ECO1_PBMC_cell_CTCTAATGTGTTCTTT,0,0,0
ECO1_PBMC_cell_ACGGCCAAGTCCATAC,0,0,0
ECO1_PBMC_cell_GATCTAGGTCTCTTAT,0,0,0
ECO1_PBMC_cell_GTAGGCCAGAAGGTGA,0,0,0
ECO1_PBMC_cell_AGTGGGAAGAAGGTGA,0,0,0
ECO1_PBMC_cell_CCGTGGATCGGCGCTA,0,0,0
ECO1_PBMC_cell_ACGCCAGCAAGGCTCC,0,0,0
ECO1_PBMC_cell_CGAGCACCAGCCTGTG,0,0,0
ECO1_PBMC_cell_TCAGATGTCATTTGGG,0,0,0
ECO1_PBMC_cell_CTCGTCACATGACGGA,0,0,0
ECO1_PBMC_cell_GTGCGGTAGAAGGCCT,0,0,0
ECO1_PBMC_cell_ATAAGAGTCACGGTTA,0,0,0
ECO1_PBMC_cell_ATGGGAGCAGACAAAT,0,0,0
ECO1_PBMC_cell_CATGACAAGTTCGCAT,0,0,0
ECO1_PBMC_cell_ACGAGGATCCCTCAGT,0,0,0
ECO1_PBMC_cell_AGGCCACGTGATAAAC,0,0,0
ECO1_PBMC_cell_GAACATCTCTCTAGGA,0,0,0
ECO1_PBMC_cell_GTCAAGTGTTTGGGCC,0,0,0
ECO1_PBMC_cell_TCTTTCCCAAGCCGCT,0,0,0
ECO1_PBMC_cell_ACCTTTAGTTCGCTAA,0,0,0
ECO1_PBMC_cell_CGTTAGACATGCTAGT,0,0,0
ECO1_PBMC_cell_AACTCCCGTCGACTGC,0,0,0
ECO1_PBMC_cell_CGAGCACAGTTGAGTA,0,0,0
ECO1_PBMC_cell_GACCTGGTCGTTACGA,0,0,0
ECO1_PBMC_cell_GGGTTGCAGACTGGGT,0,0,0
ECO1_PBMC_cell_ATCACGATCTTTCCTC,0,0,0
ECO1_PBMC_cell_AACTCCCGTGCTCTTC,0,0,0
ECO1_PBMC_cell_CAGCCGACAAGGACAC,0,0,0
ECO1_PBMC_cell_ACGTCAAGTATGAATG,0,0,0
ECO1_PBMC_cell_CGATGTAAGCCCAGCT,0,0,0
ECO1_PBMC_cell_GTAGTCACACTTACGA,0,0,0
ECO1_PBMC_cell_CACATTTGTATCAGTC,0,0,0
ECO1_PBMC_cell_TGGTTAGCATAACCTG,0,0,0
ECO1_PBMC_cell_CGGACGTCATTGGTAC,0,0,0
ECO1_PBMC_cell_TTAGTTCAGTTATCGC,0,0,0
ECO1_PBMC_cell_CGCCAAGTCACCTTAT,0,0,0
ECO1_PBMC_cell_AAGTCTGGTAGGCTGA,0,0,0
ECO1_PBMC_cell_CTCTAATAGATAGCAT,0,0,0
ECO1_PBMC_cell_CGAACATGTGCCTGGT,0,0,0
ECO1_PBMC_cell_CAGAGAGAGGAGCGAG,0,0,0
ECO1_PBMC_cell_CGAGCCACATTACGAC,0,0,0
ECO1_PBMC_cell_ACGCAGCTCAGCTCTC,0,0,0
ECO1_PBMC_cell_TGCACCTTCTTGTTTG,0,0,0
ECO1_PBMC_cell_CCGTGGATCGAGAGCA,0,0,0
ECO1_PBMC_cell_CTCGTCAGTCCGAGTC,0,0,0
ECO1_PBMC_cell_CATTCGCTCTTCGGTC,0,0,0
ECO1_PBMC_cell_CGGCTAGAGGACTGGT,0,0,0
ECO1_PBMC_cell_TAAGTGCAGGGCTTCC,0,0,0
ECO1_PBMC_cell_GGATTACAGGTGGGTT,0,0,0
ECO1_PBMC_cell_GACGTGCAGATCGATA,0,0,0
ECO1_PBMC_cell_CTCAGAATCCGAACGC,0,0,0
ECO1_PBMC_cell_CTGTGCTCACCACGTG,0,0,0
ECO1_PBMC_cell_CGTCTACTCTTACCGC,0,0,0
ECO1_PBMC_cell_CGTGTAAGTTCGTTGA,0,0,0
ECO1_PBMC_cell_GCTGGGTCAAAGGAAG,0,0,0
ECO1_PBMC_cell_CGATCGGTCAAGGTAA,0,0,0
ECO1_PBMC_cell_GGTATTGGTATCGCAT,0,0,0
ECO1_PBMC_cell_CTGCGGAGTATAGTAG,0,0,0
ECO1_PBMC_cell_CGGTTAATCCAGAAGG,0,0,0
ECO1_PBMC_cell_ACACCCTTCTCTGTCG,0,0,1
ECO1_PBMC_cell_CGTCCATGTCCCTACT,0,0,0
ECO1_PBMC_cell_CATATGGCAGTACACT,0,0,0
ECO1_PBMC_cell_CTAAGACGTTCACCTC,0,0,0
ECO1_PBMC_cell_GTACTTTTCGAACGGA,0,0,0
ECO1_PBMC_cell_TGAGAGGCAAGCCGCT,0,0,0
ECO1_PBMC_cell_TACAGTGTCATGTGGT,0,0,0
ECO1_PBMC_cell_TGACTAGTCCTGCAGG,0,0,0
ECO1_PBMC_cell_GTCAAGTCATGGGACA,0,0,0
ECO1_PBMC_cell_GTCACGGGTTACAGAA,0,0,0
ECO1_PBMC_cell_AGTGGGATCATATCGG,0,0,0
ECO1_PBMC_cell_GCATGCGGTCAGAGGT,0,0,0
ECO1_PBMC_cell_CCAGCGAGTTGGGACA,0,0,0
ECO1_PBMC_cell_GACCTGGGTTATCACG,0,0,0
ECO1_PBMC_cell_TCTTCGGAGTACTTGC,0,0,0
ECO1_PBMC_cell_AGTGTCATCGCTTGTC,0,0,0
ECO1_PBMC_cell_CCCAGTTCACATGGGA,0,0,0
ECO1_PBMC_cell_AGCGTCGCAAACGTGG,0,0,0
ECO1_PBMC_cell_CTCGAGGTCGACCAGC,0,0,0
ECO1_PBMC_cell_TCATTTGTCAATCACG,0,0,0
ECO1_PBMC_cell_GTACTCCCAGATCCAT,0,0,0
ECO1_PBMC_cell_GGGAGATCACTTAAGC,0,0,0
ECO1_PBMC_cell_AGATCTGAGCTGCCCA,0,0,0
ECO1_PBMC_cell_TCTGGAACAGGACGTA,0,0,0
ECO1_PBMC_cell_GTACTCCAGTGGGTTG,0,0,0
ECO1_PBMC_cell_GGCTGGTAGGAGTACC,0,0,0
ECO1_PBMC_cell_TAGTTGGTCCCATTAT,0,0,0
ECO1_PBMC_cell_GCAATCATCGGACAAG,0,0,0
ECO1_PBMC_cell_ATTTCTGCAGGATTGG,0,0,0
ECO1_PBMC_cell_ACGCCAGAGTGGAGAA,0,0,0
ECO1_PBMC_cell_CAACCTCCAGACTCGC,0,0,0
ECO1_PBMC_cell_CGAGAAGCAGAAGCAC,0,0,0
ECO1_PBMC_cell_GTTCTCGAGAGGGCTT,0,0,0
ECO1_PBMC_cell_CGTTGGGCATATGAGA,0,0,0
ECO1_PBMC_cell_TACTCATTCGGATGTT,0,0,0
ECO1_PBMC_cell_GGCTCGAAGCCAGTAG,0,0,0
ECO1_PBMC_cell_AGAGCTTGTTGTGGCC,0,0,0
ECO1_PBMC_cell_GTCACAATCCGCAAGC,0,0,0
ECO1_PBMC_cell_CATGGCGTCGCATGAT,0,0,0
ECO1_PBMC_cell_AAACCTGAGCCCTAAT,0,0,0
ECO1_PBMC_cell_TCGAGGCAGTAAGTAC,0,0,0
ECO1_PBMC_cell_AGGTCCGAGGGCATGT,0,0,0
ECO1_PBMC_cell_CATGGCGTCTGTGCAA,0,0,0
ECO1_PBMC_cell_CGCCAAGCAGCGTAAG,0,0,0
ECO1_PBMC_cell_CTTTGCGTCTCCTATA,0,0,0
ECO1_PBMC_cell_CGATGTAGTTAAAGTG,0,0,0
ECO1_PBMC_cell_ATCTGCCGTCTGATCA,0,0,0
ECO1_PBMC_cell_ACATGGTAGTCAAGGC,0,0,0
ECO1_PBMC_cell_CGGTTAATCAACGAAA,0,0,0
ECO1_PBMC_cell_TGAGGGACAGGCAGTA,0,0,0
ECO1_PBMC_cell_TGCTACCCAGATGGGT,0,0,0
ECO1_PBMC_cell_CCACCTATCGAGAACG,0,0,0
ECO1_PBMC_cell_TACTCATGTAGAAAGG,0,0,0
ECO1_PBMC_cell_TACACGAAGCCGTCGT,0,0,0
ECO1_PBMC_cell_GTACGTAAGGCTAGGT,0,0,0
ECO1_PBMC_cell_AGCAGCCAGGTACTCT,0,0,0
ECO1_PBMC_cell_GGCGTGTCACAACGCC,0,0,0
ECO1_PBMC_cell_GAACCTACAGAGCCAA,0,0,0
ECO1_PBMC_cell_TGTTCCGAGGGATACC,0,0,0
ECO1_PBMC_cell_GCATGTATCTTAGCCC,0,0,0
ECO1_PBMC_cell_GTAACTGTCGAACGGA,0,0,0
ECO1_PBMC_cell_ATTCTACAGTTTCCTT,0,0,0
ECO1_PBMC_cell_TTCCCAGCATCATCCC,0,0,0
ECO1_PBMC_cell_TGAGAGGCAGACACTT,0,0,0
ECO1_PBMC_cell_CTCGGGAAGCTAGCCC,0,0,0
ECO1_PBMC_cell_AAATGCCCAACGATGG,0,0,0
ECO1_PBMC_cell_TTTACTGGTCCGACGT,0,0,0
ECO1_PBMC_cell_CTGCCTAAGTGTCTCA,0,0,0
ECO1_PBMC_cell_TACTTACAGGGCTTGA,0,0,0
ECO1_PBMC_cell_ACACCAATCTGTACGA,0,0,0
ECO1_PBMC_cell_CAGGTGCAGTACATGA,0,0,0
ECO1_PBMC_cell_CCTCTGAAGATCGGGT,0,0,0
ECO1_PBMC_cell_GGAATAACACATCCAA,0,0,0
ECO1_PBMC_cell_GCTCCTACAATAACGA,0,0,0
ECO1_PBMC_cell_GGATTACGTCCGTTAA,0,0,0
ECO1_PBMC_cell_TCTCATAAGCGTCTAT,0,0,0
ECO1_PBMC_cell_CTCTACGTCCGGGTGT,0,0,0
ECO1_PBMC_cell_CGCGGTAAGCTAGCCC,0,0,0
ECO1_PBMC_cell_TATGCCCAGTAATCCC,0,0,0
ECO1_PBMC_cell_CACAGGCCAACCGCCA,0,0,0
ECO1_PBMC_cell_AGTTGGTAGCACACAG,0,0,0
ECO1_PBMC_cell_TCTATTGCACAAGTAA,0,0,0
ECO1_PBMC_cell_TGTTCCGAGTACGACG,0,0,0
ECO1_PBMC_cell_AGGGAGTTCGGTTAAC,0,0,0
ECO1_PBMC_cell_TCAGGTAAGCATCATC,0,0,0
ECO1_PBMC_cell_TGATTTCGTGGCTCCA,0,0,0
ECO1_PBMC_cell_GTGCATATCAGGCAAG,0,0,0
ECO1_PBMC_cell_TTAGTTCGTTCAACCA,0,0,0
ECO1_PBMC_cell_AACTGGTCAAGGTTTC,0,0,0
ECO1_PBMC_cell_ATGTGTGTCTGGTATG,0,0,0
ECO1_PBMC_cell_ACTGCTCAGACTAGAT,0,0,0
ECO1_PBMC_cell_CAACTAGAGACAGAGA,0,0,0
ECO1_PBMC_cell_ATCATGGTCAACACTG,0,0,0
ECO1_PBMC_cell_TGGCCAGAGGGAGTAA,0,0,0
ECO1_PBMC_cell_CCTATTAGTGTTCTTT,0,0,0
ECO1_PBMC_cell_CACACAATCGGACAAG,0,0,0
ECO1_PBMC_cell_CCAATCCTCCCTCAGT,0,0,0
ECO1_PBMC_cell_CTAGAGTTCATTCACT,0,0,0
ECO1_PBMC_cell_TTTGTCAGTATCGCAT,0,0,0
ECO1_PBMC_cell_GAAATGAGTATTCGTG,0,0,0
ECO1_PBMC_cell_TCAGATGAGTTGAGAT,0,0,0
ECO1_PBMC_cell_TCATTTGGTACTCGCG,0,0,0
ECO1_PBMC_cell_ATTTCTGGTGCGATAG,0,0,0
ECO1_PBMC_cell_GAACATCTCCGATATG,0,0,0
ECO1_PBMC_cell_GATGAAAGTAAATGTG,0,0,0
ECO1_PBMC_cell_TGTGTTTTCTAACCGA,0,0,0
ECO1_PBMC_cell_ACATGGTAGGTAGCTG,0,0,0
ECO1_PBMC_cell_ACTTTCAAGGCAAAGA,0,0,0
ECO1_PBMC_cell_AGTAGTCCACAGGTTT,0,0,0
ECO1_PBMC_cell_TCGTACCAGTGCGTGA,0,0,0
ECO1_PBMC_cell_TACCTTAGTTCCACGG,0,0,0
ECO1_PBMC_cell_GGGCATCAGCCCAGCT,0,0,0
ECO1_PBMC_cell_CATCAAGAGGCGACAT,0,0,0
ECO1_PBMC_cell_CGCTTCACATTAGCCA,0,0,0
ECO1_PBMC_cell_CAGCGACGTGAAAGAG,0,0,0
ECO1_PBMC_cell_GCAGCCACACAGTCGC,0,0,0
ECO1_PBMC_cell_TACGGGCTCGGACAAG,0,0,0
ECO1_PBMC_cell_AACGTTGGTATATGGA,0,0,0
ECO1_PBMC_cell_CACCTTGAGCTAGTTC,0,0,0
ECO1_PBMC_cell_GTACTCCCAGGCAGTA,0,0,0
ECO1_PBMC_cell_CTGAAGTTCGTAGGTT,0,0,0
ECO1_PBMC_cell_CCGGTAGGTACAGTTC,0,0,0
ECO1_PBMC_cell_AAAGATGTCTGTCAAG,0,0,0
ECO1_PBMC_cell_TCAGGATTCGAGGTAG,0,0,0
ECO1_PBMC_cell_GTCAAGTAGGTAGCTG,0,0,0
ECO1_PBMC_cell_CAGCAGCGTGCGAAAC,0,0,0
ECO1_PBMC_cell_CAAGATCAGGCTAGCA,0,0,0
ECO1_PBMC_cell_ACACCAAGTGCACGAA,0,0,0
ECO1_PBMC_cell_CGATGGCCACGAAATA,0,0,0
ECO1_PBMC_cell_CAACCTCTCCGCAGTG,0,0,0
ECO1_PBMC_cell_TTAGGCAAGACCGGAT,0,0,0
ECO1_PBMC_cell_TGGGAAGGTCTAGAGG,0,0,0
ECO1_PBMC_cell_CAAGTTGCACAGCGTC,0,0,0
ECO1_PBMC_cell_ACAGCCGGTGATGTCT,0,0,0
ECO1_PBMC_cell_GAATGAAGTCATTAGC,0,0,0
ECO1_PBMC_cell_CAGAGAGAGGACAGCT,0,0,0
ECO1_PBMC_cell_CTACCCAGTTATCACG,0,0,0
ECO1_PBMC_cell_GCGACCAGTAGCGCAA,0,0,0
ECO1_PBMC_cell_CAAGGCCTCAGCAACT,0,0,0
ECO1_PBMC_cell_CACATAGGTTGACGTT,0,0,0
ECO1_PBMC_cell_ACTGATGGTGGTGTAG,0,0,0
ECO1_PBMC_cell_CATCGGGCAATGGTCT,0,0,0
ECO1_PBMC_cell_CTACACCCAATGCCAT,0,0,0
ECO1_PBMC_cell_CGACCTTGTCAGGACA,0,0,0
ECO1_PBMC_cell_AGCTCTCCAGGGCATA,0,0,0
ECO1_PBMC_cell_GTGGGTCGTCGACTAT,0,0,0
ECO1_PBMC_cell_TAAGCGTGTTCGCTAA,0,0,0
ECO1_PBMC_cell_ACTTTCAGTTCAGACT,0,0,0
ECO1_PBMC_cell_CACATAGGTTGTCGCG,0,0,0
ECO1_PBMC_cell_TGCACCTTCAGTCCCT,0,0,0
ECO1_PBMC_cell_CCTTTCTGTTTCGCTC,0,0,0
ECO1_PBMC_cell_ATTATCCAGTCGTTTG,0,0,0
ECO1_PBMC_cell_GCAGCCATCGATAGAA,0,0,0
ECO1_PBMC_cell_GGACATTGTCCGAGTC,0,0,0
ECO1_PBMC_cell_CACAGGCTCCTGTACC,0,0,0
ECO1_PBMC_cell_GTGCAGCAGCCACGTC,0,0,0
ECO1_PBMC_cell_GCTGCTTCAAGCGCTC,0,0,0
ECO1_PBMC_cell_GGTGCGTAGCTGCCCA,0,0,0
ECO1_PBMC_cell_AGTAGTCTCGTCTGAA,0,0,0
ECO1_PBMC_cell_CATCCACTCATCACCC,0,0,0
ECO1_PBMC_cell_CGGGTCATCGTTTAGG,0,0,0
ECO1_PBMC_cell_GAGCAGATCAAACGGG,0,0,0
ECO1_PBMC_cell_ACGTCAAGTAAGAGAG,0,0,0
ECO1_PBMC_cell_TCTATTGAGAGCTGCA,0,0,0
ECO1_PBMC_cell_ATAACGCGTTCCATGA,0,0,0
ECO1_PBMC_cell_AAGCCGCGTATTCGTG,0,0,0
ECO1_PBMC_cell_GCTTCCAGTGTTCTTT,0,0,0
ECO1_PBMC_cell_AGTCTTTTCTATCCTA,0,0,0
ECO1_PBMC_cell_CGATGGCAGCGGATCA,0,0,0
ECO1_PBMC_cell_CGTCTACTCTTCGGTC,0,0,0
ECO1_PBMC_cell_CACTCCAAGAATGTGT,0,0,0
ECO1_PBMC_cell_ATGGGAGAGAGGTACC,0,0,0
ECO1_PBMC_cell_TTCTACAGTAACGACG,0,0,0
ECO1_PBMC_cell_TACGGATTCCAAAGTC,0,0,0
ECO1_PBMC_cell_TACTTGTAGTGAACAT,0,0,0
ECO1_PBMC_cell_GCGAGAAAGGATGCGT,0,0,0
ECO1_PBMC_cell_GCTTGAAAGCAAATCA,0,0,0
ECO1_PBMC_cell_CTTACCGCAGCTGCTG,0,0,0
ECO1_PBMC_cell_TGAGCATTCTGTTTGT,0,0,0
ECO1_PBMC_cell_ACACCAAGTTTAGCTG,0,0,0
ECO1_PBMC_cell_CTGCTGTGTCATATGC,0,0,0
ECO1_PBMC_cell_TCATTACAGCAGGTCA,0,0,0
ECO1_PBMC_cell_ACCCACTTCTCGAGTA,0,0,0
ECO1_PBMC_cell_GGATGTTGTATTCTCT,0,0,0
ECO1_PBMC_cell_GTTCGGGCAATAGCAA,0,0,0
ECO1_PBMC_cell_GACGTTATCTCTAGGA,0,0,0
ECO1_PBMC_cell_GGCCGATTCCTCATTA,0,0,0
ECO1_PBMC_cell_AGGCCGTCACCCAGTG,0,0,0
ECO1_PBMC_cell_AGCGTATTCCTTGCCA,0,0,0
ECO1_PBMC_cell_GGGCACTGTAGCGTAG,0,0,0
ECO1_PBMC_cell_CACAGGCGTCCGTCAG,0,0,0
ECO1_PBMC_cell_CAGATCAGTCTCCACT,0,0,0
ECO1_PBMC_cell_GGAACTTCAATAGAGT,0,0,0
ECO1_PBMC_cell_GTCGGGTAGGACAGCT,0,0,0
ECO1_PBMC_cell_GTGCAGCCATTACGAC,0,0,0
ECO1_PBMC_cell_GACTGCGAGTGGAGTC,0,0,0
ECO1_PBMC_cell_TCGGTAATCGTACGGC,0,0,1
ECO1_PBMC_cell_ACTGTCCGTTGCGTTA,0,0,0
ECO1_PBMC_cell_CGCTGGAGTGTTTGGT,0,0,0
ECO1_PBMC_cell_ATCATCTAGCTAGTGG,0,0,1
ECO1_PBMC_cell_TCGTAGACAAGGACAC,0,0,0
ECO1_PBMC_cell_GTATCTTAGAGTGACC,0,0,0
ECO1_PBMC_cell_ACTATCTTCCGGCACA,0,0,0
ECO1_PBMC_cell_GCATACATCCACTGGG,0,0,0
ECO1_PBMC_cell_GCTGGGTAGTTATCGC,0,0,0
ECO1_PBMC_cell_ATCACGAAGTGGAGTC,0,0,0
ECO1_PBMC_cell_AGTGAGGAGCTAACTC,0,0,0
ECO1_PBMC_cell_AACTCTTCATGCTAGT,0,0,0
ECO1_PBMC_cell_AGCGTATCAAAGGTGC,0,0,0
ECO1_PBMC_cell_CTAGTGATCAGCCTAA,0,0,0
ECO1_PBMC_cell_CATCCACTCGAGCCCA,0,0,0
ECO1_PBMC_cell_CAGCCGAAGCCCGAAA,0,0,0
ECO1_PBMC_cell_GATCGATGTATATGGA,0,0,0
ECO1_PBMC_cell_CCTTCGACACATTTCT,0,0,0
ECO1_PBMC_cell_TGACTTTTCGCTTGTC,0,0,0
ECO1_PBMC_cell_CGGGTCATCTTAGAGC,0,0,0
ECO1_PBMC_cell_TCGCGAGTCAACGAAA,0,0,0
ECO1_PBMC_cell_GTGGGTCAGTAGCGGT,0,0,0
ECO1_PBMC_cell_TATTACCAGTTACCCA,0,0,0
ECO1_PBMC_cell_AGCGTATGTTTGTTTC,0,0,0
ECO1_PBMC_cell_TCATTTGGTCTAGCGC,0,0,0
ECO1_PBMC_cell_ACTGAACAGGCACATG,0,0,0
ECO1_PBMC_cell_TGGCCAGCACCTGGTG,0,0,0
ECO1_PBMC_cell_GAGTCCGGTAAGGGAA,0,0,0
ECO1_PBMC_cell_AAAGATGTCATCTGCC,0,0,0
ECO1_PBMC_cell_TTGACTTGTGCTGTAT,0,0,0
ECO1_PBMC_cell_ACATGGTTCAGCTTAG,0,0,0
ECO1_PBMC_cell_CGCCAAGCAATGCCAT,0,0,0
ECO1_PBMC_cell_GTAACGTGTCTTCAAG,0,0,0
ECO1_PBMC_cell_TATCAGGAGCTGTTCA,0,0,0
ECO1_PBMC_cell_TTTATGCGTAGCGCAA,0,0,0
ECO1_PBMC_cell_CTGGTCTCATGCATGT,0,0,0
ECO1_PBMC_cell_CGATGGCCATACTCTT,0,0,0
ECO1_PBMC_cell_GGGACCTGTGTGCGTC,0,0,0
ECO1_PBMC_cell_GACTGCGAGGAGCGAG,0,0,0
ECO1_PBMC_cell_CGACCTTGTTCACGGC,0,0,0
ECO1_PBMC_cell_CTGTTTACAGTAACGG,0,0,0
ECO1_PBMC_cell_CCACTACCACGTCAGC,0,0,0
ECO1_PBMC_cell_GACGTGCTCACGATGT,0,0,0
ECO1_PBMC_cell_GGATTACAGTGGTCCC,0,0,0
ECO1_PBMC_cell_AGCTCCTTCACCCGAG,0,0,0
ECO1_PBMC_cell_CATGCCTTCAAGCCTA,0,0,0
ECO1_PBMC_cell_TCGTAGAGTGCAACTT,0,0,0
ECO1_PBMC_cell_GATGAAAGTTGTACAC,0,0,0
ECO1_PBMC_cell_GCGGGTTAGAAAGTGG,0,0,0
ECO1_PBMC_cell_TGCCCTAAGGCTCATT,0,0,0
ECO1_PBMC_cell_AACTGGTTCTATCCTA,0,0,0
ECO1_PBMC_cell_CCACTACAGACAGAGA,0,0,0
ECO1_PBMC_cell_GCATGATTCCAAATGC,0,0,0
ECO1_PBMC_cell_TGACAACAGATCGGGT,0,0,0
ECO1_PBMC_cell_CTCTGGTGTGCGGTAA,0,0,0
ECO1_PBMC_cell_TCTGGAAGTGGCAAAC,0,0,0
ECO1_PBMC_cell_CGGAGTCGTACCTACA,0,0,0
ECO1_PBMC_cell_CTCAGAACAGGAATCG,0,0,0
ECO1_PBMC_cell_CGAGCACAGATAGCAT,0,0,0
ECO1_PBMC_cell_CGTCAGGGTAGATTAG,0,0,0
ECO1_PBMC_cell_AAAGTAGAGCATGGCA,0,0,0
ECO1_PBMC_cell_CTAACTTAGCCAACAG,0,0,0
ECO1_PBMC_cell_AAACCTGTCCAATGGT,0,0,0
ECO1_PBMC_cell_GGAATAATCCTATGTT,0,0,0
ECO1_PBMC_cell_AAGGCAGCACGTAAGG,0,0,0
ECO1_PBMC_cell_ACATCAGAGAAGGACA,0,0,0
ECO1_PBMC_cell_GGGAATGGTAGCTAAA,0,0,0
ECO1_PBMC_cell_ACTTACTCACATGTGT,0,0,0
ECO1_PBMC_cell_CCACCTATCCAAACTG,0,0,0
ECO1_PBMC_cell_TGCCAAACAAGGACAC,0,0,0
ECO1_PBMC_cell_AGTAGTCAGTGGTAAT,0,0,0
ECO1_PBMC_cell_CTCAGAACAAGCCATT,0,0,0
ECO1_PBMC_cell_TCCCGATCAGACTCGC,0,0,0
ECO1_PBMC_cell_ACACCAACACCTATCC,0,0,0
ECO1_PBMC_cell_GACTACAGTGTCAATC,0,0,0
ECO1_PBMC_cell_GGTGTTATCCCATTAT,0,0,0
ECO1_PBMC_cell_TAAGTGCCAAAGCAAT,0,0,0
ECO1_PBMC_cell_GACACGCAGGAACTGC,0,0,0
ECO1_PBMC_cell_AGTGAGGCAGTCTTCC,0,0,0
ECO1_PBMC_cell_GTACGTATCCTGCAGG,0,0,0
ECO1_PBMC_cell_ACTGAGTAGTTAAGTG,0,0,0
ECO1_PBMC_cell_CCTTTCTTCTCTTATG,0,0,0
ECO1_PBMC_cell_CTGCCTATCGCCGTGA,0,0,0
ECO1_PBMC_cell_GTCTCGTAGCCACGTC,0,0,0
ECO1_PBMC_cell_CCTACCACACACAGAG,0,0,0
ECO1_PBMC_cell_ACTTTCATCTGAGGGA,0,0,0
ECO1_PBMC_cell_CGGACACCATGAGCGA,0,0,0
ECO1_PBMC_cell_GTGCAGCCAAGGTTTC,0,0,0
ECO1_PBMC_cell_GACGGCTCAGACTCGC,0,0,0
ECO1_PBMC_cell_TGATTTCGTACTTCTT,0,0,0
ECO1_PBMC_cell_TGGCGCACACAACGCC,0,0,0
ECO1_PBMC_cell_TGCGGGTAGGGAACGG,0,0,0
ECO1_PBMC_cell_GGACAAGTCAAGAAGT,0,0,0
ECO1_PBMC_cell_CTCTAATGTATATGAG,0,0,0
ECO1_PBMC_cell_CGTTGGGAGGAATTAC,0,0,0
ECO1_PBMC_cell_TGCGTGGAGTTGTCGT,0,0,0
ECO1_PBMC_cell_ATGCGATCAAGTCTGT,0,0,0
ECO1_PBMC_cell_CGTAGGCCAGGACCCT,0,0,0
ECO1_PBMC_cell_TCAACGATCGAGAACG,0,0,0
ECO1_PBMC_cell_CTGCCTAAGGCATGTG,0,0,0
ECO1_PBMC_cell_TTCTACATCATTGCGA,0,0,0
ECO1_PBMC_cell_GGTGAAGGTCTAGAGG,0,0,0
ECO1_PBMC_cell_GAGGTGATCAGAGCTT,0,0,0
ECO1_PBMC_cell_GATGCTATCACATGCA,0,0,0
ECO1_PBMC_cell_ACATGGTTCTCGCATC,0,0,0
ECO1_PBMC_cell_GGGAGATCAGGAATGC,0,0,0
ECO1_PBMC_cell_GATTCAGAGATAGCAT,0,0,0
ECO1_PBMC_cell_TCGGGACCAGCCTGTG,0,0,0
ECO1_PBMC_cell_TTCGAAGGTGAGGCTA,0,0,0
ECO1_PBMC_cell_CTAATGGGTACAGACG,0,0,0
ECO1_PBMC_cell_CATGCCTAGACATAAC,0,0,0
ECO1_PBMC_cell_ACGCCAGTCAAACCGT,0,0,0
ECO1_PBMC_cell_GTTCGGGAGGGATGGG,0,0,0
ECO1_PBMC_cell_GGCGACTTCGCCCTTA,0,0,0
ECO1_PBMC_cell_AGTGTCAAGAGTAATC,0,0,0
ECO1_PBMC_cell_ATTGGTGTCGTCCGTT,0,0,0
ECO1_PBMC_cell_TCATTTGAGAGACGAA,0,0,0
ECO1_PBMC_cell_ATGGGAGAGCGTCTAT,0,0,0
ECO1_PBMC_cell_ATAAGAGGTCGCATCG,0,0,0
ECO1_PBMC_cell_TGACTTTTCTTTAGGG,0,0,0
ECO1_PBMC_cell_CTGCTGTGTATAATGG,0,0,0
ECO1_PBMC_cell_ATCGAGTTCCTAGTGA,0,0,0
ECO1_PBMC_cell_CAGTAACCAGTCTTCC,0,0,0
ECO1_PBMC_cell_GTAACTGCACATCCGG,0,0,0
ECO1_PBMC_cell_CGTGAGCTCAACGAAA,0,0,0
ECO1_PBMC_cell_CTCACACAGCTACCGC,0,0,0
ECO1_PBMC_cell_CAACTAGTCACATAGC,0,0,0
ECO1_PBMC_cell_TTCTTAGTCAGCAACT,0,0,0
ECO1_PBMC_cell_TGCCAAATCCTTTACA,0,0,0
ECO1_PBMC_cell_ACGTCAATCGGTCTAA,0,0,0
ECO1_PBMC_cell_ACGAGGACATCAGTCA,0,0,0
ECO1_PBMC_cell_ACGGGCTAGCGTAGTG,0,0,0
ECO1_PBMC_cell_TACAGTGCATTAACCG,0,0,0
ECO1_PBMC_cell_CGAATGTTCATGGTCA,0,0,0
ECO1_PBMC_cell_GAGCAGAAGCTAAGAT,0,0,0
ECO1_PBMC_cell_CCACGGACAGTGAGTG,0,0,0
ECO1_PBMC_cell_GGCTCGATCACTTATC,0,0,0
ECO1_PBMC_cell_CCTTACGTCCGTAGGC,0,0,0
ECO1_PBMC_cell_CCACTACCATGCATGT,0,0,0
ECO1_PBMC_cell_CCGTTCATCAGCGATT,0,0,0
ECO1_PBMC_cell_GGCTGGTCAATAGAGT,0,0,0
ECO1_PBMC_cell_TCGGTAATCTGACCTC,0,0,0
ECO1_PBMC_cell_GCGACCAAGCGATAGC,0,0,0
ECO1_PBMC_cell_GCACTCTTCACATGCA,0,0,0
ECO1_PBMC_cell_CAACCAATCAGCACAT,0,0,0
ECO1_PBMC_cell_TGTTCCGGTCCGCTGA,0,0,0
ECO1_PBMC_cell_TACGGTAAGAAGGCCT,0,0,0
ECO1_PBMC_cell_TGAGCATGTAACGTTC,0,0,0
ECO1_PBMC_cell_GCATGATTCTTGCAAG,0,0,0
ECO1_PBMC_cell_GCCTCTACATTGCGGC,0,0,0
ECO1_PBMC_cell_AGGTCCGGTCATATGC,0,0,0
ECO1_PBMC_cell_TAAGCGTGTCATGCAT,0,0,0
ECO1_PBMC_cell_GAGTCCGTCTCCCTGA,0,0,0
ECO1_PBMC_cell_TACGGTACACCCAGTG,0,0,0
ECO1_PBMC_cell_AGGTCATAGGCTAGAC,0,0,0
ECO1_PBMC_cell_GTACGTAAGTATGACA,0,0,0
ECO1_PBMC_cell_CTCAGAAAGATCTGAA,0,0,0
ECO1_PBMC_cell_CTCGTACCATATGGTC,0,0,0
ECO1_PBMC_cell_GAACGGAAGAAACCGC,0,0,0
ECO1_PBMC_cell_GTGCAGCTCCACGCAG,0,0,0
ECO1_PBMC_cell_AGGGATGGTAAACCTC,0,0,0
ECO1_PBMC_cell_TTATGCTTCGGATGTT,0,0,0
ECO1_PBMC_cell_GACTAACTCTGTTTGT,0,0,0
ECO1_PBMC_cell_CGTGAGCCAGCTGCAC,0,0,0
ECO1_PBMC_cell_CCTCTGACATCGGTTA,0,0,0
ECO1_PBMC_cell_CAGATCACAATAGCGG,0,0,0
ECO1_PBMC_cell_CTAACTTAGAGCTATA,0,0,0
ECO1_PBMC_cell_TGTATTCCATTTCACT,0,0,0
ECO1_PBMC_cell_CAACCTCTCATGCTCC,0,0,0
ECO1_PBMC_cell_CAACCTCAGGGTATCG,0,0,0
ECO1_PBMC_cell_GCGGGTTAGCGATCCC,0,0,0
ECO1_PBMC_cell_TGTATTCCAGAAGCAC,0,0,0
ECO1_PBMC_cell_ACTGCTCTCCAAGTAC,0,0,0
ECO1_PBMC_cell_GACTAACCAGGTTTCA,0,0,0
ECO1_PBMC_cell_TCAACGAGTTGATTCG,0,0,0
ECO1_PBMC_cell_ATCACGAAGGTCATCT,0,0,0
ECO1_PBMC_cell_GAGGTGAGTTGGTGGA,0,0,0
ECO1_PBMC_cell_AGTGTCAAGAGGTAGA,0,0,0
ECO1_PBMC_cell_TACTTGTTCTGGTGTA,0,0,0
ECO1_PBMC_cell_GTCGTAATCATGTAGC,0,0,0
ECO1_PBMC_cell_GACGCGTTCAAGGTAA,0,0,0
ECO1_PBMC_cell_AGTGAGGAGTAGGCCA,0,0,0
ECO1_PBMC_cell_TACGGGCTCGCTTAGA,0,0,0
ECO1_PBMC_cell_ATCTACTAGGTGTGGT,0,0,0
ECO1_PBMC_cell_TTAGGACCATCGGGTC,0,0,0
ECO1_PBMC_cell_CTTGGCTGTCTAGCGC,0,0,0
ECO1_PBMC_cell_GTACTTTCATGGTAGG,0,0,0
ECO1_PBMC_cell_TTGGCAACAAGTCATC,0,0,0
ECO1_PBMC_cell_CACATAGTCACCATAG,0,0,0
ECO1_PBMC_cell_GCTGGGTCATGTCTCC,0,0,0
ECO1_PBMC_cell_GCACTCTAGAGGTACC,0,0,0
ECO1_PBMC_cell_TCGGTAATCCGATATG,0,0,0
ECO1_PBMC_cell_TAGACCAGTTTAAGCC,0,0,0
ECO1_PBMC_cell_TCAGATGCAAGGCTCC,0,0,0
ECO1_PBMC_cell_ACGGGCTCAGAGCCAA,0,0,0
ECO1_PBMC_cell_AACCGCGGTGGTACAG,0,0,0
ECO1_PBMC_cell_CCTTTCTGTTCGAATC,0,0,0
ECO1_PBMC_cell_TATCAGGCACGTCAGC,0,0,0
ECO1_PBMC_cell_CGGTTAACAGTTAACC,0,0,0
ECO1_PBMC_cell_TTTACTGGTCGCATAT,0,0,0
ECO1_PBMC_cell_GCTCCTATCTACCAGA,0,0,0
ECO1_PBMC_cell_GCACTCTCAACGATCT,0,0,0
ECO1_PBMC_cell_TACTCATTCTTTCCTC,0,0,0
ECO1_PBMC_cell_ACAGCTATCTTCTGGC,0,0,0
ECO1_PBMC_cell_CAGAATCTCTCTTATG,0,0,0
ECO1_PBMC_cell_ACTGCTCCACGAGAGT,0,0,0
ECO1_PBMC_cell_ACCGTAAGTCGTCTTC,0,0,0
ECO1_PBMC_cell_ATCATGGGTACCTACA,0,0,0
ECO1_PBMC_cell_GCTCTGTAGATAGGAG,0,0,0
ECO1_PBMC_cell_AGTAGTCCAGATCTGT,0,0,0
ECO1_PBMC_cell_TGGGAAGAGGCTACGA,0,0,0
ECO1_PBMC_cell_GACCAATTCCGAACGC,0,0,0
ECO1_PBMC_cell_CAGCTAAGTGGCCCTA,0,0,0
ECO1_PBMC_cell_CAACCAATCACTCCTG,0,0,0
ECO1_PBMC_cell_GCGACCAAGTACGTAA,0,0,0
ECO1_PBMC_cell_GCGCAACGTCAATACC,0,0,0
ECO1_PBMC_cell_CTTGGCTTCGCGTTTC,0,0,0
ECO1_PBMC_cell_CGTCACTCAATGAATG,0,0,0
ECO1_PBMC_cell_AACCATGCACTCTGTC,0,0,0
ECO1_PBMC_cell_CTCGGAGGTACCAGTT,0,0,0
ECO1_PBMC_cell_CTGATCCCACAGATTC,0,0,0
ECO1_PBMC_cell_GACGTTATCCGCTGTT,0,0,0
ECO1_PBMC_cell_CTGTTTAAGACTTTCG,0,0,0
ECO1_PBMC_cell_TAAACCGAGATCGATA,0,0,0
ECO1_PBMC_cell_TGACGGCGTCTGCGGT,0,0,0
ECO1_PBMC_cell_GGGCATCCATCTCGCT,0,0,0
ECO1_PBMC_cell_CCTTTCTGTTATCCGA,0,0,0
ECO1_PBMC_cell_AACGTTGTCGGTCCGA,0,0,0
ECO1_PBMC_cell_TGACTAGTCAACACAC,0,0,0
ECO1_PBMC_cell_GGATTACGTTACGGAG,0,0,0
ECO1_PBMC_cell_CTACATTGTCAAACTC,0,0,0
ECO1_PBMC_cell_AAGGTTCAGAGACGAA,0,0,0
ECO1_PBMC_cell_GCACATAAGCCGCCTA,0,0,0
ECO1_PBMC_cell_GGAGCAACAAACGTGG,0,0,0
ECO1_PBMC_cell_GGTGCGTTCGGTGTTA,0,0,0
ECO1_PBMC_cell_CTGATAGAGGCTAGCA,0,0,0
ECO1_PBMC_cell_TATCAGGCAAGGACAC,0,0,0
ECO1_PBMC_cell_CCATGTCAGACTTTCG,0,0,0
ECO1_PBMC_cell_CGAGAAGGTAGCGCTC,0,0,0
ECO1_PBMC_cell_AGTAGTCTCCAGTAGT,0,0,0
ECO1_PBMC_cell_ATGCGATTCTTTAGGG,0,0,0
ECO1_PBMC_cell_GAAATGAGTGCATCTA,0,0,0
ECO1_PBMC_cell_AGGTCCGTCTTGACGA,0,0,0
ECO1_PBMC_cell_TCGGGACTCGAATGGG,0,0,0
ECO1_PBMC_cell_TCAGCTCTCGTCGTTC,0,0,0
ECO1_PBMC_cell_GTCGGGTGTGGTACAG,0,0,0
ECO1_PBMC_cell_TGAGCCGAGGGCATGT,0,0,0
ECO1_PBMC_cell_ATCTACTGTATAGGGC,0,0,0
ECO1_PBMC_cell_TGGGAAGGTAAATGTG,0,0,0
ECO1_PBMC_cell_CATATTCAGAGTCTGG,0,0,0
ECO1_PBMC_cell_CTCGTCAGTCGCATAT,0,0,0
ECO1_PBMC_cell_CAAGAAAAGGGTCGAT,0,0,0
ECO1_PBMC_cell_GTACTTTAGTAGATGT,0,0,0
ECO1_PBMC_cell_ACTGAGTAGACTGGGT,0,0,0
ECO1_PBMC_cell_TAGGCATGTGGCCCTA,0,0,0
ECO1_PBMC_cell_TCTCATATCAAGCCTA,0,0,0
ECO1_PBMC_cell_CTGGTCTGTTACAGAA,0,0,0
ECO1_PBMC_cell_TCCACACCACTAGTAC,0,0,0
ECO1_PBMC_cell_CTAAGACCAGCTTCGG,0,0,0
ECO1_PBMC_cell_TTGTAGGCAACACCCG,0,0,0
ECO1_PBMC_cell_CTCGTACTCTGCCAGG,0,0,0
ECO1_PBMC_cell_TCTGGAAGTCCGCTGA,0,0,0
ECO1_PBMC_cell_AGGTCCGTCGGATGTT,0,0,0
ECO1_PBMC_cell_CGTAGCGTCTGCTGTC,0,0,0
ECO1_PBMC_cell_CATGGCGGTGACGCCT,0,0,0
ECO1_PBMC_cell_CCTATTACACAGGAGT,0,0,0
ECO1_PBMC_cell_GACGGCTGTCCGAGTC,0,0,0
ECO1_PBMC_cell_TTCTTAGTCTCAAGTG,0,0,0
ECO1_PBMC_cell_CGATCGGGTCACCCAG,0,0,0
ECO1_PBMC_cell_TCAGGATGTGGTTTCA,0,0,0
ECO1_PBMC_cell_TAGTTGGAGAAACGAG,0,0,0
ECO1_PBMC_cell_CTCGTCAAGGTGTTAA,0,0,0
ECO1_PBMC_cell_TTAGGCAGTACCGAGA,0,0,0
ECO1_PBMC_cell_AGCTCTCCAGCTCGAC,0,0,0
ECO1_PBMC_cell_CCAGCGAAGGTACTCT,0,0,0
ECO1_PBMC_cell_GTACGTAGTTCTCATT,0,0,0
ECO1_PBMC_cell_CGTCTACGTAAGAGGA,0,0,0
ECO1_PBMC_cell_TCCACACAGGGTGTTG,0,0,0
ECO1_PBMC_cell_AGGGAGTTCAGTTTGG,0,0,0
ECO1_PBMC_cell_TCAGGATCAGCTGTTA,0,0,0
ECO1_PBMC_cell_TGATTTCGTTCGAATC,0,0,0
ECO1_PBMC_cell_CGTTAGAAGCGAAGGG,0,0,0
ECO1_PBMC_cell_AGAGCTTTCGTCACGG,0,0,0
ECO1_PBMC_cell_GCATGTAGTCAGAGGT,0,0,0
ECO1_PBMC_cell_ACGGGTCTCCTCGCAT,0,0,0
ECO1_PBMC_cell_TTGACTTTCTTGAGGT,0,0,0
ECO1_PBMC_cell_AAGCCGCAGGCATGTG,0,0,0
ECO1_PBMC_cell_TAAACCGGTCAGAAGC,0,0,0
ECO1_PBMC_cell_GTATTCTGTACCGTAT,0,0,0
ECO1_PBMC_cell_ACGATGTCAAACCTAC,0,0,0
ECO1_PBMC_cell_GTCTTCGAGTACGCCC,0,0,0
ECO1_PBMC_cell_AGGTCATCAGATCTGT,0,0,1
ECO1_PBMC_cell_GACAGAGGTCGAGATG,0,0,0
ECO1_PBMC_cell_CCTCTGAGTGTAACGG,0,0,0
ECO1_PBMC_cell_TACTTGTTCATGCATG,0,0,0
ECO1_PBMC_cell_GCAGCCACATCCCACT,0,0,0
ECO1_PBMC_cell_AGTCTTTTCGCGGATC,0,0,0
ECO1_PBMC_cell_CGGCTAGCACCGAATT,0,0,0
ECO1_PBMC_cell_GTCCTCATCAGGCGAA,0,0,0
ECO1_PBMC_cell_ACATCAGCAATACGCT,0,0,0
ECO1_PBMC_cell_CGCGGTAAGTGGTAAT,0,0,0
ECO1_PBMC_cell_ACCTTTACAGAGCCAA,0,0,0
ECO1_PBMC_cell_CATATTCTCACCGTAA,0,0,0
ECO1_PBMC_cell_TTGCCGTTCAGCTCTC,0,0,0
ECO1_PBMC_cell_CTAGTGAGTATAGGTA,0,0,0
ECO1_PBMC_cell_TTAGTTCTCGGTCCGA,0,0,0
ECO1_PBMC_cell_AGCCTAACAGGATCGA,0,0,0
ECO1_PBMC_cell_AAATGCCAGCGATCCC,0,0,0
ECO1_PBMC_cell_CTCTGGTTCGACAGCC,0,0,0
ECO1_PBMC_cell_CGTTGGGTCATGTGGT,0,0,0
ECO1_PBMC_cell_GTCCTCATCTACTATC,0,0,0
ECO1_PBMC_cell_CACAAACAGATTACCC,0,0,0
ECO1_PBMC_cell_CTACCCATCTTCATGT,0,0,0
ECO1_PBMC_cell_CGTGTAATCCTGTACC,0,0,0
ECO1_PBMC_cell_CACCAGGAGCTGCGAA,0,0,0
ECO1_PBMC_cell_AAGGCAGGTCATCCCT,0,0,0
ECO1_PBMC_cell_ACTGAGTCAGCCTTGG,0,0,0
ECO1_PBMC_cell_GAGTCCGCATACAGCT,0,0,0
ECO1_PBMC_cell_CGACTTCCACGACGAA,0,0,0
ECO1_PBMC_cell_GTTCTCGCAAGGCTCC,0,0,0
ECO1_PBMC_cell_CGTCCATAGTGTCTCA,0,0,0
ECO1_PBMC_cell_GCAAACTTCCGCATAA,0,0,0
ECO1_PBMC_cell_GTGGGTCAGAGAGCTC,0,0,0
ECO1_PBMC_cell_GCATGTAGTCATGCAT,0,0,0
ECO1_PBMC_cell_CTGCCTATCAATACCG,0,0,0
ECO1_PBMC_cell_CGTAGGCTCCACGACG,0,0,0
ECO1_PBMC_cell_GTGGGTCCACGGTAGA,0,0,0
ECO1_PBMC_cell_GTATTCTCAGTTCATG,0,0,0
ECO1_PBMC_cell_CGGACTGAGGCTACGA,0,0,0
ECO1_PBMC_cell_TTCGGTCTCCAGTATG,0,0,0
ECO1_PBMC_cell_GAAGCAGGTGACGGTA,0,0,0
ECO1_PBMC_cell_ACGGCCAAGGGCTCTC,0,0,0
ECO1_PBMC_cell_CTCTACGAGCTTTGGT,0,0,0
ECO1_PBMC_cell_CCGGGATAGTGGAGTC,0,0,0
ECO1_PBMC_cell_CATTATCAGAAACCGC,0,0,0
ECO1_PBMC_cell_TCATTACAGGATGTAT,0,0,0
ECO1_PBMC_cell_GCACATACATCTACGA,0,0,0
ECO1_PBMC_cell_GTGCAGCAGCAGACTG,0,0,0
ECO1_PBMC_cell_AAGGAGCCATGAACCT,0,0,0
ECO1_PBMC_cell_ACACCGGCAGTGGAGT,0,0,0
ECO1_PBMC_cell_GTTTCTAAGGGTTCCC,0,0,0
ECO1_PBMC_cell_TGAGGGACAGCTGCTG,0,0,0
ECO1_PBMC_cell_TATCAGGTCCAACCAA,0,0,0
ECO1_PBMC_cell_GGACATTAGGTGGGTT,0,0,0
ECO1_PBMC_cell_GGCAATTCACGCCAGT,0,0,0
ECO1_PBMC_cell_TTCGGTCAGTGACTCT,0,0,0
ECO1_PBMC_cell_TCAGCTCGTGTGACGA,0,0,0
ECO1_PBMC_cell_CGTCACTTCAACCATG,0,0,0
ECO1_PBMC_cell_CAGCCGAGTCTAGGTT,0,0,0
ECO1_PBMC_cell_CTACGTCCAAACCCAT,0,0,0
ECO1_PBMC_cell_GTACGTATCGGCTACG,0,0,0
ECO1_PBMC_cell_GCTGCGACAGTTCATG,0,0,0
ECO1_PBMC_cell_CACCTTGCAGGATTGG,0,0,0
ECO1_PBMC_cell_GGGTTGCTCCAACCAA,0,0,0
ECO1_PBMC_cell_TAGTTGGTCGTCTGAA,0,0,0
ECO1_PBMC_cell_GGACGTCCAAGGTGTG,0,0,0
ECO1_PBMC_cell_TCCACACGTCATATGC,0,0,0
ECO1_PBMC_cell_TGCCAAATCCAGTATG,0,0,0
ECO1_PBMC_cell_AGGCCGTCAGCAGTTT,0,0,0
ECO1_PBMC_cell_CTCGAAAGTACTTAGC,0,0,0
ECO1_PBMC_cell_TTTACTGAGGCCCTCA,0,0,0
ECO1_PBMC_cell_TTGACTTCAGATGGGT,0,0,0
ECO1_PBMC_cell_TACAGTGAGCACAGGT,0,0,0
ECO1_PBMC_cell_ACTGTCCAGCCAGAAC,0,0,0
ECO1_PBMC_cell_GTTCGGGCAGACAAGC,0,0,0
ECO1_PBMC_cell_TTGGCAAAGCATGGCA,0,0,0
ECO1_PBMC_cell_GTAGTCACAGGAACGT,0,0,0
ECO1_PBMC_cell_CCGGGATAGCTGAACG,0,0,0
ECO1_PBMC_cell_GTACTCCAGGGATGGG,0,0,0
ECO1_PBMC_cell_CTAGTGACACAAGTAA,0,0,0
ECO1_PBMC_cell_AGAGTGGTCACCACCT,0,0,0
ECO1_PBMC_cell_AGTAGTCCAATGACCT,0,0,0
ECO1_PBMC_cell_GCTCTGTTCGACAGCC,0,0,0
ECO1_PBMC_cell_AAGACCTAGTACGCGA,0,0,0
ECO1_PBMC_cell_TAAGAGATCTGCTGTC,0,0,0
ECO1_PBMC_cell_ATTGGTGAGATGTCGG,0,0,0
ECO1_PBMC_cell_GGTATTGTCACATGCA,0,0,0
ECO1_PBMC_cell_GCTGGGTTCTCGCTTG,0,0,0
ECO1_PBMC_cell_GCGCAACGTCTGCGGT,0,0,0
ECO1_PBMC_cell_ACATCAGTCAATCTCT,0,0,0
ECO1_PBMC_cell_CGTTAGAAGACGACGT,0,0,0
ECO1_PBMC_cell_ATCACGAGTGAGGGAG,0,0,0
ECO1_PBMC_cell_TGGTTAGTCCGAATGT,0,0,0
ECO1_PBMC_cell_TACGGGCAGAGCTTCT,0,0,0
ECO1_PBMC_cell_CGATCGGTCAGAAATG,0,0,0
ECO1_PBMC_cell_TTTCCTCGTGGCTCCA,0,0,0
ECO1_PBMC_cell_CTCGTACTCCGGCACA,0,0,0
ECO1_PBMC_cell_ATCCGAACACTGTTAG,0,0,0
ECO1_PBMC_cell_AACCATGTCCTCATTA,0,0,0
ECO1_PBMC_cell_ACCGTAATCATCATTC,0,0,0
ECO1_PBMC_cell_TGCCAAATCGACGGAA,0,0,0
ECO1_PBMC_cell_GTAGGCCTCCAGTATG,0,0,0
ECO1_PBMC_cell_TCCACACGTAAGTAGT,0,0,0
ECO1_PBMC_cell_TAAGTGCTCAGCTCGG,0,0,0
ECO1_PBMC_cell_CGCGGTATCTCTAGGA,0,0,0
ECO1_PBMC_cell_ACGGGCTCACTTAACG,0,0,0
ECO1_PBMC_cell_AATCGGTGTGGACGAT,0,0,0
ECO1_PBMC_cell_TTCTCCTTCACAGGCC,0,0,0
ECO1_PBMC_cell_CAGTAACTCTCTGCTG,0,0,0
ECO1_PBMC_cell_TCGCGTTGTTGGTAAA,0,0,0
ECO1_PBMC_cell_CTACATTTCACGATGT,0,0,0
ECO1_PBMC_cell_TACGGGCCAGTTAACC,0,0,0
ECO1_PBMC_cell_TGGGAAGCATTGGTAC,0,0,0
ECO1_PBMC_cell_CAGGTGCCATAGAAAC,0,0,0
ECO1_PBMC_cell_CATCGAATCCTGTAGA,0,0,0
ECO1_PBMC_cell_CATATTCCACAGAGGT,0,0,0
ECO1_PBMC_cell_CCGGGATCAAGACGTG,0,0,0
ECO1_PBMC_cell_CTCCTAGTCGTTACAG,0,0,0
ECO1_PBMC_cell_CATCAGATCAAAGACA,0,0,0
ECO1_PBMC_cell_GGGACCTCACCGTTGG,0,0,0
ECO1_PBMC_cell_AGTTGGTCATGCAATC,0,0,0
ECO1_PBMC_cell_AGTGTCATCACCTTAT,0,0,0
ECO1_PBMC_cell_CGTTCTGGTGCACCAC,0,0,0
ECO1_PBMC_cell_CTCGAAAGTCTAGGTT,0,0,0
ECO1_PBMC_cell_CGGGTCAAGCAGCGTA,0,0,0
ECO1_PBMC_cell_TCAGCAAAGTGGAGTC,0,0,0
ECO1_PBMC_cell_CGATCGGTCCTTGCCA,0,0,0
ECO1_PBMC_cell_ATCCACCAGGCTAGAC,0,0,0
ECO1_PBMC_cell_TGCCCTAAGTGTTTGC,0,0,0
ECO1_PBMC_cell_AATCCAGTCGTCACGG,0,0,0
ECO1_PBMC_cell_GGGAGATGTCTCCCTA,0,0,0
ECO1_PBMC_cell_TCGCGAGCAGATGGCA,0,0,0
ECO1_PBMC_cell_GTGCTTCCAAATCCGT,0,0,0
ECO1_PBMC_cell_AGTGTCAAGGTGTTAA,0,0,0
ECO1_PBMC_cell_GATGCTATCGAATGCT,0,0,0
ECO1_PBMC_cell_CTCGGGAAGGATGGTC,0,0,0
ECO1_PBMC_cell_CGATTGATCTGTACGA,0,0,0
ECO1_PBMC_cell_GGGACCTCACAGACAG,0,0,0
ECO1_PBMC_cell_TCTGGAAAGAATCTCC,0,0,0
ECO1_PBMC_cell_TAGCCGGGTTGCTCCT,0,0,0
ECO1_PBMC_cell_GGGAGATTCATCTGTT,0,0,0
ECO1_PBMC_cell_TGTTCCGCACGGCGTT,0,0,0
ECO1_PBMC_cell_AACGTTGTCAAACGGG,0,0,0
ECO1_PBMC_cell_GGGATGACATGAGCGA,0,0,0
ECO1_PBMC_cell_CCATTCGCAGTCGATT,0,0,1
ECO1_PBMC_cell_GAACGGAGTGGTGTAG,0,0,0
ECO1_PBMC_cell_ACGATGTGTAGAGGAA,0,0,0
ECO1_PBMC_cell_CGGTTAACACTCAGGC,0,0,0
ECO1_PBMC_cell_TGGGCGTAGGTGGGTT,0,0,0
ECO1_PBMC_cell_GGGAGATGTGATGCCC,0,0,0
ECO1_PBMC_cell_ACACTGATCACAACGT,0,0,0
ECO1_PBMC_cell_CAGAATCAGCCTTGAT,0,0,0
ECO1_PBMC_cell_TCGTACCGTCGCATCG,0,0,0
ECO1_PBMC_cell_AAAGTAGTCCAGTAGT,0,0,0
ECO1_PBMC_cell_AATCCAGAGCAATCTC,0,0,0
ECO1_PBMC_cell_GAAGCAGTCTTAACCT,0,0,0
ECO1_PBMC_cell_GTCGGGTCAGAGCCAA,0,0,0
ECO1_PBMC_cell_AAGGAGCGTTAAGATG,0,0,0
ECO1_PBMC_cell_GCGGGTTAGCCGGTAA,0,0,0
ECO1_PBMC_cell_AAACGGGTCCAGTAGT,0,0,0
ECO1_PBMC_cell_CATATTCTCTTCATGT,0,0,0
ECO1_PBMC_cell_AGCTCTCTCGGTCTAA,0,0,0
ECO1_PBMC_cell_CCTAAAGTCTACCTGC,0,0,0
ECO1_PBMC_cell_GGTGCGTCACCAGTTA,0,0,0
ECO1_PBMC_cell_AACTCAGTCCAAGTAC,0,0,0
ECO1_PBMC_cell_ACAGCTATCAGTCCCT,0,0,0
ECO1_PBMC_cell_TGTATTCTCTCTAGGA,0,0,0
ECO1_PBMC_cell_AATCCAGGTTCGAATC,0,0,0
ECO1_PBMC_cell_CTTACCGTCCCTTGTG,0,0,0
ECO1_PBMC_cell_CTAGCCTCAGCCTATA,0,0,0
ECO1_PBMC_cell_GGATTACGTCGAACAG,0,0,0
ECO1_PBMC_cell_CGAGCACCATCGGACC,0,0,0
ECO1_PBMC_cell_TTCTTAGCATCTACGA,0,0,0
ECO1_PBMC_cell_CGCCAAGTCGCATGGC,0,0,0
ECO1_PBMC_cell_ATGGGAGAGACAGGCT,0,0,0
ECO1_PBMC_cell_GAAGCAGTCTTCGAGA,0,0,0
ECO1_PBMC_cell_GATCAGTAGCTTATCG,0,0,0
ECO1_PBMC_cell_CAAGATCCAATCCAAC,0,0,0
ECO1_PBMC_cell_AGCGGTCTCACCCTCA,0,0,0
ECO1_PBMC_cell_TTGCGTCTCTCAAACG,0,0,0
ECO1_PBMC_cell_CGGACTGCAAAGCGGT,0,0,0
ECO1_PBMC_cell_TGACTTTGTCTAGCCG,0,0,0
ECO1_PBMC_cell_GATCGATTCTGTCTCG,0,0,0
ECO1_PBMC_cell_TGATTTCCAGCTATTG,0,0,0
ECO1_PBMC_cell_GATCGATTCGGTGTTA,0,0,0
ECO1_PBMC_cell_AACTCTTTCCTCAATT,0,0,0
ECO1_PBMC_cell_AGGCCGTTCCGTCATC,0,0,0
ECO1_PBMC_cell_CATATGGGTACTTGAC,0,0,0
ECO1_PBMC_cell_CGCGTTTTCCTGCCAT,0,0,0
ECO1_PBMC_cell_GAAACTCTCAATACCG,0,0,0
ECO1_PBMC_cell_GTTTCTAGTTCAACCA,0,0,0
ECO1_PBMC_cell_CCTTCGAAGGAATGGA,0,0,0
ECO1_PBMC_cell_TGAGCATAGTTGTCGT,0,0,0
ECO1_PBMC_cell_TGTATTCGTAAAGGAG,0,0,0
ECO1_PBMC_cell_ATTATCCCATGGTTGT,0,0,0
ECO1_PBMC_cell_AACTCCCTCAGCCTAA,0,0,0
ECO1_PBMC_cell_TGGGCGTAGTGCTGCC,0,0,0
ECO1_PBMC_cell_TACCTATAGTAGGCCA,0,0,0
ECO1_PBMC_cell_TCAGGTATCGCTAGCG,0,0,0
ECO1_PBMC_cell_CGATGGCTCCGAAGAG,0,0,0
ECO1_PBMC_cell_TAGTGGTCATGCCTTC,0,0,0
ECO1_PBMC_cell_CCTCAGTCATCCGGGT,0,0,0
ECO1_PBMC_cell_AGTCTTTCACGCATCG,0,0,0
ECO1_PBMC_cell_AGTTGGTAGCCTCGTG,0,0,0
ECO1_PBMC_cell_GATTCAGCATCGGACC,0,0,0
ECO1_PBMC_cell_AAGTCTGAGCGTAATA,0,0,0
ECO1_PBMC_cell_CTACCCAAGCTAGGCA,0,0,0
ECO1_PBMC_cell_TCATTACTCAAACGGG,0,0,0
ECO1_PBMC_cell_TCGTAGATCTGCGTAA,0,0,0
ECO1_PBMC_cell_TTGGAACAGATGAGAG,0,0,0
ECO1_PBMC_cell_CTTAACTTCTTCATGT,0,0,0
ECO1_PBMC_cell_CAGCTAAAGGACTGGT,0,0,0
ECO1_PBMC_cell_TCACGAAAGGCCCGTT,0,0,0
ECO1_PBMC_cell_AGTGTCATCATCATTC,0,0,0
ECO1_PBMC_cell_CGAGAAGGTTAAGGGC,0,0,0
ECO1_PBMC_cell_TCGGGACGTTCCGTCT,0,0,0
ECO1_PBMC_cell_CTACACCGTTCACGGC,0,0,0
ECO1_PBMC_cell_GCTTGAAAGTACGTTC,0,0,0
ECO1_PBMC_cell_CTTAACTAGTCTCAAC,0,0,0
ECO1_PBMC_cell_TGAAAGAAGGCTCAGA,0,0,0
ECO1_PBMC_cell_CGGAGCTGTCGAGTTT,0,0,0
ECO1_PBMC_cell_TTTGGTTTCATCTGCC,0,0,0
ECO1_PBMC_cell_CTTGGCTGTAGCGCAA,0,0,0
ECO1_PBMC_cell_GACGTGCGTTTGTGTG,0,0,0
ECO1_PBMC_cell_TGAGCATGTCAGAGGT,0,0,0
ECO1_PBMC_cell_GCTTGAAGTACAGCAG,0,0,0
ECO1_PBMC_cell_CGCTATCCACTTCTGC,0,0,0
ECO1_PBMC_cell_CCTATTAGTCCTGCTT,0,0,0
ECO1_PBMC_cell_AACGTTGTCTGGCGAC,0,0,0
ECO1_PBMC_cell_CCCAATCTCAATACCG,0,0,0
ECO1_PBMC_cell_ACACTGATCGTCCGTT,0,0,0
ECO1_PBMC_cell_ACACCCTCAGCTTCGG,0,0,0
ECO1_PBMC_cell_CTTAACTCAACTGCGC,0,0,0
ECO1_PBMC_cell_GCTGCAGGTTCCATGA,0,0,0
ECO1_PBMC_cell_AGCAGCCTCCGGGTGT,0,0,0
ECO1_PBMC_cell_CTGAAGTTCGCCAAAT,0,0,0
ECO1_PBMC_cell_GGGCATCCAGTATAAG,0,0,0
ECO1_PBMC_cell_AGAGTGGTCTCGCATC,0,0,0
ECO1_PBMC_cell_AGCTTGATCTTCGGTC,0,0,0
ECO1_PBMC_cell_TACGGGCTCATAGCAC,0,0,0
ECO1_PBMC_cell_CTGCCTAGTTCCAACA,0,0,0
ECO1_PBMC_cell_TACTTACTCTAACCGA,0,0,0
ECO1_PBMC_cell_TAGAGCTAGAGTAAGG,0,0,0
ECO1_PBMC_cell_TTAGGACTCGCCAAAT,0,0,0
ECO1_PBMC_cell_ACATACGCAAGGTTTC,0,0,0
ECO1_PBMC_cell_CCTCTGAAGTGACATA,0,0,0
ECO1_PBMC_cell_TAGCCGGGTAGAGTGC,0,0,0
ECO1_PBMC_cell_ATAACGCCAGTAAGCG,0,0,0
ECO1_PBMC_cell_TATCTCATCTAAGCCA,0,0,0
ECO1_PBMC_cell_TAAACCGAGTGTTAGA,0,0,0
ECO1_PBMC_cell_TGCCAAACAGTCGATT,0,0,0
ECO1_PBMC_cell_AAAGATGCACCGGAAA,0,0,0
ECO1_PBMC_cell_CGAGAAGGTCTCCCTA,0,0,0
ECO1_PBMC_cell_CGTAGCGCATTTCACT,0,0,0
ECO1_PBMC_cell_CATCAGAGTGGGTATG,0,0,0
ECO1_PBMC_cell_CCGGTAGGTCTGATCA,0,0,0
ECO1_PBMC_cell_ACGCCAGCAAGGTTCT,0,0,0
ECO1_PBMC_cell_CATCAGACACCAACCG,0,0,0
ECO1_PBMC_cell_CTTAGGACAAAGGAAG,0,0,0
ECO1_PBMC_cell_AACTCCCCAAGCGAGT,0,0,0
ECO1_PBMC_cell_ATGCGATCAGGCTGAA,0,0,0
ECO1_PBMC_cell_TGACTAGAGATGCCTT,0,0,0
ECO1_PBMC_cell_AGAGCGAGTCTGGTCG,0,0,0
ECO1_PBMC_cell_ACAGCCGCAGACGCCT,0,0,0
ECO1_PBMC_cell_CAAGAAAGTTGGACCC,0,0,0
ECO1_PBMC_cell_AGGGATGAGCTGCGAA,0,0,0
ECO1_PBMC_cell_TTTGGTTAGACTTTCG,0,0,0
ECO1_PBMC_cell_AGGGTGAGTAATAGCA,0,0,0
ECO1_PBMC_cell_TCATTACTCCAGAAGG,0,0,0
ECO1_PBMC_cell_GGTATTGCAGACGCAA,0,0,0
ECO1_PBMC_cell_AACTCCCTCTATCCCG,0,0,0
ECO1_PBMC_cell_GCAGCCAAGGCAATTA,0,0,0
ECO1_PBMC_cell_CTCATTACAGCAGTTT,0,0,0
ECO1_PBMC_cell_CTCGGAGGTAAAGTCA,0,0,0
ECO1_PBMC_cell_TCGTACCCATTTCACT,0,0,0
ECO1_PBMC_cell_AACACGTGTCGAGATG,0,0,0
ECO1_PBMC_cell_TAGAGCTTCGGTGTCG,0,0,0
ECO1_PBMC_cell_CTCGTCACAGGGTACA,0,0,0
ECO1_PBMC_cell_CGTGTAAGTAGCGATG,0,0,0
ECO1_PBMC_cell_ATCTACTGTACCGTTA,0,0,0
ECO1_PBMC_cell_ATTGGTGTCTTGCATT,0,0,0
ECO1_PBMC_cell_TACCTATTCTGCCCTA,0,0,0
ECO1_PBMC_cell_CTAATGGGTTGTGGCC,0,0,0
ECO1_PBMC_cell_CGCTGGAAGTTAGGTA,0,0,0
ECO1_PBMC_cell_CCCAGTTGTCTAGGTT,0,0,0
ECO1_PBMC_cell_GAAGCAGTCAGTCAGT,0,0,0
ECO1_PBMC_cell_TACGGATGTTGTACAC,0,0,0
ECO1_PBMC_cell_GATCTAGCACCAGGTC,0,0,0
ECO1_PBMC_cell_TTTCCTCCACCGTTGG,0,0,0
ECO1_PBMC_cell_GATTCAGGTACTTCTT,0,0,0
ECO1_PBMC_cell_GCATGCGAGAGGGATA,0,0,0
ECO1_PBMC_cell_GTACGTAGTATGGTTC,0,0,0
ECO1_PBMC_cell_GATGAAAAGTCTCAAC,0,0,0
ECO1_PBMC_cell_GTCGTAAAGAAGATTC,0,0,0
ECO1_PBMC_cell_TGCACCTAGAACTCGG,0,0,0
ECO1_PBMC_cell_ATGCGATAGGTCATCT,0,0,0
ECO1_PBMC_cell_CAACCTCCAGTACACT,0,0,0
ECO1_PBMC_cell_GACAGAGGTCCATGAT,0,0,0
ECO1_PBMC_cell_ATTTCTGTCAATAAGG,0,0,0
ECO1_PBMC_cell_CAGCTGGCACATAACC,0,0,0
ECO1_PBMC_cell_CTGTGCTTCTAAGCCA,0,0,0
ECO1_PBMC_cell_AGCTTGAAGCTAAACA,0,0,0
ECO1_PBMC_cell_CCTCTGATCCCACTTG,0,0,0
ECO1_PBMC_cell_CGGACGTAGAAGGTTT,0,0,0
ECO1_PBMC_cell_ACCTTTACAAGGACTG,0,0,0
ECO1_PBMC_cell_CGTCACTAGTCGTTTG,0,0,0
ECO1_PBMC_cell_GCGCAGTCAATAGCGG,0,0,0
ECO1_PBMC_cell_ATGTGTGCAGTCTTCC,0,0,0
ECO1_PBMC_cell_CATATTCAGTCCGGTC,0,0,0
ECO1_PBMC_cell_GTCTCGTGTCCGCTGA,0,0,0
ECO1_PBMC_cell_ACACTGAAGGAATCGC,0,0,0
ECO1_PBMC_cell_CGGAGCTGTTGGACCC,0,0,0
ECO1_PBMC_cell_GCGCCAACAACTGGCC,0,0,0
ECO1_PBMC_cell_CAGGTGCTCTATGTGG,0,0,0
ECO1_PBMC_cell_TTAGGACTCGTTTATC,0,0,0
ECO1_PBMC_cell_TCTCATAAGTCGTACT,0,0,0
ECO1_PBMC_cell_ACGCCGACAAGGTGTG,0,0,0
ECO1_PBMC_cell_TGACAACGTCGATTGT,0,0,0
ECO1_PBMC_cell_GACACGCAGCTAGTTC,0,0,0
ECO1_PBMC_cell_CTCGAAAGTTCAGGCC,0,0,0
ECO1_PBMC_cell_CCTCAGTAGGATATAC,0,0,0
ECO1_PBMC_cell_AACCGCGAGATATGGT,0,0,0
ECO1_PBMC_cell_TAAGCGTCACCAGCAC,0,0,0
ECO1_PBMC_cell_GTAACTGCATAGGATA,0,0,0
ECO1_PBMC_cell_CGATCGGGTGGCAAAC,0,0,0
ECO1_PBMC_cell_GTACTCCGTCCCTACT,0,0,0
ECO1_PBMC_cell_CGATTGAAGCCGTCGT,0,0,0
ECO1_PBMC_cell_GTGAAGGGTTTGTTGG,0,0,0
ECO1_PBMC_cell_CAAGGCCAGGCTAGAC,0,0,0
ECO1_PBMC_cell_CTGCCTAGTGGTACAG,0,0,0
ECO1_PBMC_cell_TTCTCCTAGAACTCGG,0,0,0
ECO1_PBMC_cell_TTCTCCTCACTTCTGC,0,0,0
ECO1_PBMC_cell_GTTCGGGCATTGGTAC,0,0,0
ECO1_PBMC_cell_TTTATGCTCATTATCC,0,0,0
ECO1_PBMC_cell_CATCCACAGGGTCGAT,0,0,0
ECO1_PBMC_cell_CTCACACCAAGCGATG,0,0,0
ECO1_PBMC_cell_GGATTACGTAGAGCTG,0,0,0
ECO1_PBMC_cell_CATTATCCACTTAAGC,0,0,0
ECO1_PBMC_cell_TAAGTGCGTACCAGTT,0,0,0
ECO1_PBMC_cell_CCGTTCATCTGACCTC,0,0,0
ECO1_PBMC_cell_ATTGGTGCACTGTGTA,0,0,0
ECO1_PBMC_cell_CTTGGCTCATGTTCCC,0,0,0
ECO1_PBMC_cell_ATAAGAGCATTGGTAC,0,0,0
ECO1_PBMC_cell_TCAGATGCACCGAAAG,0,0,0
ECO1_PBMC_cell_GGCGACTAGAATCTCC,0,0,0
ECO1_PBMC_cell_TGCACCTAGCCACCTG,0,0,0
ECO1_PBMC_cell_GGTGCGTAGTGAATTG,0,0,0
ECO1_PBMC_cell_AGCGTATTCAACACTG,0,0,0
ECO1_PBMC_cell_TACACGACACATTCGA,0,0,0
ECO1_PBMC_cell_GACTGCGAGGATTCGG,0,0,0
ECO1_PBMC_cell_TTTGCGCCATGCTGGC,0,0,0
ECO1_PBMC_cell_CAACCAAGTAAATGAC,0,0,0
ECO1_PBMC_cell_TGAAAGACAGTGAGTG,0,0,0
ECO1_PBMC_cell_CTCAGAAAGCCTCGTG,0,0,0
ECO1_PBMC_cell_ATTTCTGAGACGACGT,0,0,0
ECO1_PBMC_cell_TGCTGCTAGTTAACGA,0,0,0
ECO1_PBMC_cell_CTGAAGTTCGGATGTT,0,0,0
ECO1_PBMC_cell_CACACCTCAGCTCGCA,0,0,0
ECO1_PBMC_cell_TAGACCAGTAAAGGAG,0,0,0
ECO1_PBMC_cell_CAGCATATCATCTGTT,0,0,0
ECO1_PBMC_cell_GTCCTCAAGAACAACT,0,0,0
ECO1_PBMC_cell_AGATCTGGTACGCTGC,0,0,0
ECO1_PBMC_cell_GTACTTTTCCGCATCT,0,0,0
ECO1_PBMC_cell_CAACCAACATGAAGTA,0,0,0
ECO1_PBMC_cell_GTACGTATCCAAGCCG,0,0,0
ECO1_PBMC_cell_GGGAATGTCCAGAGGA,0,0,0
ECO1_PBMC_cell_CTTGGCTGTTCCAACA,0,0,0
ECO1_PBMC_cell_AGGCCACGTACCATCA,0,0,0
ECO1_PBMC_cell_CACCTTGGTGGAAAGA,0,0,0
ECO1_PBMC_cell_ATTGGTGCATGGGACA,0,0,1
ECO1_PBMC_cell_GACTACAGTCTGCGGT,0,0,0
ECO1_PBMC_cell_GGAAAGCAGGCTAGGT,0,0,0
ECO1_PBMC_cell_CGCTGGATCGCTAGCG,0,0,0
ECO1_PBMC_cell_GTTTCTAAGATGTGGC,0,0,0
ECO1_PBMC_cell_GAGTCCGCAGCGAACA,0,0,0
ECO1_PBMC_cell_TCGGTAAGTGGTCCGT,0,0,0
ECO1_PBMC_cell_GCAATCAAGCACCGCT,0,0,0
ECO1_PBMC_cell_TTGCCGTCAGCTCGCA,0,0,0
ECO1_PBMC_cell_CGTCAGGAGGTTACCT,0,0,0
ECO1_PBMC_cell_GGTGTTACAAGTTAAG,0,0,0
ECO1_PBMC_cell_GCGCAGTCATTACCTT,0,0,0
ECO1_PBMC_cell_TCAGCTCAGGGATACC,0,0,0
ECO1_PBMC_cell_TCGAGGCAGCTTCGCG,0,0,0
ECO1_PBMC_cell_TCCCGATAGTTGTCGT,0,0,0
ECO1_PBMC_cell_CCGGTAGAGAGTGACC,0,0,0
ECO1_PBMC_cell_CGAACATTCGTGTAGT,0,0,0
ECO1_PBMC_cell_ACGCCGAGTATATCCG,0,0,0
ECO1_PBMC_cell_ATGTGTGAGCGCCTCA,0,0,0
ECO1_PBMC_cell_GCGCCAAGTTTGGGCC,0,0,0
ECO1_PBMC_cell_AGTAGTCAGAGGTACC,0,0,0
ECO1_PBMC_cell_CGCTGGAGTAGGGACT,0,0,0
ECO1_PBMC_cell_GTAGTCAGTAGCGATG,0,0,0
ECO1_PBMC_cell_GCGCAGTCAGGGTATG,0,0,0
ECO1_PBMC_cell_ATGTGTGTCGCGTAGC,0,0,0
ECO1_PBMC_cell_GACTAACAGTCATCCA,0,0,0
ECO1_PBMC_cell_TGCGCAGCACGAAGCA,0,0,0
ECO1_PBMC_cell_CGCCAAGCAGGTCCAC,0,0,0
ECO1_PBMC_cell_TCGGGACTCGGAAATA,0,0,0
ECO1_PBMC_cell_TGGGAAGGTAACGCGA,0,0,0
ECO1_PBMC_cell_TGGTTAGCACCGGAAA,0,0,0
ECO1_PBMC_cell_TTCTCCTTCGTTGCCT,0,0,0
ECO1_PBMC_cell_CGTTAGACAAGCGATG,0,0,0
ECO1_PBMC_cell_ACGCCAGTCAATCTCT,0,0,0
ECO1_PBMC_cell_GACCAATGTGCAGACA,0,0,0
ECO1_PBMC_cell_AGACGTTAGGGTGTTG,0,0,0
ECO1_PBMC_cell_CGGCTAGTCTGCCCTA,0,0,0
ECO1_PBMC_cell_TGCTGCTAGATGAGAG,0,0,0
ECO1_PBMC_cell_CGGACACCAATGGACG,0,0,0
ECO1_PBMC_cell_CCTCAGTAGTCTCGGC,0,0,0
ECO1_PBMC_cell_ACTGCTCAGCCAGAAC,0,0,0
ECO1_PBMC_cell_GGGCATCCAGCTGGCT,0,0,0
ECO1_PBMC_cell_TTTACTGCAGACGCCT,0,0,0
ECO1_PBMC_cell_AGATTGCTCTGCTGCT,0,0,0
ECO1_PBMC_cell_ATCCGAACAATCAGAA,0,0,0
ECO1_PBMC_cell_CGTTCTGCACGAGAGT,0,0,0
ECO1_PBMC_cell_GCACTCTTCTACCTGC,0,0,0
ECO1_PBMC_cell_GGAGCAAGTAAACCTC,0,0,0
ECO1_PBMC_cell_GTTACAGTCTTGGGTA,0,0,0
ECO1_PBMC_cell_GAAACTCCATGGATGG,0,0,0
ECO1_PBMC_cell_GTAGTCAGTCTTCTCG,0,0,0
ECO1_PBMC_cell_AAACGGGGTCGCTTTC,0,0,0
ECO1_PBMC_cell_TTCGGTCTCAATAAGG,0,0,0
ECO1_PBMC_cell_GCGCAGTCAGGCGATA,0,0,0
ECO1_PBMC_cell_CACCTTGCATGTTCCC,0,0,0
ECO1_PBMC_cell_TTAGTTCCAAGGGTCA,0,0,0
ECO1_PBMC_cell_AGAGCGACATAGAAAC,0,0,0
ECO1_PBMC_cell_TCGCGTTGTGACTACT,0,0,0
ECO1_PBMC_cell_GCAAACTTCGTCCAGG,0,0,0
ECO1_PBMC_cell_TCCACACGTATGCTTG,0,0,0
ECO1_PBMC_cell_TCATTTGTCCGTTGTC,0,0,0
ECO1_PBMC_cell_CCATTCGTCACCCGAG,0,0,0
ECO1_PBMC_cell_GACTGCGGTATTACCG,0,0,0
ECO1_PBMC_cell_GTTAAGCTCTTGCAAG,0,0,0
ECO1_PBMC_cell_TGGTTCCCAAGTACCT,0,0,0
ECO1_PBMC_cell_TTTGTCATCAGCAACT,0,0,0
ECO1_PBMC_cell_TGGCGCAAGCGATGAC,0,0,0
ECO1_PBMC_cell_CAACTAGGTAACGCGA,0,0,0
ECO1_PBMC_cell_GAGCAGATCCAGTATG,0,0,0
ECO1_PBMC_cell_GTGCGGTCAATGGATA,0,0,0
ECO1_PBMC_cell_GGGCATCGTTTACTCT,0,0,0
ECO1_PBMC_cell_AAACCTGTCCTGCCAT,0,0,0
ECO1_PBMC_cell_ATTTCTGGTGATAAAC,0,0,0
ECO1_PBMC_cell_GTAACGTTCAGCACAT,0,0,0
ECO1_PBMC_cell_CAGCAGCAGGTTCCTA,0,0,0
ECO1_PBMC_cell_TCGGTAAAGTCAAGGC,0,0,0
ECO1_PBMC_cell_AACCGCGGTAGATTAG,0,0,0
ECO1_PBMC_cell_CACTCCACAGAGTGTG,0,0,0
ECO1_PBMC_cell_CCCAGTTGTCAGAGGT,0,0,0
ECO1_PBMC_cell_TTCCCAGGTCTTCAAG,0,0,0
ECO1_PBMC_cell_CAGCCGAAGGGCATGT,0,0,0
ECO1_PBMC_cell_GATCAGTGTAACGACG,0,0,0
ECO1_PBMC_cell_CCCAATCTCCCTCAGT,0,0,0
ECO1_PBMC_cell_ATCATGGCAAGTAGTA,0,0,0
ECO1_PBMC_cell_CAGGTGCGTCTAAAGA,0,0,0
ECO1_PBMC_cell_TTTGTCAAGCTGCCCA,0,0,0
ECO1_PBMC_cell_TGTGGTACAATCACAC,0,0,0
ECO1_PBMC_cell_TGAAAGATCAACACTG,0,0,0
ECO1_PBMC_cell_TCGCGTTCACGTTGGC,0,0,0
ECO1_PBMC_cell_TGGCGCATCGGCTACG,0,0,0
ECO1_PBMC_cell_CCACGGATCGGTCCGA,0,0,0
ECO1_PBMC_cell_AGAGTGGGTTGCCTCT,0,0,0
ECO1_PBMC_cell_GCGCAGTTCATCTGCC,0,0,0
ECO1_PBMC_cell_ACGATGTCATCATCCC,0,0,0
ECO1_PBMC_cell_ACTGATGGTGACTACT,0,0,0
ECO1_PBMC_cell_ATTTCTGTCTTGTATC,0,0,0
ECO1_PBMC_cell_GCGCCAATCGCAAGCC,0,0,0
ECO1_PBMC_cell_CTTAACTCAATGCCAT,0,0,0
ECO1_PBMC_cell_AACTCTTAGATGAGAG,0,0,0
ECO1_PBMC_cell_CTCGAGGCATCCCATC,0,0,0
ECO1_PBMC_cell_TATCAGGTCGTCACGG,0,0,0
ECO1_PBMC_cell_TGGCGCATCTGAGGGA,0,0,0
ECO1_PBMC_cell_CTGCTGTTCACTCCTG,0,0,0
ECO1_PBMC_cell_AACGTTGAGATATGGT,0,0,0
ECO1_PBMC_cell_ACTGAGTAGAAGGGTA,0,0,0
ECO1_PBMC_cell_AGTAGTCAGAGACGAA,0,0,0
ECO1_PBMC_cell_CTCGGAGAGGACGAAA,0,0,0
ECO1_PBMC_cell_TCGAGGCAGCTGCAAG,0,0,0
ECO1_PBMC_cell_CATATGGTCTTTACAC,0,0,0
ECO1_PBMC_cell_TTCTCCTAGTGGGCTA,0,0,0
ECO1_PBMC_cell_CCGTACTTCTGGAGCC,0,0,0
ECO1_PBMC_cell_GTTCATTGTCCTCTTG,0,0,0
ECO1_PBMC_cell_CTCAGAACAGCTCGAC,0,0,0
ECO1_PBMC_cell_ACACCGGAGATGAGAG,0,0,0
ECO1_PBMC_cell_ACCCACTGTATTAGCC,0,0,0
ECO1_PBMC_cell_CGTGTCTGTGCACGAA,0,0,0
ECO1_PBMC_cell_AGGGTGAAGAGCTATA,0,0,0
ECO1_PBMC_cell_AAGTCTGAGAGCCCAA,0,0,0
ECO1_PBMC_cell_TTGGAACAGGCGTACA,0,0,0
ECO1_PBMC_cell_ATGCGATGTAACGCGA,0,0,0
ECO1_PBMC_cell_GGGTTGCGTCCATCCT,0,0,0
ECO1_PBMC_cell_CTTAACTGTTAGGGTG,0,0,0
ECO1_PBMC_cell_GAAACTCTCACTTCAT,0,0,0
ECO1_PBMC_cell_AGCCTAAGTCTAGCCG,0,0,0
ECO1_PBMC_cell_TGCCCTAAGGACCACA,0,0,0
ECO1_PBMC_cell_GAACGGATCCAGTATG,0,0,0
ECO1_PBMC_cell_CGAGCACCACGTCAGC,0,0,0
ECO1_PBMC_cell_CAACCAAGTGAACCTT,0,0,0
ECO1_PBMC_cell_CTACCCACATGAACCT,0,0,0
ECO1_PBMC_cell_GAGGTGAGTTGTTTGG,0,0,0
ECO1_PBMC_cell_TGCGGGTGTTCTGGTA,0,0,1
ECO1_PBMC_cell_TACCTATAGCGAGAAA,0,0,0
ECO1_PBMC_cell_ACTTACTAGAATGTGT,0,0,0
ECO1_PBMC_cell_GAGGTGAAGAGCCCAA,0,0,0
ECO1_PBMC_cell_TCGCGTTAGAGTCGGT,0,0,0
ECO1_PBMC_cell_CTGAAACTCTGGGCCA,0,0,0
ECO1_PBMC_cell_ATGAGGGTCCACGTTC,0,0,0
ECO1_PBMC_cell_TGACTAGGTTAAGATG,0,0,0
ECO1_PBMC_cell_GCAATCACATAAGACA,0,0,0
ECO1_PBMC_cell_CCCAATCGTAAGCACG,0,0,0
ECO1_PBMC_cell_AAGACCTTCTCTGCTG,0,0,0
ECO1_PBMC_cell_GAGTCCGAGGAGTCTG,0,0,0
ECO1_PBMC_cell_GCTCTGTAGCACACAG,0,0,0
ECO1_PBMC_cell_ACTATCTTCTAGCACA,0,0,0
ECO1_PBMC_cell_GGTATTGGTCTAAAGA,0,0,0
ECO1_PBMC_cell_GGACATTCAACACGCC,0,0,0
ECO1_PBMC_cell_GTCTTCGAGCGTGTCC,0,0,0
ECO1_PBMC_cell_CAAGTTGAGCAGGCTA,0,0,0
ECO1_PBMC_cell_TTGAACGTCGTTTAGG,0,0,0
ECO1_PBMC_cell_ACAGCTAAGTTCGCAT,0,0,0
ECO1_PBMC_cell_ATCGAGTCATCGATTG,0,0,0
ECO1_PBMC_cell_GATCAGTTCAGTCCCT,0,0,0
ECO1_PBMC_cell_CTCTACGTCGAGAGCA,0,0,0
ECO1_PBMC_cell_TAGGCATCATTGGGCC,0,0,0
ECO1_PBMC_cell_CAGCGACGTAGGGTAC,0,0,0
ECO1_PBMC_cell_AAGGAGCCATGGATGG,0,0,0
ECO1_PBMC_cell_CGGTTAAGTTCGTGAT,0,0,0
ECO1_PBMC_cell_ACATGGTAGACCTAGG,0,0,0
ECO1_PBMC_cell_GTCTCGTGTTGTCTTT,0,0,0
ECO1_PBMC_cell_TAGACCACAGTCCTTC,0,0,0
ECO1_PBMC_cell_GCGGGTTCAACTTGAC,0,0,0
ECO1_PBMC_cell_CTACATTCAGTCGATT,0,0,0
ECO1_PBMC_cell_TCATTACAGAAGGTTT,0,0,0
ECO1_PBMC_cell_TTCCCAGAGCTTCGCG,0,0,0
ECO1_PBMC_cell_GAATGAAAGGTAGCTG,0,0,0
ECO1_PBMC_cell_ACCAGTATCCGCTGTT,0,0,0
ECO1_PBMC_cell_CGGAGTCTCCGCTGTT,0,0,0
ECO1_PBMC_cell_GGTGAAGAGTCTCGGC,0,0,0
ECO1_PBMC_cell_GTCATTTTCTCTGAGA,0,0,0
ECO1_PBMC_cell_GCTCTGTCAAGCTGTT,0,0,0
ECO1_PBMC_cell_CTAATGGAGACCTAGG,0,0,0
ECO1_PBMC_cell_ATTGGACGTGCGGTAA,0,0,0
ECO1_PBMC_cell_CATATTCTCTCGCTTG,0,0,0
ECO1_PBMC_cell_TGTATTCTCATAGCAC,0,0,0
ECO1_PBMC_cell_ACTTGTTCAAGGTGTG,0,0,0
ECO1_PBMC_cell_TGTCCCATCTGCTGCT,0,0,0
ECO1_PBMC_cell_CCGGGATCATAGAAAC,0,0,0
ECO1_PBMC_cell_GGGATGAGTAACGACG,0,0,0
ECO1_PBMC_cell_AACTTTCAGTTGCAGG,0,0,0
ECO1_PBMC_cell_GGCGTGTGTACAAGTA,0,0,0
ECO1_PBMC_cell_GAGTCCGTCAGCATGT,0,0,0
ECO1_PBMC_cell_AGCGGTCTCTCTGAGA,0,0,0
ECO1_PBMC_cell_GACTGCGAGTGAATTG,0,0,0
ECO1_PBMC_cell_AGGTCCGAGGAGTTGC,0,0,0
ECO1_PBMC_cell_CTGAAACTCATAGCAC,0,0,0
ECO1_PBMC_cell_TTTGCGCTCATGTCTT,0,0,0
ECO1_PBMC_cell_GCATGTACACTTCTGC,0,0,0
ECO1_PBMC_cell_GAAACTCTCAACACAC,0,0,0
ECO1_PBMC_cell_AGCTCTCTCTCCAACC,0,0,0
ECO1_PBMC_cell_TCGTAGAAGCACCGCT,0,0,0
ECO1_PBMC_cell_GGTGAAGGTCTTGCGG,0,0,0
ECO1_PBMC_cell_TTCTCAAAGAGGGATA,0,0,0
ECO1_PBMC_cell_CGAGCCAAGTGGGTTG,0,0,0
ECO1_PBMC_cell_AGCATACCAGCTGCAC,0,0,0
ECO1_PBMC_cell_GATGAAAGTATCACCA,0,0,0
ECO1_PBMC_cell_TGCCAAAAGGACTGGT,0,0,0
ECO1_PBMC_cell_CTCCTAGCATGTTCCC,0,0,0
ECO1_PBMC_cell_AGGGTGACACCGATAT,0,0,0
ECO1_PBMC_cell_TGCGTGGAGCAATCTC,0,0,0
ECO1_PBMC_cell_TAGTTGGAGCCAGGAT,0,0,0
ECO1_PBMC_cell_ACTGCTCTCTTAACCT,0,0,0
ECO1_PBMC_cell_CGTTGGGCAGTATGCT,0,0,0
ECO1_PBMC_cell_CTCCTAGAGAATTCCC,0,0,0
ECO1_PBMC_cell_TCAACGATCGTGGGAA,0,0,0
ECO1_PBMC_cell_ACACCGGAGCAATATG,0,0,0
ECO1_PBMC_cell_CATCAGAAGCCATCGC,0,0,0
ECO1_PBMC_cell_AAGCCGCTCCATGCTC,0,0,0
ECO1_PBMC_cell_CAAGTTGGTTCATGGT,0,0,0
ECO1_PBMC_cell_CCAGCGACACGTCTCT,0,0,0
ECO1_PBMC_cell_TCAGATGTCTCTGAGA,0,0,0
ECO1_PBMC_cell_ATCATCTTCGTGACAT,0,0,0
ECO1_PBMC_cell_GGTATTGTCTCGATGA,0,0,0
ECO1_PBMC_cell_GCTTCCATCTGAGTGT,0,0,0
ECO1_PBMC_cell_CTTTGCGGTTATGCGT,0,0,0
ECO1_PBMC_cell_GGGTTGCAGAAGGGTA,0,0,0
ECO1_PBMC_cell_GACTGCGTCCTACAGA,0,0,0
ECO1_PBMC_cell_CGTCACTTCCTGTACC,0,0,0
ECO1_PBMC_cell_TCTTTCCGTTCGGGCT,0,0,0
ECO1_PBMC_cell_AACACGTTCTCGTATT,0,0,0
ECO1_PBMC_cell_GGTGCGTAGTATCGAA,0,0,0
ECO1_PBMC_cell_TGACTTTCACAAGTAA,0,0,0
ECO1_PBMC_cell_TCATTACTCGGAGGTA,0,0,0
ECO1_PBMC_cell_GCGCAGTTCATGTGGT,0,0,0
ECO1_PBMC_cell_TATCTCACATCTGGTA,0,0,0
ECO1_PBMC_cell_CAGGTGCTCCGTTGTC,0,0,0
ECO1_PBMC_cell_ACGGCCATCCGTAGTA,0,0,0
ECO1_PBMC_cell_AACGTTGAGTGATCGG,0,0,0
ECO1_PBMC_cell_GCATGATTCAGTCCCT,0,0,0
ECO1_PBMC_cell_CGTGTAAAGTGTCTCA,0,0,0
ECO1_PBMC_cell_ACTGTCCAGCGTGTCC,0,0,0
ECO1_PBMC_cell_AAAGCAAGTTTGACAC,0,0,0
ECO1_PBMC_cell_GAGCAGATCGGTGTCG,0,0,0
ECO1_PBMC_cell_GCATGATCACCCAGTG,0,0,0
ECO1_PBMC_cell_CTCGAGGAGACCCACC,0,0,0
ECO1_PBMC_cell_ACACTGATCACGATGT,0,0,0
ECO1_PBMC_cell_AGTTGGTGTCTTGCGG,0,0,0
ECO1_PBMC_cell_ATCATGGGTGGGTCAA,0,0,0
ECO1_PBMC_cell_TCATTACCAGTTCCCT,0,0,0
ECO1_PBMC_cell_TAGGCATAGTACGACG,0,0,0
ECO1_PBMC_cell_CATCCACCAAGCTGGA,0,0,0
ECO1_PBMC_cell_AGGCCGTAGATGAGAG,0,0,0
ECO1_PBMC_cell_TCTGAGAGTCATCCCT,0,0,0
ECO1_PBMC_cell_TTCGGTCAGATCGGGT,0,0,0
ECO1_PBMC_cell_TCGCGAGTCCAGAGGA,0,0,0
ECO1_PBMC_cell_GGCAATTTCTGGTTCC,0,0,0
ECO1_PBMC_cell_ACACTGATCAGCTCTC,0,0,0
ECO1_PBMC_cell_ACTGTCCCATTGGGCC,0,0,1
ECO1_PBMC_cell_ACCGTAAGTGACGCCT,0,0,0
ECO1_PBMC_cell_CCGGGATTCAACTCTT,0,0,0
ECO1_PBMC_cell_TGGGCGTAGTACATGA,0,0,0
ECO1_PBMC_cell_CTACCCACAGGACGTA,0,0,0
ECO1_PBMC_cell_CCGGTAGTCATGCAAC,0,0,0
ECO1_PBMC_cell_CGATGTAAGTCTCGGC,0,0,0
ECO1_PBMC_cell_GTATTCTTCGCAAACT,0,0,0
ECO1_PBMC_cell_CAGAATCAGTCTCGGC,0,0,0
ECO1_PBMC_cell_AACACGTGTATCACCA,0,0,0
ECO1_PBMC_cell_GATCAGTTCGACAGCC,0,0,0
ECO1_PBMC_cell_CACACTCAGATGGGTC,0,0,0
ECO1_PBMC_cell_AGGCCACCATAGTAAG,0,0,0
ECO1_PBMC_cell_CTCTGGTTCTGCTGCT,0,0,0
ECO1_PBMC_cell_TCGAGGCTCCTTGACC,0,0,0
ECO1_PBMC_cell_TGCCAAAGTCGTTGTA,0,0,0
ECO1_PBMC_cell_CTAACTTCATGCCTTC,0,0,0
ECO1_PBMC_cell_AATCCAGCATTCTCAT,0,0,0
ECO1_PBMC_cell_TGCGGGTCAACTGCGC,0,0,0
ECO1_PBMC_cell_ACACCGGAGGTCATCT,0,0,0
ECO1_PBMC_cell_TCCACACTCAAGGCTT,0,0,0
ECO1_PBMC_cell_CTGTGCTCACAGACTT,0,0,0
ECO1_PBMC_cell_ATAGACCCAGAGCCAA,0,0,0
ECO1_PBMC_cell_ACTGCTCCATGCAACT,0,0,0
ECO1_PBMC_cell_CTGAAACAGCTCAACT,0,0,0
ECO1_PBMC_cell_CAAGTTGGTTTCCACC,0,0,0
ECO1_PBMC_cell_TGAGCATCATTATCTC,0,0,0
ECO1_PBMC_cell_TTAGGCAGTCTTCTCG,0,0,0
ECO1_PBMC_cell_CGCTATCCACCTCGTT,0,0,0
ECO1_PBMC_cell_GCCAAATCAATGGATA,0,0,0
ECO1_PBMC_cell_CGACCTTAGGCTAGGT,0,0,0
ECO1_PBMC_cell_GTTCGGGTCAACACCA,0,0,0
ECO1_PBMC_cell_AGCTCTCTCTCTTGAT,0,0,0
ECO1_PBMC_cell_GCAAACTAGATCCTGT,0,0,0
ECO1_PBMC_cell_CGTGAGCTCACTTATC,0,0,0
ECO1_PBMC_cell_AGCCTAATCCTTGCCA,0,0,0
ECO1_PBMC_cell_TGAAAGACAGTAAGAT,0,0,0
ECO1_PBMC_cell_CGGACACCACATTCGA,0,0,0
ECO1_PBMC_cell_GGGCACTCACACCGCA,0,0,0
ECO1_PBMC_cell_TTCTTAGCAATGAAAC,0,0,0
ECO1_PBMC_cell_TTGCCGTCATGGTTGT,0,0,0
ECO1_PBMC_cell_GAACGGAAGCGATAGC,0,0,0
ECO1_PBMC_cell_TGGGAAGAGCCAGTAG,0,0,0
ECO1_PBMC_cell_TGGTTCCCAAAGGAAG,0,0,0
ECO1_PBMC_cell_GGACAAGAGTGACTCT,0,0,0
ECO1_PBMC_cell_CCTATTATCAAACCGT,0,0,0
ECO1_PBMC_cell_ACTGAACCAGCTGTGC,0,0,0
ECO1_PBMC_cell_GGGAATGGTCTCCACT,0,0,0
ECO1_PBMC_cell_GACGCGTCATACTACG,0,0,0
ECO1_PBMC_cell_CATCGAATCCTTGGTC,0,0,0
ECO1_PBMC_cell_CCTCTGACAATGGACG,0,0,0
ECO1_PBMC_cell_CAAGGCCGTACAGTGG,0,0,0
ECO1_PBMC_cell_GTGTTAGAGACTAGAT,0,0,0
ECO1_PBMC_cell_GCAGTTACAGGACGTA,0,0,0
ECO1_PBMC_cell_GCATACACATTAGGCT,0,0,0
ECO1_PBMC_cell_TCTGAGAAGGCCCTTG,0,0,0
ECO1_PBMC_cell_ACTATCTTCACCGGGT,0,0,0
ECO1_PBMC_cell_CACAAACGTCGACTGC,0,0,0
ECO1_PBMC_cell_GTGCTTCGTCTGGAGA,0,0,0
ECO1_PBMC_cell_ATGAGGGCATGCCCGA,0,0,0
ECO1_PBMC_cell_TGCTGCTAGTGTACGG,0,0,0
ECO1_PBMC_cell_AGAGTGGTCATCTGCC,0,0,0
ECO1_PBMC_cell_GTAGTCAAGGTGTGGT,0,0,0
ECO1_PBMC_cell_TACGGTACAGGTGCCT,0,0,0
ECO1_PBMC_cell_CCGGGATGTCAAAGAT,0,0,0
ECO1_PBMC_cell_GGGAATGGTACCGTAT,0,0,0
ECO1_PBMC_cell_CAGTAACAGAACAATC,0,0,0
ECO1_PBMC_cell_CTGAAGTTCTCTGTCG,0,0,0
ECO1_PBMC_cell_ACTTACTCACGGTGTC,0,0,0
ECO1_PBMC_cell_GATCGCGGTAGCGATG,0,0,0
ECO1_PBMC_cell_ACGCAGCTCTGATACG,0,0,0
ECO1_PBMC_cell_AAAGATGCAAAGGAAG,0,0,0
ECO1_PBMC_cell_CTCGAAATCGCCAAAT,0,0,0
ECO1_PBMC_cell_GGCAATTGTCTCCATC,0,0,0
ECO1_PBMC_cell_TGACTAGGTAATCACC,0,0,0
ECO1_PBMC_cell_CTCTAATCACGAAATA,0,0,0
ECO1_PBMC_cell_TGAAAGATCCCACTTG,0,0,0
ECO1_PBMC_cell_CAACCTCTCCTTAATC,0,0,0
ECO1_PBMC_cell_TCGTAGACATTTGCTT,0,0,0
ECO1_PBMC_cell_CATGGCGCATGTTCCC,0,0,0
ECO1_PBMC_cell_ACACCCTGTTCGTGAT,0,0,0
ECO1_PBMC_cell_AACTGGTTCGCGTAGC,0,0,0
ECO1_PBMC_cell_CATATGGTCGGTTCGG,0,0,0
ECO1_PBMC_cell_CTCTAATAGGCATGGT,0,0,0
ECO1_PBMC_cell_CACAGGCCACCAGCAC,0,0,0
ECO1_PBMC_cell_ACAGCCGTCGCCAGCA,0,0,0
ECO1_PBMC_cell_CAACCAAAGAACTCGG,0,0,0
ECO1_PBMC_cell_GGTGTTACAGCGAACA,0,0,0
ECO1_PBMC_cell_GTACTCCGTAAACGCG,0,0,0
ECO1_PBMC_cell_AAACGGGCATAACCTG,0,0,0
ECO1_PBMC_cell_CTTAGGATCAAAGTAG,0,0,0
ECO1_PBMC_cell_CTTAGGAAGAAACCAT,0,0,0
ECO1_PBMC_cell_TTCTTAGCATATGCTG,0,0,0
ECO1_PBMC_cell_GAAGCAGTCCGTAGTA,0,0,0
ECO1_PBMC_cell_AGGCCGTAGATATGCA,0,0,0
ECO1_PBMC_cell_GCGCAACTCCGGCACA,0,0,0
ECO1_PBMC_cell_CAACTAGCATCATCCC,0,0,0
ECO1_PBMC_cell_CTACCCAGTAAACGCG,0,0,0
ECO1_PBMC_cell_TACGGGCTCCACGTTC,0,0,0
ECO1_PBMC_cell_TCAGCAATCAACACAC,0,0,0
ECO1_PBMC_cell_ACGATACGTGAGTATA,0,0,0
ECO1_PBMC_cell_ACTTACTCACGTTGGC,0,0,0
ECO1_PBMC_cell_AAACGGGGTACGCTGC,0,0,0
ECO1_PBMC_cell_TCAACGACATTGTGCA,0,0,0
ECO1_PBMC_cell_ATCCACCCACCTGGTG,0,0,0
ECO1_PBMC_cell_GTCCTCATCATGTAGC,0,0,0
ECO1_PBMC_cell_AACCGCGGTCATGCAT,0,0,0
ECO1_PBMC_cell_GGATTACAGATGTAAC,0,0,0
ECO1_PBMC_cell_CCCAGTTAGCACCGTC,0,0,0
ECO1_PBMC_cell_CCATGTCCATGTTCCC,0,0,0
ECO1_PBMC_cell_TCAGATGAGAAGGCCT,0,0,0
ECO1_PBMC_cell_AATCGGTTCAGGATCT,0,0,0
ECO1_PBMC_cell_AGAGCTTTCCCAGGTG,0,0,0
ECO1_PBMC_cell_AGATCTGAGGCATTGG,0,0,0
ECO1_PBMC_cell_CAAGAAAAGAGCCCAA,0,0,0
ECO1_PBMC_cell_CACCACTGTACTTCTT,0,0,0
ECO1_PBMC_cell_CGATTGAGTCTAAAGA,0,0,0
ECO1_PBMC_cell_GTATCTTGTAAGGATT,0,0,0
ECO1_PBMC_cell_TCGTACCTCCACGCAG,0,0,0
ECO1_PBMC_cell_GCGCCAACACGACGAA,0,0,0
ECO1_PBMC_cell_AGTGAGGCATAAGACA,0,0,0
ECO1_PBMC_cell_TAGACCACACACCGAC,0,0,0
ECO1_PBMC_cell_AAGACCTCAATAAGCA,0,0,0
ECO1_PBMC_cell_TCTCTAACAAGGTTTC,0,0,0
ECO1_PBMC_cell_AGGGATGTCAGCAACT,0,0,0
ECO1_PBMC_cell_AACACGTTCAAGCCTA,0,0,0
ECO1_PBMC_cell_TCAGGTAGTAAGTAGT,0,0,0
ECO1_PBMC_cell_AAGGAGCAGTCAAGGC,0,0,0
ECO1_PBMC_cell_GGCGTGTAGAAACGAG,0,0,0
ECO1_PBMC_cell_TACCTATAGCTGAACG,0,0,0
ECO1_PBMC_cell_GCTCTGTCACTTCTGC,0,0,0
ECO1_PBMC_cell_TCCACACAGAGTGAGA,0,0,0
ECO1_PBMC_cell_CTCGGAGTCCTTGGTC,0,0,0
ECO1_PBMC_cell_GGAGCAAGTACAGACG,0,0,0
ECO1_PBMC_cell_TTGACTTTCAGTCAGT,0,0,0
ECO1_PBMC_cell_TCAGGATGTAAATACG,0,0,0
ECO1_PBMC_cell_GCATACAGTTATGCGT,0,0,0
ECO1_PBMC_cell_TCGCGTTTCCATGAAC,0,0,0
ECO1_PBMC_cell_AAAGTAGCAAAGGCGT,0,0,0
ECO1_PBMC_cell_GCGCAGTTCGTAGGTT,0,0,0
ECO1_PBMC_cell_CCCTCCTGTGGGTCAA,0,0,0
ECO1_PBMC_cell_GTCACGGCAGTCAGCC,0,0,0
ECO1_PBMC_cell_TGAAAGAGTACTCGCG,0,0,0
ECO1_PBMC_cell_AAAGCAAGTCAACTGT,0,0,0
ECO1_PBMC_cell_CTAATGGGTGCACCAC,0,0,0
ECO1_PBMC_cell_GGACAGATCGGGAGTA,0,0,0
ECO1_PBMC_cell_CTTACCGTCCCACTTG,0,0,0
ECO1_PBMC_cell_TGTTCCGCATCCCATC,0,0,0
ECO1_PBMC_cell_GAATGAAGTAGTACCT,0,0,0
ECO1_PBMC_cell_TCCACACGTCTCCACT,0,0,0
ECO1_PBMC_cell_TTCTCCTCACAGACTT,0,0,0
ECO1_PBMC_cell_ACCTTTAGTGCGATAG,0,0,0
ECO1_PBMC_cell_CACATTTCAAGCGCTC,0,0,0
ECO1_PBMC_cell_TCTCATAAGAATCTCC,0,0,0
ECO1_PBMC_cell_CCTACCAGTCTCCACT,0,0,0
ECO1_PBMC_cell_ATCACGATCTGAGTGT,0,0,0
ECO1_PBMC_cell_CTGATCCGTAAGTGGC,0,0,0
ECO1_PBMC_cell_TGCCAAAAGCTCAACT,0,0,0
ECO1_PBMC_cell_TCTGAGAAGTTATCGC,0,0,0
ECO1_PBMC_cell_CACACTCGTCTGATTG,0,0,0
ECO1_PBMC_cell_GGTATTGTCGGAAACG,0,0,0
ECO1_PBMC_cell_TGATTTCTCCACTGGG,0,0,0
ECO1_PBMC_cell_CAGAGAGTCTGCTTGC,0,0,0
ECO1_PBMC_cell_CCTACCAAGATCCCGC,0,0,0
ECO1_PBMC_cell_GTGGGTCAGTCTCAAC,0,0,0
ECO1_PBMC_cell_GATGAAAAGTTGAGTA,0,0,0
ECO1_PBMC_cell_GCTTGAACATCATCCC,0,0,0
ECO1_PBMC_cell_TTAGGACGTCTTGCGG,0,0,0
ECO1_PBMC_cell_TTCGGTCAGAGCTGCA,0,0,0
ECO1_PBMC_cell_CCTCAGTGTCTACCTC,0,0,0
ECO1_PBMC_cell_GTCACAATCTATCGCC,0,0,0
ECO1_PBMC_cell_CATATGGTCCAAGTAC,0,0,0
ECO1_PBMC_cell_CGTCAGGCAAACCTAC,0,0,0
ECO1_PBMC_cell_ACTGAACAGACAAGCC,0,0,0
ECO1_PBMC_cell_AGAGCGAGTTCACCTC,0,0,0
ECO1_PBMC_cell_GAAACTCTCCAAAGTC,0,0,0
ECO1_PBMC_cell_CACAGGCTCATTGCCC,0,0,1
ECO1_PBMC_cell_ACTGCTCTCACCATAG,0,0,0
ECO1_PBMC_cell_CTTACCGAGAAACCAT,0,0,0
ECO1_PBMC_cell_ACTGTCCGTAGCTCCG,0,0,0
ECO1_PBMC_cell_CGAGAAGCACATCCAA,0,0,0
ECO1_PBMC_cell_TACGGGCCACATCTTT,0,0,0
ECO1_PBMC_cell_ACTGCTCTCCAAACAC,0,0,0
ECO1_PBMC_cell_TAGTTGGTCACAGTAC,0,0,0
ECO1_PBMC_cell_GTGCAGCTCAACACTG,0,0,0
ECO1_PBMC_cell_CCATGTCCACCGGAAA,0,0,0
ECO1_PBMC_cell_CGTGTCTCAGATGAGC,0,0,0
ECO1_PBMC_cell_TGTATTCTCCAGAGGA,0,0,0
ECO1_PBMC_cell_CAGTCCTCACAGATTC,0,0,0
ECO1_PBMC_cell_ACTTACTCAGGGTATG,0,0,0
ECO1_PBMC_cell_ACGTCAAGTCAGAATA,0,0,0
ECO1_PBMC_cell_TGTGTTTTCGCAAACT,0,0,0
ECO1_PBMC_cell_TTGAACGCATTGGGCC,0,0,0
ECO1_PBMC_cell_GTGTTAGTCTCGGACG,0,0,0
ECO1_PBMC_cell_GATGCTAGTGACCAAG,0,0,0
ECO1_PBMC_cell_CAGGTGCAGTGGAGAA,0,0,0
ECO1_PBMC_cell_GTCCTCACAGCGATCC,0,0,0
ECO1_PBMC_cell_TCAGCAACATGACGGA,0,0,0
ECO1_PBMC_cell_GTAACGTAGTACGATA,0,0,0
ECO1_PBMC_cell_GCAAACTTCCACTGGG,0,0,0
ECO1_PBMC_cell_GGTGAAGAGTGTGGCA,0,0,0
ECO1_PBMC_cell_TTTGCGCTCTCCAACC,0,0,0
ECO1_PBMC_cell_GCTTCCATCGGACAAG,0,0,0
ECO1_PBMC_cell_CACATTTAGGTTCCTA,0,0,0
ECO1_PBMC_cell_GGTGCGTCACACATGT,0,0,0
ECO1_PBMC_cell_GCAATCACAATAGCAA,0,0,0
ECO1_PBMC_cell_AGCTCCTGTCAAACTC,0,0,0
ECO1_PBMC_cell_AACTTTCCATGTTGAC,0,0,0
ECO1_PBMC_cell_TACTTGTCAGGGCATA,0,0,0
ECO1_PBMC_cell_CTGCCTACAGCCTATA,0,0,0
ECO1_PBMC_cell_ATTTCTGCATCATCCC,0,0,0
ECO1_PBMC_cell_GGAACTTGTTCCACGG,0,0,0
ECO1_PBMC_cell_AAGTCTGAGTTGAGAT,0,0,0
ECO1_PBMC_cell_CTGGTCTAGAGCAATT,0,0,0
ECO1_PBMC_cell_AGTCTTTGTCATACTG,0,0,0
ECO1_PBMC_cell_TCTCATAAGCTTTGGT,0,0,0
ECO1_PBMC_cell_ATAACGCTCGAACTGT,0,0,1
ECO1_PBMC_cell_GAGCAGACAACGATGG,0,0,0
ECO1_PBMC_cell_TAGAGCTCACAAGTAA,0,0,0
ECO1_PBMC_cell_ATCATCTGTACTCTCC,0,0,0
ECO1_PBMC_cell_TGACTTTAGTGCAAGC,0,0,0
ECO1_PBMC_cell_AACTCCCTCTGATTCT,0,0,0
ECO1_PBMC_cell_AGTGAGGGTCTTCTCG,0,0,0
ECO1_PBMC_cell_CATCGAATCGGAATCT,0,0,0
ECO1_PBMC_cell_GCGCAACCACATAACC,0,0,0
ECO1_PBMC_cell_TACGGATAGTTATCGC,0,0,0
ECO1_PBMC_cell_AACTCCCAGAGAACAG,0,0,0
ECO1_PBMC_cell_GGGAATGCAGGTCCAC,0,0,0
ECO1_PBMC_cell_GTGAAGGCACTGTTAG,0,0,0
ECO1_PBMC_cell_AAGCCGCAGACTAGAT,0,0,0
ECO1_PBMC_cell_CTGATCCCAACCGCCA,0,0,0
ECO1_PBMC_cell_CTCGGAGAGTCTCCTC,0,0,0
ECO1_PBMC_cell_GCGCAACGTGAAATCA,0,0,0
ECO1_PBMC_cell_TTGCCGTTCAGCACAT,0,0,0
ECO1_PBMC_cell_CATCAGAGTATAGTAG,0,0,0
ECO1_PBMC_cell_AGATCTGCACTTCTGC,0,0,0
ECO1_PBMC_cell_CTGTGCTAGTGGTCCC,0,0,0
ECO1_PBMC_cell_GGACGTCTCAGCGACC,0,0,0
ECO1_PBMC_cell_GTAACTGCACCAGCAC,0,0,0
ECO1_PBMC_cell_GACACGCTCTTGACGA,0,0,0
ECO1_PBMC_cell_AGATTGCTCCTAGGGC,0,0,0
ECO1_PBMC_cell_GCTTCCAGTATGAATG,0,0,0
ECO1_PBMC_cell_TACGGATAGTCTTGCA,0,0,0
ECO1_PBMC_cell_GGACAGAAGGCCCTTG,0,0,0
ECO1_PBMC_cell_ACGGAGACATTCTTAC,0,0,0
ECO1_PBMC_cell_AGCTCCTCAGCCTTGG,0,0,0
ECO1_PBMC_cell_ACATCAGCACGTAAGG,0,0,0
ECO1_PBMC_cell_CGGGTCACATATGGTC,0,0,0
ECO1_PBMC_cell_TGGCTGGCAAGGTTTC,0,0,0
ECO1_PBMC_cell_CCTTCCCGTCTGGAGA,0,0,0
ECO1_PBMC_cell_TGAGCATGTCCTGCTT,0,0,0
ECO1_PBMC_cell_ATGAGGGTCATAACCG,0,0,1
ECO1_PBMC_cell_TTGACTTCATTCCTGC,0,0,0
ECO1_PBMC_cell_ACGGGTCAGGCAGTCA,0,0,0
ECO1_PBMC_cell_ATAAGAGGTTCCAACA,0,0,0
ECO1_PBMC_cell_TAAGCGTAGGGATCTG,0,0,0
ECO1_PBMC_cell_GATCGCGCACATTTCT,0,0,0
ECO1_PBMC_cell_GGACAAGAGTACGTTC,0,0,0
ECO1_PBMC_cell_CTCTAATCATGGTTGT,0,0,0
ECO1_PBMC_cell_GCTTCCAGTACATCCA,0,0,0
ECO1_PBMC_cell_CCGGTAGAGAGGTTAT,0,0,0
ECO1_PBMC_cell_CAGCTAATCCCTCTTT,0,0,0
ECO1_PBMC_cell_AGAATAGAGTGTTAGA,0,0,0
ECO1_PBMC_cell_TTGTAGGTCCAGAGGA,0,0,0
ECO1_PBMC_cell_CAGAATCTCAGTACGT,0,0,0
ECO1_PBMC_cell_ACATCAGCAATGGTCT,0,0,0
ECO1_PBMC_cell_CTGATCCTCGCACTCT,0,0,0
ECO1_PBMC_cell_CTTCTCTCACTGTCGG,0,0,0
ECO1_PBMC_cell_GGACAAGTCCGCAAGC,0,0,0
ECO1_PBMC_cell_ACGCAGCTCTTGTCAT,0,0,0
ECO1_PBMC_cell_TGGCCAGCACTCTGTC,0,0,0
ECO1_PBMC_cell_CTACATTAGGCTCATT,0,0,0
ECO1_PBMC_cell_GCAGTTATCCCGACTT,0,0,0
ECO1_PBMC_cell_TCATTTGAGTACGTTC,0,0,0
ECO1_PBMC_cell_CGGCTAGAGCTAAACA,0,0,0
ECO1_PBMC_cell_CCATGTCGTAGCGTCC,0,0,0
ECO1_PBMC_cell_GTCTCGTCATAAAGGT,0,0,0
ECO1_PBMC_cell_GATCTAGCAGTGACAG,0,0,0
ECO1_PBMC_cell_GCTGGGTCATGAACCT,0,0,0
ECO1_PBMC_cell_AACTCCCTCTGAGGGA,0,0,0
ECO1_PBMC_cell_AACTGGTCAGATTGCT,0,0,0
ECO1_PBMC_cell_TCGTACCGTGTCTGAT,0,0,0
ECO1_PBMC_cell_GTCATTTGTCTCAACA,0,0,0
ECO1_PBMC_cell_CAACCAACACTTAACG,0,0,0
ECO1_PBMC_cell_GACCTGGTCAGCGACC,0,0,0
ECO1_PBMC_cell_TCAATCTGTGCATCTA,0,0,0
ECO1_PBMC_cell_GTAGTCACACCGTTGG,0,0,0
ECO1_PBMC_cell_TAGCCGGCACGAAACG,0,0,0
ECO1_PBMC_cell_TAGAGCTAGTCCTCCT,0,0,0
ECO1_PBMC_cell_AAAGCAATCCAATGGT,0,0,0
ECO1_PBMC_cell_CTCGTCAGTAGCCTCG,0,0,0
ECO1_PBMC_cell_CTAACTTCAATCTACG,0,0,0
ECO1_PBMC_cell_TTAACTCGTGAGGCTA,0,0,0
ECO1_PBMC_cell_GTCTCGTCATTCTTAC,0,0,0
ECO1_PBMC_cell_TGATTTCTCTGGTTCC,0,0,0
ECO1_PBMC_cell_TCGTACCTCTTGCAAG,0,0,0
ECO1_PBMC_cell_CCTCTGAGTACCCAAT,0,0,0
ECO1_PBMC_cell_AGACGTTTCCGTAGGC,0,0,0
ECO1_PBMC_cell_CCTACCAGTAAAGGAG,0,0,0
ECO1_PBMC_cell_GGATTACTCTGATACG,0,0,0
ECO1_PBMC_cell_GTAGTCATCGGCGGTT,0,0,0
ECO1_PBMC_cell_AGTAGTCTCGACCAGC,0,0,0
ECO1_PBMC_cell_TTTATGCCAGGTGGAT,0,0,0
ECO1_PBMC_cell_CGCTGGAAGAATAGGG,0,0,0
ECO1_PBMC_cell_CGCGGTAAGAGCAATT,0,0,0
ECO1_PBMC_cell_AGATCTGGTTCCATGA,0,0,0
ECO1_PBMC_cell_GATTCAGTCTGTTTGT,0,0,0
ECO1_PBMC_cell_AACACGTGTCTCTCGT,0,0,0
ECO1_PBMC_cell_CGATGTACAAGCGATG,0,0,0
ECO1_PBMC_cell_CACACCTTCTGCGACG,0,0,0
ECO1_PBMC_cell_ACGGCCAGTATCACCA,0,0,0
ECO1_PBMC_cell_CTCGGAGCACGCATCG,0,0,0
ECO1_PBMC_cell_TAAGTGCGTGTGCGTC,0,0,0
ECO1_PBMC_cell_GGTGTTAGTTTGACAC,0,0,0
ECO1_PBMC_cell_TGGTTAGCAGCCACCA,0,0,0
ECO1_PBMC_cell_ACCTTTAAGACCCACC,0,0,0
ECO1_PBMC_cell_GCCAAATTCCGTACAA,0,0,0
ECO1_PBMC_cell_ATAAGAGAGAAACGAG,0,0,0
ECO1_PBMC_cell_GAACCTATCCAAGCCG,0,0,0
ECO1_PBMC_cell_CGGACGTAGGCGACAT,0,0,0
ECO1_PBMC_cell_AAAGTAGAGACATAAC,0,0,0
ECO1_PBMC_cell_CAGCAGCAGTGAACAT,0,0,0
ECO1_PBMC_cell_GAATGAAGTAAGTAGT,0,0,0
ECO1_PBMC_cell_CTGCCTAAGACTGTAA,0,0,0
ECO1_PBMC_cell_AGAGCTTTCCGATATG,0,0,0
ECO1_PBMC_cell_TGTCCCAAGTCAATAG,0,0,0
ECO1_PBMC_cell_CGTTGGGCATCTACGA,0,0,0
ECO1_PBMC_cell_TAGAGCTTCGTACGGC,0,0,0
ECO1_PBMC_cell_CCTTCCCCAGATCGGA,0,0,0
ECO1_PBMC_cell_AGAGCGACATTTCACT,0,0,0
ECO1_PBMC_cell_CGCTGGATCTGCTGCT,0,0,0
ECO1_PBMC_cell_AACTCTTAGTAGCGGT,0,0,0
ECO1_PBMC_cell_TCTTCGGTCTTTCCTC,0,0,0
ECO1_PBMC_cell_GAATAAGTCCGGGTGT,0,0,0
ECO1_PBMC_cell_GTATTCTGTTAGTGGG,0,0,0
ECO1_PBMC_cell_CAACCAATCGACCAGC,0,0,0
ECO1_PBMC_cell_TGACTAGCAACGATCT,0,0,0
ECO1_PBMC_cell_GCGACCATCCACGTTC,0,0,0
ECO1_PBMC_cell_GATCGCGTCTTCGGTC,0,0,0
ECO1_PBMC_cell_TTAGGCACATGAACCT,0,0,0
ECO1_PBMC_cell_CCTATTAGTAGTGAAT,0,0,0
ECO1_PBMC_cell_AGATCTGGTTTCGCTC,0,0,0
ECO1_PBMC_cell_GATGAGGTCGTTACAG,0,0,0
ECO1_PBMC_cell_TGCCCATCATTCTTAC,0,0,0
ECO1_PBMC_cell_AAGTCTGGTACATCCA,0,0,0
ECO1_PBMC_cell_CTTAACTTCACCACCT,0,0,0
ECO1_PBMC_cell_TGTTCCGGTCGTGGCT,0,0,0
ECO1_PBMC_cell_TCGTACCAGTTTCCTT,0,0,0
ECO1_PBMC_cell_GCATACACAATAACGA,0,0,0
ECO1_PBMC_cell_GCTTCCAAGTATCGAA,0,0,0
ECO1_PBMC_cell_TCGTACCAGATGCCAG,0,0,0
ECO1_PBMC_cell_TAGGCATTCCAACCAA,0,0,0
ECO1_PBMC_cell_TGCGTGGGTCGTCTTC,0,0,0
ECO1_PBMC_cell_CGTCAGGAGAAAGTGG,0,0,0
ECO1_PBMC_cell_TTAGTTCAGACCTAGG,0,0,0
ECO1_PBMC_cell_AACCATGGTAGAAAGG,0,0,0
ECO1_PBMC_cell_ACCCACTAGGAGTTGC,0,0,0
ECO1_PBMC_cell_TCTATTGGTGCACCAC,0,0,0
ECO1_PBMC_cell_CATCGAACACCAGTTA,0,0,0
ECO1_PBMC_cell_GTGCGGTGTAGTGAAT,0,0,0
ECO1_PBMC_cell_CTCGGGATCACCACCT,0,0,0
ECO1_PBMC_cell_CCTATTAGTTATGCGT,0,0,0
ECO1_PBMC_cell_CGGACGTCAATTCCTT,0,0,0
ECO1_PBMC_cell_ATAAGAGAGGAATCGC,0,0,0
ECO1_PBMC_cell_CTTCTCTGTGCTTCTC,0,0,0
ECO1_PBMC_cell_GCTGCGAGTTCGTGAT,0,0,0
ECO1_PBMC_cell_GCATGCGTCACCGGGT,0,0,0
ECO1_PBMC_cell_AAGGAGCCATCGACGC,0,0,0
ECO1_PBMC_cell_TGGTTCCTCCACGTTC,0,0,0
ECO1_PBMC_cell_CATGACATCGTTTGCC,0,0,0
ECO1_PBMC_cell_ACGCCGAAGGATGGAA,0,0,0
ECO1_PBMC_cell_GGCCGATTCTATCGCC,0,0,0
ECO1_PBMC_cell_AAACCTGTCAGGTTCA,0,0,0
ECO1_PBMC_cell_ACTGATGAGCGATTCT,0,0,0
ECO1_PBMC_cell_ATCATGGGTACTCTCC,0,0,0
ECO1_PBMC_cell_GGCGACTGTACCATCA,0,0,0
ECO1_PBMC_cell_ACCCACTGTAGAAGGA,0,0,0
ECO1_PBMC_cell_CCACTACCAATGTAAG,0,0,0
ECO1_PBMC_cell_GGAAAGCTCCAGAAGG,0,0,0
ECO1_PBMC_cell_TTATGCTCAAACAACA,0,0,0
ECO1_PBMC_cell_CTTCTCTGTCGCGAAA,0,0,0
ECO1_PBMC_cell_CTCGTACTCGAACGGA,0,0,0
ECO1_PBMC_cell_GCCTCTATCATGTGGT,0,0,0
ECO1_PBMC_cell_CTACACCAGCTAAACA,0,0,0
ECO1_PBMC_cell_CTGATCCGTTGCGCAC,0,0,0
ECO1_PBMC_cell_GATGAAAGTCTGCAAT,0,0,0
ECO1_PBMC_cell_CCACGGACAACACGCC,0,0,0
ECO1_PBMC_cell_ACGATACCACCTTGTC,0,0,0
ECO1_PBMC_cell_AAGGAGCTCAGTTAGC,0,0,0
ECO1_PBMC_cell_GTGTTAGGTTAGAACA,0,0,0
ECO1_PBMC_cell_CTAGTGAAGGCGTACA,0,0,0
ECO1_PBMC_cell_AAAGATGAGGCGCTCT,0,0,0
ECO1_PBMC_cell_GGCTGGTGTGCACCAC,0,0,0
ECO1_PBMC_cell_CTCGTCAGTCACACGC,0,0,0
ECO1_PBMC_cell_CAGAGAGTCTCGTATT,0,0,0
ECO1_PBMC_cell_CATGCCTTCTTGCATT,0,0,0
ECO1_PBMC_cell_GGCGTGTTCTCGTATT,0,0,0
ECO1_PBMC_cell_CTCAGAAGTACTTCTT,0,0,0
ECO1_PBMC_cell_CTAGCCTCAGGATTGG,0,0,0
ECO1_PBMC_cell_ATCCACCAGGCGATAC,0,0,0
ECO1_PBMC_cell_TCATTTGAGAATCTCC,0,0,0
ECO1_PBMC_cell_CACCAGGTCAGAGCTT,0,0,0
ECO1_PBMC_cell_TCAGATGCACATAACC,0,0,0
ECO1_PBMC_cell_TACTTGTTCCTGCAGG,0,0,0
ECO1_PBMC_cell_GTAGGCCCATCCGGGT,0,0,0
ECO1_PBMC_cell_GGTGAAGAGATATGGT,0,0,0
ECO1_PBMC_cell_ATTATCCAGTTACGGG,0,0,0
ECO1_PBMC_cell_CTCGTCATCAATAAGG,0,0,0
ECO1_PBMC_cell_CCTTCCCCATCTGGTA,0,0,0
ECO1_PBMC_cell_CCTAGCTTCCGTTGCT,0,0,0
ECO1_PBMC_cell_GACGCGTCACAACTGT,0,0,0
ECO1_PBMC_cell_CGCTATCCATATACGC,0,0,0
ECO1_PBMC_cell_TACGGGCTCGCTTGTC,0,0,0
ECO1_PBMC_cell_TGGCTGGGTACTTCTT,0,0,0
ECO1_PBMC_cell_AGCTCTCCAGTAACGG,0,0,0
ECO1_PBMC_cell_GCGCAACAGAAACGAG,0,0,0
ECO1_PBMC_cell_TCGCGTTAGCGCTTAT,0,0,0
ECO1_PBMC_cell_AGCATACTCAGATAAG,0,0,0
ECO1_PBMC_cell_CACTCCATCATGCTCC,0,0,0
ECO1_PBMC_cell_TTGCGTCCACCCTATC,0,0,0
ECO1_PBMC_cell_CTAGAGTTCCAACCAA,0,0,0
ECO1_PBMC_cell_ACGCCGACAGTATGCT,0,0,0
ECO1_PBMC_cell_GAACGGACACAACGTT,0,0,0
ECO1_PBMC_cell_TACTCGCTCAATCTCT,0,0,0
ECO1_PBMC_cell_ATTACTCTCGGCGCTA,0,0,0
ECO1_PBMC_cell_CATATGGTCGGAAATA,0,0,0
ECO1_PBMC_cell_AGTTGGTAGGAATCGC,0,0,0
ECO1_PBMC_cell_CTGCTGTGTCCAAGTT,0,0,0
ECO1_PBMC_cell_GTGCGGTTCATAGCAC,0,0,0
ECO1_PBMC_cell_CTAAGACAGACCGGAT,0,0,0
ECO1_PBMC_cell_CAGGTGCAGATCCCGC,0,0,0
ECO1_PBMC_cell_CGACTTCTCTACTATC,0,0,0
ECO1_PBMC_cell_CTCTGGTAGCAGGCTA,0,0,0
ECO1_PBMC_cell_GATGCTACAGCAGTTT,0,0,0
ECO1_PBMC_cell_CCCAATCGTACCCAAT,0,0,0
ECO1_PBMC_cell_TAAACCGTCGGAAATA,0,0,0
ECO1_PBMC_cell_GAAGCAGAGTGTCCAT,0,0,0
ECO1_PBMC_cell_GACCTGGCAATGGTCT,0,0,0
ECO1_PBMC_cell_TCGTACCAGCTAACAA,0,0,0
ECO1_PBMC_cell_GGGAATGAGCAATATG,0,0,0
ECO1_PBMC_cell_GATCGATGTGCGAAAC,0,0,0
ECO1_PBMC_cell_CTTACCGGTCTCCATC,0,0,0
ECO1_PBMC_cell_GAGTCCGAGCGATTCT,0,0,0
ECO1_PBMC_cell_AACTTTCAGGGTGTGT,0,0,0
ECO1_PBMC_cell_CTGGTCTCAGATCGGA,0,0,0
ECO1_PBMC_cell_TCGCGTTAGCTGAACG,0,0,0
ECO1_PBMC_cell_CACCAGGCATGCCCGA,0,0,0
ECO1_PBMC_cell_CCCATACCATTCTTAC,0,0,0
ECO1_PBMC_cell_TCAGGTAGTTCACGGC,0,0,0
ECO1_PBMC_cell_CTGGTCTCACCGAATT,0,0,0
ECO1_PBMC_cell_GGACAAGAGAGCCCAA,0,0,0
ECO1_PBMC_cell_CGGCTAGGTCGACTAT,0,0,0
ECO1_PBMC_cell_AGCATACCAGATGGGT,0,0,0
ECO1_PBMC_cell_TTCTCAAGTCTAAACC,0,0,0
ECO1_PBMC_cell_AATCGGTAGCTAGTTC,0,0,0
ECO1_PBMC_cell_TGAGGGACATTCCTGC,0,0,0
ECO1_PBMC_cell_GTAACGTCACGGCCAT,0,0,0
ECO1_PBMC_cell_TCAACGAAGCTAGTGG,0,0,0
ECO1_PBMC_cell_TGACTTTTCGGACAAG,0,0,0
ECO1_PBMC_cell_CCAGCGAGTAGTACCT,0,0,0
ECO1_PBMC_cell_GATGCTATCATTGCGA,0,0,0
ECO1_PBMC_cell_GTCACGGTCTGGTTCC,0,0,0
ECO1_PBMC_cell_GCCTCTACACACGCTG,0,0,0
ECO1_PBMC_cell_CGAGCACGTGATGATA,0,0,0
ECO1_PBMC_cell_TCTGGAAGTGCACTTA,0,0,0
ECO1_PBMC_cell_AAAGATGCACAGGCCT,0,0,0
ECO1_PBMC_cell_GACAGAGGTACACCGC,0,0,0
ECO1_PBMC_cell_GCGCGATAGCTACCGC,0,0,0
ECO1_PBMC_cell_TACGGTACAATGGAAT,0,0,0
ECO1_PBMC_cell_TAGCCGGAGACTTGAA,0,0,0
ECO1_PBMC_cell_CGATTGACATCGGACC,0,0,0
ECO1_PBMC_cell_CTCTACGCAGGCTCAC,0,0,0
ECO1_PBMC_cell_CGTCAGGTCTCTTATG,0,0,0
ECO1_PBMC_cell_CTCGAAAAGTGCAAGC,0,0,0
ECO1_PBMC_cell_TAGACCAAGTTTAGGA,0,0,0
ECO1_PBMC_cell_AACCATGGTTGTCGCG,0,0,0
ECO1_PBMC_cell_GACGGCTAGTCTCAAC,0,0,0
ECO1_PBMC_cell_GATTCAGTCTTGCATT,0,0,0
ECO1_PBMC_cell_CTCTGGTAGCCTATGT,0,0,0
ECO1_PBMC_cell_ACGGAGAGTCTAGAGG,0,0,0
ECO1_PBMC_cell_CTAACTTCAAGGTTCT,0,0,0
ECO1_PBMC_cell_TCAGCTCTCTTGAGAC,0,0,0
ECO1_PBMC_cell_CTGCGGACAATGTAAG,0,0,0
ECO1_PBMC_cell_GGTGCGTAGGTGACCA,0,0,0
ECO1_PBMC_cell_ATTATCCTCAGTGTTG,0,0,0
ECO1_PBMC_cell_CTACACCTCCTTGCCA,0,0,0
ECO1_PBMC_cell_GTACTTTTCACGGTTA,0,0,0
ECO1_PBMC_cell_CCGTGGACAACGATCT,0,0,0
ECO1_PBMC_cell_TCTCTAAGTTCCGTCT,0,0,0
ECO1_PBMC_cell_GTAGTCAAGTATGACA,0,0,0
ECO1_PBMC_cell_GATCGTAGTTCCACAA,0,0,0
ECO1_PBMC_cell_CTCGAGGGTTACGTCA,0,0,0
ECO1_PBMC_cell_CACATTTCAGGAATCG,0,0,0
ECO1_PBMC_cell_TACCTATAGTCGATAA,0,0,0
ECO1_PBMC_cell_CTCGAAACACGTAAGG,0,0,0
ECO1_PBMC_cell_AACCGCGAGTAATCCC,0,0,0
ECO1_PBMC_cell_GGCTCGACATCGATGT,0,0,0
ECO1_PBMC_cell_CGTAGCGTCTGGAGCC,0,0,0
ECO1_PBMC_cell_ATCATGGTCATTGCGA,0,0,0
ECO1_PBMC_cell_GTACTTTAGAAACGCC,0,0,0
ECO1_PBMC_cell_GTCTTCGCAATGTAAG,0,0,0
ECO1_PBMC_cell_ATTCTACAGAGTGAGA,0,0,0
ECO1_PBMC_cell_GTCATTTTCGCATGGC,0,0,0
ECO1_PBMC_cell_ACACCAACAAGAGGCT,0,0,0
ECO1_PBMC_cell_TGCGGGTAGTGTTAGA,0,0,0
ECO1_PBMC_cell_GCATGTAGTGCAACGA,0,0,0
ECO1_PBMC_cell_ATTTCTGCAGTTCCCT,0,0,0
ECO1_PBMC_cell_GACCAATTCTCCAGGG,0,0,0
ECO1_PBMC_cell_CACCAGGAGATCGGGT,0,0,0
ECO1_PBMC_cell_GACCAATTCCGCAAGC,0,0,0
ECO1_PBMC_cell_GTTACAGCAACGCACC,0,0,0
ECO1_PBMC_cell_GGCTGGTTCAGGCGAA,0,0,0
ECO1_PBMC_cell_GATCGCGGTCGTCTTC,0,0,0
ECO1_PBMC_cell_CATATGGGTTGATTGC,0,0,0
ECO1_PBMC_cell_GCAAACTTCGTTTAGG,0,0,0
ECO1_PBMC_cell_CTCGAAAAGTGGTAGC,0,0,0
ECO1_PBMC_cell_TAGTGGTAGGAATTAC,0,0,0
ECO1_PBMC_cell_GATGAGGCACTTCTGC,0,0,0
ECO1_PBMC_cell_TCTATTGAGGAGCGAG,0,0,0
ECO1_PBMC_cell_CGAGCACAGAATTCCC,0,0,0
ECO1_PBMC_cell_TGGGAAGCATCGATGT,0,0,0
ECO1_PBMC_cell_TGTTCCGCAGTGAGTG,0,0,0
ECO1_PBMC_cell_GCAATCATCTGCCCTA,0,0,0
ECO1_PBMC_cell_GTTCTCGCATTTGCCC,0,0,0
ECO1_PBMC_cell_TTAGTTCAGTGTGAAT,0,0,0
ECO1_PBMC_cell_GGATTACTCGGTCTAA,0,0,0
ECO1_PBMC_cell_CAGAATCCAGTAACGG,0,0,0
ECO1_PBMC_cell_GTGCAGCGTGAGCGAT,0,0,0
ECO1_PBMC_cell_TCAGGATCACACTGCG,0,0,0
ECO1_PBMC_cell_CTAGTGAGTGTTTGTG,0,0,0
ECO1_PBMC_cell_GAACATCTCAGTTGAC,0,0,0
ECO1_PBMC_cell_GATCGCGAGCTAACTC,0,0,0
ECO1_PBMC_cell_ACAGCTAGTAGCGCAA,0,0,0
ECO1_PBMC_cell_CACACTCTCCATGAAC,0,0,0
ECO1_PBMC_cell_TTAGTTCAGGTCATCT,0,0,0
ECO1_PBMC_cell_AGTAGTCCAGTTAACC,0,0,0
ECO1_PBMC_cell_AGGTCATTCCTATGTT,0,0,0
ECO1_PBMC_cell_GGAGCAATCTTTAGGG,0,0,0
ECO1_PBMC_cell_TCTCATAAGGCCCTCA,0,0,0
ECO1_PBMC_cell_CGTGAGCAGCGATCCC,0,0,0
ECO1_PBMC_cell_CTCAGAACACGTGAGA,0,0,0
ECO1_PBMC_cell_ATCCGAATCCCTCAGT,0,0,0
ECO1_PBMC_cell_TACGGTACACCAGGTC,0,0,0
ECO1_PBMC_cell_GATTCAGGTACAGCAG,0,0,0
ECO1_PBMC_cell_TTCTCCTGTGTCTGAT,0,0,0
ECO1_PBMC_cell_CAGAGAGCAGTCGTGC,0,0,0
ECO1_PBMC_cell_TTGCCGTAGGGCTTGA,0,0,0
ECO1_PBMC_cell_GCCAAATAGCTAACTC,0,0,0
ECO1_PBMC_cell_CAGCGACTCCAGTAGT,0,0,0
ECO1_PBMC_cell_GGGACCTAGCGTTGCC,0,0,0
ECO1_PBMC_cell_ATGGGAGCAAGCTGTT,0,0,0
ECO1_PBMC_cell_AGCTCTCAGAGCTATA,0,0,0
ECO1_PBMC_cell_TTAGTTCTCCGTACAA,0,0,0
ECO1_PBMC_cell_GCTGCGACATCCCATC,0,0,0
ECO1_PBMC_cell_AGGTCATTCGGATGTT,0,0,0
ECO1_PBMC_cell_GTATTCTGTTCCACAA,0,0,0
ECO1_PBMC_cell_CGCCAAGTCAGCTTAG,0,0,0
ECO1_PBMC_cell_AAAGATGAGCTAACTC,0,0,0
ECO1_PBMC_cell_CGTCTACCACTCTGTC,0,0,0
ECO1_PBMC_cell_TGTTCCGAGTGCTGCC,0,0,0
ECO1_PBMC_cell_TACTTGTAGGTACTCT,0,0,0
ECO1_PBMC_cell_CGGTTAAAGCCCAGCT,0,0,0
ECO1_PBMC_cell_TAGTGGTCAGAAGCAC,0,0,0
ECO1_PBMC_cell_ACACTGACATTGGTAC,0,0,0
ECO1_PBMC_cell_CGGGTCATCTGAAAGA,0,0,0
ECO1_PBMC_cell_CTTAACTCAACTGCTA,0,0,0
ECO1_PBMC_cell_GCGACCACAATCCGAT,0,0,0
ECO1_PBMC_cell_CTCGAAATCAGAGACG,0,0,0
ECO1_PBMC_cell_GTGCGGTCACAACGTT,0,0,0
ECO1_PBMC_cell_CGAGCACGTGACCAAG,0,0,0
ECO1_PBMC_cell_TTTGGTTTCCGCGTTT,0,0,0
ECO1_PBMC_cell_ATTATCCGTGCGGTAA,0,0,0
ECO1_PBMC_cell_CACAGTATCGTCCAGG,0,0,0
ECO1_PBMC_cell_ACGAGGACACTCGACG,0,0,0
ECO1_PBMC_cell_AGGCCGTTCGGAATCT,0,0,0
ECO1_PBMC_cell_CGTCCATTCATTATCC,0,0,0
ECO1_PBMC_cell_TGAAAGATCCATGAAC,0,0,0
ECO1_PBMC_cell_GGACAGAGTCCGAATT,0,0,0
ECO1_PBMC_cell_CTAGAGTAGGCACATG,0,0,0
ECO1_PBMC_cell_AACACGTAGTACGCCC,0,0,0
ECO1_PBMC_cell_CATTCGCAGGATGGTC,0,0,0
ECO1_PBMC_cell_CATGCCTAGTGTCCCG,0,0,0
ECO1_PBMC_cell_AGCTTGATCGAGGTAG,0,0,0
ECO1_PBMC_cell_TCGTACCCACGGCGTT,0,0,0
ECO1_PBMC_cell_TCAGATGAGCTTTGGT,0,0,0
ECO1_PBMC_cell_CGTCTACCAACTGCTA,0,0,0
ECO1_PBMC_cell_GATGAGGGTGTGGTTT,0,0,0
ECO1_PBMC_cell_GTCTTCGGTCGGCATC,0,0,0
ECO1_PBMC_cell_CGAGCACCATCCTAGA,0,0,0
ECO1_PBMC_cell_ACGAGCCGTTCCCGAG,0,0,0
ECO1_PBMC_cell_CGACTTCTCGCCTGTT,0,0,0
ECO1_PBMC_cell_TACTTACAGAAACCAT,0,0,0
ECO1_PBMC_cell_ATCCACCCACTAGTAC,0,0,0
ECO1_PBMC_cell_GACGGCTGTACCCAAT,0,0,0
ECO1_PBMC_cell_CTGCGGATCGAATGGG,0,0,0
ECO1_PBMC_cell_CTCGAAAAGTCAATAG,0,0,0
ECO1_PBMC_cell_GAGCAGATCACAGGCC,0,0,0
ECO1_PBMC_cell_CTCGGGACAGACAGGT,0,0,0
ECO1_PBMC_cell_AGGCCACCAATAGCAA,0,0,0
ECO1_PBMC_cell_GTCACGGCAGCGATCC,0,0,0
ECO1_PBMC_cell_CCTTCCCTCACTCTTA,0,0,0
ECO1_PBMC_cell_CTCGGGACACCCATTC,0,0,0
ECO1_PBMC_cell_TCGCGTTGTCTGCGGT,0,0,0
ECO1_PBMC_cell_TTCTACAAGCCGGTAA,0,0,0
ECO1_PBMC_cell_GGCAATTTCTTCGGTC,0,0,0
ECO1_PBMC_cell_TGAGCCGAGAACTGTA,0,0,0
ECO1_PBMC_cell_AGGTCATCAAGGTGTG,0,0,0
ECO1_PBMC_cell_TATTACCTCACATAGC,0,0,0
ECO1_PBMC_cell_GTACTCCAGGTGCACA,0,0,0
ECO1_PBMC_cell_GTGGGTCGTCTGGTCG,0,0,0
ECO1_PBMC_cell_CATGCCTCATGACATC,0,0,0
ECO1_PBMC_cell_TTCCCAGTCTATGTGG,0,0,0
ECO1_PBMC_cell_ACCTTTACATCCGTGG,0,0,0
ECO1_PBMC_cell_GATTCAGTCTTACCGC,0,0,0
ECO1_PBMC_cell_ACGGCCACAAGCGTAG,0,0,0
ECO1_PBMC_cell_TAGGCATGTAAATGAC,0,0,0
ECO1_PBMC_cell_TACGGTACAGTATCTG,0,0,0
ECO1_PBMC_cell_CGGAGTCGTAAGTGGC,0,0,0
ECO1_PBMC_cell_TAGGCATTCCAGAAGG,0,0,0
ECO1_PBMC_cell_TACCTTAAGTTAACGA,0,0,0
ECO1_PBMC_cell_GCAAACTTCGATCCCT,0,0,0
ECO1_PBMC_cell_CGGGTCACACTGCCAG,0,0,0
ECO1_PBMC_cell_AACCGCGGTCTGCCAG,0,0,0
ECO1_PBMC_cell_AACTCCCTCTCGATGA,0,0,0
ECO1_PBMC_cell_CTTCTCTAGAGACGAA,0,0,0
ECO1_PBMC_cell_TGAGAGGAGAACTGTA,0,0,0
ECO1_PBMC_cell_CACATAGCAATAGCAA,0,0,0
ECO1_PBMC_cell_CAAGGCCAGGTTCCTA,0,0,0
ECO1_PBMC_cell_AGACGTTCAAGGCTCC,0,0,0
ECO1_PBMC_cell_ACTGCTCCACCATCCT,0,0,0
ECO1_PBMC_cell_CACAAACGTCTACCTC,0,0,0
ECO1_PBMC_cell_GAAACTCCAAGGTGTG,0,0,0
ECO1_PBMC_cell_TTTGCGCCAAGTAATG,0,0,0
ECO1_PBMC_cell_TCGTAGACAGATTGCT,0,0,0
ECO1_PBMC_cell_CGCGTTTAGATGTAAC,0,0,0
ECO1_PBMC_cell_TGGACGCTCTCGTATT,0,0,0
ECO1_PBMC_cell_GCATACAAGGTGCACA,0,0,0
ECO1_PBMC_cell_TGGCCAGAGGACGAAA,0,0,0
ECO1_PBMC_cell_CCAGCGATCATGGTCA,0,0,0
ECO1_PBMC_cell_CGACCTTAGAGTGAGA,0,0,0
ECO1_PBMC_cell_CTACGTCCATTCACTT,0,0,0
ECO1_PBMC_cell_GTACTTTCAGTTAACC,0,0,0
ECO1_PBMC_cell_GCATGCGGTTACGCGC,0,0,0
ECO1_PBMC_cell_CATCCACAGCCGATTT,0,0,0
ECO1_PBMC_cell_TGCGCAGTCGCCGTGA,0,0,0
ECO1_PBMC_cell_CCGTACTCAGGACGTA,0,0,0
ECO1_PBMC_cell_TAAGCGTGTTCGGGCT,0,0,0
ECO1_PBMC_cell_GTGCGGTAGTGAACGC,0,0,0
ECO1_PBMC_cell_AAGGAGCCATTTCAGG,0,0,0
ECO1_PBMC_cell_AGCTCTCGTCTTGCGG,0,0,0
ECO1_PBMC_cell_TCCACACGTCTAGGTT,0,0,0
ECO1_PBMC_cell_CGCGGTACATCATCCC,0,0,0
ECO1_PBMC_cell_GCGCCAAAGCCGATTT,0,0,0
ECO1_PBMC_cell_CACCACTGTTTAGCTG,0,0,0
ECO1_PBMC_cell_CTCGTCATCTTCGAGA,0,0,0
ECO1_PBMC_cell_GCATACACAACACGCC,0,0,0
ECO1_PBMC_cell_CCGTGGACACGGCTAC,0,0,0
ECO1_PBMC_cell_CTACCCAGTCCAAGTT,0,0,0
ECO1_PBMC_cell_TCTGGAACAGCTCGAC,0,0,0
ECO1_PBMC_cell_TCGGTAACATGCATGT,0,0,0
ECO1_PBMC_cell_TATCTCATCGGAGGTA,0,0,0
ECO1_PBMC_cell_GCACATAAGCTGAAAT,0,0,0
ECO1_PBMC_cell_AGCGGTCAGGCAGTCA,0,0,0
ECO1_PBMC_cell_CCTCTGATCTTATCTG,0,0,0
ECO1_PBMC_cell_GACGGCTGTATTAGCC,0,0,0
ECO1_PBMC_cell_GCGCGATGTGTTGGGA,0,0,0
ECO1_PBMC_cell_CGCGTTTCATGGTCTA,0,0,0
ECO1_PBMC_cell_GAAATGATCCGAACGC,0,0,0
ECO1_PBMC_cell_AGAGCTTTCACATAGC,0,0,0
ECO1_PBMC_cell_GGAAAGCTCACCTTAT,0,0,0
ECO1_PBMC_cell_GACACGCCAAGAAAGG,0,0,0
ECO1_PBMC_cell_AGCTCCTGTCACTGGC,0,0,0
ECO1_PBMC_cell_GCAGCCATCAAAGTAG,0,0,0
ECO1_PBMC_cell_GGATGTTCACCGAATT,0,0,0
ECO1_PBMC_cell_GTACTCCTCCTGTACC,0,0,0
ECO1_PBMC_cell_CGCTATCCACAAGACG,0,0,0
ECO1_PBMC_cell_GACACGCGTACACCGC,0,0,0
ECO1_PBMC_cell_TGGCCAGAGTCCTCCT,0,0,0
ECO1_PBMC_cell_AGTGGGAAGCGTGAGT,0,0,0
ECO1_PBMC_cell_CCTATTATCGCTTGTC,0,0,0
ECO1_PBMC_cell_GAATAAGCACCAGATT,0,0,0
ECO1_PBMC_cell_TACCTTAGTCTAAACC,0,0,0
ECO1_PBMC_cell_GGTGAAGTCCGAAGAG,0,0,0
ECO1_PBMC_cell_ACTGATGCATCCTTGC,0,0,0
ECO1_PBMC_cell_CATTCGCAGCCAGGAT,0,0,0
ECO1_PBMC_cell_CTCGAAACAGGCAGTA,0,0,0
ECO1_PBMC_cell_AGCATACGTCCAGTTA,0,0,0
ECO1_PBMC_cell_ATAACGCAGTATCGAA,0,0,0
ECO1_PBMC_cell_GATGCTAAGACTGTAA,0,0,0
ECO1_PBMC_cell_GTCTTCGGTCTCTTTA,0,0,0
ECO1_PBMC_cell_CGGCTAGAGGTGATAT,0,0,0
ECO1_PBMC_cell_GACTAACCACAGTCGC,0,0,0
ECO1_PBMC_cell_GTTACAGAGCCGCCTA,0,0,0
ECO1_PBMC_cell_GTAACTGGTGACGGTA,0,0,0
ECO1_PBMC_cell_GAACGGATCTTAACCT,0,0,0
ECO1_PBMC_cell_TACGGTAAGACTGGGT,0,0,0
ECO1_PBMC_cell_GTAGGCCAGGCTCATT,0,0,0
ECO1_PBMC_cell_GCGCAACAGAGTGACC,0,0,0
ECO1_PBMC_cell_CAACCTCCAACTGCGC,0,0,0
ECO1_PBMC_cell_GCTTGAAAGCTGATAA,0,0,0
ECO1_PBMC_cell_TGCTGCTTCACTTCAT,0,0,0
ECO1_PBMC_cell_CAAGAAATCACTATTC,0,0,0
ECO1_PBMC_cell_GCTTCCAGTCCTAGCG,0,0,0
ECO1_PBMC_cell_TCTGAGAAGCGCTTAT,0,0,0
ECO1_PBMC_cell_AGGCCGTCAGTAGAGC,0,0,0
ECO1_PBMC_cell_GTCACGGAGGGCTTCC,0,0,0
ECO1_PBMC_cell_TAGGCATCATTCGACA,0,0,0
ECO1_PBMC_cell_TTCTCAAAGATCCCGC,0,0,0
ECO1_PBMC_cell_AGATCTGGTAAGTGGC,0,0,0
ECO1_PBMC_cell_GTGCATACACTAGTAC,0,0,0
ECO1_PBMC_cell_GTGTGCGCAGTTAACC,0,0,0
ECO1_PBMC_cell_AACTTTCTCATCATTC,0,0,0
ECO1_PBMC_cell_CACACAAGTGTCAATC,0,0,0
ECO1_PBMC_cell_AAAGTAGCATGCCTTC,0,0,0
ECO1_PBMC_cell_CGACTTCGTCTTCTCG,0,0,0
ECO1_PBMC_cell_GCATGTATCATGGTCA,0,0,0
ECO1_PBMC_cell_GAACGGACAGGGTACA,0,0,0
ECO1_PBMC_cell_AGACGTTTCAAGATCC,0,0,0
ECO1_PBMC_cell_ATTGGTGTCAAACGGG,0,0,0
ECO1_PBMC_cell_TGGCTGGGTACTTGAC,0,0,0
ECO1_PBMC_cell_CTCGTCAGTTAAGTAG,0,0,0
ECO1_PBMC_cell_CTACCCATCTTCGAGA,0,0,0
ECO1_PBMC_cell_CTAATGGTCCATGAGT,0,0,0
ECO1_PBMC_cell_GTACGTATCAAACAAG,0,0,0
ECO1_PBMC_cell_TCGCGTTTCCTTTACA,0,0,0
ECO1_PBMC_cell_GCACATACACAGAGGT,0,0,0
ECO1_PBMC_cell_TGCTGCTTCTTCTGGC,0,0,0
ECO1_PBMC_cell_CACCAGGTCAACCATG,0,0,0
ECO1_PBMC_cell_GCAAACTGTTACAGAA,0,0,0
ECO1_PBMC_cell_CCGGGATCATCCCATC,0,0,0
ECO1_PBMC_cell_CGCTATCGTAGCACGA,0,0,0
ECO1_PBMC_cell_ACATGGTGTCGAATCT,0,0,0
ECO1_PBMC_cell_TACTTACTCTGCGTAA,0,0,0
ECO1_PBMC_cell_GGGTCTGAGAACAATC,0,0,0
ECO1_PBMC_cell_CATTATCCATCGACGC,0,0,0
ECO1_PBMC_cell_ACACTGAGTCGGGTCT,0,0,0
ECO1_PBMC_cell_TTGCGTCTCAGCAACT,0,0,0
ECO1_PBMC_cell_ACGCCAGTCTGAGTGT,0,0,0
ECO1_PBMC_cell_CCTACCAAGCATGGCA,0,0,0
ECO1_PBMC_cell_TCAGGTAAGATGTAAC,0,0,0
ECO1_PBMC_cell_TGAGCATTCTGGTATG,0,0,0
ECO1_PBMC_cell_GATCGATTCGAGAACG,0,0,0
ECO1_PBMC_cell_CTCTGGTTCAACCAAC,0,0,0
ECO1_PBMC_cell_TGACTAGGTGTCGCTG,0,0,0
ECO1_PBMC_cell_TCAGCTCGTCTCTTTA,0,0,0
ECO1_PBMC_cell_GTAGTCAGTACATCCA,0,0,0
ECO1_PBMC_cell_GACCTGGTCCATTCTA,0,0,0
ECO1_PBMC_cell_TGATTTCTCGGATGTT,0,0,0
ECO1_PBMC_cell_CAGGTGCTCGTGGGAA,0,0,0
ECO1_PBMC_cell_AGAATAGCACCAGGTC,0,0,0
ECO1_PBMC_cell_TCGTAGACACCACGTG,0,0,0
ECO1_PBMC_cell_GACGCGTAGCTAAACA,0,0,0
ECO1_PBMC_cell_AGACGTTGTTACGCGC,0,0,0
ECO1_PBMC_cell_GGACATTGTCAGATAA,0,0,0
ECO1_PBMC_cell_CCACGGAGTGGCAAAC,0,0,0
ECO1_PBMC_cell_GAATGAAGTCATCGGC,0,0,0
ECO1_PBMC_cell_CGCGTTTCAACGCACC,0,0,0
ECO1_PBMC_cell_GCGGGTTTCTGACCTC,0,0,0
ECO1_PBMC_cell_CGAACATGTGCGATAG,0,0,0
ECO1_PBMC_cell_CGTTCTGTCCAAATGC,0,0,0
ECO1_PBMC_cell_ATGCGATCATACTCTT,0,0,0
ECO1_PBMC_cell_CGTCTACGTCCGTGAC,0,0,0
ECO1_PBMC_cell_TCGCGAGTCCGTCAAA,0,0,0
ECO1_PBMC_cell_CCAGCGACACTATCTT,0,0,0
ECO1_PBMC_cell_TCTCTAAAGGGTTCCC,0,0,0
ECO1_PBMC_cell_TCGTAGACAATACGCT,0,0,0
ECO1_PBMC_cell_AGCTTGAAGAGCTTCT,0,0,0
ECO1_PBMC_cell_GTATTCTCAATTGCTG,0,0,0
ECO1_PBMC_cell_CGTAGGCAGCCCTAAT,0,0,0
ECO1_PBMC_cell_ACGCAGCAGTGGGTTG,0,0,0
ECO1_PBMC_cell_ACGATACGTAGGAGTC,0,0,0
ECO1_PBMC_cell_CGTAGGCAGTGGGTTG,0,0,0
ECO1_PBMC_cell_AACTCAGCAAGCCTAT,0,0,0
ECO1_PBMC_cell_GTAACGTCAGCATACT,0,0,0
ECO1_PBMC_cell_GGGCATCGTAAGTTCC,0,0,0
ECO1_PBMC_cell_GTCAAGTGTCTGGTCG,0,0,0
ECO1_PBMC_cell_GTAGTCAAGATGTGGC,0,0,0
ECO1_PBMC_cell_TCTTCGGGTGACGCCT,0,0,0
ECO1_PBMC_cell_TGGTTAGAGGAATTAC,0,0,0
ECO1_PBMC_cell_CTCTAATAGAGCAATT,0,0,0
ECO1_PBMC_cell_GAGTCCGAGTCGTTTG,0,0,0
ECO1_PBMC_cell_CATGACAAGACTAGAT,0,0,0
ECO1_PBMC_cell_TTTACTGAGACGCACA,0,0,0
ECO1_PBMC_cell_TCAGATGCACCCAGTG,0,0,0
ECO1_PBMC_cell_GCAGTTATCAGGCAAG,0,0,0
ECO1_PBMC_cell_CACCTTGAGATATGGT,0,0,0
ECO1_PBMC_cell_ACACTGATCATCTGCC,0,0,0
ECO1_PBMC_cell_TTCTCCTTCCAGGGCT,0,0,0
ECO1_PBMC_cell_CAGCGACAGACCTAGG,0,0,0
ECO1_PBMC_cell_CTGATAGCAATCGAAA,0,0,0
ECO1_PBMC_cell_ATTGGTGCATCACGTA,0,0,0
ECO1_PBMC_cell_ATTCTACGTCTAACGT,0,0,0
ECO1_PBMC_cell_CTCGGAGAGTTTCCTT,0,0,0
ECO1_PBMC_cell_TCGTACCAGATATGCA,0,0,0
ECO1_PBMC_cell_GTCGTAATCTATCCCG,0,0,0
ECO1_PBMC_cell_AAAGATGAGGCCCTTG,0,0,0
ECO1_PBMC_cell_GACTGCGCAGGTTTCA,0,0,0
ECO1_PBMC_cell_GAAATGAGTTCGCGAC,0,0,0
ECO1_PBMC_cell_CGTCCATTCCTTCAAT,0,0,0
ECO1_PBMC_cell_AGATTGCAGTCCCACG,0,0,0
ECO1_PBMC_cell_GACTAACAGCTAGCCC,0,0,0
ECO1_PBMC_cell_GCAAACTGTGTCCTCT,0,0,0
ECO1_PBMC_cell_CTGGTCTCAGCTCGCA,0,0,0
ECO1_PBMC_cell_GCATGCGGTCTAAAGA,0,0,0
ECO1_PBMC_cell_GGACAGATCGCTTAGA,0,0,0
ECO1_PBMC_cell_ACAGCTACAGCGTTCG,0,0,0
ECO1_PBMC_cell_TGACAACTCAGTGTTG,0,0,0
ECO1_PBMC_cell_TGCACCTGTAGCCTAT,0,0,0
ECO1_PBMC_cell_TCTCATACACGACTCG,0,0,0
ECO1_PBMC_cell_GAATGAACAGGAACGT,0,0,0
ECO1_PBMC_cell_GCTCCTAAGTGTACTC,0,0,0
ECO1_PBMC_cell_CAGATCAGTGCATCTA,0,0,0
ECO1_PBMC_cell_ACGCCAGTCGCCGTGA,0,0,0
ECO1_PBMC_cell_GTCACAACACCCATTC,0,0,0
ECO1_PBMC_cell_TCATTACGTGTGAAAT,0,0,0
ECO1_PBMC_cell_TGAGCATAGATGTGGC,0,0,0
ECO1_PBMC_cell_ACACTGAGTATATCCG,0,0,0
ECO1_PBMC_cell_TAAGTGCAGGCAGGTT,0,0,0
ECO1_PBMC_cell_CAGCGACAGACAAGCC,0,0,0
ECO1_PBMC_cell_CCTTCCCTCCCAGGTG,0,0,0
ECO1_PBMC_cell_GCCAAATGTATGGTTC,0,0,0
ECO1_PBMC_cell_AGGGTGAAGTCAATAG,0,0,0
ECO1_PBMC_cell_CTAGTGAAGCTACCTA,0,0,0
ECO1_PBMC_cell_GAACATCCATACTACG,0,0,0
ECO1_PBMC_cell_CACATTTAGTTGAGTA,0,0,0
ECO1_PBMC_cell_GGACGTCGTATGAATG,0,0,0
ECO1_PBMC_cell_TTGCCGTTCTGAGGGA,0,0,0
ECO1_PBMC_cell_CGTTAGACACGGTGTC,0,0,0
ECO1_PBMC_cell_AGGCCACGTCCGAGTC,0,0,0
ECO1_PBMC_cell_GCACATAAGTGACATA,0,0,0
ECO1_PBMC_cell_AGCATACAGAGTAAGG,0,0,0
ECO1_PBMC_cell_GTATTCTGTGATAAGT,0,0,0
ECO1_PBMC_cell_ACGTCAAAGCTGGAAC,0,0,0
ECO1_PBMC_cell_CTGCTGTCAGATAATG,0,0,0
ECO1_PBMC_cell_CCAATCCAGCCTATGT,0,0,0
ECO1_PBMC_cell_GTGCATAGTGTCGCTG,0,0,0
ECO1_PBMC_cell_CAAGGCCGTCTGGTCG,0,0,0
ECO1_PBMC_cell_CGATTGAAGATTACCC,0,0,0
ECO1_PBMC_cell_TGAGCATAGCCTTGAT,0,0,0
ECO1_PBMC_cell_CGTTCTGCACCACGTG,0,0,0
ECO1_PBMC_cell_CCGTGGATCTCATTCA,0,0,0
ECO1_PBMC_cell_CCCTCCTCATAGGATA,0,0,0
ECO1_PBMC_cell_GATCGTACAGCTGCTG,0,0,0
ECO1_PBMC_cell_GAACGGAAGTGCAAGC,0,0,0
ECO1_PBMC_cell_TGTATTCGTTAGGGTG,0,0,0
ECO1_PBMC_cell_TGCGGGTTCTCGGACG,0,0,0
ECO1_PBMC_cell_TCGTAGATCCTCAACC,0,0,0
ECO1_PBMC_cell_ATCATCTGTGCAGACA,0,0,0
ECO1_PBMC_cell_ATGAGGGTCTATCCTA,0,0,0
ECO1_PBMC_cell_GGTGAAGCAGGGATTG,0,0,0
ECO1_PBMC_cell_TCATTTGGTTCACGGC,0,0,0
ECO1_PBMC_cell_GCATACATCCATGCTC,0,0,0
ECO1_PBMC_cell_GATCAGTCAGTGGGAT,0,0,0
ECO1_PBMC_cell_GCATGTAGTTGCGCAC,0,0,0
ECO1_PBMC_cell_TCAGGATCACGAAATA,0,0,0
ECO1_PBMC_cell_CACTCCACACTGTTAG,0,0,0
ECO1_PBMC_cell_ACATACGAGGCGATAC,0,0,0
ECO1_PBMC_cell_CGTTCTGCAGGAATGC,0,0,0
ECO1_PBMC_cell_AGTTGGTCACCGAATT,0,0,0
ECO1_PBMC_cell_ACGGAGAGTTGCCTCT,0,0,0
ECO1_PBMC_cell_CTGCGGAGTTGAGTTC,0,0,0
ECO1_PBMC_cell_CTCGGGAGTGGAAAGA,0,0,0
ECO1_PBMC_cell_CTACACCAGGTGTTAA,0,0,0
ECO1_PBMC_cell_GAAGCAGTCGTTACAG,0,0,0
ECO1_PBMC_cell_AAATGCCTCCGTACAA,0,0,0
ECO1_PBMC_cell_CTGTTTAAGCGTTCCG,0,0,0
ECO1_PBMC_cell_GCGGGTTTCAGTTAGC,0,0,0
ECO1_PBMC_cell_TTTGGTTAGTAATCCC,0,0,0
ECO1_PBMC_cell_TTGCCGTAGTGACATA,0,0,0
ECO1_PBMC_cell_GAGTCCGCAGCCTGTG,0,0,0
ECO1_PBMC_cell_TGACTTTTCGCAAGCC,0,0,0
ECO1_PBMC_cell_ATCGAGTGTCGCATCG,0,0,0
ECO1_PBMC_cell_AGGGAGTCAAGGACAC,0,0,0
ECO1_PBMC_cell_CGATGTAGTCAGAGGT,0,0,0
ECO1_PBMC_cell_GAACATCCATGGTAGG,0,0,0
ECO1_PBMC_cell_CCGTTCAGTAAGTGTA,0,0,0
ECO1_PBMC_cell_GCGGGTTCATTTCACT,0,0,0
ECO1_PBMC_cell_GCGGGTTTCAACACAC,0,0,0
ECO1_PBMC_cell_CGACTTCTCGGAGGTA,0,0,0
ECO1_PBMC_cell_CGAACATCACTGTCGG,0,0,0
ECO1_PBMC_cell_TTATGCTGTATTAGCC,0,0,0
ECO1_PBMC_cell_CTCGAGGGTAAATACG,0,0,0
ECO1_PBMC_cell_GTGCATAGTCTAGTCA,0,0,0
ECO1_PBMC_cell_GGCAATTCACACATGT,0,0,0
ECO1_PBMC_cell_CTTACCGCAACACCTA,0,0,0
ECO1_PBMC_cell_GCATGATTCGTGACAT,0,0,0
ECO1_PBMC_cell_ACGGCCAAGTAGATGT,0,0,0
ECO1_PBMC_cell_TAGACCAGTTACTGAC,0,0,0
ECO1_PBMC_cell_AAGGTTCAGATACACA,0,0,0
ECO1_PBMC_cell_TTCTCCTGTAGCTCCG,0,0,0
ECO1_PBMC_cell_TGGACGCCAGGAATGC,0,0,0
ECO1_PBMC_cell_CGTGTAACAGCATGAG,0,0,0
ECO1_PBMC_cell_GAACATCCATGAGCGA,0,0,0
ECO1_PBMC_cell_ACATCAGAGACAGAGA,0,0,0
ECO1_PBMC_cell_CTAAGACAGCAGCCTC,0,0,0
ECO1_PBMC_cell_CGGACACTCTCTGCTG,0,0,0
ECO1_PBMC_cell_CAACCTCGTTAAGATG,0,0,0
ECO1_PBMC_cell_ATAACGCCACTCGACG,0,0,0
ECO1_PBMC_cell_GGCGACTGTCTGGAGA,0,0,0
ECO1_PBMC_cell_TCTATTGAGTGTACTC,0,0,0
ECO1_PBMC_cell_TAAGAGACAACACGCC,0,0,0
ECO1_PBMC_cell_CGATGGCAGTCCGGTC,0,0,0
ECO1_PBMC_cell_ACCTTTAAGGTCATCT,0,0,0
ECO1_PBMC_cell_TAGAGCTTCATAGCAC,0,0,0
ECO1_PBMC_cell_GCAGTTATCCAGATCA,0,0,0
ECO1_PBMC_cell_GACGTGCGTGGTACAG,0,0,0
ECO1_PBMC_cell_CTAATGGTCGGCCGAT,0,0,0
ECO1_PBMC_cell_ACGCCGAAGCGTGTCC,0,0,0
ECO1_PBMC_cell_CACTCCACAGGCAGTA,0,0,0
ECO1_PBMC_cell_ACGCAGCTCAGTTAGC,0,0,0
ECO1_PBMC_cell_TGACTAGCAGCATGAG,0,0,0
ECO1_PBMC_cell_TACCTATAGGTCGGAT,0,0,0
ECO1_PBMC_cell_TGAGCCGTCTGTCTCG,0,0,0
ECO1_PBMC_cell_GTGCGGTAGGTGCTAG,0,0,0
ECO1_PBMC_cell_GTCGGGTCAGCTGCTG,0,0,0
ECO1_PBMC_cell_TGCGTGGCACACCGAC,0,0,0
ECO1_PBMC_cell_AGTGGGAAGGCCGAAT,0,0,0
ECO1_PBMC_cell_GACGGCTGTGACCAAG,0,0,0
ECO1_PBMC_cell_GAACCTAGTCTCTTTA,0,0,0
ECO1_PBMC_cell_CTCACACGTCCGAGTC,0,0,0
ECO1_PBMC_cell_CTCGAGGGTACCGCTG,0,0,0
ECO1_PBMC_cell_CCACTACGTAGGCATG,0,0,0
ECO1_PBMC_cell_ACACTGAGTCACTTCC,0,0,0
ECO1_PBMC_cell_ACTTTCACACCTCGTT,0,0,0
ECO1_PBMC_cell_TACTCATGTCGGCACT,0,0,0
ECO1_PBMC_cell_CTGCTGTTCAACCATG,0,0,0
ECO1_PBMC_cell_GGCTCGATCAGCCTAA,0,0,0
ECO1_PBMC_cell_TGATTTCGTGATGATA,0,0,0
ECO1_PBMC_cell_CGGACGTTCTGTTTGT,0,0,0
ECO1_PBMC_cell_CTCGGAGCAATCTACG,0,0,0
ECO1_PBMC_cell_ACATGGTAGGTGGGTT,0,0,0
ECO1_PBMC_cell_GGACAAGGTACCGCTG,0,0,0
ECO1_PBMC_cell_CGTAGCGCAGGTGCCT,0,0,0
ECO1_PBMC_cell_TGCGCAGAGCGGCTTC,0,0,0
ECO1_PBMC_cell_GAGCAGATCAGTTGAC,0,0,0
ECO1_PBMC_cell_AATCGGTGTACATCCA,0,0,0
ECO1_PBMC_cell_TTCGAAGAGGTGATTA,0,0,0
ECO1_PBMC_cell_GGAATAAGTCTTCTCG,0,0,0
ECO1_PBMC_cell_CATCGAATCCGAACGC,0,0,0
ECO1_PBMC_cell_ATAGACCGTCCTGCTT,0,0,0
ECO1_PBMC_cell_ATCTACTAGCGATGAC,0,0,0
ECO1_PBMC_cell_CCTTTCTCAATCCGAT,0,0,0
ECO1_PBMC_cell_AGGGATGTCGTGGGAA,0,0,0
ECO1_PBMC_cell_ACGAGGAGTCCAAGTT,0,0,0
ECO1_PBMC_cell_GCTCTGTAGAGCTATA,0,0,0
ECO1_PBMC_cell_GCAGTTACAACTGGCC,0,0,0
ECO1_PBMC_cell_AGTTGGTCAACAACCT,0,0,0
ECO1_PBMC_cell_CGTAGGCTCTGCTGCT,0,0,0
ECO1_PBMC_cell_CATGGCGAGGATGGTC,0,0,0
ECO1_PBMC_cell_GCTCCTACACACTGCG,0,0,0
ECO1_PBMC_cell_CATGCCTAGGTGATTA,0,0,0
ECO1_PBMC_cell_CATATGGCATTTCACT,0,0,0
ECO1_PBMC_cell_ACACCGGGTTTGTTTC,0,0,0
ECO1_PBMC_cell_GATCAGTTCAGCACAT,0,0,0
ECO1_PBMC_cell_GACACGCGTCACCTAA,0,0,0
ECO1_PBMC_cell_TGCCCATAGCCAGTTT,0,0,0
ECO1_PBMC_cell_CTTAGGAAGTGTTGAA,0,0,0
ECO1_PBMC_cell_AAAGTAGTCTAACTGG,0,0,0
ECO1_PBMC_cell_ACCCACTCACTCGACG,0,0,0
ECO1_PBMC_cell_ATGGGAGCAAGTACCT,0,0,0
ECO1_PBMC_cell_GTTAAGCAGTCCGTAT,0,0,0
ECO1_PBMC_cell_CAAGATCTCGTACCGG,0,0,0
ECO1_PBMC_cell_TACCTATTCTGACCTC,0,0,1
ECO1_PBMC_cell_GAACGGAGTTCATGGT,0,0,0
ECO1_PBMC_cell_CCGTGGATCACATGCA,0,0,0
ECO1_PBMC_cell_TGGTTCCTCTCTAGGA,0,0,0
ECO1_PBMC_cell_GGCAATTGTAGCGCAA,0,0,0
ECO1_PBMC_cell_CCTATTAGTAGCTCCG,0,0,0
ECO1_PBMC_cell_CGGTTAACAAACCTAC,0,0,0
ECO1_PBMC_cell_ATAGACCAGGTTACCT,0,0,0
ECO1_PBMC_cell_ACACCAACACTCAGGC,0,0,0
ECO1_PBMC_cell_TGCTACCCAAGTCTGT,0,0,0
ECO1_PBMC_cell_CTCCTAGAGCCCAACC,0,0,0
ECO1_PBMC_cell_GACCTGGCAACACCTA,0,0,0
ECO1_PBMC_cell_TCACAAGGTCTTGCGG,0,0,0
ECO1_PBMC_cell_TGCCAAACATCGGACC,0,0,0
ECO1_PBMC_cell_CTGGTCTGTTTAAGCC,0,0,0
ECO1_PBMC_cell_GACCAATTCACCGTAA,0,0,0
ECO1_PBMC_cell_GCAATCAAGCGATAGC,0,0,0
ECO1_PBMC_cell_CTAATGGCAAACAACA,0,0,0
ECO1_PBMC_cell_TGTTCCGCATTGAGCT,0,0,0
ECO1_PBMC_cell_GTGCAGCAGCACGCCT,0,0,0
ECO1_PBMC_cell_GACCTGGAGCCAGAAC,0,0,0
ECO1_PBMC_cell_ACTGTCCAGGACAGAA,0,0,0
ECO1_PBMC_cell_GGCTGGTGTCTGGTCG,0,0,0
ECO1_PBMC_cell_CATCGGGTCGGATGGA,0,0,0
ECO1_PBMC_cell_CGAATGTCAAGGACTG,0,0,0
ECO1_PBMC_cell_TGCACCTGTGGCAAAC,0,0,0
ECO1_PBMC_cell_GACAGAGTCTACGAGT,0,0,0
ECO1_PBMC_cell_TAGTGGTTCAGCACAT,0,0,0
ECO1_PBMC_cell_GAATAAGAGCAGCGTA,0,0,0
ECO1_PBMC_cell_CTACATTAGGTGACCA,0,0,0
ECO1_PBMC_cell_AGAGTGGGTCATGCAT,0,0,0
ECO1_PBMC_cell_CAGTAACGTGTGCCTG,0,0,0
ECO1_PBMC_cell_GTCGGGTAGCTAGTCT,0,0,0
ECO1_PBMC_cell_CCTACCACAATAGCGG,0,0,0
ECO1_PBMC_cell_GTCACGGCATGCCTTC,0,0,0
ECO1_PBMC_cell_TGTTCCGAGACTGGGT,0,0,0
ECO1_PBMC_cell_TCTGGAAAGCCATCGC,0,0,0
ECO1_PBMC_cell_CAGCTAATCCGCATAA,0,0,0
ECO1_PBMC_cell_GTCCTCACACAACGCC,0,0,0
ECO1_PBMC_cell_GGGCATCAGTACGTTC,0,0,0
ECO1_PBMC_cell_CGTCTACCAATGGACG,0,0,0
ECO1_PBMC_cell_AATCCAGTCTGTCTCG,0,0,0
ECO1_PBMC_cell_GTTCATTAGAAGGACA,0,0,0
ECO1_PBMC_cell_CTCGAGGTCTTTCCTC,0,0,0
ECO1_PBMC_cell_GGTGTTATCCTGTAGA,0,0,0
ECO1_PBMC_cell_TCTGAGAGTGATGCCC,0,0,0
ECO1_PBMC_cell_AGTCTTTTCGCTTAGA,0,0,0
ECO1_PBMC_cell_TAGTGGTTCATCTGTT,0,0,0
ECO1_PBMC_cell_CATGCCTTCAGTTCGA,0,0,0
ECO1_PBMC_cell_TTGACTTTCACAGTAC,0,0,0
ECO1_PBMC_cell_TGAAAGAAGGGCTTGA,0,0,0
ECO1_PBMC_cell_GTGCAGCAGGCCATAG,0,0,0
ECO1_PBMC_cell_GCGACCATCTGGTTCC,0,0,0
ECO1_PBMC_cell_GACTACACATCGGGTC,0,0,0
ECO1_PBMC_cell_TTGAACGTCCTGCAGG,0,0,0
ECO1_PBMC_cell_CAGCTAAGTTGTCGCG,0,0,0
ECO1_PBMC_cell_GCTTCCACATCTCGCT,0,0,0
ECO1_PBMC_cell_ACATGGTGTCGCATAT,0,0,0
ECO1_PBMC_cell_AAGGTTCGTTACGGAG,0,0,0
ECO1_PBMC_cell_TAAGCGTTCTCTGAGA,0,0,0
ECO1_PBMC_cell_CGGACACTCATACGGT,0,0,0
ECO1_PBMC_cell_AATCGGTTCGGTTCGG,0,0,0
ECO1_PBMC_cell_CCAGCGATCTATCCCG,0,0,0
ECO1_PBMC_cell_ATTGGACCACCTTGTC,0,0,0
ECO1_PBMC_cell_CTACGTCGTTCCAACA,0,0,0
ECO1_PBMC_cell_CCTATTATCGTAGGTT,0,0,0
ECO1_PBMC_cell_GTAACGTCAAGCCGTC,0,0,0
ECO1_PBMC_cell_CATATTCTCCGAATGT,0,0,0
ECO1_PBMC_cell_ACGGGTCGTAAGGGAA,0,0,0
ECO1_PBMC_cell_AAGGCAGCACCCATGG,0,0,0
ECO1_PBMC_cell_GCACATACATTACGAC,0,0,0
ECO1_PBMC_cell_TAAACCGAGATGTGGC,0,0,0
ECO1_PBMC_cell_CTACACCCATCCAACA,0,0,0
ECO1_PBMC_cell_CGCGTTTTCATCTGCC,0,0,0
ECO1_PBMC_cell_CTCTAATTCGGCCGAT,0,0,0
ECO1_PBMC_cell_GGTGCGTGTGAGTATA,0,0,0
ECO1_PBMC_cell_CACAGGCGTTCCTCCA,0,0,0
ECO1_PBMC_cell_ACGGAGACACGTAAGG,0,0,0
ECO1_PBMC_cell_TGACAACAGGGAAACA,0,0,0
ECO1_PBMC_cell_CTTAGGAGTGCTAGCC,0,0,0
ECO1_PBMC_cell_ACTGCTCTCAGAGACG,0,0,0
ECO1_PBMC_cell_GAACGGAAGAGGTAGA,0,0,0
ECO1_PBMC_cell_GAAGCAGAGTGTCCCG,0,0,0
ECO1_PBMC_cell_ACAGCTAAGACACTAA,0,0,0
ECO1_PBMC_cell_CACACAACATGCAACT,0,0,0
ECO1_PBMC_cell_TGCGGGTGTTTAGGAA,0,0,0
ECO1_PBMC_cell_TGCCCATCAACACCCG,0,0,0
ECO1_PBMC_cell_CAAGAAATCTGCGTAA,0,0,0
ECO1_PBMC_cell_TTAGGACAGTGGTAAT,0,0,0
ECO1_PBMC_cell_CGAATGTAGCTAAGAT,0,0,0
ECO1_PBMC_cell_TGAGGGACACGTCAGC,0,0,0
ECO1_PBMC_cell_AGGGTGACATTGGTAC,0,0,0
ECO1_PBMC_cell_ACTGAACTCAGTGTTG,0,0,0
ECO1_PBMC_cell_AATCGGTCACCAGTTA,0,0,0
ECO1_PBMC_cell_AGCTCTCCATCGATGT,0,0,0
ECO1_PBMC_cell_ACGATGTTCTGCGTAA,0,0,0
ECO1_PBMC_cell_GTGTGCGTCAAACCGT,0,0,0
ECO1_PBMC_cell_TTCTTAGCATGCCCGA,0,0,0
ECO1_PBMC_cell_GCTGCAGCAAGACACG,0,0,0
ECO1_PBMC_cell_TTTGCGCAGAGTGACC,0,0,0
ECO1_PBMC_cell_CTCCTAGGTTGATTGC,0,0,0
ECO1_PBMC_cell_CACCTTGAGAAACCGC,0,0,0
ECO1_PBMC_cell_AGTGTCAAGGTGACCA,0,0,0
ECO1_PBMC_cell_CAGAATCTCCAGAGGA,0,0,0
ECO1_PBMC_cell_GAGTCCGGTATGCTTG,0,0,0
ECO1_PBMC_cell_CTGAAACGTCCGTTAA,0,0,0
ECO1_PBMC_cell_TAGTTGGGTAGATTAG,0,0,0
ECO1_PBMC_cell_ATTGGACCACAGGCCT,0,0,0
ECO1_PBMC_cell_CAACCTCAGCCACTAT,0,0,0
ECO1_PBMC_cell_TGGGCGTCAGACGCTC,0,0,0
ECO1_PBMC_cell_GAAGCAGGTGCGAAAC,0,0,0
ECO1_PBMC_cell_TGCTGCTGTAGCTTGT,0,0,0
ECO1_PBMC_cell_GGCCGATGTCCAGTAT,0,0,0
ECO1_PBMC_cell_CAGTCCTCACTTAAGC,0,0,0
ECO1_PBMC_cell_TCATTACCATCGGGTC,0,0,0
ECO1_PBMC_cell_CCTCTGACAAATACAG,0,0,0
ECO1_PBMC_cell_CTGTGCTAGGATCGCA,0,0,0
ECO1_PBMC_cell_CTGTTTAAGGTACTCT,0,0,0
ECO1_PBMC_cell_TTCTCCTGTAAATGAC,0,0,0
ECO1_PBMC_cell_CGAACATGTATAATGG,0,0,0
ECO1_PBMC_cell_GTCACAACACCCTATC,0,0,0
ECO1_PBMC_cell_TCATTTGCACTGTGTA,0,0,0
ECO1_PBMC_cell_GCCTCTAAGTTCGATC,0,0,0
ECO1_PBMC_cell_CACACCTCAATCTACG,0,0,0
ECO1_PBMC_cell_GGGAATGTCGGTGTTA,0,0,0
ECO1_PBMC_cell_TGAGAGGAGGGCTTGA,0,0,0
ECO1_PBMC_cell_GGGCATCCACTTCTGC,0,0,0
ECO1_PBMC_cell_GAACGGACACCTATCC,0,0,0
ECO1_PBMC_cell_GACCTGGCAGACACTT,0,0,0
ECO1_PBMC_cell_TTTACTGAGAGACTTA,0,0,0
ECO1_PBMC_cell_TGAAAGAGTACCGTAT,0,0,0
ECO1_PBMC_cell_AAAGCAAAGATCCTGT,0,0,0
ECO1_PBMC_cell_GTAACGTTCAGTCAGT,0,0,0
ECO1_PBMC_cell_AGAATAGGTGAGGCTA,0,0,0
ECO1_PBMC_cell_CCTTTCTTCTAACTCT,0,0,0
ECO1_PBMC_cell_CTTGGCTGTCGCGAAA,0,0,0
ECO1_PBMC_cell_GCTTGAAAGGCTCAGA,0,0,0
ECO1_PBMC_cell_ACACCCTCACCCTATC,0,0,0
ECO1_PBMC_cell_TAAGAGATCTGTCAAG,0,0,0
ECO1_PBMC_cell_CCGTGGAAGCTGCAAG,0,0,0
ECO1_PBMC_cell_TTCTCAACAAGACACG,0,0,0
ECO1_PBMC_cell_CTACGTCCAGATCCAT,0,0,0
ECO1_PBMC_cell_AAGACCTTCTGCAGTA,0,0,1
ECO1_PBMC_cell_ACCGTAAGTCCGAATT,0,0,0
ECO1_PBMC_cell_TCCACACTCCGCAGTG,0,0,0
ECO1_PBMC_cell_CTGAAGTAGTGAAGTT,0,0,0
ECO1_PBMC_cell_CGCTATCAGTGTACTC,0,0,0
ECO1_PBMC_cell_ATTCTACCAAGCCCAC,0,0,0
ECO1_PBMC_cell_GGCCGATTCTGGTGTA,0,0,0
ECO1_PBMC_cell_TCGTACCAGGGCTTCC,0,0,0
ECO1_PBMC_cell_GATGAAATCCAGATCA,0,0,0
ECO1_PBMC_cell_GCATGATAGATAGGAG,0,0,0
ECO1_PBMC_cell_ACACCCTAGCAATATG,0,0,0
ECO1_PBMC_cell_TAGGCATTCAACGAAA,0,0,0
ECO1_PBMC_cell_ATAACGCAGGCAAAGA,0,0,0
ECO1_PBMC_cell_GGCGACTTCAACACAC,0,0,0
ECO1_PBMC_cell_CTAGTGAGTCACACGC,0,0,0
ECO1_PBMC_cell_CCTTACGTCCTATTCA,0,0,0
ECO1_PBMC_cell_GTAGTCAGTCTGGAGA,0,0,0
ECO1_PBMC_cell_AAGGCAGAGGAGTACC,0,0,0
ECO1_PBMC_cell_TGCGTGGGTCTAGCCG,0,0,0
ECO1_PBMC_cell_AGACGTTAGGACCACA,0,0,0
ECO1_PBMC_cell_GACTACATCGTGGACC,0,0,0
ECO1_PBMC_cell_TTAGGCACAGTTTACG,0,0,0
ECO1_PBMC_cell_CAAGTTGGTATCAGTC,0,0,0
ECO1_PBMC_cell_ACGATGTCATAACCTG,0,0,0
ECO1_PBMC_cell_CGATGTATCTTTACAC,0,0,0
ECO1_PBMC_cell_CTAGCCTGTCATATGC,0,0,0
ECO1_PBMC_cell_GGCTGGTGTCCGTGAC,0,0,0
ECO1_PBMC_cell_ACTATCTAGTCACGCC,0,0,0
ECO1_PBMC_cell_CAGTCCTTCATGCATG,0,0,0
ECO1_PBMC_cell_GTTACAGCAGGTCGTC,0,0,0
ECO1_PBMC_cell_GTCGTAATCCCTAATT,0,0,0
ECO1_PBMC_cell_GGGAATGTCTTACCTA,0,0,0
ECO1_PBMC_cell_TCGCGAGTCTGAAAGA,0,0,0
ECO1_PBMC_cell_CAGTCCTCATCGATGT,0,0,0
ECO1_PBMC_cell_TTATGCTCAGGGAGAG,0,0,0
ECO1_PBMC_cell_AACTGGTTCACATAGC,0,0,0
ECO1_PBMC_cell_CTGCTGTGTAGATTAG,0,0,0
ECO1_PBMC_cell_GCGCGATCATGTCCTC,0,0,0
ECO1_PBMC_cell_GTGTGCGTCTTAGAGC,0,0,0
ECO1_PBMC_cell_TGACAACAGAAGGGTA,0,0,0
ECO1_PBMC_cell_CAAGGCCGTCCAGTAT,0,0,0
ECO1_PBMC_cell_AACTCCCGTCGGCACT,0,0,0
ECO1_PBMC_cell_AGATCTGGTTGAGGTG,0,0,0
ECO1_PBMC_cell_TCCCGATTCACCACCT,0,0,0
ECO1_PBMC_cell_TTCTTAGTCGCGCCAA,0,0,0
ECO1_PBMC_cell_CTAGCCTCATCCCATC,0,0,0
ECO1_PBMC_cell_CGAGCACTCTCCGGTT,0,0,0
ECO1_PBMC_cell_AGATCTGAGTACGACG,0,0,0
ECO1_PBMC_cell_CTGGTCTCAGCGTAAG,0,0,0
ECO1_PBMC_cell_TCGGTAACATCCTTGC,0,0,0
ECO1_PBMC_cell_GAATGAAGTGATGTGG,0,0,0
ECO1_PBMC_cell_CGGACGTGTAGCCTCG,0,0,0
ECO1_PBMC_cell_AACCGCGCAGCTGGCT,0,0,0
ECO1_PBMC_cell_ACCCACTTCAGGATCT,0,0,0
ECO1_PBMC_cell_GATCGTATCGGTCTAA,0,0,0
ECO1_PBMC_cell_TTATGCTCATTTGCCC,0,0,0
ECO1_PBMC_cell_CCTTTCTAGGTAGCTG,0,0,0
ECO1_PBMC_cell_CATGACATCGTGGACC,0,0,0
ECO1_PBMC_cell_CCGTACTCAGTTTACG,0,0,0
ECO1_PBMC_cell_GGCCGATCAGGGATTG,0,0,0
ECO1_PBMC_cell_AGAATAGAGTGTGGCA,0,0,0
ECO1_PBMC_cell_CGTTCTGGTTACTGAC,0,0,0
ECO1_PBMC_cell_CTCGGAGAGAGTGACC,0,0,0
ECO1_PBMC_cell_AGATCTGCACTGTGTA,0,0,0
ECO1_PBMC_cell_ACATACGTCCGGGTGT,0,0,0
ECO1_PBMC_cell_CTCAGAATCGTTACGA,0,0,0
ECO1_PBMC_cell_CGGACGTTCCTGCCAT,0,0,0
ECO1_PBMC_cell_GAATGAACATGGGACA,0,0,0
ECO1_PBMC_cell_ACATCAGTCGAATGCT,0,0,0
ECO1_PBMC_cell_TCAGGTACACAGAGGT,0,0,0
ECO1_PBMC_cell_CATATTCTCAACGGGA,0,0,0
ECO1_PBMC_cell_TTTATGCCAGCGATCC,0,0,0
ECO1_PBMC_cell_GTGCATACATGGTTGT,0,0,0
ECO1_PBMC_cell_CAGAGAGGTGACCAAG,0,0,0
ECO1_PBMC_cell_GGGTCTGAGCGCCTTG,0,0,0
ECO1_PBMC_cell_TCATTACCAACTTGAC,0,0,0
ECO1_PBMC_cell_TTAGGACAGTGTTAGA,0,0,0
ECO1_PBMC_cell_CTAACTTGTCCCGACA,0,0,0
ECO1_PBMC_cell_TCAGGTAAGTATCTCG,0,0,0
ECO1_PBMC_cell_TTGGAACTCTTGGGTA,0,0,0
ECO1_PBMC_cell_TACTCGCAGGCGTACA,0,0,0
ECO1_PBMC_cell_ACTGTCCTCTTAACCT,0,0,0
ECO1_PBMC_cell_CTGCTGTGTAGTACCT,0,0,0
ECO1_PBMC_cell_TGTATTCGTAAATGTG,0,0,0
ECO1_PBMC_cell_GCACATATCTGCTTGC,0,0,0
ECO1_PBMC_cell_ACCGTAAAGACTGTAA,0,0,0
ECO1_PBMC_cell_ATAACGCAGATCTGAA,0,0,0
ECO1_PBMC_cell_AAGACCTGTATCACCA,0,0,0
ECO1_PBMC_cell_TACTTGTGTCGTGGCT,0,0,0
ECO1_PBMC_cell_CTAATGGCACCTATCC,0,0,0
ECO1_PBMC_cell_TTTACTGTCTTGACGA,0,0,0
ECO1_PBMC_cell_CCACTACCAAGTCTAC,0,0,0
ECO1_PBMC_cell_GCAATCAGTACATGTC,0,0,0
ECO1_PBMC_cell_GGGTCTGTCCTTGGTC,0,0,0
ECO1_PBMC_cell_CATGGCGGTTCACGGC,0,0,0
ECO1_PBMC_cell_CTCGAAACATTGGCGC,0,0,0
ECO1_PBMC_cell_ACTTGTTAGTAACCCT,0,0,0
ECO1_PBMC_cell_GTTTCTATCAATAAGG,0,0,0
ECO1_PBMC_cell_CTCATTACAATCGAAA,0,0,0
ECO1_PBMC_cell_TACTTACCAGTAAGCG,0,0,0
ECO1_PBMC_cell_GGCCGATTCCGCGGTA,0,0,0
ECO1_PBMC_cell_ATTCTACAGAAGGTGA,0,0,0
ECO1_PBMC_cell_AACTCTTAGAGTCTGG,0,0,0
ECO1_PBMC_cell_GCTTGAAGTAAGGATT,0,0,0
ECO1_PBMC_cell_CGTCACTTCCCAGGTG,0,0,0
ECO1_PBMC_cell_TACTCATAGTATGACA,0,0,0
ECO1_PBMC_cell_CATATTCGTCGCTTTC,0,0,0
ECO1_PBMC_cell_GCAATCAAGCGTGTCC,0,0,0
ECO1_PBMC_cell_CACATAGTCCTCGCAT,0,0,0
ECO1_PBMC_cell_AACCATGCACGAAAGC,0,0,0
ECO1_PBMC_cell_ATGCGATCATGGGACA,0,0,0
ECO1_PBMC_cell_GCATACAGTGAAGGCT,0,0,0
ECO1_PBMC_cell_GCTCCTAAGACTGGGT,0,0,0
ECO1_PBMC_cell_ATCGAGTGTATAGGGC,0,0,0
ECO1_PBMC_cell_CTGGTCTGTGAACCTT,0,0,0
ECO1_PBMC_cell_ATAACGCAGCCCGAAA,0,0,0
ECO1_PBMC_cell_ACCCACTGTCCGTTAA,0,0,0
ECO1_PBMC_cell_GTCACAAAGGCAGGTT,0,0,0
ECO1_PBMC_cell_AGGTCCGAGCATGGCA,0,0,0
ECO1_PBMC_cell_GACGGCTTCTGCCAGG,0,0,0
ECO1_PBMC_cell_TTCGGTCTCTTGCCGT,0,0,0
ECO1_PBMC_cell_TAGGCATGTCCATCCT,0,0,0
ECO1_PBMC_cell_GTTTCTAAGCGGATCA,0,0,0
ECO1_PBMC_cell_GGCGTGTGTAGGAGTC,0,0,0
ECO1_PBMC_cell_TAGTGGTCAAAGCAAT,0,0,0
ECO1_PBMC_cell_CATTCGCTCGGTCCGA,0,0,0
ECO1_PBMC_cell_CCACGGACACTGTCGG,0,0,0
ECO1_PBMC_cell_GCTGCAGTCTTCCTTC,0,0,0
ECO1_PBMC_cell_ATAACGCAGGACTGGT,0,0,0
ECO1_PBMC_cell_CCTTACGTCGTAGATC,0,0,0
ECO1_PBMC_cell_TCAGATGTCCCTTGCA,0,0,0
ECO1_PBMC_cell_CTCGAGGCAGGACGTA,0,0,0
ECO1_PBMC_cell_AAGGCAGAGGGTCGAT,0,0,0
ECO1_PBMC_cell_CGAATGTTCGCTAGCG,0,0,0
ECO1_PBMC_cell_CGGAGTCTCTGCAAGT,0,0,0
ECO1_PBMC_cell_CTTTGCGAGTCGTACT,0,0,0
ECO1_PBMC_cell_TTTGCGCCATCCGGGT,0,0,0
ECO1_PBMC_cell_AGCTCTCCATGCCTTC,0,0,0
ECO1_PBMC_cell_TGATTTCTCCGTCAAA,0,0,0
ECO1_PBMC_cell_TACTTACAGCGTGAAC,0,0,0
ECO1_PBMC_cell_TAAGCGTGTAGATTAG,0,0,0
ECO1_PBMC_cell_GTGGGTCTCCCTAACC,0,0,0
ECO1_PBMC_cell_TTTACTGGTAGCTCCG,0,0,0
ECO1_PBMC_cell_AGATTGCAGTAGCGGT,0,0,0
ECO1_PBMC_cell_TGCGCAGCACTGAAGG,0,0,0
ECO1_PBMC_cell_ATAAGAGAGAGCTATA,0,0,0
ECO1_PBMC_cell_AGGGATGTCTCGATGA,0,0,0
ECO1_PBMC_cell_GTAACTGGTTGGTAAA,0,0,0
ECO1_PBMC_cell_AGAGTGGGTCCGAAGA,0,0,0
ECO1_PBMC_cell_CGCTATCAGTTTGCGT,0,0,0
ECO1_PBMC_cell_CCCAATCTCCTTCAAT,0,0,0
ECO1_PBMC_cell_GCTGCAGAGATGAGAG,0,0,0
ECO1_PBMC_cell_GCTCTGTCATTAGCCA,0,0,0
ECO1_PBMC_cell_CAACCTCCATTTCACT,0,0,0
ECO1_PBMC_cell_GTCACAACAAGCCATT,0,0,0
ECO1_PBMC_cell_CTGAAACTCCGCGTTT,0,0,0
ECO1_PBMC_cell_GTGTGCGAGGACACCA,0,0,0
ECO1_PBMC_cell_CGCTTCAAGACTTTCG,0,0,0
ECO1_PBMC_cell_GAGTCCGCAAAGAATC,0,0,0
ECO1_PBMC_cell_GAACGGACAGCGAACA,0,0,0
ECO1_PBMC_cell_TGACTAGGTCTTGCGG,0,0,0
ECO1_PBMC_cell_CCGGTAGCATCACGTA,0,0,0
ECO1_PBMC_cell_TCAGCAATCATCATTC,0,0,0
ECO1_PBMC_cell_GATGAAAAGATGTAAC,0,0,0
ECO1_PBMC_cell_ATGGGAGGTGATGTGG,0,0,0
ECO1_PBMC_cell_GGGATGAAGGGCATGT,0,0,0
ECO1_PBMC_cell_CGGACACAGAGTACCG,0,0,0
ECO1_PBMC_cell_CCCAGTTTCATGTCCC,0,0,0
ECO1_PBMC_cell_GGACAAGCAGCTGCTG,0,0,0
ECO1_PBMC_cell_TTCCCAGAGTACCGGA,0,0,0
ECO1_PBMC_cell_TTAGTTCAGATCTGCT,0,0,0
ECO1_PBMC_cell_CAGGTGCAGTAGGCCA,0,0,0
ECO1_PBMC_cell_GCATGCGAGATGCCTT,0,0,0
ECO1_PBMC_cell_GGGAGATAGTATCGAA,0,0,0
ECO1_PBMC_cell_GATCTAGTCAAGGCTT,0,0,0
ECO1_PBMC_cell_TATCTCAAGGCTCATT,0,0,0
ECO1_PBMC_cell_CGAGAAGTCCCATTAT,0,0,0
ECO1_PBMC_cell_GTTCATTTCCAGTAGT,0,0,0
ECO1_PBMC_cell_CGCGGTAAGGGAAACA,0,0,0
ECO1_PBMC_cell_TGGGCGTCACGTCAGC,0,0,0
ECO1_PBMC_cell_TGAGGGATCTGCGTAA,0,0,0
ECO1_PBMC_cell_GGCTCGACAAACAACA,0,0,0
ECO1_PBMC_cell_CTCGTCAAGTACTTGC,0,0,0
ECO1_PBMC_cell_AGCTCCTAGCACCGCT,0,0,0
ECO1_PBMC_cell_AGAGCTTCAAATACAG,0,0,0
ECO1_PBMC_cell_CACCTTGCAGCTCGCA,0,0,0
ECO1_PBMC_cell_TTTATGCTCTGGTTCC,0,0,0
ECO1_PBMC_cell_GACTAACGTACTTAGC,0,0,0
ECO1_PBMC_cell_GAATGAAGTTGTTTGG,0,0,0
ECO1_PBMC_cell_GTTAAGCAGACGCAAC,0,0,0
ECO1_PBMC_cell_CGAACATTCTTCAACT,0,0,0
ECO1_PBMC_cell_ATCGAGTAGGAGTCTG,0,0,0
ECO1_PBMC_cell_CGAGCACCATACGCTA,0,0,0
ECO1_PBMC_cell_CTCGAGGGTCTTGTCC,0,0,0
ECO1_PBMC_cell_GGCGTGTCACAGCCCA,0,0,0
ECO1_PBMC_cell_GTAGTCATCCGTTGTC,0,0,0
ECO1_PBMC_cell_CCTTACGCATCCCATC,0,0,0
ECO1_PBMC_cell_ACACTGAAGGCTCTTA,0,0,0
ECO1_PBMC_cell_TTCGAAGAGTAAGTAC,0,0,0
ECO1_PBMC_cell_TACGGGCCATGGATGG,0,0,0
ECO1_PBMC_cell_AACTGGTTCGTTACGA,0,0,0
ECO1_PBMC_cell_TATCAGGCATCTCCCA,0,0,0
ECO1_PBMC_cell_CGGAGTCGTATGCTTG,0,0,0
ECO1_PBMC_cell_GTTCTCGGTTAGGGTG,0,0,0
ECO1_PBMC_cell_ACGGAGACAATGGAAT,0,0,0
ECO1_PBMC_cell_CCTCAGTCATTCCTGC,0,0,0
ECO1_PBMC_cell_ACGAGGACATAGAAAC,0,0,0
ECO1_PBMC_cell_CCTAAAGTCCTTAATC,0,0,0
ECO1_PBMC_cell_ACAGCCGAGGGCTTGA,0,0,0
ECO1_PBMC_cell_GGCGACTTCCGTCAAA,0,0,0
ECO1_PBMC_cell_CGATGGCCACGAGGTA,0,0,0
ECO1_PBMC_cell_GGCAATTAGCGTGAAC,0,0,0
ECO1_PBMC_cell_TTGCCGTTCGGAGCAA,0,0,0
ECO1_PBMC_cell_CGTCTACAGTGGCACA,0,0,0
ECO1_PBMC_cell_ATAGACCAGTCTTGCA,0,0,0
ECO1_PBMC_cell_ACATCAGCAACCGCCA,0,0,0
ECO1_PBMC_cell_ACACTGACAGCTGCTG,0,0,0
ECO1_PBMC_cell_AGAGTGGTCCAGAAGG,0,0,0
ECO1_PBMC_cell_GCAATCAAGTCATGCT,0,0,0
ECO1_PBMC_cell_GGCGACTTCCCAACGG,0,0,0
ECO1_PBMC_cell_ACGCAGCTCCTGCCAT,0,0,0
ECO1_PBMC_cell_CGGACTGCAGTGAGTG,0,0,0
ECO1_PBMC_cell_AATCGGTTCAACGGCC,0,0,0
ECO1_PBMC_cell_CACACAAGTAAACCTC,0,0,0
ECO1_PBMC_cell_TAGTTGGCATTCGACA,0,0,0
ECO1_PBMC_cell_CAGGTGCGTCCAGTTA,0,0,0
ECO1_PBMC_cell_GTGGGTCAGTACCGGA,0,0,0
ECO1_PBMC_cell_TCAACGACAGTGGAGT,0,0,0
ECO1_PBMC_cell_CAGCTGGGTTAAGATG,0,0,0
ECO1_PBMC_cell_TTCGAAGTCTGCAAGT,0,0,0
ECO1_PBMC_cell_GCGCGATGTCGGCATC,0,0,0
ECO1_PBMC_cell_CAAGGCCGTGCCTGCA,0,0,0
ECO1_PBMC_cell_TTTACTGCATTACGAC,0,0,0
ECO1_PBMC_cell_ACATGGTCACATTAGC,0,0,0
ECO1_PBMC_cell_TACCTTAGTGAGGGAG,0,0,0
ECO1_PBMC_cell_GCGCAGTTCTACCAGA,0,0,0
ECO1_PBMC_cell_CGGACTGGTTTAGCTG,0,0,0
ECO1_PBMC_cell_ACACTGATCTATCCCG,0,0,0
ECO1_PBMC_cell_AGGTCATAGGACACCA,0,0,0
ECO1_PBMC_cell_GCGCCAACATAGACTC,0,0,0
ECO1_PBMC_cell_TTGACTTCAATCAGAA,0,0,0
ECO1_PBMC_cell_CGGCTAGTCAAACAAG,0,0,0
ECO1_PBMC_cell_AACTCCCTCACCACCT,0,0,0
ECO1_PBMC_cell_GCTCCTAAGAAACCAT,0,0,0
ECO1_PBMC_cell_TAAACCGGTCTCTCTG,0,0,0
ECO1_PBMC_cell_CACCAGGCATAAGACA,0,0,0
ECO1_PBMC_cell_CACTCCAAGATACACA,0,0,0
ECO1_PBMC_cell_ATAAGAGAGCTAGTCT,0,0,0
ECO1_PBMC_cell_TGTGTTTTCTTCAACT,0,0,0
ECO1_PBMC_cell_ATCATGGAGACGCTTT,0,0,0
ECO1_PBMC_cell_CAAGAAATCACTTACT,0,0,0
ECO1_PBMC_cell_ACACCAATCGTCACGG,0,0,0
ECO1_PBMC_cell_TGCTGCTTCCATGAGT,0,0,0
ECO1_PBMC_cell_TTTATGCGTCACCCAG,0,0,0
ECO1_PBMC_cell_TTTGGTTCACAACTGT,0,0,0
ECO1_PBMC_cell_TAAGTGCCAATCAGAA,0,0,0
ECO1_PBMC_cell_TGAGCCGAGCAGGTCA,0,0,0
ECO1_PBMC_cell_TGGTTCCGTCTCGTTC,0,0,0
ECO1_PBMC_cell_ATCATCTTCATCGGAT,0,0,0
ECO1_PBMC_cell_CAGTCCTGTGAGGGAG,0,0,0
ECO1_PBMC_cell_ATAACGCCACTGTCGG,0,0,0
ECO1_PBMC_cell_AGACGTTCACGGTAGA,0,0,0
ECO1_PBMC_cell_CTCCTAGCATCGGTTA,0,0,0
ECO1_PBMC_cell_AGTTGGTAGTTAACGA,0,0,0
ECO1_PBMC_cell_TGCACCTGTAAACACA,0,0,0
ECO1_PBMC_cell_GTGGGTCAGTCGTACT,0,0,0
ECO1_PBMC_cell_AAAGTAGCATGGGACA,0,0,0
ECO1_PBMC_cell_AGCTCCTGTTGGTTTG,0,0,0
ECO1_PBMC_cell_GGGTTGCGTAAACACA,0,0,0
ECO1_PBMC_cell_CGGTTAACACCAACCG,0,0,0
ECO1_PBMC_cell_AGACGTTGTGAGTGAC,0,0,0
ECO1_PBMC_cell_ACCGTAACAGATCGGA,0,0,0
ECO1_PBMC_cell_ACGTCAAGTACTCTCC,0,0,0
ECO1_PBMC_cell_CACTCCATCTAAGCCA,0,0,0
ECO1_PBMC_cell_GTAGGCCAGCGACGTA,0,0,0
ECO1_PBMC_cell_CTCGTACCACGGATAG,0,0,0
ECO1_PBMC_cell_TGACGGCTCTACTATC,0,0,0
ECO1_PBMC_cell_GTCATTTGTATGAAAC,0,0,0
ECO1_PBMC_cell_AGCTCCTCAAGGTTTC,0,0,0
ECO1_PBMC_cell_CCTCAGTGTCATGCCG,0,0,0
ECO1_PBMC_cell_GTCATTTGTCAAAGCG,0,0,0
ECO1_PBMC_cell_GATGCTAAGCATCATC,0,0,0
ECO1_PBMC_cell_ACATCAGAGTACGCGA,0,0,0
ECO1_PBMC_cell_GGATTACGTGGGTCAA,0,0,0
ECO1_PBMC_cell_CCGGGATCAGCTGCAC,0,0,0
ECO1_PBMC_cell_GCGCCAACACACGCTG,0,0,0
ECO1_PBMC_cell_CGATTGAGTCAAAGCG,0,0,0
ECO1_PBMC_cell_TCTCTAACAGGATTGG,0,0,0
ECO1_PBMC_cell_CTGCTGTTCCGTAGTA,0,0,0
ECO1_PBMC_cell_CGGACACGTCATTAGC,0,0,0
ECO1_PBMC_cell_TAAACCGAGATCGGGT,0,0,0
ECO1_PBMC_cell_CCCAGTTCACGTCTCT,0,0,0
ECO1_PBMC_cell_GGGTTGCGTCGCCATG,0,0,0
ECO1_PBMC_cell_CAACCTCCATCGGGTC,0,0,0
ECO1_PBMC_cell_CCGGGATGTGAGTGAC,0,0,0
ECO1_PBMC_cell_TCGTAGAAGGCGACAT,0,0,0
ECO1_PBMC_cell_CGTCTACCAATGCCAT,0,0,0
ECO1_PBMC_cell_GCTGCGAGTTCTCATT,0,0,0
ECO1_PBMC_cell_GGGAATGCACAGGTTT,0,0,0
ECO1_PBMC_cell_TATTACCCAACCGCCA,0,0,0
ECO1_PBMC_cell_TGTGGTACATGCCTTC,0,0,0
ECO1_PBMC_cell_CGGAGCTTCAGCTTAG,0,0,0
ECO1_PBMC_cell_ACCTTTATCATGCATG,0,0,0
ECO1_PBMC_cell_TTCTTAGGTTTAGCTG,0,0,0
ECO1_PBMC_cell_TCGCGAGCATTGGGCC,0,0,0
ECO1_PBMC_cell_CTTCTCTGTAGAGGAA,0,0,0
ECO1_PBMC_cell_GACCTGGCAAGGACTG,0,0,0
ECO1_PBMC_cell_CTTACCGAGTCCAGGA,0,0,0
ECO1_PBMC_cell_AGGGAGTAGGGATGGG,0,0,0
ECO1_PBMC_cell_CTTACCGAGGCCATAG,0,0,0
ECO1_PBMC_cell_CGTCCATAGGATGGTC,0,0,0
ECO1_PBMC_cell_GGCTGGTTCAGGATCT,0,0,0
ECO1_PBMC_cell_CGTAGCGTCGTAGGAG,0,0,0
ECO1_PBMC_cell_ACGAGGAGTACAGTTC,0,0,0
ECO1_PBMC_cell_ACAGCTAGTTGAACTC,0,0,0
ECO1_PBMC_cell_GGGTCTGTCCACGCAG,0,0,0
ECO1_PBMC_cell_ACTGATGAGATCCCGC,0,0,0
ECO1_PBMC_cell_TATTACCCATGATCCA,0,0,0
ECO1_PBMC_cell_TGTGGTATCAGAAATG,0,0,0
ECO1_PBMC_cell_GCGGGTTCATGGAATA,0,0,0
ECO1_PBMC_cell_TCGCGAGCACAGCGTC,0,0,0
ECO1_PBMC_cell_CACATTTTCTACCAGA,0,0,0
ECO1_PBMC_cell_TCAGGATAGCCAGGAT,0,0,0
ECO1_PBMC_cell_GTCGGGTAGGAATTAC,0,0,0
ECO1_PBMC_cell_TCGAGGCTCTGAGGGA,0,0,0
ECO1_PBMC_cell_TGACTAGTCTTGCATT,0,0,0
ECO1_PBMC_cell_CTGCCTACATTACCTT,0,0,0
ECO1_PBMC_cell_TGTTCCGGTTGGACCC,0,0,0
ECO1_PBMC_cell_CCTTTCTAGAATAGGG,0,0,0
ECO1_PBMC_cell_AAAGCAACAAGAAAGG,0,0,0
ECO1_PBMC_cell_GTGCTTCGTTAGATGA,0,0,0
ECO1_PBMC_cell_CTCTACGGTAGCGTGA,0,0,0
ECO1_PBMC_cell_TGAGCCGCATGGTCTA,0,0,0
ECO1_PBMC_cell_GGAATAAAGAGTAATC,0,0,0
ECO1_PBMC_cell_CGCGGTAGTTATCCGA,0,0,0
ECO1_PBMC_cell_CACAGGCAGCCCAGCT,0,0,0
ECO1_PBMC_cell_CCTTTCTAGATGAGAG,0,0,0
ECO1_PBMC_cell_CTTACCGCATTGAGCT,0,0,0
ECO1_PBMC_cell_AGAGCTTCACGCCAGT,0,0,0
ECO1_PBMC_cell_TTGAACGTCACAGTAC,0,0,0
ECO1_PBMC_cell_AGGTCATGTCTACCTC,0,0,0
ECO1_PBMC_cell_GAAGCAGCAGATCCAT,0,0,0
ECO1_PBMC_cell_AGCATACGTAAATGAC,0,0,0
ECO1_PBMC_cell_TTGACTTTCGGCTTGG,0,0,0
ECO1_PBMC_cell_TGAGGGAGTCGCCATG,0,0,0
ECO1_PBMC_cell_AAGACCTCAAGCGTAG,0,0,0
ECO1_PBMC_cell_TGGGCGTAGACGCTTT,0,0,0
ECO1_PBMC_cell_TCTGGAACAGCTTCGG,0,0,0
ECO1_PBMC_cell_TAGTGGTAGATAGTCA,0,0,0
ECO1_PBMC_cell_CACTCCATCACTTATC,0,0,0
ECO1_PBMC_cell_GTGGGTCGTAGCTAAA,0,0,0
ECO1_PBMC_cell_TACTTGTTCAGCTTAG,0,0,0
ECO1_PBMC_cell_TGAGAGGGTTAGAACA,0,0,0
ECO1_PBMC_cell_CGCTGGAGTCAAAGCG,0,0,0
ECO1_PBMC_cell_TCAGCTCGTCCCGACA,0,0,0
ECO1_PBMC_cell_TGGCCAGTCTGCCCTA,0,0,0
ECO1_PBMC_cell_CTCTGGTTCCCTTGTG,0,0,0
ECO1_PBMC_cell_GTAACGTTCAACACAC,0,0,0
ECO1_PBMC_cell_TGGCTGGTCACCTCGT,0,0,0
ECO1_PBMC_cell_CAGGTGCCACTTAAGC,0,0,0
ECO1_PBMC_cell_GCGCAACAGTTGCAGG,0,0,0
ECO1_PBMC_cell_TGACAACCATTCCTGC,0,0,0
ECO1_PBMC_cell_TTAGTTCAGAACTCGG,0,0,0
ECO1_PBMC_cell_GCATGATGTTACGGAG,0,0,0
ECO1_PBMC_cell_TTCTTAGCAGACAAAT,0,0,0
ECO1_PBMC_cell_ACGATACCAAAGCAAT,0,0,0
ECO1_PBMC_cell_TGCTGCTCAAGAGGCT,0,0,0
ECO1_PBMC_cell_GTAACGTAGACTTGAA,0,0,0
ECO1_PBMC_cell_GAACGGAGTGACTCAT,0,0,0
ECO1_PBMC_cell_TGACTTTGTGCCTGTG,0,0,0
ECO1_PBMC_cell_GGCAATTAGTTAGGTA,0,0,0
ECO1_PBMC_cell_TCTGAGAGTAGCACGA,0,0,0
ECO1_PBMC_cell_CACACCTCAATCGGTT,0,0,0
ECO1_PBMC_cell_CACCAGGGTCTAAACC,0,0,0
ECO1_PBMC_cell_AGCATACCACACATGT,0,0,0
ECO1_PBMC_cell_GATCGATGTCTAACGT,0,0,0
ECO1_PBMC_cell_CAGATCAGTTCGTCTC,0,0,0
ECO1_PBMC_cell_GATTCAGGTCCGAATT,0,0,0
ECO1_PBMC_cell_AATCGGTAGACACGAC,0,0,0
ECO1_PBMC_cell_TTGTAGGGTGCAGACA,0,0,0
ECO1_PBMC_cell_CCGGGATAGCTGAAAT,0,0,0
ECO1_PBMC_cell_CATGACATCTTTACAC,0,0,0
ECO1_PBMC_cell_CAGATCACATCATCCC,0,0,0
ECO1_PBMC_cell_CTAAGACCACTGTGTA,0,0,0
ECO1_PBMC_cell_CGTAGGCAGGCAGGTT,0,0,0
ECO1_PBMC_cell_TCACGAATCGTCTGCT,0,0,0
ECO1_PBMC_cell_CCAGCGAAGTCTCCTC,0,0,0
ECO1_PBMC_cell_GTGTGCGTCCGCATAA,0,0,0
ECO1_PBMC_cell_GTCACGGCACGCCAGT,0,0,0
ECO1_PBMC_cell_ACGCAGCAGCAGCGTA,0,0,0
ECO1_PBMC_cell_GGGATGACACACCGCA,0,0,0
ECO1_PBMC_cell_CCGTTCACATCTCGCT,0,0,0
ECO1_PBMC_cell_CTGTGCTTCCGCATAA,0,0,0
ECO1_PBMC_cell_GGGACCTGTATGGTTC,0,0,0
ECO1_PBMC_cell_CGATGTACATGGTAGG,0,0,0
ECO1_PBMC_cell_GAATAAGTCGTGGACC,0,0,0
ECO1_PBMC_cell_CACAGGCCAGGGCATA,0,0,0
ECO1_PBMC_cell_GTATCTTTCCATGAAC,0,0,0
ECO1_PBMC_cell_ACATGGTAGCGCTTAT,0,0,0
ECO1_PBMC_cell_GGGAGATAGTTCGCAT,0,0,0
ECO1_PBMC_cell_ACCAGTAGTCATTAGC,0,0,0
ECO1_PBMC_cell_CTCGAAAAGCGAAGGG,0,0,0
ECO1_PBMC_cell_ACACCCTTCTGATTCT,0,0,0
ECO1_PBMC_cell_AATCGGTTCTCCCTGA,0,0,0
ECO1_PBMC_cell_AACTTTCTCGTCCAGG,0,0,0
ECO1_PBMC_cell_TGCGTGGCAGACGCAA,0,0,0
ECO1_PBMC_cell_TTCGAAGGTGCGATAG,0,0,0
ECO1_PBMC_cell_CGCTATCCATAGGATA,0,0,0
ECO1_PBMC_cell_CACCACTAGGTGCAAC,0,0,0
ECO1_PBMC_cell_CGAGAAGAGCTAAGAT,0,0,0
ECO1_PBMC_cell_CTGTTTAGTGCAACGA,0,0,0
ECO1_PBMC_cell_GATCAGTCAGTGGAGT,0,0,0
ECO1_PBMC_cell_CCTAAAGAGACACGAC,0,0,0
ECO1_PBMC_cell_TTGTAGGAGAGGTACC,0,0,0
ECO1_PBMC_cell_CAGAATCCACACCGCA,0,0,0
ECO1_PBMC_cell_CTCTGGTAGATCTGCT,0,0,0
ECO1_PBMC_cell_CTAGTGATCACGCGGT,0,0,0
ECO1_PBMC_cell_GAAATGACAAGCCGTC,0,0,0
ECO1_PBMC_cell_CATCAAGGTTCGTGAT,0,0,0
ECO1_PBMC_cell_AAACCTGTCATGCATG,0,0,0
ECO1_PBMC_cell_AACTGGTCATCATCCC,0,0,0
ECO1_PBMC_cell_AGTAGTCAGCGATCCC,0,0,0
ECO1_PBMC_cell_GTGTTAGGTAGCCTCG,0,0,0
ECO1_PBMC_cell_CATCGGGCACCGCTAG,0,0,0
ECO1_PBMC_cell_AGCTTGAAGTTGAGAT,0,0,0
ECO1_PBMC_cell_GGTGCGTGTTACGTCA,0,0,0
ECO1_PBMC_cell_CTACACCCATTCTCAT,0,0,0
ECO1_PBMC_cell_TTAGTTCTCGTCTGCT,0,0,1
ECO1_PBMC_cell_GGGACCTGTGCGAAAC,0,0,0
ECO1_PBMC_cell_CAGCTGGTCCTAGTGA,0,0,0
ECO1_PBMC_cell_AGTAGTCGTTGAGGTG,0,0,0
ECO1_PBMC_cell_GTTTCTATCATAACCG,0,0,0
ECO1_PBMC_cell_ATGCGATGTAATTGGA,0,0,0
ECO1_PBMC_cell_CTTTGCGCAGCCAATT,0,0,0
ECO1_PBMC_cell_TACCTTAAGTGGGATC,0,0,0
ECO1_PBMC_cell_AAGGAGCTCTGCGGCA,0,0,0
ECO1_PBMC_cell_CTTAGGATCAGCTCTC,0,0,0
ECO1_PBMC_cell_CCTTCCCAGACTCGGA,0,0,0
ECO1_PBMC_cell_CCTTCCCAGCCGCCTA,0,0,0
ECO1_PBMC_cell_GTCACGGTCCCACTTG,0,0,0
ECO1_PBMC_cell_GCAATCACATTACCTT,0,0,0
ECO1_PBMC_cell_GAATGAACAGCTGGCT,0,0,0
ECO1_PBMC_cell_GAGGTGAGTCTAGCCG,0,0,0
ECO1_PBMC_cell_GGCAATTAGATGCGAC,0,0,0
ECO1_PBMC_cell_AGTTGGTGTTATGCGT,0,0,0
ECO1_PBMC_cell_ACTGAACCACGGTAAG,0,0,0
ECO1_PBMC_cell_TGATTTCGTACAGTGG,0,0,0
ECO1_PBMC_cell_CTCGGGAAGTAAGTAC,0,0,0
ECO1_PBMC_cell_CCTTCGACACATCCGG,0,0,0
ECO1_PBMC_cell_GATGCTACAAGTACCT,0,0,0
ECO1_PBMC_cell_CACCACTCATCTGGTA,0,0,0
ECO1_PBMC_cell_CAGATCACAGATCTGT,0,0,0
ECO1_PBMC_cell_GTGTTAGCAACAACCT,0,0,0
ECO1_PBMC_cell_TAGTTGGAGACTTTCG,0,0,0
ECO1_PBMC_cell_CTACACCGTTGTCTTT,0,0,0
ECO1_PBMC_cell_CGTGTCTAGGACATTA,0,0,0
ECO1_PBMC_cell_TTCTCAACACAACTGT,0,0,0
ECO1_PBMC_cell_CGTCCATGTGTGGTTT,0,0,0
ECO1_PBMC_cell_CTAAGACTCGTGACAT,0,0,0
ECO1_PBMC_cell_CCCTCCTCACCGAATT,0,0,0
ECO1_PBMC_cell_CAGTCCTGTGCAGTAG,0,0,0
ECO1_PBMC_cell_TGAGCCGTCATCTGTT,0,0,0
ECO1_PBMC_cell_ATCATCTCACATGTGT,0,0,0
ECO1_PBMC_cell_CAGATCATCACAGGCC,0,0,0
ECO1_PBMC_cell_TTTACTGAGGTGTTAA,0,0,0
ECO1_PBMC_cell_TACGGGCGTCGAAAGC,0,0,0
ECO1_PBMC_cell_CTCGTACTCTCGTTTA,0,0,0
ECO1_PBMC_cell_GATCTAGAGGCAGGTT,0,0,0
ECO1_PBMC_cell_CTCGAGGAGAACTCGG,0,0,0
ECO1_PBMC_cell_CAAGAAAGTTAAGTAG,0,0,0
ECO1_PBMC_cell_CTTTGCGCAGCTTCGG,0,0,0
ECO1_PBMC_cell_ACATACGGTTAAAGTG,0,0,0
ECO1_PBMC_cell_TCAGCAAGTTCGGGCT,0,0,0
ECO1_PBMC_cell_TGAGCCGTCAAGGTAA,0,0,0
ECO1_PBMC_cell_TGTCCCAAGCGTGTCC,0,0,0
ECO1_PBMC_cell_GCTTGAACACGGTAAG,0,0,0
ECO1_PBMC_cell_CAAGAAACAGCAGTTT,0,0,0
ECO1_PBMC_cell_CATCCACAGCGTCAAG,0,0,0
ECO1_PBMC_cell_CGGAGTCTCTCACATT,0,0,0
ECO1_PBMC_cell_AACCGCGGTTGAGGTG,0,0,0
ECO1_PBMC_cell_AATCGGTAGTGGAGAA,0,0,0
ECO1_PBMC_cell_TACCTATTCGCTTAGA,0,0,0
ECO1_PBMC_cell_AACTGGTCAGTAGAGC,0,0,0
ECO1_PBMC_cell_TTAGGCACACGCGAAA,0,0,0
ECO1_PBMC_cell_GGAATAAGTCCAGTAT,0,0,0
ECO1_PBMC_cell_CGTGTCTGTATAAACG,0,0,0
ECO1_PBMC_cell_TTTGCGCTCAGTTCGA,0,0,0
ECO1_PBMC_cell_TCAGCAAGTAGAGTGC,0,0,0
ECO1_PBMC_cell_CATATTCGTACCGGCT,0,0,0
ECO1_PBMC_cell_TCATTTGGTCTGCGGT,0,0,0
ECO1_PBMC_cell_CGACTTCGTTTCGCTC,0,0,0
ECO1_PBMC_cell_GAATGAATCGATCCCT,0,0,0
ECO1_PBMC_cell_CGATCGGCAGGTGGAT,0,0,0
ECO1_PBMC_cell_ATTGGACAGCGACGTA,0,0,0
ECO1_PBMC_cell_GGGCATCAGCTAGTTC,0,0,0
ECO1_PBMC_cell_CTGAAGTTCGTGGGAA,0,0,0
ECO1_PBMC_cell_GTGCGGTTCCTTGACC,0,0,0
ECO1_PBMC_cell_TAGTGGTTCGGCCGAT,0,0,0
ECO1_PBMC_cell_GAGGTGACAGGACCCT,0,0,0
ECO1_PBMC_cell_CAGTAACCAATAGAGT,0,0,0
ECO1_PBMC_cell_AAGTCTGGTCCGTCAG,0,0,0
ECO1_PBMC_cell_TCACAAGAGACGCACA,0,0,0
ECO1_PBMC_cell_GTGAAGGCACACGCTG,0,0,0
ECO1_PBMC_cell_CATCGAAAGTGGAGAA,0,0,0
ECO1_PBMC_cell_GTGAAGGTCAGTCCCT,0,0,0
ECO1_PBMC_cell_ATTACTCCATAAGACA,0,0,0
ECO1_PBMC_cell_CAGAGAGAGAACAATC,0,0,0
ECO1_PBMC_cell_CGTCAGGGTAGAAGGA,0,0,0
ECO1_PBMC_cell_TTCTTAGAGACAGACC,0,0,0
ECO1_PBMC_cell_GCGCCAAGTATATCCG,0,0,0
ECO1_PBMC_cell_CTCGTACTCGATGAGG,0,0,0
ECO1_PBMC_cell_GGGTTGCGTAGCGTAG,0,0,0
ECO1_PBMC_cell_GAACGGAGTAGAGTGC,0,0,0
ECO1_PBMC_cell_GTGCGGTCAGTTCATG,0,0,0
ECO1_PBMC_cell_CTCCTAGGTAGGCTGA,0,0,0
ECO1_PBMC_cell_ACGATACCAGTCGTGC,0,0,0
ECO1_PBMC_cell_GGGCATCAGCCAGGAT,0,0,0
ECO1_PBMC_cell_GGATGTTTCTTGTCAT,0,0,0
ECO1_PBMC_cell_TTGACTTAGTTTCCTT,0,0,0
ECO1_PBMC_cell_ACCGTAATCACATAGC,0,0,0
ECO1_PBMC_cell_TACTTACAGCGTCAAG,0,0,0
ECO1_PBMC_cell_GGGACCTAGAATTCCC,0,0,0
ECO1_PBMC_cell_ATTTCTGGTTGCGTTA,0,0,0
ECO1_PBMC_cell_TGTATTCGTATAGGTA,0,0,0
ECO1_PBMC_cell_CCTTCCCGTCCAACTA,0,0,0
ECO1_PBMC_cell_CAGCTGGAGTATGACA,0,0,0
ECO1_PBMC_cell_CGGGTCAGTAAAGTCA,0,0,0
ECO1_PBMC_cell_GTTCTCGCAACACCTA,0,0,0
ECO1_PBMC_cell_GGTATTGCATCGGGTC,0,0,0
ECO1_PBMC_cell_CACACCTTCATAACCG,0,0,0
ECO1_PBMC_cell_GTATTCTTCAACGCTA,0,0,0
ECO1_PBMC_cell_AGTGTCAGTGGCCCTA,0,0,0
ECO1_PBMC_cell_CAGCCGACAAGTCATC,0,0,0
ECO1_PBMC_cell_TTCTCAACACGGTAAG,0,0,0
ECO1_PBMC_cell_ACTGATGGTTATCGGT,0,0,0
ECO1_PBMC_cell_CGTTCTGAGAGTACAT,0,0,0
ECO1_PBMC_cell_TAAGAGAGTACAAGTA,0,0,0
ECO1_PBMC_cell_GAAATGAGTCTAGCCG,0,0,0
ECO1_PBMC_cell_TTCTACAAGGGAGTAA,0,0,0
ECO1_PBMC_cell_TCAGGATGTAAACGCG,0,0,0
ECO1_PBMC_cell_GGTGCGTAGTCAATAG,0,0,0
ECO1_PBMC_cell_GGTGTTACATCCTTGC,0,0,0
ECO1_PBMC_cell_AAATGCCGTGATGTGG,0,0,0
ECO1_PBMC_cell_CGTCTACCATGCATGT,0,0,0
ECO1_PBMC_cell_GGTATTGCATCTGGTA,0,0,0
ECO1_PBMC_cell_GCGAGAAGTCCTAGCG,0,0,0
ECO1_PBMC_cell_CTTAGGAAGGATGTAT,0,0,0
ECO1_PBMC_cell_CTCGTCAAGTGTACCT,0,0,0
ECO1_PBMC_cell_AAAGCAAAGCGCTTAT,0,0,0
ECO1_PBMC_cell_GCTCTGTCATATGCTG,0,0,0
ECO1_PBMC_cell_TCATTACGTGGCTCCA,0,0,0
ECO1_PBMC_cell_GATTCAGAGTCTCGGC,0,0,0
ECO1_PBMC_cell_CGAGCCATCCCGACTT,0,0,0
ECO1_PBMC_cell_CGCTTCAGTAGAGTGC,0,0,0
ECO1_PBMC_cell_AGTCTTTCATCACGTA,0,0,0
ECO1_PBMC_cell_GTATCTTGTTGATTCG,0,0,0
ECO1_PBMC_cell_CTCAGAATCTACCAGA,0,0,0
ECO1_PBMC_cell_AAGGCAGCAACGATGG,0,0,0
ECO1_PBMC_cell_TTGGCAATCACGGTTA,0,0,0
ECO1_PBMC_cell_CCTAGCTTCTGGGCCA,0,0,0
ECO1_PBMC_cell_TCGAGGCTCGTCTGAA,0,0,0
ECO1_PBMC_cell_TATCTCATCTTAGAGC,0,0,0
ECO1_PBMC_cell_TTCTTAGCAATAGCAA,0,0,0
ECO1_PBMC_cell_GCGAGAATCACAATGC,0,0,0
ECO1_PBMC_cell_TCTCTAACACCCATGG,0,0,0
ECO1_PBMC_cell_GGTGCGTGTTTAAGCC,0,0,0
ECO1_PBMC_cell_CTTAACTCAGGCTGAA,0,0,0
ECO1_PBMC_cell_TTCTTAGCAGATGAGC,0,0,0
ECO1_PBMC_cell_CTGCTGTGTTCTGAAC,0,0,0
ECO1_PBMC_cell_GCTCCTATCCCAAGAT,0,0,0
ECO1_PBMC_cell_AGGTCATCAGGACGTA,0,0,0
ECO1_PBMC_cell_TTATGCTAGTAGGCCA,0,0,0
ECO1_PBMC_cell_AGGGTGACAGCCAGAA,0,0,0
ECO1_PBMC_cell_AGCATACAGGGTGTTG,0,0,0
ECO1_PBMC_cell_ATGCGATCAGACAAGC,0,0,0
ECO1_PBMC_cell_CTGCTGTGTTCAGTAC,0,0,0
ECO1_PBMC_cell_TGCGCAGAGCTGCAAG,0,0,0
ECO1_PBMC_cell_GGACAGACAAGCGTAG,0,0,0
ECO1_PBMC_cell_CGTTCTGGTCCGAACC,0,0,0
ECO1_PBMC_cell_TAAGCGTTCAGGATCT,0,0,0
ECO1_PBMC_cell_GCGCGATTCTTCAACT,0,0,0
ECO1_PBMC_cell_CAGCTAATCTTTAGGG,0,0,0
ECO1_PBMC_cell_TGAAAGATCGGCCGAT,0,0,0
ECO1_PBMC_cell_CGAACATAGTCAAGGC,0,0,0
ECO1_PBMC_cell_GCGCAACCAACTTGAC,0,0,0
ECO1_PBMC_cell_TGGCCAGGTCTCACCT,0,0,0
ECO1_PBMC_cell_GGACATTAGTAGTGCG,0,0,0
ECO1_PBMC_cell_ACAGCCGAGTGGTAAT,0,0,0
ECO1_PBMC_cell_TGTGTTTCATAAGACA,0,0,0
ECO1_PBMC_cell_GTCTTCGCATCCCATC,0,0,0
ECO1_PBMC_cell_GTTCATTTCAGGTTCA,0,0,0
ECO1_PBMC_cell_AAACCTGTCTTAGAGC,0,0,0
ECO1_PBMC_cell_AACTTTCAGCAGCGTA,0,0,0
ECO1_PBMC_cell_CATGGCGTCCCTAACC,0,0,0
ECO1_PBMC_cell_CAAGATCGTGGTTTCA,0,0,0
ECO1_PBMC_cell_GTGTTAGGTTAAGACA,0,0,0
ECO1_PBMC_cell_GTGCATACAGGGCATA,0,0,0
ECO1_PBMC_cell_GGGTTGCCACGTTGGC,0,0,0
ECO1_PBMC_cell_CCGGTAGCATAAAGGT,0,0,0
ECO1_PBMC_cell_AGGGTGAAGTATCTCG,0,0,0
ECO1_PBMC_cell_CGGACACAGGTAAACT,0,0,0
ECO1_PBMC_cell_AACCGCGCAATAGCAA,0,0,0
ECO1_PBMC_cell_GCAGTTAAGCTGATAA,0,0,0
ECO1_PBMC_cell_GTGGGTCGTCAGCTAT,0,0,0
ECO1_PBMC_cell_CTGATCCTCACATAGC,0,0,0
ECO1_PBMC_cell_GACAGAGAGACTAGGC,0,0,0
ECO1_PBMC_cell_GTGCAGCTCGTCTGCT,0,0,0
ECO1_PBMC_cell_CAACCAATCGCCTGTT,0,0,0
ECO1_PBMC_cell_CGTGTAAGTGAGGGTT,0,0,0
ECO1_PBMC_cell_TTAGTTCTCGGTTAAC,0,0,0
ECO1_PBMC_cell_TCACGAAGTCTCCATC,0,0,0
ECO1_PBMC_cell_CACCAGGAGTCATGCT,0,0,0
ECO1_PBMC_cell_ACTGCTCCAAGCCTAT,0,0,0
ECO1_PBMC_cell_TCACGAAAGCTAACTC,0,0,0
ECO1_PBMC_cell_ACATCAGCACCTCGTT,0,0,0
ECO1_PBMC_cell_AGCCTAAAGGGTCGAT,0,0,0
ECO1_PBMC_cell_TGCGGGTAGCTAGTTC,0,0,0
ECO1_PBMC_cell_GACCAATGTAGCGATG,0,0,0
ECO1_PBMC_cell_TCTCTAAGTGGCGAAT,0,0,0
ECO1_PBMC_cell_CAGCGACCAAGCCCAC,0,0,0
ECO1_PBMC_cell_CCTAGCTCAGATCCAT,0,0,0
ECO1_PBMC_cell_CGTGTCTGTGCTAGCC,0,0,0
ECO1_PBMC_cell_CAGATCACACAAGCCC,0,0,0
ECO1_PBMC_cell_TTGGCAAGTTTGCATG,0,0,0
ECO1_PBMC_cell_CACACAAGTACTTAGC,0,0,0
ECO1_PBMC_cell_TCAGGTATCATTATCC,0,0,0
ECO1_PBMC_cell_TCGCGTTTCGTATCAG,0,0,0
ECO1_PBMC_cell_CGGACTGGTCCAGTTA,0,0,0
ECO1_PBMC_cell_ACATACGTCGGCGGTT,0,0,0
ECO1_PBMC_cell_TTTGGTTTCTACTATC,0,0,0
ECO1_PBMC_cell_ATGCGATGTGCTGTAT,0,0,0
ECO1_PBMC_cell_TGACTAGAGGGAACGG,0,0,0
ECO1_PBMC_cell_GCGAGAACACGTAAGG,0,0,0
ECO1_PBMC_cell_CGTCAGGTCAGCATGT,0,0,0
ECO1_PBMC_cell_TGGTTCCCACTTCTGC,0,0,0
ECO1_PBMC_cell_TGCCCTAGTCTCTCTG,0,0,0
ECO1_PBMC_cell_CGGGTCACATCGTCGG,0,0,0
ECO1_PBMC_cell_AAGGCAGGTCTCATCC,0,0,0
ECO1_PBMC_cell_ACTTGTTTCACAACGT,0,0,0
ECO1_PBMC_cell_GACAGAGAGAAGGCCT,0,0,0
ECO1_PBMC_cell_CCGGGATAGGTGTGGT,0,0,0
ECO1_PBMC_cell_GTGCATACAGGCAGTA,0,0,0
ECO1_PBMC_cell_GGAGCAATCGCCATAA,0,0,0
ECO1_PBMC_cell_TCTTCGGCAGCTCCGA,0,0,0
ECO1_PBMC_cell_CTTAACTAGAGGTAGA,0,0,0
ECO1_PBMC_cell_CGTCTACAGTTACCCA,0,0,0
ECO1_PBMC_cell_CCTTCCCAGCGCCTCA,0,0,0
ECO1_PBMC_cell_CATATTCGTGTGAATA,0,0,0
ECO1_PBMC_cell_CTAGAGTGTATAGTAG,0,0,0
ECO1_PBMC_cell_TTGACTTAGTGCAAGC,0,0,0
ECO1_PBMC_cell_ATTGGTGCACATCCGG,0,0,0
ECO1_PBMC_cell_GCAGTTAGTCCATGAT,0,0,0
ECO1_PBMC_cell_TTCTCCTAGACAAAGG,0,0,0
ECO1_PBMC_cell_GTCGTAAGTATCGCAT,0,0,0
ECO1_PBMC_cell_CAACCTCAGCTGTCTA,0,0,0
ECO1_PBMC_cell_TTATGCTTCACTGGGC,0,0,0
ECO1_PBMC_cell_ACGATACCACGAAGCA,0,0,0
ECO1_PBMC_cell_TTTATGCGTACAGCAG,0,0,0
ECO1_PBMC_cell_TACGGATTCCTCAATT,0,0,0
ECO1_PBMC_cell_TGACGGCAGTGACTCT,0,0,0
ECO1_PBMC_cell_ACGAGCCGTCTGATCA,0,0,0
ECO1_PBMC_cell_AGTCTTTGTAAACGCG,0,0,0
ECO1_PBMC_cell_ACGAGCCCAACTTGAC,0,0,0
ECO1_PBMC_cell_ACCCACTCATCGGGTC,0,0,0
ECO1_PBMC_cell_TCGGTAAGTCAGATAA,0,0,0
ECO1_PBMC_cell_TGACTAGTCGTTTAGG,0,0,0
ECO1_PBMC_cell_ATTACTCTCGACCAGC,0,0,0
ECO1_PBMC_cell_GGGACCTTCGGAGCAA,0,0,0
ECO1_PBMC_cell_TCTGGAAGTCAGATAA,0,0,0
ECO1_PBMC_cell_GCGAGAAAGCCAGGAT,0,0,0
ECO1_PBMC_cell_TTAGGACTCGCATGAT,0,0,0
ECO1_PBMC_cell_AACTCCCGTCTAAACC,0,0,0
ECO1_PBMC_cell_CGTCTACAGTGGAGAA,0,0,0
ECO1_PBMC_cell_GATGAGGCACCGAATT,0,0,0
ECO1_PBMC_cell_TAAGAGAAGCCCAGCT,0,0,0
ECO1_PBMC_cell_GTGCTTCAGGGCACTA,0,0,0
ECO1_PBMC_cell_CCAGCGAAGGGTTTCT,0,0,0
ECO1_PBMC_cell_TCGCGTTCAAGCTGTT,0,0,0
ECO1_PBMC_cell_CCCTCCTGTCCATCCT,0,0,0
ECO1_PBMC_cell_TGTGGTAAGGTGCACA,0,0,0
ECO1_PBMC_cell_GTTTCTATCTGCTTGC,0,0,0
ECO1_PBMC_cell_CAAGAAAGTCCGAAGA,0,0,0
ECO1_PBMC_cell_AACTCAGGTTAAGAAC,0,0,0
ECO1_PBMC_cell_CAAGTTGAGGTGCAAC,0,0,0
ECO1_PBMC_cell_CCCAATCCAACAACCT,0,0,0
ECO1_PBMC_cell_GACTAACGTTCAGGCC,0,0,0
ECO1_PBMC_cell_ATGCGATCAATCCAAC,0,0,0
ECO1_PBMC_cell_ATTGGACTCCCTTGCA,0,0,0
ECO1_PBMC_cell_AGATTGCGTCCCTTGT,0,0,0
ECO1_PBMC_cell_CACCACTAGCGTGTCC,0,0,0
ECO1_PBMC_cell_TATGCCCGTGGGTATG,0,0,0
ECO1_PBMC_cell_TTAGTTCTCGGCATCG,0,0,0
ECO1_PBMC_cell_AACCATGGTCGCATCG,0,0,0
ECO1_PBMC_cell_CTACGTCAGCGATTCT,0,0,0
ECO1_PBMC_cell_ACTATCTAGGATGCGT,0,0,0
ECO1_PBMC_cell_CGGACGTAGCTGCAAG,0,0,0
ECO1_PBMC_cell_CGCGGTATCTGGCGTG,0,0,0
ECO1_PBMC_cell_GACGTGCCAGAGTGTG,0,0,0
ECO1_PBMC_cell_ACCCACTGTTCCGGCA,0,0,0
ECO1_PBMC_cell_TCAATCTCACCGGAAA,0,0,0
ECO1_PBMC_cell_TACAGTGAGGTAGCTG,0,0,0
ECO1_PBMC_cell_TACGGGCAGATCACGG,0,0,0
ECO1_PBMC_cell_TAAGTGCCACGAAATA,0,0,0
ECO1_PBMC_cell_GTGCGGTTCGTCTGAA,0,0,0
ECO1_PBMC_cell_GCGCAGTGTGCACGAA,0,0,0
ECO1_PBMC_cell_CCTACACTCATAAAGG,0,0,0
ECO1_PBMC_cell_GTACTCCGTCAGGACA,0,0,0
ECO1_PBMC_cell_GACTACACATACGCTA,0,0,0
ECO1_PBMC_cell_TGCACCTCAATGGTCT,0,0,0
ECO1_PBMC_cell_GCATGATCATTGGGCC,0,0,0
ECO1_PBMC_cell_TCTATTGTCTTTAGGG,0,0,0
ECO1_PBMC_cell_CCTCAGTAGGGCATGT,0,0,0
ECO1_PBMC_cell_TCATTACCACCAGGTC,0,0,0
ECO1_PBMC_cell_CATCAGACATCGGGTC,0,0,0
ECO1_PBMC_cell_ACTGCTCTCCGCTGTT,0,0,0
ECO1_PBMC_cell_TGGCTGGGTCAACTGT,0,0,0
ECO1_PBMC_cell_TGAGAGGGTGACAAAT,0,0,0
ECO1_PBMC_cell_GATCGATCACAGATTC,0,0,0
ECO1_PBMC_cell_AACTGGTTCGTAGGAG,0,0,0
ECO1_PBMC_cell_CAGCAGCAGAAGGGTA,0,0,0
ECO1_PBMC_cell_CTCATTATCGTGGACC,0,0,0
ECO1_PBMC_cell_CTTCTCTCAGTCAGAG,0,0,0
ECO1_PBMC_cell_TGTCCCAAGTCGATAA,0,0,0
ECO1_PBMC_cell_TTAGGACCACACCGAC,0,0,0
ECO1_PBMC_cell_TTCTTAGCAGTCTTCC,0,0,0
ECO1_PBMC_cell_AGTAGTCCAGCTGGCT,0,0,0
ECO1_PBMC_cell_CGGAGCTGTAAGCACG,0,0,0
ECO1_PBMC_cell_CGAATGTTCTAGCACA,0,0,0
ECO1_PBMC_cell_TTAGGCAAGCGTTGCC,0,0,0
ECO1_PBMC_cell_CTACATTAGCCCGAAA,0,0,0
ECO1_PBMC_cell_TTGACTTAGTTATCGC,0,0,0
ECO1_PBMC_cell_GCGCGATAGTCGATAA,0,0,0
ECO1_PBMC_cell_CTAACTTTCACTTCAT,0,0,0
ECO1_PBMC_cell_ACGATACAGGCTCAGA,0,0,0
ECO1_PBMC_cell_GGGAATGGTCCAGTGC,0,0,0
ECO1_PBMC_cell_TTCCCAGTCGCGGATC,0,0,0
ECO1_PBMC_cell_CTAGCCTTCACTCTTA,0,0,0
ECO1_PBMC_cell_AGTAGTCGTAGAGTGC,0,0,0
ECO1_PBMC_cell_CTCTACGGTGTTTGGT,0,0,0
ECO1_PBMC_cell_TGACTTTTCTATCCTA,0,0,0
ECO1_PBMC_cell_CTCGAAATCACCGGGT,0,0,0
ECO1_PBMC_cell_CCGTACTAGTGAATTG,0,0,0
ECO1_PBMC_cell_TACCTATTCGCAAACT,0,0,0
ECO1_PBMC_cell_TGATTTCGTTGTCGCG,0,0,0
ECO1_PBMC_cell_TTCCCAGTCCACGCAG,0,0,0
ECO1_PBMC_cell_ACGTCAACACTGTTAG,0,0,0
ECO1_PBMC_cell_CTACATTTCTTGTCAT,0,0,0
ECO1_PBMC_cell_CGTGAGCCATATACCG,0,0,0
ECO1_PBMC_cell_TATGCCCTCAGTTCGA,0,0,0
ECO1_PBMC_cell_TTCTCCTGTGCAACTT,0,0,0
ECO1_PBMC_cell_CTAATGGTCCAAACAC,0,0,0
ECO1_PBMC_cell_AACACGTCATTCGACA,0,0,0
ECO1_PBMC_cell_CTAGTGAGTCTTTCAT,0,0,0
ECO1_PBMC_cell_TATCTCAGTCATATGC,0,0,0
ECO1_PBMC_cell_ACATACGCAGCATGAG,0,0,0
ECO1_PBMC_cell_GCGGGTTAGAAGGTTT,0,0,0
ECO1_PBMC_cell_CATCCACGTCGCTTCT,0,0,0
ECO1_PBMC_cell_TGAGCATTCGGTCCGA,0,0,0
ECO1_PBMC_cell_CATATTCCACCGTTGG,0,0,0
ECO1_PBMC_cell_CTTACCGAGTAATCCC,0,0,0
ECO1_PBMC_cell_CATCGAAGTCAGTGGA,0,0,0
ECO1_PBMC_cell_AACTTTCCACAACGTT,0,0,0
ECO1_PBMC_cell_ACATGGTGTACTCGCG,0,0,0
ECO1_PBMC_cell_CTAGAGTAGATATGCA,0,0,0
ECO1_PBMC_cell_GATCAGTTCGTAGGAG,0,0,0
ECO1_PBMC_cell_TAGACCAGTCTAGGTT,0,0,0
ECO1_PBMC_cell_CCACTACCATACTACG,0,0,0
ECO1_PBMC_cell_ATCATCTGTCCGACGT,0,0,0
ECO1_PBMC_cell_TCGAGGCCAATCAGAA,0,0,0
ECO1_PBMC_cell_GTACTCCCACCATGTA,0,0,0
ECO1_PBMC_cell_GGGCACTTCGTGTAGT,0,0,0
ECO1_PBMC_cell_TAGACCAAGGTGCACA,0,0,0
ECO1_PBMC_cell_CCACTACCACTGAAGG,0,0,0
ECO1_PBMC_cell_GGAATAAAGAAGCCCA,0,0,0
ECO1_PBMC_cell_AACTGGTCAGGACGTA,0,0,0
ECO1_PBMC_cell_CCGTTCATCAATCTCT,0,0,0
ECO1_PBMC_cell_CGATGTAGTCTAGGTT,0,0,0
ECO1_PBMC_cell_GCATACAGTTACCGAT,0,0,0
ECO1_PBMC_cell_TGCCCATGTCGCCATG,0,0,0
ECO1_PBMC_cell_GCAGCCAAGCCCTAAT,0,0,0
ECO1_PBMC_cell_AATCGGTTCTGTCTAT,0,0,0
ECO1_PBMC_cell_ACTGAACAGGTGATTA,0,0,0
ECO1_PBMC_cell_TCGGTAATCTTAGAGC,0,0,0
ECO1_PBMC_cell_GCTGCGAGTCATGCAT,0,0,0
ECO1_PBMC_cell_ACTATCTCATAGGATA,0,0,0
ECO1_PBMC_cell_ATTACTCAGAAGCCCA,0,0,0
ECO1_PBMC_cell_CAGAATCGTAGTGAAT,0,0,0
ECO1_PBMC_cell_TTCGAAGTCACAGTAC,0,0,0
ECO1_PBMC_cell_GCGCAACGTTACAGAA,0,0,0
ECO1_PBMC_cell_CACTCCACAGTTCATG,0,0,0
ECO1_PBMC_cell_GTCACGGAGACGACGT,0,0,0
ECO1_PBMC_cell_TCAGGATCATTTCACT,0,0,0
ECO1_PBMC_cell_CCTTCCCAGTCGCCGT,0,0,0
ECO1_PBMC_cell_CGTAGCGCACCTATCC,0,0,0
ECO1_PBMC_cell_CTACGTCTCCGTCATC,0,0,0
ECO1_PBMC_cell_AGGTCCGCACGGTGTC,0,0,0
ECO1_PBMC_cell_CCAATCCCACAGGAGT,0,0,0
ECO1_PBMC_cell_ATCATCTCAAGCGATG,0,0,0
ECO1_PBMC_cell_CGATCGGGTTCCGTCT,0,0,0
ECO1_PBMC_cell_AAGGCAGGTGTGCCTG,0,0,0
ECO1_PBMC_cell_CATATTCTCCGCAGTG,0,0,0
ECO1_PBMC_cell_ACGGCCAAGACAGGCT,0,0,0
ECO1_PBMC_cell_CACAGGCTCTACTTAC,0,0,0
ECO1_PBMC_cell_AATCGGTTCGTCACGG,0,0,0
ECO1_PBMC_cell_CTCGGAGCAAGGTGTG,0,0,0
ECO1_PBMC_cell_ACGGGCTTCAGCATGT,0,0,0
ECO1_PBMC_cell_ACGCAGCAGAGCTATA,0,0,0
ECO1_PBMC_cell_CGACTTCTCTCTGAGA,0,0,0
ECO1_PBMC_cell_TACACGACACGGATAG,0,0,0
ECO1_PBMC_cell_CCGTTCATCTCGTATT,0,0,0
ECO1_PBMC_cell_TCGGGACTCAGCACAT,0,0,0
ECO1_PBMC_cell_CCTTCGATCTAGCACA,0,0,0
ECO1_PBMC_cell_TTAGGACCAGACTCGC,0,0,0
ECO1_PBMC_cell_CATGGCGTCACAAACC,0,0,0
ECO1_PBMC_cell_GACGGCTCAGCCTGTG,0,0,0
ECO1_PBMC_cell_GTCATTTCAGCCAATT,0,0,0
ECO1_PBMC_cell_CGTTGGGAGAATCTCC,0,0,0
ECO1_PBMC_cell_CATGCCTTCAGCTGGC,0,0,0
ECO1_PBMC_cell_CTGCTGTTCTGATACG,0,0,0
ECO1_PBMC_cell_GTACTCCTCTTTACAC,0,0,0
ECO1_PBMC_cell_AAGACCTTCGGCTTGG,0,0,0
ECO1_PBMC_cell_CCCAGTTGTCTTTCAT,0,0,0
ECO1_PBMC_cell_CTGAAGTTCATGCAAC,0,0,0
ECO1_PBMC_cell_CTTGGCTAGTGGTCCC,0,0,0
ECO1_PBMC_cell_TACTCATGTCCAGTGC,0,0,0
ECO1_PBMC_cell_CACATTTGTCTCATCC,0,0,0
ECO1_PBMC_cell_TGGTTAGGTAAATACG,0,0,0
ECO1_PBMC_cell_CCTACCATCACCGGGT,0,0,0
ECO1_PBMC_cell_GTTAAGCTCAACACAC,0,0,0
ECO1_PBMC_cell_TAAGTGCTCACCATAG,0,0,0
ECO1_PBMC_cell_GAAACTCTCAGTCAGT,0,0,0
ECO1_PBMC_cell_AAGTCTGAGCTTTGGT,0,0,0
ECO1_PBMC_cell_AAAGTAGGTAGATTAG,0,0,0
ECO1_PBMC_cell_CGGAGTCTCTGTTGAG,0,0,0
ECO1_PBMC_cell_CTCAGAAGTACCAGTT,0,0,0
ECO1_PBMC_cell_AAGCCGCCACTGTCGG,0,0,0
ECO1_PBMC_cell_GTATTCTGTGTATGGG,0,0,0
ECO1_PBMC_cell_CTGTTTACATTATCTC,0,0,0
ECO1_PBMC_cell_CGATGTAAGAGGGCTT,0,0,0
ECO1_PBMC_cell_ATTTCTGAGTTGTAGA,0,0,0
ECO1_PBMC_cell_GACGTGCGTCCCTTGT,0,0,0
ECO1_PBMC_cell_GCATGCGAGAAACCTA,0,0,0
ECO1_PBMC_cell_CTCAGAACATGCATGT,0,0,0
ECO1_PBMC_cell_TCAGCTCGTCTTCGTC,0,0,0
ECO1_PBMC_cell_CGTGTCTAGAGCTGCA,0,0,0
ECO1_PBMC_cell_ACGAGCCAGAGGTACC,0,0,0
ECO1_PBMC_cell_CACATTTAGTCATGCT,0,0,0
ECO1_PBMC_cell_AGTAGTCAGTGACATA,0,0,0
ECO1_PBMC_cell_AGATTGCCAAGTTCTG,0,0,0
ECO1_PBMC_cell_CGACCTTAGCCGTCGT,0,0,0
ECO1_PBMC_cell_TGCCAAAAGGCACATG,0,0,0
ECO1_PBMC_cell_ATAAGAGCAGATGGGT,0,0,0
ECO1_PBMC_cell_TTGGAACCACCTATCC,0,0,0
ECO1_PBMC_cell_GCACTCTCAAGGACAC,0,0,0
ECO1_PBMC_cell_CCTACCAAGTACTTGC,0,0,0
ECO1_PBMC_cell_CTGCGGACACAGGAGT,0,0,0
ECO1_PBMC_cell_TTTGTCACAATGGTCT,0,0,0
ECO1_PBMC_cell_TCAGGTACAGGGTTAG,0,0,0
ECO1_PBMC_cell_TGTATTCGTTGTCTTT,0,0,0
ECO1_PBMC_cell_CGGTTAATCAACACCA,0,0,0
ECO1_PBMC_cell_GGGAGATGTCTGGTCG,0,0,0
ECO1_PBMC_cell_GTCAAGTGTCGTTGTA,0,0,0
ECO1_PBMC_cell_GCTGCAGCAGACGTAG,0,0,0
ECO1_PBMC_cell_TGGTTAGAGTACATGA,0,0,0
ECO1_PBMC_cell_ACGGAGAAGTGAACGC,0,0,0
ECO1_PBMC_cell_GGTATTGGTCGATTGT,0,0,0
ECO1_PBMC_cell_CAGTAACAGTTTAGGA,0,0,0
ECO1_PBMC_cell_CAGCTAATCTACCTGC,0,0,0
ECO1_PBMC_cell_CATCAAGAGAGGTTAT,0,0,0
ECO1_PBMC_cell_TAAGTGCGTAGATTAG,0,0,0
ECO1_PBMC_cell_AAGGCAGCACGGTTTA,0,0,0
ECO1_PBMC_cell_CCGTGGACATGTCGAT,0,0,0
ECO1_PBMC_cell_GTTTCTAAGTACGTAA,0,0,0
ECO1_PBMC_cell_GGAATAACAATGACCT,0,0,0
ECO1_PBMC_cell_CGATGGCTCGTAGATC,0,0,0
ECO1_PBMC_cell_TGAGCATAGAGACTAT,0,0,0
ECO1_PBMC_cell_ATCTACTGTCCAGTTA,0,0,0
ECO1_PBMC_cell_TGCTACCTCATCGGAT,0,0,0
ECO1_PBMC_cell_CCTTACGAGAGGACGG,0,0,0
ECO1_PBMC_cell_TTTACTGGTTTGTGTG,0,0,0
ECO1_PBMC_cell_CCTACACAGGCTATCT,0,0,0
ECO1_PBMC_cell_AGCGTATAGGTTACCT,0,0,0
ECO1_PBMC_cell_CGTTCTGCAGGCGATA,0,0,0
ECO1_PBMC_cell_TATCTCACACGAGGTA,0,0,0
ECO1_PBMC_cell_CGAGCACAGCAGGCTA,0,0,0
ECO1_PBMC_cell_CCGTTCATCACGACTA,0,0,0
ECO1_PBMC_cell_AACTCCCGTCGAGATG,0,0,0
ECO1_PBMC_cell_TAAACCGCAAGCTGAG,0,0,0
ECO1_PBMC_cell_GTCGTAAGTTTAAGCC,0,0,0
ECO1_PBMC_cell_ACATGGTCAATGAATG,0,0,0
ECO1_PBMC_cell_CAAGATCCATAGAAAC,0,0,0
ECO1_PBMC_cell_ACGGGCTTCTTCAACT,0,0,0
ECO1_PBMC_cell_GAAATGAGTTAAGAAC,0,0,0
ECO1_PBMC_cell_CGAACATAGCATCATC,0,0,0
ECO1_PBMC_cell_CTAGCCTCATGAACCT,0,0,0
ECO1_PBMC_cell_TGCCCATTCCAGTAGT,0,0,0
ECO1_PBMC_cell_GATCAGTCACGCCAGT,0,0,0
ECO1_PBMC_cell_AACTCTTCATTAGGCT,0,0,0
ECO1_PBMC_cell_ATGTGTGCACATGGGA,0,0,0
ECO1_PBMC_cell_AGCTCTCTCCTATTCA,0,0,0
ECO1_PBMC_cell_CCTAAAGTCACAGTAC,0,0,0
ECO1_PBMC_cell_CACATTTGTGTCCTCT,0,0,0
ECO1_PBMC_cell_AGCTTGACAGGAACGT,0,0,0
ECO1_PBMC_cell_CTTAGGAGTGGCCCTA,0,0,0
ECO1_PBMC_cell_ATCATCTTCCTATGTT,0,0,0
ECO1_PBMC_cell_CAAGGCCTCCAAGTAC,0,0,0
ECO1_PBMC_cell_CCATGTCAGAGCAATT,0,0,0
ECO1_PBMC_cell_CGATGTAAGATCCGAG,0,0,0
ECO1_PBMC_cell_CACAGTACATGCGCAC,0,0,0
ECO1_PBMC_cell_GACCAATCACATTCGA,0,0,0
ECO1_PBMC_cell_AGAATAGAGACCGGAT,0,0,0
ECO1_PBMC_cell_TCTGGAATCGTAGGTT,0,0,0
ECO1_PBMC_cell_TGGTTAGCACTTAAGC,0,0,0
ECO1_PBMC_cell_GAAGCAGGTAGCTGCC,0,0,0
ECO1_PBMC_cell_GGAATAAAGAAGGTGA,0,0,0
ECO1_PBMC_cell_AGATCTGCATCTCGCT,0,0,0
ECO1_PBMC_cell_GCTGCAGGTCATCCCT,0,0,0
ECO1_PBMC_cell_AGTGAGGTCGAGGTAG,0,0,1
ECO1_PBMC_cell_TACCTTAAGATGTGGC,0,0,0
ECO1_PBMC_cell_GATCGCGCAGATGGGT,0,0,0
ECO1_PBMC_cell_TAAGCGTTCAGCCTAA,0,0,0
ECO1_PBMC_cell_GTACTTTTCAATAAGG,0,0,0
ECO1_PBMC_cell_ATCATGGAGACGCAAC,0,0,0
ECO1_PBMC_cell_CTTGGCTGTCAGAAGC,0,0,0
ECO1_PBMC_cell_CGTCAGGAGGTAAACT,0,0,0
ECO1_PBMC_cell_CGATGGCCATTACCTT,0,0,0
ECO1_PBMC_cell_GCGCGATGTCTAGTGT,0,0,0
ECO1_PBMC_cell_GTTCTCGGTCGTTGTA,0,0,0
ECO1_PBMC_cell_GATGCTACATGAGCGA,0,0,0
ECO1_PBMC_cell_CGTAGGCGTATAAACG,0,0,0
ECO1_PBMC_cell_GTGCATATCCGCAAGC,0,0,0
ECO1_PBMC_cell_TCCACACCACAACGTT,0,0,0
ECO1_PBMC_cell_CTGATCCAGCTAGTTC,0,0,0
ECO1_PBMC_cell_GACTGCGCACCTCGTT,0,0,0
ECO1_PBMC_cell_GACTAACCAAGTAATG,0,0,0
ECO1_PBMC_cell_CATCAGAAGTGCGTGA,0,0,0
ECO1_PBMC_cell_CCAATCCAGCAGATCG,0,0,0
ECO1_PBMC_cell_TTGGCAATCATTTGGG,0,0,0
ECO1_PBMC_cell_CTGTTTACAAACGCGA,0,0,0
ECO1_PBMC_cell_GCTGGGTTCTAGCACA,0,0,0
ECO1_PBMC_cell_TCAGATGAGTTCGCGC,0,0,0
ECO1_PBMC_cell_GACAGAGTCTAGAGTC,0,0,0
ECO1_PBMC_cell_TACAGTGGTATAGGTA,0,0,0
ECO1_PBMC_cell_GAGTCCGCATGGTCTA,0,0,0
ECO1_PBMC_cell_TTCTTAGCATGGGACA,0,0,0
ECO1_PBMC_cell_TCTGAGACAGTTAACC,0,0,0
ECO1_PBMC_cell_TGCTGCTTCGCGGATC,0,0,0
ECO1_PBMC_cell_TGTCCCACATTACGAC,0,0,0
ECO1_PBMC_cell_TCAGCAAGTGTTCTTT,0,0,0
ECO1_PBMC_cell_AAGGTTCGTGATAAAC,0,0,0
ECO1_PBMC_cell_TTGCGTCCAAACGTGG,0,0,0
ECO1_PBMC_cell_GCATGTAAGCACCGCT,0,0,0
ECO1_PBMC_cell_CGCGTTTTCGTAGGTT,0,0,0
ECO1_PBMC_cell_TCACGAATCTTGAGAC,0,0,0
ECO1_PBMC_cell_AATCCAGTCACCACCT,0,0,0
ECO1_PBMC_cell_ACGCAGCCAATCCGAT,0,0,0
ECO1_PBMC_cell_ACGGCCATCCTGTAGA,0,0,0
ECO1_PBMC_cell_CACCTTGCACCATGTA,0,0,0
ECO1_PBMC_cell_CCGGTAGCAGACTCGC,0,0,0
ECO1_PBMC_cell_ATAAGAGAGGACAGAA,0,0,0
ECO1_PBMC_cell_CATCGAAGTTCCGTCT,0,0,0
ECO1_PBMC_cell_AGCCTAATCATAAAGG,0,0,0
ECO1_PBMC_cell_ACGTCAACACGCCAGT,0,0,0
ECO1_PBMC_cell_GGGCACTTCCCTAATT,0,0,0
ECO1_PBMC_cell_AGCGGTCTCGCAAGCC,0,0,0
ECO1_PBMC_cell_CGCCAAGGTCGAGTTT,0,0,0
ECO1_PBMC_cell_ACATCAGAGATCTGCT,0,0,0
ECO1_PBMC_cell_GTACTTTTCAACACTG,0,0,0
ECO1_PBMC_cell_CAACTAGTCTCCAGGG,0,0,0
ECO1_PBMC_cell_CTCTAATAGCTGAACG,0,0,0
ECO1_PBMC_cell_CCTACCACAAAGTCAA,0,0,0
ECO1_PBMC_cell_TTTCCTCAGATGGCGT,0,0,0
ECO1_PBMC_cell_ACTTACTCAATCCAAC,0,0,0
ECO1_PBMC_cell_TGAGCCGTCATAACCG,0,0,0
ECO1_PBMC_cell_ACGTCAAAGGACACCA,0,0,0
ECO1_PBMC_cell_GCTGCAGAGTAGCGGT,0,0,0
ECO1_PBMC_cell_CGTCTACAGCGTGAGT,0,0,0
ECO1_PBMC_cell_AGACGTTCACATTCGA,0,0,0
ECO1_PBMC_cell_TGCTGCTCACTAGTAC,0,0,0
ECO1_PBMC_cell_GCACATAGTCAAACTC,0,0,0
ECO1_PBMC_cell_CAGCATAAGCGTTGCC,0,0,0
ECO1_PBMC_cell_TGACTTTCACATCTTT,0,0,0
ECO1_PBMC_cell_ATCCACCGTTCCGGCA,0,0,0
ECO1_PBMC_cell_CATTCGCCAGTATCTG,0,0,0
ECO1_PBMC_cell_AACGTTGCAGGAATCG,0,0,0
ECO1_PBMC_cell_GTACGTAAGGGATCTG,0,0,0
ECO1_PBMC_cell_CTCGAGGAGGCGTACA,0,0,0
ECO1_PBMC_cell_ACTGAACGTGTGGTTT,0,0,0
ECO1_PBMC_cell_CATCCACTCACTTCAT,0,0,0
ECO1_PBMC_cell_ATCCGAATCACAGTAC,0,0,0
ECO1_PBMC_cell_ACGATACAGATGTGGC,0,0,0
ECO1_PBMC_cell_AGGGTGACAGGCTCAC,0,0,0
ECO1_PBMC_cell_AGCTTGAAGTCGAGTG,0,0,0
ECO1_PBMC_cell_GAGGTGATCGTTTAGG,0,0,0
ECO1_PBMC_cell_TTAGGACCAGACGCCT,0,0,0
ECO1_PBMC_cell_TGCGCAGAGACTGTAA,0,0,0
ECO1_PBMC_cell_GATGAGGCATTCTTAC,0,0,0
ECO1_PBMC_cell_GGAACTTTCATTGCGA,0,0,0
ECO1_PBMC_cell_GACTACAGTGGACGAT,0,0,0
ECO1_PBMC_cell_CCAATCCCAGCCACCA,0,0,0
ECO1_PBMC_cell_TCTCTAAAGCCTTGAT,0,0,0
ECO1_PBMC_cell_CGGAGTCCAGGAACGT,0,0,0
ECO1_PBMC_cell_AACTCTTTCAGTGTTG,0,0,0
ECO1_PBMC_cell_GCTCCTAGTGATGCCC,0,0,0
ECO1_PBMC_cell_GTCCTCACAATGTTGC,0,0,0
ECO1_PBMC_cell_CTGCTGTCATGTTGAC,0,0,0
ECO1_PBMC_cell_CAGCTGGTCTGTCAAG,0,0,0
ECO1_PBMC_cell_TTATGCTCAACAACCT,0,0,0
ECO1_PBMC_cell_TGGCGCAAGATCACGG,0,0,0
ECO1_PBMC_cell_AGCGGTCAGGGTGTTG,0,0,0
ECO1_PBMC_cell_GCATGATCAATAAGCA,0,0,0
ECO1_PBMC_cell_GTTCTCGTCCTTGACC,0,0,0
ECO1_PBMC_cell_ACTTACTAGAAGGGTA,0,0,0
ECO1_PBMC_cell_GTCGTAACAAACTGCT,0,0,0
ECO1_PBMC_cell_TTGCGTCCAGCTGGCT,0,0,0
ECO1_PBMC_cell_AGGCCACGTCGCATAT,0,0,0
ECO1_PBMC_cell_TGCACCTAGATATGGT,0,0,0
ECO1_PBMC_cell_CACACCTAGTGTTAGA,0,0,0
ECO1_PBMC_cell_CTGAAGTAGACATAAC,0,0,0
ECO1_PBMC_cell_TTCCCAGTCTTACCTA,0,0,0
ECO1_PBMC_cell_TCATTTGAGCGGCTTC,0,0,0
ECO1_PBMC_cell_AGGCCGTGTCCAGTAT,0,0,0
ECO1_PBMC_cell_CGCTTCAAGTGAATTG,0,0,0
ECO1_PBMC_cell_GTCGGGTTCCTATTCA,0,0,0
ECO1_PBMC_cell_CAAGTTGTCTTCAACT,0,0,0
ECO1_PBMC_cell_GTATTCTGTGCATCTA,0,0,0
ECO1_PBMC_cell_TGATTTCAGCGATTCT,0,0,0
ECO1_PBMC_cell_ACGGGTCGTCGCGAAA,0,0,0
ECO1_PBMC_cell_TGAGGGAGTTCGGCAC,0,0,0
ECO1_PBMC_cell_TGCTGCTCACGCTTTC,0,0,0
ECO1_PBMC_cell_CCGTACTTCGTAGATC,0,0,0
ECO1_PBMC_cell_TGACGGCGTGCAACTT,0,0,0
ECO1_PBMC_cell_GCGCGATAGCTAACTC,0,0,0
ECO1_PBMC_cell_AGTGGGAAGTGATCGG,0,0,0
ECO1_PBMC_cell_CTCCTAGCAAGCTGAG,0,0,0
ECO1_PBMC_cell_CTTTGCGAGCAACGGT,0,0,0
ECO1_PBMC_cell_GAATAAGCACGGCGTT,0,0,0
ECO1_PBMC_cell_TCTTTCCTCATCTGCC,0,0,0
ECO1_PBMC_cell_TAGAGCTCAGTGGGAT,0,0,0
ECO1_PBMC_cell_GGACAGACACGTCTCT,0,0,0
ECO1_PBMC_cell_GCGCCAAGTTATCGGT,0,0,0
ECO1_PBMC_cell_TGATTTCTCAGTTAGC,0,0,0
ECO1_PBMC_cell_TTTCCTCAGGACAGCT,0,0,0
ECO1_PBMC_cell_CATCAAGTCCGAGCCA,0,0,0
ECO1_PBMC_cell_GAAACTCAGCTCAACT,0,0,0
ECO1_PBMC_cell_GCAATCATCACTTACT,0,0,0
ECO1_PBMC_cell_GTACGTAGTCTACCTC,0,0,0
ECO1_PBMC_cell_ACCTTTATCACTCTTA,0,0,0
ECO1_PBMC_cell_TGGCGCACATTAGGCT,0,0,0
ECO1_PBMC_cell_GCACTCTTCCTAGTGA,0,0,0
ECO1_PBMC_cell_CCTACACCATCATCCC,0,0,0
ECO1_PBMC_cell_ATCCACCGTTGGGACA,0,0,0
ECO1_PBMC_cell_CTCACACTCAGCAACT,0,0,0
ECO1_PBMC_cell_ACGGCCAGTGACCAAG,0,0,0
ECO1_PBMC_cell_TGAGAGGTCCACGACG,0,0,0
ECO1_PBMC_cell_TGCCAAAAGCGAAGGG,0,0,0
ECO1_PBMC_cell_GGCTGGTGTCCGAACC,0,0,0
ECO1_PBMC_cell_TCGTAGACAGTCCTTC,0,0,0
ECO1_PBMC_cell_AGGGTGAAGTCACGCC,0,0,0
ECO1_PBMC_cell_TCACGAAAGGGAGTAA,0,0,0
ECO1_PBMC_cell_AGATTGCGTTTAGCTG,0,0,0
ECO1_PBMC_cell_AGGTCATGTAGAGGAA,0,0,0
ECO1_PBMC_cell_AGCCTAACAGGTTTCA,0,0,0
ECO1_PBMC_cell_ATGGGAGGTAGCTCCG,0,0,0
ECO1_PBMC_cell_GTCACGGGTAGGGTAC,0,0,0
ECO1_PBMC_cell_GCATACAAGACAGGCT,0,0,0
ECO1_PBMC_cell_TGATTTCGTTATCACG,0,0,0
ECO1_PBMC_cell_GCGGGTTGTGACGCCT,0,0,0
ECO1_PBMC_cell_TCATTTGCACTCAGGC,0,0,0
ECO1_PBMC_cell_GCCAAATTCCAGAAGG,0,0,0
ECO1_PBMC_cell_CTCGTCATCGCCGTGA,0,0,0
ECO1_PBMC_cell_GAATAAGAGTCGATAA,0,0,0
ECO1_PBMC_cell_GACTACAAGGCTCATT,0,0,0
ECO1_PBMC_cell_CAGCGACAGTCGAGTG,0,0,0
ECO1_PBMC_cell_ACGCCAGAGGCTAGAC,0,0,0
ECO1_PBMC_cell_GGCAATTGTTTCGCTC,0,0,0
ECO1_PBMC_cell_GAGTCCGCAATCCAAC,0,0,0
ECO1_PBMC_cell_TCAGCAAGTGCCTGCA,0,0,0
ECO1_PBMC_cell_AAACCTGGTTAGGGTG,0,0,0
ECO1_PBMC_cell_CACCACTGTCCATCCT,0,0,0
ECO1_PBMC_cell_CGAACATAGATCCCAT,0,0,0
ECO1_PBMC_cell_GCCAAATCATCTATGG,0,0,0
ECO1_PBMC_cell_GATGAAAAGTGGTAGC,0,0,0
ECO1_PBMC_cell_TCAGCAACAGAAGCAC,0,0,0
ECO1_PBMC_cell_ATTTCTGTCGACAGCC,0,0,0
ECO1_PBMC_cell_CAGATCATCTCGGACG,0,0,1
ECO1_PBMC_cell_CTTAGGACATCCCACT,0,0,0
ECO1_PBMC_cell_ACAGCTACATATGCTG,0,0,0
ECO1_PBMC_cell_TGACTTTTCTGTTGAG,0,0,0
ECO1_PBMC_cell_CCTTACGGTTAGTGGG,0,0,0
ECO1_PBMC_cell_GTTCTCGAGGCATGGT,0,0,0
ECO1_PBMC_cell_ACGCCAGTCGCCAAAT,0,0,0
ECO1_PBMC_cell_TTGACTTGTCGCGAAA,0,0,0
ECO1_PBMC_cell_ACGAGCCAGGGTATCG,0,0,0
ECO1_PBMC_cell_CGTAGCGAGCGTCAAG,0,0,0
ECO1_PBMC_cell_GATCAGTTCTGTCTCG,0,0,0
ECO1_PBMC_cell_GGCAATTCATAAAGGT,0,0,0
ECO1_PBMC_cell_AGATCTGTCACAGGCC,0,0,0
ECO1_PBMC_cell_TACTTGTGTCATACTG,0,0,0
ECO1_PBMC_cell_CCACGGATCTTAACCT,0,0,0
ECO1_PBMC_cell_CGTGTCTTCAGGCCCA,0,0,0
ECO1_PBMC_cell_CATCCACTCGCAAGCC,0,0,0
ECO1_PBMC_cell_AACCGCGGTGATGATA,0,0,0
ECO1_PBMC_cell_CTAATGGCAGCTGTAT,0,0,0
ECO1_PBMC_cell_CACCTTGTCCAAGTAC,0,0,0
ECO1_PBMC_cell_TTATGCTGTACCTACA,0,0,0
ECO1_PBMC_cell_GTTACAGAGAAGCCCA,0,0,0
ECO1_PBMC_cell_ATTATCCCACGGCGTT,0,0,0
ECO1_PBMC_cell_GCGAGAAAGACAGGCT,0,0,0
ECO1_PBMC_cell_AGAGCTTGTCCGTCAG,0,0,0
ECO1_PBMC_cell_CTGAAACCATACCATG,0,0,0
ECO1_PBMC_cell_GACCAATGTTTGTTTC,0,0,0
ECO1_PBMC_cell_GCGACCAAGTAAGTAC,0,0,0
ECO1_PBMC_cell_ACGGGTCCAATGGACG,0,0,0
ECO1_PBMC_cell_AAGGAGCAGTGTTAGA,0,0,0
ECO1_PBMC_cell_ACAGCTATCGTCTGAA,0,0,0
ECO1_PBMC_cell_TTGAACGTCTTGCATT,0,0,0
ECO1_PBMC_cell_GAACCTAGTTGGACCC,0,0,0
ECO1_PBMC_cell_AGCTCTCCAATGACCT,0,0,0
ECO1_PBMC_cell_ATGTGTGCATCTCCCA,0,0,0
ECO1_PBMC_cell_TTCTTAGCACTTGGAT,0,0,0
ECO1_PBMC_cell_TGCCCATGTACACCGC,0,0,0
ECO1_PBMC_cell_TATCAGGTCGAGAGCA,0,0,0
ECO1_PBMC_cell_GTTAAGCTCTGAAAGA,0,0,0
ECO1_PBMC_cell_TCTGGAAGTGGTAACG,0,0,0
ECO1_PBMC_cell_AAGTCTGAGTCTCGGC,0,0,0
ECO1_PBMC_cell_CTCGTACTCGCTTGTC,0,0,0
ECO1_PBMC_cell_GCATGTAAGTCCGTAT,0,0,0
ECO1_PBMC_cell_GTCACGGGTTCAGCGC,0,0,0
ECO1_PBMC_cell_CGTCTACAGATGCCTT,0,0,0
ECO1_PBMC_cell_GACGTTACATGAGCGA,0,0,0
ECO1_PBMC_cell_CTCCTAGTCGCCATAA,0,0,0
ECO1_PBMC_cell_TGTGGTAGTTGACGTT,0,0,0
ECO1_PBMC_cell_CCACGGAGTGACAAAT,0,0,0
ECO1_PBMC_cell_GTCTCGTTCATGTAGC,0,0,0
ECO1_PBMC_cell_CCCAGTTGTCGACTGC,0,0,0
ECO1_PBMC_cell_CTAGAGTTCGTGACAT,0,0,0
ECO1_PBMC_cell_AACTCTTAGCGTGAGT,0,0,0
ECO1_PBMC_cell_ACATGGTGTTACAGAA,0,0,0
ECO1_PBMC_cell_CTAAGACCAATGGTCT,0,0,0
ECO1_PBMC_cell_TAAGAGATCGACGGAA,0,0,0
ECO1_PBMC_cell_GATCTAGAGCTGGAAC,0,0,0
ECO1_PBMC_cell_CTCGAGGAGTACGCCC,0,0,0
ECO1_PBMC_cell_AAACGGGCAGGATTGG,0,0,0
ECO1_PBMC_cell_TCGTACCTCAAGATCC,0,0,0
ECO1_PBMC_cell_GTGCTTCAGAGTTGGC,0,0,0
ECO1_PBMC_cell_ACCTTTATCCAGAAGG,0,0,0
ECO1_PBMC_cell_TTCCCAGTCTTGTTTG,0,0,0
ECO1_PBMC_cell_GTGTGCGAGAACTGTA,0,0,0
ECO1_PBMC_cell_CATCCACTCATTGCCC,0,0,0
ECO1_PBMC_cell_CCATTCGCATGGAATA,0,0,0
ECO1_PBMC_cell_TACTTACTCTCGCTTG,0,0,0
ECO1_PBMC_cell_CGGACTGCATTCTCAT,0,0,0
ECO1_PBMC_cell_AGGGAGTGTTGTACAC,0,0,0
ECO1_PBMC_cell_CCCTCCTAGCCTTGAT,0,0,0
ECO1_PBMC_cell_GAAATGACATAGTAAG,0,0,0
ECO1_PBMC_cell_TGCCCATTCCAGGGCT,0,0,0
ECO1_PBMC_cell_CACATAGGTATGAATG,0,0,0
ECO1_PBMC_cell_GATCTAGAGCTCCTCT,0,0,0
ECO1_PBMC_cell_ACCAGTATCACAATGC,0,0,0
ECO1_PBMC_cell_GCACTCTCAGATGGGT,0,0,0
ECO1_PBMC_cell_GTACGTATCATCTGTT,0,0,0
ECO1_PBMC_cell_TATTACCAGGCATGGT,0,0,0
ECO1_PBMC_cell_TTGACTTGTTCATGGT,0,0,0
ECO1_PBMC_cell_AAACGGGGTAACGCGA,0,0,0
ECO1_PBMC_cell_AACTGGTAGTCCAGGA,0,0,0
ECO1_PBMC_cell_TACTTACAGGTAGCTG,0,0,0
ECO1_PBMC_cell_TCCACACGTATAGTAG,0,0,0
ECO1_PBMC_cell_TAGACCAAGATCGATA,0,0,0
ECO1_PBMC_cell_TCTCTAAGTGGTTTCA,0,0,0
ECO1_PBMC_cell_AGCTTGAGTTGTGGCC,0,0,0
ECO1_PBMC_cell_TTAGTTCGTTGTGGAG,0,0,0
ECO1_PBMC_cell_TAGGCATCAATACGCT,0,0,0
ECO1_PBMC_cell_CATCGAACATGATCCA,0,0,0
ECO1_PBMC_cell_CTAAGACGTATGAATG,0,0,0
ECO1_PBMC_cell_TCGCGAGAGAGCCCAA,0,0,0
ECO1_PBMC_cell_CTTCTCTTCAAAGTAG,0,0,0
ECO1_PBMC_cell_CCTCTGATCGGTTAAC,0,0,0
ECO1_PBMC_cell_TACGGATCATCGATTG,0,0,0
ECO1_PBMC_cell_TTATGCTAGATCTGCT,0,0,0
ECO1_PBMC_cell_GTCAAGTCAGTGGAGT,0,0,0
ECO1_PBMC_cell_AGCGGTCGTCTAGGTT,0,0,0
ECO1_PBMC_cell_TATGCCCAGGTGATAT,0,0,0
ECO1_PBMC_cell_AACCGCGTCCCTCTTT,0,0,0
ECO1_PBMC_cell_GTATCTTGTAGAAGGA,0,0,0
ECO1_PBMC_cell_CATTCGCAGAGTAAGG,0,0,0
ECO1_PBMC_cell_TAAACCGTCTTGCATT,0,0,0
ECO1_PBMC_cell_CTCTACGCATTAGGCT,0,0,0
ECO1_PBMC_cell_ACGAGGAGTCAAAGCG,0,0,0
ECO1_PBMC_cell_GTTTCTACACATAACC,0,0,0
ECO1_PBMC_cell_TCTGAGATCACAAACC,0,0,0
ECO1_PBMC_cell_TAAACCGAGAGTACAT,0,0,0
ECO1_PBMC_cell_TGACTAGGTCGAAAGC,0,0,0
ECO1_PBMC_cell_CAGATCAGTATGGTTC,0,0,0
ECO1_PBMC_cell_AGTCTTTTCTAACTTC,0,0,0
ECO1_PBMC_cell_CGGAGCTCATGAAGTA,0,0,0
ECO1_PBMC_cell_CACACAAGTAGCGTCC,0,0,0
ECO1_PBMC_cell_AATCCAGAGAGGTAGA,0,0,0
ECO1_PBMC_cell_GCCAAATGTAACGCGA,0,0,0
ECO1_PBMC_cell_CCATGTCGTTTAAGCC,0,0,0
ECO1_PBMC_cell_AAAGATGGTGCAGACA,0,0,0
ECO1_PBMC_cell_CGTTCTGCACCGAAAG,0,0,0
ECO1_PBMC_cell_TGTCCCACAGAAGCAC,0,0,0
ECO1_PBMC_cell_TGCGTGGTCCTGCCAT,0,0,0
ECO1_PBMC_cell_TAGTTGGTCACAAACC,0,0,0
ECO1_PBMC_cell_TGAGCCGCACATGGGA,0,0,0
ECO1_PBMC_cell_GGACAAGTCACAATGC,0,0,0
ECO1_PBMC_cell_GCTGCAGCAAGCCGTC,0,0,0
ECO1_PBMC_cell_CCTATTACATTTCACT,0,0,0
ECO1_PBMC_cell_AGTAGTCGTAAGTGTA,0,0,0
ECO1_PBMC_cell_GTAACTGCACCCATGG,0,0,0
ECO1_PBMC_cell_CCTTTCTAGTGTCCAT,0,0,0
ECO1_PBMC_cell_CAGGTGCGTAGCGTAG,0,0,0
ECO1_PBMC_cell_TCAGCAATCATGCATG,0,0,0
ECO1_PBMC_cell_CTTACCGAGTTACGGG,0,0,0
ECO1_PBMC_cell_CTGGTCTAGCTCAACT,0,0,0
ECO1_PBMC_cell_GATGAGGGTTGCGTTA,0,0,0
ECO1_PBMC_cell_AGAGCTTCAGCGTTCG,0,0,0
ECO1_PBMC_cell_ACTGAACCAGTATAAG,0,0,0
ECO1_PBMC_cell_GAATAAGTCTTCATGT,0,0,0
ECO1_PBMC_cell_CCCAATCAGTGTCCCG,0,0,0
ECO1_PBMC_cell_GTGAAGGCACGAAGCA,0,0,0
ECO1_PBMC_cell_TCTGAGAGTGGCGAAT,0,0,0
ECO1_PBMC_cell_CACACTCGTTCCGGCA,0,0,0
ECO1_PBMC_cell_TCTCATAAGAAACCGC,0,0,0
ECO1_PBMC_cell_AGTTGGTTCCTAGTGA,0,0,0
ECO1_PBMC_cell_CGAACATCAGCCAATT,0,0,0
ECO1_PBMC_cell_CAAGTTGGTCGCTTTC,0,0,0
ECO1_PBMC_cell_GGCGACTCAAGGCTCC,0,0,0
ECO1_PBMC_cell_ACACCAAGTCCTCCAT,0,0,0
ECO1_PBMC_cell_ATTGGTGGTGGTACAG,0,0,0
ECO1_PBMC_cell_GGACATTTCAACCAAC,0,0,0
ECO1_PBMC_cell_GGAATAATCCAAACTG,0,0,0
ECO1_PBMC_cell_ACAGCCGTCGTACGGC,0,0,0
ECO1_PBMC_cell_CTTACCGCAGCGTTCG,0,0,0
ECO1_PBMC_cell_CGACCTTGTGAGCGAT,0,0,0
ECO1_PBMC_cell_CGTTGGGTCGGAATCT,0,0,0
ECO1_PBMC_cell_ACACCGGCAAGTAGTA,0,0,0
ECO1_PBMC_cell_TGAGCATGTTGATTGC,0,0,0
ECO1_PBMC_cell_CCACCTACAAACTGTC,0,0,0
ECO1_PBMC_cell_CGTAGGCCATATGAGA,0,0,0
ECO1_PBMC_cell_CGAACATCAATACGCT,0,0,0
ECO1_PBMC_cell_CCCAGTTGTCGGCTCA,0,0,0
ECO1_PBMC_cell_TATTACCAGCCGATTT,0,0,0
ECO1_PBMC_cell_CCATGTCAGCCCAGCT,0,0,0
ECO1_PBMC_cell_CTCTACGAGACAGAGA,0,0,0
ECO1_PBMC_cell_CGTCTACTCAGAGACG,0,0,0
ECO1_PBMC_cell_GTACTTTTCACGCATA,0,0,0
ECO1_PBMC_cell_TACGGGCTCAGCTTAG,0,0,1
ECO1_PBMC_cell_CTCGAGGGTGGTAACG,0,0,0
ECO1_PBMC_cell_TATTACCGTAAACCTC,0,0,0
ECO1_PBMC_cell_CTGCGGAAGTTTGCGT,0,0,0
ECO1_PBMC_cell_GTAGTCAAGCGTCTAT,0,0,0
ECO1_PBMC_cell_TAGTTGGAGATAGTCA,0,0,0
ECO1_PBMC_cell_CTTTGCGTCCGCGGTA,0,0,0
ECO1_PBMC_cell_CACACTCGTTCCCGAG,0,0,0
ECO1_PBMC_cell_AAACCTGCACTATCTT,0,0,0
ECO1_PBMC_cell_TGACTTTCAATGGTCT,0,0,0
ECO1_PBMC_cell_CTACCCAGTAGGAGTC,0,0,0
ECO1_PBMC_cell_ATTCTACGTTCGTTGA,0,0,0
ECO1_PBMC_cell_CTGCTGTTCACTATTC,0,0,0
ECO1_PBMC_cell_CCGTTCATCCAAAGTC,0,0,0
ECO1_PBMC_cell_GCACATATCTGGTGTA,0,0,0
ECO1_PBMC_cell_AGTGGGAAGTGGCACA,0,0,0
ECO1_PBMC_cell_CTTGGCTGTTATCACG,0,0,0
ECO1_PBMC_cell_GTGCGGTGTCAGATAA,0,0,0
ECO1_PBMC_cell_AACTGGTAGTGTTAGA,0,0,0
ECO1_PBMC_cell_CCTCAGTTCAAGGCTT,0,0,0
ECO1_PBMC_cell_GTTCATTCAAGTCTAC,0,0,0
ECO1_PBMC_cell_CGGACACCACAACGCC,0,0,0
ECO1_PBMC_cell_CCAATCCTCCGCGGTA,0,0,0
ECO1_PBMC_cell_GACTGCGAGTAATCCC,0,0,0
ECO1_PBMC_cell_AGCCTAACAATGGACG,0,0,0
ECO1_PBMC_cell_CGTGAGCCACCGTTGG,0,0,0
ECO1_PBMC_cell_AAACGGGCACCTCGGA,0,0,0
ECO1_PBMC_cell_CTGCCTATCCACTGGG,0,0,0
ECO1_PBMC_cell_CTACCCATCCAGGGCT,0,0,0
ECO1_PBMC_cell_GACTACATCACGACTA,0,0,0
ECO1_PBMC_cell_ACTGTCCAGTTGTCGT,0,0,0
ECO1_PBMC_cell_CCAGCGACAGTCAGAG,0,0,0
ECO1_PBMC_cell_TAGACCAAGCAGCGTA,0,0,0
ECO1_PBMC_cell_ACGAGCCAGTACGCCC,0,0,0
ECO1_PBMC_cell_GGACAAGCAATCTGCA,0,0,0
ECO1_PBMC_cell_AAATGCCAGTAGCGGT,0,0,0
ECO1_PBMC_cell_ATGGGAGAGGACACCA,0,0,0
ECO1_PBMC_cell_TGGGAAGGTCCTCCAT,0,0,0
ECO1_PBMC_cell_ACTTGTTTCATTATCC,0,0,0
ECO1_PBMC_cell_TACTCATCACGGCCAT,0,0,0
ECO1_PBMC_cell_AGCCTAATCATACGGT,0,0,0
ECO1_PBMC_cell_CTCGGGAGTTCCATGA,0,0,0
ECO1_PBMC_cell_CTCGTCATCACCTCGT,0,0,0
ECO1_PBMC_cell_TTGAACGAGCGAAGGG,0,0,0
ECO1_PBMC_cell_TACCTTAGTGACAAAT,0,0,0
ECO1_PBMC_cell_ACACTGAGTTGACGTT,0,0,0
ECO1_PBMC_cell_ACGCCAGAGGTGACCA,0,0,0
ECO1_PBMC_cell_CTCGGGAGTAAATGTG,0,0,0
ECO1_PBMC_cell_GATTCAGAGATGCCTT,0,0,0
ECO1_PBMC_cell_GCATGCGAGTGAACAT,0,0,0
ECO1_PBMC_cell_CTCTACGCATCACGAT,0,0,0
ECO1_PBMC_cell_TGTGTTTGTCTGATCA,0,0,0
ECO1_PBMC_cell_AGCGTCGGTTTGGGCC,0,0,0
ECO1_PBMC_cell_GCATGATAGGTACTCT,0,0,0
ECO1_PBMC_cell_ACAGCCGCAAGAGGCT,0,0,0
ECO1_PBMC_cell_GGACAAGCAGGGTTAG,0,0,0
ECO1_PBMC_cell_CCGTTCATCTTACCGC,0,0,0
ECO1_PBMC_cell_CCGTGGAAGTATCGAA,0,0,0
ECO1_PBMC_cell_CCAGCGAGTCGGCTCA,0,0,0
ECO1_PBMC_cell_GTGCTTCAGTTTAGGA,0,0,0
ECO1_PBMC_cell_AGCTCTCCAAGGTTTC,0,0,0
ECO1_PBMC_cell_CACACCTGTAGCAAAT,0,0,0
ECO1_PBMC_cell_CAGCATACAAACAACA,0,0,0
ECO1_PBMC_cell_TATCTCACAATGGATA,0,0,0
ECO1_PBMC_cell_ACTTTCAGTGCCTTGG,0,0,0
ECO1_PBMC_cell_TGCTACCGTACATGTC,0,0,0
ECO1_PBMC_cell_AGCCTAAGTACCATCA,0,0,0
ECO1_PBMC_cell_CTTGGCTCATCCGCGA,0,0,0
ECO1_PBMC_cell_TAGCCGGTCTCGAGTA,0,0,0
ECO1_PBMC_cell_GGCGTGTGTATTCGTG,0,0,0
ECO1_PBMC_cell_CTACGTCGTGCACTTA,0,0,0
ECO1_PBMC_cell_GGAACTTCACGAGGTA,0,0,0
ECO1_PBMC_cell_GGGCACTTCACATAGC,0,0,0
ECO1_PBMC_cell_CTTGGCTAGGAGCGTT,0,0,0
ECO1_PBMC_cell_TTCCCAGGTCTCGTTC,0,0,0
ECO1_PBMC_cell_CATTCGCGTCTACCTC,0,0,0
ECO1_PBMC_cell_CTCTAATCATGCTAGT,0,0,0
ECO1_PBMC_cell_TGACAACTCCGTAGGC,0,0,0
ECO1_PBMC_cell_GCTGCTTGTACTTGAC,0,0,0
ECO1_PBMC_cell_AAGCCGCTCCTAGAAC,0,0,0
ECO1_PBMC_cell_TCAGCAATCTTACCGC,0,0,0
ECO1_PBMC_cell_TCTTCGGCACGGTTTA,0,0,0
ECO1_PBMC_cell_AGCTTGAGTTCATGGT,0,0,0
ECO1_PBMC_cell_AGGGTGAAGCACGCCT,0,0,0
ECO1_PBMC_cell_ACGTCAATCTCAAGTG,0,0,0
ECO1_PBMC_cell_TCTGGAAAGGCAGGTT,0,0,0
ECO1_PBMC_cell_CATATGGAGCGATAGC,0,0,0
ECO1_PBMC_cell_TACAGTGAGGATGGTC,0,0,0
ECO1_PBMC_cell_CGCGTTTGTAGCGCTC,0,0,0
ECO1_PBMC_cell_ACGAGGATCTGGAGCC,0,0,0
ECO1_PBMC_cell_CTCGTACAGCGTTCCG,0,0,0
ECO1_PBMC_cell_ATCTACTCAAGCTGGA,0,0,0
ECO1_PBMC_cell_TCAGGATGTCCAGTTA,0,0,0
ECO1_PBMC_cell_AACGTTGAGAACTGTA,0,0,0
ECO1_PBMC_cell_TACTCATCATCACGTA,0,0,0
ECO1_PBMC_cell_AGTGAGGAGTAGGTGC,0,0,0
ECO1_PBMC_cell_TCACAAGCATGACATC,0,0,0
ECO1_PBMC_cell_AAGGAGCAGAGTCGGT,0,0,0
ECO1_PBMC_cell_GTCTTCGCACTAGTAC,0,0,0
ECO1_PBMC_cell_CCTTCGATCACTTCAT,0,0,0
ECO1_PBMC_cell_GCTGCGACATCCCACT,0,0,0
ECO1_PBMC_cell_TTCTCAACAAGCTGAG,0,0,0
ECO1_PBMC_cell_TCAGATGTCGCCAAAT,0,0,0
ECO1_PBMC_cell_GAACGGAAGCATGGCA,0,0,0
ECO1_PBMC_cell_TACCTTAAGACATAAC,0,0,0
ECO1_PBMC_cell_CAAGTTGCAAGCTGTT,0,0,0
ECO1_PBMC_cell_GTACTTTGTATTCTCT,0,0,0
ECO1_PBMC_cell_ACGTCAAAGTCGTACT,0,0,0
ECO1_PBMC_cell_ACCGTAAAGGGTCTCC,0,0,0
ECO1_PBMC_cell_GTATCTTTCATTGCCC,0,0,0
ECO1_PBMC_cell_GGCAATTTCGAACGGA,0,0,0
ECO1_PBMC_cell_CGATCGGCAGTAGAGC,0,0,0
ECO1_PBMC_cell_CCGGGATTCTGGCGTG,0,0,0
ECO1_PBMC_cell_AAACGGGGTCATCCCT,0,0,0
ECO1_PBMC_cell_AAAGATGCAATGGACG,0,0,0
ECO1_PBMC_cell_GTCCTCAGTTATCGGT,0,0,0
ECO1_PBMC_cell_CATCCACGTCACACGC,0,0,0
ECO1_PBMC_cell_TAAACCGAGCACCGTC,0,0,0
ECO1_PBMC_cell_TGAGCATTCAGGCAAG,0,0,0
ECO1_PBMC_cell_TTAGTTCCACGAGAGT,0,0,0
ECO1_PBMC_cell_GCTGGGTTCTTTACGT,0,0,0
ECO1_PBMC_cell_GACGCGTTCTGCTGTC,0,0,0
ECO1_PBMC_cell_TAGTTGGAGAGACTAT,0,0,0
ECO1_PBMC_cell_CAGTAACCACACAGAG,0,0,0
ECO1_PBMC_cell_CGACTTCCAATGGAAT,0,0,0
ECO1_PBMC_cell_CAACCTCTCTAACTTC,0,0,0
ECO1_PBMC_cell_CACAGTACACAGGTTT,0,0,0
ECO1_PBMC_cell_TCAGCTCCATTCGACA,0,0,0
ECO1_PBMC_cell_TACCTATTCTGGTTCC,0,0,0
ECO1_PBMC_cell_TTGCCGTTCGGTCCGA,0,0,0
ECO1_PBMC_cell_TAGACCAGTACCATCA,0,0,0
ECO1_PBMC_cell_ATCCGAATCCGTAGTA,0,0,0
ECO1_PBMC_cell_AGCCTAAGTCAGAAGC,0,0,0
ECO1_PBMC_cell_CGATTGAAGACTTTCG,0,0,0
ECO1_PBMC_cell_GTCTTCGTCCGCAAGC,0,0,0
ECO1_PBMC_cell_CCCAATCCAGGACCCT,0,0,0
ECO1_PBMC_cell_CGGTTAAGTGAGGGAG,0,0,0
ECO1_PBMC_cell_ACTGATGGTAAACCTC,0,0,0
ECO1_PBMC_cell_CTCGAAATCCTTGCCA,0,0,0
ECO1_PBMC_cell_AGCGTCGCATGCAACT,0,0,0
ECO1_PBMC_cell_CAAGGCCTCAAACCAC,0,0,0
ECO1_PBMC_cell_TCAGCTCAGTAGCGGT,0,0,0
ECO1_PBMC_cell_CGGGTCAAGCAGGCTA,0,0,0
ECO1_PBMC_cell_AGAATAGGTCAATACC,0,0,0
ECO1_PBMC_cell_CTGATCCTCTGAGTGT,0,0,0
ECO1_PBMC_cell_CTGCGGACATACTACG,0,0,0
ECO1_PBMC_cell_ACACCAACACGTGAGA,0,0,0
ECO1_PBMC_cell_CAAGGCCAGTTACCCA,0,0,0
ECO1_PBMC_cell_GACGTTAGTTCCCTTG,0,0,0
ECO1_PBMC_cell_ATAACGCCAATTGCTG,0,0,0
ECO1_PBMC_cell_AGTGAGGTCCCGACTT,0,0,0
ECO1_PBMC_cell_CGGTTAAGTAATAGCA,0,0,0
ECO1_PBMC_cell_AAGGAGCCAAAGCAAT,0,0,0
ECO1_PBMC_cell_ATCTGCCTCTCGCTTG,0,0,0
ECO1_PBMC_cell_CACCTTGAGGTCATCT,0,0,0
ECO1_PBMC_cell_GGGACCTCAGACAGGT,0,0,0
ECO1_PBMC_cell_ACAGCCGAGAGTAAGG,0,0,0
ECO1_PBMC_cell_GCGGGTTAGGGAACGG,0,0,0
ECO1_PBMC_cell_CCTTTCTCATAGACTC,0,0,0
ECO1_PBMC_cell_GCGCGATCAGACTCGC,0,0,0
ECO1_PBMC_cell_ATTGGACCACCTCGTT,0,0,0
ECO1_PBMC_cell_ACGTCAACACGAAAGC,0,0,0
ECO1_PBMC_cell_CGTCCATTCAGTCCCT,0,0,0
ECO1_PBMC_cell_TACGGATTCATCGATG,0,0,0
ECO1_PBMC_cell_CAGCCGACACTTGGAT,0,0,0
ECO1_PBMC_cell_GGTGCGTGTAGCGTCC,0,0,0
ECO1_PBMC_cell_GCTGCTTAGGTACTCT,0,0,0
ECO1_PBMC_cell_GCAAACTTCCAGGGCT,0,0,0
ECO1_PBMC_cell_CATTATCTCGAGCCCA,0,0,0
ECO1_PBMC_cell_TGGCCAGCAGACAAGC,0,0,0
ECO1_PBMC_cell_CATTATCTCAGAGCTT,0,0,0
ECO1_PBMC_cell_TCAACGACACTGAAGG,0,0,0
ECO1_PBMC_cell_CTGCCTAAGAAGGGTA,0,0,0
ECO1_PBMC_cell_CAGTCCTTCTTCGGTC,0,0,0
ECO1_PBMC_cell_AGACGTTTCTTGTCAT,0,0,0
ECO1_PBMC_cell_AGTTGGTAGCATCATC,0,0,0
ECO1_PBMC_cell_GGAGCAAGTTTGTTGG,0,0,0
ECO1_PBMC_cell_TTGGAACCAAGCCATT,0,0,0
ECO1_PBMC_cell_TCGTACCAGTTATCGC,0,0,0
ECO1_PBMC_cell_CATATGGGTGGCCCTA,0,0,0
ECO1_PBMC_cell_CTAAGACAGCCCTAAT,0,0,0
ECO1_PBMC_cell_TCTTCGGCACTGTTAG,0,0,0
ECO1_PBMC_cell_CTACATTGTGATGCCC,0,0,0
ECO1_PBMC_cell_GATGAGGAGTACCGGA,0,0,0
ECO1_PBMC_cell_CTGCCTAAGGTGTGGT,0,0,0
ECO1_PBMC_cell_GTGCAGCCAAGAGGCT,0,0,0
ECO1_PBMC_cell_TTAACTCAGGTACTCT,0,0,0
ECO1_PBMC_cell_ACGTCAATCGCACTCT,0,0,0
ECO1_PBMC_cell_AGGGATGCACGCCAGT,0,0,0
ECO1_PBMC_cell_GGCCGATCACAACGTT,0,0,0
ECO1_PBMC_cell_ATCTGCCTCTGCCAGG,0,0,0
ECO1_PBMC_cell_CAGTCCTTCAGCGACC,0,0,0
ECO1_PBMC_cell_CACAGGCCACCCATGG,0,0,0
ECO1_PBMC_cell_ATGCGATGTAAGTTCC,0,0,0
ECO1_PBMC_cell_GATCGTATCACCTTAT,0,0,0
ECO1_PBMC_cell_CTACACCGTTCGAATC,0,0,0
ECO1_PBMC_cell_TCCCGATTCAAGGCTT,0,0,0
ECO1_PBMC_cell_GCCAAATTCACCATAG,0,0,0
ECO1_PBMC_cell_GATCGCGAGAGGTAGA,0,0,0
ECO1_PBMC_cell_GCTCCTAGTTACAGAA,0,0,0
ECO1_PBMC_cell_TGACGGCCAGCTCGAC,0,0,0
ECO1_PBMC_cell_CGTTAGAGTTCAGTAC,0,0,0
ECO1_PBMC_cell_AGAGTGGTCAACGGCC,0,0,0
ECO1_PBMC_cell_CATGCCTCACCGCTAG,0,0,0
ECO1_PBMC_cell_GACCTGGCATGGTCAT,0,0,0
ECO1_PBMC_cell_GTGAAGGGTCTGATTG,0,0,0
ECO1_PBMC_cell_CGACCTTCAATGAAAC,0,0,0
ECO1_PBMC_cell_CATCGAATCCCTTGTG,0,0,0
ECO1_PBMC_cell_GGCTGGTGTAACGACG,0,0,0
ECO1_PBMC_cell_CTGTTTAGTGTGACCC,0,0,0
ECO1_PBMC_cell_ACTGAACAGGTAGCCA,0,0,0
ECO1_PBMC_cell_CGTCACTCACAAGTAA,0,0,0
ECO1_PBMC_cell_ACTGAACAGTAGCGGT,0,0,0
ECO1_PBMC_cell_CGACTTCAGGTGTTAA,0,0,0
ECO1_PBMC_cell_GACGCGTAGTGCTGCC,0,0,0
ECO1_PBMC_cell_TTGCCGTCACCGAAAG,0,0,0
ECO1_PBMC_cell_CTAGTGACAGACGTAG,0,0,0
ECO1_PBMC_cell_GCCAAATAGTACTTGC,0,0,0
ECO1_PBMC_cell_CACACTCAGATGGCGT,0,0,0
ECO1_PBMC_cell_CCGTGGATCTTAGCCC,0,0,0
ECO1_PBMC_cell_CACAGGCTCAACACTG,0,0,0
ECO1_PBMC_cell_CTGAAACCAATCAGAA,0,0,0
ECO1_PBMC_cell_GATCTAGGTTTGTTGG,0,0,0
ECO1_PBMC_cell_TCACAAGAGCGAGAAA,0,0,0
ECO1_PBMC_cell_ACGGCCACACTCAGGC,0,0,0
ECO1_PBMC_cell_TACTTACAGCGTAATA,0,0,0
ECO1_PBMC_cell_ACGTCAAGTACAAGTA,0,0,0
ECO1_PBMC_cell_CATCAAGAGAGACTAT,0,0,0
ECO1_PBMC_cell_GGACGTCCAAATACAG,0,0,0
ECO1_PBMC_cell_CGGACGTGTGTGGCTC,0,0,0
ECO1_PBMC_cell_CGTGTCTTCTCTAAGG,0,0,0
ECO1_PBMC_cell_TCGGGACCAACGATCT,0,0,0
ECO1_PBMC_cell_AGCCTAAAGTGGAGAA,0,0,0
ECO1_PBMC_cell_ACTTTCAGTCTAGTGT,0,0,0
ECO1_PBMC_cell_TACCTATGTGCAGGTA,0,0,0
ECO1_PBMC_cell_AGAGTGGCAATGACCT,0,0,0
ECO1_PBMC_cell_GTATCTTTCCGTTGTC,0,0,0
ECO1_PBMC_cell_GCAAACTGTGCACCAC,0,0,0
ECO1_PBMC_cell_ATTCTACCACGTGAGA,0,0,0
ECO1_PBMC_cell_TAAACCGCACACCGCA,0,0,0
ECO1_PBMC_cell_CATGCCTCATCACGTA,0,0,0
ECO1_PBMC_cell_TGCCAAAGTTTGGGCC,0,0,0
ECO1_PBMC_cell_AAAGTAGGTCGCGAAA,0,0,0
ECO1_PBMC_cell_CTGTGCTGTTCACCTC,0,0,0
ECO1_PBMC_cell_CGTAGGCCAGCTATTG,0,0,0
ECO1_PBMC_cell_TAGTGGTAGCCACTAT,0,0,0
ECO1_PBMC_cell_CCTTTCTGTAGCGCAA,0,0,0
ECO1_PBMC_cell_GTACTCCTCCCTCAGT,0,0,0
ECO1_PBMC_cell_AGAGTGGCAGGGTACA,0,0,0
ECO1_PBMC_cell_GTCGGGTCATAGAAAC,0,0,0
ECO1_PBMC_cell_TCGCGAGCACGTGAGA,0,0,0
ECO1_PBMC_cell_GGGTCTGAGTGGAGAA,0,0,0
ECO1_PBMC_cell_TGTGTTTGTATTCGTG,0,0,0
ECO1_PBMC_cell_GTGCATACATTATCTC,0,0,0
ECO1_PBMC_cell_ATGGGAGAGTTTGCGT,0,0,0
ECO1_PBMC_cell_AGGCCGTAGCTCCTCT,0,0,0
ECO1_PBMC_cell_TCTGAGAGTCTAGTCA,0,0,0
ECO1_PBMC_cell_CCACCTACATTGGTAC,0,0,0
ECO1_PBMC_cell_AACTCAGTCACCCTCA,0,0,0
ECO1_PBMC_cell_GGGAATGAGACGCACA,0,0,0
ECO1_PBMC_cell_GCAGTTAAGAACTGTA,0,0,0
ECO1_PBMC_cell_ATCTGCCGTCAGGACA,0,0,0
ECO1_PBMC_cell_CTAACTTAGGCGTACA,0,0,0
ECO1_PBMC_cell_CAGTAACGTTGCGCAC,0,0,0
ECO1_PBMC_cell_CGCTTCAGTGATGCCC,0,0,0
ECO1_PBMC_cell_TTAGGCAGTACGCTGC,0,0,0
ECO1_PBMC_cell_AGTGTCAAGACAAGCC,0,0,0
ECO1_PBMC_cell_GTGCAGCCAGATCCAT,0,0,0
ECO1_PBMC_cell_TACTCGCAGCTAAACA,0,0,0
ECO1_PBMC_cell_GAAATGAGTTGCGCAC,0,0,0
ECO1_PBMC_cell_GGGATGAGTACATCCA,0,0,0
ECO1_PBMC_cell_GCGCAGTGTCATACTG,0,0,0
ECO1_PBMC_cell_ATGGGAGCATGCAACT,0,0,0
ECO1_PBMC_cell_CTCACACAGGGTATCG,0,0,0
ECO1_PBMC_cell_ACATCAGAGTATGACA,0,0,0
ECO1_PBMC_cell_GGCGACTGTTGGTAAA,0,0,0
ECO1_PBMC_cell_TGGACGCTCGCGATCG,0,0,0
ECO1_PBMC_cell_TTCTTAGTCATGTCTT,0,0,0
ECO1_PBMC_cell_ACACCCTAGTTGTAGA,0,0,0
ECO1_PBMC_cell_GATCAGTTCGCAGGCT,0,0,0
ECO1_PBMC_cell_CACAGGCAGGCAATTA,0,0,0
ECO1_PBMC_cell_TACCTTAGTAGCCTCG,0,0,0
ECO1_PBMC_cell_CGTTCTGGTGAGGGTT,0,0,0
ECO1_PBMC_cell_GCGCGATCAGCTCGAC,0,0,0
ECO1_PBMC_cell_CACACTCTCCATGCTC,0,0,0
ECO1_PBMC_cell_CTTAGGAGTATAAACG,0,0,0
ECO1_PBMC_cell_CAACCTCCACTAAGTC,0,0,0
ECO1_PBMC_cell_AGACGTTAGTTATCGC,0,0,0
ECO1_PBMC_cell_AAGGAGCTCGTACGGC,0,0,0
ECO1_PBMC_cell_CTAACTTCACCATCCT,0,0,0
ECO1_PBMC_cell_CTCATTAGTACCGGCT,0,0,0
ECO1_PBMC_cell_GTCTCGTGTCTCACCT,0,0,0
ECO1_PBMC_cell_AAACCTGCATTATCTC,0,0,0
ECO1_PBMC_cell_CGTCCATCAGGACGTA,0,0,0
ECO1_PBMC_cell_CGATCGGTCTCGTATT,0,0,0
ECO1_PBMC_cell_TGTGGTACACGAAGCA,0,0,0
ECO1_PBMC_cell_TGGTTAGAGTACGTTC,0,0,0
ECO1_PBMC_cell_CGATCGGGTTCATGGT,0,0,0
ECO1_PBMC_cell_ATAACGCGTTCACGGC,0,0,0
ECO1_PBMC_cell_CTAAGACAGATCCGAG,0,0,0
ECO1_PBMC_cell_CGTTAGACACCGAATT,0,0,0
ECO1_PBMC_cell_TGAGAGGCAGCTGCTG,0,0,0
ECO1_PBMC_cell_ACACCGGCATTATCTC,0,0,0
ECO1_PBMC_cell_GATGAGGAGATCCCAT,0,0,0
ECO1_PBMC_cell_TCTTTCCCATGGATGG,0,0,0
ECO1_PBMC_cell_ATCACGAGTGCCTTGG,0,0,0
ECO1_PBMC_cell_ACGGAGAAGGACACCA,0,0,0
ECO1_PBMC_cell_ACGCAGCCACGGACAA,0,0,0
ECO1_PBMC_cell_AGCGTATAGCCACCTG,0,0,0
ECO1_PBMC_cell_CAGCCGATCTAAGCCA,0,0,0
ECO1_PBMC_cell_TGGTTCCGTCTGCAAT,0,0,0
ECO1_PBMC_cell_CACCACTTCCGCGGTA,0,0,0
ECO1_PBMC_cell_TACCTATGTTCGTTGA,0,0,0
ECO1_PBMC_cell_TTAGGACCAACGCACC,0,0,0
ECO1_PBMC_cell_ACATACGTCGGTCCGA,0,0,0
ECO1_PBMC_cell_TCGTACCTCAACACCA,0,0,0
ECO1_PBMC_cell_ACGAGGATCATGCAAC,0,0,0
ECO1_PBMC_cell_TTGAACGGTTCGGGCT,0,0,0
ECO1_PBMC_cell_CTGATAGAGTCATGCT,0,0,0
ECO1_PBMC_cell_GACTACACAGTATCTG,0,0,0
ECO1_PBMC_cell_GTTCTCGCACACCGAC,0,0,0
ECO1_PBMC_cell_CATCCACGTCTGCGGT,0,0,0
ECO1_PBMC_cell_CGACCTTAGGGTTCCC,0,0,0
ECO1_PBMC_cell_GTCGGGTTCCACGAAT,0,0,0
ECO1_PBMC_cell_CTCGTCAAGATGTCGG,0,0,0
ECO1_PBMC_cell_ACGCAGCAGGCCGAAT,0,0,0
ECO1_PBMC_cell_GCGCCAATCGAATGGG,0,0,0
ECO1_PBMC_cell_CGTGTAAAGCGTCAAG,0,0,0
ECO1_PBMC_cell_ACCAGTACACTACAGT,0,0,0
ECO1_PBMC_cell_TTCTCAAGTGAGGGTT,0,0,0
ECO1_PBMC_cell_TGCTGCTGTGTGGTTT,0,0,0
ECO1_PBMC_cell_GCTTCCACAATAGCGG,0,0,0
ECO1_PBMC_cell_ACGCCAGAGACTAGGC,0,0,0
ECO1_PBMC_cell_TCACGAATCAGGCCCA,0,0,0
ECO1_PBMC_cell_GGGCATCTCCACGAAT,0,0,0
ECO1_PBMC_cell_CGACCTTAGTTAGCGG,0,0,0
ECO1_PBMC_cell_CTGCGGATCGAATCCA,0,0,0
ECO1_PBMC_cell_TTGAACGAGCTCAACT,0,0,0
ECO1_PBMC_cell_ACGCAGCGTAGTAGTA,0,0,0
ECO1_PBMC_cell_CACCACTAGTTACGGG,0,0,0
ECO1_PBMC_cell_CAAGTTGAGCTGATAA,0,0,0
ECO1_PBMC_cell_TTGCCGTCAGGGAGAG,0,0,0
ECO1_PBMC_cell_CTGAAACTCCTATTCA,0,0,0
ECO1_PBMC_cell_GATCGCGAGAAACCAT,0,0,0
ECO1_PBMC_cell_ATAACGCTCTCTAGGA,0,0,0
ECO1_PBMC_cell_TAAACCGAGCCCAGCT,0,0,0
ECO1_PBMC_cell_CTCGGGAAGACAAAGG,0,0,0
ECO1_PBMC_cell_TGCTGCTCACATTCGA,0,0,0
ECO1_PBMC_cell_AGCGTATTCATAAAGG,0,0,0
ECO1_PBMC_cell_GGGCACTGTGCAACTT,0,0,0
ECO1_PBMC_cell_GCATGTAAGTCTTGCA,0,0,0
ECO1_PBMC_cell_ACGGGTCCAAACCCAT,0,0,0
ECO1_PBMC_cell_CTGTTTAGTAGATTAG,0,0,0
ECO1_PBMC_cell_ACTGTCCCAATTGCTG,0,0,0
ECO1_PBMC_cell_GGCGTGTTCCATTCTA,0,0,0
ECO1_PBMC_cell_ATTCTACAGCGTAGTG,0,0,0
ECO1_PBMC_cell_GTCCTCAAGGCTAGGT,0,0,0
ECO1_PBMC_cell_CTGAAACCAATAGCGG,0,0,0
ECO1_PBMC_cell_GGGAATGGTCCAGTTA,0,0,0
ECO1_PBMC_cell_CTTAGGAGTTACCAGT,0,0,0
ECO1_PBMC_cell_GCGACCACACCTCGGA,0,0,0
ECO1_PBMC_cell_GACCTGGGTTGCTCCT,0,0,0
ECO1_PBMC_cell_AGTCTTTCAAGGTTTC,0,0,0
ECO1_PBMC_cell_GATGCTACACTCGACG,0,0,0
ECO1_PBMC_cell_GCGAGAAGTTGGACCC,0,0,0
ECO1_PBMC_cell_TGTGTTTCAACGCACC,0,0,0
ECO1_PBMC_cell_TACGGGCGTATTAGCC,0,0,0
ECO1_PBMC_cell_GATCTAGGTATGGTTC,0,0,0
ECO1_PBMC_cell_ACGGGTCTCTGCGTAA,0,0,0
ECO1_PBMC_cell_TACTCGCTCAAGCCTA,0,0,0
ECO1_PBMC_cell_AATCCAGGTAAACACA,0,0,0
ECO1_PBMC_cell_CGGTTAAGTCCGAGTC,0,0,0
ECO1_PBMC_cell_GGCGTGTTCTGATTCT,0,0,0
ECO1_PBMC_cell_GTGAAGGCAGGTGGAT,0,0,0
ECO1_PBMC_cell_GCGCAACAGAAGGACA,0,0,0
ECO1_PBMC_cell_AACTTTCGTAAGTGGC,0,0,0
ECO1_PBMC_cell_ACTTACTCAAACCTAC,0,0,0
ECO1_PBMC_cell_AACTCCCAGATCTGAA,0,0,0
ECO1_PBMC_cell_TACAGTGTCAGCACAT,0,0,0
ECO1_PBMC_cell_GACACGCTCTATGTGG,0,0,0
ECO1_PBMC_cell_GGGTTGCTCCATGAAC,0,0,0
ECO1_PBMC_cell_TGCTGCTGTAGGCATG,0,0,0
ECO1_PBMC_cell_GCAATCAAGATGTTAG,0,0,0
ECO1_PBMC_cell_ACGGCCATCGGCCGAT,0,0,0
ECO1_PBMC_cell_TTCGAAGTCGCCTGAG,0,0,0
ECO1_PBMC_cell_CTCAGAAAGTCCATAC,0,0,0
ECO1_PBMC_cell_TCACGAACATCGACGC,0,0,0
ECO1_PBMC_cell_CACACAAAGAAGGTTT,0,0,0
ECO1_PBMC_cell_GTAACGTCACTTCTGC,0,0,0
ECO1_PBMC_cell_GCATGCGGTTACGTCA,0,0,0
ECO1_PBMC_cell_GACTACATCAGCATGT,0,0,0
ECO1_PBMC_cell_TGTGTTTTCAAGATCC,0,0,0
ECO1_PBMC_cell_TTAACTCAGTGGTAAT,0,0,0
ECO1_PBMC_cell_TGATTTCTCACCCGAG,0,0,0
ECO1_PBMC_cell_TACGGGCAGGGCTTGA,0,0,0
ECO1_PBMC_cell_TGACAACCACAAGTAA,0,0,0
ECO1_PBMC_cell_TCTGGAACAGGCAGTA,0,0,0
ECO1_PBMC_cell_TTGCGTCTCAATCTCT,0,0,0
ECO1_PBMC_cell_AAGTCTGAGTTACGGG,0,0,0
ECO1_PBMC_cell_AACTTTCGTGGTAACG,0,0,0
ECO1_PBMC_cell_TTATGCTAGATATGGT,0,0,0
ECO1_PBMC_cell_CCTTTCTTCTTGCATT,0,0,0
ECO1_PBMC_cell_ACGGAGAAGTTTAGGA,0,0,0
ECO1_PBMC_cell_AACCGCGGTGGTCTCG,0,0,0
ECO1_PBMC_cell_AAGGTTCCACCATCCT,0,0,0
ECO1_PBMC_cell_CCTCTGAGTTTACTCT,0,0,0
ECO1_PBMC_cell_CCCTCCTAGGGATGGG,0,0,0
ECO1_PBMC_cell_GCGCAACTCACTTATC,0,0,0
ECO1_PBMC_cell_ACTGCTCAGCGGATCA,0,0,0
ECO1_PBMC_cell_ATCACGACAGTTAACC,0,0,0
ECO1_PBMC_cell_GAAGCAGTCTAACTGG,0,0,0
ECO1_PBMC_cell_TCTCATAGTGGGTATG,0,0,0
ECO1_PBMC_cell_CAAGTTGAGGTGTGGT,0,0,0
ECO1_PBMC_cell_TAGACCAGTACACCGC,0,0,0
ECO1_PBMC_cell_TTCCCAGGTGTGTGCC,0,0,0
ECO1_PBMC_cell_CCTACACGTCTTGATG,0,0,0
ECO1_PBMC_cell_GTTTCTACAAAGGTGC,0,0,0
ECO1_PBMC_cell_CGTAGGCCAGTCGTGC,0,0,0
ECO1_PBMC_cell_TGCCCATGTGAAAGAG,0,0,0
ECO1_PBMC_cell_CATCAAGCATCTCGCT,0,0,0
ECO1_PBMC_cell_CTCGAGGCACTGTTAG,0,0,0
ECO1_PBMC_cell_ACTGCTCGTACGACCC,0,0,0
ECO1_PBMC_cell_CATCAGACACATGTGT,0,0,0
ECO1_PBMC_cell_AGTGAGGGTGCCTGCA,0,0,0
ECO1_PBMC_cell_CTAGTGAGTAGGCTGA,0,0,0
ECO1_PBMC_cell_ACCTTTATCTGCGGCA,0,0,0
ECO1_PBMC_cell_TACACGAGTACAGTGG,0,0,0
ECO1_PBMC_cell_TGATTTCTCACGGTTA,0,0,0
ECO1_PBMC_cell_CTAGCCTGTGAGCGAT,0,0,0
ECO1_PBMC_cell_TGGCTGGGTTTGACAC,0,0,0
ECO1_PBMC_cell_CCTACACCACGAGGTA,0,0,0
ECO1_PBMC_cell_CTAACTTGTGAGTATA,0,0,0
ECO1_PBMC_cell_GCAAACTCAGGTGCCT,0,0,1
ECO1_PBMC_cell_AGATCTGTCCAATGGT,0,0,0
ECO1_PBMC_cell_CAGAGAGGTAGCAAAT,0,0,0
ECO1_PBMC_cell_TTTCCTCTCACTTACT,0,0,0
ECO1_PBMC_cell_CGCCAAGGTGTCGCTG,0,0,0
ECO1_PBMC_cell_ACTGATGGTAAGTGTA,0,0,0
ECO1_PBMC_cell_GACGTTAGTAGTACCT,0,0,0
ECO1_PBMC_cell_CGGCTAGGTCAGATAA,0,0,0
ECO1_PBMC_cell_GCAGTTATCCAGAAGG,0,0,0
ECO1_PBMC_cell_CGCTGGACACGAGAGT,0,0,0
ECO1_PBMC_cell_GTACGTAGTCCGAATT,0,0,0
ECO1_PBMC_cell_TATCTCACAAATCCGT,0,0,0
ECO1_PBMC_cell_CACATAGTCATCGATG,0,0,0
ECO1_PBMC_cell_ATTGGACTCGAGGTAG,0,0,0
ECO1_PBMC_cell_GACACGCGTAAATGAC,0,0,0
ECO1_PBMC_cell_AACTGGTAGAGGTTAT,0,0,0
ECO1_PBMC_cell_GGTGCGTAGCCTCGTG,0,0,0
ECO1_PBMC_cell_AGCGGTCAGATCCCGC,0,0,0
ECO1_PBMC_cell_CGTGTCTCAAAGCAAT,0,0,0
ECO1_PBMC_cell_TAGTGGTTCTGCGACG,0,0,0
ECO1_PBMC_cell_GGCTGGTCAGTGACAG,0,0,0
ECO1_PBMC_cell_GTTTCTATCAAACGGG,0,0,0
ECO1_PBMC_cell_CGGCTAGCACACGCTG,0,0,0
ECO1_PBMC_cell_GTTAAGCCAAGCTGGA,0,0,0
ECO1_PBMC_cell_TGACGGCGTGCAGTAG,0,0,0
ECO1_PBMC_cell_GTTTCTATCAGTCCCT,0,0,0
ECO1_PBMC_cell_GCAATCAGTCGAGATG,0,0,0
ECO1_PBMC_cell_GTCACAATCTCAAGTG,0,0,0
ECO1_PBMC_cell_GCGAGAAGTCTCACCT,0,0,0
ECO1_PBMC_cell_TGTCCCAAGATGGGTC,0,0,0
ECO1_PBMC_cell_CGCTGGACAGGGTTAG,0,0,0
ECO1_PBMC_cell_GTTCATTCATTCTTAC,0,0,0
ECO1_PBMC_cell_CTACACCCACTTAACG,0,0,0
ECO1_PBMC_cell_TTAGTTCGTTCGCTAA,0,0,0
ECO1_PBMC_cell_CTAACTTCATTCACTT,0,0,0
ECO1_PBMC_cell_CATATGGTCTTTAGGG,0,0,0
ECO1_PBMC_cell_CAGCATAGTGTCGCTG,0,0,0
ECO1_PBMC_cell_TGGGCGTAGGCGACAT,0,0,0
ECO1_PBMC_cell_GTGGGTCGTTGCTCCT,0,0,0
ECO1_PBMC_cell_TCATTACTCTGAGTGT,0,0,0
ECO1_PBMC_cell_CGTGTCTAGACCTTTG,0,0,0
ECO1_PBMC_cell_CGTCACTTCTTCAACT,0,0,0
ECO1_PBMC_cell_GGGTTGCAGCATCATC,0,0,0
ECO1_PBMC_cell_CGCTTCAGTTAAAGAC,0,0,0
ECO1_PBMC_cell_TGAGCCGCACTATCTT,0,0,1
ECO1_PBMC_cell_AGAGTGGTCCTTTCTC,0,0,0
ECO1_PBMC_cell_TGCGCAGGTTTACTCT,0,0,0
ECO1_PBMC_cell_GTAGGCCAGCATGGCA,0,0,0
ECO1_PBMC_cell_ATAGACCTCACCGGGT,0,0,0
ECO1_PBMC_cell_TGCCCATTCTTCATGT,0,0,0
ECO1_PBMC_cell_AAGTCTGTCCAAAGTC,0,0,0
ECO1_PBMC_cell_GCCAAATGTCTAACGT,0,0,0
ECO1_PBMC_cell_ATAAGAGTCCCACTTG,0,0,0
ECO1_PBMC_cell_CTCGTACCAATAGCGG,0,0,0
ECO1_PBMC_cell_ACGGGTCCATTATCTC,0,0,0
ECO1_PBMC_cell_CTAGTGAAGACTAGAT,0,0,0
ECO1_PBMC_cell_TACGGATTCGCCCTTA,0,0,0
ECO1_PBMC_cell_CACACCTTCGAACTGT,0,0,0
ECO1_PBMC_cell_GACTAACAGGCACATG,0,0,0
ECO1_PBMC_cell_TGGGCGTAGGATCGCA,0,0,0
ECO1_PBMC_cell_AGTGGGAGTAAAGGAG,0,0,0
ECO1_PBMC_cell_CTAATGGAGGAGTCTG,0,0,0
ECO1_PBMC_cell_CTCAGAAGTAGCCTCG,0,0,0
ECO1_PBMC_cell_ACGGCCAAGCGTTGCC,0,0,0
ECO1_PBMC_cell_CGAACATAGTATCTCG,0,0,0
ECO1_PBMC_cell_CCGGTAGTCCTAGGGC,0,0,0
ECO1_PBMC_cell_CGAGAAGAGATGGCGT,0,0,0
ECO1_PBMC_cell_AGTGGGAGTCCTCCAT,0,0,0
ECO1_PBMC_cell_TAAGCGTTCGTACGGC,0,0,0
ECO1_PBMC_cell_CCTACACTCATCATTC,0,0,0
ECO1_PBMC_cell_AGGTCCGAGATGTGGC,0,0,0
ECO1_PBMC_cell_CAGATCAAGGGTGTTG,0,0,0
ECO1_PBMC_cell_ATAACGCCATTACCTT,0,0,0
ECO1_PBMC_cell_GGAACTTAGTCCTCCT,0,0,0
ECO1_PBMC_cell_TGATTTCAGCTGCCCA,0,0,0
ECO1_PBMC_cell_GTCCTCAGTAGAGTGC,0,0,0
ECO1_PBMC_cell_CTCTGGTCAATCTACG,0,0,0
ECO1_PBMC_cell_TGGTTCCAGGGTTTCT,0,0,1
ECO1_PBMC_cell_CGAGCACTCCTGCAGG,0,0,0
ECO1_PBMC_cell_GCGCCAAAGGCTAGAC,0,0,0
ECO1_PBMC_cell_TCACGAACACAGCGTC,0,0,0
ECO1_PBMC_cell_GCCAAATCAATCTACG,0,0,0
ECO1_PBMC_cell_GGACGTCGTCTAAAGA,0,0,0
ECO1_PBMC_cell_GACACGCCAACACGCC,0,0,0
ECO1_PBMC_cell_CAGCTAATCGCATGGC,0,0,0
ECO1_PBMC_cell_TAGTGGTCAAGTTAAG,0,0,0
ECO1_PBMC_cell_GACGCGTGTCGACTAT,0,0,0
ECO1_PBMC_cell_CTAGCCTGTAGAGCTG,0,0,0
ECO1_PBMC_cell_AAAGATGTCGATGAGG,0,0,0
ECO1_PBMC_cell_ACCAGTACAATAGCGG,0,0,0
ECO1_PBMC_cell_CAGCATATCAGAGGTG,0,0,0
ECO1_PBMC_cell_CTCTACGTCAACGCTA,0,0,0
ECO1_PBMC_cell_CCTACCACACGTGAGA,0,0,0
ECO1_PBMC_cell_TTTGGTTCATCGGGTC,0,0,0
ECO1_PBMC_cell_CATTATCTCGTTGACA,0,0,0
ECO1_PBMC_cell_GTCTTCGCATTACCTT,0,0,0
ECO1_PBMC_cell_ATCGAGTAGCGTTTAC,0,0,0
ECO1_PBMC_cell_CGGCTAGTCGTGACAT,0,0,0
ECO1_PBMC_cell_ATGTGTGAGCTGTCTA,0,0,0
ECO1_PBMC_cell_GTAACGTAGCGCCTTG,0,0,0
ECO1_PBMC_cell_AACTTTCTCTGGCGTG,0,0,0
ECO1_PBMC_cell_AGATCTGTCTCTAAGG,0,0,0
ECO1_PBMC_cell_CATCAGATCTATCCTA,0,0,0
ECO1_PBMC_cell_TGCGGGTAGAAACGAG,0,0,0
ECO1_PBMC_cell_TCTTCGGAGTCCATAC,0,0,0
ECO1_PBMC_cell_CATATGGGTACCCAAT,0,0,0
ECO1_PBMC_cell_AGAGCTTCAAGGGTCA,0,0,0
ECO1_PBMC_cell_CATCGAAAGGATGGAA,0,0,0
ECO1_PBMC_cell_CCTCTGAAGTGCTGCC,0,0,0
ECO1_PBMC_cell_AAGGCAGTCCGCGCAA,0,0,0
ECO1_PBMC_cell_CTCATTATCCCTAACC,0,0,0
ECO1_PBMC_cell_TGATTTCAGCTCCTCT,0,0,0
ECO1_PBMC_cell_TAAGTGCGTGCCTGCA,0,0,0
ECO1_PBMC_cell_TGAGCCGCATCAGTCA,0,0,0
ECO1_PBMC_cell_AGACGTTCAAGGTTCT,0,0,0
ECO1_PBMC_cell_TGTATTCAGGCCCTTG,0,0,0
ECO1_PBMC_cell_GCGACCAAGGGCTTGA,0,0,0
ECO1_PBMC_cell_AGAATAGTCACCATAG,0,0,0
ECO1_PBMC_cell_CGTGAGCCAGCCAGAA,0,0,0
ECO1_PBMC_cell_CTCGGGATCTGGCGAC,0,0,0
ECO1_PBMC_cell_GACTACACACAAGACG,0,0,0
ECO1_PBMC_cell_CGTTGGGGTGAAAGAG,0,0,0
ECO1_PBMC_cell_CATGCCTCATATGGTC,0,0,0
ECO1_PBMC_cell_GAAATGAAGCGATAGC,0,0,0
ECO1_PBMC_cell_CCGGGATTCCTAGTGA,0,0,0
ECO1_PBMC_cell_CAGTAACCATCACCCT,0,0,0
ECO1_PBMC_cell_CCTATTAGTAGGGACT,0,0,0
ECO1_PBMC_cell_AGCAGCCCAGGAATGC,0,0,0
ECO1_PBMC_cell_CCGTGGAAGATCACGG,0,0,0
ECO1_PBMC_cell_CCGGGATTCGAGAGCA,0,0,0
ECO1_PBMC_cell_CTAGAGTAGTACGCGA,0,0,0
ECO1_PBMC_cell_TCGCGTTCACTGTCGG,0,0,0
ECO1_PBMC_cell_GGACAGACAGCGAACA,0,0,0
ECO1_PBMC_cell_ACTATCTGTGCACGAA,0,0,0
ECO1_PBMC_cell_TTGGCAATCAGTTTGG,0,0,0
ECO1_PBMC_cell_CACACCTAGTTGAGAT,0,0,0
ECO1_PBMC_cell_CTTTGCGGTTAAAGAC,0,0,0
ECO1_PBMC_cell_CGATGTATCTAACTGG,0,0,0
ECO1_PBMC_cell_TACTCATAGACCTTTG,0,0,0
ECO1_PBMC_cell_GTGCTTCGTACAGCAG,0,0,0
ECO1_PBMC_cell_TGCGTGGGTCTAGAGG,0,0,0
ECO1_PBMC_cell_GTGGGTCAGAGTCTGG,0,0,0
ECO1_PBMC_cell_ACACCGGTCGCCATAA,0,0,0
ECO1_PBMC_cell_ACGATACGTTCGTCTC,0,0,0
ECO1_PBMC_cell_CTCGAGGCACCAGTTA,0,0,0
ECO1_PBMC_cell_ACGATGTTCGGATGGA,0,0,0
ECO1_PBMC_cell_TTGGAACCAAAGCGGT,0,0,1
ECO1_PBMC_cell_TGCCAAACAAGCGAGT,0,0,0
ECO1_PBMC_cell_AAGACCTTCTGTGCAA,0,0,0
ECO1_PBMC_cell_CCTTCGAGTGATGCCC,0,0,0
ECO1_PBMC_cell_TCGCGTTCATTCTCAT,0,0,0
ECO1_PBMC_cell_AAGGAGCCATGCGCAC,0,0,0
ECO1_PBMC_cell_CTCGGGAAGGTGACCA,0,0,0
ECO1_PBMC_cell_ACCTTTAGTAGAAGGA,0,0,0
ECO1_PBMC_cell_AAGTCTGCACATTAGC,0,0,0
ECO1_PBMC_cell_ATTCTACAGTTGTAGA,0,0,0
ECO1_PBMC_cell_TGAGGGACACAAGCCC,0,0,0
ECO1_PBMC_cell_ACGGGTCCAATAGCGG,0,0,0
ECO1_PBMC_cell_GGCTGGTCAATGAATG,0,0,0
ECO1_PBMC_cell_CGTCAGGGTGCTCTTC,0,0,0
ECO1_PBMC_cell_AGAGTGGTCTTGTATC,0,0,0
ECO1_PBMC_cell_CTTAGGACAGCTTCGG,0,0,0
ECO1_PBMC_cell_TAGAGCTTCGTCACGG,0,0,0
ECO1_PBMC_cell_GTATTCTGTCTCTTAT,0,0,0
ECO1_PBMC_cell_CATTCGCTCAGAAATG,0,0,0
ECO1_PBMC_cell_ACCGTAACATGAACCT,0,0,0
ECO1_PBMC_cell_CGAGAAGCAATGACCT,0,0,0
ECO1_PBMC_cell_CCGTGGACATTCGACA,0,0,0
ECO1_PBMC_cell_TGGCTGGTCAGAGGTG,0,0,0
ECO1_PBMC_cell_GCTGCGAAGGCTCTTA,0,0,0
ECO1_PBMC_cell_ACTGATGCAATGGAAT,0,0,0
ECO1_PBMC_cell_GGACAAGGTATCTGCA,0,0,0
ECO1_PBMC_cell_TGAGCATTCCGTTGTC,0,0,0
ECO1_PBMC_cell_CTTACCGAGCAATCTC,0,0,0
ECO1_PBMC_cell_ATAGACCGTTACTGAC,0,0,0
ECO1_PBMC_cell_AGATCTGTCGTCCAGG,0,0,0
ECO1_PBMC_cell_CTACGTCTCCTGTACC,0,0,0
ECO1_PBMC_cell_CACCTTGGTCATACTG,0,0,0
ECO1_PBMC_cell_GTCCTCACAGCTGCTG,0,0,0
ECO1_PBMC_cell_CCACCTAAGTCGATAA,0,0,0
ECO1_PBMC_cell_TTGCCGTTCTTTAGTC,0,0,0
ECO1_PBMC_cell_CCATGTCCAGCGTAAG,0,0,1
ECO1_PBMC_cell_GGCTGGTTCCTGCTTG,0,0,0
ECO1_PBMC_cell_ATCTGCCTCAACTCTT,0,0,0
ECO1_PBMC_cell_ACTGAACAGGACCACA,0,0,0
ECO1_PBMC_cell_AGTGTCACATATACGC,0,0,0
ECO1_PBMC_cell_AGTCTTTTCATTTGGG,0,0,0
ECO1_PBMC_cell_TCGGTAAGTAAGGATT,0,0,0
ECO1_PBMC_cell_ACTGCTCTCGACCAGC,0,0,0
ECO1_PBMC_cell_ATTGGACGTATATGGA,0,0,0
ECO1_PBMC_cell_GACACGCAGAGGTTGC,0,0,0
ECO1_PBMC_cell_GACAGAGTCTGGTTCC,0,0,0
ECO1_PBMC_cell_GCCAAATTCGAGAACG,0,0,0
ECO1_PBMC_cell_TACAGTGAGATCCCGC,0,0,0
ECO1_PBMC_cell_TGCCCATAGGATGTAT,0,0,0
ECO1_PBMC_cell_AGTCTTTGTACAGCAG,0,0,0
ECO1_PBMC_cell_ACCAGTAAGACAGGCT,0,0,0
ECO1_PBMC_cell_AACCATGAGTTGTCGT,0,0,0
ECO1_PBMC_cell_GCGCGATGTCGCCATG,0,0,0
ECO1_PBMC_cell_CTACATTGTTTGTTGG,0,0,0
ECO1_PBMC_cell_GATTCAGCAATACGCT,0,0,0
ECO1_PBMC_cell_CGTCTACGTTCGTGAT,0,0,0
ECO1_PBMC_cell_TGAGCATAGATCGATA,0,0,0
ECO1_PBMC_cell_TCGCGTTCACTAGTAC,0,0,0
ECO1_PBMC_cell_TCTTTCCAGTTCGATC,0,0,0
ECO1_PBMC_cell_GTCCTCAGTGTAATGA,0,0,0
ECO1_PBMC_cell_GTTTCTAAGTTGAGTA,0,0,0
ECO1_PBMC_cell_CATGGCGCACAGTCGC,0,0,0
ECO1_PBMC_cell_CGGCTAGCATATACGC,0,0,0
ECO1_PBMC_cell_GACTAACTCAAGAAGT,0,0,0
ECO1_PBMC_cell_TCGTAGACACTGTGTA,0,0,0
ECO1_PBMC_cell_GACGCGTCAATGACCT,0,0,0
ECO1_PBMC_cell_TGCGTGGAGACCTAGG,0,0,0
ECO1_PBMC_cell_ATCACGAGTCCAGTTA,0,0,0
ECO1_PBMC_cell_TCGGGACAGCATCATC,0,0,0
ECO1_PBMC_cell_CCAATCCGTAGCGATG,0,0,0
ECO1_PBMC_cell_GTCACGGCAAGTCTGT,0,0,0
ECO1_PBMC_cell_GTTAAGCAGTCTCGGC,0,0,0
ECO1_PBMC_cell_AAACCTGTCAGCCTAA,0,0,0
ECO1_PBMC_cell_ACCGTAAGTTAAGACA,0,0,0
ECO1_PBMC_cell_GCTGCAGTCAACGGCC,0,0,0
ECO1_PBMC_cell_CTGCGGATCGGAGCAA,0,0,0
ECO1_PBMC_cell_CTCGGAGTCGATCCCT,0,0,0
ECO1_PBMC_cell_CCTTCCCAGAATTGTG,0,0,0
ECO1_PBMC_cell_TCAGGATTCGGTGTTA,0,0,0
ECO1_PBMC_cell_CTCTGGTCAGTCGTGC,0,0,0
ECO1_PBMC_cell_AGCTCTCAGAGTCGGT,0,0,0
ECO1_PBMC_cell_GAGGTGATCTCTGAGA,0,0,0
ECO1_PBMC_cell_TGTGTTTGTCAGAGGT,0,0,0
ECO1_PBMC_cell_TGTGTTTCATGGTAGG,0,0,0
ECO1_PBMC_cell_ACTGAGTTCTCGTATT,0,0,0
ECO1_PBMC_cell_GGGCACTAGATGTGGC,0,0,0
ECO1_PBMC_cell_CTGCCTAGTTGCGTTA,0,0,0
ECO1_PBMC_cell_TTAACTCCAAAGCGGT,0,0,0
ECO1_PBMC_cell_TAGCCGGGTCCTGCTT,0,0,0
ECO1_PBMC_cell_AGATCTGCACCAACCG,0,0,0
ECO1_PBMC_cell_CGCTGGAGTCATATGC,0,0,0
ECO1_PBMC_cell_CAACCTCGTCATATCG,0,0,0
ECO1_PBMC_cell_TCATTTGCAAGTCATC,0,0,0
ECO1_PBMC_cell_CCGGTAGGTCTCTCTG,0,0,0
ECO1_PBMC_cell_AGCGTCGAGCTGTCTA,0,0,0
ECO1_PBMC_cell_ACATGGTGTTTACTCT,0,0,0
ECO1_PBMC_cell_CGATCGGTCTCGCTTG,0,0,0
ECO1_PBMC_cell_CACACCTTCCTAAGTG,0,0,0
ECO1_PBMC_cell_TTGCGTCAGCGGCTTC,0,0,0
ECO1_PBMC_cell_CCAGCGATCCGCTGTT,0,0,0
ECO1_PBMC_cell_CTCGTCAGTATGAAAC,0,0,0
ECO1_PBMC_cell_AGGGTGAAGCTACCTA,0,0,0
ECO1_PBMC_cell_AGTGAGGAGCCTTGAT,0,0,0
ECO1_PBMC_cell_CGAACATAGGGTATCG,0,0,0
ECO1_PBMC_cell_CAGCGACAGTCAATAG,0,0,0
ECO1_PBMC_cell_CAGCGACCACGAGAGT,0,0,0
ECO1_PBMC_cell_CATTCGCGTACCGCTG,0,0,0
ECO1_PBMC_cell_GCTTCCATCTTGACGA,0,0,0
ECO1_PBMC_cell_GCGCGATGTCAATGTC,0,0,0
ECO1_PBMC_cell_AAGGAGCTCACATGCA,0,0,0
ECO1_PBMC_cell_CTCTACGGTATATGAG,0,0,0
ECO1_PBMC_cell_ACCCACTCAGTTAACC,0,0,0
ECO1_PBMC_cell_AAGCCGCTCGCAAACT,0,0,0
ECO1_PBMC_cell_CTACCCAGTACCCAAT,0,0,0
ECO1_PBMC_cell_GTGCATACAGCTCGCA,0,0,0
ECO1_PBMC_cell_TATCTCACACGGCGTT,0,0,0
ECO1_PBMC_cell_CCTTACGAGTCCGTAT,0,0,0
ECO1_PBMC_cell_TATCAGGTCAAACGGG,0,0,0
ECO1_PBMC_cell_GCTTGAACACCAACCG,0,0,0
ECO1_PBMC_cell_AGCTTGAGTGAAATCA,0,0,0
ECO1_PBMC_cell_GTCGGGTGTGGTTTCA,0,0,0
ECO1_PBMC_cell_CTACATTCAGCTGTAT,0,0,0
ECO1_PBMC_cell_GGCCGATTCTTGCATT,0,0,0
ECO1_PBMC_cell_GCGCGATAGGACAGCT,0,0,0
ECO1_PBMC_cell_TTAGGACGTGTGACCC,0,0,0
ECO1_PBMC_cell_CACACAAGTAGGAGTC,0,0,0
ECO1_PBMC_cell_TTTGCGCCAGCCACCA,0,0,0
ECO1_PBMC_cell_ATCTGCCAGCTTATCG,0,0,0
ECO1_PBMC_cell_ATAACGCCATCCCACT,0,0,0
ECO1_PBMC_cell_CGTTGGGTCTAACGGT,0,0,0
ECO1_PBMC_cell_CACCACTGTTATCACG,0,0,0
ECO1_PBMC_cell_AAGTCTGTCCGTAGTA,0,0,0
ECO1_PBMC_cell_GACAGAGTCAGGCGAA,0,0,0
ECO1_PBMC_cell_TAGGCATGTAATCACC,0,0,0
ECO1_PBMC_cell_GTACTCCCAATCACAC,0,0,0
ECO1_PBMC_cell_GGACAGATCATTATCC,0,0,0
ECO1_PBMC_cell_CTGAAGTGTTTCCACC,0,0,0
ECO1_PBMC_cell_GCTTCCAAGATCTGAA,0,0,0
ECO1_PBMC_cell_AAAGATGTCACAGTAC,0,0,0
ECO1_PBMC_cell_ATCTACTCAATTCCTT,0,0,0
ECO1_PBMC_cell_GTCTTCGCAACGATCT,0,0,0
ECO1_PBMC_cell_CAGCTAACAATGGATA,0,0,0
ECO1_PBMC_cell_GTTTCTATCGGCGCTA,0,0,0
ECO1_PBMC_cell_AGATCTGGTGTTTGGT,0,0,0
ECO1_PBMC_cell_GCGAGAATCAGGTTCA,0,0,0
ECO1_PBMC_cell_CTGTGCTAGGGTCTCC,0,0,0
ECO1_PBMC_cell_TCTCTAAAGACTAAGT,0,0,0
ECO1_PBMC_cell_AAGTCTGTCAGTGTTG,0,0,0
ECO1_PBMC_cell_CTACATTCATGCAATC,0,0,0
ECO1_PBMC_cell_CTACACCTCCAGAAGG,0,0,0
ECO1_PBMC_cell_AACACGTTCGCCAAAT,0,0,0
ECO1_PBMC_cell_CCGTGGATCTGCTTGC,0,0,0
ECO1_PBMC_cell_TTGCGTCAGCTGCAAG,0,0,0
ECO1_PBMC_cell_TGCCAAACATACAGCT,0,0,0
ECO1_PBMC_cell_TATTACCGTGATGTCT,0,0,0
ECO1_PBMC_cell_CATTATCGTCTCCACT,0,0,0
ECO1_PBMC_cell_ACATGGTTCTGAGTGT,0,0,0
ECO1_PBMC_cell_GGGTTGCTCAAAGACA,0,0,0
ECO1_PBMC_cell_TCACAAGCAGACAAGC,0,0,0
ECO1_PBMC_cell_GGACAAGGTTTGTTGG,0,0,0
ECO1_PBMC_cell_ACTGATGCACATGACT,0,0,0
ECO1_PBMC_cell_CTCATTATCTCCTATA,0,0,0
ECO1_PBMC_cell_AACTCAGGTGGTGTAG,0,0,0
ECO1_PBMC_cell_GTTTCTACAATTCCTT,0,0,0
ECO1_PBMC_cell_GGGTTGCGTAGCGTCC,0,0,0
ECO1_PBMC_cell_TGTCCCAAGAGCCCAA,0,0,0
ECO1_PBMC_cell_CGTAGGCAGTCGAGTG,0,0,0
ECO1_PBMC_cell_TAGTGGTGTGGTCTCG,0,0,0
ECO1_PBMC_cell_CGGCTAGTCCAGGGCT,0,0,0
ECO1_PBMC_cell_ACTGCTCCACCTATCC,0,0,0
ECO1_PBMC_cell_TCATTTGCAAGCTGAG,0,0,0
ECO1_PBMC_cell_ACATGGTTCCTTCAAT,0,0,0
ECO1_PBMC_cell_CAGAATCCAGTCGTGC,0,0,0
ECO1_PBMC_cell_TATTACCCACCGAATT,0,0,0
ECO1_PBMC_cell_TCTTTCCTCAAGGCTT,0,0,0
ECO1_PBMC_cell_CCTTCGACACTTACGA,0,0,0
ECO1_PBMC_cell_CACACTCAGCAGGTCA,0,0,0
ECO1_PBMC_cell_CATTATCAGAACAATC,0,0,0
ECO1_PBMC_cell_CCGTTCACAAGAAAGG,0,0,0
ECO1_PBMC_cell_CCTAGCTTCAGAGCTT,0,0,0
ECO1_PBMC_cell_AATCGGTTCGGCATCG,0,0,0
ECO1_PBMC_cell_CGGACTGCATGGATGG,0,0,0
ECO1_PBMC_cell_CTGAAGTTCTTAACCT,0,0,0
ECO1_PBMC_cell_CCGTGGAGTTTGGGCC,0,0,0
ECO1_PBMC_cell_GGATTACAGCTATGCT,0,0,0
ECO1_PBMC_cell_GTCATTTAGTGGAGAA,0,0,0
ECO1_PBMC_cell_GAACGGAAGGGATCTG,0,0,0
ECO1_PBMC_cell_GGACATTGTGAAGGCT,0,0,0
ECO1_PBMC_cell_GCAATCAGTGTGTGCC,0,0,0
ECO1_PBMC_cell_AGGCCGTTCACGCATA,0,0,0
ECO1_PBMC_cell_CATGACAAGTGAAGTT,0,0,0
ECO1_PBMC_cell_AGTTGGTGTCTAGTGT,0,0,0
ECO1_PBMC_cell_GAGTCCGTCACCGTAA,0,0,0
ECO1_PBMC_cell_ACGCCGAAGACAAGCC,0,0,0
ECO1_PBMC_cell_TACTCGCGTGACGCCT,0,0,0
ECO1_PBMC_cell_CGATGGCAGAAACGAG,0,0,0
ECO1_PBMC_cell_CCATGTCAGTGATCGG,0,0,0
ECO1_PBMC_cell_GAATGAAAGAGGTACC,0,0,0
ECO1_PBMC_cell_CTGAAGTCAATAACGA,0,0,0
ECO1_PBMC_cell_AGCCTAACATCGGAAG,0,0,0
ECO1_PBMC_cell_GCATGATAGACGCACA,0,0,0
ECO1_PBMC_cell_TACAGTGGTCTTTCAT,0,0,0
ECO1_PBMC_cell_AGGGAGTTCGACGGAA,0,0,0
ECO1_PBMC_cell_CGATCGGCAGGACCCT,0,0,0
ECO1_PBMC_cell_TACTCGCTCGCCTGTT,0,0,0
ECO1_PBMC_cell_CTACCCATCCTGCCAT,0,0,0
ECO1_PBMC_cell_AAAGTAGCACCGCTAG,0,0,0
ECO1_PBMC_cell_GATCAGTAGACAGGCT,0,0,0
ECO1_PBMC_cell_GCGCGATCAGATGAGC,0,0,0
ECO1_PBMC_cell_TGTATTCAGAATCTCC,0,0,0
ECO1_PBMC_cell_CCACGGAAGACTGTAA,0,0,0
ECO1_PBMC_cell_AACCGCGAGAAACGAG,0,0,0
ECO1_PBMC_cell_AGCGTATAGGGTATCG,0,0,0
ECO1_PBMC_cell_AGCTCCTAGCAGGTCA,0,0,0
ECO1_PBMC_cell_GATGAGGTCATGCTCC,0,0,0
ECO1_PBMC_cell_CTTCTCTGTTGGTGGA,0,0,0
ECO1_PBMC_cell_GAATGAACACTTGGAT,0,0,0
ECO1_PBMC_cell_CATCAAGTCCACGACG,0,0,0
ECO1_PBMC_cell_TCTTTCCGTGTGCGTC,0,0,0
ECO1_PBMC_cell_TTGCGTCGTACGAAAT,0,0,0
ECO1_PBMC_cell_CTCGTACTCCAAGCCG,0,0,0
ECO1_PBMC_cell_CATGACAGTGGTCTCG,0,0,0
ECO1_PBMC_cell_GTCGGGTGTTATCCGA,0,0,1
ECO1_PBMC_cell_ATGAGGGTCCTTTCGG,0,0,0
ECO1_PBMC_cell_CGTGTAAGTGGTACAG,0,0,0
ECO1_PBMC_cell_CGTGTCTAGACAGACC,0,0,0
ECO1_PBMC_cell_TCGTAGACAGGTGCCT,0,0,0
ECO1_PBMC_cell_CAGCATAAGCTGAACG,0,0,0
ECO1_PBMC_cell_ACTGATGGTCCTGCTT,0,0,0
ECO1_PBMC_cell_TCGTAGAGTCTGGAGA,0,0,0
ECO1_PBMC_cell_AGACGTTGTACTTAGC,0,0,0
ECO1_PBMC_cell_GAATAAGCACCCTATC,0,0,0
ECO1_PBMC_cell_ACACCAATCCTGCCAT,0,0,0
ECO1_PBMC_cell_GCTGCTTTCCGAAGAG,0,0,0
ECO1_PBMC_cell_TGAGGGACAATAAGCA,0,0,0
ECO1_PBMC_cell_GGGCATCAGCGATAGC,0,0,0
ECO1_PBMC_cell_ATCACGAGTTAAGGGC,0,0,0
ECO1_PBMC_cell_TGGGAAGGTTGAGGTG,0,0,0
ECO1_PBMC_cell_GAACCTAGTTGCTCCT,0,0,0
ECO1_PBMC_cell_GTGCTTCTCGAATGCT,0,0,0
ECO1_PBMC_cell_AGGGTGATCAAACGGG,0,0,0
ECO1_PBMC_cell_GGGCATCTCCCTCAGT,0,0,0
ECO1_PBMC_cell_CGATGTATCCTTTCGG,0,0,0
ECO1_PBMC_cell_CGTCACTTCGTTGCCT,0,0,0
ECO1_PBMC_cell_CGTCCATCAAGTTCTG,0,0,0
ECO1_PBMC_cell_TTGTAGGAGGGTCTCC,0,0,0
ECO1_PBMC_cell_ACAGCTACAATAGCGG,0,0,0
ECO1_PBMC_cell_TGTTCCGCACGGTTTA,0,0,0
ECO1_PBMC_cell_TGCGCAGAGCGATATA,0,0,0
ECO1_PBMC_cell_GGTGCGTAGGATTCGG,0,0,0
ECO1_PBMC_cell_GTTCATTCATTTGCTT,0,0,0
ECO1_PBMC_cell_CAGCTAATCACTATTC,0,0,0
ECO1_PBMC_cell_AACTGGTCACGCCAGT,0,0,0
ECO1_PBMC_cell_ATTATCCCATCCGCGA,0,0,0
ECO1_PBMC_cell_GATTCAGGTAAGTGGC,0,0,0
ECO1_PBMC_cell_GTCGTAATCAACCAAC,0,0,0
ECO1_PBMC_cell_TACTTACGTCCGAAGA,0,0,0
ECO1_PBMC_cell_CGGAGTCGTGGTACAG,0,0,0
ECO1_PBMC_cell_ACCGTAACAAATTGCC,0,0,0
ECO1_PBMC_cell_GCAGTTAAGACCTAGG,0,0,0
ECO1_PBMC_cell_GCAATCACACGTGAGA,0,0,0
ECO1_PBMC_cell_GCACATAAGTCGCCGT,0,0,0
ECO1_PBMC_cell_AGGGTGATCGTTGACA,0,0,0
ECO1_PBMC_cell_GGGAGATGTAAGAGGA,0,0,0
ECO1_PBMC_cell_GAGTCCGAGAATTCCC,0,0,0
ECO1_PBMC_cell_CGAACATTCATCACCC,0,0,0
ECO1_PBMC_cell_AGAGTGGAGCCAGAAC,0,0,0
ECO1_PBMC_cell_TGCACCTGTTGCTCCT,0,0,0
ECO1_PBMC_cell_GTCTCGTAGCGATTCT,0,0,0
ECO1_PBMC_cell_CGGCTAGCAGTTCATG,0,0,0
ECO1_PBMC_cell_ACTGATGCATCCGTGG,0,0,0
ECO1_PBMC_cell_TCCACACCACAGCGTC,0,0,0
ECO1_PBMC_cell_CTGAAGTGTAAATACG,0,0,0
ECO1_PBMC_cell_TAAACCGAGACAGAGA,0,0,0
ECO1_PBMC_cell_TTCTTAGTCCACTGGG,0,0,0
ECO1_PBMC_cell_CAGTCCTTCCTACAGA,0,0,0
ECO1_PBMC_cell_CGACTTCTCCATGCTC,0,0,0
ECO1_PBMC_cell_GTCTTCGCATCGGACC,0,0,0
ECO1_PBMC_cell_AAACCTGTCCGGCACA,0,0,0
ECO1_PBMC_cell_CAGATCACACTTCGAA,0,0,0
ECO1_PBMC_cell_ACGATGTAGAGCTATA,0,0,0
ECO1_PBMC_cell_TAGGCATGTGGTACAG,0,0,0
ECO1_PBMC_cell_CAAGTTGGTCATCGGC,0,0,0
ECO1_PBMC_cell_AGCATACTCCACGACG,0,0,0
ECO1_PBMC_cell_GTTCTCGGTATATGAG,0,0,0
ECO1_PBMC_cell_TGACTAGAGAATCTCC,0,0,0
ECO1_PBMC_cell_AACCATGAGGCATGGT,0,0,0
ECO1_PBMC_cell_CGCGTTTAGGGCTTCC,0,0,0
ECO1_PBMC_cell_ACGATACGTATTACCG,0,0,0
ECO1_PBMC_cell_ACTGATGTCGTATCAG,0,0,0
ECO1_PBMC_cell_ACGGGTCTCACTGGGC,0,0,0
ECO1_PBMC_cell_CGTCTACGTCCGTTAA,0,0,0
ECO1_PBMC_cell_AACTCTTTCAATCTCT,0,0,0
ECO1_PBMC_cell_AACTTTCCATACGCCG,0,0,0
ECO1_PBMC_cell_AATCCAGAGCTACCTA,0,0,0
ECO1_PBMC_cell_TAGTTGGCACTTAAGC,0,0,0
ECO1_PBMC_cell_GTTAAGCGTACATGTC,0,0,0
ECO1_PBMC_cell_TGCGGGTAGCTGATAA,0,0,0
ECO1_PBMC_cell_GTTCTCGTCTGATACG,0,0,0
ECO1_PBMC_cell_ATCATCTTCCGTAGTA,0,0,0
ECO1_PBMC_cell_TCAGCAAGTTACGGAG,0,0,0
ECO1_PBMC_cell_CTCACACAGCTGATAA,0,0,0
ECO1_PBMC_cell_GTTCTCGTCTCCGGTT,0,0,0
ECO1_PBMC_cell_CTAATGGCACGGACAA,0,0,0
ECO1_PBMC_cell_CCTTTCTTCAAAGTAG,0,0,0
ECO1_PBMC_cell_GACTAACTCAAGCCTA,0,0,0
ECO1_PBMC_cell_AATCGGTAGATAGTCA,0,0,0
ECO1_PBMC_cell_AGCATACCAATGGAGC,0,0,0
ECO1_PBMC_cell_TCAGATGAGGCCCTTG,0,0,0
ECO1_PBMC_cell_TCGGGACGTATATCCG,0,0,0
ECO1_PBMC_cell_AACCGCGGTTATCGGT,0,0,0
ECO1_PBMC_cell_CTCAGAAAGCCAACAG,0,0,0
ECO1_PBMC_cell_AGGCCACTCCCTCAGT,0,0,0
ECO1_PBMC_cell_ACGGCCACAATACGCT,0,0,0
ECO1_PBMC_cell_CATGGCGGTTGTCGCG,0,0,0
ECO1_PBMC_cell_CACATAGTCTCATTCA,0,0,0
ECO1_PBMC_cell_TCCCGATTCTTGACGA,0,0,0
ECO1_PBMC_cell_TGCTGCTCAAGGCTCC,0,0,0
ECO1_PBMC_cell_ATGCGATAGATCCGAG,0,0,0
ECO1_PBMC_cell_GTTTCTAGTAAGCACG,0,0,0
ECO1_PBMC_cell_GAACCTACAAGTTAAG,0,0,0
ECO1_PBMC_cell_ACTGTCCGTTGGTGGA,0,0,0
ECO1_PBMC_cell_CGTAGGCCAATACGCT,0,0,0
ECO1_PBMC_cell_GAAGCAGGTACTCAAC,0,0,0
ECO1_PBMC_cell_GCGCGATGTAATTGGA,0,0,0
ECO1_PBMC_cell_ACCTTTACACATCTTT,0,0,0
ECO1_PBMC_cell_CTACCCACAGATGGCA,0,0,0
ECO1_PBMC_cell_GCATGCGCATTTCAGG,0,0,0
ECO1_PBMC_cell_TCCACACTCAACGAAA,0,0,0
ECO1_PBMC_cell_GATCGCGAGAGTAAGG,0,0,0
ECO1_PBMC_cell_CTAGAGTGTAGGAGTC,0,0,0
ECO1_PBMC_cell_GAGGTGAAGGGCTTGA,0,0,0
ECO1_PBMC_cell_GCAGCCATCCGTACAA,0,0,0
ECO1_PBMC_cell_ACGATACCAATGGATA,0,0,0
ECO1_PBMC_cell_CAGCTGGTCTTTAGTC,0,0,0
ECO1_PBMC_cell_GCAGCCAAGCAATATG,0,0,0
ECO1_PBMC_cell_GAATAAGTCTGAAAGA,0,0,0
ECO1_PBMC_cell_TCATTTGTCGATAGAA,0,0,0
ECO1_PBMC_cell_CAGCCGAAGTGGTAAT,0,0,0
ECO1_PBMC_cell_TACTTGTTCTACGAGT,0,0,0
ECO1_PBMC_cell_AAGACCTCAAGGGTCA,0,0,0
ECO1_PBMC_cell_CGTTGGGGTCTCTTAT,0,0,0
ECO1_PBMC_cell_GCGCCAATCAGAGGTG,0,0,0
ECO1_PBMC_cell_CGTAGCGCAGTAAGAT,0,0,0
ECO1_PBMC_cell_CTTAACTCATGTCTCC,0,0,0
ECO1_PBMC_cell_TGAGCATAGTCGATAA,0,0,0
ECO1_PBMC_cell_CTAACTTAGACACGAC,0,0,0
ECO1_PBMC_cell_TACGGGCTCAACGAAA,0,0,0
ECO1_PBMC_cell_GTCAAGTGTCTAAACC,0,0,0
ECO1_PBMC_cell_CAGAGAGTCTAACGGT,0,0,0
ECO1_PBMC_cell_GATCGATTCTGATTCT,0,0,0
ECO1_PBMC_cell_CTAACTTGTAAGTGGC,0,0,0
ECO1_PBMC_cell_CGATGGCTCGTCCAGG,0,0,0
ECO1_PBMC_cell_TTCTCCTGTCAACATC,0,0,0
ECO1_PBMC_cell_ATCCACCAGACGCTTT,0,0,0
ECO1_PBMC_cell_GTCATTTAGAGTACCG,0,0,0
ECO1_PBMC_cell_AGCGTCGTCATAACCG,0,0,0
ECO1_PBMC_cell_CTACATTCACAGGCCT,0,0,0
ECO1_PBMC_cell_GTCACGGAGGACATTA,0,0,0
ECO1_PBMC_cell_GATGCTACAGTGGGAT,0,0,0
ECO1_PBMC_cell_GGGAGATCATTATCTC,0,0,0
ECO1_PBMC_cell_TGCGGGTTCGAGCCCA,0,0,0
ECO1_PBMC_cell_GCGCAACTCGCGCCAA,0,0,0
ECO1_PBMC_cell_ATTTCTGCATGACGGA,0,0,0
ECO1_PBMC_cell_CTCTAATCAGGAATCG,0,0,0
ECO1_PBMC_cell_CGGTTAACATATGAGA,0,0,0
ECO1_PBMC_cell_GTACGTAGTGGCGAAT,0,0,0
ECO1_PBMC_cell_CAGTAACCAGCTATTG,0,0,0
ECO1_PBMC_cell_TCAGATGTCATAACCG,0,0,0
ECO1_PBMC_cell_TATTACCTCAAGCCTA,0,0,0
ECO1_PBMC_cell_AAAGCAAAGTTGAGTA,0,0,0
ECO1_PBMC_cell_CCTAAAGCAGACGCAA,0,0,0
ECO1_PBMC_cell_CTCGGAGAGCTATGCT,0,0,0
ECO1_PBMC_cell_CATCGAAGTACCCAAT,0,0,0
ECO1_PBMC_cell_GACAGAGCACGGTAAG,0,0,0
ECO1_PBMC_cell_ATTGGACGTGCCTGTG,0,0,0
ECO1_PBMC_cell_CTCAGAAAGTTGAGAT,0,0,0
ECO1_PBMC_cell_AGATTGCCACCCTATC,0,0,0
ECO1_PBMC_cell_AACCATGAGTGAACGC,0,0,0
ECO1_PBMC_cell_CCAGCGACAAGCTGGA,0,0,0
ECO1_PBMC_cell_TTCCCAGAGCTTTGGT,0,0,0
ECO1_PBMC_cell_GACTGCGTCCGAGCCA,0,0,0
ECO1_PBMC_cell_TCTGGAATCTGTCAAG,0,0,0
ECO1_PBMC_cell_TCGGTAACAGATAATG,0,0,0
ECO1_PBMC_cell_TGCGCAGCACGACTCG,0,0,0
ECO1_PBMC_cell_CAACCTCAGGCGCTCT,0,0,0
ECO1_PBMC_cell_CTAGTGATCCATGAAC,0,0,0
ECO1_PBMC_cell_TTTGGTTTCATTGCGA,0,0,0
ECO1_PBMC_cell_AACTCTTAGGTGCTTT,0,0,0
ECO1_PBMC_cell_TAAACCGTCATATCGG,0,0,0
ECO1_PBMC_cell_CTCCTAGAGTGGTAAT,0,0,0
ECO1_PBMC_cell_GCTGGGTCAAGCGAGT,0,0,0
ECO1_PBMC_cell_GGACAGAGTAGTAGTA,0,0,0
ECO1_PBMC_cell_CAAGGCCTCGTTTAGG,0,0,0
ECO1_PBMC_cell_CGTGAGCTCTAACTTC,0,0,0
ECO1_PBMC_cell_ACGTCAAAGCTGAAAT,0,0,0
ECO1_PBMC_cell_GAACCTAGTCGTTGTA,0,0,0
ECO1_PBMC_cell_CCCAATCCACCATCCT,0,0,0
ECO1_PBMC_cell_GGACAGACAAGGTTTC,0,0,0
ECO1_PBMC_cell_GATCGTAGTCCTAGCG,0,0,0
ECO1_PBMC_cell_TTAGTTCCACGCATCG,0,0,0
ECO1_PBMC_cell_CGTAGGCAGGCTCATT,0,0,0
ECO1_PBMC_cell_AGGCCGTCACGGCTAC,0,0,0
ECO1_PBMC_cell_ACTATCTCATTATCTC,0,0,0
ECO1_PBMC_cell_GTTAAGCTCTAACTGG,0,0,0
ECO1_PBMC_cell_TCAATCTCATACGCTA,0,0,0
ECO1_PBMC_cell_ACATGGTTCAATCTCT,0,0,0
ECO1_PBMC_cell_GGACAAGAGCCACTAT,0,0,0
ECO1_PBMC_cell_GCTCCTAAGGCAATTA,0,0,0
ECO1_PBMC_cell_GAGCAGAAGCGACGTA,0,0,0
ECO1_PBMC_cell_TCAGGTAGTTGGTTTG,0,0,0
ECO1_PBMC_cell_GGCGACTTCGCAGGCT,0,0,0
ECO1_PBMC_cell_ACGATGTCAGTCACTA,0,0,0
ECO1_PBMC_cell_CGAATGTAGACCACGA,0,0,0
ECO1_PBMC_cell_ACGCCAGGTCTGCCAG,0,0,0
ECO1_PBMC_cell_ACGGCCACAGCCTGTG,0,0,0
ECO1_PBMC_cell_TCAGCTCGTCCAGTAT,0,0,0
ECO1_PBMC_cell_CGTTCTGGTATTCTCT,0,0,0
ECO1_PBMC_cell_CTTGGCTTCGAATGGG,0,0,0
ECO1_PBMC_cell_GCTTCCAGTAAGTGTA,0,0,0
ECO1_PBMC_cell_CTAACTTGTTCCCGAG,0,0,0
ECO1_PBMC_cell_ACTTTCAAGGTTACCT,0,0,0
ECO1_PBMC_cell_TGACTTTGTTAAGATG,0,0,0
ECO1_PBMC_cell_GGCTGGTTCCGCAAGC,0,0,0
ECO1_PBMC_cell_GTCAAGTTCAGATAAG,0,0,0
ECO1_PBMC_cell_ACGGGCTCACGTGAGA,0,0,0
ECO1_PBMC_cell_GGGCACTAGATTACCC,0,0,0
ECO1_PBMC_cell_GGTATTGGTCAGATAA,0,0,0
ECO1_PBMC_cell_CGCGGTAAGCACCGCT,0,0,0
ECO1_PBMC_cell_TCTTTCCGTATATGAG,0,0,0
ECO1_PBMC_cell_ATGGGAGTCCTTTACA,0,0,0
ECO1_PBMC_cell_ACGGGTCTCTTAGCCC,0,0,0
ECO1_PBMC_cell_AGCTCTCAGAAGGACA,0,0,0
ECO1_PBMC_cell_CCTAGCTAGTACCGGA,0,0,0
ECO1_PBMC_cell_TCACGAATCACCACCT,0,0,0
ECO1_PBMC_cell_GTTCTCGTCTTTCCTC,0,0,0
ECO1_PBMC_cell_GTCTCGTAGGCGTACA,0,0,0
ECO1_PBMC_cell_GATCGTAAGCAGCGTA,0,0,0
ECO1_PBMC_cell_CTCGAAAAGCTACCGC,0,0,0
ECO1_PBMC_cell_ATCGAGTCAGTGGGAT,0,0,0
ECO1_PBMC_cell_CGCTATCTCCTGTACC,0,0,0
ECO1_PBMC_cell_TTTGCGCTCTGATTCT,0,0,0
ECO1_PBMC_cell_CTCGGAGAGAGCTGCA,0,0,0
ECO1_PBMC_cell_TGCTACCAGTGTTTGC,0,0,0
ECO1_PBMC_cell_TACACGATCAGCTCGG,0,0,0
ECO1_PBMC_cell_CGCCAAGGTTGGAGGT,0,0,0
ECO1_PBMC_cell_CATATTCAGGCCCTCA,0,0,0
ECO1_PBMC_cell_CCGGGATCAGCTCCGA,0,0,0
ECO1_PBMC_cell_TTCTCCTGTGAAGGCT,0,0,0
ECO1_PBMC_cell_TCACAAGCAGCGATCC,0,0,0
ECO1_PBMC_cell_ACGATGTAGAGTCTGG,0,0,0
ECO1_PBMC_cell_TTTACTGAGCTAACTC,0,0,0
ECO1_PBMC_cell_GTTACAGAGAAACCTA,0,0,0
ECO1_PBMC_cell_CGCCAAGAGCTCCTTC,0,0,0
ECO1_PBMC_cell_TACGGTACACATAACC,0,0,0
ECO1_PBMC_cell_CTCGAGGCACCCAGTG,0,0,0
ECO1_PBMC_cell_TACTTACTCCTTAATC,0,0,0
ECO1_PBMC_cell_TTTGCGCCAACGATGG,0,0,0
ECO1_PBMC_cell_TCTTTCCAGATGCGAC,0,0,0
ECO1_PBMC_cell_ATGGGAGGTAAATACG,0,0,0
ECO1_PBMC_cell_GAGTCCGGTTCCACTC,0,0,0
ECO1_PBMC_cell_GCGCCAAGTCATGCAT,0,0,0
ECO1_PBMC_cell_GGACATTCAGTATAAG,0,0,0
ECO1_PBMC_cell_TATTACCAGACTTTCG,0,0,0
ECO1_PBMC_cell_CGTCAGGTCAGGATCT,0,0,0
ECO1_PBMC_cell_GCGGGTTTCGCTGATA,0,0,0
ECO1_PBMC_cell_CGCTATCGTCTGATCA,0,0,0
ECO1_PBMC_cell_TTAGGCAAGAGCCTAG,0,0,0
ECO1_PBMC_cell_GGCCGATGTGAGGGTT,0,0,0
ECO1_PBMC_cell_TCATTTGGTGACGGTA,0,0,0
ECO1_PBMC_cell_GGCTCGACAGTGGAGT,0,0,0
ECO1_PBMC_cell_GTCTCGTCATTGCGGC,0,0,0
ECO1_PBMC_cell_GCATGTACAATCCAAC,0,0,0
ECO1_PBMC_cell_TGACTAGCATGACATC,0,0,0
ECO1_PBMC_cell_TCAGGATAGATGTTAG,0,0,0
ECO1_PBMC_cell_CGGAGCTGTATCAGTC,0,0,0
ECO1_PBMC_cell_TAGAGCTGTGCACTTA,0,0,0
ECO1_PBMC_cell_AGCTTGAGTGTCAATC,0,0,0
ECO1_PBMC_cell_GCATGCGGTGACCAAG,0,0,0
ECO1_PBMC_cell_CCTATTACAGCCTATA,0,0,0
ECO1_PBMC_cell_AGCTTGAAGCTTTGGT,0,0,0
ECO1_PBMC_cell_CGAGAAGTCACTCCTG,0,0,0
ECO1_PBMC_cell_GCCTCTAAGATAGCAT,0,0,0
ECO1_PBMC_cell_GGCGTGTCACTTCGAA,0,0,0
ECO1_PBMC_cell_ACCAGTAGTCAATGTC,0,0,0
ECO1_PBMC_cell_ACTGCTCGTAGCGTGA,0,0,0
ECO1_PBMC_cell_TCAATCTCAGTTAACC,0,0,0
ECO1_PBMC_cell_AAGGTTCCATCAGTCA,0,0,0
ECO1_PBMC_cell_CGGGTCAGTTCACCTC,0,0,0
ECO1_PBMC_cell_GTGTGCGTCTTAACCT,0,0,0
ECO1_PBMC_cell_CATTATCTCACATGCA,0,0,0
ECO1_PBMC_cell_CAAGTTGCAAGAAAGG,0,0,0
ECO1_PBMC_cell_TTGGAACGTCATTAGC,0,0,0
ECO1_PBMC_cell_TCGGGACTCCCTGACT,0,0,0
ECO1_PBMC_cell_CGAACATTCGCACTCT,0,0,0
ECO1_PBMC_cell_AAGGTTCCATCGGGTC,0,0,0
ECO1_PBMC_cell_TGCCCTAAGAAGCCCA,0,0,0
ECO1_PBMC_cell_TGCGGGTGTTCGGGCT,0,0,0
ECO1_PBMC_cell_GAATAAGGTATTCTCT,0,0,0
ECO1_PBMC_cell_CGTTGGGTCTTACCGC,0,0,0
ECO1_PBMC_cell_TTCGAAGCATGGTCAT,0,0,0
ECO1_PBMC_cell_TCACGAAGTTCGGCAC,0,0,0
ECO1_PBMC_cell_GACGTTAGTACTTCTT,0,0,0
ECO1_PBMC_cell_GGGTTGCAGTGACATA,0,0,0
ECO1_PBMC_cell_CGTTAGACATAGACTC,0,0,0
ECO1_PBMC_cell_GCTGGGTAGAGAACAG,0,0,0
ECO1_PBMC_cell_AGGGATGCATTCCTCG,0,0,0
ECO1_PBMC_cell_CTGCTGTAGCTCCTCT,0,0,0
ECO1_PBMC_cell_CTAGAGTGTCTAGCGC,0,0,0
ECO1_PBMC_cell_ATCATCTAGTGGACGT,0,0,1
ECO1_PBMC_cell_TGGCTGGAGCTGGAAC,0,0,0
ECO1_PBMC_cell_GCTGCAGCACGAAGCA,0,0,0
ECO1_PBMC_cell_GATCTAGGTAGCAAAT,0,0,0
ECO1_PBMC_cell_CATATGGCACACAGAG,0,0,0
ECO1_PBMC_cell_TTTGCGCCACCTCGGA,0,0,0
ECO1_PBMC_cell_AACCATGAGCAACGGT,0,0,0
ECO1_PBMC_cell_TATTACCTCCAAGTAC,0,0,0
ECO1_PBMC_cell_CGTCTACCAGTGAGTG,0,0,0
ECO1_PBMC_cell_TTGCGTCTCTCGCATC,0,0,0
ECO1_PBMC_cell_TATTACCCATATGGTC,0,0,0
ECO1_PBMC_cell_AACTTTCTCTCTGTCG,0,0,0
ECO1_PBMC_cell_TGAGGGAGTCGCATAT,0,0,0
ECO1_PBMC_cell_TACTCGCTCCCAAGTA,0,0,0
ECO1_PBMC_cell_CATATTCAGTACGCGA,0,0,0
ECO1_PBMC_cell_CGGTTAAGTAGGAGTC,0,0,0
ECO1_PBMC_cell_CCACGGATCACTTACT,0,0,0
ECO1_PBMC_cell_TGCACCTCATCACGAT,0,0,0
ECO1_PBMC_cell_GCAATCAAGACCACGA,0,0,0
ECO1_PBMC_cell_ACGCAGCAGACAAAGG,0,0,0
ECO1_PBMC_cell_AAAGTAGAGATGCCAG,0,0,0
ECO1_PBMC_cell_CGTCTACTCAATCACG,0,0,0
ECO1_PBMC_cell_CGAACATGTTTCCACC,0,0,0
ECO1_PBMC_cell_GTAACTGTCTCTAAGG,0,0,0
ECO1_PBMC_cell_ACATCAGCATGTAGTC,0,0,0
ECO1_PBMC_cell_TAAGAGACAACTGCTA,0,0,0
ECO1_PBMC_cell_ACGCCAGCAAGCGAGT,0,0,0
ECO1_PBMC_cell_ATCATCTAGCAGGCTA,0,0,0
ECO1_PBMC_cell_GTTCGGGAGGCCCGTT,0,0,0
ECO1_PBMC_cell_CAGCGACAGGGTCTCC,0,0,0
ECO1_PBMC_cell_CTAATGGGTCTTCAAG,0,0,0
ECO1_PBMC_cell_TGTGTTTGTCCAAGTT,0,0,0
ECO1_PBMC_cell_GGCCGATTCTCCCTGA,0,0,0
ECO1_PBMC_cell_TGTATTCTCCAAACAC,0,0,0
ECO1_PBMC_cell_ATAAGAGGTAGAAAGG,0,0,0
ECO1_PBMC_cell_AGCATACTCTACGAGT,0,0,0
ECO1_PBMC_cell_CTGAAGTTCTTCAACT,0,0,0
ECO1_PBMC_cell_GACAGAGGTGACGCCT,0,0,0
ECO1_PBMC_cell_GACGGCTTCAACGAAA,0,0,0
ECO1_PBMC_cell_TTTACTGGTAGAGGAA,0,0,0
ECO1_PBMC_cell_ACGAGGAGTCATATGC,0,0,0
ECO1_PBMC_cell_CGATGTAAGCTCTCGG,0,0,0
ECO1_PBMC_cell_TGAGCATCACTGTGTA,0,0,0
ECO1_PBMC_cell_CTGCTGTGTACCGTAT,0,0,0
ECO1_PBMC_cell_GCTCTGTAGGATGCGT,0,0,0
ECO1_PBMC_cell_ACTTACTGTTGAACTC,0,0,0
ECO1_PBMC_cell_GGGAATGTCTACTTAC,0,0,0
ECO1_PBMC_cell_CTCACACGTGACGCCT,0,0,0
ECO1_PBMC_cell_ATTGGTGGTTCCCGAG,0,0,0
ECO1_PBMC_cell_GCTGCTTTCACAAACC,0,0,0
ECO1_PBMC_cell_TTCTCAATCCCGACTT,0,0,0
ECO1_PBMC_cell_GTAGGCCAGATGCGAC,0,0,0
ECO1_PBMC_cell_AGCTCCTAGACACTAA,0,0,0
ECO1_PBMC_cell_CAACCTCTCCCTTGTG,0,0,0
ECO1_PBMC_cell_GGAGCAATCCGAAGAG,0,0,0
ECO1_PBMC_cell_TACTTGTCACTGTCGG,0,0,0
ECO1_PBMC_cell_GGAAAGCAGGAATTAC,0,0,0
ECO1_PBMC_cell_GGACAAGTCAGCATGT,0,0,0
ECO1_PBMC_cell_AGATCTGCATTATCTC,0,0,0
ECO1_PBMC_cell_AGCTCCTCATTGGCGC,0,0,0
ECO1_PBMC_cell_GAACCTACACCGCTAG,0,0,0
ECO1_PBMC_cell_TAGCCGGCATTGGGCC,0,0,0
ECO1_PBMC_cell_TACTTGTTCTACCAGA,0,0,0
ECO1_PBMC_cell_AGTAGTCAGATGCCTT,0,0,0
ECO1_PBMC_cell_GTATTCTCAGTATCTG,0,0,0
ECO1_PBMC_cell_TAGACCAAGAGATGAG,0,0,0
ECO1_PBMC_cell_GTATCTTCAAGGGTCA,0,0,0
ECO1_PBMC_cell_TTTATGCTCGGCTTGG,0,0,0
ECO1_PBMC_cell_ACAGCCGTCTTTAGGG,0,0,0
ECO1_PBMC_cell_CTACGTCCAGGATCGA,0,0,0
ECO1_PBMC_cell_GGCGTGTGTTCGTTGA,0,0,0
ECO1_PBMC_cell_AAATGCCAGAGTTGGC,0,0,0
ECO1_PBMC_cell_AAACCTGAGAGCTGCA,0,0,0
ECO1_PBMC_cell_GTATCTTCAGTAAGCG,0,0,0
ECO1_PBMC_cell_ATCGAGTTCTACTCAT,0,0,0
ECO1_PBMC_cell_CGTTGGGGTAATAGCA,0,0,0
ECO1_PBMC_cell_TACTCATTCCATTCTA,0,0,0
ECO1_PBMC_cell_GTAACGTGTGCGATAG,0,0,0
ECO1_PBMC_cell_TCTTCGGGTAGAAAGG,0,0,0
ECO1_PBMC_cell_CTTACCGAGTTAAGTG,0,0,0
ECO1_PBMC_cell_GTATTCTAGGCCGAAT,0,0,0
ECO1_PBMC_cell_GGTGCGTTCTGTCTAT,0,0,0
ECO1_PBMC_cell_CCTTCGATCAACGGCC,0,0,0
ECO1_PBMC_cell_TATTACCTCAGAGGTG,0,0,0
ECO1_PBMC_cell_ACCTTTATCAAGATCC,0,0,0
ECO1_PBMC_cell_GTAACTGGTATTAGCC,0,0,0
ECO1_PBMC_cell_CCCATACTCTCCCTGA,0,0,0
ECO1_PBMC_cell_CTACATTAGTGCGATG,0,0,0
ECO1_PBMC_cell_CACAGGCGTAAATACG,0,0,0
ECO1_PBMC_cell_TCTGAGAAGCCACCTG,0,0,0
ECO1_PBMC_cell_ACTGAACGTGCAGACA,0,0,0
ECO1_PBMC_cell_AGGCCGTAGTCCCACG,0,0,0
ECO1_PBMC_cell_GTCGTAAAGTGGAGAA,0,0,0
ECO1_PBMC_cell_ACGCAGCCATTTCACT,0,0,0
ECO1_PBMC_cell_CTGATCCTCGCATGGC,0,0,1
ECO1_PBMC_cell_AGCCTAACATAGTAAG,0,0,0
ECO1_PBMC_cell_GGTGCGTTCATATCGG,0,0,0
ECO1_PBMC_cell_CCCAATCCATCCGCGA,0,0,0
ECO1_PBMC_cell_GGTATTGAGTATGACA,0,0,0
ECO1_PBMC_cell_TGCGCAGCAACACGCC,0,0,0
ECO1_PBMC_cell_CCCTCCTCAGTAGAGC,0,0,0
ECO1_PBMC_cell_CAGCTAAGTATATGAG,0,0,0
ECO1_PBMC_cell_GTGCTTCTCCCTAATT,0,0,0
ECO1_PBMC_cell_TGCCCTATCCTAAGTG,0,0,0
ECO1_PBMC_cell_ATGCGATGTCTACCTC,0,0,0
ECO1_PBMC_cell_TCTATTGAGCACGCCT,0,0,0
ECO1_PBMC_cell_AGTAGTCGTACTCTCC,0,0,0
ECO1_PBMC_cell_AAACGGGTCCTTTACA,0,0,0
ECO1_PBMC_cell_TACGGGCCAATCCAAC,0,0,0
ECO1_PBMC_cell_GCACATACATCTATGG,0,0,0
ECO1_PBMC_cell_GCACATATCGTAGGTT,0,0,0
ECO1_PBMC_cell_GCGAGAAGTTACCGAT,0,0,0
ECO1_PBMC_cell_AGACGTTCACTTAACG,0,0,0
ECO1_PBMC_cell_CATGCCTAGACCGGAT,0,0,0
ECO1_PBMC_cell_TTCGAAGGTCTCACCT,0,0,0
ECO1_PBMC_cell_CCATGTCTCCCTGACT,0,0,0
ECO1_PBMC_cell_ACTTGTTCAATGACCT,0,0,0
ECO1_PBMC_cell_GGGAGATAGCTTCGCG,0,0,0
ECO1_PBMC_cell_CTCGAGGAGTTAAGTG,0,0,0
ECO1_PBMC_cell_GAAACTCAGACTACAA,0,0,0
ECO1_PBMC_cell_ACAGCCGGTACTCGCG,0,0,0
ECO1_PBMC_cell_CACATAGCATGACATC,0,0,0
ECO1_PBMC_cell_ACGGCCACATTTCACT,0,0,0
ECO1_PBMC_cell_CGGACTGCACACGCTG,0,0,0
ECO1_PBMC_cell_AAGGCAGTCTCGGACG,0,0,0
ECO1_PBMC_cell_TTGCCGTAGGGTATCG,0,0,0
ECO1_PBMC_cell_CACATAGTCGGGAGTA,0,0,0
ECO1_PBMC_cell_GTTACAGCATAGGATA,0,0,0
ECO1_PBMC_cell_GTGCTTCTCCAAGCCG,0,0,0
ECO1_PBMC_cell_TACCTATCAAATCCGT,0,0,0
ECO1_PBMC_cell_CACCTTGCAGTCTTCC,0,0,0
ECO1_PBMC_cell_TATGCCCGTACTCGCG,0,0,0
ECO1_PBMC_cell_CACATTTCACTACAGT,0,0,0
ECO1_PBMC_cell_AGCCTAATCCACGCAG,0,0,0
ECO1_PBMC_cell_AGCGGTCAGTACGTAA,0,0,0
ECO1_PBMC_cell_GGGTCTGGTCAGGACA,0,0,0
ECO1_PBMC_cell_GTTCGGGAGACAAAGG,0,0,0
ECO1_PBMC_cell_CACACAAGTCGATTGT,0,0,0
ECO1_PBMC_cell_GATCGTACATCCTAGA,0,0,0
ECO1_PBMC_cell_GTTACAGGTTGATTGC,0,0,0
ECO1_PBMC_cell_TCAATCTCACGGTGTC,0,0,0
ECO1_PBMC_cell_GTTTCTAAGACCGGAT,0,0,0
ECO1_PBMC_cell_TTCTTAGTCAATCTCT,0,0,0
ECO1_PBMC_cell_TGATTTCCAAGCCGTC,0,0,0
ECO1_PBMC_cell_AGGTCATAGCCAGAAC,0,0,0
ECO1_PBMC_cell_CATATGGAGGAATTAC,0,0,0
ECO1_PBMC_cell_TCTGAGATCTACTTAC,0,0,0
ECO1_PBMC_cell_CCATTCGCACAGATTC,0,0,0
ECO1_PBMC_cell_ATTACTCGTTCGCGAC,0,0,0
ECO1_PBMC_cell_ATCATGGGTGTGACGA,0,0,0
ECO1_PBMC_cell_ATCCGAATCTTGTATC,0,0,0
ECO1_PBMC_cell_GCTCCTAAGGTTCCTA,0,0,0
ECO1_PBMC_cell_AAAGCAACACCATGTA,0,0,0
ECO1_PBMC_cell_GGCTGGTCACGCATCG,0,0,0
ECO1_PBMC_cell_CGCTTCAGTCTCTTAT,0,0,0
ECO1_PBMC_cell_CACAGTACACACCGAC,0,0,0
ECO1_PBMC_cell_GTCAAGTAGCTAACTC,0,0,0
ECO1_PBMC_cell_AACGTTGCATGCGCAC,0,0,0
ECO1_PBMC_cell_ATCTACTGTCTCAACA,0,0,0
ECO1_PBMC_cell_GCTGGGTGTGATAAGT,0,0,0
ECO1_PBMC_cell_GCTTCCATCTTGAGGT,0,0,0
ECO1_PBMC_cell_CTCCTAGAGCTGATAA,0,0,0
ECO1_PBMC_cell_CTCGAAATCTCGCTTG,0,0,0
ECO1_PBMC_cell_TTAACTCCAGCTGTTA,0,0,0
ECO1_PBMC_cell_GCTTGAACAAGCTGTT,0,0,0
ECO1_PBMC_cell_TTCCCAGTCTTTACAC,0,0,0
ECO1_PBMC_cell_GGATTACAGAAGGCCT,0,0,0
ECO1_PBMC_cell_AGTGTCAAGACAAAGG,0,0,0
ECO1_PBMC_cell_AAGCCGCGTTACCAGT,0,0,0
ECO1_PBMC_cell_CCCTCCTGTAAGAGGA,0,0,0
ECO1_PBMC_cell_TGCTGCTTCTTGAGAC,0,0,0
ECO1_PBMC_cell_GACACGCAGAGGGATA,0,0,0
ECO1_PBMC_cell_ACACCGGTCAGAGACG,0,0,0
ECO1_PBMC_cell_AACTGGTAGGACTGGT,0,0,0
ECO1_PBMC_cell_TGAGGGACATCACGTA,0,0,0
ECO1_PBMC_cell_TTCGAAGGTTCAGTAC,0,0,0
ECO1_PBMC_cell_AGCAGCCTCGGTGTCG,0,0,0
ECO1_PBMC_cell_AGAGTGGCACAACTGT,0,0,0
ECO1_PBMC_cell_GGCGTGTTCCCTCAGT,0,0,0
ECO1_PBMC_cell_CTGAAGTCAATGAATG,0,0,1
ECO1_PBMC_cell_CGGTTAACAAGCGAGT,0,0,0
ECO1_PBMC_cell_AGATTGCCACATGTGT,0,0,0
ECO1_PBMC_cell_TAGTTGGTCTATCCTA,0,0,0
ECO1_PBMC_cell_GATGAAACACAACGCC,0,0,0
ECO1_PBMC_cell_AAGACCTCAACACCCG,0,0,0
ECO1_PBMC_cell_CAACCTCCAGCGTAAG,0,0,0
ECO1_PBMC_cell_CCATTCGCAACTGGCC,0,0,0
ECO1_PBMC_cell_GTCGTAAAGTATGACA,0,0,0
ECO1_PBMC_cell_ATAGACCAGAGTTGGC,0,0,0
ECO1_PBMC_cell_GTTTCTAGTAGAGTGC,0,0,0
ECO1_PBMC_cell_CTCGTACGTATATCCG,0,0,0
ECO1_PBMC_cell_CAAGGCCCAGTGACAG,0,0,0
ECO1_PBMC_cell_AGGTCCGGTAGAGCTG,0,0,0
ECO1_PBMC_cell_GGCAATTGTCGACTGC,0,0,0
ECO1_PBMC_cell_TCAGGATAGGTACTCT,0,0,0
ECO1_PBMC_cell_TTCCCAGGTTTGGCGC,0,0,0
ECO1_PBMC_cell_CGTAGCGTCTAACTGG,0,0,0
ECO1_PBMC_cell_GGTGTTAAGCAGCCTC,0,0,0
ECO1_PBMC_cell_CGCTATCTCCGTAGGC,0,0,0
ECO1_PBMC_cell_GAACATCTCGTCTGAA,0,0,0
ECO1_PBMC_cell_CTTACCGGTAAGGGCT,0,0,0
ECO1_PBMC_cell_TAGTGGTAGCAGACTG,0,0,0
ECO1_PBMC_cell_CTTGGCTTCCCAACGG,0,0,0
ECO1_PBMC_cell_CATGCCTGTATCACCA,0,0,0
ECO1_PBMC_cell_GGGCATCAGTGGACGT,0,0,0
ECO1_PBMC_cell_CTCGTCAGTTACCGAT,0,0,0
ECO1_PBMC_cell_AGTGTCATCGGTGTCG,0,0,0
ECO1_PBMC_cell_TGGGCGTAGCGAGAAA,0,0,0
ECO1_PBMC_cell_GGTATTGGTCATATGC,0,0,0
ECO1_PBMC_cell_ACGCCGAGTCAACTGT,0,0,0
ECO1_PBMC_cell_GGGAATGGTCAGAGGT,0,0,0
ECO1_PBMC_cell_ACCAGTACACGTTGGC,0,0,0
ECO1_PBMC_cell_CGGAGTCAGACACGAC,0,0,0
ECO1_PBMC_cell_GCTTCCAAGCCGTCGT,0,0,0
ECO1_PBMC_cell_GAAACTCTCATATCGG,0,0,0
ECO1_PBMC_cell_AGATTGCTCGTCACGG,0,0,0
ECO1_PBMC_cell_CATATGGTCCGCATCT,0,0,0
ECO1_PBMC_cell_CCAGCGACATTAGCCA,0,0,0
ECO1_PBMC_cell_AGTAGTCTCCTAGAAC,0,0,0
ECO1_PBMC_cell_TCCCGATGTACCGTAT,0,0,0
ECO1_PBMC_cell_TCAGGTACAGGTCTCG,0,0,0
ECO1_PBMC_cell_AGGGAGTTCGCTTGTC,0,0,0
ECO1_PBMC_cell_TTCTTAGTCACTTATC,0,0,0
ECO1_PBMC_cell_AACTGGTGTGTAACGG,0,0,0
ECO1_PBMC_cell_CACCACTAGCGTAATA,0,0,0
ECO1_PBMC_cell_GCGCCAAGTATTAGCC,0,0,0
ECO1_PBMC_cell_GCGCAGTTCATTTGGG,0,0,0
ECO1_PBMC_cell_CACCACTCAGATTGCT,0,0,0
ECO1_PBMC_cell_GTACTTTCAGAGTGTG,0,0,0
ECO1_PBMC_cell_GCATGCGGTCGGGTCT,0,0,0
ECO1_PBMC_cell_TAGCCGGGTCCGCTGA,0,0,0
ECO1_PBMC_cell_ATAACGCTCTAGCACA,0,0,0
ECO1_PBMC_cell_ACGTCAAGTTACGTCA,0,0,0
ECO1_PBMC_cell_CACACTCCATTGCGGC,0,0,0
ECO1_PBMC_cell_TTAGGCAGTTGAGTTC,0,0,0
ECO1_PBMC_cell_GCATACACACCACCAG,0,0,0
ECO1_PBMC_cell_AGTAGTCTCCAAAGTC,0,0,0
ECO1_PBMC_cell_ACTGAACGTTGCCTCT,0,0,0
ECO1_PBMC_cell_CGCCAAGGTTCCGTCT,0,0,0
ECO1_PBMC_cell_TAAGTGCCAGCGTCCA,0,0,0
ECO1_PBMC_cell_GTACTCCGTTACTGAC,0,0,0
ECO1_PBMC_cell_CTCGTCATCACGCATA,0,0,0
ECO1_PBMC_cell_TATTACCGTGCAGTAG,0,0,0
ECO1_PBMC_cell_GGTGCGTAGGCTCTTA,0,0,0
ECO1_PBMC_cell_CATCAGATCATGCAAC,0,0,0
ECO1_PBMC_cell_GGACAGAGTTTACTCT,0,0,0
ECO1_PBMC_cell_CTAACTTCATCACGTA,0,0,0
ECO1_PBMC_cell_CTGAAACTCGCGGATC,0,0,0
ECO1_PBMC_cell_GAAATGATCGCCTGTT,0,0,0
ECO1_PBMC_cell_GGTGAAGTCCCGGATG,0,0,0
ECO1_PBMC_cell_CACCACTGTAGGGTAC,0,0,0
ECO1_PBMC_cell_TCACGAACACGCGAAA,0,0,0
ECO1_PBMC_cell_CTCCTAGAGTCCCACG,0,0,0
ECO1_PBMC_cell_ATGTGTGGTTTAGGAA,0,0,0
ECO1_PBMC_cell_CCTACACAGCAGGTCA,0,0,0
ECO1_PBMC_cell_CAGCAGCCACCGGAAA,0,0,0
ECO1_PBMC_cell_ACCAGTAGTCGCGAAA,0,0,0
ECO1_PBMC_cell_TGACAACGTTAAGATG,0,0,0
ECO1_PBMC_cell_CGGACGTCAGCTATTG,0,0,0
ECO1_PBMC_cell_TACTCGCGTTCACCTC,0,0,0
ECO1_PBMC_cell_GTAGTCAGTGACGCCT,0,0,0
ECO1_PBMC_cell_CACATTTGTATCGCAT,0,0,0
ECO1_PBMC_cell_CGTAGCGGTTTACTCT,0,0,0
ECO1_PBMC_cell_AAAGATGCATGTCTCC,0,0,0
ECO1_PBMC_cell_ATTACTCAGAATGTGT,0,0,0
ECO1_PBMC_cell_ATCGAGTCAAGTCTAC,0,0,0
ECO1_PBMC_cell_GGACATTCAATCTGCA,0,0,0
ECO1_PBMC_cell_ATGTGTGGTTGGAGGT,0,0,0
ECO1_PBMC_cell_TGGACGCTCTTTACGT,0,0,0
ECO1_PBMC_cell_ACGGCCATCTGCTTGC,0,0,0
ECO1_PBMC_cell_ATCACGACACAGATTC,0,0,0
ECO1_PBMC_cell_AGTGAGGTCGTTACGA,0,0,0
ECO1_PBMC_cell_TACTCGCGTTAAGATG,0,0,0
ECO1_PBMC_cell_GCAAACTAGCTAGTGG,0,0,0
ECO1_PBMC_cell_ATCCGAAAGACTTTCG,0,0,0
ECO1_PBMC_cell_GTTACAGAGTGATCGG,0,0,0
ECO1_PBMC_cell_ATTACTCAGTACGTAA,0,0,0
ECO1_PBMC_cell_TATGCCCAGGCAGTCA,0,0,1
ECO1_PBMC_cell_GTCACAAGTTGGTTTG,0,0,0
ECO1_PBMC_cell_TTTGTCAAGAGTAATC,0,0,0
ECO1_PBMC_cell_TAAGCGTGTTCGAATC,0,0,0
ECO1_PBMC_cell_CATCCACTCATGTAGC,0,0,0
ECO1_PBMC_cell_TTCGGTCTCGTTGCCT,0,0,0
ECO1_PBMC_cell_CATCCACTCAGTTCGA,0,0,0
ECO1_PBMC_cell_TAAGAGAAGGGATGGG,0,0,0
ECO1_PBMC_cell_GACCTGGTCTTGAGAC,0,0,0
ECO1_PBMC_cell_AGTAGTCTCGGCTTGG,0,0,0
ECO1_PBMC_cell_AAGACCTCAAGTCTAC,0,0,0
ECO1_PBMC_cell_GGGATGATCTCGTATT,0,0,0
ECO1_PBMC_cell_CACATAGGTCAAAGCG,0,0,0
ECO1_PBMC_cell_TGGCCAGCATCTCCCA,0,0,0
ECO1_PBMC_cell_GCGCAACCACTATCTT,0,0,0
ECO1_PBMC_cell_AGTCTTTAGAGCTGCA,0,0,0
ECO1_PBMC_cell_GCTGGGTGTTCATGGT,0,0,0
ECO1_PBMC_cell_GGAGCAAAGTGTCTCA,0,0,0
ECO1_PBMC_cell_GCATGATGTACTTCTT,0,0,0
ECO1_PBMC_cell_CACACAACAGTCAGAG,0,0,0
ECO1_PBMC_cell_TCGTAGATCAGATAAG,0,0,0
ECO1_PBMC_cell_CCGGTAGAGCACGCCT,0,0,0
ECO1_PBMC_cell_GTAACTGAGAGGGCTT,0,0,0
ECO1_PBMC_cell_ATGGGAGGTATGGTTC,0,0,0
ECO1_PBMC_cell_GTTAAGCCAGCTGTGC,0,0,0
ECO1_PBMC_cell_CGGTTAAAGCCCGAAA,0,0,0
ECO1_PBMC_cell_CTCGAGGGTGTTGGGA,0,0,0
ECO1_PBMC_cell_GACGTTAAGTGACATA,0,0,0
ECO1_PBMC_cell_TATGCCCGTACCGAGA,0,0,0
ECO1_PBMC_cell_GGCTCGATCAGCACAT,0,0,0
ECO1_PBMC_cell_CTGCTGTAGACATAAC,0,0,0
ECO1_PBMC_cell_TAGGCATGTAGAAGGA,0,0,0
ECO1_PBMC_cell_CACCACTCAATGGAGC,0,0,0
ECO1_PBMC_cell_CTAGCCTAGGAGCGTT,0,0,0
ECO1_PBMC_cell_GACTACAGTCCGAGTC,0,0,0
ECO1_PBMC_cell_CTTCTCTCAATAGAGT,0,0,0
ECO1_PBMC_cell_TCGCGTTGTACCTACA,0,0,0
ECO1_PBMC_cell_AACGTTGCACGTCTCT,0,0,0
ECO1_PBMC_cell_ATCCGAATCACCTTAT,0,0,0
ECO1_PBMC_cell_CGACTTCAGAAGGCCT,0,0,0
ECO1_PBMC_cell_CGCTTCAGTCTCGTTC,0,0,0
ECO1_PBMC_cell_CGGAGTCGTGCGATAG,0,0,0
ECO1_PBMC_cell_AGACGTTGTAAGCACG,0,0,0
ECO1_PBMC_cell_TGAGAGGTCATGCTCC,0,0,0
ECO1_PBMC_cell_GGGCATCCAATACGCT,0,0,0
ECO1_PBMC_cell_TCAGCAAGTCATTAGC,0,0,0
ECO1_PBMC_cell_AGGCCACAGCTGAAAT,0,0,0
ECO1_PBMC_cell_AACTCTTTCAGAAATG,0,0,0
ECO1_PBMC_cell_TCGAGGCCAAGTCATC,0,0,0
ECO1_PBMC_cell_TGCTGCTCAACTGCTA,0,0,0
ECO1_PBMC_cell_GCCAAATCAGTATGCT,0,0,0
ECO1_PBMC_cell_AACTGGTAGTGGGTTG,0,0,0
ECO1_PBMC_cell_GCGGGTTAGCCAGTAG,0,0,0
ECO1_PBMC_cell_ACGCCGACACGTGAGA,0,0,0
ECO1_PBMC_cell_AAAGCAAGTTAAAGAC,0,0,0
ECO1_PBMC_cell_CTCGAGGGTCGAAAGC,0,0,0
ECO1_PBMC_cell_AAGACCTGTACAGTGG,0,0,0
ECO1_PBMC_cell_CATGGCGTCTGCAAGT,0,0,0
ECO1_PBMC_cell_ACATGGTCAGGAATCG,0,0,0
ECO1_PBMC_cell_CGGACGTAGCTGATAA,0,0,0
ECO1_PBMC_cell_GCGCCAATCGTATCAG,0,0,0
ECO1_PBMC_cell_AGCGGTCTCCATGAAC,0,0,0
ECO1_PBMC_cell_TGCCCATGTCCCTTGT,0,0,0
ECO1_PBMC_cell_CTCGTACTCCATTCTA,0,0,0
ECO1_PBMC_cell_CTGATAGAGACCGGAT,0,0,0
ECO1_PBMC_cell_CTTAGGAGTCGTGGCT,0,0,0
ECO1_PBMC_cell_CCTCAGTCACGGCCAT,0,0,0
ECO1_PBMC_cell_GATGAGGTCATGTAGC,0,0,0
ECO1_PBMC_cell_GCTGCTTGTGCAACTT,0,0,0
ECO1_PBMC_cell_CCTACACGTCGAGTTT,0,0,0
ECO1_PBMC_cell_CAACTAGTCCACTGGG,0,0,0
ECO1_PBMC_cell_CTGAAGTTCGAGAACG,0,0,0
ECO1_PBMC_cell_GTCGGGTCAGACAGGT,0,0,0
ECO1_PBMC_cell_CATTCGCAGCGAGAAA,0,0,0
ECO1_PBMC_cell_CACAGTACATCCAACA,0,0,0
ECO1_PBMC_cell_AGTGGGAAGAGAGCTC,0,0,0
ECO1_PBMC_cell_CCGTACTCATTAACCG,0,0,0
ECO1_PBMC_cell_GGCCGATCACTACAGT,0,0,0
ECO1_PBMC_cell_TGGGCGTTCACTATTC,0,0,0
ECO1_PBMC_cell_TGACTTTCACCAGGTC,0,0,0
ECO1_PBMC_cell_TACTCATCACGTCAGC,0,0,0
ECO1_PBMC_cell_GGTATTGTCGCCTGAG,0,0,0
ECO1_PBMC_cell_CGTTGGGGTATATGGA,0,0,0
ECO1_PBMC_cell_TTTACTGAGGGTCGAT,0,0,0
ECO1_PBMC_cell_CCCAATCTCTCCTATA,0,0,0
ECO1_PBMC_cell_CGATCGGCACTTCGAA,0,0,0
ECO1_PBMC_cell_ACGTCAATCGTAGGTT,0,0,0
ECO1_PBMC_cell_GGGCATCTCAGTACGT,0,0,0
ECO1_PBMC_cell_TCATTTGTCACGATGT,0,0,0
ECO1_PBMC_cell_CAGAATCAGTTTCCTT,0,0,0
ECO1_PBMC_cell_TCAGCTCCAGACGTAG,0,0,0
ECO1_PBMC_cell_AGTTGGTCAAATCCGT,0,0,0
ECO1_PBMC_cell_GTCCTCACACCAGGCT,0,0,0
ECO1_PBMC_cell_CTGTTTAGTCTGCCAG,0,0,0
ECO1_PBMC_cell_CCTCTGACATGGGACA,0,0,0
ECO1_PBMC_cell_TGGGCGTAGCTAAACA,0,0,0
ECO1_PBMC_cell_TGCGTGGCAATCAGAA,0,0,0
ECO1_PBMC_cell_CGGACACAGCGATCCC,0,0,0
ECO1_PBMC_cell_TAAGTGCTCCCTTGCA,0,0,0
ECO1_PBMC_cell_CAGCTAATCTGTCTCG,0,0,0
ECO1_PBMC_cell_GACGGCTGTGTTTGGT,0,0,0
ECO1_PBMC_cell_TCTATTGGTTAAGGGC,0,0,0
ECO1_PBMC_cell_CCTCTGAGTCAGAGGT,0,0,0
ECO1_PBMC_cell_ACGAGGATCCATTCTA,0,0,0
ECO1_PBMC_cell_TACAGTGCAATCACAC,0,0,0
ECO1_PBMC_cell_AACACGTGTCCAAGTT,0,0,0
ECO1_PBMC_cell_CATCCACCAGTGGGAT,0,0,0
ECO1_PBMC_cell_TGACTAGCATTTCACT,0,0,0
ECO1_PBMC_cell_TGCTGCTCACCATCCT,0,0,0
ECO1_PBMC_cell_TTATGCTTCTTCTGGC,0,0,0
ECO1_PBMC_cell_ATCTGCCGTCGTCTTC,0,0,0
ECO1_PBMC_cell_ATCCGAAAGTCAAGCG,0,0,0
ECO1_PBMC_cell_GCTTCCACACACCGCA,0,0,0
ECO1_PBMC_cell_TGACAACAGTGTTTGC,0,0,0
ECO1_PBMC_cell_CGCCAAGTCACAAACC,0,0,0
ECO1_PBMC_cell_TGTTCCGAGCTGCCCA,0,0,0
ECO1_PBMC_cell_ATCATGGCAGACTCGC,0,0,0
ECO1_PBMC_cell_GATGCTATCACTTCAT,0,0,0
ECO1_PBMC_cell_TAGACCATCCCGACTT,0,0,0
ECO1_PBMC_cell_CGTGTCTCAATCAGAA,0,0,0
ECO1_PBMC_cell_GCTGCGATCCTCCTAG,0,0,0
ECO1_PBMC_cell_CACATAGTCCGCATAA,0,0,0
ECO1_PBMC_cell_GCTCCTAAGCACCGCT,0,0,0
ECO1_PBMC_cell_CCTCTGACAGGAATCG,0,0,0
ECO1_PBMC_cell_TTGAACGTCTCAAACG,0,0,0
ECO1_PBMC_cell_AGTGTCATCACAGGCC,0,0,0
ECO1_PBMC_cell_CCTCAGTTCAGCTCGG,0,0,0
ECO1_PBMC_cell_TGAGAGGTCGCATGAT,0,0,0
ECO1_PBMC_cell_CAGAATCAGGCCATAG,0,0,0
ECO1_PBMC_cell_TGGGCGTAGCTATGCT,0,0,0
ECO1_PBMC_cell_GCGAGAATCTACTCAT,0,0,0
ECO1_PBMC_cell_AAATGCCCAAAGGTGC,0,0,0
ECO1_PBMC_cell_CACATAGCATACTACG,0,0,0
ECO1_PBMC_cell_TTCCCAGTCCTCTAGC,0,0,0
ECO1_PBMC_cell_CTCATTATCTAACTCT,0,0,0
ECO1_PBMC_cell_GCTCCTAAGGACAGCT,0,0,0
ECO1_PBMC_cell_ATAAGAGTCAACTCTT,0,0,0
ECO1_PBMC_cell_CTAGCCTTCAAGAAGT,0,0,0
ECO1_PBMC_cell_GAAGCAGAGTGGTCCC,0,0,0
ECO1_PBMC_cell_CATATTCGTCCTCTTG,0,0,0
ECO1_PBMC_cell_ACTATCTGTCTAGGTT,0,0,0
ECO1_PBMC_cell_AAAGATGGTAAAGGAG,0,0,0
ECO1_PBMC_cell_CACAGGCAGCAGATCG,0,0,0
ECO1_PBMC_cell_AATCCAGGTCCGTGAC,0,0,0
ECO1_PBMC_cell_GTACTTTAGTACGTAA,0,0,0
ECO1_PBMC_cell_GCTCCTATCTCCCTGA,0,0,0
ECO1_PBMC_cell_CAGCTAATCTGTCCGT,0,0,0
ECO1_PBMC_cell_GACGCGTCACCAACCG,0,0,0
ECO1_PBMC_cell_CGCGGTAAGTCAAGCG,0,0,0
ECO1_PBMC_cell_GCATGTAAGCACCGTC,0,0,0
ECO1_PBMC_cell_TACAGTGCAATCAGAA,0,0,0
ECO1_PBMC_cell_TCTTTCCAGATGCCAG,0,0,0
ECO1_PBMC_cell_GTCACAAAGGCATTGG,0,0,0
ECO1_PBMC_cell_CTCATTAGTTGAGTTC,0,0,0
ECO1_PBMC_cell_GACACGCAGGTGCACA,0,0,0
ECO1_PBMC_cell_TCAGCTCTCGGCTTGG,0,0,0
ECO1_PBMC_cell_CATTCGCGTCTGCAAT,0,0,0
ECO1_PBMC_cell_TGGCTGGCATTTGCCC,0,0,0
ECO1_PBMC_cell_CTACACCAGGCATGTG,0,0,0
ECO1_PBMC_cell_CAAGAAAGTTCGTTGA,0,0,0
ECO1_PBMC_cell_CTCTGGTTCCAAGCCG,0,0,0
ECO1_PBMC_cell_CGGAGCTGTGACTCAT,0,0,0
ECO1_PBMC_cell_CACACAAAGATCGATA,0,0,0
ECO1_PBMC_cell_GACGGCTTCCTACAGA,0,0,0
ECO1_PBMC_cell_GATCAGTTCTGGAGCC,0,0,0
ECO1_PBMC_cell_TGACTTTGTCCGAAGA,0,0,0
ECO1_PBMC_cell_GCGAGAAAGCTATGCT,0,0,0
ECO1_PBMC_cell_GTCACAAGTTCAGACT,0,0,0
ECO1_PBMC_cell_AGCGTATTCATGGTCA,0,0,0
ECO1_PBMC_cell_CGGACGTGTTCCGTCT,0,0,0
ECO1_PBMC_cell_CACTCCAAGATAGTCA,0,0,0
ECO1_PBMC_cell_GAGCAGAAGTCCAGGA,0,0,0
ECO1_PBMC_cell_GTCACAAAGGGTGTGT,0,0,0
ECO1_PBMC_cell_GATCGTATCGGCTACG,0,0,0
ECO1_PBMC_cell_TGCACCTCACAAGCCC,0,0,0
ECO1_PBMC_cell_GCGCGATCACGGTTTA,0,0,0
ECO1_PBMC_cell_TAGACCATCTGATTCT,0,0,0
ECO1_PBMC_cell_CTGATAGGTTCCAACA,0,0,0
ECO1_PBMC_cell_CGGGTCACAGTTAACC,0,0,0
ECO1_PBMC_cell_GGGAGATGTGGCCCTA,0,0,0
ECO1_PBMC_cell_AGATTGCCACAAGACG,0,0,0
ECO1_PBMC_cell_TGACTTTAGCATCATC,0,0,0
ECO1_PBMC_cell_CGTTCTGTCATCACCC,0,0,0
ECO1_PBMC_cell_ATTGGACGTCCGTCAG,0,0,0
ECO1_PBMC_cell_GCGCAACTCCTATGTT,0,0,0
ECO1_PBMC_cell_CCTCAGTCAAACCTAC,0,0,0
ECO1_PBMC_cell_CATTCGCAGGTGATAT,0,0,0
ECO1_PBMC_cell_GCTGCGACAGGGTATG,0,0,0
ECO1_PBMC_cell_ACTGAGTGTCTGGTCG,0,0,0
ECO1_PBMC_cell_AACCGCGTCCATTCTA,0,0,0
ECO1_PBMC_cell_GGGAATGAGTTGTAGA,0,0,0
ECO1_PBMC_cell_CAAGATCAGTGGTAGC,0,0,0
ECO1_PBMC_cell_GTGTTAGGTTCCAACA,0,0,0
ECO1_PBMC_cell_GTCTCGTTCTATCGCC,0,0,0
ECO1_PBMC_cell_ACACCCTTCATGCTCC,0,0,0
ECO1_PBMC_cell_AATCGGTCAGGCAGTA,0,0,0
ECO1_PBMC_cell_CGCCAAGAGAACTCGG,0,0,0
ECO1_PBMC_cell_AACACGTTCCCGACTT,0,0,0
ECO1_PBMC_cell_TTGGAACCATGGTCTA,0,0,0
ECO1_PBMC_cell_GGAGCAAAGATCTGCT,0,0,0
ECO1_PBMC_cell_ACTTTCACAGCCACCA,0,0,0
ECO1_PBMC_cell_TGACTAGCATATACCG,0,0,0
ECO1_PBMC_cell_GATTCAGAGGAGTTGC,0,0,0
ECO1_PBMC_cell_CACACTCTCCGAATGT,0,0,0
ECO1_PBMC_cell_GCGCGATGTTCGAATC,0,0,0
ECO1_PBMC_cell_TGCGTGGGTCGCGAAA,0,0,0
ECO1_PBMC_cell_GTCACGGGTTGTGGCC,0,0,0
ECO1_PBMC_cell_TCAATCTTCAGGCGAA,0,0,0
ECO1_PBMC_cell_GGGATGAGTCTCAACA,0,0,0
ECO1_PBMC_cell_CAAGAAATCACCCTCA,0,0,0
ECO1_PBMC_cell_CTGAAGTGTGGCCCTA,0,0,0
ECO1_PBMC_cell_CGGACACTCTGTCCGT,0,0,0
ECO1_PBMC_cell_CTCGAGGGTCAGAAGC,0,0,0
ECO1_PBMC_cell_TGGCGCAAGGCGATAC,0,0,0
ECO1_PBMC_cell_ATCTGCCTCTGGTATG,0,0,0
ECO1_PBMC_cell_CAGCGACGTCCAGTTA,0,0,0
ECO1_PBMC_cell_GACTGCGAGAGTACAT,0,0,0
ECO1_PBMC_cell_CGAACATCATGGGACA,0,0,0
ECO1_PBMC_cell_ACATACGCATGTCCTC,0,0,0
ECO1_PBMC_cell_TGCGCAGGTCTAGCGC,0,0,0
ECO1_PBMC_cell_TGCCAAATCCATGAAC,0,0,0
ECO1_PBMC_cell_TTCTTAGTCCGTAGTA,0,0,0
ECO1_PBMC_cell_CCATTCGGTAATCACC,0,0,0
ECO1_PBMC_cell_CGAGCACGTCTCACCT,0,0,0
ECO1_PBMC_cell_AACCATGAGGGAACGG,0,0,0
ECO1_PBMC_cell_TTTGCGCTCCACTGGG,0,0,0
ECO1_PBMC_cell_GTCACAAGTGACTACT,0,0,0
ECO1_PBMC_cell_GTATTCTGTCTACCTC,0,0,0
ECO1_PBMC_cell_TTTACTGTCGCATGGC,0,0,0
ECO1_PBMC_cell_AGCTCTCGTTGTCTTT,0,0,0
ECO1_PBMC_cell_ACGGGTCGTAAATGAC,0,0,0
ECO1_PBMC_cell_GAATAAGTCAGCTCGG,0,0,0
ECO1_PBMC_cell_TAAGCGTTCCGCGTTT,0,0,0
ECO1_PBMC_cell_AGGCCGTAGTGATCGG,0,0,0
ECO1_PBMC_cell_AGGGTGATCCGTAGGC,0,0,0
ECO1_PBMC_cell_GACGTTATCCAAGCCG,0,0,0
ECO1_PBMC_cell_AAAGTAGAGTCGATAA,0,0,0
ECO1_PBMC_cell_AGGGTGAGTATATCCG,0,0,0
ECO1_PBMC_cell_ACATACGGTTAGGGTG,0,0,0
ECO1_PBMC_cell_CTTTGCGGTAAGCACG,0,0,0
ECO1_PBMC_cell_ATAACGCTCCCTCAGT,0,0,0
ECO1_PBMC_cell_CGATGGCGTCGAACAG,0,0,0
ECO1_PBMC_cell_GTTCGGGAGTTAACGA,0,0,0
ECO1_PBMC_cell_ACATGGTAGATGAGAG,0,0,0
ECO1_PBMC_cell_CGGACACTCCTTTACA,0,0,0
ECO1_PBMC_cell_CATCGGGCATTGGTAC,0,0,0
ECO1_PBMC_cell_ATCATGGGTCCAAGTT,0,0,0
ECO1_PBMC_cell_GTACTTTAGTTTCCTT,0,0,0
ECO1_PBMC_cell_GGTGAAGAGAGCCCAA,0,0,0
ECO1_PBMC_cell_TTTGTCATCGTCCAGG,0,0,0
ECO1_PBMC_cell_CTGCCTAAGTACATGA,0,0,0
ECO1_PBMC_cell_AGCCTAAGTGAGGCTA,0,0,0
ECO1_PBMC_cell_GATCGCGCAAAGTGCG,0,0,0
ECO1_PBMC_cell_CTAATGGCATGGTTGT,0,0,0
ECO1_PBMC_cell_GTGAAGGCAGTCGTGC,0,0,0
ECO1_PBMC_cell_AGAGCGAGTCCCTTGT,0,0,0
ECO1_PBMC_cell_CTTCTCTCATGCATGT,0,0,0
ECO1_PBMC_cell_GCAGTTACAGCTGGCT,0,0,0
ECO1_PBMC_cell_CAAGGCCCACACGCTG,0,0,0
ECO1_PBMC_cell_GCTGGGTGTTCCACGG,0,0,0
ECO1_PBMC_cell_GTAGGCCCAGCTCGAC,0,0,0
ECO1_PBMC_cell_CGATTGACACAGTCGC,0,0,0
ECO1_PBMC_cell_ATTACTCGTGTGTGCC,0,0,0
ECO1_PBMC_cell_TTAGGCAGTTTGCATG,0,0,0
ECO1_PBMC_cell_ATGAGGGTCATGGTCA,0,0,0
ECO1_PBMC_cell_TTAACTCAGTGTTGAA,0,0,0
ECO1_PBMC_cell_CCAGCGAGTCCCTACT,0,0,0
ECO1_PBMC_cell_TCTTTCCGTACCATCA,0,0,0
ECO1_PBMC_cell_GGATTACAGCCCAATT,0,0,0
ECO1_PBMC_cell_ATGCGATGTAGGGTAC,0,0,0
ECO1_PBMC_cell_ATCGAGTCACGCATCG,0,0,0
ECO1_PBMC_cell_TAAGAGAGTTGAGGTG,0,0,0
ECO1_PBMC_cell_GCCAAATGTATTCGTG,0,0,0
ECO1_PBMC_cell_AGCAGCCGTAGAAAGG,0,0,0
ECO1_PBMC_cell_CAACCTCAGGCCCGTT,0,0,0
ECO1_PBMC_cell_TCGAGGCCATGTAGTC,0,0,0
ECO1_PBMC_cell_ACATGGTGTAGCGTCC,0,0,0
ECO1_PBMC_cell_AATCCAGCATGTAAGA,0,0,0
ECO1_PBMC_cell_GGACGTCAGCTAACAA,0,0,0
ECO1_PBMC_cell_ACAGCTACACTCGACG,0,0,0
ECO1_PBMC_cell_GGCGACTTCGGAGGTA,0,0,0
ECO1_PBMC_cell_CTGAAGTGTAGCAAAT,0,0,0
ECO1_PBMC_cell_CGTTGGGGTGTGCGTC,0,0,0
ECO1_PBMC_cell_TGGTTAGCATAGACTC,0,0,0
ECO1_PBMC_cell_TCAGCAATCACCCGAG,0,0,0
ECO1_PBMC_cell_CGGACGTCACAGAGGT,0,0,0
ECO1_PBMC_cell_CAGCTAAGTCGCCATG,0,0,0
ECO1_PBMC_cell_CGCGTTTTCCGCTGTT,0,0,1
ECO1_PBMC_cell_TCGAGGCGTATATGGA,0,0,0
ECO1_PBMC_cell_CAGAATCTCAGCTTAG,0,0,0
ECO1_PBMC_cell_CTCTGGTGTCTGCAAT,0,0,0
ECO1_PBMC_cell_TCTGGAATCTCGATGA,0,0,0
ECO1_PBMC_cell_AAAGCAATCGTCCAGG,0,0,0
ECO1_PBMC_cell_CGTCACTCAATGGACG,0,0,0
ECO1_PBMC_cell_TGTGGTAGTCACCTAA,0,0,0
ECO1_PBMC_cell_CACACTCAGTGAACAT,0,0,0
ECO1_PBMC_cell_GATGCTAAGCCCAGCT,0,0,0
ECO1_PBMC_cell_GCTTGAAGTTACGACT,0,0,0
ECO1_PBMC_cell_TGAAAGATCGGATGTT,0,0,0
ECO1_PBMC_cell_GCAATCAGTAATTGGA,0,0,0
ECO1_PBMC_cell_GCTCTGTTCGTCCGTT,0,0,0
ECO1_PBMC_cell_CATCGAACAGCAGTTT,0,0,0
ECO1_PBMC_cell_CCGTGGAAGCCCAGCT,0,0,0
ECO1_PBMC_cell_AGCGTATAGACTTTCG,0,0,0
ECO1_PBMC_cell_CATCAAGGTGTTCTTT,0,0,0
ECO1_PBMC_cell_GGATTACAGTTAAGTG,0,0,0
ECO1_PBMC_cell_ACGGAGATCTACTCAT,0,0,0
ECO1_PBMC_cell_GTACGTACATACGCCG,0,0,0
ECO1_PBMC_cell_CTAGTGATCGTGGTCG,0,0,0
ECO1_PBMC_cell_ATGCGATGTTCGTGAT,0,0,0
ECO1_PBMC_cell_AGGGAGTCAGTGGGAT,0,0,0
ECO1_PBMC_cell_TCACGAATCAGAGGTG,0,0,0
ECO1_PBMC_cell_CAGAGAGTCACCGGGT,0,0,0
ECO1_PBMC_cell_CCATGTCGTTAAGTAG,0,0,0
ECO1_PBMC_cell_ATCGAGTAGGGTGTTG,0,0,0
ECO1_PBMC_cell_CAGCTAAGTAGCTTGT,0,0,0
ECO1_PBMC_cell_TCTATTGCATCACGAT,0,0,0
ECO1_PBMC_cell_TGAGGGAAGTCGATAA,0,0,0
ECO1_PBMC_cell_ACGAGGAGTCTTCTCG,0,0,0
ECO1_PBMC_cell_CTGCGGAGTCCATGAT,0,0,0
ECO1_PBMC_cell_GACACGCAGACCTTTG,0,0,0
ECO1_PBMC_cell_CGTAGGCAGTGTTGAA,0,0,0
ECO1_PBMC_cell_CTCGAGGGTTGTCGCG,0,0,0
ECO1_PBMC_cell_GTGCTTCGTAAGTGGC,0,0,0
ECO1_PBMC_cell_TTTGCGCCAAATCCGT,0,0,0
ECO1_PBMC_cell_CCACGGACAGCATACT,0,0,0
ECO1_PBMC_cell_TAAGCGTGTCGGCACT,0,0,0
ECO1_PBMC_cell_ACCCACTTCTGCTGCT,0,0,0
ECO1_PBMC_cell_GACGGCTCACATTAGC,0,0,0
ECO1_PBMC_cell_AAGGCAGGTCCGTTAA,0,0,0
ECO1_PBMC_cell_GGTGTTAAGCTCAACT,0,0,0
ECO1_PBMC_cell_CTCTAATGTTCGGCAC,0,0,0
ECO1_PBMC_cell_AACGTTGCACTAGTAC,0,0,0
ECO1_PBMC_cell_ATCATGGTCTTTCCTC,0,0,0
ECO1_PBMC_cell_CCTTACGGTGTTCTTT,0,0,0
ECO1_PBMC_cell_GGGAATGTCTACCAGA,0,0,0
ECO1_PBMC_cell_CTACATTTCATGTAGC,0,0,0
ECO1_PBMC_cell_ACTGTCCGTTGCTCCT,0,0,0
ECO1_PBMC_cell_GACGGCTGTCTGGAGA,0,0,0
ECO1_PBMC_cell_GCTGGGTAGACGCACA,0,0,0
ECO1_PBMC_cell_CCGTACTTCAGGCGAA,0,0,0
ECO1_PBMC_cell_CGAGAAGCATTGGGCC,0,0,0
ECO1_PBMC_cell_AGCGGTCGTCCGTCAG,0,0,0
ECO1_PBMC_cell_CAAGATCTCTAACGGT,0,0,0
ECO1_PBMC_cell_TCATTTGTCGATGAGG,0,0,0
ECO1_PBMC_cell_TTTACTGTCGATCCCT,0,0,0
ECO1_PBMC_cell_GCAGCCACAAACGTGG,0,0,0
ECO1_PBMC_cell_TTCTCAACACTAGTAC,0,0,0
ECO1_PBMC_cell_TCCACACCAGCTGGCT,0,0,0
ECO1_PBMC_cell_TACTTACGTTGGACCC,0,0,0
ECO1_PBMC_cell_GGAACTTGTTACAGAA,0,0,0
ECO1_PBMC_cell_AGGTCATAGGATTCGG,0,0,0
ECO1_PBMC_cell_AACACGTCAACGCACC,0,0,0
ECO1_PBMC_cell_AGGTCATCAGTTCCCT,0,0,0
ECO1_PBMC_cell_CGAGCCACACGAGGTA,0,0,0
ECO1_PBMC_cell_CCTACACCAACAACCT,0,0,0
ECO1_PBMC_cell_AAAGTAGCACCACCAG,0,0,0
ECO1_PBMC_cell_ATCATCTAGAATTGTG,0,0,0
ECO1_PBMC_cell_TACCTTAAGCCCAACC,0,0,0
ECO1_PBMC_cell_GATGAAATCCCATTAT,0,0,0
ECO1_PBMC_cell_CATCGAAAGGGCTTGA,0,0,0
ECO1_PBMC_cell_CATCAGACATATGAGA,0,0,0
ECO1_PBMC_cell_TGCGGGTGTACATCCA,0,0,0
ECO1_PBMC_cell_CTACCCACACAGTCGC,0,0,0
ECO1_PBMC_cell_TGACTTTGTTCTCATT,0,0,0
ECO1_PBMC_cell_CCCTCCTTCGCACTCT,0,0,0
ECO1_PBMC_cell_CCGGGATAGACCTAGG,0,0,0
ECO1_PBMC_cell_CTCTAATAGAGACTAT,0,0,0
ECO1_PBMC_cell_ATTATCCAGAGGTTGC,0,0,0
ECO1_PBMC_cell_ATAACGCAGTTCGCAT,0,0,0
ECO1_PBMC_cell_GTCATTTGTAAGGATT,0,0,0
ECO1_PBMC_cell_CTCGTACCATCGATGT,0,0,0
ECO1_PBMC_cell_TTGCGTCTCCGTTGCT,0,0,0
ECO1_PBMC_cell_ACCCACTCAGACGCCT,0,0,0
ECO1_PBMC_cell_AAACGGGCAGCATACT,0,0,0
ECO1_PBMC_cell_ACTTTCAAGACTGTAA,0,0,0
ECO1_PBMC_cell_GACGGCTCAGTAAGCG,0,0,0
ECO1_PBMC_cell_TCAGGTAAGCTAAGAT,0,0,0
ECO1_PBMC_cell_TTAGTTCGTGTAAGTA,0,0,0
ECO1_PBMC_cell_GAGCAGAGTTTCGCTC,0,0,0
ECO1_PBMC_cell_TGAAAGAAGGACATTA,0,0,0
ECO1_PBMC_cell_CTCCTAGCAGATGGGT,0,0,0
ECO1_PBMC_cell_CTCCTAGCAATCCGAT,0,0,0
ECO1_PBMC_cell_GACGGCTTCTAGCACA,0,0,0
ECO1_PBMC_cell_GACAGAGAGACACGAC,0,0,0
ECO1_PBMC_cell_ACGGGTCCATATACCG,0,0,0
ECO1_PBMC_cell_ACGTCAATCTGTGCAA,0,0,0
ECO1_PBMC_cell_ACTGAGTGTCCGTCAG,0,0,0
ECO1_PBMC_cell_ACTGATGCAAACGCGA,0,0,0
ECO1_PBMC_cell_AGGGAGTTCCGTACAA,0,0,0
ECO1_PBMC_cell_CGTCCATTCGCTAGCG,0,0,0
ECO1_PBMC_cell_CCAGCGAAGGATTCGG,0,0,0
ECO1_PBMC_cell_GGGAGATAGTGAAGAG,0,0,0
ECO1_PBMC_cell_CTGCTGTCAAATACAG,0,0,0
ECO1_PBMC_cell_GCTTGAAAGTAGCGGT,0,0,0
ECO1_PBMC_cell_GAAATGATCCCAGGTG,0,0,0
ECO1_PBMC_cell_TAGGCATTCTAGAGTC,0,0,0
ECO1_PBMC_cell_CGTAGGCGTTGGGACA,0,0,0
ECO1_PBMC_cell_CGAACATTCATTATCC,0,0,0
ECO1_PBMC_cell_GTTCGGGAGCCACTAT,0,0,0
ECO1_PBMC_cell_TATGCCCAGATGAGAG,0,0,0
ECO1_PBMC_cell_GTGCAGCGTACCGAGA,0,0,0
ECO1_PBMC_cell_GCAATCAAGTTCCACA,0,0,0
ECO1_PBMC_cell_CTCTACGAGTCTCAAC,0,0,0
ECO1_PBMC_cell_TGCTACCAGCCCGAAA,0,0,0
ECO1_PBMC_cell_TATCAGGGTTACGACT,0,0,0
ECO1_PBMC_cell_CCTAGCTCACAGCCCA,0,0,0
ECO1_PBMC_cell_GGGCATCTCTGTTTGT,0,0,0
ECO1_PBMC_cell_CATGCCTAGCTAGTCT,0,0,0
ECO1_PBMC_cell_GAACGGAGTGAACCTT,0,0,0
ECO1_PBMC_cell_TGGGAAGGTACAGTTC,0,0,0
ECO1_PBMC_cell_CTTAGGACACAACTGT,0,0,0
ECO1_PBMC_cell_CACAGGCAGTGTACGG,0,0,0
ECO1_PBMC_cell_TGACAACCACTAAGTC,0,0,0
ECO1_PBMC_cell_TCTGAGAGTGTTGGGA,0,0,0
ECO1_PBMC_cell_ACCTTTACAAGCCGCT,0,0,0
ECO1_PBMC_cell_GTGCATACATAAAGGT,0,0,0
ECO1_PBMC_cell_TGGCCAGCATATACCG,0,0,0
ECO1_PBMC_cell_TTAACTCTCAAACAAG,0,0,0
ECO1_PBMC_cell_CTTGGCTTCTCTGCTG,0,0,0
ECO1_PBMC_cell_CTTACCGCACCGTTGG,0,0,0
ECO1_PBMC_cell_TTCCCAGAGAGGACGG,0,0,0
ECO1_PBMC_cell_ACTGAGTCAATCCGAT,0,0,0
ECO1_PBMC_cell_GGATGTTAGAAACGAG,0,0,0
ECO1_PBMC_cell_CTCGGGAAGACTACAA,0,0,0
ECO1_PBMC_cell_GGACAGATCAGCTCGG,0,0,0
ECO1_PBMC_cell_CATTCGCCAAGCCATT,0,0,0
ECO1_PBMC_cell_GAGGTGATCCAGATCA,0,0,0
ECO1_PBMC_cell_ACTTACTCAATCGGTT,0,0,0
ECO1_PBMC_cell_CCTACCAGTAATTGGA,0,0,0
ECO1_PBMC_cell_CTACCCATCAATCTCT,0,0,0
ECO1_PBMC_cell_AGGGTGATCGTCGTTC,0,0,0
ECO1_PBMC_cell_ATTGGACAGTTGTAGA,0,0,0
ECO1_PBMC_cell_AAACGGGAGTTTCCTT,0,0,0
ECO1_PBMC_cell_TTGAACGAGCGGCTTC,0,0,0
ECO1_PBMC_cell_CGGACACTCTAACTCT,0,0,0
ECO1_PBMC_cell_CAGAGAGTCGAGGTAG,0,0,0
ECO1_PBMC_cell_GTCTCGTTCAACGCTA,0,0,0
ECO1_PBMC_cell_AGATCTGGTCTTGTCC,0,0,0
ECO1_PBMC_cell_CCTACCAAGCTCAACT,0,0,0
ECO1_PBMC_cell_AGTGTCAGTCAGGACA,0,0,0
ECO1_PBMC_cell_GAAATGATCCCGACTT,0,0,0
ECO1_PBMC_cell_GCGCCAACAGCCAGAA,0,0,0
ECO1_PBMC_cell_AAAGTAGGTGTCCTCT,0,0,0
ECO1_PBMC_cell_CCAATCCCAGGATCGA,0,0,0
ECO1_PBMC_cell_ACTGTCCAGAACAACT,0,0,0
ECO1_PBMC_cell_ACATCAGTCACAACGT,0,0,0
ECO1_PBMC_cell_TCAGGATAGTGCTGCC,0,0,0
ECO1_PBMC_cell_CACAAACCAAGACACG,0,0,0
ECO1_PBMC_cell_CCACGGAGTCTAAACC,0,0,0
