,celllabel,True,Predict
EOC4_PBMC_cell_CAGTAACCAGGAATCG,0,0,0
EOC4_PBMC_cell_CGTAGGCCATGTCGAT,0,0,0
EOC4_PBMC_cell_GCATGATCATTTCACT,0,0,0
EOC4_PBMC_cell_ACATACGAGCAATATG,0,0,0
EOC4_PBMC_cell_CCTCTGACACTTAACG,0,0,0
EOC4_PBMC_cell_CTCTAATAGACCTAGG,0,0,0
EOC4_PBMC_cell_CGATGGCTCCACGCAG,0,0,0
EOC4_PBMC_cell_GTTCTCGGTTGCGTTA,0,0,0
EOC4_PBMC_cell_GCATGCGTCCTCGCAT,0,0,0
EOC4_PBMC_cell_GTGAAGGTCACCTTAT,0,0,0
EOC4_PBMC_cell_GGAACTTGTCGACTGC,0,0,0
EOC4_PBMC_cell_TTGGCAACACAGTCGC,0,0,0
EOC4_PBMC_cell_TCCACACTCCTCAACC,0,0,0
EOC4_PBMC_cell_ACAGCTATCTCCAGGG,0,0,0
EOC4_PBMC_cell_TGCACCTGTACCGCTG,0,0,0
EOC4_PBMC_cell_AGGGAGTCATAGACTC,0,0,0
EOC4_PBMC_cell_ACACCCTGTTTAGCTG,0,0,0
EOC4_PBMC_cell_CAGCTAATCAACACGT,0,0,0
EOC4_PBMC_cell_CTCTGGTGTAGGGACT,0,0,0
EOC4_PBMC_cell_TCTTCGGTCGTATCAG,0,0,0
EOC4_PBMC_cell_AGACGTTGTCGTTGTA,0,0,0
EOC4_PBMC_cell_GTAACTGTCTGTGCAA,0,0,0
EOC4_PBMC_cell_AGTTGGTCAGACGCCT,0,0,0
EOC4_PBMC_cell_GAATGAATCGACAGCC,0,0,0
EOC4_PBMC_cell_CTGCCTACAGATCGGA,0,0,0
EOC4_PBMC_cell_GTCCTCAGTCAAAGAT,0,0,0
EOC4_PBMC_cell_ATTGGTGAGATGTCGG,0,0,0
EOC4_PBMC_cell_GCTGCAGTCTGCGTAA,0,0,0
EOC4_PBMC_cell_AGAATAGAGAGGTAGA,0,0,0
EOC4_PBMC_cell_TTATGCTGTATATCCG,0,0,0
EOC4_PBMC_cell_AGAGTGGCACCGGAAA,0,0,0
EOC4_PBMC_cell_TTAGTTCAGCTAGTTC,0,0,0
EOC4_PBMC_cell_GATCGTAAGAGGACGG,0,0,0
EOC4_PBMC_cell_GCATACAGTCTCCATC,0,0,0
EOC4_PBMC_cell_GGTGAAGAGACTAGGC,0,0,0
EOC4_PBMC_cell_AAACCTGTCCGCTGTT,0,0,0
EOC4_PBMC_cell_ACATACGTCAACACGT,0,0,0
EOC4_PBMC_cell_TAGCCGGGTCGCGTGT,0,0,0
EOC4_PBMC_cell_GATTCAGGTACCTACA,0,0,0
EOC4_PBMC_cell_TTAGGCATCAGCTCGG,0,0,0
EOC4_PBMC_cell_CATCAGAAGTATCTCG,0,0,0
EOC4_PBMC_cell_CGTCACTCAATAGCAA,0,0,0
EOC4_PBMC_cell_TAGGCATAGAGTGAGA,0,0,0
EOC4_PBMC_cell_TGCGGGTGTTAAGACA,0,0,0
EOC4_PBMC_cell_GCAGCCAAGTCCATAC,0,0,0
EOC4_PBMC_cell_CTCGTCACAAGTCTGT,0,0,0
EOC4_PBMC_cell_GGACGTCAGAGTACAT,0,0,0
EOC4_PBMC_cell_CAAGAAAGTGACGGTA,0,0,0
EOC4_PBMC_cell_GTTTCTAGTACTTAGC,0,0,0
EOC4_PBMC_cell_GGATTACTCATTGCCC,0,0,0
EOC4_PBMC_cell_GGCGACTCAGACACTT,0,0,0
EOC4_PBMC_cell_TACTTACAGTTCGATC,0,0,0
EOC4_PBMC_cell_CTCGAAAGTACTCAAC,0,0,0
EOC4_PBMC_cell_AGTTGGTCACAACGTT,0,0,0
EOC4_PBMC_cell_TTAGGCAAGTTCGCAT,0,0,0
EOC4_PBMC_cell_ACATCAGGTGACCAAG,0,0,0
EOC4_PBMC_cell_CACACAAGTACAGACG,0,0,0
EOC4_PBMC_cell_CGAACATTCGCCATAA,0,0,0
EOC4_PBMC_cell_TTAGTTCAGACTGTAA,0,0,0
EOC4_PBMC_cell_GCAATCAAGACGACGT,0,0,0
EOC4_PBMC_cell_CGCTTCACAAGACACG,0,0,0
EOC4_PBMC_cell_GCTCTGTGTAAAGTCA,0,0,0
EOC4_PBMC_cell_GCTCCTATCTGCCAGG,0,0,0
EOC4_PBMC_cell_ACACCGGTCAGCATGT,0,0,0
EOC4_PBMC_cell_GTCATTTTCAACGCTA,0,0,0
EOC4_PBMC_cell_ATTGGACGTTAAGGGC,0,0,0
EOC4_PBMC_cell_GCTCTGTTCAGGCCCA,0,0,0
EOC4_PBMC_cell_AGCTCCTAGTTCGCGC,0,0,0
EOC4_PBMC_cell_TAGAGCTCAGGTGCCT,0,0,0
EOC4_PBMC_cell_ATAACGCTCCAAACTG,0,0,0
EOC4_PBMC_cell_TACGGATCAACTTGAC,0,0,0
EOC4_PBMC_cell_TGCTGCTGTCGGCACT,0,0,0
EOC4_PBMC_cell_GCGCCAAAGTGGCACA,0,0,0
EOC4_PBMC_cell_TCGTACCAGTACATGA,0,0,0
EOC4_PBMC_cell_CTCTACGCAATGTTGC,0,0,0
EOC4_PBMC_cell_GACGCGTTCAACGGGA,0,0,0
EOC4_PBMC_cell_TCGAGGCGTTCCCTTG,0,0,0
EOC4_PBMC_cell_GGAATAATCGCGCCAA,0,0,0
EOC4_PBMC_cell_GGAACTTGTAAGGATT,0,0,0
EOC4_PBMC_cell_CGTTAGACACATTCGA,0,0,0
EOC4_PBMC_cell_CCCTCCTTCCTAAGTG,0,0,0
EOC4_PBMC_cell_GTAACTGGTACAGTTC,0,0,0
EOC4_PBMC_cell_TATTACCGTAAATGTG,0,0,0
EOC4_PBMC_cell_CATCCACAGAGGTTAT,0,0,0
EOC4_PBMC_cell_TCTATTGGTACCAGTT,0,0,0
EOC4_PBMC_cell_CGTCTACCATCGACGC,0,0,0
EOC4_PBMC_cell_TGCGTGGGTCCATGAT,0,0,0
EOC4_PBMC_cell_CGATGTAAGTCCGGTC,0,0,0
EOC4_PBMC_cell_TGGACGCTCGCCTGAG,0,0,0
EOC4_PBMC_cell_GCGGGTTAGACTACAA,0,0,0
EOC4_PBMC_cell_GCTGCGAGTCTTCAAG,0,0,0
EOC4_PBMC_cell_TGACAACGTCTGCGGT,0,0,0
EOC4_PBMC_cell_TTATGCTCAAAGGTGC,0,0,0
EOC4_PBMC_cell_GACACGCAGGACATTA,0,0,0
EOC4_PBMC_cell_GTGCGGTCAAGTTGTC,0,0,0
EOC4_PBMC_cell_CCTAGCTCACTGTTAG,0,0,0
EOC4_PBMC_cell_AAGCCGCAGTCCATAC,0,0,0
EOC4_PBMC_cell_ATGCGATTCATAAAGG,0,0,0
EOC4_PBMC_cell_CGTCACTCATTCTTAC,0,0,0
EOC4_PBMC_cell_ACGGGTCCACACGCTG,0,0,0
EOC4_PBMC_cell_CCCTCCTGTCCTCCAT,0,0,0
EOC4_PBMC_cell_GTCACGGCAGGAATGC,0,0,0
EOC4_PBMC_cell_GTCAAGTAGCCAGTAG,0,0,0
EOC4_PBMC_cell_CATATTCGTAGGAGTC,0,0,0
EOC4_PBMC_cell_CAGCCGAAGAGTGACC,0,0,0
EOC4_PBMC_cell_ATCATGGTCAACACGT,0,0,0
EOC4_PBMC_cell_AGCAGCCCACCCATGG,0,0,0
EOC4_PBMC_cell_AACCGCGGTGCGCTTG,0,0,0
EOC4_PBMC_cell_GTCGGGTTCCGAGCCA,0,0,0
EOC4_PBMC_cell_TCACGAATCACTATTC,0,0,0
EOC4_PBMC_cell_GCGCAACTCAACACGT,0,0,0
EOC4_PBMC_cell_TCTCTAAAGTAGTGCG,0,0,0
EOC4_PBMC_cell_AGATCTGTCGGAGCAA,0,0,0
EOC4_PBMC_cell_GACAGAGTCCCTTGCA,0,0,0
EOC4_PBMC_cell_TACGGGCGTCAGTGGA,0,0,0
EOC4_PBMC_cell_GGAGCAAAGATGAGAG,0,0,0
EOC4_PBMC_cell_CGCTGGATCCGCGCAA,0,0,0
EOC4_PBMC_cell_TACGGATAGGGCATGT,0,0,0
EOC4_PBMC_cell_CTCTAATTCAGGATCT,0,0,0
EOC4_PBMC_cell_CGATGGCAGCCCGAAA,0,0,0
EOC4_PBMC_cell_TCAACGATCTACTCAT,0,0,0
EOC4_PBMC_cell_TGACTTTAGACAATAC,0,0,0
EOC4_PBMC_cell_GGAATAACACGCGAAA,0,0,0
EOC4_PBMC_cell_CTCAGAATCAGTCCCT,0,0,0
EOC4_PBMC_cell_CGTGTAATCGTCACGG,0,0,0
EOC4_PBMC_cell_CGTCTACTCTGCTTGC,0,0,0
EOC4_PBMC_cell_TGGACGCAGCTAGTGG,0,0,0
EOC4_PBMC_cell_AGTCTTTGTGAAATCA,0,0,0
EOC4_PBMC_cell_GCTGCAGTCTGCGGCA,0,0,0
EOC4_PBMC_cell_GGGAATGCAGAAGCAC,0,0,0
EOC4_PBMC_cell_ACTGCTCTCGCCTGTT,0,0,0
EOC4_PBMC_cell_GCAGTTAGTCTAACGT,0,0,0
EOC4_PBMC_cell_CAAGTTGAGAAACCGC,0,0,0
EOC4_PBMC_cell_TCTCTAAGTAGGAGTC,0,0,0
EOC4_PBMC_cell_CGTCCATGTGACCAAG,0,0,0
EOC4_PBMC_cell_GTTCGGGTCATTATCC,0,0,0
EOC4_PBMC_cell_GTGCAGCGTAAGTTCC,0,0,0
EOC4_PBMC_cell_ATGGGAGCAGTGGGAT,0,0,0
EOC4_PBMC_cell_ACGGCCATCACATAGC,0,0,0
EOC4_PBMC_cell_TTTACTGAGGATGCGT,0,0,0
EOC4_PBMC_cell_ATCACGATCCAAATGC,0,0,0
EOC4_PBMC_cell_CTCCTAGGTTACGGAG,0,0,0
EOC4_PBMC_cell_TCATTTGAGCTAAACA,0,0,0
EOC4_PBMC_cell_CCGTTCAGTGTTCTTT,0,0,0
EOC4_PBMC_cell_TACGGTAGTGGCTCCA,0,0,0
EOC4_PBMC_cell_ATTATCCAGGCAAAGA,0,0,0
EOC4_PBMC_cell_CATATGGCACTAGTAC,0,0,0
EOC4_PBMC_cell_AGATCTGGTAACGTTC,0,0,0
EOC4_PBMC_cell_TCAGATGAGTACACCT,0,0,0
EOC4_PBMC_cell_GTATTCTCAGATTGCT,0,0,0
EOC4_PBMC_cell_ATGCGATAGGAGCGTT,0,0,0
EOC4_PBMC_cell_AACCATGCAGATGGGT,0,0,0
EOC4_PBMC_cell_ATCTACTTCAATAAGG,0,0,0
EOC4_PBMC_cell_AGATTGCGTATATCCG,0,0,0
EOC4_PBMC_cell_TGCGCAGGTTCGGCAC,0,0,0
EOC4_PBMC_cell_GAAACTCTCTACGAGT,0,0,0
EOC4_PBMC_cell_GATGAGGAGGGATGGG,0,0,0
EOC4_PBMC_cell_TTCTCAATCACCTTAT,0,0,0
EOC4_PBMC_cell_AAAGCAACAAACTGTC,0,0,0
EOC4_PBMC_cell_GACCTGGAGCCCAATT,0,0,0
EOC4_PBMC_cell_CCTTTCTAGGGTTCCC,0,0,0
EOC4_PBMC_cell_CGACTTCGTAAATACG,0,0,0
EOC4_PBMC_cell_GGGAATGCAGCGATCC,0,0,0
EOC4_PBMC_cell_GCTGGGTGTGTGCCTG,0,0,0
EOC4_PBMC_cell_GGAATAATCTTGACGA,0,0,0
EOC4_PBMC_cell_CGGCTAGGTTACGTCA,0,0,0
EOC4_PBMC_cell_ATTACTCTCCGGCACA,0,0,0
EOC4_PBMC_cell_GAATGAACAATCCAAC,0,0,0
EOC4_PBMC_cell_TGGCTGGAGTGAATTG,0,0,0
EOC4_PBMC_cell_CGGACTGTCACCATAG,0,0,0
EOC4_PBMC_cell_GTTACAGGTAAGTAGT,0,0,0
EOC4_PBMC_cell_GTAACGTAGCTTCGCG,0,0,0
EOC4_PBMC_cell_ATCGAGTCACATCCGG,0,0,0
EOC4_PBMC_cell_TTTCCTCAGCTTATCG,0,0,0
EOC4_PBMC_cell_TCGTAGAGTGAAAGAG,0,0,0
EOC4_PBMC_cell_ACGCAGCGTTCAGGCC,0,0,0
EOC4_PBMC_cell_AGGGAGTTCTACCTGC,0,0,0
EOC4_PBMC_cell_CGCGGTAGTAACGCGA,0,0,0
EOC4_PBMC_cell_GACGTTAGTAAGTGTA,0,0,0
EOC4_PBMC_cell_CGACCTTCACAGACTT,0,0,0
EOC4_PBMC_cell_AACTCCCTCATGTCTT,0,0,0
EOC4_PBMC_cell_CACCTTGTCACAATGC,0,0,0
EOC4_PBMC_cell_CTCTACGCAAAGCAAT,0,0,0
EOC4_PBMC_cell_GGAATAACATCGGAAG,0,0,0
EOC4_PBMC_cell_CTTTGCGTCCTAGGGC,0,0,0
EOC4_PBMC_cell_TCGAGGCGTTAGATGA,0,0,0
EOC4_PBMC_cell_GGACAAGAGACAGGCT,0,0,0
EOC4_PBMC_cell_GTCATTTCAACGATCT,0,0,0
EOC4_PBMC_cell_CACATAGGTACCTACA,0,0,0
EOC4_PBMC_cell_GCAGCCATCGCCATAA,0,0,0
EOC4_PBMC_cell_CTGTTTACAGCGTCCA,0,0,0
EOC4_PBMC_cell_AAGACCTAGGCCCGTT,0,0,0
EOC4_PBMC_cell_AGTTGGTGTGTATGGG,0,0,0
EOC4_PBMC_cell_CTCGTACCATATGCTG,0,0,0
EOC4_PBMC_cell_CGAGCCAAGATGGCGT,0,0,0
EOC4_PBMC_cell_CATCAGAGTCTCTCTG,0,0,0
EOC4_PBMC_cell_CGTCAGGCACTAGTAC,0,0,0
EOC4_PBMC_cell_TGACGGCAGTACATGA,0,0,0
EOC4_PBMC_cell_CGGGTCACATGTCGAT,0,0,0
EOC4_PBMC_cell_TACACGATCTAACTGG,0,0,0
EOC4_PBMC_cell_TCAGATGTCTAGAGTC,0,0,0
EOC4_PBMC_cell_CGTAGGCTCACTCTTA,0,0,0
EOC4_PBMC_cell_TACCTTACATAAAGGT,0,0,0
EOC4_PBMC_cell_CGGCTAGCATTTGCTT,0,0,0
EOC4_PBMC_cell_TTAGGCAAGCGAAGGG,0,0,0
EOC4_PBMC_cell_CGGTTAAGTAGCGTGA,0,0,0
EOC4_PBMC_cell_TTAACTCCATCTCGCT,0,0,0
EOC4_PBMC_cell_CCAGCGAGTCAACTGT,0,0,0
EOC4_PBMC_cell_TTGCCGTAGGCGCTCT,0,0,0
EOC4_PBMC_cell_AGGTCATCAGCCTATA,0,0,0
EOC4_PBMC_cell_AGCATACCATACCATG,0,0,0
EOC4_PBMC_cell_AGTAGTCCAGCCTTTC,0,0,0
EOC4_PBMC_cell_GGCGACTCAGCTTCGG,0,0,0
EOC4_PBMC_cell_TGATTTCAGTCAATAG,0,0,0
EOC4_PBMC_cell_AACTGGTGTGACAAAT,0,0,0
EOC4_PBMC_cell_GAGTCCGCATGTAAGA,0,0,0
EOC4_PBMC_cell_GCTGCGAAGCCACTAT,0,0,0
EOC4_PBMC_cell_CTCACACTCCAGAAGG,0,0,0
EOC4_PBMC_cell_GTATTCTTCGTGTAGT,0,0,0
EOC4_PBMC_cell_AGAGCGAAGTACCGGA,0,0,0
EOC4_PBMC_cell_GGACAAGTCAATCTCT,0,0,0
EOC4_PBMC_cell_CTCGAAATCTACTATC,0,0,0
EOC4_PBMC_cell_CCGTGGAAGGGCTTGA,0,0,0
EOC4_PBMC_cell_GAGTCCGCAATGTTGC,0,0,0
EOC4_PBMC_cell_TATCTCAGTACGAAAT,0,0,0
EOC4_PBMC_cell_TCGCGTTCAGACAAGC,0,0,0
EOC4_PBMC_cell_CTGCCTACAATCTACG,0,0,0
EOC4_PBMC_cell_GGATTACAGACAAAGG,0,0,0
EOC4_PBMC_cell_GTACTTTAGCTGATAA,0,0,0
EOC4_PBMC_cell_GACGGCTTCCGCATCT,0,0,0
EOC4_PBMC_cell_TTGGAACGTTTAAGCC,0,0,0
EOC4_PBMC_cell_GGCGACTGTTGGTGGA,0,0,0
EOC4_PBMC_cell_CCTACACGTCTCAACA,0,0,0
EOC4_PBMC_cell_TACCTATAGTCTTGCA,0,0,0
EOC4_PBMC_cell_AGCTCTCGTTCCCGAG,0,0,0
EOC4_PBMC_cell_GCTTCCAGTGACAAAT,0,0,0
EOC4_PBMC_cell_GTTACAGGTAAATACG,0,0,0
EOC4_PBMC_cell_GCACTCTCAACGATCT,0,0,0
EOC4_PBMC_cell_GGGCATCGTCACACGC,0,0,0
EOC4_PBMC_cell_TAGTGGTCAGATGAGC,0,0,0
EOC4_PBMC_cell_TTAACTCAGTGTCCAT,0,0,0
EOC4_PBMC_cell_GGGATGAGTGCGGTAA,0,0,0
EOC4_PBMC_cell_CCGTGGATCTGCTGCT,0,0,0
EOC4_PBMC_cell_GACTGCGAGAAGGTGA,0,0,0
EOC4_PBMC_cell_CGCTGGAGTGCGGTAA,0,0,0
EOC4_PBMC_cell_GCTGCAGAGCCAACAG,0,0,0
EOC4_PBMC_cell_ATAACGCAGTACCGGA,0,0,0
EOC4_PBMC_cell_CTCGGGATCACGCGGT,0,0,0
EOC4_PBMC_cell_GCGCAACCAGATCCAT,0,0,0
EOC4_PBMC_cell_CCCATACTCCTACAGA,0,0,0
EOC4_PBMC_cell_CAAGGCCTCCTAGAAC,0,0,0
EOC4_PBMC_cell_ATTATCCTCACGAAGG,0,0,0
EOC4_PBMC_cell_AAAGCAAGTTACGGAG,0,0,0
EOC4_PBMC_cell_CTACACCTCCAGTATG,0,0,0
EOC4_PBMC_cell_GAACGGAGTCCGTGAC,0,0,0
EOC4_PBMC_cell_GCTTCCACACCTTGTC,0,0,0
EOC4_PBMC_cell_CTAGAGTTCTCCCTGA,0,0,0
EOC4_PBMC_cell_GGCAATTTCTGCGGCA,0,0,0
EOC4_PBMC_cell_TAAGCGTAGTTTAGGA,0,0,0
EOC4_PBMC_cell_AGCCTAAAGCAAATCA,0,0,0
EOC4_PBMC_cell_GGACAGACACGGTAGA,0,0,0
EOC4_PBMC_cell_TCACAAGCAATGGAGC,0,0,0
EOC4_PBMC_cell_TGGCGCACATTACCTT,0,0,0
EOC4_PBMC_cell_TGTGGTACATGTCTCC,0,0,0
EOC4_PBMC_cell_CAGAATCAGAGGGCTT,0,0,0
EOC4_PBMC_cell_TCGTACCGTTGATTGC,0,0,0
EOC4_PBMC_cell_TCGCGAGAGAGACTTA,0,0,0
EOC4_PBMC_cell_CGATGGCTCACTCCTG,0,0,0
EOC4_PBMC_cell_TTAGGACCATTGCGGC,0,0,0
EOC4_PBMC_cell_TACTTGTTCAACACGT,0,0,0
EOC4_PBMC_cell_CCTCAGTTCTGCGGCA,0,0,0
EOC4_PBMC_cell_GTAACGTGTCAACATC,0,0,0
EOC4_PBMC_cell_GCATGATAGATGTCGG,0,0,0
EOC4_PBMC_cell_AGGGTGAGTCTCCCTA,0,0,0
EOC4_PBMC_cell_TCAGCTCAGCTATGCT,0,0,0
EOC4_PBMC_cell_CAACTAGCAATAAGCA,0,0,0
EOC4_PBMC_cell_GTCGTAATCGTTACGA,0,0,0
EOC4_PBMC_cell_CGTTGGGCAATGAATG,0,0,0
EOC4_PBMC_cell_AGATCTGGTCCCTACT,0,0,0
EOC4_PBMC_cell_TTGCCGTGTCTAACGT,0,0,0
EOC4_PBMC_cell_CGTGTAACACGGTAGA,0,0,0
EOC4_PBMC_cell_GAACGGAGTACAGTTC,0,0,0
EOC4_PBMC_cell_CTGCTGTTCTGCCAGG,0,0,0
EOC4_PBMC_cell_CATCAAGTCTCGAGTA,0,0,0
EOC4_PBMC_cell_TGCCAAATCAATCTCT,0,0,0
EOC4_PBMC_cell_GTTACAGGTCAATACC,0,0,0
EOC4_PBMC_cell_ACTTACTTCGGCTACG,0,0,0
EOC4_PBMC_cell_TGGTTCCAGCAGATCG,0,0,0
EOC4_PBMC_cell_TCACAAGTCGACGGAA,0,0,0
EOC4_PBMC_cell_GTGCAGCGTCATATCG,0,0,0
EOC4_PBMC_cell_GCGGGTTTCTAACTCT,0,0,0
EOC4_PBMC_cell_AAACCTGAGGCATGGT,0,0,0
EOC4_PBMC_cell_CCTACACGTACTCTCC,0,0,0
EOC4_PBMC_cell_TCAGGATCACAGGCCT,0,0,0
EOC4_PBMC_cell_AACTGGTGTACCGTTA,0,0,0
EOC4_PBMC_cell_CCAGCGATCTGTGCAA,0,0,0
EOC4_PBMC_cell_GGACAGATCATATCGG,0,0,0
EOC4_PBMC_cell_GGCTCGATCGGAGCAA,0,0,0
EOC4_PBMC_cell_GTGGGTCGTCTTCTCG,0,0,0
EOC4_PBMC_cell_GGTGTTAAGAAACGCC,0,0,0
EOC4_PBMC_cell_CGCTGGACAATACGCT,0,0,0
EOC4_PBMC_cell_CAGCAGCAGCCCAACC,0,0,0
EOC4_PBMC_cell_CATCCACTCCGTTGCT,0,0,0
EOC4_PBMC_cell_ACGATGTCATTAGGCT,0,0,0
EOC4_PBMC_cell_CTCCTAGGTACGACCC,0,0,0
EOC4_PBMC_cell_ATAGACCTCATGGTCA,0,0,0
EOC4_PBMC_cell_GGAATAATCGCCATAA,0,0,0
EOC4_PBMC_cell_TTGGAACAGAATAGGG,0,0,0
EOC4_PBMC_cell_CCGTTCAGTGTCGCTG,0,0,0
EOC4_PBMC_cell_AGCAGCCCACTTCGAA,0,0,0
EOC4_PBMC_cell_TCAATCTGTCTGCGGT,0,0,0
EOC4_PBMC_cell_AACGTTGGTCGGGTCT,0,0,0
EOC4_PBMC_cell_CAGATCATCCCAAGTA,0,0,0
EOC4_PBMC_cell_CACACCTGTGCTCTTC,0,0,0
EOC4_PBMC_cell_ACGAGGAAGTGTTAGA,0,0,0
EOC4_PBMC_cell_TGGTTAGCACAGACAG,0,0,0
EOC4_PBMC_cell_AAGGAGCCAGGCTCAC,0,0,0
EOC4_PBMC_cell_CACAGTAAGGCATGTG,0,0,0
EOC4_PBMC_cell_ATCTACTTCAGCTCGG,0,0,0
EOC4_PBMC_cell_ACATACGCAACGATCT,0,0,0
EOC4_PBMC_cell_ATTGGACCAATAGAGT,0,0,0
EOC4_PBMC_cell_GAGTCCGTCAACCATG,0,0,0
EOC4_PBMC_cell_TCGTAGAAGGGAAACA,0,0,0
EOC4_PBMC_cell_CGCGGTAGTGATAAGT,0,0,0
EOC4_PBMC_cell_TCAATCTCAGACGTAG,0,0,0
EOC4_PBMC_cell_CAGTCCTCATAAGACA,0,0,0
EOC4_PBMC_cell_ACCTTTATCTTGAGGT,0,0,0
EOC4_PBMC_cell_CGATGGCTCCGAATGT,0,0,0
EOC4_PBMC_cell_GAATAAGCAGATCGGA,0,0,0
EOC4_PBMC_cell_ACATACGCAGACGCCT,0,0,0
EOC4_PBMC_cell_AGCGTATTCCCTTGTG,0,0,0
EOC4_PBMC_cell_GTACTTTAGAATAGGG,0,0,0
EOC4_PBMC_cell_TGTATTCGTCCCGACA,0,0,0
EOC4_PBMC_cell_CTCGGAGGTTGACGTT,0,0,0
EOC4_PBMC_cell_GTTCATTGTCGGCATC,0,0,0
EOC4_PBMC_cell_GCAAACTTCAACACTG,0,0,0
EOC4_PBMC_cell_CGTGAGCCAGGAATGC,0,0,0
EOC4_PBMC_cell_TTGGCAAGTCTAGAGG,0,0,0
EOC4_PBMC_cell_TCAACGAGTCAAGCGA,0,0,0
EOC4_PBMC_cell_CAAGAAAAGTCTCCTC,0,0,0
EOC4_PBMC_cell_TACCTATCATAAAGGT,0,0,0
EOC4_PBMC_cell_TGCCCTATCGAACTGT,0,0,0
EOC4_PBMC_cell_CATTATCCAAAGAATC,0,0,0
EOC4_PBMC_cell_CGTGTAAGTTTGTTTC,0,0,0
EOC4_PBMC_cell_CCTTCGAGTCATCGGC,0,0,0
EOC4_PBMC_cell_GGGACCTTCACTATTC,0,0,0
EOC4_PBMC_cell_ATCCACCCACGGATAG,0,0,0
EOC4_PBMC_cell_CACACAAGTCAGAATA,0,0,0
EOC4_PBMC_cell_TCGTAGATCTGGAGCC,0,0,0
EOC4_PBMC_cell_GTTTCTACAATGTTGC,0,0,0
EOC4_PBMC_cell_CAACCTCAGTAGCGGT,0,0,0
EOC4_PBMC_cell_TCAGCAACAAAGCGGT,0,0,0
EOC4_PBMC_cell_ACCAGTACATGTTGAC,0,0,0
EOC4_PBMC_cell_CATTCGCCATTACCTT,0,0,0
EOC4_PBMC_cell_AAAGTAGGTACATCCA,0,0,0
EOC4_PBMC_cell_ACGCAGCCACTCAGGC,0,0,0
EOC4_PBMC_cell_TACGGTACAAGGGTCA,0,0,0
EOC4_PBMC_cell_TTAACTCAGGCCATAG,0,0,0
EOC4_PBMC_cell_TGATTTCTCCATTCTA,0,0,0
EOC4_PBMC_cell_TGGCTGGGTCTGATCA,0,0,0
EOC4_PBMC_cell_TGTATTCGTATATGGA,0,0,0
EOC4_PBMC_cell_CCGTGGAAGTCAAGCG,0,0,0
EOC4_PBMC_cell_GAATAAGGTATCAGTC,0,0,0
EOC4_PBMC_cell_TACTCGCAGGTAGCTG,0,0,0
EOC4_PBMC_cell_TATTACCGTTATGTGC,0,0,0
EOC4_PBMC_cell_TTTGTCAAGAAGAAGC,0,0,0
EOC4_PBMC_cell_CCGGGATAGTTTAGGA,0,0,0
EOC4_PBMC_cell_GATGAGGTCTAACTTC,0,0,0
EOC4_PBMC_cell_CGCTATCAGTTGTAGA,0,0,0
EOC4_PBMC_cell_GGTGAAGCAGGATCGA,0,0,0
EOC4_PBMC_cell_AGTGGGACAGTCACTA,0,0,0
EOC4_PBMC_cell_TACGGTATCGTGGTCG,0,0,0
EOC4_PBMC_cell_TGGACGCCATAGAAAC,0,0,0
EOC4_PBMC_cell_AGACGTTCAAAGGAAG,0,0,0
EOC4_PBMC_cell_GTATTCTAGCCCAACC,0,0,0
EOC4_PBMC_cell_TAAGTGCAGGCTAGCA,0,0,0
EOC4_PBMC_cell_CCTAGCTAGTCATGCT,0,0,0
EOC4_PBMC_cell_GTCGTAATCATCACCC,0,0,0
EOC4_PBMC_cell_CTCGAAAGTCTCGTTC,0,0,0
EOC4_PBMC_cell_GTTTCTATCAACTCTT,0,0,0
EOC4_PBMC_cell_CGAACATAGATGCCTT,0,0,0
EOC4_PBMC_cell_TCCACACAGCCTCGTG,0,0,0
EOC4_PBMC_cell_AGTAGTCCAGCTGTTA,0,0,0
EOC4_PBMC_cell_ACGCAGCCAAACCCAT,0,0,0
EOC4_PBMC_cell_CATGGCGCACGGTAGA,0,0,0
EOC4_PBMC_cell_GGAACTTTCTTGTTTG,0,0,0
EOC4_PBMC_cell_ATCTACTTCACAAACC,0,0,0
EOC4_PBMC_cell_ATCGAGTTCATGCAAC,0,0,0
EOC4_PBMC_cell_CCTTTCTCACGTTGGC,0,0,0
EOC4_PBMC_cell_TCAGATGCACCGGAAA,0,0,0
EOC4_PBMC_cell_GGGTCTGTCCGCTGTT,0,0,0
EOC4_PBMC_cell_GATCGCGAGTGGACGT,0,0,0
EOC4_PBMC_cell_GTCACAACACCGAATT,0,0,0
EOC4_PBMC_cell_CGAATGTCATCCCATC,0,0,0
EOC4_PBMC_cell_GAGTCCGAGATGGCGT,0,0,0
EOC4_PBMC_cell_GTGTGCGTCTGATACG,0,0,0
EOC4_PBMC_cell_GCAATCACAAGCGAGT,0,0,0
EOC4_PBMC_cell_TAAGAGACACATTTCT,0,0,0
EOC4_PBMC_cell_CTAAGACGTAACGCGA,0,0,0
EOC4_PBMC_cell_CTAGTGATCATCATTC,0,0,0
EOC4_PBMC_cell_GATCTAGGTCTTGATG,0,0,0
EOC4_PBMC_cell_GAACATCTCCACTGGG,0,0,0
EOC4_PBMC_cell_GTCACAAGTTTGCATG,0,0,0
EOC4_PBMC_cell_CTCTAATAGTGGAGAA,0,0,0
EOC4_PBMC_cell_CTCTAATTCTTGTACT,0,0,0
EOC4_PBMC_cell_GTATCTTGTAGGCTGA,0,0,0
EOC4_PBMC_cell_GCCTCTAAGGTGCACA,0,0,0
EOC4_PBMC_cell_CGATCGGTCTTACCTA,0,0,0
EOC4_PBMC_cell_ACTGAACAGATGTCGG,0,0,0
EOC4_PBMC_cell_CGTCACTAGACGACGT,0,0,0
EOC4_PBMC_cell_CAAGTTGGTCGCTTTC,0,0,0
EOC4_PBMC_cell_GACGCGTCAAGGTTCT,0,0,0
EOC4_PBMC_cell_TTCGAAGCAGGTCGTC,0,0,0
EOC4_PBMC_cell_ACGATGTTCGTCCAGG,0,0,0
EOC4_PBMC_cell_GCTCCTACAGAGTGTG,0,0,0
EOC4_PBMC_cell_GGCGTGTCACGTCAGC,0,0,0
EOC4_PBMC_cell_TAAACCGAGAAACCGC,0,0,0
EOC4_PBMC_cell_AAGGAGCGTAAGTAGT,0,0,0
EOC4_PBMC_cell_CACCACTAGTATCGAA,0,0,0
EOC4_PBMC_cell_AAGGTTCAGTAGCCGA,0,0,0
EOC4_PBMC_cell_CGTCACTGTACTCGCG,0,0,0
EOC4_PBMC_cell_CGTGTCTTCCCTTGTG,0,0,0
EOC4_PBMC_cell_TACGGTACATCCGTGG,0,0,0
EOC4_PBMC_cell_TGGACGCCACATGGGA,0,0,0
EOC4_PBMC_cell_GACTAACCAGTGAGTG,0,0,0
EOC4_PBMC_cell_GTAGTCAGTTCTGGTA,0,0,0
EOC4_PBMC_cell_TACGGATAGCCCAACC,0,0,0
EOC4_PBMC_cell_GAACCTATCGCCCTTA,0,0,0
EOC4_PBMC_cell_AAGCCGCCACGTCTCT,0,0,0
EOC4_PBMC_cell_ACCGTAACACTACAGT,0,0,0
EOC4_PBMC_cell_TCACGAAAGTCCTCCT,0,0,0
EOC4_PBMC_cell_GGAATAATCCAGAAGG,0,0,0
EOC4_PBMC_cell_GACGTTACAGCCTTGG,0,0,0
EOC4_PBMC_cell_CAGAGAGCAGCCTTTC,0,0,0
EOC4_PBMC_cell_CTTAACTCAGTATCTG,0,0,0
EOC4_PBMC_cell_ATTATCCCAGATAATG,0,0,0
EOC4_PBMC_cell_ACGCCAGTCCAAACTG,0,0,0
EOC4_PBMC_cell_AAGGTTCTCACGAAGG,0,0,0
EOC4_PBMC_cell_GAAACTCAGACACTAA,0,0,0
EOC4_PBMC_cell_CATCGGGTCAACCATG,0,0,0
EOC4_PBMC_cell_CGGTTAATCGAGAGCA,0,0,0
EOC4_PBMC_cell_GAACCTACATGCATGT,0,0,0
EOC4_PBMC_cell_GCTGGGTAGTTGAGTA,0,0,0
EOC4_PBMC_cell_AACTCTTCATTCACTT,0,0,0
EOC4_PBMC_cell_GCTCTGTTCTTACCTA,0,0,0
EOC4_PBMC_cell_CGGTTAACATTCCTCG,0,0,0
EOC4_PBMC_cell_TTGCCGTCACGCATCG,0,0,0
EOC4_PBMC_cell_AGGGAGTCAGTCAGCC,0,0,0
EOC4_PBMC_cell_CACAGGCCACGGCTAC,0,0,0
EOC4_PBMC_cell_TCAGCAACATGGGACA,0,0,0
EOC4_PBMC_cell_GGGTTGCCACATCTTT,0,0,0
EOC4_PBMC_cell_ACGATACCACCGAATT,0,0,0
EOC4_PBMC_cell_TTCTCAATCAGCCTAA,0,0,0
EOC4_PBMC_cell_TTAGGACAGCTGCGAA,0,0,0
EOC4_PBMC_cell_TCTTCGGAGTGGGTTG,0,0,0
EOC4_PBMC_cell_TGCCAAATCGTCACGG,0,0,0
EOC4_PBMC_cell_GATGCTATCTTGTTTG,0,0,0
EOC4_PBMC_cell_AGGTCATTCACCGTAA,0,0,0
EOC4_PBMC_cell_CGTAGCGCAGGTCCAC,0,0,0
EOC4_PBMC_cell_TGTCCCAGTCCGAAGA,0,0,0
EOC4_PBMC_cell_ATCACGAAGTTAAGTG,0,0,0
EOC4_PBMC_cell_TATTACCTCGAACGGA,0,0,0
EOC4_PBMC_cell_GAGGTGACACTAAGTC,0,0,0
EOC4_PBMC_cell_GCTGCTTCAAGGACTG,0,0,0
EOC4_PBMC_cell_CACACCTCAATCGGTT,0,0,0
EOC4_PBMC_cell_GAATAAGGTCCGACGT,0,0,0
EOC4_PBMC_cell_TTTGCGCCAGCCAGAA,0,0,0
EOC4_PBMC_cell_AAGGTTCTCGCCTGAG,0,0,0
EOC4_PBMC_cell_ATGTGTGTCGGACAAG,0,0,0
EOC4_PBMC_cell_CACCTTGGTTAAGAAC,0,0,0
EOC4_PBMC_cell_TGCGTGGAGTTGAGAT,0,0,0
EOC4_PBMC_cell_GAATGAACAGGTGGAT,0,0,0
EOC4_PBMC_cell_TGCGTGGCAGTCACTA,0,0,0
EOC4_PBMC_cell_GCTGCAGCAATGGATA,0,0,0
EOC4_PBMC_cell_CCATGTCTCCCACTTG,0,0,0
EOC4_PBMC_cell_CGCTGGAGTCACTGGC,0,0,0
EOC4_PBMC_cell_CTGCGGACATTATCTC,0,0,0
EOC4_PBMC_cell_CCGGGATTCTCTGAGA,0,0,0
EOC4_PBMC_cell_TCAGATGCAAAGGCGT,0,0,0
EOC4_PBMC_cell_GGTGTTAAGAGTCTGG,0,0,0
EOC4_PBMC_cell_GGACAGATCTCTGTCG,0,0,0
EOC4_PBMC_cell_CTCGTACCAGCTATTG,0,0,1
EOC4_PBMC_cell_GACTAACAGATATGCA,0,0,0
EOC4_PBMC_cell_ATCGAGTAGAGGTACC,0,0,0
EOC4_PBMC_cell_CACACTCGTATGCTTG,0,0,0
EOC4_PBMC_cell_GGTGAAGGTAAAGTCA,0,0,0
EOC4_PBMC_cell_TCCCGATAGACTAAGT,0,0,0
EOC4_PBMC_cell_GTAACTGAGTACATGA,0,0,0
EOC4_PBMC_cell_CTAATGGCATCCCATC,0,0,0
EOC4_PBMC_cell_CCGTACTGTAGGACAC,0,0,0
EOC4_PBMC_cell_TCTTCGGCAAGTTAAG,0,0,0
EOC4_PBMC_cell_TCATTTGTCGACAGCC,0,0,0
EOC4_PBMC_cell_TAGTTGGCATGTCGAT,0,0,0
EOC4_PBMC_cell_TGGACGCAGTATTGGA,0,0,0
EOC4_PBMC_cell_CAAGGCCAGACAGGCT,0,0,0
EOC4_PBMC_cell_CCTACCATCTGCTGCT,0,0,0
EOC4_PBMC_cell_GTCAAGTTCCAATGGT,0,0,0
EOC4_PBMC_cell_GTCATTTCAGGCTCAC,0,0,0
EOC4_PBMC_cell_TGTGTTTAGACAAAGG,0,0,0
EOC4_PBMC_cell_GGACAAGAGAGGTTGC,0,0,0
EOC4_PBMC_cell_GCGACCATCCAAACTG,0,0,0
EOC4_PBMC_cell_CCACCTAGTTCGTCTC,0,0,0
EOC4_PBMC_cell_GTGTGCGGTAATCGTC,0,0,0
EOC4_PBMC_cell_GCATGATAGACCACGA,0,0,0
EOC4_PBMC_cell_GAACGGAGTATTAGCC,0,0,0
EOC4_PBMC_cell_TGCGCAGTCACAACGT,0,0,0
EOC4_PBMC_cell_AGAATAGCATTTCAGG,0,0,0
EOC4_PBMC_cell_AGGGAGTCAAAGGTGC,0,0,0
EOC4_PBMC_cell_CGATCGGAGTTACGGG,0,0,0
EOC4_PBMC_cell_AACCGCGTCGATGAGG,0,0,0
EOC4_PBMC_cell_ACAGCTAGTGCAACTT,0,0,0
EOC4_PBMC_cell_ACGAGCCCAACGATGG,0,0,0
EOC4_PBMC_cell_AAAGTAGGTGAGTATA,0,0,0
EOC4_PBMC_cell_CAAGGCCGTACCGAGA,0,0,0
EOC4_PBMC_cell_TCAATCTCAGACGCTC,0,0,0
EOC4_PBMC_cell_TGCGTGGAGCTTTGGT,0,0,0
EOC4_PBMC_cell_ATCACGAGTTCTGAAC,0,0,0
EOC4_PBMC_cell_CTGGTCTGTTCCGTCT,0,0,0
EOC4_PBMC_cell_GACGCGTTCGCACTCT,0,0,0
EOC4_PBMC_cell_TGGTTAGAGCGTGTCC,0,0,0
EOC4_PBMC_cell_TTCCCAGGTTTCCACC,0,0,0
EOC4_PBMC_cell_CTGTGCTGTTTGTTTC,0,0,0
EOC4_PBMC_cell_GGCTCGAGTGACTACT,0,0,0
EOC4_PBMC_cell_GGAAAGCCACAGAGGT,0,0,0
EOC4_PBMC_cell_TTGGCAACAACACCTA,0,0,0
EOC4_PBMC_cell_CCTAGCTGTGCCTGTG,0,0,0
EOC4_PBMC_cell_GCTGCAGTCAACCATG,0,0,0
EOC4_PBMC_cell_TCGAGGCCATACTCTT,0,0,0
EOC4_PBMC_cell_CGTCACTCAAGCCGTC,0,0,0
EOC4_PBMC_cell_GGTATTGTCGCCGTGA,0,0,0
EOC4_PBMC_cell_CGGCTAGGTAGGGTAC,0,0,0
EOC4_PBMC_cell_TGGTTCCAGACCTTTG,0,0,0
EOC4_PBMC_cell_ACTTACTTCCAGGGCT,0,0,0
EOC4_PBMC_cell_TGCGCAGTCTGCCCTA,0,0,0
EOC4_PBMC_cell_GTCCTCAGTGATGTCT,0,0,0
EOC4_PBMC_cell_GTTAAGCCATTACCTT,0,0,0
EOC4_PBMC_cell_AGGTCATAGCCTCGTG,0,0,0
EOC4_PBMC_cell_TTCTTAGCATTGGCGC,0,0,0
EOC4_PBMC_cell_TTTGTCAGTGGCTCCA,0,0,0
EOC4_PBMC_cell_GCAGTTAAGAATGTTG,0,0,0
EOC4_PBMC_cell_AGCCTAACACATCCGG,0,0,0
EOC4_PBMC_cell_CTCGGAGTCATGTGGT,0,0,0
EOC4_PBMC_cell_CTGATCCGTATCAGTC,0,0,0
EOC4_PBMC_cell_CTCGAGGCACCAGCAC,0,0,0
EOC4_PBMC_cell_CTACATTAGGTGATAT,0,0,0
EOC4_PBMC_cell_CAAGGCCTCTACTATC,0,0,0
EOC4_PBMC_cell_GTCACGGAGTGCCAGA,0,0,0
EOC4_PBMC_cell_TAGCCGGAGGCCCTTG,0,0,0
EOC4_PBMC_cell_CGATCGGAGCTATGCT,0,0,0
EOC4_PBMC_cell_CGGGTCACAACTGCGC,0,0,0
EOC4_PBMC_cell_CAAGTTGCAATGAAAC,0,0,0
EOC4_PBMC_cell_GAAACTCAGCCCGAAA,0,0,0
EOC4_PBMC_cell_TTAACTCTCGTTACAG,0,0,0
EOC4_PBMC_cell_GTAGTCATCAAGCCTA,0,0,0
EOC4_PBMC_cell_CTTAACTCAGGGATTG,0,0,0
EOC4_PBMC_cell_GATGCTAAGCGCCTCA,0,0,0
EOC4_PBMC_cell_ACCTTTACAAGCTGAG,0,0,0
EOC4_PBMC_cell_TTGAACGCACGTGAGA,0,0,0
EOC4_PBMC_cell_CAACCAAGTATTACCG,0,0,0
EOC4_PBMC_cell_TCATTTGCATAAAGGT,0,0,0
EOC4_PBMC_cell_TACCTATAGCTGCCCA,0,0,0
EOC4_PBMC_cell_GCACTCTAGTGAATTG,0,0,0
EOC4_PBMC_cell_CCCTCCTGTCGCGGTT,0,0,0
EOC4_PBMC_cell_TAGCCGGCATCTACGA,0,0,0
EOC4_PBMC_cell_TGGCGCATCAAGGCTT,0,0,0
EOC4_PBMC_cell_TTCCCAGCAAAGGCGT,0,0,0
EOC4_PBMC_cell_CATCCACCAAGGTGTG,0,0,0
EOC4_PBMC_cell_GAGCAGAGTAAGTTCC,0,0,0
EOC4_PBMC_cell_TTTACTGGTTCTCATT,0,0,0
EOC4_PBMC_cell_ATTGGACTCGCCAGCA,0,0,0
EOC4_PBMC_cell_TCTGGAAAGGGATACC,0,0,0
EOC4_PBMC_cell_ACATACGGTAGCGCAA,0,0,0
EOC4_PBMC_cell_GTCAAGTTCAATCTCT,0,0,0
EOC4_PBMC_cell_AATCCAGTCAGCCTAA,0,0,0
EOC4_PBMC_cell_TGTGGTAAGAACTGTA,0,0,0
EOC4_PBMC_cell_TCGCGTTCAGTCAGAG,0,0,0
EOC4_PBMC_cell_GGCTGGTTCGCAAACT,0,0,0
EOC4_PBMC_cell_GGGACCTCAAACTGCT,0,0,0
EOC4_PBMC_cell_TGCTGCTCATCCGGGT,0,0,0
EOC4_PBMC_cell_GCAAACTAGTCGATAA,0,0,0
EOC4_PBMC_cell_TAAGTGCGTGACAAAT,0,0,0
EOC4_PBMC_cell_TCATTACAGTACGCCC,0,0,0
EOC4_PBMC_cell_GTAACGTAGAGGTTGC,0,0,0
EOC4_PBMC_cell_CAGCTAATCTCCCTGA,0,0,0
EOC4_PBMC_cell_CTGCTGTCACACAGAG,0,0,0
EOC4_PBMC_cell_GAATAAGAGTTAGCGG,0,0,0
EOC4_PBMC_cell_CGGACTGAGCTGCAAG,0,0,0
EOC4_PBMC_cell_GGTATTGAGACAAGCC,0,0,0
EOC4_PBMC_cell_CGAGCACGTAAAGGAG,0,0,0
EOC4_PBMC_cell_CTTTGCGTCAGCCTAA,0,0,0
EOC4_PBMC_cell_GAACATCTCAATCTCT,0,0,0
EOC4_PBMC_cell_ATAGACCGTCTCCATC,0,0,0
EOC4_PBMC_cell_ATTACTCGTTCCACGG,0,0,0
EOC4_PBMC_cell_GAACGGATCCTTGGTC,0,0,0
EOC4_PBMC_cell_CATGACATCTCGCATC,0,0,0
EOC4_PBMC_cell_TAAGTGCAGAAACCGC,0,0,0
EOC4_PBMC_cell_CTAGCCTAGCGGATCA,0,0,0
EOC4_PBMC_cell_CGCCAAGGTGCCTTGG,0,0,0
EOC4_PBMC_cell_CGTCCATAGAGACTAT,0,0,0
EOC4_PBMC_cell_ACAGCCGTCGTTGACA,0,0,0
EOC4_PBMC_cell_TTTGTCAGTTGCGTTA,0,0,0
EOC4_PBMC_cell_GGTGTTAGTGTGAATA,0,0,0
EOC4_PBMC_cell_GGACAGAGTTGCGTTA,0,0,0
EOC4_PBMC_cell_TGGCGCAAGAAGGCCT,0,0,0
EOC4_PBMC_cell_TGTTCCGCATCCGCGA,0,0,0
EOC4_PBMC_cell_GAGGTGATCAGCGACC,0,0,0
EOC4_PBMC_cell_TCTTCGGGTCAGAATA,0,0,0
EOC4_PBMC_cell_TGCACCTCATTACCTT,0,0,0
EOC4_PBMC_cell_CGATTGAGTCCGAACC,0,0,0
EOC4_PBMC_cell_TGGCTGGAGGCTCATT,0,0,0
EOC4_PBMC_cell_TTAGTTCAGGAACTGC,0,0,0
EOC4_PBMC_cell_TCTATTGGTTAGATGA,0,0,0
EOC4_PBMC_cell_CCTATTACACTTCTGC,0,0,0
EOC4_PBMC_cell_GAAGCAGCACTTCGAA,0,0,0
EOC4_PBMC_cell_AGGCCGTAGAAAGTGG,0,0,0
EOC4_PBMC_cell_TCTGAGACACAGATTC,0,0,0
EOC4_PBMC_cell_CTGATCCAGCAATATG,0,0,0
EOC4_PBMC_cell_AGTAGTCGTTAAAGTG,0,0,0
EOC4_PBMC_cell_ACGTCAACATGCTAGT,0,0,0
EOC4_PBMC_cell_CGCGGTAAGTATCGAA,0,0,0
EOC4_PBMC_cell_GTACTTTGTTGCGCAC,0,0,0
EOC4_PBMC_cell_AGTGGGATCAATACCG,0,0,0
EOC4_PBMC_cell_ACTATCTAGTCTTGCA,0,0,0
EOC4_PBMC_cell_GTAGTCAGTACAAGTA,0,0,0
EOC4_PBMC_cell_GTTCTCGAGTAACCCT,0,0,0
EOC4_PBMC_cell_CGCTGGATCTACTCAT,0,0,0
EOC4_PBMC_cell_ATTCTACGTGATGTGG,0,0,0
EOC4_PBMC_cell_GTACTTTAGTAGGCCA,0,0,0
EOC4_PBMC_cell_CATCAAGGTCGTGGCT,0,0,0
EOC4_PBMC_cell_TGTGTTTAGAATGTTG,0,0,0
EOC4_PBMC_cell_TAAGAGAAGGCATGTG,0,0,0
EOC4_PBMC_cell_TGCACCTAGGTAAACT,0,0,0
EOC4_PBMC_cell_GGCTCGATCCGTACAA,0,0,0
EOC4_PBMC_cell_AGACGTTGTTCACGGC,0,0,0
EOC4_PBMC_cell_TAGGCATAGGTTACCT,0,0,0
EOC4_PBMC_cell_CCGGGATCAATCACAC,0,0,0
EOC4_PBMC_cell_GACGTGCGTTCGCTAA,0,0,0
EOC4_PBMC_cell_TTAGGACGTGTAAGTA,0,0,0
EOC4_PBMC_cell_AGTGTCAAGTGGCACA,0,0,0
EOC4_PBMC_cell_TTTGGTTAGTGTTAGA,0,0,0
EOC4_PBMC_cell_TAGAGCTCATAAAGGT,0,0,0
EOC4_PBMC_cell_GTCGGGTGTGAGTATA,0,0,0
EOC4_PBMC_cell_CAGTAACAGACCTTTG,0,0,0
EOC4_PBMC_cell_AGGGTGAAGAAACGCC,0,0,0
EOC4_PBMC_cell_GTCCTCATCACGCATA,0,0,0
EOC4_PBMC_cell_CTTAGGAGTATATCCG,0,0,0
EOC4_PBMC_cell_ACGTCAATCGTCCAGG,0,0,0
EOC4_PBMC_cell_TCTTTCCTCACAAACC,0,0,0
EOC4_PBMC_cell_GAAGCAGAGGTTCCTA,0,0,0
EOC4_PBMC_cell_GATGAGGGTCACTGGC,0,0,0
EOC4_PBMC_cell_GACGCGTAGCCTCGTG,0,0,0
EOC4_PBMC_cell_GTAACGTGTAGGGACT,0,0,0
EOC4_PBMC_cell_TCATTACTCCGATATG,0,0,0
EOC4_PBMC_cell_CACAAACTCAGATAAG,0,0,0
EOC4_PBMC_cell_CGGAGTCTCAACGAAA,0,0,0
EOC4_PBMC_cell_ACATCAGAGTGGGATC,0,0,0
EOC4_PBMC_cell_CATCCACCAATGAATG,0,0,0
EOC4_PBMC_cell_GGAATAACAGGCGATA,0,0,0
EOC4_PBMC_cell_TTTCCTCCAAGAGGCT,0,0,0
EOC4_PBMC_cell_CACACCTCAGTGACAG,0,0,0
EOC4_PBMC_cell_TAGAGCTCATACCATG,0,0,0
EOC4_PBMC_cell_GTCAAGTAGTGGAGTC,0,0,0
EOC4_PBMC_cell_TTTATGCCACATTAGC,0,0,0
EOC4_PBMC_cell_CATCGAACATACGCTA,0,0,0
EOC4_PBMC_cell_CTTAGGAGTTAGATGA,0,0,0
EOC4_PBMC_cell_GACGTGCTCCTTGACC,0,0,0
EOC4_PBMC_cell_ATTATCCCAATTGCTG,0,0,0
EOC4_PBMC_cell_GTGCGGTCAGGTCGTC,0,0,0
EOC4_PBMC_cell_GTAACTGGTATCACCA,0,0,0
EOC4_PBMC_cell_CTACATTGTATCGCAT,0,0,0
EOC4_PBMC_cell_CGGCTAGCACCAACCG,0,0,0
EOC4_PBMC_cell_AGCAGCCGTCTAGTCA,0,0,0
EOC4_PBMC_cell_CCACGGACAGTCAGAG,0,0,0
EOC4_PBMC_cell_AACTCCCAGACCTAGG,0,0,0
EOC4_PBMC_cell_TCAGCAAGTACAGCAG,0,0,0
EOC4_PBMC_cell_ACTGATGAGCAGGCTA,0,0,0
EOC4_PBMC_cell_GTTCATTAGTCAAGGC,0,0,0
EOC4_PBMC_cell_AGGTCCGAGTAGGTGC,0,0,0
EOC4_PBMC_cell_CAGATCAAGGCAGGTT,0,0,0
EOC4_PBMC_cell_CGAGCCAAGAACAACT,0,0,0
EOC4_PBMC_cell_TGGTTCCCAGCTCGAC,0,0,0
EOC4_PBMC_cell_AGCTTGAGTCCGAACC,0,0,0
EOC4_PBMC_cell_ATCGAGTTCGTGGTCG,0,0,0
EOC4_PBMC_cell_GCTGCAGGTGTGACGA,0,0,0
EOC4_PBMC_cell_TTTGCGCCATCACCCT,0,0,0
EOC4_PBMC_cell_CCTACCAGTCATCGGC,0,0,0
EOC4_PBMC_cell_CTGGTCTAGAGCTATA,0,0,0
EOC4_PBMC_cell_CCCAGTTTCTCCTATA,0,0,0
EOC4_PBMC_cell_GGCAATTAGTTGAGAT,0,0,0
EOC4_PBMC_cell_TGAGCCGTCCAGGGCT,0,0,0
EOC4_PBMC_cell_CCTACACAGAGTCTGG,0,0,0
EOC4_PBMC_cell_GCATGATGTTCAGCGC,0,0,0
EOC4_PBMC_cell_GATCTAGTCTACTCAT,0,0,0
EOC4_PBMC_cell_AGGTCATTCATCATTC,0,0,0
EOC4_PBMC_cell_GTTCGGGGTCATACTG,0,0,0
EOC4_PBMC_cell_GACGCGTGTCGTGGCT,0,0,0
EOC4_PBMC_cell_TATCTCACAAGCTGTT,0,0,0
EOC4_PBMC_cell_GACGGCTCACGACGAA,0,0,0
EOC4_PBMC_cell_ACGGCCATCAACACTG,0,0,0
EOC4_PBMC_cell_CCTCAGTTCGTGTAGT,0,0,0
EOC4_PBMC_cell_TGCCCTAAGTGCTGCC,0,0,0
EOC4_PBMC_cell_GTCACGGTCGGCATCG,0,0,0
EOC4_PBMC_cell_CACAGTATCGGCGCTA,0,0,0
EOC4_PBMC_cell_ATTTCTGGTACCGCTG,0,0,0
EOC4_PBMC_cell_GACCAATCAAGAGGCT,0,0,0
EOC4_PBMC_cell_TTAGTTCTCATGCTCC,0,0,0
EOC4_PBMC_cell_TTTGTCAAGCCACGTC,0,0,0
EOC4_PBMC_cell_CAGCAGCCATCGGGTC,0,0,0
EOC4_PBMC_cell_ACACCAAGTATAGGTA,0,0,0
EOC4_PBMC_cell_TCAATCTTCAACGAAA,0,0,0
EOC4_PBMC_cell_TCGGTAATCTTGACGA,0,0,0
EOC4_PBMC_cell_CCGTGGAGTGATAAAC,0,0,0
EOC4_PBMC_cell_ACAGCTATCAACACTG,0,0,0
EOC4_PBMC_cell_GTCACGGTCGTACGGC,0,0,0
EOC4_PBMC_cell_TGCCCTATCTCTTATG,0,0,0
EOC4_PBMC_cell_AGGTCATAGAGTAAGG,0,0,0
EOC4_PBMC_cell_CGTCCATCACATCTTT,0,0,0
EOC4_PBMC_cell_CGAGAAGTCCACGACG,0,0,0
EOC4_PBMC_cell_CAGCAGCGTCCGAAGA,0,0,0
EOC4_PBMC_cell_TGGCGCAGTTCGGCAC,0,0,0
EOC4_PBMC_cell_ACGGCCACAGACACTT,0,0,0
EOC4_PBMC_cell_AGATCTGGTAGGCTGA,0,0,0
EOC4_PBMC_cell_CGCGGTAGTTCACCTC,0,0,0
EOC4_PBMC_cell_CGGACACGTCAGATAA,0,0,0
EOC4_PBMC_cell_CAGATCAGTAAAGTCA,0,0,0
EOC4_PBMC_cell_TGTTCCGCAATGTAAG,0,0,0
EOC4_PBMC_cell_CATTATCGTTGGTTTG,0,0,0
EOC4_PBMC_cell_AGCGGTCTCGGCGCAT,0,0,0
EOC4_PBMC_cell_TTTCCTCCATGCGCAC,0,0,0
EOC4_PBMC_cell_TCAGCTCTCTGCAGTA,0,0,0
EOC4_PBMC_cell_GAGTCCGAGCAGGCTA,0,0,0
EOC4_PBMC_cell_CGGCTAGGTCGCGGTT,0,0,0
EOC4_PBMC_cell_GTGGGTCTCACATAGC,0,0,0
EOC4_PBMC_cell_TTGAACGGTAAGCACG,0,0,0
EOC4_PBMC_cell_TACAGTGTCTGAAAGA,0,0,0
EOC4_PBMC_cell_ATTGGTGCAAACAACA,0,0,0
EOC4_PBMC_cell_TGGCCAGTCAATCACG,0,0,0
EOC4_PBMC_cell_CTCTGGTCAACACCCG,0,0,0
EOC4_PBMC_cell_GAGTCCGAGCGTTGCC,0,0,0
EOC4_PBMC_cell_AACTCTTTCGCACTCT,0,0,0
EOC4_PBMC_cell_CCTCTGATCTTGACGA,0,0,0
EOC4_PBMC_cell_CAACCTCCATTGGTAC,0,0,0
EOC4_PBMC_cell_AGCTCCTGTCTAAACC,0,0,0
EOC4_PBMC_cell_ACGAGCCTCCGTAGGC,0,0,0
EOC4_PBMC_cell_GGACGTCAGGGCACTA,0,0,0
EOC4_PBMC_cell_TGAGGGAGTTACGACT,0,0,0
EOC4_PBMC_cell_CACACAATCAGTTGAC,0,0,0
EOC4_PBMC_cell_TTCTCCTCAGTAACGG,0,0,0
EOC4_PBMC_cell_TGAGGGATCACTTATC,0,0,0
EOC4_PBMC_cell_CGATCGGCAAGGACAC,0,0,0
EOC4_PBMC_cell_CTCGAGGAGCCCGAAA,0,0,0
EOC4_PBMC_cell_TGAGAGGTCCAGGGCT,0,0,0
EOC4_PBMC_cell_GGACAAGCAGGAATGC,0,0,0
EOC4_PBMC_cell_CAACCAAGTGAGTATA,0,0,0
EOC4_PBMC_cell_GACGTTACAAGCTGTT,0,0,0
EOC4_PBMC_cell_TAGAGCTGTTCGAATC,0,0,0
EOC4_PBMC_cell_TATGCCCGTTGCCTCT,0,0,0
EOC4_PBMC_cell_GGGACCTCATTACGAC,0,0,0
EOC4_PBMC_cell_CATGCCTCATAGTAAG,0,0,0
EOC4_PBMC_cell_CAGCAGCTCGGCCGAT,0,0,0
EOC4_PBMC_cell_TCTATTGTCCACTGGG,0,0,0
EOC4_PBMC_cell_GTCGTAAAGTGGGTTG,0,0,0
EOC4_PBMC_cell_AGCTCTCCAATCCGAT,0,0,0
EOC4_PBMC_cell_CGTTAGAAGCCAACAG,0,0,0
EOC4_PBMC_cell_CATCAAGAGGACACCA,0,0,0
EOC4_PBMC_cell_GCACTCTGTAGGCATG,0,0,0
EOC4_PBMC_cell_GAGTCCGCAAGCGTAG,0,0,0
EOC4_PBMC_cell_CGGTTAAGTTAAGGGC,0,0,0
EOC4_PBMC_cell_CGGACGTTCTGATACG,0,0,0
EOC4_PBMC_cell_GCTGCTTCATGACGGA,0,0,0
EOC4_PBMC_cell_CCTTCCCGTAGGCTGA,0,0,0
EOC4_PBMC_cell_CCGTACTAGCCGTCGT,0,0,0
EOC4_PBMC_cell_ACCGTAAGTATTCTCT,0,0,0
EOC4_PBMC_cell_GTTTCTACAACAACCT,0,0,0
EOC4_PBMC_cell_ACGGCCAGTTCCCTTG,0,0,0
EOC4_PBMC_cell_GACCTGGGTTACAGAA,0,0,0
EOC4_PBMC_cell_GGCTCGACAGGCAGTA,0,0,0
EOC4_PBMC_cell_GGGAATGCACTTGGAT,0,0,0
EOC4_PBMC_cell_ACAGCTAAGCCAACAG,0,0,0
EOC4_PBMC_cell_ATCGAGTCACGTCTCT,0,0,0
EOC4_PBMC_cell_GTATCTTAGTAAGTAC,0,0,0
EOC4_PBMC_cell_GGTGTTATCCACGTGG,0,0,0
EOC4_PBMC_cell_CCACCTATCAACACAC,0,0,0
EOC4_PBMC_cell_CAACTAGCACCAACCG,0,0,0
EOC4_PBMC_cell_CACCTTGGTCTCTCGT,0,0,0
EOC4_PBMC_cell_ACTGCTCGTTTGGGCC,0,0,0
EOC4_PBMC_cell_TTGGCAACATGAACCT,0,0,0
EOC4_PBMC_cell_CTTCTCTTCGTGGACC,0,0,0
EOC4_PBMC_cell_TCAATCTTCGACCAGC,0,0,0
EOC4_PBMC_cell_AGTCTTTCATTCTTAC,0,0,0
EOC4_PBMC_cell_TCAGCTCTCTGCCCTA,0,0,0
EOC4_PBMC_cell_CGAGAAGAGCTAGTTC,0,0,0
EOC4_PBMC_cell_GTGCTTCGTATAGTAG,0,0,0
EOC4_PBMC_cell_CTCCTAGGTCTGGAGA,0,0,0
EOC4_PBMC_cell_TCCCGATTCGTCCAGG,0,0,0
EOC4_PBMC_cell_TTGTAGGCAGAAGCAC,0,0,0
EOC4_PBMC_cell_TGCCCATGTCACCTAA,0,0,0
EOC4_PBMC_cell_GTATTCTCATGCAACT,0,0,0
EOC4_PBMC_cell_ACCTTTAGTGATGTGG,0,0,0
EOC4_PBMC_cell_TCATTACTCTATGTGG,0,0,0
EOC4_PBMC_cell_AATCGGTGTACGCTGC,0,0,0
EOC4_PBMC_cell_GCTTGAACATAAAGGT,0,0,0
EOC4_PBMC_cell_GGCAATTGTCCCTACT,0,0,0
EOC4_PBMC_cell_TCATTTGCACAAGCCC,0,0,0
EOC4_PBMC_cell_AGAGTGGGTTATCCGA,0,0,0
EOC4_PBMC_cell_CTAGTGAGTGAACCTT,0,0,0
EOC4_PBMC_cell_AAGGAGCAGCGATATA,0,0,0
EOC4_PBMC_cell_AACCGCGAGAGGTTAT,0,0,0
EOC4_PBMC_cell_GGCTCGAAGACTAGGC,0,0,0
EOC4_PBMC_cell_CGGACACTCTGATTCT,0,0,0
EOC4_PBMC_cell_TTAACTCAGAACTCGG,0,0,0
EOC4_PBMC_cell_AGCTCCTTCTAGAGTC,0,0,0
EOC4_PBMC_cell_AATCGGTTCGGACAAG,0,0,0
EOC4_PBMC_cell_AGACGTTGTCATACTG,0,0,0
EOC4_PBMC_cell_CTGATAGGTTTAAGCC,0,0,0
EOC4_PBMC_cell_TTCGGTCAGCGTCTAT,0,0,0
EOC4_PBMC_cell_TACTCGCCACGGCCAT,0,0,0
EOC4_PBMC_cell_TCAGGTATCGATAGAA,0,0,0
EOC4_PBMC_cell_GGGCACTTCGCGTTTC,0,0,0
EOC4_PBMC_cell_CTAGCCTCAATCCAAC,0,0,0
EOC4_PBMC_cell_CGGCTAGGTACATCCA,0,0,0
EOC4_PBMC_cell_TTGACTTCACCAGCAC,0,0,0
EOC4_PBMC_cell_TACTTACCAGGTTTCA,0,0,0
EOC4_PBMC_cell_CGACTTCCACGCCAGT,0,0,0
EOC4_PBMC_cell_CTAACTTTCTAGCACA,0,0,0
EOC4_PBMC_cell_GCTCCTAAGACGACGT,0,0,0
EOC4_PBMC_cell_GCACATAAGATGTTAG,0,0,0
EOC4_PBMC_cell_AAAGATGCAAGACACG,0,0,0
EOC4_PBMC_cell_TTGTAGGCAACACGCC,0,0,0
EOC4_PBMC_cell_TGACGGCCATGACGGA,0,0,0
EOC4_PBMC_cell_ACGATACAGTACGACG,0,0,0
EOC4_PBMC_cell_GTCTTCGGTTGTCTTT,0,0,0
EOC4_PBMC_cell_GGCGTGTTCTGTTGAG,0,0,0
EOC4_PBMC_cell_CAGAGAGCATGGGAAC,0,0,0
EOC4_PBMC_cell_GCTGGGTTCGAATGGG,0,0,0
EOC4_PBMC_cell_TGGGAAGGTAAAGTCA,0,0,0
EOC4_PBMC_cell_CTGATAGTCTGTCTAT,0,0,0
EOC4_PBMC_cell_GCATGCGCAGCTTAAC,0,0,0
EOC4_PBMC_cell_GTTTCTAAGGAGCGAG,0,0,0
EOC4_PBMC_cell_CAAGAAACATGCATGT,0,0,0
EOC4_PBMC_cell_TTTATGCCATCTACGA,0,0,0
EOC4_PBMC_cell_TGCACCTGTATAGGTA,0,0,0
EOC4_PBMC_cell_ATAACGCCAGTAACGG,0,0,0
EOC4_PBMC_cell_TGGACGCTCAATCACG,0,0,0
EOC4_PBMC_cell_ATAACGCAGAGGACGG,0,0,0
EOC4_PBMC_cell_ATAACGCTCTTTACAC,0,0,0
EOC4_PBMC_cell_TGTGTTTAGGGTCGAT,0,0,0
EOC4_PBMC_cell_TGAAAGAAGCCCAACC,0,0,0
EOC4_PBMC_cell_TATCTCATCAGCAACT,0,0,0
EOC4_PBMC_cell_CCCAGTTTCTTGAGGT,0,0,0
EOC4_PBMC_cell_CGATGTAAGCGCCTTG,0,0,0
EOC4_PBMC_cell_TTTGGTTAGACAATAC,0,0,0
EOC4_PBMC_cell_ATTTCTGTCTTAGAGC,0,0,0
EOC4_PBMC_cell_TTCTCCTTCACTTCAT,0,0,0
EOC4_PBMC_cell_GTGCAGCTCCGTCATC,0,0,0
EOC4_PBMC_cell_GCTCTGTGTAGCGATG,0,0,0
EOC4_PBMC_cell_AGTAGTCTCAGAAATG,0,0,0
EOC4_PBMC_cell_CATCAGACAGCTGCTG,0,0,0
EOC4_PBMC_cell_AGAGTGGAGCCAGAAC,0,0,0
EOC4_PBMC_cell_CCTATTAGTAGCTTGT,0,0,0
EOC4_PBMC_cell_GGAATAACACATCCGG,0,0,0
EOC4_PBMC_cell_TACTTGTGTTTCCACC,0,0,0
EOC4_PBMC_cell_ATCCGAATCGACAGCC,0,0,0
EOC4_PBMC_cell_TGAGCATTCAACACTG,0,0,0
EOC4_PBMC_cell_ACGATGTGTACAAGTA,0,0,0
EOC4_PBMC_cell_AAAGCAATCTAAGCCA,0,0,0
EOC4_PBMC_cell_CCGTACTAGCTCCCAG,0,0,0
EOC4_PBMC_cell_CCAATCCTCAACCAAC,0,0,0
EOC4_PBMC_cell_CCTTCCCAGAACTCGG,0,0,0
EOC4_PBMC_cell_TGGCTGGCACACCGAC,0,0,0
EOC4_PBMC_cell_CACCACTGTATAATGG,0,0,0
EOC4_PBMC_cell_TTGGCAACACCAACCG,0,0,0
EOC4_PBMC_cell_CTCTAATTCCATGAAC,0,0,0
EOC4_PBMC_cell_CTAGTGAGTAGCAAAT,0,0,0
EOC4_PBMC_cell_TTAACTCTCAGCGATT,0,0,0
EOC4_PBMC_cell_CGATTGAGTAGCGCAA,0,0,0
EOC4_PBMC_cell_TAGTTGGGTCCGTCAG,0,0,0
EOC4_PBMC_cell_GCCAAATGTACCGCTG,0,0,0
EOC4_PBMC_cell_GTAACTGCAGCGTAAG,0,0,0
EOC4_PBMC_cell_GTAGTCATCACTGGGC,0,0,0
EOC4_PBMC_cell_TCAACGAGTGCATCTA,0,0,0
EOC4_PBMC_cell_ACTGCTCTCATCGGAT,0,0,0
EOC4_PBMC_cell_ATTGGTGAGCGTTTAC,0,0,0
EOC4_PBMC_cell_ACGCCGATCGTCTGAA,0,0,0
EOC4_PBMC_cell_CCTACACGTTGTCTTT,0,0,0
EOC4_PBMC_cell_GGTGCGTCAGGTGGAT,0,0,0
EOC4_PBMC_cell_CTGAAACAGGTGATTA,0,0,0
EOC4_PBMC_cell_ACAGCTAGTCATGCAT,0,0,0
EOC4_PBMC_cell_TGAGCATGTAAATGTG,0,0,0
EOC4_PBMC_cell_GCGAGAAAGGCAGTCA,0,0,0
EOC4_PBMC_cell_TTCGAAGAGCGCCTTG,0,0,0
EOC4_PBMC_cell_TTTGTCAGTGAGGCTA,0,0,0
EOC4_PBMC_cell_TCGGGACAGACAGACC,0,0,0
EOC4_PBMC_cell_CTGTGCTCAAGACGTG,0,0,0
EOC4_PBMC_cell_AGCAGCCCACACTGCG,0,0,0
EOC4_PBMC_cell_TGAGCCGAGGATTCGG,0,0,0
EOC4_PBMC_cell_AGAGCGATCAGCTCTC,0,0,0
EOC4_PBMC_cell_CGCCAAGCAATGGAAT,0,0,0
EOC4_PBMC_cell_CGAACATAGGACAGAA,0,0,0
EOC4_PBMC_cell_GCGGGTTGTTGTGGCC,0,0,0
EOC4_PBMC_cell_AAATGCCTCGATAGAA,0,0,0
EOC4_PBMC_cell_TATCTCATCTTGCAAG,0,0,0
EOC4_PBMC_cell_GTCAAGTTCTCGCATC,0,0,0
EOC4_PBMC_cell_AGATTGCCAGCTTAAC,0,0,0
EOC4_PBMC_cell_AGGTCCGTCTAACCGA,0,0,0
EOC4_PBMC_cell_CGTTAGAAGAAACGCC,0,0,0
EOC4_PBMC_cell_TCAGCAAGTCTTTCAT,0,0,0
EOC4_PBMC_cell_TCCCGATTCTTGAGGT,0,0,0
EOC4_PBMC_cell_CTCTAATGTGTGACCC,0,0,0
EOC4_PBMC_cell_TTCTCAACACATAACC,0,0,0
EOC4_PBMC_cell_ACGATACAGGCCATAG,0,0,0
EOC4_PBMC_cell_TGAGCCGAGCCAGTTT,0,0,0
EOC4_PBMC_cell_CGTCACTTCGCCATAA,0,0,0
EOC4_PBMC_cell_GATCAGTAGATCGGGT,0,0,0
EOC4_PBMC_cell_ATCACGATCCATTCTA,0,0,0
EOC4_PBMC_cell_CATTCGCGTAGCCTAT,0,0,0
EOC4_PBMC_cell_AGGGAGTTCCTTTCTC,0,0,0
EOC4_PBMC_cell_TCTTTCCAGCAGCGTA,0,0,0
EOC4_PBMC_cell_ATTATCCAGAATCTCC,0,0,0
EOC4_PBMC_cell_GATGCTAAGACTACAA,0,0,0
EOC4_PBMC_cell_GGACGTCGTCAACTGT,0,0,0
EOC4_PBMC_cell_CAAGGCCAGGCCCTCA,0,0,0
EOC4_PBMC_cell_CTTTGCGGTCAAAGCG,0,0,0
EOC4_PBMC_cell_CATTCGCCACACCGAC,0,0,0
EOC4_PBMC_cell_GAACCTAAGTGGGCTA,0,0,0
EOC4_PBMC_cell_CCTACCACACGCGAAA,0,0,0
EOC4_PBMC_cell_TATGCCCTCACGAAGG,0,0,0
EOC4_PBMC_cell_CATTCGCCATTGAGCT,0,0,0
EOC4_PBMC_cell_AGTAGTCTCTGCAGTA,0,0,0
EOC4_PBMC_cell_GCAATCAGTAGCCTAT,0,0,0
EOC4_PBMC_cell_ATCCACCCAGTCGTGC,0,0,0
EOC4_PBMC_cell_GGATGTTGTCGCTTTC,0,0,0
EOC4_PBMC_cell_CGAATGTTCCATTCTA,0,0,0
EOC4_PBMC_cell_TCCACACGTGTTGAGG,0,0,0
EOC4_PBMC_cell_CCTTCGAGTCAGCTAT,0,0,0
EOC4_PBMC_cell_TAGTGGTTCAGTCCCT,0,0,0
EOC4_PBMC_cell_ATCACGAGTACTTGAC,0,0,0
EOC4_PBMC_cell_GTGAAGGCAATCTACG,0,0,0
EOC4_PBMC_cell_TTTACTGTCTCTTGAT,0,0,0
EOC4_PBMC_cell_TGTGGTATCACCATAG,0,0,0
EOC4_PBMC_cell_CATCAGACAAGACGTG,0,0,1
EOC4_PBMC_cell_GGGCACTGTAGGGACT,0,0,0
EOC4_PBMC_cell_TGCTGCTCAGAGCCAA,0,0,0
EOC4_PBMC_cell_TTAGGCAGTCAAACTC,0,0,0
EOC4_PBMC_cell_TGAGAGGGTTGTGGCC,0,0,0
EOC4_PBMC_cell_TCAGATGCAGCCAATT,0,0,0
EOC4_PBMC_cell_TGAAAGATCTAACTCT,0,0,0
EOC4_PBMC_cell_GCGACCATCGTAGATC,0,0,0
EOC4_PBMC_cell_CGATGGCTCAGGTTCA,0,0,0
EOC4_PBMC_cell_TGGTTCCTCTTGACGA,0,0,0
EOC4_PBMC_cell_CTTGGCTTCTCGCTTG,0,0,0
EOC4_PBMC_cell_GTAACGTAGCCTCGTG,0,0,0
EOC4_PBMC_cell_CCACGGATCTTTACAC,0,0,0
EOC4_PBMC_cell_CGATCGGTCAAACAAG,0,0,0
EOC4_PBMC_cell_TCATTACGTCGAGATG,0,0,0
EOC4_PBMC_cell_CGGACACAGTAGATGT,0,0,0
EOC4_PBMC_cell_GAAACTCTCAGCTCTC,0,0,0
EOC4_PBMC_cell_AGAGCTTTCCGTAGTA,0,0,0
EOC4_PBMC_cell_AGTTGGTAGACTTGAA,0,0,0
EOC4_PBMC_cell_GAAACTCTCTTCATGT,0,0,0
EOC4_PBMC_cell_CACTCCACATCCAACA,0,0,0
EOC4_PBMC_cell_ATCCGAAAGAATCTCC,0,0,0
EOC4_PBMC_cell_TCACAAGAGAGTAAGG,0,0,0
EOC4_PBMC_cell_TCAGGATAGTGGTAGC,0,0,0
EOC4_PBMC_cell_CAACCAAGTTCAGTAC,0,0,0
EOC4_PBMC_cell_CGTGTCTAGAAGGTTT,0,0,0
EOC4_PBMC_cell_CCATTCGCACTGAAGG,0,0,0
EOC4_PBMC_cell_CCCAATCAGGCATTGG,0,0,0
EOC4_PBMC_cell_ATGCGATCACAGTCGC,0,0,0
EOC4_PBMC_cell_AGTAGTCTCAACACTG,0,0,0
EOC4_PBMC_cell_GACGTGCAGATTACCC,0,0,0
EOC4_PBMC_cell_TGAGCCGGTAGCGCTC,0,0,0
EOC4_PBMC_cell_GGAGCAAAGCTGGAAC,0,0,0
EOC4_PBMC_cell_TCGTACCGTGCACGAA,0,0,0
EOC4_PBMC_cell_GTAACGTCAGTCGATT,0,0,0
EOC4_PBMC_cell_GCATACAAGTGCGATG,0,0,0
EOC4_PBMC_cell_ATCTGCCTCTGATACG,0,0,0
EOC4_PBMC_cell_TGGCGCACACTGTCGG,0,0,0
EOC4_PBMC_cell_CGAGAAGCATCGGAAG,0,0,0
EOC4_PBMC_cell_ATCATCTTCACCCTCA,0,0,0
EOC4_PBMC_cell_CATTCGCAGCAGCCTC,0,0,0
EOC4_PBMC_cell_GCACTCTGTTAGAACA,0,0,0
EOC4_PBMC_cell_ACGATGTGTCTAAACC,0,0,0
EOC4_PBMC_cell_CCTTCGAAGAACTGTA,0,0,0
EOC4_PBMC_cell_CCATGTCTCGGTGTTA,0,0,0
EOC4_PBMC_cell_TTAACTCGTTAAGGGC,0,0,0
EOC4_PBMC_cell_CCTTCGACAACACGCC,0,0,0
EOC4_PBMC_cell_CAGAGAGGTGCAACGA,0,0,0
EOC4_PBMC_cell_CTTCTCTTCGGAGCAA,0,0,0
EOC4_PBMC_cell_AGAGCTTGTCCGACGT,0,0,0
EOC4_PBMC_cell_CATTCGCCACCTTGTC,0,0,0
EOC4_PBMC_cell_GTTACAGCATGCGCAC,0,0,0
EOC4_PBMC_cell_TAGTTGGCATATGCTG,0,0,0
EOC4_PBMC_cell_TGTGTTTGTGATGATA,0,0,0
EOC4_PBMC_cell_AGCTCTCTCGATGAGG,0,0,0
EOC4_PBMC_cell_GTTACAGGTCTCATCC,0,0,0
EOC4_PBMC_cell_GATCGTATCGCGGATC,0,0,0
EOC4_PBMC_cell_CACCACTTCTACTTAC,0,0,0
EOC4_PBMC_cell_TTAGGACGTGTGACCC,0,0,0
EOC4_PBMC_cell_CCACGGAAGGCAGTCA,0,0,0
EOC4_PBMC_cell_GGATTACTCGTTACAG,0,0,0
EOC4_PBMC_cell_TAGCCGGCAACTTGAC,0,0,0
EOC4_PBMC_cell_CTACCCAGTGGAAAGA,0,0,0
EOC4_PBMC_cell_GATCGTACACGGCTAC,0,0,0
EOC4_PBMC_cell_ACATACGAGCGATGAC,0,0,0
EOC4_PBMC_cell_CACCAGGCACATTAGC,0,0,0
EOC4_PBMC_cell_AACGTTGGTTCTGGTA,0,0,0
EOC4_PBMC_cell_TGCGCAGCAAGTTAAG,0,0,0
EOC4_PBMC_cell_CACACCTTCCCTAATT,0,0,0
EOC4_PBMC_cell_GGCTGGTAGGTACTCT,0,0,0
EOC4_PBMC_cell_ATGTGTGAGAGTACCG,0,0,0
EOC4_PBMC_cell_CGTGTCTTCGCAGGCT,0,0,0
EOC4_PBMC_cell_TTCGGTCTCCACTCCA,0,0,0
EOC4_PBMC_cell_CTCGAAATCCAAAGTC,0,0,0
EOC4_PBMC_cell_CTTGGCTAGCGTGTCC,0,0,0
EOC4_PBMC_cell_GGCGTGTGTCGCCATG,0,0,0
EOC4_PBMC_cell_TAAACCGTCTGTCCGT,0,0,0
EOC4_PBMC_cell_TACTCGCTCTCAACTT,0,0,0
EOC4_PBMC_cell_CCGTTCATCGAGGTAG,0,0,0
EOC4_PBMC_cell_CACACAAGTCTTGTCC,0,0,0
EOC4_PBMC_cell_CAGCAGCGTCCGTCAG,0,0,0
EOC4_PBMC_cell_CGCTTCAAGCCCAGCT,0,0,0
EOC4_PBMC_cell_GGAACTTCATCGGTTA,0,0,0
EOC4_PBMC_cell_CTCTACGCACGTGAGA,0,0,0
EOC4_PBMC_cell_ACGGGTCTCAAACCGT,0,0,0
EOC4_PBMC_cell_TTAACTCTCCAGAAGG,0,0,0
EOC4_PBMC_cell_TTTCCTCTCCCTCAGT,0,0,0
EOC4_PBMC_cell_ACACCCTAGCAGGCTA,0,0,0
EOC4_PBMC_cell_TCATTTGAGTATGACA,0,0,0
EOC4_PBMC_cell_TGAGCATCAATCGGTT,0,0,0
EOC4_PBMC_cell_TTGTAGGTCTTACCGC,0,0,0
EOC4_PBMC_cell_GCAATCAAGAGCCCAA,0,0,0
EOC4_PBMC_cell_GGTGAAGAGATCGATA,0,0,0
EOC4_PBMC_cell_GACCAATTCATTGCCC,0,0,0
EOC4_PBMC_cell_CTCGAGGTCTTTAGGG,0,0,0
EOC4_PBMC_cell_AAACGGGCATCGGACC,0,0,0
EOC4_PBMC_cell_TAAGAGACACCACCAG,0,0,0
EOC4_PBMC_cell_CCGTGGAAGCCACGCT,0,0,0
EOC4_PBMC_cell_ATCCGAACAATCCAAC,0,0,0
EOC4_PBMC_cell_ACTGATGCAGCCTGTG,0,0,0
EOC4_PBMC_cell_ATAGACCGTCGTGGCT,0,0,0
EOC4_PBMC_cell_CTGCTGTGTGAAGGCT,0,0,0
EOC4_PBMC_cell_GGGTTGCTCGCCATAA,0,0,0
EOC4_PBMC_cell_GGCTGGTTCAGCTGGC,0,0,0
EOC4_PBMC_cell_ACAGCCGGTCTTCAAG,0,0,0
EOC4_PBMC_cell_CTTACCGGTGACAAAT,0,0,0
EOC4_PBMC_cell_TTCTCAAAGTGTACCT,0,0,0
EOC4_PBMC_cell_GAAGCAGAGCTGCAAG,0,0,0
EOC4_PBMC_cell_TGGCTGGAGCACCGTC,0,0,0
EOC4_PBMC_cell_GACACGCTCGTCACGG,0,0,0
EOC4_PBMC_cell_GACAGAGGTCCGTCAG,0,0,0
EOC4_PBMC_cell_AGCTCTCTCTGCCCTA,0,0,0
EOC4_PBMC_cell_CCTTCGACACTTCTGC,0,0,0
EOC4_PBMC_cell_GGAGCAAAGCTGCGAA,0,0,0
EOC4_PBMC_cell_CACAAACTCCTACAGA,0,0,0
EOC4_PBMC_cell_GACGTGCTCTGCCCTA,0,0,0
EOC4_PBMC_cell_AATCGGTGTGACGCCT,0,0,0
EOC4_PBMC_cell_TCGGGACTCCTCTAGC,0,0,0
EOC4_PBMC_cell_GGGCATCCATGATCCA,0,0,0
EOC4_PBMC_cell_CACTCCATCAGGCCCA,0,0,0
EOC4_PBMC_cell_ATTCTACTCGAGCCCA,0,0,0
EOC4_PBMC_cell_TGGCTGGCACGGTGTC,0,0,0
EOC4_PBMC_cell_GGGTTGCTCAGCTGGC,0,0,0
EOC4_PBMC_cell_TTCTCAAAGAGGTACC,0,0,0
EOC4_PBMC_cell_ATTGGTGCACGGCGTT,0,0,0
EOC4_PBMC_cell_AACTTTCAGATCACGG,0,0,0
EOC4_PBMC_cell_TATCAGGTCGTTGACA,0,0,0
EOC4_PBMC_cell_AGCGGTCTCTAACCGA,0,0,0
EOC4_PBMC_cell_GCACATATCTTATCTG,0,0,0
EOC4_PBMC_cell_CACCAGGTCTTGTATC,0,0,0
EOC4_PBMC_cell_GCAATCAAGTTGAGAT,0,0,0
EOC4_PBMC_cell_CCATTCGGTGTGGTTT,0,0,0
EOC4_PBMC_cell_TAAGAGACATCGGGTC,0,0,0
EOC4_PBMC_cell_TCACAAGCACGAAACG,0,0,0
EOC4_PBMC_cell_CGAGAAGTCACGACTA,0,0,0
EOC4_PBMC_cell_GACGTTAGTCGGCTCA,0,0,0
EOC4_PBMC_cell_TGCTACCAGGAATCGC,0,0,0
EOC4_PBMC_cell_GTCTCGTCAGGAATGC,0,0,0
EOC4_PBMC_cell_CATGCCTGTCTGCGGT,0,0,0
EOC4_PBMC_cell_CTCGAAACAAGCTGGA,0,0,0
EOC4_PBMC_cell_TACGGTAAGATCACGG,0,0,0
EOC4_PBMC_cell_CCTACCAGTAAGGGCT,0,0,0
EOC4_PBMC_cell_ATGGGAGAGTGAACGC,0,0,0
EOC4_PBMC_cell_GACGTGCCACGAAAGC,0,0,0
EOC4_PBMC_cell_CCTCAGTCATGTCTCC,0,0,0
EOC4_PBMC_cell_CAGATCAAGGAGCGTT,0,0,0
EOC4_PBMC_cell_CAGTAACAGAAACCGC,0,0,0
EOC4_PBMC_cell_CATCGAACAATGGAGC,0,0,0
EOC4_PBMC_cell_CAAGGCCTCTCTAAGG,0,0,0
EOC4_PBMC_cell_CGAGCACCACTTCTGC,0,0,0
EOC4_PBMC_cell_TTCTACATCCTTCAAT,0,0,0
EOC4_PBMC_cell_GTAACGTCATGAAGTA,0,0,0
EOC4_PBMC_cell_GAACATCCACCTCGGA,0,0,0
EOC4_PBMC_cell_AACTGGTAGGCATGTG,0,0,0
EOC4_PBMC_cell_GTGGGTCCAACCGCCA,0,0,0
EOC4_PBMC_cell_CTTTGCGTCAAGGTAA,0,0,0
EOC4_PBMC_cell_AAACCTGCAAGCCATT,0,0,0
EOC4_PBMC_cell_CGAGAAGGTAGAGCTG,0,0,0
EOC4_PBMC_cell_CGCTATCTCCGCATAA,0,0,0
EOC4_PBMC_cell_AGATTGCAGAGAGCTC,0,0,0
EOC4_PBMC_cell_CATCAGAAGATGTTAG,0,0,0
EOC4_PBMC_cell_GCACATAAGGCAATTA,0,0,0
EOC4_PBMC_cell_GAAACTCCACCGTTGG,0,0,0
EOC4_PBMC_cell_CTAAGACTCCATTCTA,0,0,0
EOC4_PBMC_cell_TCTGAGACACGGCCAT,0,0,0
EOC4_PBMC_cell_ACTTACTAGCTAGTGG,0,0,0
EOC4_PBMC_cell_ACGTCAAAGCCACTAT,0,0,0
EOC4_PBMC_cell_ATTACTCTCGCTTAGA,0,0,0
EOC4_PBMC_cell_ACATGGTAGGCAGGTT,0,0,0
EOC4_PBMC_cell_AAGGTTCTCAGGCCCA,0,0,0
EOC4_PBMC_cell_TTATGCTCATGTTCCC,0,0,0
EOC4_PBMC_cell_GCAAACTTCGGTCCGA,0,0,0
EOC4_PBMC_cell_CGAGCACTCACTGGGC,0,0,0
EOC4_PBMC_cell_GCCAAATCATCCCACT,0,0,0
EOC4_PBMC_cell_AGGCCACCAGCTATTG,0,0,0
EOC4_PBMC_cell_ATTACTCTCGCAAACT,0,0,0
EOC4_PBMC_cell_AACCGCGTCAACACCA,0,0,0
EOC4_PBMC_cell_GTATCTTAGCCACGCT,0,0,0
EOC4_PBMC_cell_CCTTTCTAGGGAACGG,0,0,0
EOC4_PBMC_cell_CGCTGGACATGACATC,0,0,0
EOC4_PBMC_cell_CGCTGGACAGGGTTAG,0,0,0
EOC4_PBMC_cell_ACATACGGTCGCATAT,0,0,0
EOC4_PBMC_cell_CGAGAAGCATTCCTGC,0,0,0
EOC4_PBMC_cell_GCTTCCATCATACGGT,0,0,0
EOC4_PBMC_cell_TCGAGGCTCAGTTGAC,0,0,0
EOC4_PBMC_cell_GACTGCGTCCTCAACC,0,0,0
EOC4_PBMC_cell_ATTGGACAGGCTATCT,0,0,0
EOC4_PBMC_cell_AGCGTATGTCCGTCAG,0,0,0
EOC4_PBMC_cell_GATCGTATCTTAGCCC,0,0,0
EOC4_PBMC_cell_GTGTGCGCAAGCTGAG,0,0,0
EOC4_PBMC_cell_ACATCAGAGCTAAACA,0,0,0
EOC4_PBMC_cell_CTGTGCTTCCCATTTA,0,0,0
EOC4_PBMC_cell_CAGTCCTGTTGGTGGA,0,0,0
EOC4_PBMC_cell_CCTCAGTTCACCCGAG,0,0,0
EOC4_PBMC_cell_CCATGTCTCTGCAGTA,0,0,0
EOC4_PBMC_cell_GTTAAGCAGATCGATA,0,0,0
EOC4_PBMC_cell_GATCTAGCACAGCGTC,0,0,0
EOC4_PBMC_cell_TGCGGGTGTTATCCGA,0,0,0
EOC4_PBMC_cell_CAGCAGCGTCTTGATG,0,0,0
EOC4_PBMC_cell_TAAACCGCAAGTAATG,0,0,0
EOC4_PBMC_cell_CATGGCGGTTCAGACT,0,0,0
EOC4_PBMC_cell_ACCGTAAGTCTAACGT,0,0,0
EOC4_PBMC_cell_CTGCGGAGTGCCTGCA,0,0,0
EOC4_PBMC_cell_GTAACTGAGTTGTCGT,0,0,0
EOC4_PBMC_cell_TCAGCTCGTATATCCG,0,0,0
EOC4_PBMC_cell_AACGTTGGTAACGACG,0,0,0
EOC4_PBMC_cell_GGGTCTGCACAAGCCC,0,0,0
EOC4_PBMC_cell_TGCTACCTCAGTTCGA,0,0,0
EOC4_PBMC_cell_GCGCAGTAGCGATGAC,0,0,0
EOC4_PBMC_cell_GTGCATATCTTTAGTC,0,0,0
EOC4_PBMC_cell_TCTTTCCGTTCGCGAC,0,0,0
EOC4_PBMC_cell_GCATACAAGTACATGA,0,0,0
EOC4_PBMC_cell_GTCACAAAGATGAGAG,0,0,0
EOC4_PBMC_cell_GACCTGGGTCTCAACA,0,0,0
EOC4_PBMC_cell_GGTGAAGGTACCGCTG,0,0,0
EOC4_PBMC_cell_TCAGGATTCAGCTTAG,0,0,0
EOC4_PBMC_cell_CATCGAAGTTCATGGT,0,0,0
EOC4_PBMC_cell_TTGACTTAGCGCTCCA,0,0,0
EOC4_PBMC_cell_TCACAAGCACCGAATT,0,0,0
EOC4_PBMC_cell_GAGTCCGAGAAGATTC,0,0,0
EOC4_PBMC_cell_GATTCAGTCGTCGTTC,0,0,0
EOC4_PBMC_cell_AACACGTTCTCTAAGG,0,0,0
EOC4_PBMC_cell_GCAAACTAGGATGTAT,0,0,0
EOC4_PBMC_cell_TAGGCATAGTTAACGA,0,0,0
EOC4_PBMC_cell_AAAGCAATCGAGAGCA,0,0,0
EOC4_PBMC_cell_AGGTCCGCAGTCAGCC,0,0,0
EOC4_PBMC_cell_CACCACTGTTAAAGTG,0,0,0
EOC4_PBMC_cell_CGGACTGAGAAACCAT,0,0,0
EOC4_PBMC_cell_CCACCTAGTAGCAAAT,0,0,0
EOC4_PBMC_cell_GCACATAAGGTAGCCA,0,0,0
EOC4_PBMC_cell_ACACCCTTCTTGCCGT,0,0,0
EOC4_PBMC_cell_GGGATGAAGTGTACGG,0,0,0
EOC4_PBMC_cell_GATCAGTAGTCAAGGC,0,0,0
EOC4_PBMC_cell_AACTCTTAGGCAGTCA,0,0,0
EOC4_PBMC_cell_ACTTACTGTCGAAAGC,0,0,0
EOC4_PBMC_cell_CAAGATCTCCGCATCT,0,0,0
EOC4_PBMC_cell_TTCCCAGAGAAGATTC,0,0,0
EOC4_PBMC_cell_GTAGTCACACGAAGCA,0,0,0
EOC4_PBMC_cell_AACACGTTCAATACCG,0,0,0
EOC4_PBMC_cell_CATCCACTCATAGCAC,0,0,0
EOC4_PBMC_cell_TGCCCATAGGTAGCTG,0,0,0
EOC4_PBMC_cell_TTCGAAGAGAATTGTG,0,0,0
EOC4_PBMC_cell_CCATTCGTCAATCACG,0,0,0
EOC4_PBMC_cell_CTCTAATTCCGCATCT,0,0,0
EOC4_PBMC_cell_ACAGCCGGTAAATGTG,0,0,0
EOC4_PBMC_cell_GAACCTATCGAATCCA,0,0,0
EOC4_PBMC_cell_CCGGGATTCTGCAGTA,0,0,0
EOC4_PBMC_cell_GATTCAGCATTCGACA,0,0,0
EOC4_PBMC_cell_CATGACATCATGGTCA,0,0,0
EOC4_PBMC_cell_GGATGTTTCTTACCGC,0,0,0
EOC4_PBMC_cell_CAGCTGGCAGCCTTTC,0,0,0
EOC4_PBMC_cell_TACCTATAGAGCTGGT,0,0,0
EOC4_PBMC_cell_CGACTTCGTCCTCCAT,0,0,0
EOC4_PBMC_cell_GTACTCCCACTCTGTC,0,0,0
EOC4_PBMC_cell_GAACATCCAAACAACA,0,0,0
EOC4_PBMC_cell_TAGCCGGAGGCTAGCA,0,0,0
EOC4_PBMC_cell_TGTGTTTCACAACTGT,0,0,0
EOC4_PBMC_cell_CACACAAAGTGTACCT,0,0,0
EOC4_PBMC_cell_GTGCTTCTCCGGCACA,0,0,0
EOC4_PBMC_cell_GTACTTTAGTTGAGAT,0,0,0
EOC4_PBMC_cell_CAACTAGTCGGATGGA,0,0,0
EOC4_PBMC_cell_CGCCAAGTCGTTTATC,0,0,0
EOC4_PBMC_cell_GATGAAACAAGTCATC,0,0,0
EOC4_PBMC_cell_CATCGGGTCACGATGT,0,0,0
EOC4_PBMC_cell_GCAGTTAAGGTGCTAG,0,0,0
EOC4_PBMC_cell_TTCCCAGGTCAGATAA,0,0,0
EOC4_PBMC_cell_TCGAGGCCATCGGTTA,0,0,0
EOC4_PBMC_cell_TTGCCGTTCTTGCCGT,0,0,0
EOC4_PBMC_cell_TTCGGTCGTTATGTGC,0,0,0
EOC4_PBMC_cell_CGTAGGCGTATATGAG,0,0,0
EOC4_PBMC_cell_ACTATCTGTATATCCG,0,0,0
EOC4_PBMC_cell_GTGAAGGCACATTCGA,0,0,0
EOC4_PBMC_cell_CTACCCATCCGTTGTC,0,0,0
EOC4_PBMC_cell_ACTATCTCACAGAGGT,0,0,0
EOC4_PBMC_cell_GCGGGTTAGTGTCCAT,0,0,0
EOC4_PBMC_cell_GATCTAGGTCAACATC,0,0,0
EOC4_PBMC_cell_CACTCCACACAGGAGT,0,0,0
EOC4_PBMC_cell_ATCACGAGTAGCAAAT,0,0,0
EOC4_PBMC_cell_AAGGCAGAGGCAAAGA,0,0,0
EOC4_PBMC_cell_CCTACACCATCCGCGA,0,0,0
EOC4_PBMC_cell_CACAGTACACAAGACG,0,0,0
EOC4_PBMC_cell_TGCGTGGAGTTCGCGC,0,0,0
EOC4_PBMC_cell_CCTTCGAAGGCGCTCT,0,0,0
EOC4_PBMC_cell_TCGCGTTAGTAGGCCA,0,0,0
EOC4_PBMC_cell_TTGGAACGTTGCGCAC,0,0,0
EOC4_PBMC_cell_CAGCTGGGTAAATACG,0,0,0
EOC4_PBMC_cell_GCAGTTAGTGCTCTTC,0,0,0
EOC4_PBMC_cell_CAAGGCCTCGAGAGCA,0,0,0
EOC4_PBMC_cell_CAGAATCGTTAGATGA,0,0,0
EOC4_PBMC_cell_ACTTTCAAGGGAACGG,0,0,0
EOC4_PBMC_cell_AGCAGCCAGCCGGTAA,0,0,0
EOC4_PBMC_cell_AAAGTAGGTCGAATCT,0,0,0
EOC4_PBMC_cell_CCGGTAGCAGGAACGT,0,0,0
EOC4_PBMC_cell_TCACAAGAGGTCATCT,0,0,0
EOC4_PBMC_cell_GATGCTACATGGTCTA,0,0,0
EOC4_PBMC_cell_ACTGAACGTACCGTAT,0,0,0
EOC4_PBMC_cell_CGTGAGCTCAATCACG,0,0,0
EOC4_PBMC_cell_CGACTTCCACCGAATT,0,0,0
EOC4_PBMC_cell_ATAAGAGCAGACAAAT,0,0,0
EOC4_PBMC_cell_ATGAGGGCAGGGTATG,0,0,0
EOC4_PBMC_cell_GGGCATCAGAGTGACC,0,0,0
EOC4_PBMC_cell_TGTCCCAAGGTAAACT,0,0,0
EOC4_PBMC_cell_CTACCCACAGACAGGT,0,0,0
EOC4_PBMC_cell_CGTCTACCAATCGAAA,0,0,0
EOC4_PBMC_cell_GGACAGACAGCTTAAC,0,0,0
EOC4_PBMC_cell_CTTCTCTAGCGTTTAC,0,0,0
EOC4_PBMC_cell_TCTCTAATCGACCAGC,0,0,0
EOC4_PBMC_cell_TCAGATGCACGCTTTC,0,0,0
EOC4_PBMC_cell_GTGCATAAGTTGAGTA,0,0,0
EOC4_PBMC_cell_ATCCACCTCTCGATGA,0,0,0
EOC4_PBMC_cell_GTATCTTTCGTAGGAG,0,0,0
EOC4_PBMC_cell_TTGACTTGTGTTGGGA,0,0,0
EOC4_PBMC_cell_AAGTCTGAGGAATGGA,0,0,0
EOC4_PBMC_cell_CTGAAACAGGGTGTTG,0,0,0
EOC4_PBMC_cell_AGGTCATCAATGTTGC,0,0,0
EOC4_PBMC_cell_GGAGCAAAGGCTACGA,0,0,0
EOC4_PBMC_cell_CGGCTAGTCACAGGCC,0,0,0
EOC4_PBMC_cell_CGTCTACTCTACTTAC,0,0,0
EOC4_PBMC_cell_GGCTCGACAGTATGCT,0,0,0
EOC4_PBMC_cell_GGGTCTGCATTTCAGG,0,0,0
EOC4_PBMC_cell_CTGAAACGTCCAGTGC,0,0,0
EOC4_PBMC_cell_GTACTCCGTAGGAGTC,0,0,0
EOC4_PBMC_cell_CAGAATCCAGGCTGAA,0,0,0
EOC4_PBMC_cell_CCTAAAGTCGCCTGTT,0,0,0
EOC4_PBMC_cell_GTTACAGAGTTGAGTA,0,0,0
EOC4_PBMC_cell_CTCGGAGAGGGTTCCC,0,0,0
EOC4_PBMC_cell_TCTTCGGCAAACCTAC,0,0,0
EOC4_PBMC_cell_ATTCTACTCAAGGTAA,0,0,0
EOC4_PBMC_cell_AAACGGGAGATGTCGG,0,0,0
EOC4_PBMC_cell_CGGGTCAAGATGTGTA,0,0,0
EOC4_PBMC_cell_CGCGTTTTCTAACTTC,0,0,0
EOC4_PBMC_cell_ACTGAGTCAGTAAGCG,0,0,0
EOC4_PBMC_cell_ATGTGTGAGGTGCTTT,0,0,0
EOC4_PBMC_cell_GGAGCAAAGGGCACTA,0,0,0
EOC4_PBMC_cell_GTAACTGCAAGTACCT,0,0,0
EOC4_PBMC_cell_TAGTTGGCATCAGTAC,0,0,0
EOC4_PBMC_cell_GCAGTTACACTTAACG,0,0,0
EOC4_PBMC_cell_CTCGGAGAGAGGTACC,0,0,0
EOC4_PBMC_cell_CTTACCGCATAGTAAG,0,0,0
EOC4_PBMC_cell_TGAGCCGTCCAAACAC,0,0,0
EOC4_PBMC_cell_ACCCACTTCAGCACAT,0,0,0
EOC4_PBMC_cell_GTTCATTCAATCACAC,0,0,0
EOC4_PBMC_cell_GCGCGATTCTAACTGG,0,0,0
EOC4_PBMC_cell_TACTTACGTTGTGGCC,0,0,0
EOC4_PBMC_cell_ACGCAGCTCTAACCGA,0,0,0
EOC4_PBMC_cell_AGCAGCCAGAATGTGT,0,0,0
EOC4_PBMC_cell_TCTATTGTCGCCAAAT,0,0,0
EOC4_PBMC_cell_CTACACCAGACTAGGC,0,0,0
EOC4_PBMC_cell_TCGTAGAAGGCGTACA,0,0,0
EOC4_PBMC_cell_AAACCTGGTTCGCTAA,0,0,0
EOC4_PBMC_cell_GACGGCTCAAGCGTAG,0,0,0
EOC4_PBMC_cell_GTTCTCGTCACCTCGT,0,0,0
EOC4_PBMC_cell_ACACCGGCAAACAACA,0,0,0
EOC4_PBMC_cell_TCCACACCAGGTGGAT,0,0,0
EOC4_PBMC_cell_CTACATTGTTCAACCA,0,0,0
EOC4_PBMC_cell_CCTCAGTCACCTCGGA,0,0,0
EOC4_PBMC_cell_CCTTCGAGTTGTTTGG,0,0,0
EOC4_PBMC_cell_ACGGGCTCACAAGACG,0,0,0
EOC4_PBMC_cell_TACTTGTCAGTTCATG,0,0,0
EOC4_PBMC_cell_TGAAAGAAGCCGTCGT,0,0,0
EOC4_PBMC_cell_TGAGCATAGGATGCGT,0,0,0
EOC4_PBMC_cell_TCGCGTTAGAACTCGG,0,0,0
EOC4_PBMC_cell_TACTCGCGTCTAGAGG,0,0,0
EOC4_PBMC_cell_CTACATTTCGACCAGC,0,0,0
EOC4_PBMC_cell_GATGAGGCAGGCTCAC,0,0,0
EOC4_PBMC_cell_CACATAGGTAGCTGCC,0,0,0
EOC4_PBMC_cell_TCAGATGGTTCTGAAC,0,0,0
EOC4_PBMC_cell_GCTCTGTAGGGTGTGT,0,0,0
EOC4_PBMC_cell_TTCGAAGTCAGTGTTG,0,0,0
EOC4_PBMC_cell_ACCAGTATCCCTTGCA,0,0,0
EOC4_PBMC_cell_GGTGAAGCACCACGTG,0,0,0
EOC4_PBMC_cell_GTTACAGCAGACGCAA,0,0,0
EOC4_PBMC_cell_TTAGTTCAGTTAACGA,0,0,0
EOC4_PBMC_cell_TGAGAGGGTGATGTGG,0,0,0
EOC4_PBMC_cell_GAAATGAGTATTAGCC,0,0,0
EOC4_PBMC_cell_CTCTACGTCACTTCAT,0,0,0
EOC4_PBMC_cell_GCACTCTGTTACGCGC,0,0,0
EOC4_PBMC_cell_GTCTCGTGTATGCTTG,0,0,0
EOC4_PBMC_cell_GGCGTGTGTCTCTTTA,0,0,0
EOC4_PBMC_cell_AGTTGGTGTGTCTGAT,0,0,0
EOC4_PBMC_cell_ACTTACTGTGGTCTCG,0,0,0
EOC4_PBMC_cell_TTCGGTCGTGTGTGCC,0,0,0
EOC4_PBMC_cell_GGAAAGCAGCTTCGCG,0,0,0
EOC4_PBMC_cell_CTGGTCTTCATTCACT,0,0,0
EOC4_PBMC_cell_TTCGGTCAGCCAGTAG,0,0,0
EOC4_PBMC_cell_ATCGAGTGTTATTCTC,0,0,0
EOC4_PBMC_cell_AGAGTGGCACGAAATA,0,0,0
EOC4_PBMC_cell_TGCTACCAGCACCGTC,0,0,0
EOC4_PBMC_cell_CTCTACGGTCTCCACT,0,0,0
EOC4_PBMC_cell_TTTGTCAAGGTGTGGT,0,0,0
EOC4_PBMC_cell_ATCATCTGTGATGCCC,0,0,0
EOC4_PBMC_cell_TTAACTCTCACCTCGT,0,0,0
EOC4_PBMC_cell_CAGCTGGCACGGATAG,0,0,0
EOC4_PBMC_cell_TGCCAAAAGCTAAACA,0,0,0
EOC4_PBMC_cell_GCAATCACACGGTAAG,0,0,0
EOC4_PBMC_cell_CGAATGTGTAGCGCAA,0,0,0
EOC4_PBMC_cell_GACTACATCGCACTCT,0,0,0
EOC4_PBMC_cell_TGAGAGGTCACGACTA,0,0,0
EOC4_PBMC_cell_TAGTTGGTCTGAGGGA,0,0,0
EOC4_PBMC_cell_CAGCGACCATCTGGTA,0,0,0
EOC4_PBMC_cell_GTCTTCGGTAGCGTAG,0,0,0
EOC4_PBMC_cell_CGGCTAGTCTTGTTTG,0,0,0
EOC4_PBMC_cell_GATCTAGGTTTCCACC,0,0,0
EOC4_PBMC_cell_ATCTGCCAGGTGCTAG,0,0,0
EOC4_PBMC_cell_TGCGTGGGTACGACCC,0,0,0
EOC4_PBMC_cell_TAAGCGTGTCACCTAA,0,0,0
EOC4_PBMC_cell_TACTCATCATTGGGCC,0,0,0
EOC4_PBMC_cell_TACCTATAGTCTCCTC,0,0,0
EOC4_PBMC_cell_CAGGTGCCACAGATTC,0,0,0
EOC4_PBMC_cell_GATCTAGCATGCGCAC,0,0,0
EOC4_PBMC_cell_GATGAGGAGTATGACA,0,0,0
EOC4_PBMC_cell_GCGCAGTGTTCAGACT,0,0,0
EOC4_PBMC_cell_GAACATCCAAATCCGT,0,0,0
EOC4_PBMC_cell_CCCAGTTGTCGGGTCT,0,0,0
EOC4_PBMC_cell_CATGCCTAGGAATGGA,0,0,0
EOC4_PBMC_cell_CGGTTAAAGTTGAGTA,0,0,0
EOC4_PBMC_cell_CTACCCATCGATAGAA,0,0,0
EOC4_PBMC_cell_CGGACACCACAGGTTT,0,0,0
EOC4_PBMC_cell_CCTTCGACAGTCAGAG,0,0,0
EOC4_PBMC_cell_CCACGGAAGGCACATG,0,0,0
EOC4_PBMC_cell_CAAGGCCCACTTCGAA,0,0,0
EOC4_PBMC_cell_GACGTGCGTATATGAG,0,0,0
EOC4_PBMC_cell_CATGACAAGTTAGGTA,0,0,0
EOC4_PBMC_cell_CACATAGAGTGGTAGC,0,0,0
EOC4_PBMC_cell_GTAACTGTCATAAAGG,0,0,0
EOC4_PBMC_cell_TCGCGTTCATCACAAC,0,0,0
EOC4_PBMC_cell_TAAGTGCTCACGACTA,0,0,0
EOC4_PBMC_cell_TCTCTAAAGGGTTTCT,0,0,0
EOC4_PBMC_cell_CCGGGATAGCTGATAA,0,0,0
EOC4_PBMC_cell_GACCAATTCTGCTTGC,0,0,0
EOC4_PBMC_cell_GTCTTCGCATGGAATA,0,0,0
EOC4_PBMC_cell_AGAGCTTGTCATCGGC,0,0,0
EOC4_PBMC_cell_CTTAGGATCAGGTAAA,0,0,0
EOC4_PBMC_cell_CAAGAAACATTGCGGC,0,0,0
EOC4_PBMC_cell_TCGCGAGTCGAACGGA,0,0,0
EOC4_PBMC_cell_GATGAAAGTGGGTATG,0,0,0
EOC4_PBMC_cell_CTGGTCTCAAAGCGGT,0,0,0
EOC4_PBMC_cell_ACGATGTAGGCCCTCA,0,0,0
EOC4_PBMC_cell_TTCGGTCGTGCACGAA,0,0,0
EOC4_PBMC_cell_GACTACACACTGTGTA,0,0,0
EOC4_PBMC_cell_TAGAGCTCATCACGAT,0,0,0
EOC4_PBMC_cell_AACTGGTTCATGTCCC,0,0,0
EOC4_PBMC_cell_GTGTGCGCATCCCATC,0,0,0
EOC4_PBMC_cell_TTCTACAGTTCAGCGC,0,0,0
EOC4_PBMC_cell_TAAGAGAAGCGATGAC,0,0,0
EOC4_PBMC_cell_AGGGATGCAAAGAATC,0,0,0
EOC4_PBMC_cell_GAACGGAAGCTGCGAA,0,0,0
EOC4_PBMC_cell_CATATTCTCTCAACTT,0,0,0
EOC4_PBMC_cell_CAAGTTGGTGCGCTTG,0,0,0
EOC4_PBMC_cell_AGTGGGACAGATCCAT,0,0,0
EOC4_PBMC_cell_CACCAGGCAAGGGTCA,0,0,0
EOC4_PBMC_cell_AAGGTTCTCGGCGGTT,0,0,0
EOC4_PBMC_cell_AGGGAGTGTTCACCTC,0,0,0
EOC4_PBMC_cell_AATCGGTGTTCTCATT,0,0,0
EOC4_PBMC_cell_ACTGAACTCAACACAC,0,0,0
EOC4_PBMC_cell_CACACAAAGGAGCGTT,0,0,0
EOC4_PBMC_cell_GGACATTAGGGCACTA,0,0,0
EOC4_PBMC_cell_AGTCTTTCAGGCTCAC,0,0,0
EOC4_PBMC_cell_CGAGAAGTCAATAAGG,0,0,0
EOC4_PBMC_cell_GTGGGTCGTGTGACCC,0,0,0
EOC4_PBMC_cell_ATCCACCTCCAGAGGA,0,0,0
EOC4_PBMC_cell_AGGGATGCATGGTTGT,0,0,0
EOC4_PBMC_cell_GCATGTATCAACACTG,0,0,0
EOC4_PBMC_cell_TAAGCGTGTCGGCATC,0,0,0
EOC4_PBMC_cell_GGAACTTAGTGGAGAA,0,0,0
EOC4_PBMC_cell_TTGGAACTCAGGTAAA,0,0,0
EOC4_PBMC_cell_CAACTAGAGTGGTAGC,0,0,0
EOC4_PBMC_cell_CAACCTCCAGTAAGAT,0,0,0
EOC4_PBMC_cell_GACGTGCTCACTTCAT,0,0,0
EOC4_PBMC_cell_GTATTCTGTTCCATGA,0,0,0
EOC4_PBMC_cell_ATTATCCAGCGTTGCC,0,0,0
EOC4_PBMC_cell_ATGCGATAGAGTTGGC,0,0,0
EOC4_PBMC_cell_CCACGGACACCTATCC,0,0,0
EOC4_PBMC_cell_GCAAACTGTGTTGGGA,0,0,0
EOC4_PBMC_cell_CACAGTATCAACCAAC,0,0,0
EOC4_PBMC_cell_TAAGTGCAGCGTCTAT,0,0,0
EOC4_PBMC_cell_CAGCCGATCGTCTGAA,0,0,0
EOC4_PBMC_cell_AGGCCGTAGAGCTGGT,0,0,0
EOC4_PBMC_cell_CACAGGCGTTCGCTAA,0,0,0
EOC4_PBMC_cell_CGTTAGACACCAGGTC,0,0,0
EOC4_PBMC_cell_TGAGCCGAGGAATCGC,0,0,0
EOC4_PBMC_cell_GGACATTGTACAAGTA,0,0,0
EOC4_PBMC_cell_TGGCCAGAGGCCCTCA,0,0,0
EOC4_PBMC_cell_GACTAACAGTTGCAGG,0,0,0
EOC4_PBMC_cell_GACTGCGTCTTGCCGT,0,0,0
EOC4_PBMC_cell_TTGGAACAGCTAGGCA,0,0,0
EOC4_PBMC_cell_AACTCCCTCTGGCGTG,0,0,0
EOC4_PBMC_cell_TACCTATTCCAGATCA,0,0,0
EOC4_PBMC_cell_ATGCGATTCGGATGGA,0,0,0
EOC4_PBMC_cell_ACGGCCAAGCATCATC,0,0,0
EOC4_PBMC_cell_ACTGATGCACGAGGTA,0,0,0
EOC4_PBMC_cell_TGCTGCTCAGCGAACA,0,0,0
EOC4_PBMC_cell_TTGGCAATCGGCCGAT,0,0,0
EOC4_PBMC_cell_CCCTCCTTCCCAACGG,0,0,0
EOC4_PBMC_cell_AAGCCGCTCTTACCGC,0,0,0
EOC4_PBMC_cell_CTGATAGGTCCCGACA,0,0,0
EOC4_PBMC_cell_GGAAAGCTCCCAACGG,0,0,0
EOC4_PBMC_cell_CCGTGGATCTCATTCA,0,0,0
EOC4_PBMC_cell_TCTTTCCAGAGTACAT,0,0,0
EOC4_PBMC_cell_CCACTACCATGGAATA,0,0,0
EOC4_PBMC_cell_CCTATTAAGCGTGAGT,0,0,0
EOC4_PBMC_cell_GGTATTGAGTGGGTTG,0,0,0
EOC4_PBMC_cell_AAATGCCGTTCGTCTC,0,0,0
EOC4_PBMC_cell_CCGTACTGTGCCTGCA,0,0,0
EOC4_PBMC_cell_TGACTAGAGAGGACGG,0,0,0
EOC4_PBMC_cell_GGATGTTCACCGTTGG,0,0,0
EOC4_PBMC_cell_TCGCGAGGTGAAAGAG,0,0,0
EOC4_PBMC_cell_CAACCTCAGATATACG,0,0,0
EOC4_PBMC_cell_TGGCTGGTCACTCCTG,0,0,0
EOC4_PBMC_cell_TCAACGATCAGTCCCT,0,0,0
EOC4_PBMC_cell_CCTATTAAGACATAAC,0,0,0
EOC4_PBMC_cell_GACCTGGAGGCTCTTA,0,0,0
EOC4_PBMC_cell_CTGTGCTCATATGGTC,0,0,0
EOC4_PBMC_cell_ATAAGAGAGCACCGTC,0,0,0
EOC4_PBMC_cell_GGGCACTAGAGTAAGG,0,0,0
EOC4_PBMC_cell_AATCGGTAGTATTGGA,0,0,0
EOC4_PBMC_cell_ACCTTTAGTACGCACC,0,0,0
EOC4_PBMC_cell_TGGACGCTCCGCAAGC,0,0,0
EOC4_PBMC_cell_CAGCATAGTTACTGAC,0,0,0
EOC4_PBMC_cell_GGAGCAAGTACGACCC,0,0,0
EOC4_PBMC_cell_ATAACGCGTCCGTGAC,0,0,0
EOC4_PBMC_cell_TGCGTGGGTAGTACCT,0,0,0
EOC4_PBMC_cell_CTAAGACTCACCCGAG,0,0,0
EOC4_PBMC_cell_CAGCCGATCAGTTTGG,0,0,0
EOC4_PBMC_cell_TCGTACCCAAGGACTG,0,0,0
EOC4_PBMC_cell_GCCAAATAGGCCATAG,0,0,0
EOC4_PBMC_cell_GACGTTATCGCAAGCC,0,0,0
EOC4_PBMC_cell_CTGATAGCACACCGCA,0,0,0
EOC4_PBMC_cell_CTTCTCTTCCATTCTA,0,0,0
EOC4_PBMC_cell_AACTCCCGTCCGTCAG,0,0,0
EOC4_PBMC_cell_ACCCACTAGTCGATAA,0,0,0
EOC4_PBMC_cell_CAAGGCCTCATAGCAC,0,0,0
EOC4_PBMC_cell_ACTGAACTCACTTCAT,0,0,0
EOC4_PBMC_cell_TACTCATAGACGCAAC,0,0,0
EOC4_PBMC_cell_AAGTCTGAGCTAGTGG,0,0,0
EOC4_PBMC_cell_TACTTGTCAGCTTCGG,0,0,0
EOC4_PBMC_cell_TGTGTTTCATCCGCGA,0,0,0
EOC4_PBMC_cell_CTGATCCCACCCAGTG,0,0,0
EOC4_PBMC_cell_GGGTCTGGTTACGGAG,0,0,0
EOC4_PBMC_cell_CACCTTGGTAAATACG,0,0,0
EOC4_PBMC_cell_TGGTTCCGTTGGTAAA,0,0,0
EOC4_PBMC_cell_CATCAGATCTCAAACG,0,0,0
EOC4_PBMC_cell_GACTACAAGGCTCATT,0,0,0
EOC4_PBMC_cell_CCGTGGAAGATGTGTA,0,0,0
EOC4_PBMC_cell_GCCTCTATCTGTACGA,0,0,0
EOC4_PBMC_cell_GGAATAATCATTGCCC,0,0,0
EOC4_PBMC_cell_CTAATGGGTTTGTTTC,0,0,0
EOC4_PBMC_cell_ACTTGTTAGCACGCCT,0,0,0
EOC4_PBMC_cell_GATCGTAGTTACGTCA,0,0,0
EOC4_PBMC_cell_ACATGGTAGTCTCAAC,0,0,0
EOC4_PBMC_cell_CTAGAGTTCATATCGG,0,0,0
EOC4_PBMC_cell_CTAACTTAGTGGACGT,0,0,0
EOC4_PBMC_cell_CCTTTCTAGTTCGCGC,0,0,0
EOC4_PBMC_cell_CATGCCTTCTCGAGTA,0,0,0
EOC4_PBMC_cell_ACTGATGAGCTTATCG,0,0,0
EOC4_PBMC_cell_CTAAGACTCGTCTGAA,0,0,0
EOC4_PBMC_cell_TTAACTCAGTTAGGTA,0,0,1
EOC4_PBMC_cell_TGTTCCGCAGGCTGAA,0,0,0
EOC4_PBMC_cell_CTGATAGAGAGGACGG,0,0,0
EOC4_PBMC_cell_TAAGAGACAGTAGAGC,0,0,0
EOC4_PBMC_cell_ACAGCTAAGATCCTGT,0,0,0
EOC4_PBMC_cell_GGGAATGTCATAAAGG,0,0,0
EOC4_PBMC_cell_CGGAGCTGTGGGTCAA,0,0,0
EOC4_PBMC_cell_GAATGAATCGCCCTTA,0,0,0
EOC4_PBMC_cell_TGCGTGGTCGTTTATC,0,0,0
EOC4_PBMC_cell_CGCGTTTCAGGAACGT,0,0,0
EOC4_PBMC_cell_CCGGGATTCTATCCTA,0,0,0
EOC4_PBMC_cell_AGTCTTTGTTGTCGCG,0,0,0
EOC4_PBMC_cell_AGTTGGTAGCAGGTCA,0,0,0
EOC4_PBMC_cell_GAATAAGGTCAGAGGT,0,0,0
EOC4_PBMC_cell_CCACGGAGTACTCAAC,0,0,0
EOC4_PBMC_cell_TGCGTGGGTCTCCACT,0,0,0
EOC4_PBMC_cell_ATTGGTGAGGCCCTTG,0,0,0
EOC4_PBMC_cell_GGGTTGCAGACTTTCG,0,0,0
EOC4_PBMC_cell_CTAATGGAGTTACCCA,0,0,0
EOC4_PBMC_cell_TTCTACATCATGCATG,0,0,0
EOC4_PBMC_cell_CAGTAACTCCTCCTAG,0,0,0
EOC4_PBMC_cell_CAGCAGCTCAGCAACT,0,0,0
EOC4_PBMC_cell_GTCGTAAAGTCTTGCA,0,0,0
EOC4_PBMC_cell_GACTGCGGTGTGAATA,0,0,0
EOC4_PBMC_cell_GCTTGAACATGAACCT,0,0,0
EOC4_PBMC_cell_GTTCGGGAGGACAGAA,0,0,0
EOC4_PBMC_cell_GTAACTGAGAGTACAT,0,0,0
EOC4_PBMC_cell_CTCCTAGGTAGCGATG,0,0,0
EOC4_PBMC_cell_CTGGTCTTCCGATATG,0,0,0
EOC4_PBMC_cell_GTGAAGGAGAAACGAG,0,0,0
EOC4_PBMC_cell_GCTGGGTCACTTACGA,0,0,1
EOC4_PBMC_cell_GACTGCGAGTTTGCGT,0,0,0
EOC4_PBMC_cell_TTCTACACACGGTGTC,0,0,0
EOC4_PBMC_cell_TGACTAGCACGCCAGT,0,0,0
EOC4_PBMC_cell_CTTTGCGGTGTGAAAT,0,0,0
EOC4_PBMC_cell_CCATTCGTCGCTTAGA,0,0,0
EOC4_PBMC_cell_TCAGCAAGTTACCGAT,0,0,0
EOC4_PBMC_cell_TTGCCGTGTTGTCTTT,0,0,0
EOC4_PBMC_cell_GCGCGATAGATCCTGT,0,0,0
EOC4_PBMC_cell_TCAGATGCACATGACT,0,0,0
EOC4_PBMC_cell_ACTTGTTGTGCTGTAT,0,0,0
EOC4_PBMC_cell_GTACTTTAGAACTCGG,0,0,0
EOC4_PBMC_cell_AGAGCTTTCGGAAACG,0,0,0
EOC4_PBMC_cell_GTCACAACAAGCCTAT,0,0,0
EOC4_PBMC_cell_GCCAAATCAGCTGGCT,0,0,0
EOC4_PBMC_cell_CGCGTTTCATCTGGTA,0,0,0
EOC4_PBMC_cell_CAGATCAAGGATCGCA,0,0,0
EOC4_PBMC_cell_TCTCTAAGTCAGAAGC,0,0,0
EOC4_PBMC_cell_TATCAGGCAAACCCAT,0,0,0
EOC4_PBMC_cell_ATTTCTGAGATATGCA,0,0,0
EOC4_PBMC_cell_GTCACGGGTGTTTGGT,0,0,0
EOC4_PBMC_cell_CAGCTAAGTCTAGTCA,0,0,0
EOC4_PBMC_cell_TGAGGGACACGGTAGA,0,0,0
EOC4_PBMC_cell_GTCGTAAGTGGCCCTA,0,0,0
EOC4_PBMC_cell_GAACATCCACTGAAGG,0,0,0
EOC4_PBMC_cell_AGCGTATCATTGGTAC,0,0,0
EOC4_PBMC_cell_GTCTTCGCAGCTTAAC,0,0,0
EOC4_PBMC_cell_CTCATTATCGAATGGG,0,0,0
EOC4_PBMC_cell_AGCCTAAGTCTCGTTC,0,0,0
EOC4_PBMC_cell_CGTAGCGAGTAGATGT,0,0,0
EOC4_PBMC_cell_CGTCAGGAGAGATGAG,0,0,0
EOC4_PBMC_cell_CTTAACTCAAGCGAGT,0,0,0
EOC4_PBMC_cell_GCATGTACAATGTAAG,0,0,0
EOC4_PBMC_cell_TTCTCCTGTTACCGAT,0,0,0
EOC4_PBMC_cell_AGCTTGATCACAAACC,0,0,0
EOC4_PBMC_cell_AACTCTTCAGGGATTG,0,0,0
EOC4_PBMC_cell_AAGGAGCTCAACGCTA,0,0,0
EOC4_PBMC_cell_TAGCCGGAGACAAAGG,0,0,0
EOC4_PBMC_cell_AAGGTTCTCGAGAACG,0,0,0
EOC4_PBMC_cell_ATAGACCAGCTAAGAT,0,0,0
EOC4_PBMC_cell_CCAGCGAAGGTGATAT,0,0,0
EOC4_PBMC_cell_GCAGTTAAGGGATCTG,0,0,0
EOC4_PBMC_cell_AACACGTTCTCTGAGA,0,0,0
EOC4_PBMC_cell_CGTCACTTCTGCTTGC,0,0,0
EOC4_PBMC_cell_GGGCATCTCTACTTAC,0,0,0
EOC4_PBMC_cell_CGAATGTGTACTTGAC,0,0,0
EOC4_PBMC_cell_TAGTTGGGTCGCGTGT,0,0,0
EOC4_PBMC_cell_CACAGGCGTCATCGGC,0,0,0
EOC4_PBMC_cell_TTGACTTAGCCAGTAG,0,0,0
EOC4_PBMC_cell_ATTTCTGTCGTATCAG,0,0,0
EOC4_PBMC_cell_GTGCATATCTTTACAC,0,0,0
EOC4_PBMC_cell_CTGTTTACACATTAGC,0,0,0
EOC4_PBMC_cell_CACCAGGTCCGTTGCT,0,0,0
EOC4_PBMC_cell_CTCGAAAGTCCATCCT,0,0,0
EOC4_PBMC_cell_TGCCAAAAGTACTTGC,0,0,0
EOC4_PBMC_cell_CTAGAGTTCACCCGAG,0,0,0
EOC4_PBMC_cell_ACCTTTAGTGTTGAGG,0,0,0
EOC4_PBMC_cell_GCGGGTTTCCCAGGTG,0,0,0
EOC4_PBMC_cell_ACGGGTCTCGGTGTCG,0,0,0
EOC4_PBMC_cell_CGTCACTAGATCTGAA,0,0,0
EOC4_PBMC_cell_TTTGGTTCAATGAATG,0,0,0
EOC4_PBMC_cell_AGAATAGCACGAGGTA,0,0,0
EOC4_PBMC_cell_TCAGCAATCTTGACGA,0,0,0
EOC4_PBMC_cell_TTGACTTGTGTGAATA,0,0,0
EOC4_PBMC_cell_GGGCATCGTTCGCTAA,0,0,0
EOC4_PBMC_cell_TGGACGCTCAGGATCT,0,0,0
EOC4_PBMC_cell_GGACATTCATGGAATA,0,0,0
EOC4_PBMC_cell_CACAGGCTCTTGTATC,0,0,0
EOC4_PBMC_cell_GTCAAGTCACAACGCC,0,0,0
EOC4_PBMC_cell_CTGATCCAGCAATCTC,0,0,0
EOC4_PBMC_cell_CGCGGTATCTGGTGTA,0,0,0
EOC4_PBMC_cell_CGATTGAGTCAATGTC,0,0,0
EOC4_PBMC_cell_GTGTGCGTCACATACG,0,0,0
EOC4_PBMC_cell_CGCTATCTCAGGCCCA,0,0,0
EOC4_PBMC_cell_CGGACACGTGTCGCTG,0,0,0
EOC4_PBMC_cell_GAACATCTCCAGAGGA,0,0,0
EOC4_PBMC_cell_TGAGCATCACCACGTG,0,0,0
EOC4_PBMC_cell_TGATTTCTCCACGCAG,0,0,0
EOC4_PBMC_cell_TCTTCGGGTTTACTCT,0,0,0
EOC4_PBMC_cell_GTATCTTTCCTCTAGC,0,0,0
EOC4_PBMC_cell_ATCCGAACATCCGCGA,0,0,0
EOC4_PBMC_cell_TCTCATACATTACGAC,0,0,0
EOC4_PBMC_cell_TGGCTGGTCCAAACTG,0,0,0
EOC4_PBMC_cell_TTTGGTTCAGCTGCAC,0,0,0
EOC4_PBMC_cell_GCGACCATCCACGTGG,0,0,0
EOC4_PBMC_cell_ACGGCCACAAGTCTAC,0,0,0
EOC4_PBMC_cell_ACCAGTAAGTTTGCGT,0,0,0
EOC4_PBMC_cell_GGACAGACAGGACGTA,0,0,0
EOC4_PBMC_cell_CGGACTGTCTTAGAGC,0,0,0
EOC4_PBMC_cell_TTGTAGGCACCCTATC,0,0,0
EOC4_PBMC_cell_GCTTCCAAGGGCACTA,0,0,0
EOC4_PBMC_cell_CGGGTCATCACGCGGT,0,0,0
EOC4_PBMC_cell_CTCTAATCAGCTTCGG,0,0,0
EOC4_PBMC_cell_CGTTCTGCAGCGTCCA,0,0,0
EOC4_PBMC_cell_GCTGGGTAGTGATCGG,0,0,0
EOC4_PBMC_cell_CGGACGTTCCGCGCAA,0,0,0
EOC4_PBMC_cell_CGCGTTTGTGAGGGAG,0,0,0
EOC4_PBMC_cell_TTGGAACCATTTGCCC,0,0,0
EOC4_PBMC_cell_TTGACTTCACAACTGT,0,0,0
EOC4_PBMC_cell_CCTTACGAGAAGGACA,0,0,0
EOC4_PBMC_cell_GCCTCTATCTATGTGG,0,0,0
EOC4_PBMC_cell_AGTCTTTGTAAGGGAA,0,0,0
EOC4_PBMC_cell_AACCGCGTCCACGACG,0,0,0
EOC4_PBMC_cell_CCTTACGGTCCGTCAG,0,0,0
EOC4_PBMC_cell_ACATCAGCACAGTCGC,0,0,0
EOC4_PBMC_cell_CGGTTAACAATCCGAT,0,0,0
EOC4_PBMC_cell_GTATTCTAGTGGTAAT,0,0,0
EOC4_PBMC_cell_TTGCCGTCAATCGAAA,0,0,0
EOC4_PBMC_cell_AGCATACAGCAGCCTC,0,0,0
EOC4_PBMC_cell_GCACATATCGCGGATC,0,0,0
EOC4_PBMC_cell_CGGACGTCAGGGTACA,0,0,0
EOC4_PBMC_cell_CTTAACTTCCATGAGT,0,0,0
EOC4_PBMC_cell_TTGGAACAGTTCGCAT,0,0,0
EOC4_PBMC_cell_TACTTGTTCTAGAGTC,0,0,0
EOC4_PBMC_cell_AAAGATGGTGGACGAT,0,0,0
EOC4_PBMC_cell_CTAATGGTCCGAAGAG,0,0,0
EOC4_PBMC_cell_TGCCCTATCGACCAGC,0,0,0
EOC4_PBMC_cell_TTTGGTTGTTAGATGA,0,0,0
EOC4_PBMC_cell_CCCTCCTGTTCAGGCC,0,0,0
EOC4_PBMC_cell_GGCTCGAGTGCGAAAC,0,0,0
EOC4_PBMC_cell_TGCTACCAGATAGCAT,0,0,0
EOC4_PBMC_cell_TGTGTTTCAATGTTGC,0,0,0
EOC4_PBMC_cell_AGTGTCAGTCTCCACT,0,0,0
EOC4_PBMC_cell_ACGGGCTAGAGGTTGC,0,0,0
EOC4_PBMC_cell_GGACATTGTTTAAGCC,0,0,0
EOC4_PBMC_cell_GTGAAGGCAAGCGAGT,0,0,0
EOC4_PBMC_cell_CGACCTTGTCGCTTTC,0,0,0
EOC4_PBMC_cell_GTCACAAAGAGCAATT,0,0,0
EOC4_PBMC_cell_CTCCTAGGTTTGTGTG,0,0,0
EOC4_PBMC_cell_GCATGTAGTCCTCTTG,0,0,0
EOC4_PBMC_cell_AACGTTGCAAGCCGCT,0,0,0
EOC4_PBMC_cell_GTTTCTACATCGACGC,0,0,0
EOC4_PBMC_cell_GAAGCAGTCGGTCCGA,0,0,0
EOC4_PBMC_cell_CCACTACAGAAGGGTA,0,0,0
EOC4_PBMC_cell_GTGCGGTAGCTTCGCG,0,0,0
EOC4_PBMC_cell_ATTGGACTCGGCTTGG,0,0,0
EOC4_PBMC_cell_CCTTCCCAGATGTCGG,0,0,0
EOC4_PBMC_cell_GGATGTTGTTCCCTTG,0,0,0
EOC4_PBMC_cell_CTCGGAGGTCTCTTAT,0,0,0
EOC4_PBMC_cell_CTAACTTCAGTGAGTG,0,0,0
EOC4_PBMC_cell_TACGGTATCAGTACGT,0,0,0
EOC4_PBMC_cell_TACTCATTCCGTACAA,0,0,0
EOC4_PBMC_cell_TAAGCGTTCTCTTGAT,0,0,0
EOC4_PBMC_cell_GTTCTCGTCTGAAAGA,0,0,0
EOC4_PBMC_cell_TTTGCGCAGGTTACCT,0,0,0
EOC4_PBMC_cell_CTAACTTCAGCCACCA,0,0,0
EOC4_PBMC_cell_AAGGCAGCACGAAACG,0,0,0
EOC4_PBMC_cell_ACGAGGAGTTGTCGCG,0,0,0
EOC4_PBMC_cell_TGACAACCACAGGCCT,0,0,0
EOC4_PBMC_cell_GTCATTTGTAGGGACT,0,0,0
EOC4_PBMC_cell_AGTGAGGGTTGAACTC,0,0,0
EOC4_PBMC_cell_CTGCTGTGTTGTTTGG,0,0,0
EOC4_PBMC_cell_ACGATGTGTGGACGAT,0,0,0
EOC4_PBMC_cell_CAGCAGCTCTGATACG,0,0,0
EOC4_PBMC_cell_TTCTCAAAGTAAGTAC,0,0,0
EOC4_PBMC_cell_CCTTCCCTCATTCACT,0,0,0
EOC4_PBMC_cell_CACCTTGCAGCGATCC,0,0,0
EOC4_PBMC_cell_GTGCAGCAGGTAAACT,0,0,0
EOC4_PBMC_cell_GATCGCGCATCACGAT,0,0,0
EOC4_PBMC_cell_TGAGCATGTAACGACG,0,0,0
EOC4_PBMC_cell_ATCTACTTCGCGTAGC,0,0,0
EOC4_PBMC_cell_CAACCTCGTTTGGGCC,0,0,0
EOC4_PBMC_cell_TCTGGAATCACCATAG,0,0,0
EOC4_PBMC_cell_AGTGTCATCCCAAGTA,0,0,0
EOC4_PBMC_cell_GGAAAGCGTCTTTCAT,0,0,0
EOC4_PBMC_cell_GCACTCTTCACTTCAT,0,0,0
EOC4_PBMC_cell_CCATGTCGTGGTGTAG,0,0,0
EOC4_PBMC_cell_ACGAGGATCGTGGACC,0,0,0
EOC4_PBMC_cell_AACGTTGAGGCTAGAC,0,0,0
EOC4_PBMC_cell_TTCTCCTCAAGTCATC,0,0,0
EOC4_PBMC_cell_TGCCAAACACAGCGTC,0,0,0
EOC4_PBMC_cell_GAGGTGATCCTGTAGA,0,0,0
EOC4_PBMC_cell_CCGTACTCACCTTGTC,0,0,0
EOC4_PBMC_cell_CTCGAGGGTATTCTCT,0,0,0
EOC4_PBMC_cell_TCAGGATAGCGTGAAC,0,0,0
EOC4_PBMC_cell_CGAATGTAGCAGCCTC,0,0,0
EOC4_PBMC_cell_GGCAATTAGGATGCGT,0,0,0
EOC4_PBMC_cell_TTGACTTTCCTCCTAG,0,0,0
EOC4_PBMC_cell_CGTGTAACACAACTGT,0,0,0
EOC4_PBMC_cell_GCAGCCACAAGGCTCC,0,0,0
EOC4_PBMC_cell_ACACCGGAGCTCCTCT,0,0,0
EOC4_PBMC_cell_CTCGGAGCAACAACCT,0,0,0
EOC4_PBMC_cell_AAAGATGCATGGAATA,0,0,0
EOC4_PBMC_cell_AGTGGGAGTCGAACAG,0,0,0
EOC4_PBMC_cell_GACCAATAGGGTGTGT,0,0,0
EOC4_PBMC_cell_GGAACTTGTGACCAAG,0,0,0
EOC4_PBMC_cell_AGAGCGAAGTCAATAG,0,0,0
EOC4_PBMC_cell_AATCCAGAGTGACTCT,0,0,0
EOC4_PBMC_cell_GAACATCAGTGGGTTG,0,0,0
EOC4_PBMC_cell_TACTCGCTCAAAGTAG,0,0,0
EOC4_PBMC_cell_ACCAGTAAGTGCTGCC,0,0,0
EOC4_PBMC_cell_TATGCCCTCTACGAGT,0,0,0
EOC4_PBMC_cell_ATCCACCCAGGTGGAT,0,0,0
EOC4_PBMC_cell_ATCATCTAGTACGTTC,0,0,0
EOC4_PBMC_cell_CTTACCGAGCGTAATA,0,0,0
EOC4_PBMC_cell_ATCTACTAGTATCTCG,0,0,0
EOC4_PBMC_cell_TGAGGGATCATGGTCA,0,0,0
EOC4_PBMC_cell_ATTTCTGCAGGACGTA,0,0,0
EOC4_PBMC_cell_CACATTTCATGGTCAT,0,0,0
EOC4_PBMC_cell_CGAGCACTCTAGCACA,0,0,0
EOC4_PBMC_cell_CCACCTAAGGCTAGAC,0,0,0
EOC4_PBMC_cell_ACCGTAAAGCGGATCA,0,0,0
EOC4_PBMC_cell_CCGGGATTCTTGCAAG,0,0,0
EOC4_PBMC_cell_TGAGCATGTCATATCG,0,0,0
EOC4_PBMC_cell_TTAACTCTCAAAGTAG,0,0,0
EOC4_PBMC_cell_AGTAGTCTCACGACTA,0,0,0
EOC4_PBMC_cell_GCGCAACGTTGGACCC,0,0,0
EOC4_PBMC_cell_CTACACCAGGATGGTC,0,0,0
EOC4_PBMC_cell_AACGTTGTCGTCCAGG,0,0,0
EOC4_PBMC_cell_CAGTCCTGTATAATGG,0,0,0
EOC4_PBMC_cell_AGAATAGAGAGATGAG,0,0,0
EOC4_PBMC_cell_CGGACGTGTAGGGTAC,0,0,0
EOC4_PBMC_cell_AGGCCACCATTTCAGG,0,0,0
EOC4_PBMC_cell_TAGTTGGGTTTGACAC,0,0,0
EOC4_PBMC_cell_GGGAATGAGACTAGGC,0,0,0
EOC4_PBMC_cell_CGATGTAGTAGCGTGA,0,0,0
EOC4_PBMC_cell_CCTTCCCGTGTGACCC,0,0,0
EOC4_PBMC_cell_AATCGGTGTGTTAAGA,0,0,0
EOC4_PBMC_cell_GACCTGGTCCTGCCAT,0,0,0
EOC4_PBMC_cell_CCACTACAGATGCGAC,0,0,0
EOC4_PBMC_cell_CGAGAAGCAGAGCCAA,0,0,0
EOC4_PBMC_cell_GTAACTGGTCCGAATT,0,0,0
EOC4_PBMC_cell_GCGGGTTGTGCACTTA,0,0,0
EOC4_PBMC_cell_CTTACCGGTACCGTAT,0,0,0
EOC4_PBMC_cell_GTGCTTCCACGTCTCT,0,0,0
EOC4_PBMC_cell_TCTTCGGTCCGTAGGC,0,0,0
EOC4_PBMC_cell_CTAGTGAGTACCGTAT,0,0,0
EOC4_PBMC_cell_GCGGGTTGTTTGACAC,0,0,0
EOC4_PBMC_cell_GGAAAGCCAGTTCATG,0,0,0
EOC4_PBMC_cell_TGCACCTTCATGGTCA,0,0,0
EOC4_PBMC_cell_AGCTTGATCTGTCTCG,0,0,0
EOC4_PBMC_cell_CCAGCGAAGACTGTAA,0,0,0
EOC4_PBMC_cell_AGTGAGGAGTAGCGGT,0,0,0
EOC4_PBMC_cell_ACTTACTTCTGCTGCT,0,0,0
EOC4_PBMC_cell_TTTGTCAAGCAACGGT,0,0,0
EOC4_PBMC_cell_TGTCCCAAGGAGCGTT,0,0,0
EOC4_PBMC_cell_TATCTCATCATAACCG,0,0,0
EOC4_PBMC_cell_AGTGTCAGTACCGTAT,0,0,0
EOC4_PBMC_cell_ACGTCAAAGCGAGAAA,0,0,0
EOC4_PBMC_cell_ATGGGAGGTACCATCA,0,0,0
EOC4_PBMC_cell_TTCGGTCAGAGTAATC,0,0,0
EOC4_PBMC_cell_TTCGAAGTCTTGTCAT,0,0,0
EOC4_PBMC_cell_ACGAGGAAGACAGAGA,0,0,0
EOC4_PBMC_cell_TACCTATAGATATACG,0,0,0
EOC4_PBMC_cell_ACTGAACAGACAAAGG,0,0,0
EOC4_PBMC_cell_GGTGTTACAGTGGGAT,0,0,0
EOC4_PBMC_cell_CAGCGACCAATCCAAC,0,0,0
EOC4_PBMC_cell_CTAGTGAAGCTCCTTC,0,0,0
EOC4_PBMC_cell_CCACCTAGTGTTCTTT,0,0,0
EOC4_PBMC_cell_ATTATCCGTCTGATCA,0,0,0
EOC4_PBMC_cell_GATCGATCAGGATCGA,0,0,0
EOC4_PBMC_cell_CAGAGAGCATGGAATA,0,0,0
EOC4_PBMC_cell_TAAGTGCTCCTCTAGC,0,0,0
EOC4_PBMC_cell_TGCGCAGTCTCGGACG,0,0,0
EOC4_PBMC_cell_TCGTAGAGTAAACACA,0,0,0
EOC4_PBMC_cell_TCGGGACTCGCCCTTA,0,0,0
EOC4_PBMC_cell_CGACTTCGTCTCTTAT,0,0,0
EOC4_PBMC_cell_ACATGGTTCTGCCAGG,0,0,0
EOC4_PBMC_cell_GTGTGCGAGAATTCCC,0,0,0
EOC4_PBMC_cell_CCTACACTCAGGTTCA,0,0,0
EOC4_PBMC_cell_AGAATAGCATGCCCGA,0,0,0
EOC4_PBMC_cell_GGGACCTGTGTGGTTT,0,0,0
EOC4_PBMC_cell_CTAACTTTCACCTTAT,0,0,0
EOC4_PBMC_cell_AGATCTGCATGGTAGG,0,0,0
EOC4_PBMC_cell_AGATTGCTCTTGCATT,0,0,0
EOC4_PBMC_cell_GCTCTGTGTTAAAGTG,0,0,0
EOC4_PBMC_cell_CCTTTCTAGAGCTTCT,0,0,0
EOC4_PBMC_cell_CAGAGAGGTGGTGTAG,0,0,0
EOC4_PBMC_cell_CGTCACTCATGCTAGT,0,0,0
EOC4_PBMC_cell_GATTCAGTCGAGAGCA,0,0,0
EOC4_PBMC_cell_TAGTTGGCAGTCAGCC,0,0,0
EOC4_PBMC_cell_CCCAGTTCATCACCCT,0,0,0
EOC4_PBMC_cell_TGCGTGGAGCCGGTAA,0,0,0
EOC4_PBMC_cell_ATGAGGGCACTTAACG,0,0,0
EOC4_PBMC_cell_TTTACTGAGGACTGGT,0,0,0
EOC4_PBMC_cell_CAACCTCTCTGGCGTG,0,0,0
EOC4_PBMC_cell_CAAGATCTCCAATGGT,0,0,0
EOC4_PBMC_cell_TAGTGGTGTCATCCCT,0,0,0
EOC4_PBMC_cell_GAACCTAAGGACAGAA,0,0,0
EOC4_PBMC_cell_ATAACGCCAACTGCGC,0,0,0
EOC4_PBMC_cell_CAGTCCTAGTCTCGGC,0,0,0
EOC4_PBMC_cell_GTACTTTAGCTCCCAG,0,0,0
EOC4_PBMC_cell_ACACCAAAGTAGGCCA,0,0,0
EOC4_PBMC_cell_TCAGATGTCACTCTTA,0,0,0
EOC4_PBMC_cell_GGGTCTGTCAACACCA,0,0,0
EOC4_PBMC_cell_GCGCGATGTCTCTTTA,0,0,0
EOC4_PBMC_cell_CTCAGAAGTGCCTTGG,0,0,0
EOC4_PBMC_cell_CAACCTCTCTATCCTA,0,0,0
EOC4_PBMC_cell_GGAGCAAGTAAGTGGC,0,0,0
EOC4_PBMC_cell_GGATGTTAGTCAAGGC,0,0,0
EOC4_PBMC_cell_CGAACATCACGTGAGA,0,0,0
EOC4_PBMC_cell_AGGCCGTTCCAGTAGT,0,0,0
EOC4_PBMC_cell_CTGAAACTCCAGAAGG,0,0,0
EOC4_PBMC_cell_ACTGAACCAATAACGA,0,0,0
EOC4_PBMC_cell_CACCTTGCAGGTGCCT,0,0,0
EOC4_PBMC_cell_ACCAGTAGTATGGTTC,0,0,0
EOC4_PBMC_cell_CGTCCATGTCGTGGCT,0,0,0
EOC4_PBMC_cell_ATGTGTGAGGACAGAA,0,0,0
EOC4_PBMC_cell_AGGGATGCAAACCTAC,0,0,0
EOC4_PBMC_cell_CAGCTAAAGTGCGATG,0,0,0
EOC4_PBMC_cell_TTAGTTCTCCGCGTTT,0,0,0
EOC4_PBMC_cell_TGACTAGGTCATATGC,0,0,0
EOC4_PBMC_cell_TAGTTGGAGTAGGTGC,0,0,0
EOC4_PBMC_cell_ACGAGCCCAAGCGATG,0,0,0
EOC4_PBMC_cell_GTATCTTCAATGGAGC,0,0,0
EOC4_PBMC_cell_GTCAAGTAGTGTTAGA,0,0,0
EOC4_PBMC_cell_GCGCCAACAAGTTAAG,0,0,0
EOC4_PBMC_cell_CGGAGTCCAGTAACGG,0,0,0
EOC4_PBMC_cell_GGGCATCCAGGCTCAC,0,0,0
EOC4_PBMC_cell_CGTGTCTAGCTACCTA,0,0,0
EOC4_PBMC_cell_CACAAACTCAGGTTCA,0,0,0
EOC4_PBMC_cell_CATGACACAACTGCTA,0,0,0
EOC4_PBMC_cell_GACTAACGTAGCGTCC,0,0,0
EOC4_PBMC_cell_TTGTAGGCACAGAGGT,0,0,0
EOC4_PBMC_cell_GACTAACCATACCATG,0,0,0
EOC4_PBMC_cell_ACAGCCGGTGTGGCTC,0,0,0
EOC4_PBMC_cell_CGATCGGAGTGGAGTC,0,0,0
EOC4_PBMC_cell_AAGTCTGAGCGCTCCA,0,0,0
EOC4_PBMC_cell_CTGTGCTGTCTAGTCA,0,0,0
EOC4_PBMC_cell_GATCGATCAATAGCGG,0,0,0
EOC4_PBMC_cell_TTCTTAGGTTGTGGAG,0,0,0
EOC4_PBMC_cell_TACACGACAGCCTTGG,0,0,0
EOC4_PBMC_cell_ACACCCTCATCCTTGC,0,0,0
EOC4_PBMC_cell_AGCTTGATCGCGATCG,0,0,0
EOC4_PBMC_cell_AGTGGGAAGAAGCCCA,0,0,0
EOC4_PBMC_cell_CTAGCCTAGATGTAAC,0,0,0
EOC4_PBMC_cell_GTTCGGGTCGTAGGTT,0,0,0
EOC4_PBMC_cell_CTTGGCTCAGACGTAG,0,0,0
EOC4_PBMC_cell_GAATGAACAGGGCATA,0,0,0
EOC4_PBMC_cell_TTTGTCACATCCTAGA,0,0,0
EOC4_PBMC_cell_AAGGCAGAGAGGTACC,0,0,0
EOC4_PBMC_cell_TTCGGTCGTATGCTTG,0,0,0
EOC4_PBMC_cell_CCGTACTCAACAACCT,0,0,0
EOC4_PBMC_cell_AACGTTGGTTACAGAA,0,0,0
EOC4_PBMC_cell_CTTTGCGCATTATCTC,0,0,0
EOC4_PBMC_cell_GTGCATAAGTACATGA,0,0,0
EOC4_PBMC_cell_GTCACAATCAAAGACA,0,0,0
EOC4_PBMC_cell_GAACATCGTAGCAAAT,0,0,0
EOC4_PBMC_cell_ACGATACTCGCCATAA,0,0,0
EOC4_PBMC_cell_GCATACACACTGTTAG,0,0,0
EOC4_PBMC_cell_AGAGCGACAAACTGCT,0,0,0
EOC4_PBMC_cell_CAACCAAAGGCCGAAT,0,0,0
EOC4_PBMC_cell_GTGCAGCGTTGGTTTG,0,0,0
EOC4_PBMC_cell_AGCATACGTCACCCAG,0,0,0
EOC4_PBMC_cell_CTGAAGTGTCTCTCTG,0,0,0
EOC4_PBMC_cell_CACTCCAGTAGAAGGA,0,0,0
EOC4_PBMC_cell_GGGACCTAGTGTTGAA,0,0,0
EOC4_PBMC_cell_ATCATCTTCACAGTAC,0,0,0
EOC4_PBMC_cell_AAAGCAACACGGCCAT,0,0,0
EOC4_PBMC_cell_CCGTTCAAGTTCGCAT,0,0,0
EOC4_PBMC_cell_AAATGCCAGGCACATG,0,0,0
EOC4_PBMC_cell_CTGTTTAGTCAGTGGA,0,0,0
EOC4_PBMC_cell_CATCGGGGTCTAGAGG,0,0,0
EOC4_PBMC_cell_CACCACTGTCAGGACA,0,0,0
EOC4_PBMC_cell_CAACCTCAGAAGATTC,0,0,0
EOC4_PBMC_cell_GATGAAAGTGACGGTA,0,0,0
EOC4_PBMC_cell_CGCTATCTCAGTTCGA,0,0,0
EOC4_PBMC_cell_CTGAAGTTCTCTGTCG,0,0,0
EOC4_PBMC_cell_CTCCTAGCAAGTAGTA,0,0,0
EOC4_PBMC_cell_CGTCACTCACCAACCG,0,0,0
EOC4_PBMC_cell_CGTAGCGTCATATCGG,0,0,0
EOC4_PBMC_cell_TTTGCGCGTCACACGC,0,0,0
EOC4_PBMC_cell_GTGTTAGAGCTAAGAT,0,0,0
EOC4_PBMC_cell_TTTCCTCCACCGATAT,0,0,0
EOC4_PBMC_cell_GACGTTAGTAAACCTC,0,0,0
EOC4_PBMC_cell_TGAGCCGTCTGCCCTA,0,0,0
EOC4_PBMC_cell_CTAGAGTTCCTAGAAC,0,0,0
EOC4_PBMC_cell_GTCTCGTAGCCGGTAA,0,0,0
EOC4_PBMC_cell_CCTTCCCAGCCAGTTT,0,0,0
EOC4_PBMC_cell_TTGCCGTCACCCATGG,0,0,0
EOC4_PBMC_cell_GGATGTTAGTGGGCTA,0,0,0
EOC4_PBMC_cell_ACGCAGCCACCATGTA,0,0,0
EOC4_PBMC_cell_ACTGATGAGACCTAGG,0,0,0
EOC4_PBMC_cell_CTACACCGTTATGTGC,0,0,0
EOC4_PBMC_cell_ACGCCGAGTCATATCG,0,0,0
EOC4_PBMC_cell_GCGCGATGTCATATCG,0,0,0
EOC4_PBMC_cell_AAGGTTCCAAGTTAAG,0,0,0
EOC4_PBMC_cell_TAAGAGATCATGTCCC,0,0,0
EOC4_PBMC_cell_TTGGAACAGTGCTGCC,0,0,0
EOC4_PBMC_cell_CAACCTCCATGGGAAC,0,0,0
EOC4_PBMC_cell_GGACAAGTCGGTGTCG,0,0,0
EOC4_PBMC_cell_GCGCAACTCAAACCAC,0,0,0
EOC4_PBMC_cell_CACACAATCACCTCGT,0,0,0
EOC4_PBMC_cell_TAAGTGCTCATTGCCC,0,0,0
EOC4_PBMC_cell_CTAATGGTCAACACAC,0,0,0
EOC4_PBMC_cell_TGCGCAGGTCTCCCTA,0,0,0
EOC4_PBMC_cell_GCACATACATCCTAGA,0,0,0
EOC4_PBMC_cell_GACTAACCAAGCCGTC,0,0,0
EOC4_PBMC_cell_GTCAAGTTCCGTCAAA,0,0,0
EOC4_PBMC_cell_CTGATCCGTCGATTGT,0,0,0
EOC4_PBMC_cell_TAGCCGGAGGCTATCT,0,0,0
EOC4_PBMC_cell_ATCATCTCAACTGCGC,0,0,0
EOC4_PBMC_cell_CTACCCAGTGTGTGCC,0,0,0
EOC4_PBMC_cell_CAAGTTGTCCTAGGGC,0,0,0
EOC4_PBMC_cell_TTGCGTCGTCCATCCT,0,0,0
EOC4_PBMC_cell_TAGCCGGTCGACGGAA,0,0,0
EOC4_PBMC_cell_TATGCCCAGCCAACAG,0,0,0
EOC4_PBMC_cell_TCGAGGCCATTGCGGC,0,0,0
EOC4_PBMC_cell_TTGGCAAGTCATGCAT,0,0,0
EOC4_PBMC_cell_ACACCGGGTCTCAACA,0,0,0
EOC4_PBMC_cell_GACACGCCATAGTAAG,0,0,0
EOC4_PBMC_cell_AAACCTGAGTGGACGT,0,0,0
EOC4_PBMC_cell_TTAACTCCACCGAATT,0,0,0
EOC4_PBMC_cell_CGGACGTTCTTGACGA,0,0,0
EOC4_PBMC_cell_TACGGTATCAACCAAC,0,0,0
EOC4_PBMC_cell_GGGTCTGTCTGGTGTA,0,0,0
EOC4_PBMC_cell_TGAGGGAGTTACCAGT,0,0,0
EOC4_PBMC_cell_TTTACTGTCTTAACCT,0,0,0
EOC4_PBMC_cell_TGAGGGAGTAACGACG,0,0,0
EOC4_PBMC_cell_AGTGTCAGTGCGGTAA,0,0,0
EOC4_PBMC_cell_ATAACGCCAAATTGCC,0,0,0
EOC4_PBMC_cell_TTGAACGAGTTCGATC,0,0,0
EOC4_PBMC_cell_CGACCTTTCATCGGAT,0,0,0
EOC4_PBMC_cell_GGGAGATCACCAGCAC,0,0,0
EOC4_PBMC_cell_TCATTACGTCCGCTGA,0,0,0
EOC4_PBMC_cell_CTCACACAGTCGTACT,0,0,0
EOC4_PBMC_cell_CGGACACGTGGTCTCG,0,0,0
EOC4_PBMC_cell_ACGCAGCTCACCACCT,0,0,0
EOC4_PBMC_cell_CTCGGGATCCGAGCCA,0,0,0
EOC4_PBMC_cell_TGGGCGTGTGCGCTTG,0,0,0
EOC4_PBMC_cell_ATCATGGGTGACGCCT,0,0,0
EOC4_PBMC_cell_CTCGAGGTCTCAAGTG,0,0,0
EOC4_PBMC_cell_TGTCCCACATGTAGTC,0,0,0
EOC4_PBMC_cell_CATTATCCACGCATCG,0,0,0
EOC4_PBMC_cell_TGCGTGGCAGCTCGCA,0,0,0
EOC4_PBMC_cell_CGATGGCCAATTGCTG,0,0,0
EOC4_PBMC_cell_GCAGTTATCCAAATGC,0,0,0
EOC4_PBMC_cell_CAACCTCGTAGCACGA,0,0,0
EOC4_PBMC_cell_CTCGGAGTCTATGTGG,0,0,0
EOC4_PBMC_cell_CTGTGCTAGCTCCTTC,0,0,0
EOC4_PBMC_cell_CGCGGTAAGGACGAAA,0,0,0
EOC4_PBMC_cell_TACCTTAAGATGTCGG,0,0,0
EOC4_PBMC_cell_TGGTTCCTCTCCGGTT,0,0,0
EOC4_PBMC_cell_TCAACGAAGTTATCGC,0,0,0
EOC4_PBMC_cell_AAGTCTGCATCACCCT,0,0,0
EOC4_PBMC_cell_GTTAAGCTCTGTCCGT,0,0,0
EOC4_PBMC_cell_TGAGCCGCATGAACCT,0,0,0
EOC4_PBMC_cell_CGGACACAGTATGACA,0,0,0
EOC4_PBMC_cell_ACTTACTCACGACGAA,0,0,0
EOC4_PBMC_cell_GACGCGTCATACAGCT,0,0,0
EOC4_PBMC_cell_AGAGTGGGTTCTCATT,0,0,0
EOC4_PBMC_cell_TAAGAGAGTCCGCTGA,0,0,0
EOC4_PBMC_cell_TAAACCGTCTGAGGGA,0,0,0
EOC4_PBMC_cell_CGGACGTTCGGCCGAT,0,0,0
EOC4_PBMC_cell_AGGCCGTCACAGACTT,0,0,0
EOC4_PBMC_cell_CTTTGCGGTGGTGTAG,0,0,0
EOC4_PBMC_cell_TACCTTATCAGCTGGC,0,0,0
EOC4_PBMC_cell_CTCATTAGTTCAGTAC,0,0,0
EOC4_PBMC_cell_CTGTGCTCAGTGGGAT,0,0,0
EOC4_PBMC_cell_CCCAATCGTCTGATCA,0,0,0
EOC4_PBMC_cell_GGCGTGTCATCACGAT,0,0,0
EOC4_PBMC_cell_TGCGCAGTCGGAGCAA,0,0,0
EOC4_PBMC_cell_TTCTACACAAGTTCTG,0,0,0
EOC4_PBMC_cell_AAATGCCGTCAAAGAT,0,0,0
EOC4_PBMC_cell_CCTATTATCGCATGAT,0,0,0
EOC4_PBMC_cell_TGGCGCACAAGCTGGA,0,0,0
EOC4_PBMC_cell_ATGAGGGAGTCATCCA,0,0,0
EOC4_PBMC_cell_CGGCTAGTCCCTTGTG,0,0,0
EOC4_PBMC_cell_CGAACATGTCTCTTAT,0,0,0
EOC4_PBMC_cell_ACCGTAAAGGATCGCA,0,0,0
EOC4_PBMC_cell_CGGTTAAAGTGTCTCA,0,0,0
EOC4_PBMC_cell_CGGACGTGTGCGATAG,0,0,0
EOC4_PBMC_cell_TTGACTTTCTGTTGAG,0,0,0
EOC4_PBMC_cell_ACACCCTAGTAATCCC,0,0,0
EOC4_PBMC_cell_CAGTCCTAGAGTCTGG,0,0,0
EOC4_PBMC_cell_TAAACCGTCCTCCTAG,0,0,0
EOC4_PBMC_cell_ATGGGAGTCAAGCCTA,0,0,0
EOC4_PBMC_cell_GTCGTAACAAAGTCAA,0,0,0
EOC4_PBMC_cell_ACCAGTATCAAACGGG,0,0,0
EOC4_PBMC_cell_ACGGCCACACCAGGTC,0,0,0
EOC4_PBMC_cell_CTAGTGACAAGGACAC,0,0,0
EOC4_PBMC_cell_ACTGAGTTCCAATGGT,0,0,0
EOC4_PBMC_cell_CACAGGCAGGGATCTG,0,0,0
EOC4_PBMC_cell_GACTAACCACAGCCCA,0,0,0
EOC4_PBMC_cell_CCATTCGAGAGTTGGC,0,0,0
EOC4_PBMC_cell_CGTGTAAAGATGAGAG,0,0,0
EOC4_PBMC_cell_CTTGGCTGTTGTCTTT,0,0,0
EOC4_PBMC_cell_AAGGCAGTCTCCTATA,0,0,0
EOC4_PBMC_cell_GCAGCCATCCCTTGCA,0,0,0
EOC4_PBMC_cell_TGACGGCAGGAGCGTT,0,0,0
EOC4_PBMC_cell_CTGAAGTGTGTCCTCT,0,0,0
EOC4_PBMC_cell_AAGGTTCGTCTCCCTA,0,0,0
EOC4_PBMC_cell_CAGCGACGTTTAGGAA,0,0,0
EOC4_PBMC_cell_CGCTATCAGTGGGTTG,0,0,0
EOC4_PBMC_cell_CAGCCGACAAGTTGTC,0,0,0
EOC4_PBMC_cell_TTAGTTCCAGCTATTG,0,0,0
EOC4_PBMC_cell_CTCGGAGCATGGTAGG,0,0,0
EOC4_PBMC_cell_TGCGGGTGTCTGATTG,0,0,0
EOC4_PBMC_cell_TGACTTTTCAGAAATG,0,0,0
EOC4_PBMC_cell_CAGAGAGAGTACATGA,0,0,0
EOC4_PBMC_cell_TCATTACCAATTCCTT,0,0,0
EOC4_PBMC_cell_GCTGGGTTCTCGGACG,0,0,0
EOC4_PBMC_cell_AAACGGGGTCGACTGC,0,0,0
EOC4_PBMC_cell_TAAGAGACAATTCCTT,0,0,0
EOC4_PBMC_cell_GTATCTTGTTGAGTTC,0,0,0
EOC4_PBMC_cell_CTCGTCACACCGTTGG,0,0,0
EOC4_PBMC_cell_GCTTGAAGTTGTGGCC,0,0,0
EOC4_PBMC_cell_ATAACGCAGATGTCGG,0,0,0
EOC4_PBMC_cell_CATCGAATCAGTACGT,0,0,0
EOC4_PBMC_cell_CTCGAAAGTTTGACTG,0,0,0
EOC4_PBMC_cell_GTCCTCACATCGGAAG,0,0,0
EOC4_PBMC_cell_CAAGTTGCACGCTTTC,0,0,0
EOC4_PBMC_cell_ATTTCTGTCCGCAGTG,0,0,0
EOC4_PBMC_cell_CCATTCGTCTTTACGT,0,0,0
EOC4_PBMC_cell_TCATTTGCATCGATTG,0,0,0
EOC4_PBMC_cell_AATCCAGCAGACGCCT,0,0,0
EOC4_PBMC_cell_CCTAAAGTCTTTAGTC,0,0,0
EOC4_PBMC_cell_GTCCTCACACCCATGG,0,0,0
EOC4_PBMC_cell_CCTTTCTAGACGACGT,0,0,0
EOC4_PBMC_cell_GCAGTTACATGAGCGA,0,0,0
EOC4_PBMC_cell_GTGCAGCAGCACACAG,0,0,0
EOC4_PBMC_cell_TCAACGAGTCCGCTGA,0,0,0
EOC4_PBMC_cell_GTAGGCCGTTAGGGTG,0,0,0
EOC4_PBMC_cell_AGCGTCGCACAGATTC,0,0,0
EOC4_PBMC_cell_TTGCGTCAGATGTCGG,0,0,0
EOC4_PBMC_cell_TGGTTAGGTTTGTGTG,0,0,0
EOC4_PBMC_cell_AAGACCTGTCACACGC,0,0,0
EOC4_PBMC_cell_GGCTCGAAGTGCGTGA,0,0,0
EOC4_PBMC_cell_CATGGCGAGTCGTTTG,0,0,0
EOC4_PBMC_cell_CGGACACAGCGAGAAA,0,0,0
EOC4_PBMC_cell_GTTCGGGTCCATTCTA,0,0,0
EOC4_PBMC_cell_AGCATACAGAAGCCCA,0,0,0
EOC4_PBMC_cell_CAGCAGCAGACAGAGA,0,0,0
EOC4_PBMC_cell_GGCAATTCACGTCTCT,0,0,0
EOC4_PBMC_cell_GAATGAATCCCTTGCA,0,0,0
EOC4_PBMC_cell_TTGACTTGTAGTGAAT,0,0,0
EOC4_PBMC_cell_TTCGAAGGTGTGGCTC,0,0,0
EOC4_PBMC_cell_TCACAAGTCTGGTATG,0,0,0
EOC4_PBMC_cell_CCTACACTCCGCGTTT,0,0,0
EOC4_PBMC_cell_AAAGTAGGTTATTCTC,0,0,0
EOC4_PBMC_cell_AAGGCAGAGTGGTAGC,0,0,0
EOC4_PBMC_cell_TGCCCATCAGCTGTAT,0,0,0
EOC4_PBMC_cell_GACGGCTTCACATGCA,0,0,0
EOC4_PBMC_cell_ATCCACCGTCCGAAGA,0,0,0
EOC4_PBMC_cell_ATTGGTGTCTCTTGAT,0,0,0
EOC4_PBMC_cell_ATTGGTGTCTTTACGT,0,0,0
EOC4_PBMC_cell_CCCAGTTGTGTCTGAT,0,0,0
EOC4_PBMC_cell_GCAAACTTCCGAACGC,0,0,0
EOC4_PBMC_cell_TCATTACGTTGTTTGG,0,0,0
EOC4_PBMC_cell_ATCTGCCGTGGGTATG,0,0,0
EOC4_PBMC_cell_CTAACTTTCTTGTACT,0,0,0
EOC4_PBMC_cell_ATCTGCCGTCATTAGC,0,0,0
EOC4_PBMC_cell_GGCTGGTTCACCTTAT,0,0,0
EOC4_PBMC_cell_GTGCGGTCAGGGTACA,0,0,0
EOC4_PBMC_cell_TTGCGTCTCAGGTAAA,0,0,0
EOC4_PBMC_cell_AGTAGTCAGGTCGGAT,0,0,0
EOC4_PBMC_cell_AACTCTTGTTTGGGCC,0,0,0
EOC4_PBMC_cell_GATCGTACATAGGATA,0,0,0
EOC4_PBMC_cell_GAACATCCACAAGTAA,0,0,0
EOC4_PBMC_cell_GAACATCGTAAGAGAG,0,0,0
EOC4_PBMC_cell_GTGTGCGTCACTCTTA,0,0,0
EOC4_PBMC_cell_CTCGTACTCACCCGAG,0,0,0
EOC4_PBMC_cell_CCCTCCTCACCCTATC,0,0,0
EOC4_PBMC_cell_CCTTTCTAGATGCCTT,0,0,0
EOC4_PBMC_cell_CAAGGCCTCTCGAGTA,0,0,0
EOC4_PBMC_cell_ACGATACCAAAGGAAG,0,0,0
EOC4_PBMC_cell_GTGCAGCCAGCGATCC,0,0,0
EOC4_PBMC_cell_TCAGCTCTCGGAAATA,0,0,0
EOC4_PBMC_cell_AACACGTTCCGAACGC,0,0,0
EOC4_PBMC_cell_CGATCGGTCTGTCTAT,0,0,0
EOC4_PBMC_cell_GGCGTGTAGACTAAGT,0,0,0
EOC4_PBMC_cell_CGAGCACGTGTCGCTG,0,0,0
EOC4_PBMC_cell_TTTGGTTAGGCATGGT,0,0,0
EOC4_PBMC_cell_CTAACTTTCGCTAGCG,0,0,0
EOC4_PBMC_cell_TGGCGCAGTTAAGATG,0,0,0
EOC4_PBMC_cell_CAACCTCTCCTCGCAT,0,0,0
EOC4_PBMC_cell_TAAGCGTTCCGTAGTA,0,0,0
EOC4_PBMC_cell_AGCTCCTAGGCATTGG,0,0,0
EOC4_PBMC_cell_GTCATTTTCTTAGAGC,0,0,0
EOC4_PBMC_cell_GGTGAAGCAGACGCAA,0,0,0
EOC4_PBMC_cell_CCTTCGATCGGTTAAC,0,0,0
EOC4_PBMC_cell_ACCTTTAAGGCGTACA,0,0,0
EOC4_PBMC_cell_CTAGTGATCAGTTAGC,0,0,0
EOC4_PBMC_cell_CTACCCATCATTATCC,0,0,0
EOC4_PBMC_cell_CAAGATCCAATAAGCA,0,0,0
EOC4_PBMC_cell_CTTAGGAAGAATCTCC,0,0,0
EOC4_PBMC_cell_TGTCCCACACACAGAG,0,0,0
EOC4_PBMC_cell_AACACGTAGTTGCAGG,0,0,0
EOC4_PBMC_cell_CTTACCGCAATGTAAG,0,0,0
EOC4_PBMC_cell_CTCTAATGTCCGACGT,0,0,0
EOC4_PBMC_cell_GATCGTATCCGCAAGC,0,0,0
EOC4_PBMC_cell_GATGAAAGTAAGTGTA,0,0,0
EOC4_PBMC_cell_CGAGAAGCAGGTCTCG,0,0,0
EOC4_PBMC_cell_ACACCCTGTCTCTCGT,0,0,0
EOC4_PBMC_cell_TGCACCTTCGGCATCG,0,0,0
EOC4_PBMC_cell_GCGCAACCATACAGCT,0,0,0
EOC4_PBMC_cell_CGAGAAGTCTTCGAGA,0,0,0
EOC4_PBMC_cell_AGTAGTCTCGGCCGAT,0,0,0
EOC4_PBMC_cell_GTTACAGCAACCGCCA,0,0,0
EOC4_PBMC_cell_ACTATCTTCATGCAAC,0,0,0
EOC4_PBMC_cell_AGGCCACTCCTTGCCA,0,0,0
EOC4_PBMC_cell_AGCCTAACATACCATG,0,0,0
EOC4_PBMC_cell_TGGTTCCGTGCAGACA,0,0,0
EOC4_PBMC_cell_TATCTCAAGAAACCGC,0,0,0
EOC4_PBMC_cell_GTCAAGTGTCTGGAGA,0,0,0
EOC4_PBMC_cell_CTCGGGATCCGCATCT,0,0,0
EOC4_PBMC_cell_GTGAAGGCAATGAAAC,0,0,0
EOC4_PBMC_cell_CTGTTTAAGCTAGTGG,0,0,0
EOC4_PBMC_cell_AGCGTCGAGAAACCTA,0,0,0
EOC4_PBMC_cell_AGGGATGAGATGGCGT,0,0,0
EOC4_PBMC_cell_GTGTGCGCAAGGTTTC,0,0,0
EOC4_PBMC_cell_CTAATGGTCCAAACAC,0,0,0
EOC4_PBMC_cell_GACGGCTCAGGGTTAG,0,0,0
EOC4_PBMC_cell_TCAACGACAAGCGCTC,0,0,0
EOC4_PBMC_cell_GCATGTACAAACCTAC,0,0,0
EOC4_PBMC_cell_CGTGTAAAGAGTCGGT,0,0,0
EOC4_PBMC_cell_AATCGGTCACGGTGTC,0,0,0
EOC4_PBMC_cell_CCTATTATCCGGCACA,0,0,0
EOC4_PBMC_cell_GCCTCTATCAACACTG,0,0,0
EOC4_PBMC_cell_CCTAGCTAGGCATTGG,0,0,0
EOC4_PBMC_cell_CACAGTAAGCCTATGT,0,0,0
EOC4_PBMC_cell_GCTGCAGTCACATGCA,0,0,0
EOC4_PBMC_cell_GCTCCTAAGACTACAA,0,0,0
EOC4_PBMC_cell_TGATTTCGTATTCGTG,0,0,0
EOC4_PBMC_cell_ACTGCTCCATGCGCAC,0,0,0
EOC4_PBMC_cell_TTTATGCAGACCTTTG,0,0,0
EOC4_PBMC_cell_TACGGTACATGGATGG,0,0,0
EOC4_PBMC_cell_TCGCGAGTCACGAAGG,0,0,0
EOC4_PBMC_cell_TGTTCCGTCTGAAAGA,0,0,0
EOC4_PBMC_cell_GGAATAACATCCCACT,0,0,0
EOC4_PBMC_cell_ACACCCTGTTCCATGA,0,0,0
EOC4_PBMC_cell_CCGTACTCATGACATC,0,0,0
EOC4_PBMC_cell_ACGCCAGAGCGCTCCA,0,0,0
EOC4_PBMC_cell_TTAGGACTCGTTTGCC,0,0,0
EOC4_PBMC_cell_TTCCCAGTCGTCCGTT,0,0,0
EOC4_PBMC_cell_ACCCACTGTCACTGGC,0,0,0
EOC4_PBMC_cell_ACGATGTGTGCAGTAG,0,0,0
EOC4_PBMC_cell_TCAGGATTCAGTTCGA,0,0,0
EOC4_PBMC_cell_CGCGGTAAGCACCGCT,0,0,0
EOC4_PBMC_cell_GTTCGGGGTCGCATAT,0,0,0
EOC4_PBMC_cell_ATCCGAACAAGTACCT,0,0,0
EOC4_PBMC_cell_CCAGCGACAGATCTGT,0,0,0
EOC4_PBMC_cell_CTCGAAATCAAGGTAA,0,0,0
EOC4_PBMC_cell_CACATTTAGAGGGATA,0,0,0
EOC4_PBMC_cell_CACACAACAGGGATTG,0,0,0
EOC4_PBMC_cell_GGCGACTCAATGACCT,0,0,0
EOC4_PBMC_cell_ACCCACTCACTTACGA,0,0,0
EOC4_PBMC_cell_TTAACTCGTAGAAAGG,0,0,0
EOC4_PBMC_cell_TTCGAAGAGAGACGAA,0,0,0
EOC4_PBMC_cell_CGATGTAAGAAACGAG,0,0,0
EOC4_PBMC_cell_TGCGCAGGTCGAATCT,0,0,0
EOC4_PBMC_cell_CCCTCCTCACCTATCC,0,0,0
EOC4_PBMC_cell_CTTGGCTAGTGTGAAT,0,0,0
EOC4_PBMC_cell_GGTGCGTAGGTAAACT,0,0,0
EOC4_PBMC_cell_CATTCGCAGTTCGCAT,0,0,0
EOC4_PBMC_cell_CAACTAGTCTAAGCCA,0,0,0
EOC4_PBMC_cell_GAAACTCGTGCTTCTC,0,0,0
EOC4_PBMC_cell_ACGCCGAAGCTTTGGT,0,0,0
EOC4_PBMC_cell_CAGCAGCTCTCAAACG,0,0,0
EOC4_PBMC_cell_GTGCTTCAGTGTCCAT,0,0,0
EOC4_PBMC_cell_TGTCCCATCTTAACCT,0,0,0
EOC4_PBMC_cell_CCTCTGAGTGAGGGAG,0,0,0
EOC4_PBMC_cell_AAGGCAGGTGCGATAG,0,0,0
EOC4_PBMC_cell_TGGTTAGTCGTCGTTC,0,0,0
EOC4_PBMC_cell_CACACAATCGAGCCCA,0,0,0
EOC4_PBMC_cell_CGACTTCGTTGAGGTG,0,0,0
EOC4_PBMC_cell_CTGCGGAGTACAGTGG,0,0,0
EOC4_PBMC_cell_GCTCCTATCCAAACAC,0,0,0
EOC4_PBMC_cell_TAGAGCTCAAGACACG,0,0,0
EOC4_PBMC_cell_TTTCCTCCACGTCTCT,0,0,0
EOC4_PBMC_cell_GTCCTCACAGGAATGC,0,0,0
EOC4_PBMC_cell_GTTACAGGTAGCTGCC,0,0,0
EOC4_PBMC_cell_CGTTAGACACACGCTG,0,0,0
EOC4_PBMC_cell_AATCGGTTCTTGAGAC,0,0,0
EOC4_PBMC_cell_GCTGCTTTCCCAACGG,0,0,0
EOC4_PBMC_cell_GACTGCGTCCTCCTAG,0,0,0
EOC4_PBMC_cell_AGCATACCATGGATGG,0,0,0
EOC4_PBMC_cell_GGAAAGCTCATTTGGG,0,0,0
EOC4_PBMC_cell_TCACAAGGTCGTGGCT,0,0,0
EOC4_PBMC_cell_CACCTTGAGCTTTGGT,0,0,0
EOC4_PBMC_cell_CTCGTACCACGCATCG,0,0,0
EOC4_PBMC_cell_CACACAATCGTTGACA,0,0,0
EOC4_PBMC_cell_ACCTTTAGTGGTCCGT,0,0,0
EOC4_PBMC_cell_CGATGTATCCACTCCA,0,0,0
EOC4_PBMC_cell_GAGCAGAGTAAATGAC,0,0,0
EOC4_PBMC_cell_GGCAATTAGCGCTTAT,0,0,0
EOC4_PBMC_cell_CAGCGACGTCGACTAT,0,0,0
EOC4_PBMC_cell_GCATGTATCTCGTATT,0,0,0
EOC4_PBMC_cell_GACACGCCATTGCGGC,0,0,0
EOC4_PBMC_cell_GACCTGGCAGGTCCAC,0,0,0
EOC4_PBMC_cell_CAACCAAAGGCGACAT,0,0,0
EOC4_PBMC_cell_GCGCCAACATTCTTAC,0,0,0
EOC4_PBMC_cell_GGGTCTGTCAAGATCC,0,0,0
EOC4_PBMC_cell_AACACGTGTGGCCCTA,0,0,0
EOC4_PBMC_cell_GACAGAGCAAGAAAGG,0,0,0
EOC4_PBMC_cell_TTTGCGCCACCAGTTA,0,0,0
EOC4_PBMC_cell_GAACCTACATGTCTCC,0,0,0
EOC4_PBMC_cell_GAACCTAGTGTGACCC,0,0,0
EOC4_PBMC_cell_GCATGTATCCTTTACA,0,0,0
EOC4_PBMC_cell_GCATGTAGTGTCGCTG,0,0,0
EOC4_PBMC_cell_CAAGATCTCAAACCGT,0,0,0
EOC4_PBMC_cell_TTCTCAACACACCGAC,0,0,0
EOC4_PBMC_cell_CCTTTCTAGGGCACTA,0,0,0
EOC4_PBMC_cell_TATCAGGAGGGCTTGA,0,0,0
EOC4_PBMC_cell_TCATTACTCCGCGCAA,0,0,0
EOC4_PBMC_cell_GCTTCCAAGCAATCTC,0,0,0
EOC4_PBMC_cell_GCTGGGTTCCGCGTTT,0,0,0
EOC4_PBMC_cell_TTGGCAAGTTACGGAG,0,0,0
EOC4_PBMC_cell_GGCGTGTGTCGACTAT,0,0,0
EOC4_PBMC_cell_GACGTTACATGTCGAT,0,0,0
EOC4_PBMC_cell_ATCATCTGTATCACCA,0,0,0
EOC4_PBMC_cell_TGCCCTATCCGCAAGC,0,0,1
EOC4_PBMC_cell_AGATCTGGTCGGCTCA,0,0,0
EOC4_PBMC_cell_CTAGAGTCACATGACT,0,0,0
EOC4_PBMC_cell_TGCGGGTGTTGCCTCT,0,0,0
EOC4_PBMC_cell_TAGACCATCAAACGGG,0,0,0
EOC4_PBMC_cell_CGTTAGAAGAGTGAGA,0,0,0
EOC4_PBMC_cell_AGTGGGACACAGACTT,0,0,0
EOC4_PBMC_cell_GTCATTTTCAGCATGT,0,0,0
EOC4_PBMC_cell_AGGGAGTCAACTGCTA,0,0,0
EOC4_PBMC_cell_GGCGACTTCTCAACTT,0,0,0
EOC4_PBMC_cell_TAGGCATCAAATCCGT,0,0,0
EOC4_PBMC_cell_AAAGATGCAATCACAC,0,0,0
EOC4_PBMC_cell_TTTGCGCTCAGCGATT,0,0,0
EOC4_PBMC_cell_TTGAACGGTCAGTGGA,0,0,0
EOC4_PBMC_cell_TTTATGCGTGAGGGAG,0,0,0
EOC4_PBMC_cell_GCCAAATGTATAGGTA,0,0,0
EOC4_PBMC_cell_GCAGTTAAGGTGCACA,0,0,0
EOC4_PBMC_cell_GATCGCGAGTGTTAGA,0,0,0
EOC4_PBMC_cell_AGTGAGGAGAGTCTGG,0,0,0
EOC4_PBMC_cell_AAGGAGCGTTCGTCTC,0,0,0
EOC4_PBMC_cell_GGCGACTAGAGTAAGG,0,0,0
EOC4_PBMC_cell_TCGCGAGTCATGTCTT,0,0,0
EOC4_PBMC_cell_GCTCTGTAGTACGACG,0,0,0
EOC4_PBMC_cell_CGCTGGATCATGGTCA,0,0,0
EOC4_PBMC_cell_AGAGTGGGTGGACGAT,0,0,0
EOC4_PBMC_cell_CGTTGGGAGGATGCGT,0,0,0
EOC4_PBMC_cell_GCAAACTAGATGTCGG,0,0,0
EOC4_PBMC_cell_GAACATCGTATCTGCA,0,0,0
EOC4_PBMC_cell_AATCCAGAGAGCAATT,0,0,0
EOC4_PBMC_cell_CAGCGACCATTTGCTT,0,0,0
EOC4_PBMC_cell_AGCGGTCGTTGTTTGG,0,0,0
EOC4_PBMC_cell_CTTTGCGCACCGAATT,0,0,0
EOC4_PBMC_cell_AGGGTGAAGGGATCTG,0,0,0
EOC4_PBMC_cell_TGGCGCAAGCTGTTCA,0,0,0
EOC4_PBMC_cell_TTGCGTCTCTTGAGAC,0,0,0
EOC4_PBMC_cell_ATGGGAGCATAAAGGT,0,0,0
EOC4_PBMC_cell_ATGAGGGAGGACACCA,0,0,0
EOC4_PBMC_cell_GCATGTAAGGCTAGAC,0,0,0
EOC4_PBMC_cell_TGTCCCAGTTGTCGCG,0,0,0
EOC4_PBMC_cell_TACGGATCAAGGCTCC,0,0,0
EOC4_PBMC_cell_TACCTTAGTGACAAAT,0,0,0
EOC4_PBMC_cell_TTAGTTCCAGGACGTA,0,0,0
EOC4_PBMC_cell_GTTCGGGAGCTGTCTA,0,0,0
EOC4_PBMC_cell_CGGACGTAGATATGCA,0,0,0
EOC4_PBMC_cell_TCACAAGGTCTGATCA,0,0,0
EOC4_PBMC_cell_CACACCTCATAGAAAC,0,0,0
EOC4_PBMC_cell_AGCTTGACAGCGATCC,0,0,0
EOC4_PBMC_cell_CTGCGGAGTAGCTCCG,0,0,0
EOC4_PBMC_cell_TGGCCAGAGAGTACCG,0,0,0
EOC4_PBMC_cell_GCTGCGAAGGATATAC,0,0,0
EOC4_PBMC_cell_GAGGTGAGTAAGGGCT,0,0,0
EOC4_PBMC_cell_TCTCATAAGATCTGAA,0,0,0
EOC4_PBMC_cell_TCAGCAATCTAGAGTC,0,0,0
EOC4_PBMC_cell_GGCTCGACATCGGAAG,0,0,0
EOC4_PBMC_cell_TGTCCCAAGTCTCGGC,0,0,0
EOC4_PBMC_cell_GAGTCCGTCAAGGTAA,0,0,0
EOC4_PBMC_cell_CCCAATCCATCCGGGT,0,0,0
EOC4_PBMC_cell_TGCCCTAAGTGACTCT,0,0,0
EOC4_PBMC_cell_ACACCCTTCGACCAGC,0,0,0
EOC4_PBMC_cell_ATTGGACCAAGGACAC,0,0,0
EOC4_PBMC_cell_CATCCACAGGATTCGG,0,0,0
EOC4_PBMC_cell_TGTCCCAGTAATCGTC,0,0,0
EOC4_PBMC_cell_TTCTCCTGTGGTACAG,0,0,0
EOC4_PBMC_cell_TGTGTTTAGTTAACGA,0,0,0
EOC4_PBMC_cell_CCGTTCACAGCGTCCA,0,0,0
EOC4_PBMC_cell_ACACTGACAGTGACAG,0,0,0
EOC4_PBMC_cell_TGAGCCGCATAAAGGT,0,0,0
EOC4_PBMC_cell_ATCATCTTCTTGTCAT,0,0,0
EOC4_PBMC_cell_TTTATGCAGTATGACA,0,0,0
EOC4_PBMC_cell_CTCGAAAAGTATCGAA,0,0,0
EOC4_PBMC_cell_ACGCCGACATGAACCT,0,0,0
EOC4_PBMC_cell_CCTACACCAAGCGTAG,0,0,0
EOC4_PBMC_cell_CGCTTCACAGTAAGCG,0,0,0
EOC4_PBMC_cell_ACTTTCATCGACAGCC,0,0,0
EOC4_PBMC_cell_ATCTACTAGTTTAGGA,0,0,0
EOC4_PBMC_cell_GCACATACAAAGGAAG,0,0,0
EOC4_PBMC_cell_AGCGTATGTTCCACTC,0,0,0
EOC4_PBMC_cell_CCTTACGTCAGTTTGG,0,0,0
EOC4_PBMC_cell_AAAGATGTCCAGATCA,0,0,0
EOC4_PBMC_cell_CTGATAGAGGTAAACT,0,0,0
EOC4_PBMC_cell_GTTTCTATCAGTTCGA,0,0,0
EOC4_PBMC_cell_CGATGGCAGCTTATCG,0,0,0
EOC4_PBMC_cell_AACTGGTCACTATCTT,0,0,0
EOC4_PBMC_cell_GTCTTCGCAAGCGCTC,0,0,0
EOC4_PBMC_cell_AACTTTCCACCGTTGG,0,0,0
EOC4_PBMC_cell_CACAAACTCAGTTTGG,0,0,0
EOC4_PBMC_cell_GAATAAGGTTGCTCCT,0,0,0
EOC4_PBMC_cell_CATCAAGAGGATTCGG,0,0,0
EOC4_PBMC_cell_GATGAGGCAAGCTGTT,0,0,0
EOC4_PBMC_cell_GGGAGATAGAAGGTGA,0,0,0
EOC4_PBMC_cell_AGAATAGCAGGGTACA,0,0,0
EOC4_PBMC_cell_CAAGTTGCAGTTAACC,0,0,0
EOC4_PBMC_cell_AAAGTAGTCAGCTTAG,0,0,0
EOC4_PBMC_cell_TTGCGTCCACGACGAA,0,0,0
EOC4_PBMC_cell_CTAACTTTCACGCATA,0,0,0
EOC4_PBMC_cell_CTGATCCAGCCTATGT,0,0,0
EOC4_PBMC_cell_GCAGCCAGTTGCGCAC,0,0,0
EOC4_PBMC_cell_ACGGGTCGTCTTCGTC,0,0,0
EOC4_PBMC_cell_GACAGAGTCTTCGGTC,0,0,0
EOC4_PBMC_cell_ACATCAGTCAACACGT,0,0,0
EOC4_PBMC_cell_GTACTCCCACCCATTC,0,0,0
EOC4_PBMC_cell_GTACTTTAGTCATGCT,0,0,0
EOC4_PBMC_cell_AGTGTCAAGGCTAGAC,0,0,0
EOC4_PBMC_cell_CCACCTAGTAAACACA,0,0,0
EOC4_PBMC_cell_GACTAACCATTCGACA,0,0,0
EOC4_PBMC_cell_TACCTATGTCACCTAA,0,0,0
EOC4_PBMC_cell_TCGTACCAGATATGCA,0,0,0
EOC4_PBMC_cell_AGAGCTTCACATGACT,0,0,0
EOC4_PBMC_cell_ACTGATGCATCACGTA,0,0,0
EOC4_PBMC_cell_GGACGTCGTTGAACTC,0,0,0
EOC4_PBMC_cell_TACGGGCTCGCCTGTT,0,0,0
EOC4_PBMC_cell_GTCTCGTTCACTTACT,0,0,0
EOC4_PBMC_cell_AACTGGTAGTACATGA,0,0,0
EOC4_PBMC_cell_GTTCGGGCAAGCCGCT,0,0,0
EOC4_PBMC_cell_AAAGTAGCATCCCACT,0,0,0
EOC4_PBMC_cell_TTTATGCAGTGTTAGA,0,0,0
EOC4_PBMC_cell_ACAGCCGCAAGGTTCT,0,0,0
EOC4_PBMC_cell_TCTTCGGAGATTACCC,0,0,0
EOC4_PBMC_cell_ACGGCCATCTCTGCTG,0,0,0
EOC4_PBMC_cell_CGATGTACATTCCTGC,0,0,0
EOC4_PBMC_cell_CGTGAGCGTTAAGACA,0,0,0
EOC4_PBMC_cell_TGACGGCTCCTTTACA,0,0,0
EOC4_PBMC_cell_GATCGCGTCTAACTTC,0,0,0
EOC4_PBMC_cell_TCGGTAATCGGAAATA,0,0,0
EOC4_PBMC_cell_TGGCGCAAGTTCGCGC,0,0,0
EOC4_PBMC_cell_ACGCAGCCACCCAGTG,0,0,0
EOC4_PBMC_cell_AACTTTCAGGCCGAAT,0,0,0
EOC4_PBMC_cell_CTAAGACCACGACTCG,0,0,0
EOC4_PBMC_cell_TGCCCATGTTGCTCCT,0,0,0
EOC4_PBMC_cell_ACATACGCACATCCGG,0,0,0
EOC4_PBMC_cell_TAAGTGCCAATGAATG,0,0,0
EOC4_PBMC_cell_CGGACTGTCCGCATAA,0,0,0
EOC4_PBMC_cell_GTGCGGTAGCTATGCT,0,0,0
EOC4_PBMC_cell_GATCGCGCACGTCTCT,0,0,0
EOC4_PBMC_cell_GAGTCCGGTAGCTGCC,0,0,0
EOC4_PBMC_cell_CTCCTAGTCTACCTGC,0,0,0
EOC4_PBMC_cell_GCTTCCAGTGAAATCA,0,0,0
EOC4_PBMC_cell_GGACAGATCTCGATGA,0,0,0
EOC4_PBMC_cell_CTGATCCAGCTAAACA,0,0,0
EOC4_PBMC_cell_GGGTCTGAGATCTGAA,0,0,0
EOC4_PBMC_cell_CAACCAACACGTCAGC,0,0,0
EOC4_PBMC_cell_TTTACTGCAACACGCC,0,0,0
EOC4_PBMC_cell_ACTGTCCTCTCTGTCG,0,0,0
EOC4_PBMC_cell_GGGCACTGTAGAAGGA,0,0,0
EOC4_PBMC_cell_GAAGCAGGTACCTACA,0,0,0
EOC4_PBMC_cell_ACTATCTAGGTAAACT,0,0,0
EOC4_PBMC_cell_AAACGGGTCGCAAGCC,0,0,0
EOC4_PBMC_cell_CAAGGCCGTATGGTTC,0,0,0
EOC4_PBMC_cell_TAAGCGTTCCCACTTG,0,0,0
EOC4_PBMC_cell_TCAGGTATCTGCTGTC,0,0,0
EOC4_PBMC_cell_TACGGGCGTATGAATG,0,0,0
EOC4_PBMC_cell_AGCTCTCTCTAACGGT,0,0,0
EOC4_PBMC_cell_AGGGTGACATTTCAGG,0,0,0
EOC4_PBMC_cell_GGGCACTGTTGGACCC,0,0,0
EOC4_PBMC_cell_GCATGATAGGCAATTA,0,0,0
EOC4_PBMC_cell_TCGGGACAGAACTGTA,0,0,0
EOC4_PBMC_cell_TCAATCTTCGTTTGCC,0,0,0
EOC4_PBMC_cell_ACGAGGACAACGATGG,0,0,0
EOC4_PBMC_cell_CACAAACAGACGCTTT,0,0,0
EOC4_PBMC_cell_AGGCCACCACTCTGTC,0,0,0
EOC4_PBMC_cell_CGGACGTGTGTGGCTC,0,0,0
EOC4_PBMC_cell_CGTGTAAAGCGTCTAT,0,0,0
EOC4_PBMC_cell_ACTGATGGTCTTGTCC,0,0,0
EOC4_PBMC_cell_ACGAGGATCTCTTATG,0,0,0
EOC4_PBMC_cell_GTAGGCCAGATCTGCT,0,0,0
EOC4_PBMC_cell_TGACAACAGCTAGCCC,0,0,0
EOC4_PBMC_cell_CATCAGAAGCGATTCT,0,0,0
EOC4_PBMC_cell_GTTCGGGTCACGCGGT,0,0,0
EOC4_PBMC_cell_GGACAGAGTAACGTTC,0,0,0
EOC4_PBMC_cell_CGAGAAGTCCTGTAGA,0,0,0
EOC4_PBMC_cell_CAAGAAAGTACCGCTG,0,0,0
EOC4_PBMC_cell_TGCCCTAGTTACTGAC,0,0,0
EOC4_PBMC_cell_GAACATCGTGTGCCTG,0,0,0
EOC4_PBMC_cell_TGAGAGGCATGTCCTC,0,0,0
EOC4_PBMC_cell_TCACGAAGTTAAAGAC,0,0,0
EOC4_PBMC_cell_CTAATGGGTACATGTC,0,0,0
EOC4_PBMC_cell_CGAATGTCACTTGGAT,0,0,0
EOC4_PBMC_cell_CCCAGTTAGTCCCACG,0,0,0
EOC4_PBMC_cell_GCTCCTACAGTATAAG,0,0,0
EOC4_PBMC_cell_TACTTACTCGGTGTTA,0,0,0
EOC4_PBMC_cell_AGAGCTTGTAGGGTAC,0,0,0
EOC4_PBMC_cell_TGTTCCGAGCCGCCTA,0,0,0
EOC4_PBMC_cell_CTTCTCTGTGACTCAT,0,0,0
EOC4_PBMC_cell_AGCTCTCGTCTCATCC,0,0,0
EOC4_PBMC_cell_CGACCTTCAAGCTGAG,0,0,0
EOC4_PBMC_cell_GTCACAAGTCAATGTC,0,0,0
EOC4_PBMC_cell_GGCTGGTGTGCCTTGG,0,0,0
EOC4_PBMC_cell_TCGGGACTCCTCCTAG,0,0,0
EOC4_PBMC_cell_CTGAAGTCACGGTAAG,0,0,0
EOC4_PBMC_cell_CGAATGTAGAGTAATC,0,0,0
EOC4_PBMC_cell_TCGCGTTTCAGTTGAC,0,0,0
EOC4_PBMC_cell_ATTATCCTCCGTTGCT,0,0,0
EOC4_PBMC_cell_CATATTCCAGGCTGAA,0,0,0
EOC4_PBMC_cell_CGACTTCAGCCCAGCT,0,0,0
EOC4_PBMC_cell_TAGACCAAGGACACCA,0,0,0
EOC4_PBMC_cell_TCTTTCCGTCGCGTGT,0,0,0
EOC4_PBMC_cell_CCGTGGACAACCGCCA,0,0,0
EOC4_PBMC_cell_CCATGTCGTCGCTTTC,0,0,0
EOC4_PBMC_cell_ATCATGGAGACAAGCC,0,0,0
EOC4_PBMC_cell_TATCAGGGTTATGCGT,0,0,0
EOC4_PBMC_cell_GAGGTGAGTTACGCGC,0,0,0
EOC4_PBMC_cell_CCTTTCTTCGGAGCAA,0,0,0
EOC4_PBMC_cell_ACTGAACTCTGAGTGT,0,0,0
EOC4_PBMC_cell_TCTCATAGTCCAGTTA,0,0,0
EOC4_PBMC_cell_CAGATCACAGCAGTTT,0,0,0
EOC4_PBMC_cell_GGACGTCAGCTTATCG,0,0,0
EOC4_PBMC_cell_CCCAGTTTCATATCGG,0,0,0
EOC4_PBMC_cell_TGGTTAGAGACCCACC,0,0,0
EOC4_PBMC_cell_TCGAGGCTCTCGCTTG,0,0,0
EOC4_PBMC_cell_GCCTCTATCCCACTTG,0,0,0
EOC4_PBMC_cell_CTCACACCAAATACAG,0,0,0
EOC4_PBMC_cell_TACGGATTCATCACCC,0,0,0
EOC4_PBMC_cell_TGTATTCTCTGTCTCG,0,0,0
EOC4_PBMC_cell_GTCCTCAGTGTTCTTT,0,0,0
EOC4_PBMC_cell_CGTTCTGAGATCTGAA,0,0,0
EOC4_PBMC_cell_ACCAGTATCCGAAGAG,0,0,0
EOC4_PBMC_cell_ATAACGCAGGATCGCA,0,0,0
EOC4_PBMC_cell_CCTACCAAGAACAATC,0,0,0
EOC4_PBMC_cell_TTAGGACCATCACAAC,0,0,0
EOC4_PBMC_cell_CTGCTGTGTAGCTCCG,0,0,0
EOC4_PBMC_cell_CCTACACTCAAGATCC,0,0,0
EOC4_PBMC_cell_GTAACGTGTTGCGCAC,0,0,0
EOC4_PBMC_cell_AAAGCAAAGCTATGCT,0,0,0
EOC4_PBMC_cell_AGAGCTTCAAACCCAT,0,0,0
EOC4_PBMC_cell_GACACGCTCTACTATC,0,0,0
EOC4_PBMC_cell_CCTCAGTAGGTGGGTT,0,0,0
EOC4_PBMC_cell_AGGGTGAGTACAGCAG,0,0,0
EOC4_PBMC_cell_AGTAGTCTCAAGGCTT,0,0,0
EOC4_PBMC_cell_CTCGGAGAGCTGGAAC,0,0,0
EOC4_PBMC_cell_AGGGAGTTCAGATAAG,0,0,0
EOC4_PBMC_cell_AAATGCCTCACGCATA,0,0,0
EOC4_PBMC_cell_CAGAATCTCCAAACTG,0,0,0
EOC4_PBMC_cell_TTCCCAGTCCTATTCA,0,0,0
EOC4_PBMC_cell_CTGATAGAGTACGTTC,0,0,0
EOC4_PBMC_cell_AACCGCGAGCGTTTAC,0,0,0
EOC4_PBMC_cell_GCTGGGTTCGTCTGAA,0,0,0
EOC4_PBMC_cell_CAAGAAATCAGCTCTC,0,0,0
EOC4_PBMC_cell_ATTACTCGTGATAAGT,0,0,0
EOC4_PBMC_cell_CGCTGGAGTCTCCATC,0,0,0
EOC4_PBMC_cell_AAACCTGAGATCTGAA,0,0,0
EOC4_PBMC_cell_GCATGTAGTCAATGTC,0,0,0
EOC4_PBMC_cell_TTCTTAGGTTCCCGAG,0,0,0
EOC4_PBMC_cell_CTAGTGACATGTTGAC,0,0,0
EOC4_PBMC_cell_TTCTTAGCATTACCTT,0,0,0
EOC4_PBMC_cell_CGGTTAACAAAGTCAA,0,0,0
EOC4_PBMC_cell_GTCATTTTCTTGACGA,0,0,0
EOC4_PBMC_cell_ACAGCTACAAATCCGT,0,0,0
EOC4_PBMC_cell_ATCTACTCACGACGAA,0,0,0
EOC4_PBMC_cell_GTTCTCGGTTCAACCA,0,0,0
EOC4_PBMC_cell_GATTCAGCACTGTTAG,0,0,0
EOC4_PBMC_cell_GCGCAACCAAAGAATC,0,0,0
EOC4_PBMC_cell_ACTTTCACACGCGAAA,0,0,0
EOC4_PBMC_cell_CTTAACTTCACAACGT,0,0,0
EOC4_PBMC_cell_TACTCGCAGATATGGT,0,0,0
EOC4_PBMC_cell_CCTTCGATCCGCTGTT,0,0,0
EOC4_PBMC_cell_ACGATACAGATCTGCT,0,0,0
EOC4_PBMC_cell_AGATTGCAGAACAACT,0,0,0
EOC4_PBMC_cell_GCTTGAATCGGAGCAA,0,0,0
EOC4_PBMC_cell_ACATGGTTCCAAGTAC,0,0,0
EOC4_PBMC_cell_ACATCAGAGTGAATTG,0,0,0
EOC4_PBMC_cell_TACAGTGGTTCGTTGA,0,0,0
EOC4_PBMC_cell_TTCGGTCGTTGTACAC,0,0,0
EOC4_PBMC_cell_TGTGTTTAGGGCACTA,0,0,0
EOC4_PBMC_cell_GGAACTTCAGATCCAT,0,0,0
EOC4_PBMC_cell_TCTATTGGTCCGTCAG,0,0,0
EOC4_PBMC_cell_CGCCAAGGTTGACGTT,0,0,0
EOC4_PBMC_cell_AGCGGTCCACACAGAG,0,0,0
EOC4_PBMC_cell_TCGGGACAGTGTACCT,0,0,0
EOC4_PBMC_cell_GTCGTAATCTTACCGC,0,0,0
EOC4_PBMC_cell_ACGCCGATCCAGTAGT,0,0,0
EOC4_PBMC_cell_ACGCCGAAGTACGTAA,0,0,0
EOC4_PBMC_cell_GGCCGATCACTCAGGC,0,0,0
EOC4_PBMC_cell_ACTGAACGTTATGCGT,0,0,0
EOC4_PBMC_cell_ACGCCAGCATATACCG,0,0,0
EOC4_PBMC_cell_CCGGTAGAGCGTGAGT,0,0,0
EOC4_PBMC_cell_CGCGGTACAAGACGTG,0,0,0
EOC4_PBMC_cell_TTTATGCGTTCCATGA,0,0,0
EOC4_PBMC_cell_TTATGCTAGAGTAATC,0,0,0
EOC4_PBMC_cell_CATCGAACAGTTAACC,0,0,0
EOC4_PBMC_cell_ACGGAGAAGAATCTCC,0,0,0
EOC4_PBMC_cell_TAGTGGTTCGGCTTGG,0,0,0
EOC4_PBMC_cell_CAGTCCTAGGATGCGT,0,0,0
EOC4_PBMC_cell_TGATTTCAGCACGCCT,0,0,0
EOC4_PBMC_cell_ATCACGACACATTTCT,0,0,0
EOC4_PBMC_cell_CCAATCCAGCAGGCTA,0,0,0
EOC4_PBMC_cell_GTTCATTTCTCCAACC,0,0,0
EOC4_PBMC_cell_CTGCGGACATGTCGAT,0,0,0
EOC4_PBMC_cell_AGGCCACTCGCCAGCA,0,0,0
EOC4_PBMC_cell_AGTCTTTGTATGAAAC,0,0,0
EOC4_PBMC_cell_TCAGCAATCAAGGTAA,0,0,0
EOC4_PBMC_cell_CGTGTAAAGGCTCATT,0,0,0
EOC4_PBMC_cell_GTACGTAAGAATAGGG,0,0,0
EOC4_PBMC_cell_TCGGTAAGTACATCCA,0,0,0
EOC4_PBMC_cell_TTGTAGGAGGCCCTTG,0,0,0
EOC4_PBMC_cell_AGCCTAATCCCTAACC,0,0,0
EOC4_PBMC_cell_GTGCATAGTCTAAAGA,0,0,0
EOC4_PBMC_cell_ACCGTAAAGGTGATTA,0,0,0
EOC4_PBMC_cell_TTGAACGCAGCGAACA,0,0,0
EOC4_PBMC_cell_GATCAGTGTAAGTAGT,0,0,0
EOC4_PBMC_cell_ATGCGATCAGCCTGTG,0,0,0
EOC4_PBMC_cell_TTCGAAGAGGGTATCG,0,0,0
EOC4_PBMC_cell_TGCGGGTAGTGTTGAA,0,0,0
EOC4_PBMC_cell_GTAACTGGTAGGAGTC,0,0,0
EOC4_PBMC_cell_CTCAGAACACGGTAGA,0,0,0
EOC4_PBMC_cell_GTCCTCAAGATCTGCT,0,0,0
EOC4_PBMC_cell_ACCGTAATCTGCCCTA,0,0,0
EOC4_PBMC_cell_GAAATGAAGTTAACGA,0,0,0
EOC4_PBMC_cell_CGCGGTAAGCCACTAT,0,0,0
EOC4_PBMC_cell_GATGAAAGTAGAGTGC,0,0,0
EOC4_PBMC_cell_AGAGTGGGTATCGCAT,0,0,0
EOC4_PBMC_cell_GGCTCGAAGAAACGCC,0,0,0
EOC4_PBMC_cell_CGTCCATCACACAGAG,0,0,0
EOC4_PBMC_cell_GCTCCTACAATCGAAA,0,0,0
EOC4_PBMC_cell_GGCAATTTCCTCAACC,0,0,0
EOC4_PBMC_cell_GATGAGGTCTCAAGTG,0,0,0
EOC4_PBMC_cell_TGCACCTGTTGAGGTG,0,0,0
EOC4_PBMC_cell_CGACTTCTCTCGTTTA,0,0,0
EOC4_PBMC_cell_GGACGTCCAAGCCTAT,0,0,0
EOC4_PBMC_cell_CATGCCTTCGCGTAGC,0,0,1
EOC4_PBMC_cell_GATCTAGTCGGCATCG,0,0,0
EOC4_PBMC_cell_TCTTCGGAGTGCCATT,0,0,0
EOC4_PBMC_cell_CACAGGCGTAGCGATG,0,0,0
EOC4_PBMC_cell_ACGAGCCAGTACGCCC,0,0,0
EOC4_PBMC_cell_CGGACACGTATGAATG,0,0,0
EOC4_PBMC_cell_TTCGGTCGTTCCACAA,0,0,0
EOC4_PBMC_cell_TTCGAAGCATGCGCAC,0,0,0
EOC4_PBMC_cell_TGAGCATAGGCCATAG,0,0,0
EOC4_PBMC_cell_GTACTCCAGGCTCAGA,0,0,0
EOC4_PBMC_cell_ATCATGGTCGAGAGCA,0,0,0
EOC4_PBMC_cell_CAGCCGAGTCCTCCAT,0,0,0
EOC4_PBMC_cell_CTACACCTCTGGTTCC,0,0,0
EOC4_PBMC_cell_TGTGGTATCATGTGGT,0,0,0
EOC4_PBMC_cell_CATATGGAGTGGTAGC,0,0,0
EOC4_PBMC_cell_CTCATTACAAGTCATC,0,0,0
EOC4_PBMC_cell_CCGTACTGTCGCTTTC,0,0,0
EOC4_PBMC_cell_TATTACCTCTATCGCC,0,0,0
EOC4_PBMC_cell_CGTCACTTCTGTTTGT,0,0,0
EOC4_PBMC_cell_ATCATCTAGAGTCGGT,0,0,0
EOC4_PBMC_cell_GGTGAAGGTTGTCGCG,0,0,0
EOC4_PBMC_cell_CGGAGCTAGCGTCAAG,0,0,0
EOC4_PBMC_cell_TGGCCAGTCAGCAACT,0,0,0
EOC4_PBMC_cell_TAAACCGAGTAGCCGA,0,0,0
EOC4_PBMC_cell_TTCTACAGTAGAGGAA,0,0,0
EOC4_PBMC_cell_GACCAATGTGTCTGAT,0,0,0
EOC4_PBMC_cell_TTCGGTCGTGACTACT,0,0,0
EOC4_PBMC_cell_AAGACCTTCCTCAACC,0,0,0
EOC4_PBMC_cell_GCTGCTTTCATGCAAC,0,0,0
EOC4_PBMC_cell_TTCTTAGCATTCTCAT,0,0,0
EOC4_PBMC_cell_CACACCTAGTCAATAG,0,0,0
EOC4_PBMC_cell_CCGTGGACAAGCCGTC,0,0,0
EOC4_PBMC_cell_TTCTTAGCAACACCTA,0,0,0
EOC4_PBMC_cell_AAGGAGCTCGGCGCAT,0,0,0
EOC4_PBMC_cell_AACTCAGTCAGCATGT,0,0,0
EOC4_PBMC_cell_AGTGGGACAGACGTAG,0,0,0
EOC4_PBMC_cell_ACGGGCTTCGCCAAAT,0,0,0
EOC4_PBMC_cell_GAGTCCGTCGTGGACC,0,0,0
EOC4_PBMC_cell_GCGCAACCACCATCCT,0,0,0
EOC4_PBMC_cell_GAACGGAGTTCTGGTA,0,0,0
EOC4_PBMC_cell_AACTCAGTCTCACATT,0,0,0
EOC4_PBMC_cell_TCAACGATCTGTACGA,0,0,0
EOC4_PBMC_cell_AACTCCCGTAGAGCTG,0,0,0
EOC4_PBMC_cell_CTGCGGAGTCCAGTTA,0,0,0
EOC4_PBMC_cell_TCAGCTCCAGTCTTCC,0,0,0
EOC4_PBMC_cell_CAAGGCCGTCGCGAAA,0,0,0
EOC4_PBMC_cell_TTCTCAAAGTGCCAGA,0,0,0
EOC4_PBMC_cell_TAGACCAGTCATCGGC,0,0,0
EOC4_PBMC_cell_CCGTACTCAGATCGGA,0,0,0
EOC4_PBMC_cell_CGTCTACTCAAACCAC,0,0,0
EOC4_PBMC_cell_CTTACCGCATTGTGCA,0,0,0
EOC4_PBMC_cell_GGAGCAAAGCCGATTT,0,0,0
EOC4_PBMC_cell_TGTGGTATCTTCTGGC,0,0,0
EOC4_PBMC_cell_CGTCACTTCCTTCAAT,0,0,0
EOC4_PBMC_cell_GCTCCTAGTTCGTTGA,0,0,0
EOC4_PBMC_cell_CTCTGGTCATAGACTC,0,0,0
EOC4_PBMC_cell_TCAGATGTCCTTGCCA,0,0,0
EOC4_PBMC_cell_CGATTGAAGTGTTTGC,0,0,0
EOC4_PBMC_cell_CATATTCTCTATCCTA,0,0,0
EOC4_PBMC_cell_CAAGTTGCAATAGAGT,0,0,0
EOC4_PBMC_cell_GATCGTAGTGCACCAC,0,0,0
EOC4_PBMC_cell_GAATAAGCACGTTGGC,0,0,0
EOC4_PBMC_cell_TGCTACCCATGATCCA,0,0,0
EOC4_PBMC_cell_TAGTTGGGTTCAGTAC,0,0,0
EOC4_PBMC_cell_AGGTCATCATCGGACC,0,0,0
EOC4_PBMC_cell_CCTTCGACACATAACC,0,0,0
EOC4_PBMC_cell_GCTGCGACATCACGTA,0,0,0
EOC4_PBMC_cell_GGGCATCCATTTCAGG,0,0,0
EOC4_PBMC_cell_GCTTCCAAGGACCACA,0,0,0
EOC4_PBMC_cell_TACGGATAGCTCCTTC,0,0,0
EOC4_PBMC_cell_AGTTGGTAGAGTACAT,0,0,0
EOC4_PBMC_cell_TCCCGATCACACAGAG,0,0,0
EOC4_PBMC_cell_CCATTCGTCTCTGAGA,0,0,0
EOC4_PBMC_cell_GCGCAACAGCCACGCT,0,0,0
EOC4_PBMC_cell_GTTCTCGCACAGCGTC,0,0,0
EOC4_PBMC_cell_GGACAAGCACCAGCAC,0,0,0
EOC4_PBMC_cell_TTGACTTCAAGGCTCC,0,0,0
EOC4_PBMC_cell_AGTGGGAAGTGAAGTT,0,0,0
EOC4_PBMC_cell_CCTATTACACACATGT,0,0,0
EOC4_PBMC_cell_AGCAGCCAGAGTGAGA,0,0,0
EOC4_PBMC_cell_CGAATGTAGATCCCAT,0,0,0
EOC4_PBMC_cell_GCGCAGTGTCTGATCA,0,0,0
EOC4_PBMC_cell_CAGCGACCAAATCCGT,0,0,0
EOC4_PBMC_cell_ACACCAAAGAAGGCCT,0,0,0
EOC4_PBMC_cell_GTGCATATCAGTTAGC,0,0,0
EOC4_PBMC_cell_ACTGTCCAGCAAATCA,0,0,0
EOC4_PBMC_cell_CAACTAGCAAGGGTCA,0,0,0
EOC4_PBMC_cell_AAACGGGTCTCTAGGA,0,0,0
EOC4_PBMC_cell_CCTACACGTGCAGTAG,0,0,0
EOC4_PBMC_cell_CGTAGCGAGGACGAAA,0,0,0
EOC4_PBMC_cell_GTTTCTACACGGCGTT,0,0,0
EOC4_PBMC_cell_TATCAGGAGATCGATA,0,0,0
EOC4_PBMC_cell_TGCTGCTCAGGGTATG,0,0,0
EOC4_PBMC_cell_ACGAGGAAGAATAGGG,0,0,0
EOC4_PBMC_cell_GGGACCTCAGTCACTA,0,0,0
EOC4_PBMC_cell_CCTCTGAAGGCTATCT,0,0,0
EOC4_PBMC_cell_CGCTATCGTCCGAATT,0,0,0
EOC4_PBMC_cell_TCATTTGGTAGGGTAC,0,0,0
EOC4_PBMC_cell_TCACAAGGTTCTCATT,0,0,0
EOC4_PBMC_cell_TACGGTAAGACTCGGA,0,0,0
EOC4_PBMC_cell_GTCTTCGTCCATGAAC,0,0,0
EOC4_PBMC_cell_AGCAGCCTCATCTGCC,0,0,0
EOC4_PBMC_cell_GGATGTTTCAGATAAG,0,0,0
EOC4_PBMC_cell_CACACCTGTGGTCCGT,0,0,0
EOC4_PBMC_cell_CTAAGACGTAAGCACG,0,0,0
EOC4_PBMC_cell_ATCATCTTCGCTTGTC,0,0,0
EOC4_PBMC_cell_CAGCTAAGTTAGAACA,0,0,0
EOC4_PBMC_cell_TACTCGCCAGCATACT,0,0,0
EOC4_PBMC_cell_GATCTAGGTCTCCCTA,0,0,0
EOC4_PBMC_cell_GTTAAGCCACACCGCA,0,0,0
EOC4_PBMC_cell_GCTGCTTCATGGGACA,0,0,0
EOC4_PBMC_cell_CTTACCGGTTAGTGGG,0,0,0
EOC4_PBMC_cell_CTCTAATAGGAGCGTT,0,0,0
EOC4_PBMC_cell_CAAGATCTCAGCTCGG,0,0,0
EOC4_PBMC_cell_CGACTTCAGAGGGCTT,0,0,0
EOC4_PBMC_cell_CGGACTGCACACCGCA,0,0,0
EOC4_PBMC_cell_AGAGCTTGTCGAGATG,0,0,0
EOC4_PBMC_cell_GACTAACGTACGCACC,0,0,0
EOC4_PBMC_cell_GCAATCAAGTGCTGCC,0,0,0
EOC4_PBMC_cell_TGTTCCGCACGGCGTT,0,0,0
EOC4_PBMC_cell_GACGTTAAGGGTCGAT,0,0,0
EOC4_PBMC_cell_ACTATCTTCCTTTCTC,0,0,0
EOC4_PBMC_cell_GGCTGGTCAGACGCAA,0,0,0
EOC4_PBMC_cell_CACACCTGTGGGTCAA,0,0,0
EOC4_PBMC_cell_TGAAAGACATACTACG,0,0,0
EOC4_PBMC_cell_TACTTGTTCGCGATCG,0,0,0
EOC4_PBMC_cell_CTCACACAGAAACCTA,0,0,0
EOC4_PBMC_cell_CTGGTCTTCGCCTGTT,0,0,0
EOC4_PBMC_cell_GTGCGGTAGATCTGAA,0,0,0
EOC4_PBMC_cell_CTTGGCTAGCGTGAGT,0,0,0
EOC4_PBMC_cell_CGTCACTCAGACACTT,0,0,0
EOC4_PBMC_cell_GTCAAGTAGGATATAC,0,0,0
EOC4_PBMC_cell_ATTGGACTCCGTCATC,0,0,0
EOC4_PBMC_cell_CCTACACAGGACAGCT,0,0,0
EOC4_PBMC_cell_AATCGGTTCTTGGGTA,0,0,0
EOC4_PBMC_cell_CTAATGGAGGACATTA,0,0,0
EOC4_PBMC_cell_GCGCAGTAGAGTCGGT,0,0,0
EOC4_PBMC_cell_ACGAGCCGTCTGGTCG,0,0,0
EOC4_PBMC_cell_TGCACCTGTACCGTTA,0,0,0
EOC4_PBMC_cell_TACCTATAGTACCGGA,0,0,0
EOC4_PBMC_cell_GACTGCGCAATACGCT,0,0,0
EOC4_PBMC_cell_AAAGCAAAGGTTCCTA,0,0,0
EOC4_PBMC_cell_CAACCAATCCTCCTAG,0,0,0
EOC4_PBMC_cell_TCTCTAAAGTCTTGCA,0,0,0
EOC4_PBMC_cell_CGGAGTCTCTGCCCTA,0,0,0
EOC4_PBMC_cell_ACGTCAAGTGTGGTTT,0,0,0
EOC4_PBMC_cell_GTAACGTTCGCATGAT,0,0,0
EOC4_PBMC_cell_GCATACACATCCGCGA,0,0,0
EOC4_PBMC_cell_CGGACGTAGTTACGGG,0,0,0
EOC4_PBMC_cell_AACCGCGTCTCCTATA,0,0,0
EOC4_PBMC_cell_CGGACGTAGTGTCCCG,0,0,0
EOC4_PBMC_cell_AAAGATGGTGAGCGAT,0,0,0
EOC4_PBMC_cell_CGAACATAGCTGAAAT,0,0,0
EOC4_PBMC_cell_GTCACGGCAAACAACA,0,0,0
EOC4_PBMC_cell_GTCGGGTGTCTTGATG,0,0,0
EOC4_PBMC_cell_TCTTTCCGTCCGCTGA,0,0,0
EOC4_PBMC_cell_TTGAACGGTATTCGTG,0,0,0
EOC4_PBMC_cell_ACGGGCTAGTTCCACA,0,0,0
EOC4_PBMC_cell_CTCTAATTCTTGGGTA,0,0,0
EOC4_PBMC_cell_TCAGATGCACAGCCCA,0,0,0
EOC4_PBMC_cell_AGACGTTCACTGAAGG,0,0,0
