"","Sample","N_allcells","N_cancercells","Method_other","value_other","value_panctc","Metr"
"1","GSE199994_HD1+E-MTAB-11948_Cervix_Epi",7079,3,"copykat",0,1,"Sensitivity"
"2","GSE199994_HD1+E-MTAB-11948_Cervix_Epi",7086,10,"copykat",0,1,"Sensitivity"
"3","GSE199994_HD1+E-MTAB-11948_Cervix_Epi",7101,25,"copykat",0.16,1,"Sensitivity"
"4","GSE199994_HD1+E-MTAB-11948_Cervix_Epi",7176,100,"copykat",0,1,"Sensitivity"
"5","GSE199994_HD1+GSE132465_CRC_Epi",7079,3,"copykat",1,1,"Sensitivity"
"6","GSE199994_HD1+GSE132465_CRC_Epi",7086,10,"copykat",0,1,"Sensitivity"
"7","GSE199994_HD1+GSE132465_CRC_Epi",7101,25,"copykat",0,1,"Sensitivity"
"8","GSE199994_HD1+GSE132465_CRC_Epi",7176,100,"copykat",0.91,1,"Sensitivity"
"9","GSE199994_HD1+GSE155698_PDAC_Epi",7079,3,"copykat",0,1,"Sensitivity"
"10","GSE199994_HD1+GSE155698_PDAC_Epi",7086,10,"copykat",0.7,1,"Sensitivity"
"11","GSE199994_HD1+GSE155698_PDAC_Epi",7101,25,"copykat",0,1,"Sensitivity"
"12","GSE199994_HD1+GSE155698_PDAC_Epi",7176,100,"copykat",0,0.99,"Sensitivity"
"13","GSE199994_HD1+GSE162025_NPC_Epi",7079,3,"copykat",0,1,"Sensitivity"
"14","GSE199994_HD1+GSE162025_NPC_Epi",7086,10,"copykat",0,1,"Sensitivity"
"15","GSE199994_HD1+GSE162025_NPC_Epi",7101,25,"copykat",0,1,"Sensitivity"
"16","GSE199994_HD1+GSE162025_NPC_Epi",7176,100,"copykat",0,1,"Sensitivity"
"17","GSE199994_HD1+GSE168652_Cervix_Epi",7079,3,"copykat",0,1,"Sensitivity"
"18","GSE199994_HD1+GSE168652_Cervix_Epi",7086,10,"copykat",0,1,"Sensitivity"
"19","GSE199994_HD1+GSE168652_Cervix_Epi",7101,25,"copykat",0,1,"Sensitivity"
"20","GSE199994_HD1+GSE168652_Cervix_Epi",7176,100,"copykat",0,1,"Sensitivity"
"21","GSE199994_HD1+GSE173682_Endome_Epi",7079,3,"copykat",0,1,"Sensitivity"
"22","GSE199994_HD1+GSE173682_Endome_Epi",7086,10,"copykat",0,1,"Sensitivity"
"23","GSE199994_HD1+GSE173682_Endome_Epi",7101,25,"copykat",0,1,"Sensitivity"
"24","GSE199994_HD1+GSE173682_Endome_Epi",7176,100,"copykat",0,1,"Sensitivity"
"25","GSE199994_HD1+GSE173682_Ovarian_Epi",7079,3,"copykat",0,1,"Sensitivity"
"26","GSE199994_HD1+GSE173682_Ovarian_Epi",7086,10,"copykat",0.8,1,"Sensitivity"
"27","GSE199994_HD1+GSE173682_Ovarian_Epi",7101,25,"copykat",0,1,"Sensitivity"
"28","GSE199994_HD1+GSE173682_Ovarian_Epi",7176,100,"copykat",0,1,"Sensitivity"
"29","GSE199994_HD1+GSE176078_BC_Epi",7079,3,"copykat",0,1,"Sensitivity"
"30","GSE199994_HD1+GSE176078_BC_Epi",7086,10,"copykat",0,1,"Sensitivity"
"31","GSE199994_HD1+GSE176078_BC_Epi",7101,25,"copykat",0,1,"Sensitivity"
"32","GSE199994_HD1+GSE176078_BC_Epi",7176,100,"copykat",0,1,"Sensitivity"
"33","GSE199994_HD1+GSE178318_CRC_Epi",7079,3,"copykat",0,1,"Sensitivity"
"34","GSE199994_HD1+GSE178318_CRC_Epi",7086,10,"copykat",0,1,"Sensitivity"
"35","GSE199994_HD1+GSE178318_CRC_Epi",7101,25,"copykat",0.96,1,"Sensitivity"
"36","GSE199994_HD1+GSE178318_CRC_Epi",7176,100,"copykat",0,0.99,"Sensitivity"
"37","GSE199994_HD1+GSE193337_Prostate_Epi",7079,3,"copykat",0,1,"Sensitivity"
"38","GSE199994_HD1+GSE193337_Prostate_Epi",7086,10,"copykat",0,1,"Sensitivity"
"39","GSE199994_HD1+GSE193337_Prostate_Epi",7101,25,"copykat",0,1,"Sensitivity"
"40","GSE199994_HD1+GSE193337_Prostate_Epi",7176,100,"copykat",0,1,"Sensitivity"
"41","GSE199994_HD1+OMIX001073_GC_Epi",7079,3,"copykat",0,1,"Sensitivity"
"42","GSE199994_HD1+OMIX001073_GC_Epi",7086,10,"copykat",0,1,"Sensitivity"
"43","GSE199994_HD1+OMIX001073_GC_Epi",7101,25,"copykat",0,1,"Sensitivity"
"44","GSE199994_HD1+OMIX001073_GC_Epi",7176,100,"copykat",0,1,"Sensitivity"
"45","GSE199994_HD1+GSE148071_LUNG_Epi",7079,3,"copykat",1,1,"Sensitivity"
"46","GSE199994_HD1+GSE148071_LUNG_Epi",7086,10,"copykat",0,1,"Sensitivity"
"47","GSE199994_HD1+GSE148071_LUNG_Epi",7101,25,"copykat",0,1,"Sensitivity"
"48","GSE199994_HD1+GSE148071_LUNG_Epi",7176,100,"copykat",0,1,"Sensitivity"
"49","GSE199994_HD1+GSE150430_NPC_Epi",7079,3,"copykat",0,1,"Sensitivity"
"50","GSE199994_HD1+GSE150430_NPC_Epi",7176,100,"copykat",0,0.99,"Sensitivity"
"51","GSE199994_HD1+GSE150825_NPC_Epi",7079,3,"copykat",0.333333333333333,1,"Sensitivity"
"52","GSE199994_HD1+GSE150825_NPC_Epi",7086,10,"copykat",0,1,"Sensitivity"
"53","GSE199994_HD1+GSE150825_NPC_Epi",7086,10,"copykat",0,1,"Sensitivity"
"54","GSE199994_HD1+GSE150825_NPC_Epi",7101,25,"copykat",0,1,"Sensitivity"
"55","GSE199994_HD1+GSE150825_NPC_Epi",7101,25,"copykat",0,1,"Sensitivity"
"56","GSE199994_HD1+GSE150825_NPC_Epi",7176,100,"copykat",0,1,"Sensitivity"
"57","GSE199994_HD1+GSE176031_Prostate_Epi",7079,3,"copykat",0.666666666666667,0.66666667,"Sensitivity"
"58","GSE199994_HD1+GSE176031_Prostate_Epi",7086,10,"copykat",0,1,"Sensitivity"
"59","GSE199994_HD1+GSE176031_Prostate_Epi",7101,25,"copykat",0.08,1,"Sensitivity"
"60","GSE199994_HD1+GSE176031_Prostate_Epi",7176,100,"copykat",0,0.99,"Sensitivity"
"61","GSE199994_HD1+GSE149614_HCC_Epi",7079,3,"copykat",0,1,"Sensitivity"
"62","GSE199994_HD1+GSE149614_HCC_Epi",7086,10,"copykat",0,0.9,"Sensitivity"
"63","GSE199994_HD1+GSE149614_HCC_Epi",7101,25,"copykat",0,1,"Sensitivity"
"64","GSE199994_HD1+GSE149614_HCC_Epi",7176,100,"copykat",0,1,"Sensitivity"
"65","GSE199994_HD1+GSM3946506_Mela_cl",7079,3,"copykat",0,1,"Sensitivity"
"66","GSE199994_HD1+GSM3946506_Mela_cl",7086,10,"copykat",0,1,"Sensitivity"
"67","GSE199994_HD1+GSM3946506_Mela_cl",7101,25,"copykat",0,1,"Sensitivity"
"68","GSE199994_HD1+GSM3946506_Mela_cl",7176,100,"copykat",0,1,"Sensitivity"
"69","GSE199994_HD1+GSE215120_Melanoma",7079,3,"copykat",0.333333333333333,1,"Sensitivity"
"70","GSE199994_HD1+GSE215120_Melanoma",7086,10,"copykat",0,1,"Sensitivity"
"71","GSE199994_HD1+GSE215120_Melanoma",7101,25,"copykat",0,1,"Sensitivity"
"72","GSE199994_HD1+GSE215120_Melanoma",7176,100,"copykat",0,1,"Sensitivity"
"73","GSE199994_HD1+Cervix_PreT1_malignant",7079,3,"copykat",1,1,"Sensitivity"
"74","GSE199994_HD1+Cervix_PreT1_malignant",7086,10,"copykat",0,1,"Sensitivity"
"75","GSE199994_HD1+Cervix_PreT1_malignant",7101,25,"copykat",0.04,1,"Sensitivity"
"76","GSE199994_HD1+Cervix_PreT1_malignant",7176,100,"copykat",0,1,"Sensitivity"
"77","GSE199994_HD1+Cervix_PreT2_malignant",7079,3,"copykat",0,1,"Sensitivity"
"78","GSE199994_HD1+Cervix_PreT2_malignant",7086,10,"copykat",0,1,"Sensitivity"
"79","GSE199994_HD1+Cervix_PreT2_malignant",7101,25,"copykat",0,1,"Sensitivity"
"80","GSE199994_HD1+Cervix_PreT2_malignant",7176,100,"copykat",0,1,"Sensitivity"
"81","GSE199994_HD1+Cervix_PreT3_malignant",7079,3,"copykat",0.333333333333333,1,"Sensitivity"
"82","GSE199994_HD1+Cervix_PreT3_malignant",7086,10,"copykat",0.7,1,"Sensitivity"
"83","GSE199994_HD1+Cervix_PreT3_malignant",7101,25,"copykat",0.16,0.88,"Sensitivity"
"84","GSE199994_HD1+Cervix_PreT3_malignant",7176,100,"copykat",0.01,0.96,"Sensitivity"
"85","GSE199994_HD1+Cervix_T2Dur3_malignant",7079,3,"copykat",0.666666666666667,1,"Sensitivity"
"86","GSE199994_HD1+Cervix_T2Dur3_malignant",7086,10,"copykat",0,1,"Sensitivity"
"87","GSE199994_HD1+Cervix_T2Dur3_malignant",7101,25,"copykat",0.04,1,"Sensitivity"
"88","GSE199994_HD1+Cervix_T2Dur3_malignant",7176,100,"copykat",0,1,"Sensitivity"
"89","GSE199994_HD1+Cervix_T3Dur3_malignant",7079,3,"copykat",0.666666666666667,1,"Sensitivity"
"90","GSE199994_HD1+Cervix_T3Dur3_malignant",7086,10,"copykat",0,1,"Sensitivity"
"91","GSE199994_HD1+Cervix_T3Dur3_malignant",7101,25,"copykat",0.04,1,"Sensitivity"
"92","GSE199994_HD1+Cervix_T3Dur3_malignant",7176,100,"copykat",0.82,1,"Sensitivity"
"93","GSE199994_HD1+Cervix_Tumorhn115_malignant",7079,3,"copykat",0,1,"Sensitivity"
"94","GSE199994_HD1+Cervix_Tumorhn115_malignant",7086,10,"copykat",0,1,"Sensitivity"
"95","GSE199994_HD1+Cervix_Tumorhn115_malignant",7101,25,"copykat",0,1,"Sensitivity"
"96","GSE199994_HD1+Cervix_Tumorhn115_malignant",7176,100,"copykat",0,1,"Sensitivity"
"97","GSE199994_HD1+E-MTAB-11948_Cervix_Epi",7079,3,"CTCTracer",0,1,"Sensitivity"
"98","GSE199994_HD1+E-MTAB-11948_Cervix_Epi",7086,10,"CTCTracer",0,1,"Sensitivity"
"99","GSE199994_HD1+E-MTAB-11948_Cervix_Epi",7101,25,"CTCTracer",0.16,1,"Sensitivity"
"100","GSE199994_HD1+E-MTAB-11948_Cervix_Epi",7176,100,"CTCTracer",0,1,"Sensitivity"
"101","GSE199994_HD1+GSE132465_CRC_Epi",7079,3,"CTCTracer",1,1,"Sensitivity"
"102","GSE199994_HD1+GSE132465_CRC_Epi",7086,10,"CTCTracer",0,1,"Sensitivity"
"103","GSE199994_HD1+GSE132465_CRC_Epi",7101,25,"CTCTracer",0,1,"Sensitivity"
"104","GSE199994_HD1+GSE132465_CRC_Epi",7176,100,"CTCTracer",0.91,1,"Sensitivity"
"105","GSE199994_HD1+GSE155698_PDAC_Epi",7079,3,"CTCTracer",0,1,"Sensitivity"
"106","GSE199994_HD1+GSE155698_PDAC_Epi",7086,10,"CTCTracer",0.7,1,"Sensitivity"
"107","GSE199994_HD1+GSE155698_PDAC_Epi",7101,25,"CTCTracer",0,1,"Sensitivity"
"108","GSE199994_HD1+GSE155698_PDAC_Epi",7176,100,"CTCTracer",0,0.99,"Sensitivity"
"109","GSE199994_HD1+GSE162025_NPC_Epi",7079,3,"CTCTracer",0,1,"Sensitivity"
"110","GSE199994_HD1+GSE162025_NPC_Epi",7086,10,"CTCTracer",0,1,"Sensitivity"
"111","GSE199994_HD1+GSE162025_NPC_Epi",7101,25,"CTCTracer",0,1,"Sensitivity"
"112","GSE199994_HD1+GSE162025_NPC_Epi",7176,100,"CTCTracer",0,1,"Sensitivity"
"113","GSE199994_HD1+GSE168652_Cervix_Epi",7079,3,"CTCTracer",0,1,"Sensitivity"
"114","GSE199994_HD1+GSE168652_Cervix_Epi",7086,10,"CTCTracer",0,1,"Sensitivity"
"115","GSE199994_HD1+GSE168652_Cervix_Epi",7101,25,"CTCTracer",0,1,"Sensitivity"
"116","GSE199994_HD1+GSE168652_Cervix_Epi",7176,100,"CTCTracer",0,1,"Sensitivity"
"117","GSE199994_HD1+GSE173682_Endome_Epi",7079,3,"CTCTracer",0,1,"Sensitivity"
"118","GSE199994_HD1+GSE173682_Endome_Epi",7086,10,"CTCTracer",0,1,"Sensitivity"
"119","GSE199994_HD1+GSE173682_Endome_Epi",7101,25,"CTCTracer",0,1,"Sensitivity"
"120","GSE199994_HD1+GSE173682_Endome_Epi",7176,100,"CTCTracer",0,1,"Sensitivity"
"121","GSE199994_HD1+GSE173682_Ovarian_Epi",7079,3,"CTCTracer",0,1,"Sensitivity"
"122","GSE199994_HD1+GSE173682_Ovarian_Epi",7086,10,"CTCTracer",0.8,1,"Sensitivity"
"123","GSE199994_HD1+GSE173682_Ovarian_Epi",7101,25,"CTCTracer",0,1,"Sensitivity"
"124","GSE199994_HD1+GSE173682_Ovarian_Epi",7176,100,"CTCTracer",0,1,"Sensitivity"
"125","GSE199994_HD1+GSE176078_BC_Epi",7079,3,"CTCTracer",0,1,"Sensitivity"
"126","GSE199994_HD1+GSE176078_BC_Epi",7086,10,"CTCTracer",0,1,"Sensitivity"
"127","GSE199994_HD1+GSE176078_BC_Epi",7101,25,"CTCTracer",0,1,"Sensitivity"
"128","GSE199994_HD1+GSE176078_BC_Epi",7176,100,"CTCTracer",0,1,"Sensitivity"
"129","GSE199994_HD1+GSE178318_CRC_Epi",7079,3,"CTCTracer",0,1,"Sensitivity"
"130","GSE199994_HD1+GSE178318_CRC_Epi",7086,10,"CTCTracer",0,1,"Sensitivity"
"131","GSE199994_HD1+GSE178318_CRC_Epi",7101,25,"CTCTracer",0.96,1,"Sensitivity"
"132","GSE199994_HD1+GSE178318_CRC_Epi",7176,100,"CTCTracer",0,0.99,"Sensitivity"
"133","GSE199994_HD1+GSE193337_Prostate_Epi",7079,3,"CTCTracer",0,1,"Sensitivity"
"134","GSE199994_HD1+GSE193337_Prostate_Epi",7086,10,"CTCTracer",0,1,"Sensitivity"
"135","GSE199994_HD1+GSE193337_Prostate_Epi",7101,25,"CTCTracer",0,1,"Sensitivity"
"136","GSE199994_HD1+GSE193337_Prostate_Epi",7176,100,"CTCTracer",0,1,"Sensitivity"
"137","GSE199994_HD1+OMIX001073_GC_Epi",7079,3,"CTCTracer",0,1,"Sensitivity"
"138","GSE199994_HD1+OMIX001073_GC_Epi",7086,10,"CTCTracer",0,1,"Sensitivity"
"139","GSE199994_HD1+OMIX001073_GC_Epi",7101,25,"CTCTracer",0,1,"Sensitivity"
"140","GSE199994_HD1+OMIX001073_GC_Epi",7176,100,"CTCTracer",0,1,"Sensitivity"
"141","GSE199994_HD1+GSE148071_LUNG_Epi",7079,3,"CTCTracer",1,1,"Sensitivity"
"142","GSE199994_HD1+GSE148071_LUNG_Epi",7086,10,"CTCTracer",0,1,"Sensitivity"
"143","GSE199994_HD1+GSE148071_LUNG_Epi",7101,25,"CTCTracer",0,1,"Sensitivity"
"144","GSE199994_HD1+GSE148071_LUNG_Epi",7176,100,"CTCTracer",0,1,"Sensitivity"
"145","GSE199994_HD1+GSE150430_NPC_Epi",7079,3,"CTCTracer",0,1,"Sensitivity"
"146","GSE199994_HD1+GSE150430_NPC_Epi",7176,100,"CTCTracer",0,0.99,"Sensitivity"
"147","GSE199994_HD1+GSE150825_NPC_Epi",7079,3,"CTCTracer",0.333333333333333,1,"Sensitivity"
"148","GSE199994_HD1+GSE150825_NPC_Epi",7086,10,"CTCTracer",0,1,"Sensitivity"
"149","GSE199994_HD1+GSE150825_NPC_Epi",7086,10,"CTCTracer",0,1,"Sensitivity"
"150","GSE199994_HD1+GSE150825_NPC_Epi",7101,25,"CTCTracer",0,1,"Sensitivity"
"151","GSE199994_HD1+GSE150825_NPC_Epi",7101,25,"CTCTracer",0,1,"Sensitivity"
"152","GSE199994_HD1+GSE150825_NPC_Epi",7176,100,"CTCTracer",0,1,"Sensitivity"
"153","GSE199994_HD1+GSE176031_Prostate_Epi",7079,3,"CTCTracer",0.666666666666667,0.66666667,"Sensitivity"
"154","GSE199994_HD1+GSE176031_Prostate_Epi",7086,10,"CTCTracer",0,1,"Sensitivity"
"155","GSE199994_HD1+GSE176031_Prostate_Epi",7101,25,"CTCTracer",0.08,1,"Sensitivity"
"156","GSE199994_HD1+GSE176031_Prostate_Epi",7176,100,"CTCTracer",0,0.99,"Sensitivity"
"157","GSE199994_HD1+GSE149614_HCC_Epi",7079,3,"CTCTracer",0,1,"Sensitivity"
"158","GSE199994_HD1+GSE149614_HCC_Epi",7086,10,"CTCTracer",0,0.9,"Sensitivity"
"159","GSE199994_HD1+GSE149614_HCC_Epi",7101,25,"CTCTracer",0,1,"Sensitivity"
"160","GSE199994_HD1+GSE149614_HCC_Epi",7176,100,"CTCTracer",0,1,"Sensitivity"
"161","GSE199994_HD1+GSM3946506_Mela_cl",7079,3,"CTCTracer",0,1,"Sensitivity"
"162","GSE199994_HD1+GSM3946506_Mela_cl",7086,10,"CTCTracer",0,1,"Sensitivity"
"163","GSE199994_HD1+GSM3946506_Mela_cl",7101,25,"CTCTracer",0,1,"Sensitivity"
"164","GSE199994_HD1+GSM3946506_Mela_cl",7176,100,"CTCTracer",0,1,"Sensitivity"
"165","GSE199994_HD1+GSE215120_Melanoma",7079,3,"CTCTracer",0.333333333333333,1,"Sensitivity"
"166","GSE199994_HD1+GSE215120_Melanoma",7086,10,"CTCTracer",0,1,"Sensitivity"
"167","GSE199994_HD1+GSE215120_Melanoma",7101,25,"CTCTracer",0,1,"Sensitivity"
"168","GSE199994_HD1+GSE215120_Melanoma",7176,100,"CTCTracer",0,1,"Sensitivity"
"169","GSE199994_HD1+Cervix_PreT1_malignant",7079,3,"CTCTracer",1,1,"Sensitivity"
"170","GSE199994_HD1+Cervix_PreT1_malignant",7086,10,"CTCTracer",0,1,"Sensitivity"
"171","GSE199994_HD1+Cervix_PreT1_malignant",7101,25,"CTCTracer",0.04,1,"Sensitivity"
"172","GSE199994_HD1+Cervix_PreT1_malignant",7176,100,"CTCTracer",0,1,"Sensitivity"
"173","GSE199994_HD1+Cervix_PreT2_malignant",7079,3,"CTCTracer",0,1,"Sensitivity"
"174","GSE199994_HD1+Cervix_PreT2_malignant",7086,10,"CTCTracer",0,1,"Sensitivity"
"175","GSE199994_HD1+Cervix_PreT2_malignant",7101,25,"CTCTracer",0,1,"Sensitivity"
"176","GSE199994_HD1+Cervix_PreT2_malignant",7176,100,"CTCTracer",0,1,"Sensitivity"
"177","GSE199994_HD1+Cervix_PreT3_malignant",7079,3,"CTCTracer",0.333333333333333,1,"Sensitivity"
"178","GSE199994_HD1+Cervix_PreT3_malignant",7086,10,"CTCTracer",0.7,1,"Sensitivity"
"179","GSE199994_HD1+Cervix_PreT3_malignant",7101,25,"CTCTracer",0.16,0.88,"Sensitivity"
"180","GSE199994_HD1+Cervix_PreT3_malignant",7176,100,"CTCTracer",0.01,0.96,"Sensitivity"
"181","GSE199994_HD1+Cervix_T2Dur3_malignant",7079,3,"CTCTracer",0.666666666666667,1,"Sensitivity"
"182","GSE199994_HD1+Cervix_T2Dur3_malignant",7086,10,"CTCTracer",0,1,"Sensitivity"
"183","GSE199994_HD1+Cervix_T2Dur3_malignant",7101,25,"CTCTracer",0.04,1,"Sensitivity"
"184","GSE199994_HD1+Cervix_T2Dur3_malignant",7176,100,"CTCTracer",0,1,"Sensitivity"
"185","GSE199994_HD1+Cervix_T3Dur3_malignant",7079,3,"CTCTracer",0.666666666666667,1,"Sensitivity"
"186","GSE199994_HD1+Cervix_T3Dur3_malignant",7086,10,"CTCTracer",0,1,"Sensitivity"
"187","GSE199994_HD1+Cervix_T3Dur3_malignant",7101,25,"CTCTracer",0.04,1,"Sensitivity"
"188","GSE199994_HD1+Cervix_T3Dur3_malignant",7176,100,"CTCTracer",0.82,1,"Sensitivity"
"189","GSE199994_HD1+Cervix_Tumorhn115_malignant",7079,3,"CTCTracer",0,1,"Sensitivity"
"190","GSE199994_HD1+Cervix_Tumorhn115_malignant",7086,10,"CTCTracer",0,1,"Sensitivity"
"191","GSE199994_HD1+Cervix_Tumorhn115_malignant",7101,25,"CTCTracer",0,1,"Sensitivity"
"192","GSE199994_HD1+Cervix_Tumorhn115_malignant",7176,100,"CTCTracer",0,1,"Sensitivity"
"193","GSE199994_HD1+E-MTAB-11948_Cervix_Epi",7079,3,"scATOMIC",0.666666667,1,"Sensitivity"
"194","GSE199994_HD1+E-MTAB-11948_Cervix_Epi",7086,10,"scATOMIC",1,1,"Sensitivity"
"195","GSE199994_HD1+E-MTAB-11948_Cervix_Epi",7101,25,"scATOMIC",1,1,"Sensitivity"
"196","GSE199994_HD1+E-MTAB-11948_Cervix_Epi",7176,100,"scATOMIC",0.71,1,"Sensitivity"
"197","GSE199994_HD1+GSE132465_CRC_Epi",7079,3,"scATOMIC",0.666666667,1,"Sensitivity"
"198","GSE199994_HD1+GSE132465_CRC_Epi",7086,10,"scATOMIC",0.9,1,"Sensitivity"
"199","GSE199994_HD1+GSE132465_CRC_Epi",7101,25,"scATOMIC",0.96,1,"Sensitivity"
"200","GSE199994_HD1+GSE132465_CRC_Epi",7176,100,"scATOMIC",1,1,"Sensitivity"
"201","GSE199994_HD1+GSE155698_PDAC_Epi",7079,3,"scATOMIC",0.666666667,1,"Sensitivity"
"202","GSE199994_HD1+GSE155698_PDAC_Epi",7086,10,"scATOMIC",1,1,"Sensitivity"
"203","GSE199994_HD1+GSE155698_PDAC_Epi",7101,25,"scATOMIC",1,1,"Sensitivity"
"204","GSE199994_HD1+GSE155698_PDAC_Epi",7176,100,"scATOMIC",1,0.99,"Sensitivity"
"205","GSE199994_HD1+GSE162025_NPC_Epi",7079,3,"scATOMIC",0,1,"Sensitivity"
"206","GSE199994_HD1+GSE162025_NPC_Epi",7086,10,"scATOMIC",1,1,"Sensitivity"
"207","GSE199994_HD1+GSE162025_NPC_Epi",7101,25,"scATOMIC",1,1,"Sensitivity"
"208","GSE199994_HD1+GSE162025_NPC_Epi",7176,100,"scATOMIC",0.98,1,"Sensitivity"
"209","GSE199994_HD1+GSE168652_Cervix_Epi",7079,3,"scATOMIC",0.666666667,1,"Sensitivity"
"210","GSE199994_HD1+GSE168652_Cervix_Epi",7086,10,"scATOMIC",1,1,"Sensitivity"
"211","GSE199994_HD1+GSE168652_Cervix_Epi",7101,25,"scATOMIC",1,1,"Sensitivity"
"212","GSE199994_HD1+GSE168652_Cervix_Epi",7176,100,"scATOMIC",0.61,1,"Sensitivity"
"213","GSE199994_HD1+GSE173682_Endome_Epi",7079,3,"scATOMIC",0,1,"Sensitivity"
"214","GSE199994_HD1+GSE173682_Endome_Epi",7086,10,"scATOMIC",1,1,"Sensitivity"
"215","GSE199994_HD1+GSE173682_Endome_Epi",7101,25,"scATOMIC",1,1,"Sensitivity"
"216","GSE199994_HD1+GSE173682_Endome_Epi",7176,100,"scATOMIC",1,1,"Sensitivity"
"217","GSE199994_HD1+GSE173682_Ovarian_Epi",7079,3,"scATOMIC",1,1,"Sensitivity"
"218","GSE199994_HD1+GSE173682_Ovarian_Epi",7086,10,"scATOMIC",1,1,"Sensitivity"
"219","GSE199994_HD1+GSE173682_Ovarian_Epi",7101,25,"scATOMIC",1,1,"Sensitivity"
"220","GSE199994_HD1+GSE173682_Ovarian_Epi",7176,100,"scATOMIC",1,1,"Sensitivity"
"221","GSE199994_HD1+GSE176078_BC_Epi",7079,3,"scATOMIC",0,1,"Sensitivity"
"222","GSE199994_HD1+GSE176078_BC_Epi",7086,10,"scATOMIC",0.9,1,"Sensitivity"
"223","GSE199994_HD1+GSE176078_BC_Epi",7101,25,"scATOMIC",1,1,"Sensitivity"
"224","GSE199994_HD1+GSE176078_BC_Epi",7176,100,"scATOMIC",1,1,"Sensitivity"
"225","GSE199994_HD1+GSE178318_CRC_Epi",7079,3,"scATOMIC",1,1,"Sensitivity"
"226","GSE199994_HD1+GSE178318_CRC_Epi",7086,10,"scATOMIC",0.9,1,"Sensitivity"
"227","GSE199994_HD1+GSE178318_CRC_Epi",7101,25,"scATOMIC",1,1,"Sensitivity"
"228","GSE199994_HD1+GSE178318_CRC_Epi",7176,100,"scATOMIC",0.99,0.99,"Sensitivity"
"229","GSE199994_HD1+GSE193337_Prostate_Epi",7079,3,"scATOMIC",0,1,"Sensitivity"
"230","GSE199994_HD1+GSE193337_Prostate_Epi",7086,10,"scATOMIC",1,1,"Sensitivity"
"231","GSE199994_HD1+GSE193337_Prostate_Epi",7101,25,"scATOMIC",1,1,"Sensitivity"
"232","GSE199994_HD1+GSE193337_Prostate_Epi",7176,100,"scATOMIC",0.5,1,"Sensitivity"
"233","GSE199994_HD1+OMIX001073_GC_Epi",7079,3,"scATOMIC",0.666666667,1,"Sensitivity"
"234","GSE199994_HD1+OMIX001073_GC_Epi",7086,10,"scATOMIC",1,1,"Sensitivity"
"235","GSE199994_HD1+OMIX001073_GC_Epi",7101,25,"scATOMIC",0.84,1,"Sensitivity"
"236","GSE199994_HD1+OMIX001073_GC_Epi",7176,100,"scATOMIC",0.88,1,"Sensitivity"
"237","GSE199994_HD1+GSE148071_LUNG_Epi",7079,3,"scATOMIC",0,1,"Sensitivity"
"238","GSE199994_HD1+GSE148071_LUNG_Epi",7086,10,"scATOMIC",1,1,"Sensitivity"
"239","GSE199994_HD1+GSE148071_LUNG_Epi",7101,25,"scATOMIC",1,1,"Sensitivity"
"240","GSE199994_HD1+GSE148071_LUNG_Epi",7176,100,"scATOMIC",0.7,1,"Sensitivity"
"241","GSE199994_HD1+GSE150430_NPC_Epi",7079,3,"scATOMIC",0.666666667,1,"Sensitivity"
"242","GSE199994_HD1+GSE150430_NPC_Epi",7176,100,"scATOMIC",1,0.99,"Sensitivity"
"243","GSE199994_HD1+GSE150825_NPC_Epi",7079,3,"scATOMIC",0,1,"Sensitivity"
"244","GSE199994_HD1+GSE150825_NPC_Epi",7086,10,"scATOMIC",0.9,1,"Sensitivity"
"245","GSE199994_HD1+GSE150825_NPC_Epi",7086,10,"scATOMIC",0.9,1,"Sensitivity"
"246","GSE199994_HD1+GSE150825_NPC_Epi",7101,25,"scATOMIC",1,1,"Sensitivity"
"247","GSE199994_HD1+GSE150825_NPC_Epi",7101,25,"scATOMIC",1,1,"Sensitivity"
"248","GSE199994_HD1+GSE150825_NPC_Epi",7176,100,"scATOMIC",0.58,1,"Sensitivity"
"249","GSE199994_HD1+GSE176031_Prostate_Epi",7079,3,"scATOMIC",0,0.66666667,"Sensitivity"
"250","GSE199994_HD1+GSE176031_Prostate_Epi",7086,10,"scATOMIC",1,1,"Sensitivity"
"251","GSE199994_HD1+GSE176031_Prostate_Epi",7101,25,"scATOMIC",1,1,"Sensitivity"
"252","GSE199994_HD1+GSE176031_Prostate_Epi",7176,100,"scATOMIC",1,0.99,"Sensitivity"
"253","GSE199994_HD1+GSE149614_HCC_Epi",7079,3,"scATOMIC",0,1,"Sensitivity"
"254","GSE199994_HD1+GSE149614_HCC_Epi",7086,10,"scATOMIC",0.8,0.9,"Sensitivity"
"255","GSE199994_HD1+GSE149614_HCC_Epi",7101,25,"scATOMIC",1,1,"Sensitivity"
"256","GSE199994_HD1+GSE149614_HCC_Epi",7176,100,"scATOMIC",0.4,1,"Sensitivity"
"257","GSE199994_HD1+GSM3946506_Mela_cl",7079,3,"scATOMIC",0,1,"Sensitivity"
"258","GSE199994_HD1+GSM3946506_Mela_cl",7086,10,"scATOMIC",1,1,"Sensitivity"
"259","GSE199994_HD1+GSM3946506_Mela_cl",7101,25,"scATOMIC",1,1,"Sensitivity"
"260","GSE199994_HD1+GSM3946506_Mela_cl",7176,100,"scATOMIC",1,1,"Sensitivity"
"261","GSE199994_HD1+GSE215120_Melanoma",7079,3,"scATOMIC",0,1,"Sensitivity"
"262","GSE199994_HD1+GSE215120_Melanoma",7086,10,"scATOMIC",1,1,"Sensitivity"
"263","GSE199994_HD1+GSE215120_Melanoma",7101,25,"scATOMIC",1,1,"Sensitivity"
"264","GSE199994_HD1+GSE215120_Melanoma",7176,100,"scATOMIC",1,1,"Sensitivity"
"265","GSE199994_HD1+Cervix_PreT1_malignant",7079,3,"scATOMIC",0,1,"Sensitivity"
"266","GSE199994_HD1+Cervix_PreT1_malignant",7086,10,"scATOMIC",1,1,"Sensitivity"
"267","GSE199994_HD1+Cervix_PreT1_malignant",7101,25,"scATOMIC",0.96,1,"Sensitivity"
"268","GSE199994_HD1+Cervix_PreT1_malignant",7176,100,"scATOMIC",0.97,1,"Sensitivity"
"269","GSE199994_HD1+Cervix_PreT2_malignant",7079,3,"scATOMIC",0,1,"Sensitivity"
"270","GSE199994_HD1+Cervix_PreT2_malignant",7086,10,"scATOMIC",1,1,"Sensitivity"
"271","GSE199994_HD1+Cervix_PreT2_malignant",7101,25,"scATOMIC",0.92,1,"Sensitivity"
"272","GSE199994_HD1+Cervix_PreT2_malignant",7176,100,"scATOMIC",0.82,1,"Sensitivity"
"273","GSE199994_HD1+Cervix_PreT3_malignant",7079,3,"scATOMIC",0,1,"Sensitivity"
"274","GSE199994_HD1+Cervix_PreT3_malignant",7086,10,"scATOMIC",0.8,1,"Sensitivity"
"275","GSE199994_HD1+Cervix_PreT3_malignant",7101,25,"scATOMIC",0.56,0.88,"Sensitivity"
"276","GSE199994_HD1+Cervix_PreT3_malignant",7176,100,"scATOMIC",0.42,0.96,"Sensitivity"
"277","GSE199994_HD1+Cervix_T2Dur3_malignant",7079,3,"scATOMIC",0,1,"Sensitivity"
"278","GSE199994_HD1+Cervix_T2Dur3_malignant",7086,10,"scATOMIC",0.6,1,"Sensitivity"
"279","GSE199994_HD1+Cervix_T2Dur3_malignant",7101,25,"scATOMIC",0.96,1,"Sensitivity"
"280","GSE199994_HD1+Cervix_T2Dur3_malignant",7176,100,"scATOMIC",0.67,1,"Sensitivity"
"281","GSE199994_HD1+Cervix_T3Dur3_malignant",7079,3,"scATOMIC",0,1,"Sensitivity"
"282","GSE199994_HD1+Cervix_T3Dur3_malignant",7086,10,"scATOMIC",0,1,"Sensitivity"
"283","GSE199994_HD1+Cervix_T3Dur3_malignant",7101,25,"scATOMIC",0,1,"Sensitivity"
"284","GSE199994_HD1+Cervix_T3Dur3_malignant",7176,100,"scATOMIC",0.6,1,"Sensitivity"
"285","GSE199994_HD1+Cervix_Tumorhn115_malignant",7079,3,"scATOMIC",0,1,"Sensitivity"
"286","GSE199994_HD1+Cervix_Tumorhn115_malignant",7086,10,"scATOMIC",1,1,"Sensitivity"
"287","GSE199994_HD1+Cervix_Tumorhn115_malignant",7101,25,"scATOMIC",1,1,"Sensitivity"
"288","GSE199994_HD1+Cervix_Tumorhn115_malignant",7176,100,"scATOMIC",0.7,1,"Sensitivity"
"289","GSE199994_HD1+E-MTAB-11948_Cervix_Epi",7079,3,"scfoundation",1,1,"Sensitivity"
"290","GSE199994_HD1+E-MTAB-11948_Cervix_Epi",7086,10,"scfoundation",1,1,"Sensitivity"
"291","GSE199994_HD1+E-MTAB-11948_Cervix_Epi",7101,25,"scfoundation",1,1,"Sensitivity"
"292","GSE199994_HD1+E-MTAB-11948_Cervix_Epi",7176,100,"scfoundation",1,1,"Sensitivity"
"293","GSE199994_HD1+GSE132465_CRC_Epi",7079,3,"scfoundation",1,1,"Sensitivity"
"294","GSE199994_HD1+GSE132465_CRC_Epi",7086,10,"scfoundation",1,1,"Sensitivity"
"295","GSE199994_HD1+GSE132465_CRC_Epi",7101,25,"scfoundation",1,1,"Sensitivity"
"296","GSE199994_HD1+GSE132465_CRC_Epi",7176,100,"scfoundation",1,1,"Sensitivity"
"297","GSE199994_HD1+GSE155698_PDAC_Epi",7079,3,"scfoundation",1,1,"Sensitivity"
"298","GSE199994_HD1+GSE155698_PDAC_Epi",7086,10,"scfoundation",1,1,"Sensitivity"
"299","GSE199994_HD1+GSE155698_PDAC_Epi",7101,25,"scfoundation",1,1,"Sensitivity"
"300","GSE199994_HD1+GSE155698_PDAC_Epi",7176,100,"scfoundation",0.97,0.99,"Sensitivity"
"301","GSE199994_HD1+GSE162025_NPC_Epi",7079,3,"scfoundation",1,1,"Sensitivity"
"302","GSE199994_HD1+GSE162025_NPC_Epi",7086,10,"scfoundation",1,1,"Sensitivity"
"303","GSE199994_HD1+GSE162025_NPC_Epi",7101,25,"scfoundation",1,1,"Sensitivity"
"304","GSE199994_HD1+GSE162025_NPC_Epi",7176,100,"scfoundation",0.99,1,"Sensitivity"
"305","GSE199994_HD1+GSE168652_Cervix_Epi",7079,3,"scfoundation",1,1,"Sensitivity"
"306","GSE199994_HD1+GSE168652_Cervix_Epi",7086,10,"scfoundation",1,1,"Sensitivity"
"307","GSE199994_HD1+GSE168652_Cervix_Epi",7101,25,"scfoundation",1,1,"Sensitivity"
"308","GSE199994_HD1+GSE168652_Cervix_Epi",7176,100,"scfoundation",1,1,"Sensitivity"
"309","GSE199994_HD1+GSE173682_Endome_Epi",7079,3,"scfoundation",0.333333333,1,"Sensitivity"
"310","GSE199994_HD1+GSE173682_Endome_Epi",7086,10,"scfoundation",0.8,1,"Sensitivity"
"311","GSE199994_HD1+GSE173682_Endome_Epi",7101,25,"scfoundation",0.72,1,"Sensitivity"
"312","GSE199994_HD1+GSE173682_Endome_Epi",7176,100,"scfoundation",0.7,1,"Sensitivity"
"313","GSE199994_HD1+GSE173682_Ovarian_Epi",7079,3,"scfoundation",1,1,"Sensitivity"
"314","GSE199994_HD1+GSE173682_Ovarian_Epi",7086,10,"scfoundation",0.9,1,"Sensitivity"
"315","GSE199994_HD1+GSE173682_Ovarian_Epi",7101,25,"scfoundation",0.92,1,"Sensitivity"
"316","GSE199994_HD1+GSE173682_Ovarian_Epi",7176,100,"scfoundation",0.85,1,"Sensitivity"
"317","GSE199994_HD1+GSE176078_BC_Epi",7079,3,"scfoundation",1,1,"Sensitivity"
"318","GSE199994_HD1+GSE176078_BC_Epi",7086,10,"scfoundation",1,1,"Sensitivity"
"319","GSE199994_HD1+GSE176078_BC_Epi",7101,25,"scfoundation",1,1,"Sensitivity"
"320","GSE199994_HD1+GSE176078_BC_Epi",7176,100,"scfoundation",0.98,1,"Sensitivity"
"321","GSE199994_HD1+GSE178318_CRC_Epi",7079,3,"scfoundation",1,1,"Sensitivity"
"322","GSE199994_HD1+GSE178318_CRC_Epi",7086,10,"scfoundation",1,1,"Sensitivity"
"323","GSE199994_HD1+GSE178318_CRC_Epi",7101,25,"scfoundation",1,1,"Sensitivity"
"324","GSE199994_HD1+GSE178318_CRC_Epi",7176,100,"scfoundation",1,0.99,"Sensitivity"
"325","GSE199994_HD1+GSE193337_Prostate_Epi",7079,3,"scfoundation",1,1,"Sensitivity"
"326","GSE199994_HD1+GSE193337_Prostate_Epi",7086,10,"scfoundation",1,1,"Sensitivity"
"327","GSE199994_HD1+GSE193337_Prostate_Epi",7101,25,"scfoundation",1,1,"Sensitivity"
"328","GSE199994_HD1+GSE193337_Prostate_Epi",7176,100,"scfoundation",0.99,1,"Sensitivity"
"329","GSE199994_HD1+OMIX001073_GC_Epi",7079,3,"scfoundation",1,1,"Sensitivity"
"330","GSE199994_HD1+OMIX001073_GC_Epi",7086,10,"scfoundation",1,1,"Sensitivity"
"331","GSE199994_HD1+OMIX001073_GC_Epi",7101,25,"scfoundation",1,1,"Sensitivity"
"332","GSE199994_HD1+OMIX001073_GC_Epi",7176,100,"scfoundation",1,1,"Sensitivity"
"333","GSE199994_HD1+GSE148071_LUNG_Epi",7079,3,"scfoundation",1,1,"Sensitivity"
"334","GSE199994_HD1+GSE148071_LUNG_Epi",7086,10,"scfoundation",1,1,"Sensitivity"
"335","GSE199994_HD1+GSE148071_LUNG_Epi",7101,25,"scfoundation",1,1,"Sensitivity"
"336","GSE199994_HD1+GSE148071_LUNG_Epi",7176,100,"scfoundation",0.98,1,"Sensitivity"
"337","GSE199994_HD1+GSE150430_NPC_Epi",7079,3,"scfoundation",1,1,"Sensitivity"
"338","GSE199994_HD1+GSE150430_NPC_Epi",7176,100,"scfoundation",1,0.99,"Sensitivity"
"339","GSE199994_HD1+GSE150825_NPC_Epi",7079,3,"scfoundation",1,1,"Sensitivity"
"340","GSE199994_HD1+GSE150825_NPC_Epi",7086,10,"scfoundation",1,1,"Sensitivity"
"341","GSE199994_HD1+GSE150825_NPC_Epi",7086,10,"scfoundation",1,1,"Sensitivity"
"342","GSE199994_HD1+GSE150825_NPC_Epi",7101,25,"scfoundation",0.96,1,"Sensitivity"
"343","GSE199994_HD1+GSE150825_NPC_Epi",7101,25,"scfoundation",0.96,1,"Sensitivity"
"344","GSE199994_HD1+GSE150825_NPC_Epi",7176,100,"scfoundation",1,1,"Sensitivity"
"345","GSE199994_HD1+GSE176031_Prostate_Epi",7079,3,"scfoundation",1,0.66666667,"Sensitivity"
"346","GSE199994_HD1+GSE176031_Prostate_Epi",7086,10,"scfoundation",1,1,"Sensitivity"
"347","GSE199994_HD1+GSE176031_Prostate_Epi",7101,25,"scfoundation",1,1,"Sensitivity"
"348","GSE199994_HD1+GSE176031_Prostate_Epi",7176,100,"scfoundation",1,0.99,"Sensitivity"
"349","GSE199994_HD1+GSE149614_HCC_Epi",7079,3,"scfoundation",1,1,"Sensitivity"
"350","GSE199994_HD1+GSE149614_HCC_Epi",7086,10,"scfoundation",1,0.9,"Sensitivity"
"351","GSE199994_HD1+GSE149614_HCC_Epi",7101,25,"scfoundation",1,1,"Sensitivity"
"352","GSE199994_HD1+GSE149614_HCC_Epi",7176,100,"scfoundation",0.99,1,"Sensitivity"
"353","GSE199994_HD1+GSM3946506_Mela_cl",7079,3,"scfoundation",1,1,"Sensitivity"
"354","GSE199994_HD1+GSM3946506_Mela_cl",7086,10,"scfoundation",0.9,1,"Sensitivity"
"355","GSE199994_HD1+GSM3946506_Mela_cl",7101,25,"scfoundation",0.84,1,"Sensitivity"
"356","GSE199994_HD1+GSM3946506_Mela_cl",7176,100,"scfoundation",0.96,1,"Sensitivity"
"357","GSE199994_HD1+GSE215120_Melanoma",7079,3,"scfoundation",0.333333333,1,"Sensitivity"
"358","GSE199994_HD1+GSE215120_Melanoma",7086,10,"scfoundation",0.8,1,"Sensitivity"
"359","GSE199994_HD1+GSE215120_Melanoma",7101,25,"scfoundation",0.76,1,"Sensitivity"
"360","GSE199994_HD1+GSE215120_Melanoma",7176,100,"scfoundation",0.75,1,"Sensitivity"
"361","GSE199994_HD1+Cervix_PreT1_malignant",7079,3,"scfoundation",1,1,"Sensitivity"
"362","GSE199994_HD1+Cervix_PreT1_malignant",7086,10,"scfoundation",1,1,"Sensitivity"
"363","GSE199994_HD1+Cervix_PreT1_malignant",7101,25,"scfoundation",1,1,"Sensitivity"
"364","GSE199994_HD1+Cervix_PreT1_malignant",7176,100,"scfoundation",0.99,1,"Sensitivity"
"365","GSE199994_HD1+Cervix_PreT2_malignant",7079,3,"scfoundation",1,1,"Sensitivity"
"366","GSE199994_HD1+Cervix_PreT2_malignant",7086,10,"scfoundation",1,1,"Sensitivity"
"367","GSE199994_HD1+Cervix_PreT2_malignant",7101,25,"scfoundation",1,1,"Sensitivity"
"368","GSE199994_HD1+Cervix_PreT2_malignant",7176,100,"scfoundation",0.97,1,"Sensitivity"
"369","GSE199994_HD1+Cervix_PreT3_malignant",7079,3,"scfoundation",0.666666667,1,"Sensitivity"
"370","GSE199994_HD1+Cervix_PreT3_malignant",7086,10,"scfoundation",1,1,"Sensitivity"
"371","GSE199994_HD1+Cervix_PreT3_malignant",7101,25,"scfoundation",0.76,0.88,"Sensitivity"
"372","GSE199994_HD1+Cervix_PreT3_malignant",7176,100,"scfoundation",0.86,0.96,"Sensitivity"
"373","GSE199994_HD1+Cervix_T2Dur3_malignant",7079,3,"scfoundation",1,1,"Sensitivity"
"374","GSE199994_HD1+Cervix_T2Dur3_malignant",7086,10,"scfoundation",0.7,1,"Sensitivity"
"375","GSE199994_HD1+Cervix_T2Dur3_malignant",7101,25,"scfoundation",0.56,1,"Sensitivity"
"376","GSE199994_HD1+Cervix_T2Dur3_malignant",7176,100,"scfoundation",0.74,1,"Sensitivity"
"377","GSE199994_HD1+Cervix_T3Dur3_malignant",7079,3,"scfoundation",0.333333333,1,"Sensitivity"
"378","GSE199994_HD1+Cervix_T3Dur3_malignant",7086,10,"scfoundation",0.1,1,"Sensitivity"
"379","GSE199994_HD1+Cervix_T3Dur3_malignant",7101,25,"scfoundation",0.28,1,"Sensitivity"
"380","GSE199994_HD1+Cervix_T3Dur3_malignant",7176,100,"scfoundation",0.26,1,"Sensitivity"
"381","GSE199994_HD1+Cervix_Tumorhn115_malignant",7079,3,"scfoundation",1,1,"Sensitivity"
"382","GSE199994_HD1+Cervix_Tumorhn115_malignant",7086,10,"scfoundation",1,1,"Sensitivity"
"383","GSE199994_HD1+Cervix_Tumorhn115_malignant",7101,25,"scfoundation",0.96,1,"Sensitivity"
"384","GSE199994_HD1+Cervix_Tumorhn115_malignant",7176,100,"scfoundation",0.94,1,"Sensitivity"
"385","GSE199994_HD1+E-MTAB-11948_Cervix_Epi",7079,3,"scGPT",1,1,"Sensitivity"
"386","GSE199994_HD1+E-MTAB-11948_Cervix_Epi",7086,10,"scGPT",1,1,"Sensitivity"
"387","GSE199994_HD1+E-MTAB-11948_Cervix_Epi",7101,25,"scGPT",1,1,"Sensitivity"
"388","GSE199994_HD1+E-MTAB-11948_Cervix_Epi",7176,100,"scGPT",0.95,1,"Sensitivity"
"389","GSE199994_HD1+GSE132465_CRC_Epi",7079,3,"scGPT",1,1,"Sensitivity"
"390","GSE199994_HD1+GSE132465_CRC_Epi",7086,10,"scGPT",0.9,1,"Sensitivity"
"391","GSE199994_HD1+GSE132465_CRC_Epi",7101,25,"scGPT",1,1,"Sensitivity"
"392","GSE199994_HD1+GSE132465_CRC_Epi",7176,100,"scGPT",0.98,1,"Sensitivity"
"393","GSE199994_HD1+GSE155698_PDAC_Epi",7079,3,"scGPT",1,1,"Sensitivity"
"394","GSE199994_HD1+GSE155698_PDAC_Epi",7086,10,"scGPT",1,1,"Sensitivity"
"395","GSE199994_HD1+GSE155698_PDAC_Epi",7101,25,"scGPT",0.92,1,"Sensitivity"
"396","GSE199994_HD1+GSE155698_PDAC_Epi",7176,100,"scGPT",0.91,0.99,"Sensitivity"
"397","GSE199994_HD1+GSE162025_NPC_Epi",7079,3,"scGPT",1,1,"Sensitivity"
"398","GSE199994_HD1+GSE162025_NPC_Epi",7086,10,"scGPT",1,1,"Sensitivity"
"399","GSE199994_HD1+GSE162025_NPC_Epi",7101,25,"scGPT",1,1,"Sensitivity"
"400","GSE199994_HD1+GSE162025_NPC_Epi",7176,100,"scGPT",0.97,1,"Sensitivity"
"401","GSE199994_HD1+GSE168652_Cervix_Epi",7079,3,"scGPT",1,1,"Sensitivity"
"402","GSE199994_HD1+GSE168652_Cervix_Epi",7086,10,"scGPT",1,1,"Sensitivity"
"403","GSE199994_HD1+GSE168652_Cervix_Epi",7101,25,"scGPT",1,1,"Sensitivity"
"404","GSE199994_HD1+GSE168652_Cervix_Epi",7176,100,"scGPT",1,1,"Sensitivity"
"405","GSE199994_HD1+GSE173682_Endome_Epi",7079,3,"scGPT",0.666666667,1,"Sensitivity"
"406","GSE199994_HD1+GSE173682_Endome_Epi",7086,10,"scGPT",0.8,1,"Sensitivity"
"407","GSE199994_HD1+GSE173682_Endome_Epi",7101,25,"scGPT",0.88,1,"Sensitivity"
"408","GSE199994_HD1+GSE173682_Endome_Epi",7176,100,"scGPT",0.84,1,"Sensitivity"
"409","GSE199994_HD1+GSE173682_Ovarian_Epi",7079,3,"scGPT",1,1,"Sensitivity"
"410","GSE199994_HD1+GSE173682_Ovarian_Epi",7086,10,"scGPT",0.7,1,"Sensitivity"
"411","GSE199994_HD1+GSE173682_Ovarian_Epi",7101,25,"scGPT",0.84,1,"Sensitivity"
"412","GSE199994_HD1+GSE173682_Ovarian_Epi",7176,100,"scGPT",0.79,1,"Sensitivity"
"413","GSE199994_HD1+GSE176078_BC_Epi",7079,3,"scGPT",1,1,"Sensitivity"
"414","GSE199994_HD1+GSE176078_BC_Epi",7086,10,"scGPT",0.9,1,"Sensitivity"
"415","GSE199994_HD1+GSE176078_BC_Epi",7101,25,"scGPT",1,1,"Sensitivity"
"416","GSE199994_HD1+GSE176078_BC_Epi",7176,100,"scGPT",0.9,1,"Sensitivity"
"417","GSE199994_HD1+GSE178318_CRC_Epi",7079,3,"scGPT",1,1,"Sensitivity"
"418","GSE199994_HD1+GSE178318_CRC_Epi",7086,10,"scGPT",0.9,1,"Sensitivity"
"419","GSE199994_HD1+GSE178318_CRC_Epi",7101,25,"scGPT",0.96,1,"Sensitivity"
"420","GSE199994_HD1+GSE178318_CRC_Epi",7176,100,"scGPT",0.97,0.99,"Sensitivity"
"421","GSE199994_HD1+GSE193337_Prostate_Epi",7079,3,"scGPT",1,1,"Sensitivity"
"422","GSE199994_HD1+GSE193337_Prostate_Epi",7086,10,"scGPT",1,1,"Sensitivity"
"423","GSE199994_HD1+GSE193337_Prostate_Epi",7101,25,"scGPT",1,1,"Sensitivity"
"424","GSE199994_HD1+GSE193337_Prostate_Epi",7176,100,"scGPT",1,1,"Sensitivity"
"425","GSE199994_HD1+OMIX001073_GC_Epi",7079,3,"scGPT",1,1,"Sensitivity"
"426","GSE199994_HD1+OMIX001073_GC_Epi",7086,10,"scGPT",1,1,"Sensitivity"
"427","GSE199994_HD1+OMIX001073_GC_Epi",7101,25,"scGPT",0.88,1,"Sensitivity"
"428","GSE199994_HD1+OMIX001073_GC_Epi",7176,100,"scGPT",0.93,1,"Sensitivity"
"429","GSE199994_HD1+GSE148071_LUNG_Epi",7079,3,"scGPT",0.666666667,1,"Sensitivity"
"430","GSE199994_HD1+GSE148071_LUNG_Epi",7086,10,"scGPT",0.8,1,"Sensitivity"
"431","GSE199994_HD1+GSE148071_LUNG_Epi",7101,25,"scGPT",0.88,1,"Sensitivity"
"432","GSE199994_HD1+GSE148071_LUNG_Epi",7176,100,"scGPT",0.84,1,"Sensitivity"
"433","GSE199994_HD1+GSE150430_NPC_Epi",7079,3,"scGPT",1,1,"Sensitivity"
"434","GSE199994_HD1+GSE150430_NPC_Epi",7176,100,"scGPT",1,0.99,"Sensitivity"
"435","GSE199994_HD1+GSE150825_NPC_Epi",7079,3,"scGPT",1,1,"Sensitivity"
"436","GSE199994_HD1+GSE150825_NPC_Epi",7086,10,"scGPT",0.8,1,"Sensitivity"
"437","GSE199994_HD1+GSE150825_NPC_Epi",7086,10,"scGPT",0.8,1,"Sensitivity"
"438","GSE199994_HD1+GSE150825_NPC_Epi",7101,25,"scGPT",0.88,1,"Sensitivity"
"439","GSE199994_HD1+GSE150825_NPC_Epi",7101,25,"scGPT",0.88,1,"Sensitivity"
"440","GSE199994_HD1+GSE150825_NPC_Epi",7176,100,"scGPT",0.87,1,"Sensitivity"
"441","GSE199994_HD1+GSE176031_Prostate_Epi",7079,3,"scGPT",1,0.66666667,"Sensitivity"
"442","GSE199994_HD1+GSE176031_Prostate_Epi",7086,10,"scGPT",1,1,"Sensitivity"
"443","GSE199994_HD1+GSE176031_Prostate_Epi",7101,25,"scGPT",1,1,"Sensitivity"
"444","GSE199994_HD1+GSE176031_Prostate_Epi",7176,100,"scGPT",1,0.99,"Sensitivity"
"445","GSE199994_HD1+GSE149614_HCC_Epi",7079,3,"scGPT",0.333333333,1,"Sensitivity"
"446","GSE199994_HD1+GSE149614_HCC_Epi",7086,10,"scGPT",0.3,0.9,"Sensitivity"
"447","GSE199994_HD1+GSE149614_HCC_Epi",7101,25,"scGPT",0.56,1,"Sensitivity"
"448","GSE199994_HD1+GSE149614_HCC_Epi",7176,100,"scGPT",0.44,1,"Sensitivity"
"449","GSE199994_HD1+GSM3946506_Mela_cl",7079,3,"scGPT",1,1,"Sensitivity"
"450","GSE199994_HD1+GSM3946506_Mela_cl",7086,10,"scGPT",0.8,1,"Sensitivity"
"451","GSE199994_HD1+GSM3946506_Mela_cl",7101,25,"scGPT",0.96,1,"Sensitivity"
"452","GSE199994_HD1+GSM3946506_Mela_cl",7176,100,"scGPT",0.93,1,"Sensitivity"
"453","GSE199994_HD1+GSE215120_Melanoma",7079,3,"scGPT",0.666666667,1,"Sensitivity"
"454","GSE199994_HD1+GSE215120_Melanoma",7086,10,"scGPT",0.5,1,"Sensitivity"
"455","GSE199994_HD1+GSE215120_Melanoma",7101,25,"scGPT",0.56,1,"Sensitivity"
"456","GSE199994_HD1+GSE215120_Melanoma",7176,100,"scGPT",0.56,1,"Sensitivity"
"457","GSE199994_HD1+Cervix_PreT1_malignant",7079,3,"scGPT",1,1,"Sensitivity"
"458","GSE199994_HD1+Cervix_PreT1_malignant",7086,10,"scGPT",1,1,"Sensitivity"
"459","GSE199994_HD1+Cervix_PreT1_malignant",7101,25,"scGPT",1,1,"Sensitivity"
"460","GSE199994_HD1+Cervix_PreT1_malignant",7176,100,"scGPT",1,1,"Sensitivity"
"461","GSE199994_HD1+Cervix_PreT2_malignant",7079,3,"scGPT",1,1,"Sensitivity"
"462","GSE199994_HD1+Cervix_PreT2_malignant",7086,10,"scGPT",1,1,"Sensitivity"
"463","GSE199994_HD1+Cervix_PreT2_malignant",7101,25,"scGPT",1,1,"Sensitivity"
"464","GSE199994_HD1+Cervix_PreT2_malignant",7176,100,"scGPT",1,1,"Sensitivity"
"465","GSE199994_HD1+Cervix_PreT3_malignant",7079,3,"scGPT",1,1,"Sensitivity"
"466","GSE199994_HD1+Cervix_PreT3_malignant",7086,10,"scGPT",1,1,"Sensitivity"
"467","GSE199994_HD1+Cervix_PreT3_malignant",7101,25,"scGPT",0.88,0.88,"Sensitivity"
"468","GSE199994_HD1+Cervix_PreT3_malignant",7176,100,"scGPT",0.93,0.96,"Sensitivity"
"469","GSE199994_HD1+Cervix_T2Dur3_malignant",7079,3,"scGPT",1,1,"Sensitivity"
"470","GSE199994_HD1+Cervix_T2Dur3_malignant",7086,10,"scGPT",0.9,1,"Sensitivity"
"471","GSE199994_HD1+Cervix_T2Dur3_malignant",7101,25,"scGPT",1,1,"Sensitivity"
"472","GSE199994_HD1+Cervix_T2Dur3_malignant",7176,100,"scGPT",0.92,1,"Sensitivity"
"473","GSE199994_HD1+Cervix_T3Dur3_malignant",7079,3,"scGPT",0.333333333,1,"Sensitivity"
"474","GSE199994_HD1+Cervix_T3Dur3_malignant",7086,10,"scGPT",0.2,1,"Sensitivity"
"475","GSE199994_HD1+Cervix_T3Dur3_malignant",7101,25,"scGPT",0.32,1,"Sensitivity"
"476","GSE199994_HD1+Cervix_T3Dur3_malignant",7176,100,"scGPT",0.35,1,"Sensitivity"
"477","GSE199994_HD1+Cervix_Tumorhn115_malignant",7079,3,"scGPT",1,1,"Sensitivity"
"478","GSE199994_HD1+Cervix_Tumorhn115_malignant",7086,10,"scGPT",1,1,"Sensitivity"
"479","GSE199994_HD1+Cervix_Tumorhn115_malignant",7101,25,"scGPT",0.96,1,"Sensitivity"
"480","GSE199994_HD1+Cervix_Tumorhn115_malignant",7176,100,"scGPT",1,1,"Sensitivity"
"481","Immune+GSE132465_CRC_Epi",10003,3,"copykat",0.333333333333333,0.666666667,"Sensitivity"
"482","Immune+GSE132465_CRC_Epi",10025,25,"copykat",0.08,1,"Sensitivity"
"483","Immune+GSE155698_PDAC_Epi",10025,25,"copykat",0.04,1,"Sensitivity"
"484","Immune+GSE176078_BC_Epi",10003,3,"copykat",0.333333333333333,1,"Sensitivity"
"485","Immune+GSE176078_BC_Epi",10010,10,"copykat",0,1,"Sensitivity"
"486","Immune+GSE176078_BC_Epi",10025,25,"copykat",0.64,1,"Sensitivity"
"487","Immune+GSE176078_BC_Epi",10100,100,"copykat",0.92,1,"Sensitivity"
"488","Immune+GSE178318_CRC_Epi",10010,10,"copykat",0.9,1,"Sensitivity"
"489","Immune+GSE193337_Prostate_Epi",10003,3,"copykat",0,1,"Sensitivity"
"490","Immune+GSE193337_Prostate_Epi",10025,25,"copykat",0.08,1,"Sensitivity"
"491","Immune+GSE176031_Prostate_Epi",10003,3,"copykat",0,1,"Sensitivity"
"492","Immune+GSM3946506_Mela_cl",10003,3,"copykat",0,1,"Sensitivity"
"493","Immune+GSM3946506_Mela_cl",10010,10,"copykat",1,1,"Sensitivity"
"494","Immune+GSM3946506_Mela_cl",10025,25,"copykat",1,1,"Sensitivity"
"495","Immune+GSM3946506_Mela_cl",10100,100,"copykat",1,1,"Sensitivity"
"496","Immune+GSE215120_Melanoma",10003,3,"copykat",0,1,"Sensitivity"
"497","Immune+GSE215120_Melanoma",10010,10,"copykat",0,1,"Sensitivity"
"498","Immune+GSE215120_Melanoma",10025,25,"copykat",0.04,1,"Sensitivity"
"499","Immune+GSE215120_Melanoma",10100,100,"copykat",0.02,1,"Sensitivity"
"500","Immune+Cervix_PreT1_malignant",10003,3,"copykat",1,1,"Sensitivity"
"501","Immune+Cervix_PreT1_malignant",10010,10,"copykat",0.9,1,"Sensitivity"
"502","Immune+Cervix_PreT1_malignant",10025,25,"copykat",0.88,1,"Sensitivity"
"503","Immune+Cervix_PreT1_malignant",10100,100,"copykat",0.89,1,"Sensitivity"
"504","Immune+Cervix_PreT2_malignant",10003,3,"copykat",0.333333333333333,1,"Sensitivity"
"505","Immune+Cervix_PreT2_malignant",10010,10,"copykat",0.4,0.9,"Sensitivity"
"506","Immune+Cervix_PreT2_malignant",10025,25,"copykat",0.84,0.96,"Sensitivity"
"507","Immune+Cervix_PreT2_malignant",10100,100,"copykat",0.9,0.97,"Sensitivity"
"508","Immune+Cervix_PreT3_malignant",10003,3,"copykat",0,0.666666667,"Sensitivity"
"509","Immune+Cervix_PreT3_malignant",10010,10,"copykat",0,1,"Sensitivity"
"510","Immune+Cervix_PreT3_malignant",10025,25,"copykat",0,0.96,"Sensitivity"
"511","Immune+Cervix_PreT3_malignant",10100,100,"copykat",0.91,0.92,"Sensitivity"
"512","Immune+Cervix_T2Dur3_malignant",10003,3,"copykat",0,1,"Sensitivity"
"513","Immune+Cervix_T2Dur3_malignant",10010,10,"copykat",0.5,1,"Sensitivity"
"514","Immune+Cervix_T2Dur3_malignant",10025,25,"copykat",0.52,1,"Sensitivity"
"515","Immune+Cervix_T2Dur3_malignant",10100,100,"copykat",0.03,0.99,"Sensitivity"
"516","Immune+Cervix_T3Dur3_malignant",10003,3,"copykat",0.666666666666667,1,"Sensitivity"
"517","Immune+Cervix_T3Dur3_malignant",10010,10,"copykat",0.7,1,"Sensitivity"
"518","Immune+Cervix_T3Dur3_malignant",10025,25,"copykat",0.88,0.92,"Sensitivity"
"519","Immune+Cervix_T3Dur3_malignant",10100,100,"copykat",0.95,0.99,"Sensitivity"
"520","Immune+Cervix_Tumorhn115_malignant",10010,10,"copykat",1,1,"Sensitivity"
"521","Immune+GSE132465_CRC_Epi",10003,3,"CTCTracer",1,0.666666667,"Sensitivity"
"522","Immune+GSE132465_CRC_Epi",10025,25,"CTCTracer",1,1,"Sensitivity"
"523","Immune+GSE155698_PDAC_Epi",10025,25,"CTCTracer",1,1,"Sensitivity"
"524","Immune+GSE176078_BC_Epi",10003,3,"CTCTracer",1,1,"Sensitivity"
"525","Immune+GSE176078_BC_Epi",10010,10,"CTCTracer",1,1,"Sensitivity"
"526","Immune+GSE176078_BC_Epi",10025,25,"CTCTracer",1,1,"Sensitivity"
"527","Immune+GSE176078_BC_Epi",10100,100,"CTCTracer",1,1,"Sensitivity"
"528","Immune+GSE178318_CRC_Epi",10010,10,"CTCTracer",1,1,"Sensitivity"
"529","Immune+GSE193337_Prostate_Epi",10003,3,"CTCTracer",1,1,"Sensitivity"
"530","Immune+GSE193337_Prostate_Epi",10025,25,"CTCTracer",1,1,"Sensitivity"
"531","Immune+GSE176031_Prostate_Epi",10003,3,"CTCTracer",1,1,"Sensitivity"
"532","Immune+GSM3946506_Mela_cl",10003,3,"CTCTracer",1,1,"Sensitivity"
"533","Immune+GSM3946506_Mela_cl",10010,10,"CTCTracer",1,1,"Sensitivity"
"534","Immune+GSM3946506_Mela_cl",10025,25,"CTCTracer",1,1,"Sensitivity"
"535","Immune+GSM3946506_Mela_cl",10100,100,"CTCTracer",1,1,"Sensitivity"
"536","Immune+GSE215120_Melanoma",10003,3,"CTCTracer",1,1,"Sensitivity"
"537","Immune+GSE215120_Melanoma",10010,10,"CTCTracer",1,1,"Sensitivity"
"538","Immune+GSE215120_Melanoma",10025,25,"CTCTracer",1,1,"Sensitivity"
"539","Immune+GSE215120_Melanoma",10100,100,"CTCTracer",1,1,"Sensitivity"
"540","Immune+Cervix_PreT1_malignant",10003,3,"CTCTracer",1,1,"Sensitivity"
"541","Immune+Cervix_PreT1_malignant",10010,10,"CTCTracer",1,1,"Sensitivity"
"542","Immune+Cervix_PreT1_malignant",10025,25,"CTCTracer",1,1,"Sensitivity"
"543","Immune+Cervix_PreT1_malignant",10100,100,"CTCTracer",1,1,"Sensitivity"
"544","Immune+Cervix_PreT2_malignant",10003,3,"CTCTracer",1,1,"Sensitivity"
"545","Immune+Cervix_PreT2_malignant",10010,10,"CTCTracer",1,0.9,"Sensitivity"
"546","Immune+Cervix_PreT2_malignant",10025,25,"CTCTracer",1,0.96,"Sensitivity"
"547","Immune+Cervix_PreT2_malignant",10100,100,"CTCTracer",1,0.97,"Sensitivity"
"548","Immune+Cervix_PreT3_malignant",10003,3,"CTCTracer",1,0.666666667,"Sensitivity"
"549","Immune+Cervix_PreT3_malignant",10010,10,"CTCTracer",1,1,"Sensitivity"
"550","Immune+Cervix_PreT3_malignant",10025,25,"CTCTracer",1,0.96,"Sensitivity"
"551","Immune+Cervix_PreT3_malignant",10100,100,"CTCTracer",1,0.92,"Sensitivity"
"552","Immune+Cervix_T2Dur3_malignant",10003,3,"CTCTracer",1,1,"Sensitivity"
"553","Immune+Cervix_T2Dur3_malignant",10010,10,"CTCTracer",1,1,"Sensitivity"
"554","Immune+Cervix_T2Dur3_malignant",10025,25,"CTCTracer",0,1,"Sensitivity"
"555","Immune+Cervix_T2Dur3_malignant",10100,100,"CTCTracer",1,0.99,"Sensitivity"
"556","Immune+Cervix_T3Dur3_malignant",10003,3,"CTCTracer",1,1,"Sensitivity"
"557","Immune+Cervix_T3Dur3_malignant",10010,10,"CTCTracer",1,1,"Sensitivity"
"558","Immune+Cervix_T3Dur3_malignant",10025,25,"CTCTracer",1,0.92,"Sensitivity"
"559","Immune+Cervix_T3Dur3_malignant",10100,100,"CTCTracer",1,0.99,"Sensitivity"
"560","Immune+Cervix_Tumorhn115_malignant",10010,10,"CTCTracer",1,1,"Sensitivity"
"561","Immune+GSE176078_BC_Epi",10003,3,"iCTC",0,1,"Sensitivity"
"562","Immune+GSE176031_Prostate_Epi",10003,3,"iCTC",0,1,"Sensitivity"
"563","Immune+GSM3946506_Mela_cl",10003,3,"iCTC",0,1,"Sensitivity"
"564","Immune+GSM3946506_Mela_cl",10010,10,"iCTC",0,1,"Sensitivity"
"565","Immune+GSM3946506_Mela_cl",10025,25,"iCTC",0,1,"Sensitivity"
"566","Immune+GSE215120_Melanoma",10003,3,"iCTC",0,1,"Sensitivity"
"567","Immune+GSE215120_Melanoma",10010,10,"iCTC",0,1,"Sensitivity"
"568","Immune+Cervix_PreT1_malignant",10003,3,"iCTC",0,1,"Sensitivity"
"569","Immune+Cervix_PreT3_malignant",10010,10,"iCTC",0,1,"Sensitivity"
"570","Immune+GSE132465_CRC_Epi",10003,3,"scATOMIC",0,0.666666667,"Sensitivity"
"571","Immune+GSE132465_CRC_Epi",10025,25,"scATOMIC",0.96,1,"Sensitivity"
"572","Immune+GSE155698_PDAC_Epi",10025,25,"scATOMIC",0.92,1,"Sensitivity"
"573","Immune+GSE176078_BC_Epi",10003,3,"scATOMIC",0,1,"Sensitivity"
"574","Immune+GSE176078_BC_Epi",10010,10,"scATOMIC",1,1,"Sensitivity"
"575","Immune+GSE176078_BC_Epi",10025,25,"scATOMIC",1,1,"Sensitivity"
"576","Immune+GSE176078_BC_Epi",10100,100,"scATOMIC",0.99,1,"Sensitivity"
"577","Immune+GSE178318_CRC_Epi",10010,10,"scATOMIC",1,1,"Sensitivity"
"578","Immune+GSE193337_Prostate_Epi",10003,3,"scATOMIC",0,1,"Sensitivity"
"579","Immune+GSE193337_Prostate_Epi",10025,25,"scATOMIC",0.76,1,"Sensitivity"
"580","Immune+GSE176031_Prostate_Epi",10003,3,"scATOMIC",0,1,"Sensitivity"
"581","Immune+GSM3946506_Mela_cl",10003,3,"scATOMIC",1,1,"Sensitivity"
"582","Immune+GSM3946506_Mela_cl",10010,10,"scATOMIC",1,1,"Sensitivity"
"583","Immune+GSM3946506_Mela_cl",10025,25,"scATOMIC",1,1,"Sensitivity"
"584","Immune+GSM3946506_Mela_cl",10100,100,"scATOMIC",1,1,"Sensitivity"
"585","Immune+GSE215120_Melanoma",10003,3,"scATOMIC",0,1,"Sensitivity"
"586","Immune+GSE215120_Melanoma",10010,10,"scATOMIC",1,1,"Sensitivity"
"587","Immune+GSE215120_Melanoma",10025,25,"scATOMIC",0.96,1,"Sensitivity"
"588","Immune+GSE215120_Melanoma",10100,100,"scATOMIC",0.98,1,"Sensitivity"
"589","Immune+Cervix_PreT1_malignant",10003,3,"scATOMIC",0,1,"Sensitivity"
"590","Immune+Cervix_PreT1_malignant",10010,10,"scATOMIC",1,1,"Sensitivity"
"591","Immune+Cervix_PreT1_malignant",10025,25,"scATOMIC",0.96,1,"Sensitivity"
"592","Immune+Cervix_PreT1_malignant",10100,100,"scATOMIC",0.99,1,"Sensitivity"
"593","Immune+Cervix_PreT2_malignant",10003,3,"scATOMIC",0,1,"Sensitivity"
"594","Immune+Cervix_PreT2_malignant",10010,10,"scATOMIC",0.8,0.9,"Sensitivity"
"595","Immune+Cervix_PreT2_malignant",10025,25,"scATOMIC",0.92,0.96,"Sensitivity"
"596","Immune+Cervix_PreT2_malignant",10100,100,"scATOMIC",0.65,0.97,"Sensitivity"
"597","Immune+Cervix_PreT3_malignant",10003,3,"scATOMIC",0,0.666666667,"Sensitivity"
"598","Immune+Cervix_PreT3_malignant",10010,10,"scATOMIC",1,1,"Sensitivity"
"599","Immune+Cervix_PreT3_malignant",10025,25,"scATOMIC",0.84,0.96,"Sensitivity"
"600","Immune+Cervix_PreT3_malignant",10100,100,"scATOMIC",0.36,0.92,"Sensitivity"
"601","Immune+Cervix_T2Dur3_malignant",10003,3,"scATOMIC",0,1,"Sensitivity"
"602","Immune+Cervix_T2Dur3_malignant",10010,10,"scATOMIC",0.3,1,"Sensitivity"
"603","Immune+Cervix_T2Dur3_malignant",10025,25,"scATOMIC",0.92,1,"Sensitivity"
"604","Immune+Cervix_T2Dur3_malignant",10100,100,"scATOMIC",0.36,0.99,"Sensitivity"
"605","Immune+Cervix_T3Dur3_malignant",10003,3,"scATOMIC",0,1,"Sensitivity"
"606","Immune+Cervix_T3Dur3_malignant",10010,10,"scATOMIC",0,1,"Sensitivity"
"607","Immune+Cervix_T3Dur3_malignant",10025,25,"scATOMIC",0,0.92,"Sensitivity"
"608","Immune+Cervix_T3Dur3_malignant",10100,100,"scATOMIC",0.22,0.99,"Sensitivity"
"609","Immune+Cervix_Tumorhn115_malignant",10010,10,"scATOMIC",1,1,"Sensitivity"
"610","Immune+GSE132465_CRC_Epi",10003,3,"scfoundation",1,0.666666667,"Sensitivity"
"611","Immune+GSE132465_CRC_Epi",10025,25,"scfoundation",1,1,"Sensitivity"
"612","Immune+GSE155698_PDAC_Epi",10025,25,"scfoundation",1,1,"Sensitivity"
"613","Immune+GSE176078_BC_Epi",10003,3,"scfoundation",1,1,"Sensitivity"
"614","Immune+GSE176078_BC_Epi",10010,10,"scfoundation",1,1,"Sensitivity"
"615","Immune+GSE176078_BC_Epi",10025,25,"scfoundation",1,1,"Sensitivity"
"616","Immune+GSE176078_BC_Epi",10100,100,"scfoundation",0.97,1,"Sensitivity"
"617","Immune+GSE178318_CRC_Epi",10010,10,"scfoundation",1,1,"Sensitivity"
"618","Immune+GSE193337_Prostate_Epi",10003,3,"scfoundation",1,1,"Sensitivity"
"619","Immune+GSE193337_Prostate_Epi",10025,25,"scfoundation",1,1,"Sensitivity"
"620","Immune+GSE176031_Prostate_Epi",10003,3,"scfoundation",1,1,"Sensitivity"
"621","Immune+GSM3946506_Mela_cl",10003,3,"scfoundation",1,1,"Sensitivity"
"622","Immune+GSM3946506_Mela_cl",10010,10,"scfoundation",0.9,1,"Sensitivity"
"623","Immune+GSM3946506_Mela_cl",10025,25,"scfoundation",0.96,1,"Sensitivity"
"624","Immune+GSM3946506_Mela_cl",10100,100,"scfoundation",0.97,1,"Sensitivity"
"625","Immune+GSE215120_Melanoma",10003,3,"scfoundation",1,1,"Sensitivity"
"626","Immune+GSE215120_Melanoma",10010,10,"scfoundation",0.9,1,"Sensitivity"
"627","Immune+GSE215120_Melanoma",10025,25,"scfoundation",0.88,1,"Sensitivity"
"628","Immune+GSE215120_Melanoma",10100,100,"scfoundation",0.66,1,"Sensitivity"
"629","Immune+Cervix_PreT1_malignant",10003,3,"scfoundation",1,1,"Sensitivity"
"630","Immune+Cervix_PreT1_malignant",10010,10,"scfoundation",1,1,"Sensitivity"
"631","Immune+Cervix_PreT1_malignant",10025,25,"scfoundation",0.96,1,"Sensitivity"
"632","Immune+Cervix_PreT1_malignant",10100,100,"scfoundation",0.99,1,"Sensitivity"
"633","Immune+Cervix_PreT2_malignant",10003,3,"scfoundation",1,1,"Sensitivity"
"634","Immune+Cervix_PreT2_malignant",10010,10,"scfoundation",0.9,0.9,"Sensitivity"
"635","Immune+Cervix_PreT2_malignant",10025,25,"scfoundation",0.92,0.96,"Sensitivity"
"636","Immune+Cervix_PreT2_malignant",10100,100,"scfoundation",0.94,0.97,"Sensitivity"
"637","Immune+Cervix_PreT3_malignant",10003,3,"scfoundation",1,0.666666667,"Sensitivity"
"638","Immune+Cervix_PreT3_malignant",10010,10,"scfoundation",1,1,"Sensitivity"
"639","Immune+Cervix_PreT3_malignant",10025,25,"scfoundation",0.8,0.96,"Sensitivity"
"640","Immune+Cervix_PreT3_malignant",10100,100,"scfoundation",0.8,0.92,"Sensitivity"
"641","Immune+Cervix_T2Dur3_malignant",10003,3,"scfoundation",0.666666667,1,"Sensitivity"
"642","Immune+Cervix_T2Dur3_malignant",10010,10,"scfoundation",0.9,1,"Sensitivity"
"643","Immune+Cervix_T2Dur3_malignant",10025,25,"scfoundation",0.8,1,"Sensitivity"
"644","Immune+Cervix_T2Dur3_malignant",10100,100,"scfoundation",0.69,0.99,"Sensitivity"
"645","Immune+Cervix_T3Dur3_malignant",10003,3,"scfoundation",0.333333333,1,"Sensitivity"
"646","Immune+Cervix_T3Dur3_malignant",10010,10,"scfoundation",0.1,1,"Sensitivity"
"647","Immune+Cervix_T3Dur3_malignant",10025,25,"scfoundation",0.2,0.92,"Sensitivity"
"648","Immune+Cervix_T3Dur3_malignant",10100,100,"scfoundation",0.19,0.99,"Sensitivity"
"649","Immune+Cervix_Tumorhn115_malignant",10010,10,"scfoundation",1,1,"Sensitivity"
"650","Immune+GSE132465_CRC_Epi",10003,3,"scGPT",1,0.666666667,"Sensitivity"
"651","Immune+GSE132465_CRC_Epi",10025,25,"scGPT",0.96,1,"Sensitivity"
"652","Immune+GSE155698_PDAC_Epi",10025,25,"scGPT",0.88,1,"Sensitivity"
"653","Immune+GSE176078_BC_Epi",10003,3,"scGPT",1,1,"Sensitivity"
"654","Immune+GSE176078_BC_Epi",10010,10,"scGPT",0.9,1,"Sensitivity"
"655","Immune+GSE176078_BC_Epi",10025,25,"scGPT",0.88,1,"Sensitivity"
"656","Immune+GSE176078_BC_Epi",10100,100,"scGPT",0.9,1,"Sensitivity"
"657","Immune+GSE178318_CRC_Epi",10010,10,"scGPT",0.9,1,"Sensitivity"
"658","Immune+GSE193337_Prostate_Epi",10003,3,"scGPT",1,1,"Sensitivity"
"659","Immune+GSE193337_Prostate_Epi",10025,25,"scGPT",1,1,"Sensitivity"
"660","Immune+GSE176031_Prostate_Epi",10003,3,"scGPT",1,1,"Sensitivity"
"661","Immune+GSM3946506_Mela_cl",10003,3,"scGPT",1,1,"Sensitivity"
"662","Immune+GSM3946506_Mela_cl",10010,10,"scGPT",1,1,"Sensitivity"
"663","Immune+GSM3946506_Mela_cl",10025,25,"scGPT",1,1,"Sensitivity"
"664","Immune+GSM3946506_Mela_cl",10100,100,"scGPT",0.94,1,"Sensitivity"
"665","Immune+GSE215120_Melanoma",10003,3,"scGPT",0.666666667,1,"Sensitivity"
"666","Immune+GSE215120_Melanoma",10010,10,"scGPT",0.5,1,"Sensitivity"
"667","Immune+GSE215120_Melanoma",10025,25,"scGPT",0.64,1,"Sensitivity"
"668","Immune+GSE215120_Melanoma",10100,100,"scGPT",0.51,1,"Sensitivity"
"669","Immune+Cervix_PreT1_malignant",10003,3,"scGPT",1,1,"Sensitivity"
"670","Immune+Cervix_PreT1_malignant",10010,10,"scGPT",1,1,"Sensitivity"
"671","Immune+Cervix_PreT1_malignant",10025,25,"scGPT",0.96,1,"Sensitivity"
"672","Immune+Cervix_PreT1_malignant",10100,100,"scGPT",1,1,"Sensitivity"
"673","Immune+Cervix_PreT2_malignant",10003,3,"scGPT",1,1,"Sensitivity"
"674","Immune+Cervix_PreT2_malignant",10010,10,"scGPT",1,0.9,"Sensitivity"
"675","Immune+Cervix_PreT2_malignant",10025,25,"scGPT",1,0.96,"Sensitivity"
"676","Immune+Cervix_PreT2_malignant",10100,100,"scGPT",0.99,0.97,"Sensitivity"
"677","Immune+Cervix_PreT3_malignant",10003,3,"scGPT",0.666666667,0.666666667,"Sensitivity"
"678","Immune+Cervix_PreT3_malignant",10010,10,"scGPT",1,1,"Sensitivity"
"679","Immune+Cervix_PreT3_malignant",10025,25,"scGPT",0.92,0.96,"Sensitivity"
"680","Immune+Cervix_PreT3_malignant",10100,100,"scGPT",0.89,0.92,"Sensitivity"
"681","Immune+Cervix_T2Dur3_malignant",10003,3,"scGPT",1,1,"Sensitivity"
"682","Immune+Cervix_T2Dur3_malignant",10010,10,"scGPT",1,1,"Sensitivity"
"683","Immune+Cervix_T2Dur3_malignant",10025,25,"scGPT",0.96,1,"Sensitivity"
"684","Immune+Cervix_T2Dur3_malignant",10100,100,"scGPT",0.95,0.99,"Sensitivity"
"685","Immune+Cervix_T3Dur3_malignant",10003,3,"scGPT",0.666666667,1,"Sensitivity"
"686","Immune+Cervix_T3Dur3_malignant",10010,10,"scGPT",0.3,1,"Sensitivity"
"687","Immune+Cervix_T3Dur3_malignant",10025,25,"scGPT",0.36,0.92,"Sensitivity"
"688","Immune+Cervix_T3Dur3_malignant",10100,100,"scGPT",0.25,0.99,"Sensitivity"
"689","Immune+Cervix_Tumorhn115_malignant",10010,10,"scGPT",1,1,"Sensitivity"
"690","GSE199994_HD1+E-MTAB-11948_Cervix_Epi",7079,3,"copykat",0.782362916902205,1,"Specificity"
"691","GSE199994_HD1+E-MTAB-11948_Cervix_Epi",7086,10,"copykat",0.782928208027134,1,"Specificity"
"692","GSE199994_HD1+E-MTAB-11948_Cervix_Epi",7101,25,"copykat",0.783210853589599,1,"Specificity"
"693","GSE199994_HD1+E-MTAB-11948_Cervix_Epi",7176,100,"copykat",0.782928208027134,1,"Specificity"
"694","GSE199994_HD1+GSE132465_CRC_Epi",7079,3,"copykat",0.781091011871114,1,"Specificity"
"695","GSE199994_HD1+GSE132465_CRC_Epi",7086,10,"copykat",0.783352176370831,1,"Specificity"
"696","GSE199994_HD1+GSE132465_CRC_Epi",7101,25,"copykat",0.782645562464669,1,"Specificity"
"697","GSE199994_HD1+GSE132465_CRC_Epi",7176,100,"copykat",0.78208027133974,1,"Specificity"
"698","GSE199994_HD1+GSE155698_PDAC_Epi",7079,3,"copykat",0.783493499152063,1,"Specificity"
"699","GSE199994_HD1+GSE155698_PDAC_Epi",7086,10,"copykat",0.782362916902205,1,"Specificity"
"700","GSE199994_HD1+GSE155698_PDAC_Epi",7101,25,"copykat",0.783210853589599,1,"Specificity"
"701","GSE199994_HD1+GSE155698_PDAC_Epi",7176,100,"copykat",0.782786885245902,1,"Specificity"
"702","GSE199994_HD1+GSE162025_NPC_Epi",7079,3,"copykat",0.782786885245902,1,"Specificity"
"703","GSE199994_HD1+GSE162025_NPC_Epi",7086,10,"copykat",0.782645562464669,1,"Specificity"
"704","GSE199994_HD1+GSE162025_NPC_Epi",7101,25,"copykat",0.781938948558508,1,"Specificity"
"705","GSE199994_HD1+GSE162025_NPC_Epi",7176,100,"copykat",0.783210853589599,1,"Specificity"
"706","GSE199994_HD1+GSE168652_Cervix_Epi",7079,3,"copykat",0.782786885245902,1,"Specificity"
"707","GSE199994_HD1+GSE168652_Cervix_Epi",7086,10,"copykat",0.783069530808366,1,"Specificity"
"708","GSE199994_HD1+GSE168652_Cervix_Epi",7101,25,"copykat",0.785754663651781,1,"Specificity"
"709","GSE199994_HD1+GSE168652_Cervix_Epi",7176,100,"copykat",0.781514980214811,1,"Specificity"
"710","GSE199994_HD1+GSE173682_Endome_Epi",7079,3,"copykat",0.784058790276993,1,"Specificity"
"711","GSE199994_HD1+GSE173682_Endome_Epi",7086,10,"copykat",0.786743923120407,1,"Specificity"
"712","GSE199994_HD1+GSE173682_Endome_Epi",7101,25,"copykat",0.782645562464669,1,"Specificity"
"713","GSE199994_HD1+GSE173682_Endome_Epi",7176,100,"copykat",0.781373657433578,1,"Specificity"
"714","GSE199994_HD1+GSE173682_Ovarian_Epi",7079,3,"copykat",0.78631995477671,1,"Specificity"
"715","GSE199994_HD1+GSE173682_Ovarian_Epi",7086,10,"copykat",0.781091011871114,1,"Specificity"
"716","GSE199994_HD1+GSE173682_Ovarian_Epi",7101,25,"copykat",0.78448275862069,1,"Specificity"
"717","GSE199994_HD1+GSE173682_Ovarian_Epi",7176,100,"copykat",0.78391746749576,1,"Specificity"
"718","GSE199994_HD1+GSE176078_BC_Epi",7079,3,"copykat",0.783210853589599,1,"Specificity"
"719","GSE199994_HD1+GSE176078_BC_Epi",7086,10,"copykat",0.783634821933296,1,"Specificity"
"720","GSE199994_HD1+GSE176078_BC_Epi",7101,25,"copykat",0.783069530808366,1,"Specificity"
"721","GSE199994_HD1+GSE176078_BC_Epi",7176,100,"copykat",0.783352176370831,1,"Specificity"
"722","GSE199994_HD1+GSE178318_CRC_Epi",7079,3,"copykat",0.782504239683437,1,"Specificity"
"723","GSE199994_HD1+GSE178318_CRC_Epi",7086,10,"copykat",0.782504239683437,1,"Specificity"
"724","GSE199994_HD1+GSE178318_CRC_Epi",7101,25,"copykat",0.781656302996043,1,"Specificity"
"725","GSE199994_HD1+GSE178318_CRC_Epi",7176,100,"copykat",0.782928208027134,1,"Specificity"
"726","GSE199994_HD1+GSE193337_Prostate_Epi",7079,3,"copykat",0.780949689089881,1,"Specificity"
"727","GSE199994_HD1+GSE193337_Prostate_Epi",7086,10,"copykat",0.781656302996043,1,"Specificity"
"728","GSE199994_HD1+GSE193337_Prostate_Epi",7101,25,"copykat",0.781656302996043,1,"Specificity"
"729","GSE199994_HD1+GSE193337_Prostate_Epi",7176,100,"copykat",0.782928208027134,1,"Specificity"
"730","GSE199994_HD1+OMIX001073_GC_Epi",7079,3,"copykat",0.781938948558508,1,"Specificity"
"731","GSE199994_HD1+OMIX001073_GC_Epi",7086,10,"copykat",0.782928208027134,1,"Specificity"
"732","GSE199994_HD1+OMIX001073_GC_Epi",7101,25,"copykat",0.782362916902205,1,"Specificity"
"733","GSE199994_HD1+OMIX001073_GC_Epi",7176,100,"copykat",0.78208027133974,1,"Specificity"
"734","GSE199994_HD1+GSE148071_LUNG_Epi",7079,3,"copykat",0.783352176370831,1,"Specificity"
"735","GSE199994_HD1+GSE148071_LUNG_Epi",7086,10,"copykat",0.78208027133974,1,"Specificity"
"736","GSE199994_HD1+GSE148071_LUNG_Epi",7101,25,"copykat",0.782645562464669,1,"Specificity"
"737","GSE199994_HD1+GSE148071_LUNG_Epi",7176,100,"copykat",0.785472018089316,1,"Specificity"
"738","GSE199994_HD1+GSE150430_NPC_Epi",7079,3,"copykat",0.782221594120972,1,"Specificity"
"739","GSE199994_HD1+GSE150430_NPC_Epi",7176,100,"copykat",0.782504239683437,1,"Specificity"
"740","GSE199994_HD1+GSE150825_NPC_Epi",7079,3,"copykat",0.781091011871114,1,"Specificity"
"741","GSE199994_HD1+GSE150825_NPC_Epi",7086,10,"copykat",0.783352176370831,1,"Specificity"
"742","GSE199994_HD1+GSE150825_NPC_Epi",7086,10,"copykat",0.783352176370831,1,"Specificity"
"743","GSE199994_HD1+GSE150825_NPC_Epi",7101,25,"copykat",0.783493499152063,1,"Specificity"
"744","GSE199994_HD1+GSE150825_NPC_Epi",7101,25,"copykat",0.783493499152063,1,"Specificity"
"745","GSE199994_HD1+GSE150825_NPC_Epi",7176,100,"copykat",0.783352176370831,1,"Specificity"
"746","GSE199994_HD1+GSE176031_Prostate_Epi",7079,3,"copykat",0.782362916902205,1,"Specificity"
"747","GSE199994_HD1+GSE176031_Prostate_Epi",7086,10,"copykat",0.784200113058225,1,"Specificity"
"748","GSE199994_HD1+GSE176031_Prostate_Epi",7101,25,"copykat",0.229508196721311,1,"Specificity"
"749","GSE199994_HD1+GSE176031_Prostate_Epi",7176,100,"copykat",0.787733182589033,1,"Specificity"
"750","GSE199994_HD1+GSE149614_HCC_Epi",7079,3,"copykat",0.782928208027134,1,"Specificity"
"751","GSE199994_HD1+GSE149614_HCC_Epi",7086,10,"copykat",0.782362916902205,1,"Specificity"
"752","GSE199994_HD1+GSE149614_HCC_Epi",7101,25,"copykat",0.782645562464669,1,"Specificity"
"753","GSE199994_HD1+GSE149614_HCC_Epi",7176,100,"copykat",0.783493499152063,1,"Specificity"
"754","GSE199994_HD1+GSM3946506_Mela_cl",7079,3,"copykat",0.782362916902205,1,"Specificity"
"755","GSE199994_HD1+GSM3946506_Mela_cl",7086,10,"copykat",0.783352176370831,1,"Specificity"
"756","GSE199994_HD1+GSM3946506_Mela_cl",7101,25,"copykat",0.784200113058225,1,"Specificity"
"757","GSE199994_HD1+GSM3946506_Mela_cl",7176,100,"copykat",0.782645562464669,1,"Specificity"
"758","GSE199994_HD1+GSE215120_Melanoma",7079,3,"copykat",0.781232334652346,1,"Specificity"
"759","GSE199994_HD1+GSE215120_Melanoma",7086,10,"copykat",0.782645562464669,1,"Specificity"
"760","GSE199994_HD1+GSE215120_Melanoma",7101,25,"copykat",0.781797625777275,1,"Specificity"
"761","GSE199994_HD1+GSE215120_Melanoma",7176,100,"copykat",0.782786885245902,1,"Specificity"
"762","GSE199994_HD1+Cervix_PreT1_malignant",7079,3,"copykat",0.78448275862069,1,"Specificity"
"763","GSE199994_HD1+Cervix_PreT1_malignant",7086,10,"copykat",0.781514980214811,1,"Specificity"
"764","GSE199994_HD1+Cervix_PreT1_malignant",7101,25,"copykat",0.783776144714528,1,"Specificity"
"765","GSE199994_HD1+Cervix_PreT1_malignant",7176,100,"copykat",0.783352176370831,1,"Specificity"
"766","GSE199994_HD1+Cervix_PreT2_malignant",7079,3,"copykat",0.783210853589599,1,"Specificity"
"767","GSE199994_HD1+Cervix_PreT2_malignant",7086,10,"copykat",0.783493499152063,1,"Specificity"
"768","GSE199994_HD1+Cervix_PreT2_malignant",7101,25,"copykat",0.783493499152063,1,"Specificity"
"769","GSE199994_HD1+Cervix_PreT2_malignant",7176,100,"copykat",0.781938948558508,1,"Specificity"
"770","GSE199994_HD1+Cervix_PreT3_malignant",7079,3,"copykat",0.781514980214811,1,"Specificity"
"771","GSE199994_HD1+Cervix_PreT3_malignant",7086,10,"copykat",0.783634821933296,1,"Specificity"
"772","GSE199994_HD1+Cervix_PreT3_malignant",7101,25,"copykat",0.782786885245902,1,"Specificity"
"773","GSE199994_HD1+Cervix_PreT3_malignant",7176,100,"copykat",0.783210853589599,NA,"Specificity"
"774","GSE199994_HD1+Cervix_T2Dur3_malignant",7079,3,"copykat",0.783069530808366,1,"Specificity"
"775","GSE199994_HD1+Cervix_T2Dur3_malignant",7086,10,"copykat",0.782786885245902,1,"Specificity"
"776","GSE199994_HD1+Cervix_T2Dur3_malignant",7101,25,"copykat",0.782504239683437,1,"Specificity"
"777","GSE199994_HD1+Cervix_T2Dur3_malignant",7176,100,"copykat",0.782504239683437,1,"Specificity"
"778","GSE199994_HD1+Cervix_T3Dur3_malignant",7079,3,"copykat",0.783210853589599,1,"Specificity"
"779","GSE199994_HD1+Cervix_T3Dur3_malignant",7086,10,"copykat",0.782221594120972,1,"Specificity"
"780","GSE199994_HD1+Cervix_T3Dur3_malignant",7101,25,"copykat",0.785754663651781,1,"Specificity"
"781","GSE199994_HD1+Cervix_T3Dur3_malignant",7176,100,"copykat",0.228942905596382,1,"Specificity"
"782","GSE199994_HD1+Cervix_Tumorhn115_malignant",7079,3,"copykat",0.782928208027134,1,"Specificity"
"783","GSE199994_HD1+Cervix_Tumorhn115_malignant",7086,10,"copykat",0.783776144714528,1,"Specificity"
"784","GSE199994_HD1+Cervix_Tumorhn115_malignant",7101,25,"copykat",0.784624081401922,1,"Specificity"
"785","GSE199994_HD1+Cervix_Tumorhn115_malignant",7176,100,"copykat",0.787591859807801,1,"Specificity"
"786","GSE199994_HD1+E-MTAB-11948_Cervix_Epi",7079,3,"CTCTracer",0.782362916902205,1,"Specificity"
"787","GSE199994_HD1+E-MTAB-11948_Cervix_Epi",7086,10,"CTCTracer",0.782928208027134,1,"Specificity"
"788","GSE199994_HD1+E-MTAB-11948_Cervix_Epi",7101,25,"CTCTracer",0.783210853589599,1,"Specificity"
"789","GSE199994_HD1+E-MTAB-11948_Cervix_Epi",7176,100,"CTCTracer",0.782928208027134,1,"Specificity"
"790","GSE199994_HD1+GSE132465_CRC_Epi",7079,3,"CTCTracer",0.781091011871114,1,"Specificity"
"791","GSE199994_HD1+GSE132465_CRC_Epi",7086,10,"CTCTracer",0.783352176370831,1,"Specificity"
"792","GSE199994_HD1+GSE132465_CRC_Epi",7101,25,"CTCTracer",0.782645562464669,1,"Specificity"
"793","GSE199994_HD1+GSE132465_CRC_Epi",7176,100,"CTCTracer",0.78208027133974,1,"Specificity"
"794","GSE199994_HD1+GSE155698_PDAC_Epi",7079,3,"CTCTracer",0.783493499152063,1,"Specificity"
"795","GSE199994_HD1+GSE155698_PDAC_Epi",7086,10,"CTCTracer",0.782362916902205,1,"Specificity"
"796","GSE199994_HD1+GSE155698_PDAC_Epi",7101,25,"CTCTracer",0.783210853589599,1,"Specificity"
"797","GSE199994_HD1+GSE155698_PDAC_Epi",7176,100,"CTCTracer",0.782786885245902,1,"Specificity"
"798","GSE199994_HD1+GSE162025_NPC_Epi",7079,3,"CTCTracer",0.782786885245902,1,"Specificity"
"799","GSE199994_HD1+GSE162025_NPC_Epi",7086,10,"CTCTracer",0.782645562464669,1,"Specificity"
"800","GSE199994_HD1+GSE162025_NPC_Epi",7101,25,"CTCTracer",0.781938948558508,1,"Specificity"
"801","GSE199994_HD1+GSE162025_NPC_Epi",7176,100,"CTCTracer",0.783210853589599,1,"Specificity"
"802","GSE199994_HD1+GSE168652_Cervix_Epi",7079,3,"CTCTracer",0.782786885245902,1,"Specificity"
"803","GSE199994_HD1+GSE168652_Cervix_Epi",7086,10,"CTCTracer",0.783069530808366,1,"Specificity"
"804","GSE199994_HD1+GSE168652_Cervix_Epi",7101,25,"CTCTracer",0.785754663651781,1,"Specificity"
"805","GSE199994_HD1+GSE168652_Cervix_Epi",7176,100,"CTCTracer",0.781514980214811,1,"Specificity"
"806","GSE199994_HD1+GSE173682_Endome_Epi",7079,3,"CTCTracer",0.784058790276993,1,"Specificity"
"807","GSE199994_HD1+GSE173682_Endome_Epi",7086,10,"CTCTracer",0.786743923120407,1,"Specificity"
"808","GSE199994_HD1+GSE173682_Endome_Epi",7101,25,"CTCTracer",0.782645562464669,1,"Specificity"
"809","GSE199994_HD1+GSE173682_Endome_Epi",7176,100,"CTCTracer",0.781373657433578,1,"Specificity"
"810","GSE199994_HD1+GSE173682_Ovarian_Epi",7079,3,"CTCTracer",0.78631995477671,1,"Specificity"
"811","GSE199994_HD1+GSE173682_Ovarian_Epi",7086,10,"CTCTracer",0.781091011871114,1,"Specificity"
"812","GSE199994_HD1+GSE173682_Ovarian_Epi",7101,25,"CTCTracer",0.78448275862069,1,"Specificity"
"813","GSE199994_HD1+GSE173682_Ovarian_Epi",7176,100,"CTCTracer",0.78391746749576,1,"Specificity"
"814","GSE199994_HD1+GSE176078_BC_Epi",7079,3,"CTCTracer",0.783210853589599,1,"Specificity"
"815","GSE199994_HD1+GSE176078_BC_Epi",7086,10,"CTCTracer",0.783634821933296,1,"Specificity"
"816","GSE199994_HD1+GSE176078_BC_Epi",7101,25,"CTCTracer",0.783069530808366,1,"Specificity"
"817","GSE199994_HD1+GSE176078_BC_Epi",7176,100,"CTCTracer",0.783352176370831,1,"Specificity"
"818","GSE199994_HD1+GSE178318_CRC_Epi",7079,3,"CTCTracer",0.782504239683437,1,"Specificity"
"819","GSE199994_HD1+GSE178318_CRC_Epi",7086,10,"CTCTracer",0.782504239683437,1,"Specificity"
"820","GSE199994_HD1+GSE178318_CRC_Epi",7101,25,"CTCTracer",0.781656302996043,1,"Specificity"
"821","GSE199994_HD1+GSE178318_CRC_Epi",7176,100,"CTCTracer",0.782928208027134,1,"Specificity"
"822","GSE199994_HD1+GSE193337_Prostate_Epi",7079,3,"CTCTracer",0.780949689089881,1,"Specificity"
"823","GSE199994_HD1+GSE193337_Prostate_Epi",7086,10,"CTCTracer",0.781656302996043,1,"Specificity"
"824","GSE199994_HD1+GSE193337_Prostate_Epi",7101,25,"CTCTracer",0.781656302996043,1,"Specificity"
"825","GSE199994_HD1+GSE193337_Prostate_Epi",7176,100,"CTCTracer",0.782928208027134,1,"Specificity"
"826","GSE199994_HD1+OMIX001073_GC_Epi",7079,3,"CTCTracer",0.781938948558508,1,"Specificity"
"827","GSE199994_HD1+OMIX001073_GC_Epi",7086,10,"CTCTracer",0.782928208027134,1,"Specificity"
"828","GSE199994_HD1+OMIX001073_GC_Epi",7101,25,"CTCTracer",0.782362916902205,1,"Specificity"
"829","GSE199994_HD1+OMIX001073_GC_Epi",7176,100,"CTCTracer",0.78208027133974,1,"Specificity"
"830","GSE199994_HD1+GSE148071_LUNG_Epi",7079,3,"CTCTracer",0.783352176370831,1,"Specificity"
"831","GSE199994_HD1+GSE148071_LUNG_Epi",7086,10,"CTCTracer",0.78208027133974,1,"Specificity"
"832","GSE199994_HD1+GSE148071_LUNG_Epi",7101,25,"CTCTracer",0.782645562464669,1,"Specificity"
"833","GSE199994_HD1+GSE148071_LUNG_Epi",7176,100,"CTCTracer",0.785472018089316,1,"Specificity"
"834","GSE199994_HD1+GSE150430_NPC_Epi",7079,3,"CTCTracer",0.782221594120972,1,"Specificity"
"835","GSE199994_HD1+GSE150430_NPC_Epi",7176,100,"CTCTracer",0.782504239683437,1,"Specificity"
"836","GSE199994_HD1+GSE150825_NPC_Epi",7079,3,"CTCTracer",0.781091011871114,1,"Specificity"
"837","GSE199994_HD1+GSE150825_NPC_Epi",7086,10,"CTCTracer",0.783352176370831,1,"Specificity"
"838","GSE199994_HD1+GSE150825_NPC_Epi",7086,10,"CTCTracer",0.783352176370831,1,"Specificity"
"839","GSE199994_HD1+GSE150825_NPC_Epi",7101,25,"CTCTracer",0.783493499152063,1,"Specificity"
"840","GSE199994_HD1+GSE150825_NPC_Epi",7101,25,"CTCTracer",0.783493499152063,1,"Specificity"
"841","GSE199994_HD1+GSE150825_NPC_Epi",7176,100,"CTCTracer",0.783352176370831,1,"Specificity"
"842","GSE199994_HD1+GSE176031_Prostate_Epi",7079,3,"CTCTracer",0.782362916902205,1,"Specificity"
"843","GSE199994_HD1+GSE176031_Prostate_Epi",7086,10,"CTCTracer",0.784200113058225,1,"Specificity"
"844","GSE199994_HD1+GSE176031_Prostate_Epi",7101,25,"CTCTracer",0.229508196721311,1,"Specificity"
"845","GSE199994_HD1+GSE176031_Prostate_Epi",7176,100,"CTCTracer",0.787733182589033,1,"Specificity"
"846","GSE199994_HD1+GSE149614_HCC_Epi",7079,3,"CTCTracer",0.782928208027134,1,"Specificity"
"847","GSE199994_HD1+GSE149614_HCC_Epi",7086,10,"CTCTracer",0.782362916902205,1,"Specificity"
"848","GSE199994_HD1+GSE149614_HCC_Epi",7101,25,"CTCTracer",0.782645562464669,1,"Specificity"
"849","GSE199994_HD1+GSE149614_HCC_Epi",7176,100,"CTCTracer",0.783493499152063,1,"Specificity"
"850","GSE199994_HD1+GSM3946506_Mela_cl",7079,3,"CTCTracer",0.782362916902205,1,"Specificity"
"851","GSE199994_HD1+GSM3946506_Mela_cl",7086,10,"CTCTracer",0.783352176370831,1,"Specificity"
"852","GSE199994_HD1+GSM3946506_Mela_cl",7101,25,"CTCTracer",0.784200113058225,1,"Specificity"
"853","GSE199994_HD1+GSM3946506_Mela_cl",7176,100,"CTCTracer",0.782645562464669,1,"Specificity"
"854","GSE199994_HD1+GSE215120_Melanoma",7079,3,"CTCTracer",0.781232334652346,1,"Specificity"
"855","GSE199994_HD1+GSE215120_Melanoma",7086,10,"CTCTracer",0.782645562464669,1,"Specificity"
"856","GSE199994_HD1+GSE215120_Melanoma",7101,25,"CTCTracer",0.781797625777275,1,"Specificity"
"857","GSE199994_HD1+GSE215120_Melanoma",7176,100,"CTCTracer",0.782786885245902,1,"Specificity"
"858","GSE199994_HD1+Cervix_PreT1_malignant",7079,3,"CTCTracer",0.78448275862069,1,"Specificity"
"859","GSE199994_HD1+Cervix_PreT1_malignant",7086,10,"CTCTracer",0.781514980214811,1,"Specificity"
"860","GSE199994_HD1+Cervix_PreT1_malignant",7101,25,"CTCTracer",0.783776144714528,1,"Specificity"
"861","GSE199994_HD1+Cervix_PreT1_malignant",7176,100,"CTCTracer",0.783352176370831,1,"Specificity"
"862","GSE199994_HD1+Cervix_PreT2_malignant",7079,3,"CTCTracer",0.783210853589599,1,"Specificity"
"863","GSE199994_HD1+Cervix_PreT2_malignant",7086,10,"CTCTracer",0.783493499152063,1,"Specificity"
"864","GSE199994_HD1+Cervix_PreT2_malignant",7101,25,"CTCTracer",0.783493499152063,1,"Specificity"
"865","GSE199994_HD1+Cervix_PreT2_malignant",7176,100,"CTCTracer",0.781938948558508,1,"Specificity"
"866","GSE199994_HD1+Cervix_PreT3_malignant",7079,3,"CTCTracer",0.781514980214811,1,"Specificity"
"867","GSE199994_HD1+Cervix_PreT3_malignant",7086,10,"CTCTracer",0.783634821933296,1,"Specificity"
"868","GSE199994_HD1+Cervix_PreT3_malignant",7101,25,"CTCTracer",0.782786885245902,1,"Specificity"
"869","GSE199994_HD1+Cervix_PreT3_malignant",7176,100,"CTCTracer",0.783210853589599,NA,"Specificity"
"870","GSE199994_HD1+Cervix_T2Dur3_malignant",7079,3,"CTCTracer",0.783069530808366,1,"Specificity"
"871","GSE199994_HD1+Cervix_T2Dur3_malignant",7086,10,"CTCTracer",0.782786885245902,1,"Specificity"
"872","GSE199994_HD1+Cervix_T2Dur3_malignant",7101,25,"CTCTracer",0.782504239683437,1,"Specificity"
"873","GSE199994_HD1+Cervix_T2Dur3_malignant",7176,100,"CTCTracer",0.782504239683437,1,"Specificity"
"874","GSE199994_HD1+Cervix_T3Dur3_malignant",7079,3,"CTCTracer",0.783210853589599,1,"Specificity"
"875","GSE199994_HD1+Cervix_T3Dur3_malignant",7086,10,"CTCTracer",0.782221594120972,1,"Specificity"
"876","GSE199994_HD1+Cervix_T3Dur3_malignant",7101,25,"CTCTracer",0.785754663651781,1,"Specificity"
"877","GSE199994_HD1+Cervix_T3Dur3_malignant",7176,100,"CTCTracer",0.228942905596382,1,"Specificity"
"878","GSE199994_HD1+Cervix_Tumorhn115_malignant",7079,3,"CTCTracer",0.782928208027134,1,"Specificity"
"879","GSE199994_HD1+Cervix_Tumorhn115_malignant",7086,10,"CTCTracer",0.783776144714528,1,"Specificity"
"880","GSE199994_HD1+Cervix_Tumorhn115_malignant",7101,25,"CTCTracer",0.784624081401922,1,"Specificity"
"881","GSE199994_HD1+Cervix_Tumorhn115_malignant",7176,100,"CTCTracer",0.787591859807801,1,"Specificity"
"882","GSE199994_HD1+E-MTAB-11948_Cervix_Epi",7079,3,"scATOMIC",1,1,"Specificity"
"883","GSE199994_HD1+E-MTAB-11948_Cervix_Epi",7086,10,"scATOMIC",1,1,"Specificity"
"884","GSE199994_HD1+E-MTAB-11948_Cervix_Epi",7101,25,"scATOMIC",1,1,"Specificity"
"885","GSE199994_HD1+E-MTAB-11948_Cervix_Epi",7176,100,"scATOMIC",1,1,"Specificity"
"886","GSE199994_HD1+GSE132465_CRC_Epi",7079,3,"scATOMIC",1,1,"Specificity"
"887","GSE199994_HD1+GSE132465_CRC_Epi",7086,10,"scATOMIC",1,1,"Specificity"
"888","GSE199994_HD1+GSE132465_CRC_Epi",7101,25,"scATOMIC",1,1,"Specificity"
"889","GSE199994_HD1+GSE132465_CRC_Epi",7176,100,"scATOMIC",1,1,"Specificity"
"890","GSE199994_HD1+GSE155698_PDAC_Epi",7079,3,"scATOMIC",1,1,"Specificity"
"891","GSE199994_HD1+GSE155698_PDAC_Epi",7086,10,"scATOMIC",1,1,"Specificity"
"892","GSE199994_HD1+GSE155698_PDAC_Epi",7101,25,"scATOMIC",1,1,"Specificity"
"893","GSE199994_HD1+GSE155698_PDAC_Epi",7176,100,"scATOMIC",1,1,"Specificity"
"894","GSE199994_HD1+GSE162025_NPC_Epi",7079,3,"scATOMIC",1,1,"Specificity"
"895","GSE199994_HD1+GSE162025_NPC_Epi",7086,10,"scATOMIC",1,1,"Specificity"
"896","GSE199994_HD1+GSE162025_NPC_Epi",7101,25,"scATOMIC",1,1,"Specificity"
"897","GSE199994_HD1+GSE162025_NPC_Epi",7176,100,"scATOMIC",1,1,"Specificity"
"898","GSE199994_HD1+GSE168652_Cervix_Epi",7079,3,"scATOMIC",1,1,"Specificity"
"899","GSE199994_HD1+GSE168652_Cervix_Epi",7086,10,"scATOMIC",1,1,"Specificity"
"900","GSE199994_HD1+GSE168652_Cervix_Epi",7101,25,"scATOMIC",1,1,"Specificity"
"901","GSE199994_HD1+GSE168652_Cervix_Epi",7176,100,"scATOMIC",1,1,"Specificity"
"902","GSE199994_HD1+GSE173682_Endome_Epi",7079,3,"scATOMIC",1,1,"Specificity"
"903","GSE199994_HD1+GSE173682_Endome_Epi",7086,10,"scATOMIC",1,1,"Specificity"
"904","GSE199994_HD1+GSE173682_Endome_Epi",7101,25,"scATOMIC",1,1,"Specificity"
"905","GSE199994_HD1+GSE173682_Endome_Epi",7176,100,"scATOMIC",1,1,"Specificity"
"906","GSE199994_HD1+GSE173682_Ovarian_Epi",7079,3,"scATOMIC",0.999858677,1,"Specificity"
"907","GSE199994_HD1+GSE173682_Ovarian_Epi",7086,10,"scATOMIC",1,1,"Specificity"
"908","GSE199994_HD1+GSE173682_Ovarian_Epi",7101,25,"scATOMIC",1,1,"Specificity"
"909","GSE199994_HD1+GSE173682_Ovarian_Epi",7176,100,"scATOMIC",1,1,"Specificity"
"910","GSE199994_HD1+GSE176078_BC_Epi",7079,3,"scATOMIC",1,1,"Specificity"
"911","GSE199994_HD1+GSE176078_BC_Epi",7086,10,"scATOMIC",1,1,"Specificity"
"912","GSE199994_HD1+GSE176078_BC_Epi",7101,25,"scATOMIC",1,1,"Specificity"
"913","GSE199994_HD1+GSE176078_BC_Epi",7176,100,"scATOMIC",1,1,"Specificity"
"914","GSE199994_HD1+GSE178318_CRC_Epi",7079,3,"scATOMIC",1,1,"Specificity"
"915","GSE199994_HD1+GSE178318_CRC_Epi",7086,10,"scATOMIC",0.999717354,1,"Specificity"
"916","GSE199994_HD1+GSE178318_CRC_Epi",7101,25,"scATOMIC",1,1,"Specificity"
"917","GSE199994_HD1+GSE178318_CRC_Epi",7176,100,"scATOMIC",1,1,"Specificity"
"918","GSE199994_HD1+GSE193337_Prostate_Epi",7079,3,"scATOMIC",1,1,"Specificity"
"919","GSE199994_HD1+GSE193337_Prostate_Epi",7086,10,"scATOMIC",1,1,"Specificity"
"920","GSE199994_HD1+GSE193337_Prostate_Epi",7101,25,"scATOMIC",1,1,"Specificity"
"921","GSE199994_HD1+GSE193337_Prostate_Epi",7176,100,"scATOMIC",1,1,"Specificity"
"922","GSE199994_HD1+OMIX001073_GC_Epi",7079,3,"scATOMIC",1,1,"Specificity"
"923","GSE199994_HD1+OMIX001073_GC_Epi",7086,10,"scATOMIC",1,1,"Specificity"
"924","GSE199994_HD1+OMIX001073_GC_Epi",7101,25,"scATOMIC",1,1,"Specificity"
"925","GSE199994_HD1+OMIX001073_GC_Epi",7176,100,"scATOMIC",1,1,"Specificity"
"926","GSE199994_HD1+GSE148071_LUNG_Epi",7079,3,"scATOMIC",1,1,"Specificity"
"927","GSE199994_HD1+GSE148071_LUNG_Epi",7086,10,"scATOMIC",1,1,"Specificity"
"928","GSE199994_HD1+GSE148071_LUNG_Epi",7101,25,"scATOMIC",1,1,"Specificity"
"929","GSE199994_HD1+GSE148071_LUNG_Epi",7176,100,"scATOMIC",1,1,"Specificity"
"930","GSE199994_HD1+GSE150430_NPC_Epi",7079,3,"scATOMIC",1,1,"Specificity"
"931","GSE199994_HD1+GSE150430_NPC_Epi",7176,100,"scATOMIC",1,1,"Specificity"
"932","GSE199994_HD1+GSE150825_NPC_Epi",7079,3,"scATOMIC",1,1,"Specificity"
"933","GSE199994_HD1+GSE150825_NPC_Epi",7086,10,"scATOMIC",1,1,"Specificity"
"934","GSE199994_HD1+GSE150825_NPC_Epi",7086,10,"scATOMIC",1,1,"Specificity"
"935","GSE199994_HD1+GSE150825_NPC_Epi",7101,25,"scATOMIC",1,1,"Specificity"
"936","GSE199994_HD1+GSE150825_NPC_Epi",7101,25,"scATOMIC",1,1,"Specificity"
"937","GSE199994_HD1+GSE150825_NPC_Epi",7176,100,"scATOMIC",1,1,"Specificity"
"938","GSE199994_HD1+GSE176031_Prostate_Epi",7079,3,"scATOMIC",1,1,"Specificity"
"939","GSE199994_HD1+GSE176031_Prostate_Epi",7086,10,"scATOMIC",1,1,"Specificity"
"940","GSE199994_HD1+GSE176031_Prostate_Epi",7101,25,"scATOMIC",1,1,"Specificity"
"941","GSE199994_HD1+GSE176031_Prostate_Epi",7176,100,"scATOMIC",1,1,"Specificity"
"942","GSE199994_HD1+GSE149614_HCC_Epi",7079,3,"scATOMIC",1,1,"Specificity"
"943","GSE199994_HD1+GSE149614_HCC_Epi",7086,10,"scATOMIC",1,1,"Specificity"
"944","GSE199994_HD1+GSE149614_HCC_Epi",7101,25,"scATOMIC",1,1,"Specificity"
"945","GSE199994_HD1+GSE149614_HCC_Epi",7176,100,"scATOMIC",1,1,"Specificity"
"946","GSE199994_HD1+GSM3946506_Mela_cl",7079,3,"scATOMIC",1,1,"Specificity"
"947","GSE199994_HD1+GSM3946506_Mela_cl",7086,10,"scATOMIC",1,1,"Specificity"
"948","GSE199994_HD1+GSM3946506_Mela_cl",7101,25,"scATOMIC",1,1,"Specificity"
"949","GSE199994_HD1+GSM3946506_Mela_cl",7176,100,"scATOMIC",1,1,"Specificity"
"950","GSE199994_HD1+GSE215120_Melanoma",7079,3,"scATOMIC",1,1,"Specificity"
"951","GSE199994_HD1+GSE215120_Melanoma",7086,10,"scATOMIC",1,1,"Specificity"
"952","GSE199994_HD1+GSE215120_Melanoma",7101,25,"scATOMIC",1,1,"Specificity"
"953","GSE199994_HD1+GSE215120_Melanoma",7176,100,"scATOMIC",1,1,"Specificity"
"954","GSE199994_HD1+Cervix_PreT1_malignant",7079,3,"scATOMIC",1,1,"Specificity"
"955","GSE199994_HD1+Cervix_PreT1_malignant",7086,10,"scATOMIC",1,1,"Specificity"
"956","GSE199994_HD1+Cervix_PreT1_malignant",7101,25,"scATOMIC",1,1,"Specificity"
"957","GSE199994_HD1+Cervix_PreT1_malignant",7176,100,"scATOMIC",1,1,"Specificity"
"958","GSE199994_HD1+Cervix_PreT2_malignant",7079,3,"scATOMIC",1,1,"Specificity"
"959","GSE199994_HD1+Cervix_PreT2_malignant",7086,10,"scATOMIC",1,1,"Specificity"
"960","GSE199994_HD1+Cervix_PreT2_malignant",7101,25,"scATOMIC",1,1,"Specificity"
"961","GSE199994_HD1+Cervix_PreT2_malignant",7176,100,"scATOMIC",1,1,"Specificity"
"962","GSE199994_HD1+Cervix_PreT3_malignant",7079,3,"scATOMIC",1,1,"Specificity"
"963","GSE199994_HD1+Cervix_PreT3_malignant",7086,10,"scATOMIC",1,1,"Specificity"
"964","GSE199994_HD1+Cervix_PreT3_malignant",7101,25,"scATOMIC",1,1,"Specificity"
"965","GSE199994_HD1+Cervix_PreT3_malignant",7176,100,"scATOMIC",1,NA,"Specificity"
"966","GSE199994_HD1+Cervix_T2Dur3_malignant",7079,3,"scATOMIC",1,1,"Specificity"
"967","GSE199994_HD1+Cervix_T2Dur3_malignant",7086,10,"scATOMIC",1,1,"Specificity"
"968","GSE199994_HD1+Cervix_T2Dur3_malignant",7101,25,"scATOMIC",1,1,"Specificity"
"969","GSE199994_HD1+Cervix_T2Dur3_malignant",7176,100,"scATOMIC",1,1,"Specificity"
"970","GSE199994_HD1+Cervix_T3Dur3_malignant",7079,3,"scATOMIC",1,1,"Specificity"
"971","GSE199994_HD1+Cervix_T3Dur3_malignant",7086,10,"scATOMIC",1,1,"Specificity"
"972","GSE199994_HD1+Cervix_T3Dur3_malignant",7101,25,"scATOMIC",1,1,"Specificity"
"973","GSE199994_HD1+Cervix_T3Dur3_malignant",7176,100,"scATOMIC",1,1,"Specificity"
"974","GSE199994_HD1+Cervix_Tumorhn115_malignant",7079,3,"scATOMIC",1,1,"Specificity"
"975","GSE199994_HD1+Cervix_Tumorhn115_malignant",7086,10,"scATOMIC",1,1,"Specificity"
"976","GSE199994_HD1+Cervix_Tumorhn115_malignant",7101,25,"scATOMIC",1,1,"Specificity"
"977","GSE199994_HD1+Cervix_Tumorhn115_malignant",7176,100,"scATOMIC",1,1,"Specificity"
"978","GSE199994_HD1+E-MTAB-11948_Cervix_Epi",7079,3,"scfoundation",0.982899943,1,"Specificity"
"979","GSE199994_HD1+E-MTAB-11948_Cervix_Epi",7086,10,"scfoundation",0.982899943,1,"Specificity"
"980","GSE199994_HD1+E-MTAB-11948_Cervix_Epi",7101,25,"scfoundation",0.982899943,1,"Specificity"
"981","GSE199994_HD1+E-MTAB-11948_Cervix_Epi",7176,100,"scfoundation",0.982899943,1,"Specificity"
"982","GSE199994_HD1+GSE132465_CRC_Epi",7079,3,"scfoundation",0.982899943,1,"Specificity"
"983","GSE199994_HD1+GSE132465_CRC_Epi",7086,10,"scfoundation",0.982899943,1,"Specificity"
"984","GSE199994_HD1+GSE132465_CRC_Epi",7101,25,"scfoundation",0.982899943,1,"Specificity"
"985","GSE199994_HD1+GSE132465_CRC_Epi",7176,100,"scfoundation",0.982899943,1,"Specificity"
"986","GSE199994_HD1+GSE155698_PDAC_Epi",7079,3,"scfoundation",0.982899943,1,"Specificity"
"987","GSE199994_HD1+GSE155698_PDAC_Epi",7086,10,"scfoundation",0.982899943,1,"Specificity"
"988","GSE199994_HD1+GSE155698_PDAC_Epi",7101,25,"scfoundation",0.982899943,1,"Specificity"
"989","GSE199994_HD1+GSE155698_PDAC_Epi",7176,100,"scfoundation",0.982899943,1,"Specificity"
"990","GSE199994_HD1+GSE162025_NPC_Epi",7079,3,"scfoundation",0.982899943,1,"Specificity"
"991","GSE199994_HD1+GSE162025_NPC_Epi",7086,10,"scfoundation",0.982899943,1,"Specificity"
"992","GSE199994_HD1+GSE162025_NPC_Epi",7101,25,"scfoundation",0.982899943,1,"Specificity"
"993","GSE199994_HD1+GSE162025_NPC_Epi",7176,100,"scfoundation",0.982899943,1,"Specificity"
"994","GSE199994_HD1+GSE168652_Cervix_Epi",7079,3,"scfoundation",0.982899943,1,"Specificity"
"995","GSE199994_HD1+GSE168652_Cervix_Epi",7086,10,"scfoundation",0.982899943,1,"Specificity"
"996","GSE199994_HD1+GSE168652_Cervix_Epi",7101,25,"scfoundation",0.982899943,1,"Specificity"
"997","GSE199994_HD1+GSE168652_Cervix_Epi",7176,100,"scfoundation",0.982899943,1,"Specificity"
"998","GSE199994_HD1+GSE173682_Endome_Epi",7079,3,"scfoundation",0.982899943,1,"Specificity"
"999","GSE199994_HD1+GSE173682_Endome_Epi",7086,10,"scfoundation",0.982899943,1,"Specificity"
"1000","GSE199994_HD1+GSE173682_Endome_Epi",7101,25,"scfoundation",0.982899943,1,"Specificity"
"1001","GSE199994_HD1+GSE173682_Endome_Epi",7176,100,"scfoundation",0.982899943,1,"Specificity"
"1002","GSE199994_HD1+GSE173682_Ovarian_Epi",7079,3,"scfoundation",0.982899943,1,"Specificity"
"1003","GSE199994_HD1+GSE173682_Ovarian_Epi",7086,10,"scfoundation",0.982899943,1,"Specificity"
"1004","GSE199994_HD1+GSE173682_Ovarian_Epi",7101,25,"scfoundation",0.982899943,1,"Specificity"
"1005","GSE199994_HD1+GSE173682_Ovarian_Epi",7176,100,"scfoundation",0.982899943,1,"Specificity"
"1006","GSE199994_HD1+GSE176078_BC_Epi",7079,3,"scfoundation",0.982899943,1,"Specificity"
"1007","GSE199994_HD1+GSE176078_BC_Epi",7086,10,"scfoundation",0.982899943,1,"Specificity"
"1008","GSE199994_HD1+GSE176078_BC_Epi",7101,25,"scfoundation",0.982899943,1,"Specificity"
"1009","GSE199994_HD1+GSE176078_BC_Epi",7176,100,"scfoundation",0.982899943,1,"Specificity"
"1010","GSE199994_HD1+GSE178318_CRC_Epi",7079,3,"scfoundation",0.982899943,1,"Specificity"
"1011","GSE199994_HD1+GSE178318_CRC_Epi",7086,10,"scfoundation",0.982899943,1,"Specificity"
"1012","GSE199994_HD1+GSE178318_CRC_Epi",7101,25,"scfoundation",0.982899943,1,"Specificity"
"1013","GSE199994_HD1+GSE178318_CRC_Epi",7176,100,"scfoundation",0.982899943,1,"Specificity"
"1014","GSE199994_HD1+GSE193337_Prostate_Epi",7079,3,"scfoundation",0.982899943,1,"Specificity"
"1015","GSE199994_HD1+GSE193337_Prostate_Epi",7086,10,"scfoundation",0.982899943,1,"Specificity"
"1016","GSE199994_HD1+GSE193337_Prostate_Epi",7101,25,"scfoundation",0.982899943,1,"Specificity"
"1017","GSE199994_HD1+GSE193337_Prostate_Epi",7176,100,"scfoundation",0.982899943,1,"Specificity"
"1018","GSE199994_HD1+OMIX001073_GC_Epi",7079,3,"scfoundation",0.982899943,1,"Specificity"
"1019","GSE199994_HD1+OMIX001073_GC_Epi",7086,10,"scfoundation",0.982899943,1,"Specificity"
"1020","GSE199994_HD1+OMIX001073_GC_Epi",7101,25,"scfoundation",0.982899943,1,"Specificity"
"1021","GSE199994_HD1+OMIX001073_GC_Epi",7176,100,"scfoundation",0.982899943,1,"Specificity"
"1022","GSE199994_HD1+GSE148071_LUNG_Epi",7079,3,"scfoundation",0.982899943,1,"Specificity"
"1023","GSE199994_HD1+GSE148071_LUNG_Epi",7086,10,"scfoundation",0.982899943,1,"Specificity"
"1024","GSE199994_HD1+GSE148071_LUNG_Epi",7101,25,"scfoundation",0.982899943,1,"Specificity"
"1025","GSE199994_HD1+GSE148071_LUNG_Epi",7176,100,"scfoundation",0.982899943,1,"Specificity"
"1026","GSE199994_HD1+GSE150430_NPC_Epi",7079,3,"scfoundation",0.982899943,1,"Specificity"
"1027","GSE199994_HD1+GSE150430_NPC_Epi",7176,100,"scfoundation",0.982899943,1,"Specificity"
"1028","GSE199994_HD1+GSE150825_NPC_Epi",7079,3,"scfoundation",0.982899943,1,"Specificity"
"1029","GSE199994_HD1+GSE150825_NPC_Epi",7086,10,"scfoundation",0.982899943,1,"Specificity"
"1030","GSE199994_HD1+GSE150825_NPC_Epi",7086,10,"scfoundation",0.982899943,1,"Specificity"
"1031","GSE199994_HD1+GSE150825_NPC_Epi",7101,25,"scfoundation",0.982899943,1,"Specificity"
"1032","GSE199994_HD1+GSE150825_NPC_Epi",7101,25,"scfoundation",0.982899943,1,"Specificity"
"1033","GSE199994_HD1+GSE150825_NPC_Epi",7176,100,"scfoundation",0.982899943,1,"Specificity"
"1034","GSE199994_HD1+GSE176031_Prostate_Epi",7079,3,"scfoundation",0.982899943,1,"Specificity"
"1035","GSE199994_HD1+GSE176031_Prostate_Epi",7086,10,"scfoundation",0.982899943,1,"Specificity"
"1036","GSE199994_HD1+GSE176031_Prostate_Epi",7101,25,"scfoundation",0.982899943,1,"Specificity"
"1037","GSE199994_HD1+GSE176031_Prostate_Epi",7176,100,"scfoundation",0.982899943,1,"Specificity"
"1038","GSE199994_HD1+GSE149614_HCC_Epi",7079,3,"scfoundation",0.982899943,1,"Specificity"
"1039","GSE199994_HD1+GSE149614_HCC_Epi",7086,10,"scfoundation",0.982899943,1,"Specificity"
"1040","GSE199994_HD1+GSE149614_HCC_Epi",7101,25,"scfoundation",0.982899943,1,"Specificity"
"1041","GSE199994_HD1+GSE149614_HCC_Epi",7176,100,"scfoundation",0.982899943,1,"Specificity"
"1042","GSE199994_HD1+GSM3946506_Mela_cl",7079,3,"scfoundation",0.982899943,1,"Specificity"
"1043","GSE199994_HD1+GSM3946506_Mela_cl",7086,10,"scfoundation",0.982899943,1,"Specificity"
"1044","GSE199994_HD1+GSM3946506_Mela_cl",7101,25,"scfoundation",0.982899943,1,"Specificity"
"1045","GSE199994_HD1+GSM3946506_Mela_cl",7176,100,"scfoundation",0.982899943,1,"Specificity"
"1046","GSE199994_HD1+GSE215120_Melanoma",7079,3,"scfoundation",0.982899943,1,"Specificity"
"1047","GSE199994_HD1+GSE215120_Melanoma",7086,10,"scfoundation",0.982899943,1,"Specificity"
"1048","GSE199994_HD1+GSE215120_Melanoma",7101,25,"scfoundation",0.982899943,1,"Specificity"
"1049","GSE199994_HD1+GSE215120_Melanoma",7176,100,"scfoundation",0.982899943,1,"Specificity"
"1050","GSE199994_HD1+Cervix_PreT1_malignant",7079,3,"scfoundation",0.982899943,1,"Specificity"
"1051","GSE199994_HD1+Cervix_PreT1_malignant",7086,10,"scfoundation",0.982899943,1,"Specificity"
"1052","GSE199994_HD1+Cervix_PreT1_malignant",7101,25,"scfoundation",0.982899943,1,"Specificity"
"1053","GSE199994_HD1+Cervix_PreT1_malignant",7176,100,"scfoundation",0.982899943,1,"Specificity"
"1054","GSE199994_HD1+Cervix_PreT2_malignant",7079,3,"scfoundation",0.982899943,1,"Specificity"
"1055","GSE199994_HD1+Cervix_PreT2_malignant",7086,10,"scfoundation",0.982899943,1,"Specificity"
"1056","GSE199994_HD1+Cervix_PreT2_malignant",7101,25,"scfoundation",0.982899943,1,"Specificity"
"1057","GSE199994_HD1+Cervix_PreT2_malignant",7176,100,"scfoundation",0.982899943,1,"Specificity"
"1058","GSE199994_HD1+Cervix_PreT3_malignant",7079,3,"scfoundation",0.982899943,1,"Specificity"
"1059","GSE199994_HD1+Cervix_PreT3_malignant",7086,10,"scfoundation",0.982899943,1,"Specificity"
"1060","GSE199994_HD1+Cervix_PreT3_malignant",7101,25,"scfoundation",0.982899943,1,"Specificity"
"1061","GSE199994_HD1+Cervix_PreT3_malignant",7176,100,"scfoundation",0.982899943,NA,"Specificity"
"1062","GSE199994_HD1+Cervix_T2Dur3_malignant",7079,3,"scfoundation",0.982899943,1,"Specificity"
"1063","GSE199994_HD1+Cervix_T2Dur3_malignant",7086,10,"scfoundation",0.982899943,1,"Specificity"
"1064","GSE199994_HD1+Cervix_T2Dur3_malignant",7101,25,"scfoundation",0.982899943,1,"Specificity"
"1065","GSE199994_HD1+Cervix_T2Dur3_malignant",7176,100,"scfoundation",0.982899943,1,"Specificity"
"1066","GSE199994_HD1+Cervix_T3Dur3_malignant",7079,3,"scfoundation",0.982899943,1,"Specificity"
"1067","GSE199994_HD1+Cervix_T3Dur3_malignant",7086,10,"scfoundation",0.982899943,1,"Specificity"
"1068","GSE199994_HD1+Cervix_T3Dur3_malignant",7101,25,"scfoundation",0.982899943,1,"Specificity"
"1069","GSE199994_HD1+Cervix_T3Dur3_malignant",7176,100,"scfoundation",0.982899943,1,"Specificity"
"1070","GSE199994_HD1+Cervix_Tumorhn115_malignant",7079,3,"scfoundation",0.982899943,1,"Specificity"
"1071","GSE199994_HD1+Cervix_Tumorhn115_malignant",7086,10,"scfoundation",0.982899943,1,"Specificity"
"1072","GSE199994_HD1+Cervix_Tumorhn115_malignant",7101,25,"scfoundation",0.982899943,1,"Specificity"
"1073","GSE199994_HD1+Cervix_Tumorhn115_malignant",7176,100,"scfoundation",0.982899943,1,"Specificity"
"1074","GSE199994_HD1+E-MTAB-11948_Cervix_Epi",7079,3,"scGPT",1,1,"Specificity"
"1075","GSE199994_HD1+E-MTAB-11948_Cervix_Epi",7086,10,"scGPT",1,1,"Specificity"
"1076","GSE199994_HD1+E-MTAB-11948_Cervix_Epi",7101,25,"scGPT",1,1,"Specificity"
"1077","GSE199994_HD1+E-MTAB-11948_Cervix_Epi",7176,100,"scGPT",1,1,"Specificity"
"1078","GSE199994_HD1+GSE132465_CRC_Epi",7079,3,"scGPT",1,1,"Specificity"
"1079","GSE199994_HD1+GSE132465_CRC_Epi",7086,10,"scGPT",1,1,"Specificity"
"1080","GSE199994_HD1+GSE132465_CRC_Epi",7101,25,"scGPT",1,1,"Specificity"
"1081","GSE199994_HD1+GSE132465_CRC_Epi",7176,100,"scGPT",1,1,"Specificity"
"1082","GSE199994_HD1+GSE155698_PDAC_Epi",7079,3,"scGPT",1,1,"Specificity"
"1083","GSE199994_HD1+GSE155698_PDAC_Epi",7086,10,"scGPT",1,1,"Specificity"
"1084","GSE199994_HD1+GSE155698_PDAC_Epi",7101,25,"scGPT",1,1,"Specificity"
"1085","GSE199994_HD1+GSE155698_PDAC_Epi",7176,100,"scGPT",1,1,"Specificity"
"1086","GSE199994_HD1+GSE162025_NPC_Epi",7079,3,"scGPT",1,1,"Specificity"
"1087","GSE199994_HD1+GSE162025_NPC_Epi",7086,10,"scGPT",1,1,"Specificity"
"1088","GSE199994_HD1+GSE162025_NPC_Epi",7101,25,"scGPT",1,1,"Specificity"
"1089","GSE199994_HD1+GSE162025_NPC_Epi",7176,100,"scGPT",1,1,"Specificity"
"1090","GSE199994_HD1+GSE168652_Cervix_Epi",7079,3,"scGPT",1,1,"Specificity"
"1091","GSE199994_HD1+GSE168652_Cervix_Epi",7086,10,"scGPT",1,1,"Specificity"
"1092","GSE199994_HD1+GSE168652_Cervix_Epi",7101,25,"scGPT",1,1,"Specificity"
"1093","GSE199994_HD1+GSE168652_Cervix_Epi",7176,100,"scGPT",1,1,"Specificity"
"1094","GSE199994_HD1+GSE173682_Endome_Epi",7079,3,"scGPT",1,1,"Specificity"
"1095","GSE199994_HD1+GSE173682_Endome_Epi",7086,10,"scGPT",1,1,"Specificity"
"1096","GSE199994_HD1+GSE173682_Endome_Epi",7101,25,"scGPT",1,1,"Specificity"
"1097","GSE199994_HD1+GSE173682_Endome_Epi",7176,100,"scGPT",1,1,"Specificity"
"1098","GSE199994_HD1+GSE173682_Ovarian_Epi",7079,3,"scGPT",1,1,"Specificity"
"1099","GSE199994_HD1+GSE173682_Ovarian_Epi",7086,10,"scGPT",1,1,"Specificity"
"1100","GSE199994_HD1+GSE173682_Ovarian_Epi",7101,25,"scGPT",1,1,"Specificity"
"1101","GSE199994_HD1+GSE173682_Ovarian_Epi",7176,100,"scGPT",1,1,"Specificity"
"1102","GSE199994_HD1+GSE176078_BC_Epi",7079,3,"scGPT",1,1,"Specificity"
"1103","GSE199994_HD1+GSE176078_BC_Epi",7086,10,"scGPT",1,1,"Specificity"
"1104","GSE199994_HD1+GSE176078_BC_Epi",7101,25,"scGPT",1,1,"Specificity"
"1105","GSE199994_HD1+GSE176078_BC_Epi",7176,100,"scGPT",1,1,"Specificity"
"1106","GSE199994_HD1+GSE178318_CRC_Epi",7079,3,"scGPT",1,1,"Specificity"
"1107","GSE199994_HD1+GSE178318_CRC_Epi",7086,10,"scGPT",1,1,"Specificity"
"1108","GSE199994_HD1+GSE178318_CRC_Epi",7101,25,"scGPT",1,1,"Specificity"
"1109","GSE199994_HD1+GSE178318_CRC_Epi",7176,100,"scGPT",1,1,"Specificity"
"1110","GSE199994_HD1+GSE193337_Prostate_Epi",7079,3,"scGPT",1,1,"Specificity"
"1111","GSE199994_HD1+GSE193337_Prostate_Epi",7086,10,"scGPT",1,1,"Specificity"
"1112","GSE199994_HD1+GSE193337_Prostate_Epi",7101,25,"scGPT",1,1,"Specificity"
"1113","GSE199994_HD1+GSE193337_Prostate_Epi",7176,100,"scGPT",1,1,"Specificity"
"1114","GSE199994_HD1+OMIX001073_GC_Epi",7079,3,"scGPT",1,1,"Specificity"
"1115","GSE199994_HD1+OMIX001073_GC_Epi",7086,10,"scGPT",1,1,"Specificity"
"1116","GSE199994_HD1+OMIX001073_GC_Epi",7101,25,"scGPT",1,1,"Specificity"
"1117","GSE199994_HD1+OMIX001073_GC_Epi",7176,100,"scGPT",1,1,"Specificity"
"1118","GSE199994_HD1+GSE148071_LUNG_Epi",7079,3,"scGPT",1,1,"Specificity"
"1119","GSE199994_HD1+GSE148071_LUNG_Epi",7086,10,"scGPT",1,1,"Specificity"
"1120","GSE199994_HD1+GSE148071_LUNG_Epi",7101,25,"scGPT",1,1,"Specificity"
"1121","GSE199994_HD1+GSE148071_LUNG_Epi",7176,100,"scGPT",1,1,"Specificity"
"1122","GSE199994_HD1+GSE150430_NPC_Epi",7079,3,"scGPT",1,1,"Specificity"
"1123","GSE199994_HD1+GSE150430_NPC_Epi",7176,100,"scGPT",1,1,"Specificity"
"1124","GSE199994_HD1+GSE150825_NPC_Epi",7079,3,"scGPT",1,1,"Specificity"
"1125","GSE199994_HD1+GSE150825_NPC_Epi",7086,10,"scGPT",1,1,"Specificity"
"1126","GSE199994_HD1+GSE150825_NPC_Epi",7086,10,"scGPT",1,1,"Specificity"
"1127","GSE199994_HD1+GSE150825_NPC_Epi",7101,25,"scGPT",1,1,"Specificity"
"1128","GSE199994_HD1+GSE150825_NPC_Epi",7101,25,"scGPT",1,1,"Specificity"
"1129","GSE199994_HD1+GSE150825_NPC_Epi",7176,100,"scGPT",1,1,"Specificity"
"1130","GSE199994_HD1+GSE176031_Prostate_Epi",7079,3,"scGPT",1,1,"Specificity"
"1131","GSE199994_HD1+GSE176031_Prostate_Epi",7086,10,"scGPT",1,1,"Specificity"
"1132","GSE199994_HD1+GSE176031_Prostate_Epi",7101,25,"scGPT",1,1,"Specificity"
"1133","GSE199994_HD1+GSE176031_Prostate_Epi",7176,100,"scGPT",1,1,"Specificity"
"1134","GSE199994_HD1+GSE149614_HCC_Epi",7079,3,"scGPT",1,1,"Specificity"
"1135","GSE199994_HD1+GSE149614_HCC_Epi",7086,10,"scGPT",1,1,"Specificity"
"1136","GSE199994_HD1+GSE149614_HCC_Epi",7101,25,"scGPT",1,1,"Specificity"
"1137","GSE199994_HD1+GSE149614_HCC_Epi",7176,100,"scGPT",1,1,"Specificity"
"1138","GSE199994_HD1+GSM3946506_Mela_cl",7079,3,"scGPT",1,1,"Specificity"
"1139","GSE199994_HD1+GSM3946506_Mela_cl",7086,10,"scGPT",1,1,"Specificity"
"1140","GSE199994_HD1+GSM3946506_Mela_cl",7101,25,"scGPT",1,1,"Specificity"
"1141","GSE199994_HD1+GSM3946506_Mela_cl",7176,100,"scGPT",1,1,"Specificity"
"1142","GSE199994_HD1+GSE215120_Melanoma",7079,3,"scGPT",1,1,"Specificity"
"1143","GSE199994_HD1+GSE215120_Melanoma",7086,10,"scGPT",1,1,"Specificity"
"1144","GSE199994_HD1+GSE215120_Melanoma",7101,25,"scGPT",1,1,"Specificity"
"1145","GSE199994_HD1+GSE215120_Melanoma",7176,100,"scGPT",1,1,"Specificity"
"1146","GSE199994_HD1+Cervix_PreT1_malignant",7079,3,"scGPT",1,1,"Specificity"
"1147","GSE199994_HD1+Cervix_PreT1_malignant",7086,10,"scGPT",1,1,"Specificity"
"1148","GSE199994_HD1+Cervix_PreT1_malignant",7101,25,"scGPT",1,1,"Specificity"
"1149","GSE199994_HD1+Cervix_PreT1_malignant",7176,100,"scGPT",1,1,"Specificity"
"1150","GSE199994_HD1+Cervix_PreT2_malignant",7079,3,"scGPT",1,1,"Specificity"
"1151","GSE199994_HD1+Cervix_PreT2_malignant",7086,10,"scGPT",1,1,"Specificity"
"1152","GSE199994_HD1+Cervix_PreT2_malignant",7101,25,"scGPT",1,1,"Specificity"
"1153","GSE199994_HD1+Cervix_PreT2_malignant",7176,100,"scGPT",1,1,"Specificity"
"1154","GSE199994_HD1+Cervix_PreT3_malignant",7079,3,"scGPT",1,1,"Specificity"
"1155","GSE199994_HD1+Cervix_PreT3_malignant",7086,10,"scGPT",1,1,"Specificity"
"1156","GSE199994_HD1+Cervix_PreT3_malignant",7101,25,"scGPT",1,1,"Specificity"
"1157","GSE199994_HD1+Cervix_PreT3_malignant",7176,100,"scGPT",1,NA,"Specificity"
"1158","GSE199994_HD1+Cervix_T2Dur3_malignant",7079,3,"scGPT",1,1,"Specificity"
"1159","GSE199994_HD1+Cervix_T2Dur3_malignant",7086,10,"scGPT",1,1,"Specificity"
"1160","GSE199994_HD1+Cervix_T2Dur3_malignant",7101,25,"scGPT",1,1,"Specificity"
"1161","GSE199994_HD1+Cervix_T2Dur3_malignant",7176,100,"scGPT",1,1,"Specificity"
"1162","GSE199994_HD1+Cervix_T3Dur3_malignant",7079,3,"scGPT",1,1,"Specificity"
"1163","GSE199994_HD1+Cervix_T3Dur3_malignant",7086,10,"scGPT",1,1,"Specificity"
"1164","GSE199994_HD1+Cervix_T3Dur3_malignant",7101,25,"scGPT",1,1,"Specificity"
"1165","GSE199994_HD1+Cervix_T3Dur3_malignant",7176,100,"scGPT",1,1,"Specificity"
"1166","GSE199994_HD1+Cervix_Tumorhn115_malignant",7079,3,"scGPT",1,1,"Specificity"
"1167","GSE199994_HD1+Cervix_Tumorhn115_malignant",7086,10,"scGPT",1,1,"Specificity"
"1168","GSE199994_HD1+Cervix_Tumorhn115_malignant",7101,25,"scGPT",1,1,"Specificity"
"1169","GSE199994_HD1+Cervix_Tumorhn115_malignant",7176,100,"scGPT",1,1,"Specificity"
"1170","Immune+GSE132465_CRC_Epi",10003,3,"copykat",0.8848,1,"Specificity"
"1171","Immune+GSE132465_CRC_Epi",10025,25,"copykat",0.8859,1,"Specificity"
"1172","Immune+GSE155698_PDAC_Epi",10025,25,"copykat",0.8872,1,"Specificity"
"1173","Immune+GSE176078_BC_Epi",10003,3,"copykat",0.8858,1,"Specificity"
"1174","Immune+GSE176078_BC_Epi",10010,10,"copykat",0.8871,1,"Specificity"
"1175","Immune+GSE176078_BC_Epi",10025,25,"copykat",0.887,1,"Specificity"
"1176","Immune+GSE176078_BC_Epi",10100,100,"copykat",0.884,1,"Specificity"
"1177","Immune+GSE178318_CRC_Epi",10010,10,"copykat",0.8858,1,"Specificity"
"1178","Immune+GSE193337_Prostate_Epi",10003,3,"copykat",0.8859,1,"Specificity"
"1179","Immune+GSE193337_Prostate_Epi",10025,25,"copykat",0.8863,1,"Specificity"
"1180","Immune+GSE176031_Prostate_Epi",10003,3,"copykat",0.8883,1,"Specificity"
"1181","Immune+GSM3946506_Mela_cl",10003,3,"copykat",0.8891,1,"Specificity"
"1182","Immune+GSM3946506_Mela_cl",10010,10,"copykat",0.8854,1,"Specificity"
"1183","Immune+GSM3946506_Mela_cl",10025,25,"copykat",0.8869,1,"Specificity"
"1184","Immune+GSM3946506_Mela_cl",10100,100,"copykat",0.8877,1,"Specificity"
"1185","Immune+GSE215120_Melanoma",10003,3,"copykat",0.8854,1,"Specificity"
"1186","Immune+GSE215120_Melanoma",10010,10,"copykat",0.8867,1,"Specificity"
"1187","Immune+GSE215120_Melanoma",10025,25,"copykat",0.8874,1,"Specificity"
"1188","Immune+GSE215120_Melanoma",10100,100,"copykat",0.8865,1,"Specificity"
"1189","Immune+Cervix_PreT1_malignant",10003,3,"copykat",0.8854,1,"Specificity"
"1190","Immune+Cervix_PreT1_malignant",10010,10,"copykat",0.8878,1,"Specificity"
"1191","Immune+Cervix_PreT1_malignant",10025,25,"copykat",0.886,1,"Specificity"
"1192","Immune+Cervix_PreT1_malignant",10100,100,"copykat",0.8873,1,"Specificity"
"1193","Immune+Cervix_PreT2_malignant",10003,3,"copykat",0.8861,1,"Specificity"
"1194","Immune+Cervix_PreT2_malignant",10010,10,"copykat",0.8871,1,"Specificity"
"1195","Immune+Cervix_PreT2_malignant",10025,25,"copykat",0.8895,1,"Specificity"
"1196","Immune+Cervix_PreT2_malignant",10100,100,"copykat",0.8867,1,"Specificity"
"1197","Immune+Cervix_PreT3_malignant",10003,3,"copykat",0.8852,1,"Specificity"
"1198","Immune+Cervix_PreT3_malignant",10010,10,"copykat",0.1246,1,"Specificity"
"1199","Immune+Cervix_PreT3_malignant",10025,25,"copykat",0.1286,1,"Specificity"
"1200","Immune+Cervix_PreT3_malignant",10100,100,"copykat",0.8864,1,"Specificity"
"1201","Immune+Cervix_T2Dur3_malignant",10003,3,"copykat",0.8874,1,"Specificity"
"1202","Immune+Cervix_T2Dur3_malignant",10010,10,"copykat",0.8864,1,"Specificity"
"1203","Immune+Cervix_T2Dur3_malignant",10025,25,"copykat",0.887,1,"Specificity"
"1204","Immune+Cervix_T2Dur3_malignant",10100,100,"copykat",0.8869,1,"Specificity"
"1205","Immune+Cervix_T3Dur3_malignant",10003,3,"copykat",0.8934,1,"Specificity"
"1206","Immune+Cervix_T3Dur3_malignant",10010,10,"copykat",0.887,1,"Specificity"
"1207","Immune+Cervix_T3Dur3_malignant",10025,25,"copykat",0.8866,1,"Specificity"
"1208","Immune+Cervix_T3Dur3_malignant",10100,100,"copykat",0.8879,1,"Specificity"
"1209","Immune+Cervix_Tumorhn115_malignant",10010,10,"copykat",0.8878,1,"Specificity"
"1210","Immune+GSE132465_CRC_Epi",10003,3,"CTCTracer",0.0042,1,"Specificity"
"1211","Immune+GSE132465_CRC_Epi",10025,25,"CTCTracer",0.0052,1,"Specificity"
"1212","Immune+GSE155698_PDAC_Epi",10025,25,"CTCTracer",0.0069,1,"Specificity"
"1213","Immune+GSE176078_BC_Epi",10003,3,"CTCTracer",0.0055,1,"Specificity"
"1214","Immune+GSE176078_BC_Epi",10010,10,"CTCTracer",0.0059,1,"Specificity"
"1215","Immune+GSE176078_BC_Epi",10025,25,"CTCTracer",0.0054,1,"Specificity"
"1216","Immune+GSE176078_BC_Epi",10100,100,"CTCTracer",0.0067,1,"Specificity"
"1217","Immune+GSE178318_CRC_Epi",10010,10,"CTCTracer",0.005,1,"Specificity"
"1218","Immune+GSE193337_Prostate_Epi",10003,3,"CTCTracer",0.0052,1,"Specificity"
"1219","Immune+GSE193337_Prostate_Epi",10025,25,"CTCTracer",0.0057,1,"Specificity"
"1220","Immune+GSE176031_Prostate_Epi",10003,3,"CTCTracer",0.005,1,"Specificity"
"1221","Immune+GSM3946506_Mela_cl",10003,3,"CTCTracer",0.0057,1,"Specificity"
"1222","Immune+GSM3946506_Mela_cl",10010,10,"CTCTracer",0.0056,1,"Specificity"
"1223","Immune+GSM3946506_Mela_cl",10025,25,"CTCTracer",0.0045,1,"Specificity"
"1224","Immune+GSM3946506_Mela_cl",10100,100,"CTCTracer",0.005,1,"Specificity"
"1225","Immune+GSE215120_Melanoma",10003,3,"CTCTracer",0.0058,1,"Specificity"
"1226","Immune+GSE215120_Melanoma",10010,10,"CTCTracer",0.0048,1,"Specificity"
"1227","Immune+GSE215120_Melanoma",10025,25,"CTCTracer",0.0056,1,"Specificity"
"1228","Immune+GSE215120_Melanoma",10100,100,"CTCTracer",0.0064,1,"Specificity"
"1229","Immune+Cervix_PreT1_malignant",10003,3,"CTCTracer",0.0044,1,"Specificity"
"1230","Immune+Cervix_PreT1_malignant",10010,10,"CTCTracer",0.0054,1,"Specificity"
"1231","Immune+Cervix_PreT1_malignant",10025,25,"CTCTracer",0.0065,1,"Specificity"
"1232","Immune+Cervix_PreT1_malignant",10100,100,"CTCTracer",0.0061,1,"Specificity"
"1233","Immune+Cervix_PreT2_malignant",10003,3,"CTCTracer",0.0055,1,"Specificity"
"1234","Immune+Cervix_PreT2_malignant",10010,10,"CTCTracer",0.0066,1,"Specificity"
"1235","Immune+Cervix_PreT2_malignant",10025,25,"CTCTracer",0.006,1,"Specificity"
"1236","Immune+Cervix_PreT2_malignant",10100,100,"CTCTracer",0.0057,1,"Specificity"
"1237","Immune+Cervix_PreT3_malignant",10003,3,"CTCTracer",0.0062,1,"Specificity"
"1238","Immune+Cervix_PreT3_malignant",10010,10,"CTCTracer",0.0059,1,"Specificity"
"1239","Immune+Cervix_PreT3_malignant",10025,25,"CTCTracer",0.0058,1,"Specificity"
"1240","Immune+Cervix_PreT3_malignant",10100,100,"CTCTracer",0.0062,1,"Specificity"
"1241","Immune+Cervix_T2Dur3_malignant",10003,3,"CTCTracer",0.0061,1,"Specificity"
"1242","Immune+Cervix_T2Dur3_malignant",10010,10,"CTCTracer",0.0057,1,"Specificity"
"1243","Immune+Cervix_T2Dur3_malignant",10025,25,"CTCTracer",0.0035,1,"Specificity"
"1244","Immune+Cervix_T2Dur3_malignant",10100,100,"CTCTracer",0.0052,1,"Specificity"
"1245","Immune+Cervix_T3Dur3_malignant",10003,3,"CTCTracer",0.0058,1,"Specificity"
"1246","Immune+Cervix_T3Dur3_malignant",10010,10,"CTCTracer",0.0062,1,"Specificity"
"1247","Immune+Cervix_T3Dur3_malignant",10025,25,"CTCTracer",0.0052,1,"Specificity"
"1248","Immune+Cervix_T3Dur3_malignant",10100,100,"CTCTracer",0.0052,1,"Specificity"
"1249","Immune+Cervix_Tumorhn115_malignant",10010,10,"CTCTracer",0.005,1,"Specificity"
"1250","Immune+GSE176078_BC_Epi",10003,3,"iCTC",1,1,"Specificity"
"1251","Immune+GSE176031_Prostate_Epi",10003,3,"iCTC",1,1,"Specificity"
"1252","Immune+GSM3946506_Mela_cl",10003,3,"iCTC",1,1,"Specificity"
"1253","Immune+GSM3946506_Mela_cl",10010,10,"iCTC",1,1,"Specificity"
"1254","Immune+GSM3946506_Mela_cl",10025,25,"iCTC",1,1,"Specificity"
"1255","Immune+GSE215120_Melanoma",10003,3,"iCTC",1,1,"Specificity"
"1256","Immune+GSE215120_Melanoma",10010,10,"iCTC",1,1,"Specificity"
"1257","Immune+Cervix_PreT1_malignant",10003,3,"iCTC",1,1,"Specificity"
"1258","Immune+Cervix_PreT3_malignant",10010,10,"iCTC",1,1,"Specificity"
"1259","Immune+GSE132465_CRC_Epi",10003,3,"scATOMIC",1,1,"Specificity"
"1260","Immune+GSE132465_CRC_Epi",10025,25,"scATOMIC",1,1,"Specificity"
"1261","Immune+GSE155698_PDAC_Epi",10025,25,"scATOMIC",1,1,"Specificity"
"1262","Immune+GSE176078_BC_Epi",10003,3,"scATOMIC",1,1,"Specificity"
"1263","Immune+GSE176078_BC_Epi",10010,10,"scATOMIC",1,1,"Specificity"
"1264","Immune+GSE176078_BC_Epi",10025,25,"scATOMIC",1,1,"Specificity"
"1265","Immune+GSE176078_BC_Epi",10100,100,"scATOMIC",1,1,"Specificity"
"1266","Immune+GSE178318_CRC_Epi",10010,10,"scATOMIC",1,1,"Specificity"
"1267","Immune+GSE193337_Prostate_Epi",10003,3,"scATOMIC",1,1,"Specificity"
"1268","Immune+GSE193337_Prostate_Epi",10025,25,"scATOMIC",1,1,"Specificity"
"1269","Immune+GSE176031_Prostate_Epi",10003,3,"scATOMIC",1,1,"Specificity"
"1270","Immune+GSM3946506_Mela_cl",10003,3,"scATOMIC",1,1,"Specificity"
"1271","Immune+GSM3946506_Mela_cl",10010,10,"scATOMIC",1,1,"Specificity"
"1272","Immune+GSM3946506_Mela_cl",10025,25,"scATOMIC",1,1,"Specificity"
"1273","Immune+GSM3946506_Mela_cl",10100,100,"scATOMIC",1,1,"Specificity"
"1274","Immune+GSE215120_Melanoma",10003,3,"scATOMIC",1,1,"Specificity"
"1275","Immune+GSE215120_Melanoma",10010,10,"scATOMIC",1,1,"Specificity"
"1276","Immune+GSE215120_Melanoma",10025,25,"scATOMIC",1,1,"Specificity"
"1277","Immune+GSE215120_Melanoma",10100,100,"scATOMIC",1,1,"Specificity"
"1278","Immune+Cervix_PreT1_malignant",10003,3,"scATOMIC",1,1,"Specificity"
"1279","Immune+Cervix_PreT1_malignant",10010,10,"scATOMIC",1,1,"Specificity"
"1280","Immune+Cervix_PreT1_malignant",10025,25,"scATOMIC",1,1,"Specificity"
"1281","Immune+Cervix_PreT1_malignant",10100,100,"scATOMIC",1,1,"Specificity"
"1282","Immune+Cervix_PreT2_malignant",10003,3,"scATOMIC",1,1,"Specificity"
"1283","Immune+Cervix_PreT2_malignant",10010,10,"scATOMIC",1,1,"Specificity"
"1284","Immune+Cervix_PreT2_malignant",10025,25,"scATOMIC",1,1,"Specificity"
"1285","Immune+Cervix_PreT2_malignant",10100,100,"scATOMIC",1,1,"Specificity"
"1286","Immune+Cervix_PreT3_malignant",10003,3,"scATOMIC",1,1,"Specificity"
"1287","Immune+Cervix_PreT3_malignant",10010,10,"scATOMIC",1,1,"Specificity"
"1288","Immune+Cervix_PreT3_malignant",10025,25,"scATOMIC",1,1,"Specificity"
"1289","Immune+Cervix_PreT3_malignant",10100,100,"scATOMIC",1,1,"Specificity"
"1290","Immune+Cervix_T2Dur3_malignant",10003,3,"scATOMIC",1,1,"Specificity"
"1291","Immune+Cervix_T2Dur3_malignant",10010,10,"scATOMIC",1,1,"Specificity"
"1292","Immune+Cervix_T2Dur3_malignant",10025,25,"scATOMIC",1,1,"Specificity"
"1293","Immune+Cervix_T2Dur3_malignant",10100,100,"scATOMIC",1,1,"Specificity"
"1294","Immune+Cervix_T3Dur3_malignant",10003,3,"scATOMIC",1,1,"Specificity"
"1295","Immune+Cervix_T3Dur3_malignant",10010,10,"scATOMIC",1,1,"Specificity"
"1296","Immune+Cervix_T3Dur3_malignant",10025,25,"scATOMIC",1,1,"Specificity"
"1297","Immune+Cervix_T3Dur3_malignant",10100,100,"scATOMIC",1,1,"Specificity"
"1298","Immune+Cervix_Tumorhn115_malignant",10010,10,"scATOMIC",1,1,"Specificity"
"1299","Immune+GSE132465_CRC_Epi",10003,3,"scfoundation",0.921,1,"Specificity"
"1300","Immune+GSE132465_CRC_Epi",10025,25,"scfoundation",0.9216,1,"Specificity"
"1301","Immune+GSE155698_PDAC_Epi",10025,25,"scfoundation",0.9237,1,"Specificity"
"1302","Immune+GSE176078_BC_Epi",10003,3,"scfoundation",0.9211,1,"Specificity"
"1303","Immune+GSE176078_BC_Epi",10010,10,"scfoundation",0.9204,1,"Specificity"
"1304","Immune+GSE176078_BC_Epi",10025,25,"scfoundation",0.9191,1,"Specificity"
"1305","Immune+GSE176078_BC_Epi",10100,100,"scfoundation",0.9166,1,"Specificity"
"1306","Immune+GSE178318_CRC_Epi",10010,10,"scfoundation",0.9191,1,"Specificity"
"1307","Immune+GSE193337_Prostate_Epi",10003,3,"scfoundation",0.9191,1,"Specificity"
"1308","Immune+GSE193337_Prostate_Epi",10025,25,"scfoundation",0.9223,1,"Specificity"
"1309","Immune+GSE176031_Prostate_Epi",10003,3,"scfoundation",0.9237,1,"Specificity"
"1310","Immune+GSM3946506_Mela_cl",10003,3,"scfoundation",0.9219,1,"Specificity"
"1311","Immune+GSM3946506_Mela_cl",10010,10,"scfoundation",0.9205,1,"Specificity"
"1312","Immune+GSM3946506_Mela_cl",10025,25,"scfoundation",0.9202,1,"Specificity"
"1313","Immune+GSM3946506_Mela_cl",10100,100,"scfoundation",0.9183,1,"Specificity"
"1314","Immune+GSE215120_Melanoma",10003,3,"scfoundation",0.9205,1,"Specificity"
"1315","Immune+GSE215120_Melanoma",10010,10,"scfoundation",0.9202,1,"Specificity"
"1316","Immune+GSE215120_Melanoma",10025,25,"scfoundation",0.9183,1,"Specificity"
"1317","Immune+GSE215120_Melanoma",10100,100,"scfoundation",0.9228,1,"Specificity"
"1318","Immune+Cervix_PreT1_malignant",10003,3,"scfoundation",0.9202,1,"Specificity"
"1319","Immune+Cervix_PreT1_malignant",10010,10,"scfoundation",0.9183,1,"Specificity"
"1320","Immune+Cervix_PreT1_malignant",10025,25,"scfoundation",0.9228,1,"Specificity"
"1321","Immune+Cervix_PreT1_malignant",10100,100,"scfoundation",0.9246,1,"Specificity"
"1322","Immune+Cervix_PreT2_malignant",10003,3,"scfoundation",0.9183,1,"Specificity"
"1323","Immune+Cervix_PreT2_malignant",10010,10,"scfoundation",0.9228,1,"Specificity"
"1324","Immune+Cervix_PreT2_malignant",10025,25,"scfoundation",0.9246,1,"Specificity"
"1325","Immune+Cervix_PreT2_malignant",10100,100,"scfoundation",0.9214,1,"Specificity"
"1326","Immune+Cervix_PreT3_malignant",10003,3,"scfoundation",0.9228,1,"Specificity"
"1327","Immune+Cervix_PreT3_malignant",10010,10,"scfoundation",0.9246,1,"Specificity"
"1328","Immune+Cervix_PreT3_malignant",10025,25,"scfoundation",0.9214,1,"Specificity"
"1329","Immune+Cervix_PreT3_malignant",10100,100,"scfoundation",0.9219,1,"Specificity"
"1330","Immune+Cervix_T2Dur3_malignant",10003,3,"scfoundation",0.9246,1,"Specificity"
"1331","Immune+Cervix_T2Dur3_malignant",10010,10,"scfoundation",0.9214,1,"Specificity"
"1332","Immune+Cervix_T2Dur3_malignant",10025,25,"scfoundation",0.9219,1,"Specificity"
"1333","Immune+Cervix_T2Dur3_malignant",10100,100,"scfoundation",0.9174,1,"Specificity"
"1334","Immune+Cervix_T3Dur3_malignant",10003,3,"scfoundation",0.9214,1,"Specificity"
"1335","Immune+Cervix_T3Dur3_malignant",10010,10,"scfoundation",0.9219,1,"Specificity"
"1336","Immune+Cervix_T3Dur3_malignant",10025,25,"scfoundation",0.9174,1,"Specificity"
"1337","Immune+Cervix_T3Dur3_malignant",10100,100,"scfoundation",0.921,1,"Specificity"
"1338","Immune+Cervix_Tumorhn115_malignant",10010,10,"scfoundation",0.9174,1,"Specificity"
"1339","Immune+GSE132465_CRC_Epi",10003,3,"scGPT",0.9999,1,"Specificity"
"1340","Immune+GSE132465_CRC_Epi",10025,25,"scGPT",1,1,"Specificity"
"1341","Immune+GSE155698_PDAC_Epi",10025,25,"scGPT",1,1,"Specificity"
"1342","Immune+GSE176078_BC_Epi",10003,3,"scGPT",1,1,"Specificity"
"1343","Immune+GSE176078_BC_Epi",10010,10,"scGPT",1,1,"Specificity"
"1344","Immune+GSE176078_BC_Epi",10025,25,"scGPT",1,1,"Specificity"
"1345","Immune+GSE176078_BC_Epi",10100,100,"scGPT",1,1,"Specificity"
"1346","Immune+GSE178318_CRC_Epi",10010,10,"scGPT",1,1,"Specificity"
"1347","Immune+GSE193337_Prostate_Epi",10003,3,"scGPT",1,1,"Specificity"
"1348","Immune+GSE193337_Prostate_Epi",10025,25,"scGPT",1,1,"Specificity"
"1349","Immune+GSE176031_Prostate_Epi",10003,3,"scGPT",1,1,"Specificity"
"1350","Immune+GSM3946506_Mela_cl",10003,3,"scGPT",1,1,"Specificity"
"1351","Immune+GSM3946506_Mela_cl",10010,10,"scGPT",1,1,"Specificity"
"1352","Immune+GSM3946506_Mela_cl",10025,25,"scGPT",0.9999,1,"Specificity"
"1353","Immune+GSM3946506_Mela_cl",10100,100,"scGPT",0.9999,1,"Specificity"
"1354","Immune+GSE215120_Melanoma",10003,3,"scGPT",1,1,"Specificity"
"1355","Immune+GSE215120_Melanoma",10010,10,"scGPT",0.9999,1,"Specificity"
"1356","Immune+GSE215120_Melanoma",10025,25,"scGPT",0.9999,1,"Specificity"
"1357","Immune+GSE215120_Melanoma",10100,100,"scGPT",1,1,"Specificity"
"1358","Immune+Cervix_PreT1_malignant",10003,3,"scGPT",0.9999,1,"Specificity"
"1359","Immune+Cervix_PreT1_malignant",10010,10,"scGPT",0.9999,1,"Specificity"
"1360","Immune+Cervix_PreT1_malignant",10025,25,"scGPT",1,1,"Specificity"
"1361","Immune+Cervix_PreT1_malignant",10100,100,"scGPT",0.9998,1,"Specificity"
"1362","Immune+Cervix_PreT2_malignant",10003,3,"scGPT",0.9999,1,"Specificity"
"1363","Immune+Cervix_PreT2_malignant",10010,10,"scGPT",1,1,"Specificity"
"1364","Immune+Cervix_PreT2_malignant",10025,25,"scGPT",0.9998,1,"Specificity"
"1365","Immune+Cervix_PreT2_malignant",10100,100,"scGPT",1,1,"Specificity"
"1366","Immune+Cervix_PreT3_malignant",10003,3,"scGPT",1,1,"Specificity"
"1367","Immune+Cervix_PreT3_malignant",10010,10,"scGPT",0.9998,1,"Specificity"
"1368","Immune+Cervix_PreT3_malignant",10025,25,"scGPT",1,1,"Specificity"
"1369","Immune+Cervix_PreT3_malignant",10100,100,"scGPT",1,1,"Specificity"
"1370","Immune+Cervix_T2Dur3_malignant",10003,3,"scGPT",0.9998,1,"Specificity"
"1371","Immune+Cervix_T2Dur3_malignant",10010,10,"scGPT",1,1,"Specificity"
"1372","Immune+Cervix_T2Dur3_malignant",10025,25,"scGPT",1,1,"Specificity"
"1373","Immune+Cervix_T2Dur3_malignant",10100,100,"scGPT",1,1,"Specificity"
"1374","Immune+Cervix_T3Dur3_malignant",10003,3,"scGPT",1,1,"Specificity"
"1375","Immune+Cervix_T3Dur3_malignant",10010,10,"scGPT",1,1,"Specificity"
"1376","Immune+Cervix_T3Dur3_malignant",10025,25,"scGPT",1,1,"Specificity"
"1377","Immune+Cervix_T3Dur3_malignant",10100,100,"scGPT",1,1,"Specificity"
"1378","Immune+Cervix_Tumorhn115_malignant",10010,10,"scGPT",1,1,"Specificity"
