"","Smp","Model","Group","variable","value","Classification","Group2","Group3"
"1","BC GSE144494 SC n=107->n=85","/Users/macminiye/scRNA-seq_works/Cervix_scRNA_CTCs_project_use/panCTCs/bin/panCTC_classify/V10CC/V10CC_results","Single CTC (public)","Top1",0.141176470588235,"Top1","Single CTC (public)","Single CTC"
"2","BC GSE75367 SC n=61->n=46","/Users/macminiye/scRNA-seq_works/Cervix_scRNA_CTCs_project_use/panCTCs/bin/panCTC_classify/V10CC/V10CC_results","Single CTC (public)","Top1",0.326086956521739,"Top1","Single CTC (public)","Single CTC"
"3","Melanoma GSE157740 SC n=13->n=13","/Users/macminiye/scRNA-seq_works/Cervix_scRNA_CTCs_project_use/panCTCs/bin/panCTC_classify/V10CC/V10CC_results","Single CTC (public)","Top1",1,"Top1","Single CTC (public)","Single CTC"
"4","BC GSE55807 SC n=6->n=6","/Users/macminiye/scRNA-seq_works/Cervix_scRNA_CTCs_project_use/panCTCs/bin/panCTC_classify/V10CC/V10CC_results","Single CTC (public)","Top1",0,"Top1","Single CTC (public)","Single CTC"
"5","BC GSE144494 CL n=28->n=25","/Users/macminiye/scRNA-seq_works/Cervix_scRNA_CTCs_project_use/panCTCs/bin/panCTC_classify/V10CC/V10CC_results","CTC cluster (public)","Top1",0.2,"Top1","CTC cluster (public)","CTC cluster"
"6","BC GSE144495 SC n=109->n=86","/Users/macminiye/scRNA-seq_works/Cervix_scRNA_CTCs_project_use/panCTCs/bin/panCTC_classify/V10CC/V10CC_results","Single CTC (public)","Top1",0.255813953488372,"Top1","Single CTC (public)","Single CTC"
"7","Melanoma GSE157743 SC1 n=76->n=59","/Users/macminiye/scRNA-seq_works/Cervix_scRNA_CTCs_project_use/panCTCs/bin/panCTC_classify/V10CC/V10CC_results","Single CTC (public)","Top1",0.220338983050847,"Top1","Single CTC (public)","Single CTC"
"8","PC GSE67980 SC n=77->n=77","/Users/macminiye/scRNA-seq_works/Cervix_scRNA_CTCs_project_use/panCTCs/bin/panCTC_classify/V10CC/V10CC_results","Single CTC (public)","Top1",0.467532467532468,"Top1","Single CTC (public)","Single CTC"
"9","BC GSE86978 SC n=55->n=46","/Users/macminiye/scRNA-seq_works/Cervix_scRNA_CTCs_project_use/panCTCs/bin/panCTC_classify/V10CC/V10CC_results","Single CTC (public)","Top1",0.108695652173913,"Top1","Single CTC (public)","Single CTC"
"10","BC GSE51827 SC n=15->n=13","/Users/macminiye/scRNA-seq_works/Cervix_scRNA_CTCs_project_use/panCTCs/bin/panCTC_classify/V10CC/V10CC_results","Single CTC (public)","Top1",0.153846153846154,"Top1","Single CTC (public)","Single CTC"
"11","HCC CNP0000095 SC n=113->n=79","/Users/macminiye/scRNA-seq_works/Cervix_scRNA_CTCs_project_use/panCTCs/bin/panCTC_classify/V10CC/V10CC_results","Single CTC (public)","Top1",0.873417721518987,"Top1","Single CTC (public)","Single CTC"
"12","Melanoma GSE157743 SC2 n=20->n=20","/Users/macminiye/scRNA-seq_works/Cervix_scRNA_CTCs_project_use/panCTCs/bin/panCTC_classify/V10CC/V10CC_results","Single CTC (public)","Top1",1,"Top1","Single CTC (public)","Single CTC"
"13","BC GSE86978 CL n=22->n=19","/Users/macminiye/scRNA-seq_works/Cervix_scRNA_CTCs_project_use/panCTCs/bin/panCTC_classify/V10CC/V10CC_results","CTC cluster (public)","Top1",0.210526315789474,"Top1","CTC cluster (public)","CTC cluster"
"14","BC GSE51827 CL n=14->n=13","/Users/macminiye/scRNA-seq_works/Cervix_scRNA_CTCs_project_use/panCTCs/bin/panCTC_classify/V10CC/V10CC_results","CTC cluster (public)","Top1",0.230769230769231,"Top1","CTC cluster (public)","CTC cluster"
"15","NSCLC GSE74639 SC n=10->n=10","/Users/macminiye/scRNA-seq_works/Cervix_scRNA_CTCs_project_use/panCTCs/bin/panCTC_classify/V10CC/V10CC_results","Single CTC (public)","Top1",0.1,"Top1","Single CTC (public)","Single CTC"
"16","BC GSE144494 SC n=107->n=85","/Users/macminiye/scRNA-seq_works/Cervix_scRNA_CTCs_project_use/panCTCs/bin/panCTC_classify/V10CC/V10CC_results","Single CTC (public)","Top2",0.270588235294118,"Top2","Single CTC (public)","Single CTC"
"17","BC GSE75367 SC n=61->n=46","/Users/macminiye/scRNA-seq_works/Cervix_scRNA_CTCs_project_use/panCTCs/bin/panCTC_classify/V10CC/V10CC_results","Single CTC (public)","Top2",0.543478260869565,"Top2","Single CTC (public)","Single CTC"
"18","Melanoma GSE157740 SC n=13->n=13","/Users/macminiye/scRNA-seq_works/Cervix_scRNA_CTCs_project_use/panCTCs/bin/panCTC_classify/V10CC/V10CC_results","Single CTC (public)","Top2",1,"Top2","Single CTC (public)","Single CTC"
"19","BC GSE55807 SC n=6->n=6","/Users/macminiye/scRNA-seq_works/Cervix_scRNA_CTCs_project_use/panCTCs/bin/panCTC_classify/V10CC/V10CC_results","Single CTC (public)","Top2",0.666666666666667,"Top2","Single CTC (public)","Single CTC"
"20","BC GSE144494 CL n=28->n=25","/Users/macminiye/scRNA-seq_works/Cervix_scRNA_CTCs_project_use/panCTCs/bin/panCTC_classify/V10CC/V10CC_results","CTC cluster (public)","Top2",0.4,"Top2","CTC cluster (public)","CTC cluster"
"21","BC GSE144495 SC n=109->n=86","/Users/macminiye/scRNA-seq_works/Cervix_scRNA_CTCs_project_use/panCTCs/bin/panCTC_classify/V10CC/V10CC_results","Single CTC (public)","Top2",0.441860465116279,"Top2","Single CTC (public)","Single CTC"
"22","Melanoma GSE157743 SC1 n=76->n=59","/Users/macminiye/scRNA-seq_works/Cervix_scRNA_CTCs_project_use/panCTCs/bin/panCTC_classify/V10CC/V10CC_results","Single CTC (public)","Top2",0.305084745762712,"Top2","Single CTC (public)","Single CTC"
"23","PC GSE67980 SC n=77->n=77","/Users/macminiye/scRNA-seq_works/Cervix_scRNA_CTCs_project_use/panCTCs/bin/panCTC_classify/V10CC/V10CC_results","Single CTC (public)","Top2",0.597402597402597,"Top2","Single CTC (public)","Single CTC"
"24","BC GSE86978 SC n=55->n=46","/Users/macminiye/scRNA-seq_works/Cervix_scRNA_CTCs_project_use/panCTCs/bin/panCTC_classify/V10CC/V10CC_results","Single CTC (public)","Top2",0.260869565217391,"Top2","Single CTC (public)","Single CTC"
"25","BC GSE51827 SC n=15->n=13","/Users/macminiye/scRNA-seq_works/Cervix_scRNA_CTCs_project_use/panCTCs/bin/panCTC_classify/V10CC/V10CC_results","Single CTC (public)","Top2",0.230769230769231,"Top2","Single CTC (public)","Single CTC"
"26","HCC CNP0000095 SC n=113->n=79","/Users/macminiye/scRNA-seq_works/Cervix_scRNA_CTCs_project_use/panCTCs/bin/panCTC_classify/V10CC/V10CC_results","Single CTC (public)","Top2",0.949367088607595,"Top2","Single CTC (public)","Single CTC"
"27","Melanoma GSE157743 SC2 n=20->n=20","/Users/macminiye/scRNA-seq_works/Cervix_scRNA_CTCs_project_use/panCTCs/bin/panCTC_classify/V10CC/V10CC_results","Single CTC (public)","Top2",1,"Top2","Single CTC (public)","Single CTC"
"28","BC GSE86978 CL n=22->n=19","/Users/macminiye/scRNA-seq_works/Cervix_scRNA_CTCs_project_use/panCTCs/bin/panCTC_classify/V10CC/V10CC_results","CTC cluster (public)","Top2",0.473684210526316,"Top2","CTC cluster (public)","CTC cluster"
"29","BC GSE51827 CL n=14->n=13","/Users/macminiye/scRNA-seq_works/Cervix_scRNA_CTCs_project_use/panCTCs/bin/panCTC_classify/V10CC/V10CC_results","CTC cluster (public)","Top2",0.384615384615385,"Top2","CTC cluster (public)","CTC cluster"
"30","NSCLC GSE74639 SC n=10->n=10","/Users/macminiye/scRNA-seq_works/Cervix_scRNA_CTCs_project_use/panCTCs/bin/panCTC_classify/V10CC/V10CC_results","Single CTC (public)","Top2",0.1,"Top2","Single CTC (public)","Single CTC"
"31","BC GSE144494 SC n=107->n=85","/Users/macminiye/scRNA-seq_works/Cervix_scRNA_CTCs_project_use/panCTCs/bin/panCTC_classify/V10CC/V10CC_results","Single CTC (public)","Top3",0.541176470588235,"Top3","Single CTC (public)","Single CTC"
"32","BC GSE75367 SC n=61->n=46","/Users/macminiye/scRNA-seq_works/Cervix_scRNA_CTCs_project_use/panCTCs/bin/panCTC_classify/V10CC/V10CC_results","Single CTC (public)","Top3",0.652173913043478,"Top3","Single CTC (public)","Single CTC"
"33","Melanoma GSE157740 SC n=13->n=13","/Users/macminiye/scRNA-seq_works/Cervix_scRNA_CTCs_project_use/panCTCs/bin/panCTC_classify/V10CC/V10CC_results","Single CTC (public)","Top3",1,"Top3","Single CTC (public)","Single CTC"
"34","BC GSE55807 SC n=6->n=6","/Users/macminiye/scRNA-seq_works/Cervix_scRNA_CTCs_project_use/panCTCs/bin/panCTC_classify/V10CC/V10CC_results","Single CTC (public)","Top3",0.833333333333333,"Top3","Single CTC (public)","Single CTC"
"35","BC GSE144494 CL n=28->n=25","/Users/macminiye/scRNA-seq_works/Cervix_scRNA_CTCs_project_use/panCTCs/bin/panCTC_classify/V10CC/V10CC_results","CTC cluster (public)","Top3",0.76,"Top3","CTC cluster (public)","CTC cluster"
"36","BC GSE144495 SC n=109->n=86","/Users/macminiye/scRNA-seq_works/Cervix_scRNA_CTCs_project_use/panCTCs/bin/panCTC_classify/V10CC/V10CC_results","Single CTC (public)","Top3",0.558139534883721,"Top3","Single CTC (public)","Single CTC"
"37","Melanoma GSE157743 SC1 n=76->n=59","/Users/macminiye/scRNA-seq_works/Cervix_scRNA_CTCs_project_use/panCTCs/bin/panCTC_classify/V10CC/V10CC_results","Single CTC (public)","Top3",0.406779661016949,"Top3","Single CTC (public)","Single CTC"
"38","PC GSE67980 SC n=77->n=77","/Users/macminiye/scRNA-seq_works/Cervix_scRNA_CTCs_project_use/panCTCs/bin/panCTC_classify/V10CC/V10CC_results","Single CTC (public)","Top3",0.714285714285714,"Top3","Single CTC (public)","Single CTC"
"39","BC GSE86978 SC n=55->n=46","/Users/macminiye/scRNA-seq_works/Cervix_scRNA_CTCs_project_use/panCTCs/bin/panCTC_classify/V10CC/V10CC_results","Single CTC (public)","Top3",0.608695652173913,"Top3","Single CTC (public)","Single CTC"
"40","BC GSE51827 SC n=15->n=13","/Users/macminiye/scRNA-seq_works/Cervix_scRNA_CTCs_project_use/panCTCs/bin/panCTC_classify/V10CC/V10CC_results","Single CTC (public)","Top3",0.615384615384615,"Top3","Single CTC (public)","Single CTC"
"41","HCC CNP0000095 SC n=113->n=79","/Users/macminiye/scRNA-seq_works/Cervix_scRNA_CTCs_project_use/panCTCs/bin/panCTC_classify/V10CC/V10CC_results","Single CTC (public)","Top3",0.974683544303797,"Top3","Single CTC (public)","Single CTC"
"42","Melanoma GSE157743 SC2 n=20->n=20","/Users/macminiye/scRNA-seq_works/Cervix_scRNA_CTCs_project_use/panCTCs/bin/panCTC_classify/V10CC/V10CC_results","Single CTC (public)","Top3",1,"Top3","Single CTC (public)","Single CTC"
"43","BC GSE86978 CL n=22->n=19","/Users/macminiye/scRNA-seq_works/Cervix_scRNA_CTCs_project_use/panCTCs/bin/panCTC_classify/V10CC/V10CC_results","CTC cluster (public)","Top3",0.789473684210526,"Top3","CTC cluster (public)","CTC cluster"
"44","BC GSE51827 CL n=14->n=13","/Users/macminiye/scRNA-seq_works/Cervix_scRNA_CTCs_project_use/panCTCs/bin/panCTC_classify/V10CC/V10CC_results","CTC cluster (public)","Top3",0.769230769230769,"Top3","CTC cluster (public)","CTC cluster"
"45","NSCLC GSE74639 SC n=10->n=10","/Users/macminiye/scRNA-seq_works/Cervix_scRNA_CTCs_project_use/panCTCs/bin/panCTC_classify/V10CC/V10CC_results","Single CTC (public)","Top3",0.2,"Top3","Single CTC (public)","Single CTC"
"46","Smart-seq CRC primary","/Users/macminiye/scRNA-seq_works/Cervix_scRNA_CTCs_project_use/panCTCs/bin/panCTC_classify/V10CC/V10CC_results","Single CTC (new-seq)","Top1",0,"Top1","Single CTC (new-seq)","Single CTC"
"47","Smart-seq CRC CTC","/Users/macminiye/scRNA-seq_works/Cervix_scRNA_CTCs_project_use/panCTCs/bin/panCTC_classify/V10CC/V10CC_results","Single CTC (new-seq)","Top1",0,"Top1","Single CTC (new-seq)","Single CTC"
"48","Smart-seq BC CTC","/Users/macminiye/scRNA-seq_works/Cervix_scRNA_CTCs_project_use/panCTCs/bin/panCTC_classify/V10CC/V10CC_results","Single CTC (new-seq)","Top1",0.142857142857143,"Top1","Single CTC (new-seq)","Single CTC"
"49","Smart-seq BC primary","/Users/macminiye/scRNA-seq_works/Cervix_scRNA_CTCs_project_use/panCTCs/bin/panCTC_classify/V10CC/V10CC_results","Single CTC (new-seq)","Top1",0,"Top1","Single CTC (new-seq)","Single CTC"
"50","Smart-seq CRC primary","/Users/macminiye/scRNA-seq_works/Cervix_scRNA_CTCs_project_use/panCTCs/bin/panCTC_classify/V10CC/V10CC_results","Single CTC (new-seq)","Top2",0,"Top2","Single CTC (new-seq)","Single CTC"
"51","Smart-seq CRC CTC","/Users/macminiye/scRNA-seq_works/Cervix_scRNA_CTCs_project_use/panCTCs/bin/panCTC_classify/V10CC/V10CC_results","Single CTC (new-seq)","Top2",0,"Top2","Single CTC (new-seq)","Single CTC"
"52","Smart-seq BC CTC","/Users/macminiye/scRNA-seq_works/Cervix_scRNA_CTCs_project_use/panCTCs/bin/panCTC_classify/V10CC/V10CC_results","Single CTC (new-seq)","Top2",0.142857142857143,"Top2","Single CTC (new-seq)","Single CTC"
"53","Smart-seq BC primary","/Users/macminiye/scRNA-seq_works/Cervix_scRNA_CTCs_project_use/panCTCs/bin/panCTC_classify/V10CC/V10CC_results","Single CTC (new-seq)","Top2",0,"Top2","Single CTC (new-seq)","Single CTC"
"54","Smart-seq CRC primary","/Users/macminiye/scRNA-seq_works/Cervix_scRNA_CTCs_project_use/panCTCs/bin/panCTC_classify/V10CC/V10CC_results","Single CTC (new-seq)","Top3",0,"Top3","Single CTC (new-seq)","Single CTC"
"55","Smart-seq CRC CTC","/Users/macminiye/scRNA-seq_works/Cervix_scRNA_CTCs_project_use/panCTCs/bin/panCTC_classify/V10CC/V10CC_results","Single CTC (new-seq)","Top3",0.0625,"Top3","Single CTC (new-seq)","Single CTC"
"56","Smart-seq BC CTC","/Users/macminiye/scRNA-seq_works/Cervix_scRNA_CTCs_project_use/panCTCs/bin/panCTC_classify/V10CC/V10CC_results","Single CTC (new-seq)","Top3",0.142857142857143,"Top3","Single CTC (new-seq)","Single CTC"
"57","Smart-seq BC primary","/Users/macminiye/scRNA-seq_works/Cervix_scRNA_CTCs_project_use/panCTCs/bin/panCTC_classify/V10CC/V10CC_results","Single CTC (new-seq)","Top3",0.2,"Top3","Single CTC (new-seq)","Single CTC"
"58","GSE132465 CRC","/Users/macminiye/scRNA-seq_works/Cervix_scRNA_CTCs_project_use/panCTCs/bin/panCTC_classify/V10CC/V10CC_results","Set1","Top1",0.8,NA,"Primary cancer cells","Primary cancer cells"
"59","GSE149614 HCC","/Users/macminiye/scRNA-seq_works/Cervix_scRNA_CTCs_project_use/panCTCs/bin/panCTC_classify/V10CC/V10CC_results","Set1","Top1",1,NA,"Primary cancer cells","Primary cancer cells"
"60","OMIX001073 GC","/Users/macminiye/scRNA-seq_works/Cervix_scRNA_CTCs_project_use/panCTCs/bin/panCTC_classify/V10CC/V10CC_results","Set1","Top1",0.99,NA,"Primary cancer cells","Primary cancer cells"
"61","GSE176078 BC","/Users/macminiye/scRNA-seq_works/Cervix_scRNA_CTCs_project_use/panCTCs/bin/panCTC_classify/V10CC/V10CC_results","Set1","Top1",1,NA,"Primary cancer cells","Primary cancer cells"
"62","GSM3946506 Melanoma","/Users/macminiye/scRNA-seq_works/Cervix_scRNA_CTCs_project_use/panCTCs/bin/panCTC_classify/V10CC/V10CC_results","Set1","Top1",1,NA,"Primary cancer cells","Primary cancer cells"
"63","GSE176078 BC","/Users/macminiye/scRNA-seq_works/Cervix_scRNA_CTCs_project_use/panCTCs/bin/panCTC_classify/V10CC/V10CC_results","Set1","Top1",0.99,NA,"Primary cancer cells","Primary cancer cells"
"64","OMIX001073 GC","/Users/macminiye/scRNA-seq_works/Cervix_scRNA_CTCs_project_use/panCTCs/bin/panCTC_classify/V10CC/V10CC_results","Set1","Top1",0.95,NA,"Primary cancer cells","Primary cancer cells"
"65","GSE150430 NPC","/Users/macminiye/scRNA-seq_works/Cervix_scRNA_CTCs_project_use/panCTCs/bin/panCTC_classify/V10CC/V10CC_results","Set1","Top1",1,NA,"Primary cancer cells","Primary cancer cells"
"66","GSE155698 PDAC","/Users/macminiye/scRNA-seq_works/Cervix_scRNA_CTCs_project_use/panCTCs/bin/panCTC_classify/V10CC/V10CC_results","Set1","Top1",0.974,NA,"Primary cancer cells","Primary cancer cells"
"67","E-MTAB-11948 CC","/Users/macminiye/scRNA-seq_works/Cervix_scRNA_CTCs_project_use/panCTCs/bin/panCTC_classify/V10CC/V10CC_results","Set1","Top1",1,NA,"Primary cancer cells","Primary cancer cells"
"68","GSE149614 HCC","/Users/macminiye/scRNA-seq_works/Cervix_scRNA_CTCs_project_use/panCTCs/bin/panCTC_classify/V10CC/V10CC_results","Set1","Top1",1,NA,"Primary cancer cells","Primary cancer cells"
"69","GSE215120 Melanoma","/Users/macminiye/scRNA-seq_works/Cervix_scRNA_CTCs_project_use/panCTCs/bin/panCTC_classify/V10CC/V10CC_results","Set1","Top1",1,NA,"Primary cancer cells","Primary cancer cells"
"70","GSE132465 CRC","/Users/macminiye/scRNA-seq_works/Cervix_scRNA_CTCs_project_use/panCTCs/bin/panCTC_classify/V10CC/V10CC_results","Set1","Top1",1,NA,"Primary cancer cells","Primary cancer cells"
"71","GSE148071 NSCLC","/Users/macminiye/scRNA-seq_works/Cervix_scRNA_CTCs_project_use/panCTCs/bin/panCTC_classify/V10CC/V10CC_results","Set1","Top1",1,NA,"Primary cancer cells","Primary cancer cells"
"72","GSE176031 PC","/Users/macminiye/scRNA-seq_works/Cervix_scRNA_CTCs_project_use/panCTCs/bin/panCTC_classify/V10CC/V10CC_results","Set1","Top1",1,NA,"Primary cancer cells","Primary cancer cells"
"73","GSE127465 NSCLC","/Users/macminiye/scRNA-seq_works/Cervix_scRNA_CTCs_project_use/panCTCs/bin/panCTC_classify/V10CC/V10CC_results","Set1","Top1",0.9,NA,"Primary cancer cells","Primary cancer cells"
"74","GSE176078 BC","/Users/macminiye/scRNA-seq_works/Cervix_scRNA_CTCs_project_use/panCTCs/bin/panCTC_classify/V10CC/V10CC_results","Set1","Top1",0.98,NA,"Primary cancer cells","Primary cancer cells"
"75","GSE168652 CC","/Users/macminiye/scRNA-seq_works/Cervix_scRNA_CTCs_project_use/panCTCs/bin/panCTC_classify/V10CC/V10CC_results","Set1","Top1",1,NA,"Primary cancer cells","Primary cancer cells"
"76","GSE149614 HCC","/Users/macminiye/scRNA-seq_works/Cervix_scRNA_CTCs_project_use/panCTCs/bin/panCTC_classify/V10CC/V10CC_results","Set1","Top1",0.998,NA,"Primary cancer cells","Primary cancer cells"
"77","E-MTAB-11948 CC","/Users/macminiye/scRNA-seq_works/Cervix_scRNA_CTCs_project_use/panCTCs/bin/panCTC_classify/V10CC/V10CC_results","Set1","Top1",0.998,NA,"Primary cancer cells","Primary cancer cells"
"78","GSE155698 PDAC","/Users/macminiye/scRNA-seq_works/Cervix_scRNA_CTCs_project_use/panCTCs/bin/panCTC_classify/V10CC/V10CC_results","Set1","Top1",0.99,NA,"Primary cancer cells","Primary cancer cells"
"79","GSE150825 NPC","/Users/macminiye/scRNA-seq_works/Cervix_scRNA_CTCs_project_use/panCTCs/bin/panCTC_classify/V10CC/V10CC_results","Set1","Top1",0.8,NA,"Primary cancer cells","Primary cancer cells"
"80","GSE178318 CRC","/Users/macminiye/scRNA-seq_works/Cervix_scRNA_CTCs_project_use/panCTCs/bin/panCTC_classify/V10CC/V10CC_results","Set1","Top1",1,NA,"Primary cancer cells","Primary cancer cells"
"81","GSE173682 EC","/Users/macminiye/scRNA-seq_works/Cervix_scRNA_CTCs_project_use/panCTCs/bin/panCTC_classify/V10CC/V10CC_results","Set1","Top1",1,NA,"Primary cancer cells","Primary cancer cells"
"82","GSE193337 PC","/Users/macminiye/scRNA-seq_works/Cervix_scRNA_CTCs_project_use/panCTCs/bin/panCTC_classify/V10CC/V10CC_results","Set1","Top1",0.98,NA,"Primary cancer cells","Primary cancer cells"
"83","GSE155698 PDAC","/Users/macminiye/scRNA-seq_works/Cervix_scRNA_CTCs_project_use/panCTCs/bin/panCTC_classify/V10CC/V10CC_results","Set1","Top1",0.98,NA,"Primary cancer cells","Primary cancer cells"
"84","GSM3946506 Melanoma","/Users/macminiye/scRNA-seq_works/Cervix_scRNA_CTCs_project_use/panCTCs/bin/panCTC_classify/V10CC/V10CC_results","Set1","Top1",1,NA,"Primary cancer cells","Primary cancer cells"
"85","E-MTAB-11948 CC","/Users/macminiye/scRNA-seq_works/Cervix_scRNA_CTCs_project_use/panCTCs/bin/panCTC_classify/V10CC/V10CC_results","Set1","Top1",1,NA,"Primary cancer cells","Primary cancer cells"
"86","OMIX001073 GC","/Users/macminiye/scRNA-seq_works/Cervix_scRNA_CTCs_project_use/panCTCs/bin/panCTC_classify/V10CC/V10CC_results","Set1","Top1",0.994,NA,"Primary cancer cells","Primary cancer cells"
"87","GSE173682 OVC","/Users/macminiye/scRNA-seq_works/Cervix_scRNA_CTCs_project_use/panCTCs/bin/panCTC_classify/V10CC/V10CC_results","Set1","Top1",1,NA,"Primary cancer cells","Primary cancer cells"
"88","GSE168652 CC","/Users/macminiye/scRNA-seq_works/Cervix_scRNA_CTCs_project_use/panCTCs/bin/panCTC_classify/V10CC/V10CC_results","Set1","Top1",1,NA,"Primary cancer cells","Primary cancer cells"
"89","GSE176078 BC","/Users/macminiye/scRNA-seq_works/Cervix_scRNA_CTCs_project_use/panCTCs/bin/panCTC_classify/V10CC/V10CC_results","Set1","Top1",1,NA,"Primary cancer cells","Primary cancer cells"
"90","GSE150825 NPC","/Users/macminiye/scRNA-seq_works/Cervix_scRNA_CTCs_project_use/panCTCs/bin/panCTC_classify/V10CC/V10CC_results","Set1","Top1",0.7,NA,"Primary cancer cells","Primary cancer cells"
"91","OMIX001073 GC","/Users/macminiye/scRNA-seq_works/Cervix_scRNA_CTCs_project_use/panCTCs/bin/panCTC_classify/V10CC/V10CC_results","Set1","Top1",0.98,NA,"Primary cancer cells","Primary cancer cells"
"92","OMIX001073 GC","/Users/macminiye/scRNA-seq_works/Cervix_scRNA_CTCs_project_use/panCTCs/bin/panCTC_classify/V10CC/V10CC_results","Set1","Top1",1,NA,"Primary cancer cells","Primary cancer cells"
"93","E-MTAB-11948 CC","/Users/macminiye/scRNA-seq_works/Cervix_scRNA_CTCs_project_use/panCTCs/bin/panCTC_classify/V10CC/V10CC_results","Set1","Top1",1,NA,"Primary cancer cells","Primary cancer cells"
"94","GSE162025 NPC","/Users/macminiye/scRNA-seq_works/Cervix_scRNA_CTCs_project_use/panCTCs/bin/panCTC_classify/V10CC/V10CC_results","Set1","Top1",1,NA,"Primary cancer cells","Primary cancer cells"
"95","GSE176078 BC","/Users/macminiye/scRNA-seq_works/Cervix_scRNA_CTCs_project_use/panCTCs/bin/panCTC_classify/V10CC/V10CC_results","Set1","Top1",0.98,NA,"Primary cancer cells","Primary cancer cells"
"96","GSE155698 PDAC","/Users/macminiye/scRNA-seq_works/Cervix_scRNA_CTCs_project_use/panCTCs/bin/panCTC_classify/V10CC/V10CC_results","Set1","Top1",1,NA,"Primary cancer cells","Primary cancer cells"
"97","GSE149614 HCC","/Users/macminiye/scRNA-seq_works/Cervix_scRNA_CTCs_project_use/panCTCs/bin/panCTC_classify/V10CC/V10CC_results","Set1","Top1",1,NA,"Primary cancer cells","Primary cancer cells"
"98","E-MTAB-11948 CC","/Users/macminiye/scRNA-seq_works/Cervix_scRNA_CTCs_project_use/panCTCs/bin/panCTC_classify/V10CC/V10CC_results","Set1","Top1",1,NA,"Primary cancer cells","Primary cancer cells"
"99","GSE178318 CRC","/Users/macminiye/scRNA-seq_works/Cervix_scRNA_CTCs_project_use/panCTCs/bin/panCTC_classify/V10CC/V10CC_results","Set1","Top1",1,NA,"Primary cancer cells","Primary cancer cells"
"100","GSE176078 BC","/Users/macminiye/scRNA-seq_works/Cervix_scRNA_CTCs_project_use/panCTCs/bin/panCTC_classify/V10CC/V10CC_results","Set1","Top1",0.99,NA,"Primary cancer cells","Primary cancer cells"
"101","GSM3946506 Melanoma","/Users/macminiye/scRNA-seq_works/Cervix_scRNA_CTCs_project_use/panCTCs/bin/panCTC_classify/V10CC/V10CC_results","Set1","Top1",1,NA,"Primary cancer cells","Primary cancer cells"
"102","GSE155698 PDAC","/Users/macminiye/scRNA-seq_works/Cervix_scRNA_CTCs_project_use/panCTCs/bin/panCTC_classify/V10CC/V10CC_results","Set1","Top1",0.97,NA,"Primary cancer cells","Primary cancer cells"
"103","GSE215120 Melanoma","/Users/macminiye/scRNA-seq_works/Cervix_scRNA_CTCs_project_use/panCTCs/bin/panCTC_classify/V10CC/V10CC_results","Set1","Top1",1,NA,"Primary cancer cells","Primary cancer cells"
"104","GSE149614 HCC","/Users/macminiye/scRNA-seq_works/Cervix_scRNA_CTCs_project_use/panCTCs/bin/panCTC_classify/V10CC/V10CC_results","Set1","Top1",1,NA,"Primary cancer cells","Primary cancer cells"
"105","GSE127465 NSCLC","/Users/macminiye/scRNA-seq_works/Cervix_scRNA_CTCs_project_use/panCTCs/bin/panCTC_classify/V10CC/V10CC_results","Set1","Top1",0.905,NA,"Primary cancer cells","Primary cancer cells"
"106","GSE127465 NSCLC","/Users/macminiye/scRNA-seq_works/Cervix_scRNA_CTCs_project_use/panCTCs/bin/panCTC_classify/V10CC/V10CC_results","Set1","Top1",0.9,NA,"Primary cancer cells","Primary cancer cells"
"107","GSE176031 PC","/Users/macminiye/scRNA-seq_works/Cervix_scRNA_CTCs_project_use/panCTCs/bin/panCTC_classify/V10CC/V10CC_results","Set1","Top1",1,NA,"Primary cancer cells","Primary cancer cells"
"108","GSE148071 NSCLC","/Users/macminiye/scRNA-seq_works/Cervix_scRNA_CTCs_project_use/panCTCs/bin/panCTC_classify/V10CC/V10CC_results","Set1","Top1",1,NA,"Primary cancer cells","Primary cancer cells"
"109","GSE193337 PC","/Users/macminiye/scRNA-seq_works/Cervix_scRNA_CTCs_project_use/panCTCs/bin/panCTC_classify/V10CC/V10CC_results","Set1","Top1",0.9,NA,"Primary cancer cells","Primary cancer cells"
"110","OMIX001073 GC","/Users/macminiye/scRNA-seq_works/Cervix_scRNA_CTCs_project_use/panCTCs/bin/panCTC_classify/V10CC/V10CC_results","Set1","Top1",1,NA,"Primary cancer cells","Primary cancer cells"
"111","GSE173682 EC","/Users/macminiye/scRNA-seq_works/Cervix_scRNA_CTCs_project_use/panCTCs/bin/panCTC_classify/V10CC/V10CC_results","Set1","Top1",1,NA,"Primary cancer cells","Primary cancer cells"
"112","GSE193337 PC","/Users/macminiye/scRNA-seq_works/Cervix_scRNA_CTCs_project_use/panCTCs/bin/panCTC_classify/V10CC/V10CC_results","Set1","Top1",0.985,NA,"Primary cancer cells","Primary cancer cells"
"113","GSE168652 CC","/Users/macminiye/scRNA-seq_works/Cervix_scRNA_CTCs_project_use/panCTCs/bin/panCTC_classify/V10CC/V10CC_results","Set1","Top1",1,NA,"Primary cancer cells","Primary cancer cells"
"114","E-MTAB-11948 CC","/Users/macminiye/scRNA-seq_works/Cervix_scRNA_CTCs_project_use/panCTCs/bin/panCTC_classify/V10CC/V10CC_results","Set1","Top1",1,NA,"Primary cancer cells","Primary cancer cells"
"115","GSM3946506 Melanoma","/Users/macminiye/scRNA-seq_works/Cervix_scRNA_CTCs_project_use/panCTCs/bin/panCTC_classify/V10CC/V10CC_results","Set1","Top1",1,NA,"Primary cancer cells","Primary cancer cells"
"116","GSE132465 CRC","/Users/macminiye/scRNA-seq_works/Cervix_scRNA_CTCs_project_use/panCTCs/bin/panCTC_classify/V10CC/V10CC_results","Set1","Top1",1,NA,"Primary cancer cells","Primary cancer cells"
"117","GSE215120 Melanoma","/Users/macminiye/scRNA-seq_works/Cervix_scRNA_CTCs_project_use/panCTCs/bin/panCTC_classify/V10CC/V10CC_results","Set1","Top1",1,NA,"Primary cancer cells","Primary cancer cells"
"118","GSE193337 PC","/Users/macminiye/scRNA-seq_works/Cervix_scRNA_CTCs_project_use/panCTCs/bin/panCTC_classify/V10CC/V10CC_results","Set1","Top1",1,NA,"Primary cancer cells","Primary cancer cells"
"119","GSE150430 NPC","/Users/macminiye/scRNA-seq_works/Cervix_scRNA_CTCs_project_use/panCTCs/bin/panCTC_classify/V10CC/V10CC_results","Set1","Top1",1,NA,"Primary cancer cells","Primary cancer cells"
"120","GSE215120 Melanoma","/Users/macminiye/scRNA-seq_works/Cervix_scRNA_CTCs_project_use/panCTCs/bin/panCTC_classify/V10CC/V10CC_results","Set1","Top1",1,NA,"Primary cancer cells","Primary cancer cells"
"121","GSE162025 NPC","/Users/macminiye/scRNA-seq_works/Cervix_scRNA_CTCs_project_use/panCTCs/bin/panCTC_classify/V10CC/V10CC_results","Set1","Top1",1,NA,"Primary cancer cells","Primary cancer cells"
"122","GSE178318 CRC","/Users/macminiye/scRNA-seq_works/Cervix_scRNA_CTCs_project_use/panCTCs/bin/panCTC_classify/V10CC/V10CC_results","Set1","Top1",1,NA,"Primary cancer cells","Primary cancer cells"
"123","GSE173682 OVC","/Users/macminiye/scRNA-seq_works/Cervix_scRNA_CTCs_project_use/panCTCs/bin/panCTC_classify/V10CC/V10CC_results","Set1","Top1",0.98,NA,"Primary cancer cells","Primary cancer cells"
"124","GSE132465 CRC","/Users/macminiye/scRNA-seq_works/Cervix_scRNA_CTCs_project_use/panCTCs/bin/panCTC_classify/V10CC/V10CC_results","Set1","Top1",0.96,NA,"Primary cancer cells","Primary cancer cells"
"125","GSE176031 PC","/Users/macminiye/scRNA-seq_works/Cervix_scRNA_CTCs_project_use/panCTCs/bin/panCTC_classify/V10CC/V10CC_results","Set1","Top1",1,NA,"Primary cancer cells","Primary cancer cells"
"126","GSE148071 NSCLC","/Users/macminiye/scRNA-seq_works/Cervix_scRNA_CTCs_project_use/panCTCs/bin/panCTC_classify/V10CC/V10CC_results","Set1","Top1",0.985,NA,"Primary cancer cells","Primary cancer cells"
"127","GSE127465 NSCLC","/Users/macminiye/scRNA-seq_works/Cervix_scRNA_CTCs_project_use/panCTCs/bin/panCTC_classify/V10CC/V10CC_results","Set1","Top1",0.95,NA,"Primary cancer cells","Primary cancer cells"
"128","GSE162025 NPC","/Users/macminiye/scRNA-seq_works/Cervix_scRNA_CTCs_project_use/panCTCs/bin/panCTC_classify/V10CC/V10CC_results","Set1","Top1",0.9,NA,"Primary cancer cells","Primary cancer cells"
"129","GSE132465 CRC","/Users/macminiye/scRNA-seq_works/Cervix_scRNA_CTCs_project_use/panCTCs/bin/panCTC_classify/V10CC/V10CC_results","Set1","Top1",0.988,NA,"Primary cancer cells","Primary cancer cells"
"130","GSE155698 PDAC","/Users/macminiye/scRNA-seq_works/Cervix_scRNA_CTCs_project_use/panCTCs/bin/panCTC_classify/V10CC/V10CC_results","Set1","Top1",1,NA,"Primary cancer cells","Primary cancer cells"
"131","GSE173682 OVC","/Users/macminiye/scRNA-seq_works/Cervix_scRNA_CTCs_project_use/panCTCs/bin/panCTC_classify/V10CC/V10CC_results","Set1","Top1",0.99,NA,"Primary cancer cells","Primary cancer cells"
"132","GSE173682 EC","/Users/macminiye/scRNA-seq_works/Cervix_scRNA_CTCs_project_use/panCTCs/bin/panCTC_classify/V10CC/V10CC_results","Set1","Top1",1,NA,"Primary cancer cells","Primary cancer cells"
"133","GSE193337 PC","/Users/macminiye/scRNA-seq_works/Cervix_scRNA_CTCs_project_use/panCTCs/bin/panCTC_classify/V10CC/V10CC_results","Set1","Top1",1,NA,"Primary cancer cells","Primary cancer cells"
"134","GSE149614 HCC","/Users/macminiye/scRNA-seq_works/Cervix_scRNA_CTCs_project_use/panCTCs/bin/panCTC_classify/V10CC/V10CC_results","Set1","Top1",1,NA,"Primary cancer cells","Primary cancer cells"
"135","GSE173682 OVC","/Users/macminiye/scRNA-seq_works/Cervix_scRNA_CTCs_project_use/panCTCs/bin/panCTC_classify/V10CC/V10CC_results","Set1","Top1",1,NA,"Primary cancer cells","Primary cancer cells"
"136","GSE173682 OVC","/Users/macminiye/scRNA-seq_works/Cervix_scRNA_CTCs_project_use/panCTCs/bin/panCTC_classify/V10CC/V10CC_results","Set1","Top1",1,NA,"Primary cancer cells","Primary cancer cells"
"137","GSE178318 CRC","/Users/macminiye/scRNA-seq_works/Cervix_scRNA_CTCs_project_use/panCTCs/bin/panCTC_classify/V10CC/V10CC_results","Set1","Top1",0.99,NA,"Primary cancer cells","Primary cancer cells"
"138","GSE150430 NPC","/Users/macminiye/scRNA-seq_works/Cervix_scRNA_CTCs_project_use/panCTCs/bin/panCTC_classify/V10CC/V10CC_results","Set1","Top1",1,NA,"Primary cancer cells","Primary cancer cells"
"139","GSE215120 Melanoma","/Users/macminiye/scRNA-seq_works/Cervix_scRNA_CTCs_project_use/panCTCs/bin/panCTC_classify/V10CC/V10CC_results","Set1","Top1",0.998,NA,"Primary cancer cells","Primary cancer cells"
"140","GSE176078 BC","/Users/macminiye/scRNA-seq_works/Cervix_scRNA_CTCs_project_use/panCTCs/bin/panCTC_classify/V10CC/V10CC_results","Set1","Top1",1,NA,"Primary cancer cells","Primary cancer cells"
"141","GSE168652 CC","/Users/macminiye/scRNA-seq_works/Cervix_scRNA_CTCs_project_use/panCTCs/bin/panCTC_classify/V10CC/V10CC_results","Set1","Top1",0.99,NA,"Primary cancer cells","Primary cancer cells"
"142","GSE150825 NPC","/Users/macminiye/scRNA-seq_works/Cervix_scRNA_CTCs_project_use/panCTCs/bin/panCTC_classify/V10CC/V10CC_results","Set1","Top1",0.8,NA,"Primary cancer cells","Primary cancer cells"
"143","GSE173682 EC","/Users/macminiye/scRNA-seq_works/Cervix_scRNA_CTCs_project_use/panCTCs/bin/panCTC_classify/V10CC/V10CC_results","Set1","Top1",0.99,NA,"Primary cancer cells","Primary cancer cells"
"144","GSE178318 CRC","/Users/macminiye/scRNA-seq_works/Cervix_scRNA_CTCs_project_use/panCTCs/bin/panCTC_classify/V10CC/V10CC_results","Set1","Top1",1,NA,"Primary cancer cells","Primary cancer cells"
"145","GSE176031 PC","/Users/macminiye/scRNA-seq_works/Cervix_scRNA_CTCs_project_use/panCTCs/bin/panCTC_classify/V10CC/V10CC_results","Set1","Top1",1,NA,"Primary cancer cells","Primary cancer cells"
"146","GSE173682 EC","/Users/macminiye/scRNA-seq_works/Cervix_scRNA_CTCs_project_use/panCTCs/bin/panCTC_classify/V10CC/V10CC_results","Set1","Top1",1,NA,"Primary cancer cells","Primary cancer cells"
"147","GSE178318 CRC","/Users/macminiye/scRNA-seq_works/Cervix_scRNA_CTCs_project_use/panCTCs/bin/panCTC_classify/V10CC/V10CC_results","Set1","Top1",0.992,NA,"Primary cancer cells","Primary cancer cells"
"148","GSE150430 NPC","/Users/macminiye/scRNA-seq_works/Cervix_scRNA_CTCs_project_use/panCTCs/bin/panCTC_classify/V10CC/V10CC_results","Set1","Top1",1,NA,"Primary cancer cells","Primary cancer cells"
"149","GSE215120 Melanoma","/Users/macminiye/scRNA-seq_works/Cervix_scRNA_CTCs_project_use/panCTCs/bin/panCTC_classify/V10CC/V10CC_results","Set1","Top1",0.995,NA,"Primary cancer cells","Primary cancer cells"
"150","GSE162025 NPC","/Users/macminiye/scRNA-seq_works/Cervix_scRNA_CTCs_project_use/panCTCs/bin/panCTC_classify/V10CC/V10CC_results","Set1","Top1",0.98,NA,"Primary cancer cells","Primary cancer cells"
"151","GSM3946506 Melanoma","/Users/macminiye/scRNA-seq_works/Cervix_scRNA_CTCs_project_use/panCTCs/bin/panCTC_classify/V10CC/V10CC_results","Set1","Top1",1,NA,"Primary cancer cells","Primary cancer cells"
"152","E-MTAB-11948 CC","/Users/macminiye/scRNA-seq_works/Cervix_scRNA_CTCs_project_use/panCTCs/bin/panCTC_classify/V10CC/V10CC_results","Set1","Top1",1,NA,"Primary cancer cells","Primary cancer cells"
"153","GSE150430 NPC","/Users/macminiye/scRNA-seq_works/Cervix_scRNA_CTCs_project_use/panCTCs/bin/panCTC_classify/V10CC/V10CC_results","Set1","Top1",1,NA,"Primary cancer cells","Primary cancer cells"
"154","GSE148071 NSCLC","/Users/macminiye/scRNA-seq_works/Cervix_scRNA_CTCs_project_use/panCTCs/bin/panCTC_classify/V10CC/V10CC_results","Set1","Top1",1,NA,"Primary cancer cells","Primary cancer cells"
"155","GSE173682 EC","/Users/macminiye/scRNA-seq_works/Cervix_scRNA_CTCs_project_use/panCTCs/bin/panCTC_classify/V10CC/V10CC_results","Set1","Top1",0.998,NA,"Primary cancer cells","Primary cancer cells"
"156","GSE150825 NPC","/Users/macminiye/scRNA-seq_works/Cervix_scRNA_CTCs_project_use/panCTCs/bin/panCTC_classify/V10CC/V10CC_results","Set1","Top1",0.84,NA,"Primary cancer cells","Primary cancer cells"
"157","GSE148071 NSCLC","/Users/macminiye/scRNA-seq_works/Cervix_scRNA_CTCs_project_use/panCTCs/bin/panCTC_classify/V10CC/V10CC_results","Set1","Top1",0.99,NA,"Primary cancer cells","Primary cancer cells"
"158","GSE132465 CRC","/Users/macminiye/scRNA-seq_works/Cervix_scRNA_CTCs_project_use/panCTCs/bin/panCTC_classify/V10CC/V10CC_results","Set1","Top1",0.98,NA,"Primary cancer cells","Primary cancer cells"
"159","GSE168652 CC","/Users/macminiye/scRNA-seq_works/Cervix_scRNA_CTCs_project_use/panCTCs/bin/panCTC_classify/V10CC/V10CC_results","Set1","Top1",1,NA,"Primary cancer cells","Primary cancer cells"
"160","GSE173682 OVC","/Users/macminiye/scRNA-seq_works/Cervix_scRNA_CTCs_project_use/panCTCs/bin/panCTC_classify/V10CC/V10CC_results","Set1","Top1",0.99,NA,"Primary cancer cells","Primary cancer cells"
"161","GSE176031 PC","/Users/macminiye/scRNA-seq_works/Cervix_scRNA_CTCs_project_use/panCTCs/bin/panCTC_classify/V10CC/V10CC_results","Set1","Top1",1,NA,"Primary cancer cells","Primary cancer cells"
"162","GSE173682 OVC","/Users/macminiye/scRNA-seq_works/Cervix_scRNA_CTCs_project_use/panCTCs/bin/panCTC_classify/V10CC/V10CC_results","Set1","Top1",0.96,NA,"Primary cancer cells","Primary cancer cells"
"163","GSE127465 NSCLC","/Users/macminiye/scRNA-seq_works/Cervix_scRNA_CTCs_project_use/panCTCs/bin/panCTC_classify/V10CC/V10CC_results","Set1","Top1",1,NA,"Primary cancer cells","Primary cancer cells"
"164","GSE168652 CC","/Users/macminiye/scRNA-seq_works/Cervix_scRNA_CTCs_project_use/panCTCs/bin/panCTC_classify/V10CC/V10CC_results","Set1","Top1",1,NA,"Primary cancer cells","Primary cancer cells"
"165","GSE162025 NPC","/Users/macminiye/scRNA-seq_works/Cervix_scRNA_CTCs_project_use/panCTCs/bin/panCTC_classify/V10CC/V10CC_results","Set1","Top1",0.95,NA,"Primary cancer cells","Primary cancer cells"
"166","GSE150430 NPC","/Users/macminiye/scRNA-seq_works/Cervix_scRNA_CTCs_project_use/panCTCs/bin/panCTC_classify/V10CC/V10CC_results","Set1","Top1",1,NA,"Primary cancer cells","Primary cancer cells"
"167","OMIX001073 GC","/Users/macminiye/scRNA-seq_works/Cervix_scRNA_CTCs_project_use/panCTCs/bin/panCTC_classify/V10CC/V10CC_results","Set1","Top1",1,NA,"Primary cancer cells","Primary cancer cells"
"168","GSE193337 PC","/Users/macminiye/scRNA-seq_works/Cervix_scRNA_CTCs_project_use/panCTCs/bin/panCTC_classify/V10CC/V10CC_results","Set1","Top1",0.98,NA,"Primary cancer cells","Primary cancer cells"
"169","GSE215120 Melanoma","/Users/macminiye/scRNA-seq_works/Cervix_scRNA_CTCs_project_use/panCTCs/bin/panCTC_classify/V10CC/V10CC_results","Set1","Top1",1,NA,"Primary cancer cells","Primary cancer cells"
"170","GSE132465 CRC","/Users/macminiye/scRNA-seq_works/Cervix_scRNA_CTCs_project_use/panCTCs/bin/panCTC_classify/V10CC/V10CC_results","Set1","Top1",1,NA,"Primary cancer cells","Primary cancer cells"
"171","GSE148071 NSCLC","/Users/macminiye/scRNA-seq_works/Cervix_scRNA_CTCs_project_use/panCTCs/bin/panCTC_classify/V10CC/V10CC_results","Set1","Top1",1,NA,"Primary cancer cells","Primary cancer cells"
"172","GSE148071 NSCLC","/Users/macminiye/scRNA-seq_works/Cervix_scRNA_CTCs_project_use/panCTCs/bin/panCTC_classify/V10CC/V10CC_results","Set1","Top1",0.998,NA,"Primary cancer cells","Primary cancer cells"
"173","GSE176031 PC","/Users/macminiye/scRNA-seq_works/Cervix_scRNA_CTCs_project_use/panCTCs/bin/panCTC_classify/V10CC/V10CC_results","Set1","Top1",1,NA,"Primary cancer cells","Primary cancer cells"
"174","GSE155698 PDAC","/Users/macminiye/scRNA-seq_works/Cervix_scRNA_CTCs_project_use/panCTCs/bin/panCTC_classify/V10CC/V10CC_results","Set1","Top1",1,NA,"Primary cancer cells","Primary cancer cells"
"175","GSE168652 CC","/Users/macminiye/scRNA-seq_works/Cervix_scRNA_CTCs_project_use/panCTCs/bin/panCTC_classify/V10CC/V10CC_results","Set1","Top1",1,NA,"Primary cancer cells","Primary cancer cells"
"176","GSE127465 NSCLC","/Users/macminiye/scRNA-seq_works/Cervix_scRNA_CTCs_project_use/panCTCs/bin/panCTC_classify/V10CC/V10CC_results","Set1","Top1",0.92,NA,"Primary cancer cells","Primary cancer cells"
"177","GSE173682 EC","/Users/macminiye/scRNA-seq_works/Cervix_scRNA_CTCs_project_use/panCTCs/bin/panCTC_classify/V10CC/V10CC_results","Set1","Top1",1,NA,"Primary cancer cells","Primary cancer cells"
"178","GSE149614 HCC","/Users/macminiye/scRNA-seq_works/Cervix_scRNA_CTCs_project_use/panCTCs/bin/panCTC_classify/V10CC/V10CC_results","Set1","Top1",1,NA,"Primary cancer cells","Primary cancer cells"
"179","GSM3946506 Melanoma","/Users/macminiye/scRNA-seq_works/Cervix_scRNA_CTCs_project_use/panCTCs/bin/panCTC_classify/V10CC/V10CC_results","Set1","Top1",1,NA,"Primary cancer cells","Primary cancer cells"
"180","GSE178318 CRC","/Users/macminiye/scRNA-seq_works/Cervix_scRNA_CTCs_project_use/panCTCs/bin/panCTC_classify/V10CC/V10CC_results","Set1","Top1",1,NA,"Primary cancer cells","Primary cancer cells"
"181","GSE150430 NPC","/Users/macminiye/scRNA-seq_works/Cervix_scRNA_CTCs_project_use/panCTCs/bin/panCTC_classify/V10CC/V10CC_results","Set1","Top1",1,NA,"Primary cancer cells","Primary cancer cells"
"182","GSE132465 CRC","/Users/macminiye/scRNA-seq_works/Cervix_scRNA_CTCs_project_use/panCTCs/bin/panCTC_classify/V10CC/V10CC_results","Set1","Top2",0.8,NA,"Primary cancer cells","Primary cancer cells"
"183","GSE149614 HCC","/Users/macminiye/scRNA-seq_works/Cervix_scRNA_CTCs_project_use/panCTCs/bin/panCTC_classify/V10CC/V10CC_results","Set1","Top2",1,NA,"Primary cancer cells","Primary cancer cells"
"184","OMIX001073 GC","/Users/macminiye/scRNA-seq_works/Cervix_scRNA_CTCs_project_use/panCTCs/bin/panCTC_classify/V10CC/V10CC_results","Set1","Top2",1,NA,"Primary cancer cells","Primary cancer cells"
"185","GSE176078 BC","/Users/macminiye/scRNA-seq_works/Cervix_scRNA_CTCs_project_use/panCTCs/bin/panCTC_classify/V10CC/V10CC_results","Set1","Top2",1,NA,"Primary cancer cells","Primary cancer cells"
"186","GSM3946506 Melanoma","/Users/macminiye/scRNA-seq_works/Cervix_scRNA_CTCs_project_use/panCTCs/bin/panCTC_classify/V10CC/V10CC_results","Set1","Top2",1,NA,"Primary cancer cells","Primary cancer cells"
"187","GSE176078 BC","/Users/macminiye/scRNA-seq_works/Cervix_scRNA_CTCs_project_use/panCTCs/bin/panCTC_classify/V10CC/V10CC_results","Set1","Top2",0.995,NA,"Primary cancer cells","Primary cancer cells"
"188","OMIX001073 GC","/Users/macminiye/scRNA-seq_works/Cervix_scRNA_CTCs_project_use/panCTCs/bin/panCTC_classify/V10CC/V10CC_results","Set1","Top2",1,NA,"Primary cancer cells","Primary cancer cells"
"189","GSE150430 NPC","/Users/macminiye/scRNA-seq_works/Cervix_scRNA_CTCs_project_use/panCTCs/bin/panCTC_classify/V10CC/V10CC_results","Set1","Top2",1,NA,"Primary cancer cells","Primary cancer cells"
"190","GSE155698 PDAC","/Users/macminiye/scRNA-seq_works/Cervix_scRNA_CTCs_project_use/panCTCs/bin/panCTC_classify/V10CC/V10CC_results","Set1","Top2",0.994,NA,"Primary cancer cells","Primary cancer cells"
"191","E-MTAB-11948 CC","/Users/macminiye/scRNA-seq_works/Cervix_scRNA_CTCs_project_use/panCTCs/bin/panCTC_classify/V10CC/V10CC_results","Set1","Top2",1,NA,"Primary cancer cells","Primary cancer cells"
"192","GSE149614 HCC","/Users/macminiye/scRNA-seq_works/Cervix_scRNA_CTCs_project_use/panCTCs/bin/panCTC_classify/V10CC/V10CC_results","Set1","Top2",1,NA,"Primary cancer cells","Primary cancer cells"
"193","GSE215120 Melanoma","/Users/macminiye/scRNA-seq_works/Cervix_scRNA_CTCs_project_use/panCTCs/bin/panCTC_classify/V10CC/V10CC_results","Set1","Top2",1,NA,"Primary cancer cells","Primary cancer cells"
"194","GSE132465 CRC","/Users/macminiye/scRNA-seq_works/Cervix_scRNA_CTCs_project_use/panCTCs/bin/panCTC_classify/V10CC/V10CC_results","Set1","Top2",1,NA,"Primary cancer cells","Primary cancer cells"
"195","GSE148071 NSCLC","/Users/macminiye/scRNA-seq_works/Cervix_scRNA_CTCs_project_use/panCTCs/bin/panCTC_classify/V10CC/V10CC_results","Set1","Top2",1,NA,"Primary cancer cells","Primary cancer cells"
"196","GSE176031 PC","/Users/macminiye/scRNA-seq_works/Cervix_scRNA_CTCs_project_use/panCTCs/bin/panCTC_classify/V10CC/V10CC_results","Set1","Top2",1,NA,"Primary cancer cells","Primary cancer cells"
"197","GSE127465 NSCLC","/Users/macminiye/scRNA-seq_works/Cervix_scRNA_CTCs_project_use/panCTCs/bin/panCTC_classify/V10CC/V10CC_results","Set1","Top2",0.96,NA,"Primary cancer cells","Primary cancer cells"
"198","GSE176078 BC","/Users/macminiye/scRNA-seq_works/Cervix_scRNA_CTCs_project_use/panCTCs/bin/panCTC_classify/V10CC/V10CC_results","Set1","Top2",1,NA,"Primary cancer cells","Primary cancer cells"
"199","GSE168652 CC","/Users/macminiye/scRNA-seq_works/Cervix_scRNA_CTCs_project_use/panCTCs/bin/panCTC_classify/V10CC/V10CC_results","Set1","Top2",1,NA,"Primary cancer cells","Primary cancer cells"
"200","GSE149614 HCC","/Users/macminiye/scRNA-seq_works/Cervix_scRNA_CTCs_project_use/panCTCs/bin/panCTC_classify/V10CC/V10CC_results","Set1","Top2",0.998,NA,"Primary cancer cells","Primary cancer cells"
"201","E-MTAB-11948 CC","/Users/macminiye/scRNA-seq_works/Cervix_scRNA_CTCs_project_use/panCTCs/bin/panCTC_classify/V10CC/V10CC_results","Set1","Top2",1,NA,"Primary cancer cells","Primary cancer cells"
"202","GSE155698 PDAC","/Users/macminiye/scRNA-seq_works/Cervix_scRNA_CTCs_project_use/panCTCs/bin/panCTC_classify/V10CC/V10CC_results","Set1","Top2",0.99,NA,"Primary cancer cells","Primary cancer cells"
"203","GSE150825 NPC","/Users/macminiye/scRNA-seq_works/Cervix_scRNA_CTCs_project_use/panCTCs/bin/panCTC_classify/V10CC/V10CC_results","Set1","Top2",0.8,NA,"Primary cancer cells","Primary cancer cells"
"204","GSE178318 CRC","/Users/macminiye/scRNA-seq_works/Cervix_scRNA_CTCs_project_use/panCTCs/bin/panCTC_classify/V10CC/V10CC_results","Set1","Top2",1,NA,"Primary cancer cells","Primary cancer cells"
"205","GSE173682 EC","/Users/macminiye/scRNA-seq_works/Cervix_scRNA_CTCs_project_use/panCTCs/bin/panCTC_classify/V10CC/V10CC_results","Set1","Top2",1,NA,"Primary cancer cells","Primary cancer cells"
"206","GSE193337 PC","/Users/macminiye/scRNA-seq_works/Cervix_scRNA_CTCs_project_use/panCTCs/bin/panCTC_classify/V10CC/V10CC_results","Set1","Top2",0.99,NA,"Primary cancer cells","Primary cancer cells"
"207","GSE155698 PDAC","/Users/macminiye/scRNA-seq_works/Cervix_scRNA_CTCs_project_use/panCTCs/bin/panCTC_classify/V10CC/V10CC_results","Set1","Top2",1,NA,"Primary cancer cells","Primary cancer cells"
"208","GSM3946506 Melanoma","/Users/macminiye/scRNA-seq_works/Cervix_scRNA_CTCs_project_use/panCTCs/bin/panCTC_classify/V10CC/V10CC_results","Set1","Top2",1,NA,"Primary cancer cells","Primary cancer cells"
"209","E-MTAB-11948 CC","/Users/macminiye/scRNA-seq_works/Cervix_scRNA_CTCs_project_use/panCTCs/bin/panCTC_classify/V10CC/V10CC_results","Set1","Top2",1,NA,"Primary cancer cells","Primary cancer cells"
"210","OMIX001073 GC","/Users/macminiye/scRNA-seq_works/Cervix_scRNA_CTCs_project_use/panCTCs/bin/panCTC_classify/V10CC/V10CC_results","Set1","Top2",0.996,NA,"Primary cancer cells","Primary cancer cells"
"211","GSE173682 OVC","/Users/macminiye/scRNA-seq_works/Cervix_scRNA_CTCs_project_use/panCTCs/bin/panCTC_classify/V10CC/V10CC_results","Set1","Top2",1,NA,"Primary cancer cells","Primary cancer cells"
"212","GSE168652 CC","/Users/macminiye/scRNA-seq_works/Cervix_scRNA_CTCs_project_use/panCTCs/bin/panCTC_classify/V10CC/V10CC_results","Set1","Top2",1,NA,"Primary cancer cells","Primary cancer cells"
"213","GSE176078 BC","/Users/macminiye/scRNA-seq_works/Cervix_scRNA_CTCs_project_use/panCTCs/bin/panCTC_classify/V10CC/V10CC_results","Set1","Top2",1,NA,"Primary cancer cells","Primary cancer cells"
"214","GSE150825 NPC","/Users/macminiye/scRNA-seq_works/Cervix_scRNA_CTCs_project_use/panCTCs/bin/panCTC_classify/V10CC/V10CC_results","Set1","Top2",0.9,NA,"Primary cancer cells","Primary cancer cells"
"215","OMIX001073 GC","/Users/macminiye/scRNA-seq_works/Cervix_scRNA_CTCs_project_use/panCTCs/bin/panCTC_classify/V10CC/V10CC_results","Set1","Top2",0.99,NA,"Primary cancer cells","Primary cancer cells"
"216","OMIX001073 GC","/Users/macminiye/scRNA-seq_works/Cervix_scRNA_CTCs_project_use/panCTCs/bin/panCTC_classify/V10CC/V10CC_results","Set1","Top2",1,NA,"Primary cancer cells","Primary cancer cells"
"217","E-MTAB-11948 CC","/Users/macminiye/scRNA-seq_works/Cervix_scRNA_CTCs_project_use/panCTCs/bin/panCTC_classify/V10CC/V10CC_results","Set1","Top2",1,NA,"Primary cancer cells","Primary cancer cells"
"218","GSE162025 NPC","/Users/macminiye/scRNA-seq_works/Cervix_scRNA_CTCs_project_use/panCTCs/bin/panCTC_classify/V10CC/V10CC_results","Set1","Top2",1,NA,"Primary cancer cells","Primary cancer cells"
"219","GSE176078 BC","/Users/macminiye/scRNA-seq_works/Cervix_scRNA_CTCs_project_use/panCTCs/bin/panCTC_classify/V10CC/V10CC_results","Set1","Top2",1,NA,"Primary cancer cells","Primary cancer cells"
"220","GSE155698 PDAC","/Users/macminiye/scRNA-seq_works/Cervix_scRNA_CTCs_project_use/panCTCs/bin/panCTC_classify/V10CC/V10CC_results","Set1","Top2",1,NA,"Primary cancer cells","Primary cancer cells"
"221","GSE149614 HCC","/Users/macminiye/scRNA-seq_works/Cervix_scRNA_CTCs_project_use/panCTCs/bin/panCTC_classify/V10CC/V10CC_results","Set1","Top2",1,NA,"Primary cancer cells","Primary cancer cells"
"222","E-MTAB-11948 CC","/Users/macminiye/scRNA-seq_works/Cervix_scRNA_CTCs_project_use/panCTCs/bin/panCTC_classify/V10CC/V10CC_results","Set1","Top2",1,NA,"Primary cancer cells","Primary cancer cells"
"223","GSE178318 CRC","/Users/macminiye/scRNA-seq_works/Cervix_scRNA_CTCs_project_use/panCTCs/bin/panCTC_classify/V10CC/V10CC_results","Set1","Top2",1,NA,"Primary cancer cells","Primary cancer cells"
"224","GSE176078 BC","/Users/macminiye/scRNA-seq_works/Cervix_scRNA_CTCs_project_use/panCTCs/bin/panCTC_classify/V10CC/V10CC_results","Set1","Top2",0.998,NA,"Primary cancer cells","Primary cancer cells"
"225","GSM3946506 Melanoma","/Users/macminiye/scRNA-seq_works/Cervix_scRNA_CTCs_project_use/panCTCs/bin/panCTC_classify/V10CC/V10CC_results","Set1","Top2",1,NA,"Primary cancer cells","Primary cancer cells"
"226","GSE155698 PDAC","/Users/macminiye/scRNA-seq_works/Cervix_scRNA_CTCs_project_use/panCTCs/bin/panCTC_classify/V10CC/V10CC_results","Set1","Top2",0.99,NA,"Primary cancer cells","Primary cancer cells"
"227","GSE215120 Melanoma","/Users/macminiye/scRNA-seq_works/Cervix_scRNA_CTCs_project_use/panCTCs/bin/panCTC_classify/V10CC/V10CC_results","Set1","Top2",1,NA,"Primary cancer cells","Primary cancer cells"
"228","GSE149614 HCC","/Users/macminiye/scRNA-seq_works/Cervix_scRNA_CTCs_project_use/panCTCs/bin/panCTC_classify/V10CC/V10CC_results","Set1","Top2",1,NA,"Primary cancer cells","Primary cancer cells"
"229","GSE127465 NSCLC","/Users/macminiye/scRNA-seq_works/Cervix_scRNA_CTCs_project_use/panCTCs/bin/panCTC_classify/V10CC/V10CC_results","Set1","Top2",0.975,NA,"Primary cancer cells","Primary cancer cells"
"230","GSE127465 NSCLC","/Users/macminiye/scRNA-seq_works/Cervix_scRNA_CTCs_project_use/panCTCs/bin/panCTC_classify/V10CC/V10CC_results","Set1","Top2",1,NA,"Primary cancer cells","Primary cancer cells"
"231","GSE176031 PC","/Users/macminiye/scRNA-seq_works/Cervix_scRNA_CTCs_project_use/panCTCs/bin/panCTC_classify/V10CC/V10CC_results","Set1","Top2",1,NA,"Primary cancer cells","Primary cancer cells"
"232","GSE148071 NSCLC","/Users/macminiye/scRNA-seq_works/Cervix_scRNA_CTCs_project_use/panCTCs/bin/panCTC_classify/V10CC/V10CC_results","Set1","Top2",1,NA,"Primary cancer cells","Primary cancer cells"
"233","GSE193337 PC","/Users/macminiye/scRNA-seq_works/Cervix_scRNA_CTCs_project_use/panCTCs/bin/panCTC_classify/V10CC/V10CC_results","Set1","Top2",0.9,NA,"Primary cancer cells","Primary cancer cells"
"234","OMIX001073 GC","/Users/macminiye/scRNA-seq_works/Cervix_scRNA_CTCs_project_use/panCTCs/bin/panCTC_classify/V10CC/V10CC_results","Set1","Top2",1,NA,"Primary cancer cells","Primary cancer cells"
"235","GSE173682 EC","/Users/macminiye/scRNA-seq_works/Cervix_scRNA_CTCs_project_use/panCTCs/bin/panCTC_classify/V10CC/V10CC_results","Set1","Top2",1,NA,"Primary cancer cells","Primary cancer cells"
"236","GSE193337 PC","/Users/macminiye/scRNA-seq_works/Cervix_scRNA_CTCs_project_use/panCTCs/bin/panCTC_classify/V10CC/V10CC_results","Set1","Top2",0.99,NA,"Primary cancer cells","Primary cancer cells"
"237","GSE168652 CC","/Users/macminiye/scRNA-seq_works/Cervix_scRNA_CTCs_project_use/panCTCs/bin/panCTC_classify/V10CC/V10CC_results","Set1","Top2",1,NA,"Primary cancer cells","Primary cancer cells"
"238","E-MTAB-11948 CC","/Users/macminiye/scRNA-seq_works/Cervix_scRNA_CTCs_project_use/panCTCs/bin/panCTC_classify/V10CC/V10CC_results","Set1","Top2",1,NA,"Primary cancer cells","Primary cancer cells"
"239","GSM3946506 Melanoma","/Users/macminiye/scRNA-seq_works/Cervix_scRNA_CTCs_project_use/panCTCs/bin/panCTC_classify/V10CC/V10CC_results","Set1","Top2",1,NA,"Primary cancer cells","Primary cancer cells"
"240","GSE132465 CRC","/Users/macminiye/scRNA-seq_works/Cervix_scRNA_CTCs_project_use/panCTCs/bin/panCTC_classify/V10CC/V10CC_results","Set1","Top2",1,NA,"Primary cancer cells","Primary cancer cells"
"241","GSE215120 Melanoma","/Users/macminiye/scRNA-seq_works/Cervix_scRNA_CTCs_project_use/panCTCs/bin/panCTC_classify/V10CC/V10CC_results","Set1","Top2",1,NA,"Primary cancer cells","Primary cancer cells"
"242","GSE193337 PC","/Users/macminiye/scRNA-seq_works/Cervix_scRNA_CTCs_project_use/panCTCs/bin/panCTC_classify/V10CC/V10CC_results","Set1","Top2",1,NA,"Primary cancer cells","Primary cancer cells"
"243","GSE150430 NPC","/Users/macminiye/scRNA-seq_works/Cervix_scRNA_CTCs_project_use/panCTCs/bin/panCTC_classify/V10CC/V10CC_results","Set1","Top2",1,NA,"Primary cancer cells","Primary cancer cells"
"244","GSE215120 Melanoma","/Users/macminiye/scRNA-seq_works/Cervix_scRNA_CTCs_project_use/panCTCs/bin/panCTC_classify/V10CC/V10CC_results","Set1","Top2",1,NA,"Primary cancer cells","Primary cancer cells"
"245","GSE162025 NPC","/Users/macminiye/scRNA-seq_works/Cervix_scRNA_CTCs_project_use/panCTCs/bin/panCTC_classify/V10CC/V10CC_results","Set1","Top2",1,NA,"Primary cancer cells","Primary cancer cells"
"246","GSE178318 CRC","/Users/macminiye/scRNA-seq_works/Cervix_scRNA_CTCs_project_use/panCTCs/bin/panCTC_classify/V10CC/V10CC_results","Set1","Top2",1,NA,"Primary cancer cells","Primary cancer cells"
"247","GSE173682 OVC","/Users/macminiye/scRNA-seq_works/Cervix_scRNA_CTCs_project_use/panCTCs/bin/panCTC_classify/V10CC/V10CC_results","Set1","Top2",0.98,NA,"Primary cancer cells","Primary cancer cells"
"248","GSE132465 CRC","/Users/macminiye/scRNA-seq_works/Cervix_scRNA_CTCs_project_use/panCTCs/bin/panCTC_classify/V10CC/V10CC_results","Set1","Top2",0.98,NA,"Primary cancer cells","Primary cancer cells"
"249","GSE176031 PC","/Users/macminiye/scRNA-seq_works/Cervix_scRNA_CTCs_project_use/panCTCs/bin/panCTC_classify/V10CC/V10CC_results","Set1","Top2",1,NA,"Primary cancer cells","Primary cancer cells"
"250","GSE148071 NSCLC","/Users/macminiye/scRNA-seq_works/Cervix_scRNA_CTCs_project_use/panCTCs/bin/panCTC_classify/V10CC/V10CC_results","Set1","Top2",0.995,NA,"Primary cancer cells","Primary cancer cells"
"251","GSE127465 NSCLC","/Users/macminiye/scRNA-seq_works/Cervix_scRNA_CTCs_project_use/panCTCs/bin/panCTC_classify/V10CC/V10CC_results","Set1","Top2",0.95,NA,"Primary cancer cells","Primary cancer cells"
"252","GSE162025 NPC","/Users/macminiye/scRNA-seq_works/Cervix_scRNA_CTCs_project_use/panCTCs/bin/panCTC_classify/V10CC/V10CC_results","Set1","Top2",0.95,NA,"Primary cancer cells","Primary cancer cells"
"253","GSE132465 CRC","/Users/macminiye/scRNA-seq_works/Cervix_scRNA_CTCs_project_use/panCTCs/bin/panCTC_classify/V10CC/V10CC_results","Set1","Top2",0.996,NA,"Primary cancer cells","Primary cancer cells"
"254","GSE155698 PDAC","/Users/macminiye/scRNA-seq_works/Cervix_scRNA_CTCs_project_use/panCTCs/bin/panCTC_classify/V10CC/V10CC_results","Set1","Top2",1,NA,"Primary cancer cells","Primary cancer cells"
"255","GSE173682 OVC","/Users/macminiye/scRNA-seq_works/Cervix_scRNA_CTCs_project_use/panCTCs/bin/panCTC_classify/V10CC/V10CC_results","Set1","Top2",0.998,NA,"Primary cancer cells","Primary cancer cells"
"256","GSE173682 EC","/Users/macminiye/scRNA-seq_works/Cervix_scRNA_CTCs_project_use/panCTCs/bin/panCTC_classify/V10CC/V10CC_results","Set1","Top2",1,NA,"Primary cancer cells","Primary cancer cells"
"257","GSE193337 PC","/Users/macminiye/scRNA-seq_works/Cervix_scRNA_CTCs_project_use/panCTCs/bin/panCTC_classify/V10CC/V10CC_results","Set1","Top2",1,NA,"Primary cancer cells","Primary cancer cells"
"258","GSE149614 HCC","/Users/macminiye/scRNA-seq_works/Cervix_scRNA_CTCs_project_use/panCTCs/bin/panCTC_classify/V10CC/V10CC_results","Set1","Top2",1,NA,"Primary cancer cells","Primary cancer cells"
"259","GSE173682 OVC","/Users/macminiye/scRNA-seq_works/Cervix_scRNA_CTCs_project_use/panCTCs/bin/panCTC_classify/V10CC/V10CC_results","Set1","Top2",1,NA,"Primary cancer cells","Primary cancer cells"
"260","GSE173682 OVC","/Users/macminiye/scRNA-seq_works/Cervix_scRNA_CTCs_project_use/panCTCs/bin/panCTC_classify/V10CC/V10CC_results","Set1","Top2",1,NA,"Primary cancer cells","Primary cancer cells"
"261","GSE178318 CRC","/Users/macminiye/scRNA-seq_works/Cervix_scRNA_CTCs_project_use/panCTCs/bin/panCTC_classify/V10CC/V10CC_results","Set1","Top2",0.995,NA,"Primary cancer cells","Primary cancer cells"
"262","GSE150430 NPC","/Users/macminiye/scRNA-seq_works/Cervix_scRNA_CTCs_project_use/panCTCs/bin/panCTC_classify/V10CC/V10CC_results","Set1","Top2",1,NA,"Primary cancer cells","Primary cancer cells"
"263","GSE215120 Melanoma","/Users/macminiye/scRNA-seq_works/Cervix_scRNA_CTCs_project_use/panCTCs/bin/panCTC_classify/V10CC/V10CC_results","Set1","Top2",1,NA,"Primary cancer cells","Primary cancer cells"
"264","GSE176078 BC","/Users/macminiye/scRNA-seq_works/Cervix_scRNA_CTCs_project_use/panCTCs/bin/panCTC_classify/V10CC/V10CC_results","Set1","Top2",1,NA,"Primary cancer cells","Primary cancer cells"
"265","GSE168652 CC","/Users/macminiye/scRNA-seq_works/Cervix_scRNA_CTCs_project_use/panCTCs/bin/panCTC_classify/V10CC/V10CC_results","Set1","Top2",0.99,NA,"Primary cancer cells","Primary cancer cells"
"266","GSE150825 NPC","/Users/macminiye/scRNA-seq_works/Cervix_scRNA_CTCs_project_use/panCTCs/bin/panCTC_classify/V10CC/V10CC_results","Set1","Top2",0.9,NA,"Primary cancer cells","Primary cancer cells"
"267","GSE173682 EC","/Users/macminiye/scRNA-seq_works/Cervix_scRNA_CTCs_project_use/panCTCs/bin/panCTC_classify/V10CC/V10CC_results","Set1","Top2",0.995,NA,"Primary cancer cells","Primary cancer cells"
"268","GSE178318 CRC","/Users/macminiye/scRNA-seq_works/Cervix_scRNA_CTCs_project_use/panCTCs/bin/panCTC_classify/V10CC/V10CC_results","Set1","Top2",1,NA,"Primary cancer cells","Primary cancer cells"
"269","GSE176031 PC","/Users/macminiye/scRNA-seq_works/Cervix_scRNA_CTCs_project_use/panCTCs/bin/panCTC_classify/V10CC/V10CC_results","Set1","Top2",1,NA,"Primary cancer cells","Primary cancer cells"
"270","GSE173682 EC","/Users/macminiye/scRNA-seq_works/Cervix_scRNA_CTCs_project_use/panCTCs/bin/panCTC_classify/V10CC/V10CC_results","Set1","Top2",1,NA,"Primary cancer cells","Primary cancer cells"
"271","GSE178318 CRC","/Users/macminiye/scRNA-seq_works/Cervix_scRNA_CTCs_project_use/panCTCs/bin/panCTC_classify/V10CC/V10CC_results","Set1","Top2",1,NA,"Primary cancer cells","Primary cancer cells"
"272","GSE150430 NPC","/Users/macminiye/scRNA-seq_works/Cervix_scRNA_CTCs_project_use/panCTCs/bin/panCTC_classify/V10CC/V10CC_results","Set1","Top2",1,NA,"Primary cancer cells","Primary cancer cells"
"273","GSE215120 Melanoma","/Users/macminiye/scRNA-seq_works/Cervix_scRNA_CTCs_project_use/panCTCs/bin/panCTC_classify/V10CC/V10CC_results","Set1","Top2",0.995,NA,"Primary cancer cells","Primary cancer cells"
"274","GSE162025 NPC","/Users/macminiye/scRNA-seq_works/Cervix_scRNA_CTCs_project_use/panCTCs/bin/panCTC_classify/V10CC/V10CC_results","Set1","Top2",0.98,NA,"Primary cancer cells","Primary cancer cells"
"275","GSM3946506 Melanoma","/Users/macminiye/scRNA-seq_works/Cervix_scRNA_CTCs_project_use/panCTCs/bin/panCTC_classify/V10CC/V10CC_results","Set1","Top2",1,NA,"Primary cancer cells","Primary cancer cells"
"276","E-MTAB-11948 CC","/Users/macminiye/scRNA-seq_works/Cervix_scRNA_CTCs_project_use/panCTCs/bin/panCTC_classify/V10CC/V10CC_results","Set1","Top2",1,NA,"Primary cancer cells","Primary cancer cells"
"277","GSE150430 NPC","/Users/macminiye/scRNA-seq_works/Cervix_scRNA_CTCs_project_use/panCTCs/bin/panCTC_classify/V10CC/V10CC_results","Set1","Top2",1,NA,"Primary cancer cells","Primary cancer cells"
"278","GSE148071 NSCLC","/Users/macminiye/scRNA-seq_works/Cervix_scRNA_CTCs_project_use/panCTCs/bin/panCTC_classify/V10CC/V10CC_results","Set1","Top2",1,NA,"Primary cancer cells","Primary cancer cells"
"279","GSE173682 EC","/Users/macminiye/scRNA-seq_works/Cervix_scRNA_CTCs_project_use/panCTCs/bin/panCTC_classify/V10CC/V10CC_results","Set1","Top2",1,NA,"Primary cancer cells","Primary cancer cells"
"280","GSE150825 NPC","/Users/macminiye/scRNA-seq_works/Cervix_scRNA_CTCs_project_use/panCTCs/bin/panCTC_classify/V10CC/V10CC_results","Set1","Top2",0.94,NA,"Primary cancer cells","Primary cancer cells"
"281","GSE148071 NSCLC","/Users/macminiye/scRNA-seq_works/Cervix_scRNA_CTCs_project_use/panCTCs/bin/panCTC_classify/V10CC/V10CC_results","Set1","Top2",1,NA,"Primary cancer cells","Primary cancer cells"
"282","GSE132465 CRC","/Users/macminiye/scRNA-seq_works/Cervix_scRNA_CTCs_project_use/panCTCs/bin/panCTC_classify/V10CC/V10CC_results","Set1","Top2",0.995,NA,"Primary cancer cells","Primary cancer cells"
"283","GSE168652 CC","/Users/macminiye/scRNA-seq_works/Cervix_scRNA_CTCs_project_use/panCTCs/bin/panCTC_classify/V10CC/V10CC_results","Set1","Top2",1,NA,"Primary cancer cells","Primary cancer cells"
"284","GSE173682 OVC","/Users/macminiye/scRNA-seq_works/Cervix_scRNA_CTCs_project_use/panCTCs/bin/panCTC_classify/V10CC/V10CC_results","Set1","Top2",0.99,NA,"Primary cancer cells","Primary cancer cells"
"285","GSE176031 PC","/Users/macminiye/scRNA-seq_works/Cervix_scRNA_CTCs_project_use/panCTCs/bin/panCTC_classify/V10CC/V10CC_results","Set1","Top2",1,NA,"Primary cancer cells","Primary cancer cells"
"286","GSE173682 OVC","/Users/macminiye/scRNA-seq_works/Cervix_scRNA_CTCs_project_use/panCTCs/bin/panCTC_classify/V10CC/V10CC_results","Set1","Top2",1,NA,"Primary cancer cells","Primary cancer cells"
"287","GSE127465 NSCLC","/Users/macminiye/scRNA-seq_works/Cervix_scRNA_CTCs_project_use/panCTCs/bin/panCTC_classify/V10CC/V10CC_results","Set1","Top2",1,NA,"Primary cancer cells","Primary cancer cells"
"288","GSE168652 CC","/Users/macminiye/scRNA-seq_works/Cervix_scRNA_CTCs_project_use/panCTCs/bin/panCTC_classify/V10CC/V10CC_results","Set1","Top2",1,NA,"Primary cancer cells","Primary cancer cells"
"289","GSE162025 NPC","/Users/macminiye/scRNA-seq_works/Cervix_scRNA_CTCs_project_use/panCTCs/bin/panCTC_classify/V10CC/V10CC_results","Set1","Top2",0.99,NA,"Primary cancer cells","Primary cancer cells"
"290","GSE150430 NPC","/Users/macminiye/scRNA-seq_works/Cervix_scRNA_CTCs_project_use/panCTCs/bin/panCTC_classify/V10CC/V10CC_results","Set1","Top2",1,NA,"Primary cancer cells","Primary cancer cells"
"291","OMIX001073 GC","/Users/macminiye/scRNA-seq_works/Cervix_scRNA_CTCs_project_use/panCTCs/bin/panCTC_classify/V10CC/V10CC_results","Set1","Top2",1,NA,"Primary cancer cells","Primary cancer cells"
"292","GSE193337 PC","/Users/macminiye/scRNA-seq_works/Cervix_scRNA_CTCs_project_use/panCTCs/bin/panCTC_classify/V10CC/V10CC_results","Set1","Top2",1,NA,"Primary cancer cells","Primary cancer cells"
"293","GSE215120 Melanoma","/Users/macminiye/scRNA-seq_works/Cervix_scRNA_CTCs_project_use/panCTCs/bin/panCTC_classify/V10CC/V10CC_results","Set1","Top2",1,NA,"Primary cancer cells","Primary cancer cells"
"294","GSE132465 CRC","/Users/macminiye/scRNA-seq_works/Cervix_scRNA_CTCs_project_use/panCTCs/bin/panCTC_classify/V10CC/V10CC_results","Set1","Top2",1,NA,"Primary cancer cells","Primary cancer cells"
"295","GSE148071 NSCLC","/Users/macminiye/scRNA-seq_works/Cervix_scRNA_CTCs_project_use/panCTCs/bin/panCTC_classify/V10CC/V10CC_results","Set1","Top2",1,NA,"Primary cancer cells","Primary cancer cells"
"296","GSE148071 NSCLC","/Users/macminiye/scRNA-seq_works/Cervix_scRNA_CTCs_project_use/panCTCs/bin/panCTC_classify/V10CC/V10CC_results","Set1","Top2",1,NA,"Primary cancer cells","Primary cancer cells"
"297","GSE176031 PC","/Users/macminiye/scRNA-seq_works/Cervix_scRNA_CTCs_project_use/panCTCs/bin/panCTC_classify/V10CC/V10CC_results","Set1","Top2",1,NA,"Primary cancer cells","Primary cancer cells"
"298","GSE155698 PDAC","/Users/macminiye/scRNA-seq_works/Cervix_scRNA_CTCs_project_use/panCTCs/bin/panCTC_classify/V10CC/V10CC_results","Set1","Top2",1,NA,"Primary cancer cells","Primary cancer cells"
"299","GSE168652 CC","/Users/macminiye/scRNA-seq_works/Cervix_scRNA_CTCs_project_use/panCTCs/bin/panCTC_classify/V10CC/V10CC_results","Set1","Top2",1,NA,"Primary cancer cells","Primary cancer cells"
"300","GSE127465 NSCLC","/Users/macminiye/scRNA-seq_works/Cervix_scRNA_CTCs_project_use/panCTCs/bin/panCTC_classify/V10CC/V10CC_results","Set1","Top2",0.96,NA,"Primary cancer cells","Primary cancer cells"
"301","GSE173682 EC","/Users/macminiye/scRNA-seq_works/Cervix_scRNA_CTCs_project_use/panCTCs/bin/panCTC_classify/V10CC/V10CC_results","Set1","Top2",1,NA,"Primary cancer cells","Primary cancer cells"
"302","GSE149614 HCC","/Users/macminiye/scRNA-seq_works/Cervix_scRNA_CTCs_project_use/panCTCs/bin/panCTC_classify/V10CC/V10CC_results","Set1","Top2",1,NA,"Primary cancer cells","Primary cancer cells"
"303","GSM3946506 Melanoma","/Users/macminiye/scRNA-seq_works/Cervix_scRNA_CTCs_project_use/panCTCs/bin/panCTC_classify/V10CC/V10CC_results","Set1","Top2",1,NA,"Primary cancer cells","Primary cancer cells"
"304","GSE178318 CRC","/Users/macminiye/scRNA-seq_works/Cervix_scRNA_CTCs_project_use/panCTCs/bin/panCTC_classify/V10CC/V10CC_results","Set1","Top2",1,NA,"Primary cancer cells","Primary cancer cells"
"305","GSE150430 NPC","/Users/macminiye/scRNA-seq_works/Cervix_scRNA_CTCs_project_use/panCTCs/bin/panCTC_classify/V10CC/V10CC_results","Set1","Top2",1,NA,"Primary cancer cells","Primary cancer cells"
"306","GSE132465 CRC","/Users/macminiye/scRNA-seq_works/Cervix_scRNA_CTCs_project_use/panCTCs/bin/panCTC_classify/V10CC/V10CC_results","Set1","Top3",0.8,NA,"Primary cancer cells","Primary cancer cells"
"307","GSE149614 HCC","/Users/macminiye/scRNA-seq_works/Cervix_scRNA_CTCs_project_use/panCTCs/bin/panCTC_classify/V10CC/V10CC_results","Set1","Top3",1,NA,"Primary cancer cells","Primary cancer cells"
"308","OMIX001073 GC","/Users/macminiye/scRNA-seq_works/Cervix_scRNA_CTCs_project_use/panCTCs/bin/panCTC_classify/V10CC/V10CC_results","Set1","Top3",1,NA,"Primary cancer cells","Primary cancer cells"
"309","GSE176078 BC","/Users/macminiye/scRNA-seq_works/Cervix_scRNA_CTCs_project_use/panCTCs/bin/panCTC_classify/V10CC/V10CC_results","Set1","Top3",1,NA,"Primary cancer cells","Primary cancer cells"
"310","GSM3946506 Melanoma","/Users/macminiye/scRNA-seq_works/Cervix_scRNA_CTCs_project_use/panCTCs/bin/panCTC_classify/V10CC/V10CC_results","Set1","Top3",1,NA,"Primary cancer cells","Primary cancer cells"
"311","GSE176078 BC","/Users/macminiye/scRNA-seq_works/Cervix_scRNA_CTCs_project_use/panCTCs/bin/panCTC_classify/V10CC/V10CC_results","Set1","Top3",1,NA,"Primary cancer cells","Primary cancer cells"
"312","OMIX001073 GC","/Users/macminiye/scRNA-seq_works/Cervix_scRNA_CTCs_project_use/panCTCs/bin/panCTC_classify/V10CC/V10CC_results","Set1","Top3",1,NA,"Primary cancer cells","Primary cancer cells"
"313","GSE150430 NPC","/Users/macminiye/scRNA-seq_works/Cervix_scRNA_CTCs_project_use/panCTCs/bin/panCTC_classify/V10CC/V10CC_results","Set1","Top3",1,NA,"Primary cancer cells","Primary cancer cells"
"314","GSE155698 PDAC","/Users/macminiye/scRNA-seq_works/Cervix_scRNA_CTCs_project_use/panCTCs/bin/panCTC_classify/V10CC/V10CC_results","Set1","Top3",0.996,NA,"Primary cancer cells","Primary cancer cells"
"315","E-MTAB-11948 CC","/Users/macminiye/scRNA-seq_works/Cervix_scRNA_CTCs_project_use/panCTCs/bin/panCTC_classify/V10CC/V10CC_results","Set1","Top3",1,NA,"Primary cancer cells","Primary cancer cells"
"316","GSE149614 HCC","/Users/macminiye/scRNA-seq_works/Cervix_scRNA_CTCs_project_use/panCTCs/bin/panCTC_classify/V10CC/V10CC_results","Set1","Top3",1,NA,"Primary cancer cells","Primary cancer cells"
"317","GSE215120 Melanoma","/Users/macminiye/scRNA-seq_works/Cervix_scRNA_CTCs_project_use/panCTCs/bin/panCTC_classify/V10CC/V10CC_results","Set1","Top3",1,NA,"Primary cancer cells","Primary cancer cells"
"318","GSE132465 CRC","/Users/macminiye/scRNA-seq_works/Cervix_scRNA_CTCs_project_use/panCTCs/bin/panCTC_classify/V10CC/V10CC_results","Set1","Top3",1,NA,"Primary cancer cells","Primary cancer cells"
"319","GSE148071 NSCLC","/Users/macminiye/scRNA-seq_works/Cervix_scRNA_CTCs_project_use/panCTCs/bin/panCTC_classify/V10CC/V10CC_results","Set1","Top3",1,NA,"Primary cancer cells","Primary cancer cells"
"320","GSE176031 PC","/Users/macminiye/scRNA-seq_works/Cervix_scRNA_CTCs_project_use/panCTCs/bin/panCTC_classify/V10CC/V10CC_results","Set1","Top3",1,NA,"Primary cancer cells","Primary cancer cells"
"321","GSE127465 NSCLC","/Users/macminiye/scRNA-seq_works/Cervix_scRNA_CTCs_project_use/panCTCs/bin/panCTC_classify/V10CC/V10CC_results","Set1","Top3",0.97,NA,"Primary cancer cells","Primary cancer cells"
"322","GSE176078 BC","/Users/macminiye/scRNA-seq_works/Cervix_scRNA_CTCs_project_use/panCTCs/bin/panCTC_classify/V10CC/V10CC_results","Set1","Top3",1,NA,"Primary cancer cells","Primary cancer cells"
"323","GSE168652 CC","/Users/macminiye/scRNA-seq_works/Cervix_scRNA_CTCs_project_use/panCTCs/bin/panCTC_classify/V10CC/V10CC_results","Set1","Top3",1,NA,"Primary cancer cells","Primary cancer cells"
"324","GSE149614 HCC","/Users/macminiye/scRNA-seq_works/Cervix_scRNA_CTCs_project_use/panCTCs/bin/panCTC_classify/V10CC/V10CC_results","Set1","Top3",0.998,NA,"Primary cancer cells","Primary cancer cells"
"325","E-MTAB-11948 CC","/Users/macminiye/scRNA-seq_works/Cervix_scRNA_CTCs_project_use/panCTCs/bin/panCTC_classify/V10CC/V10CC_results","Set1","Top3",1,NA,"Primary cancer cells","Primary cancer cells"
"326","GSE155698 PDAC","/Users/macminiye/scRNA-seq_works/Cervix_scRNA_CTCs_project_use/panCTCs/bin/panCTC_classify/V10CC/V10CC_results","Set1","Top3",1,NA,"Primary cancer cells","Primary cancer cells"
"327","GSE150825 NPC","/Users/macminiye/scRNA-seq_works/Cervix_scRNA_CTCs_project_use/panCTCs/bin/panCTC_classify/V10CC/V10CC_results","Set1","Top3",0.8,NA,"Primary cancer cells","Primary cancer cells"
"328","GSE178318 CRC","/Users/macminiye/scRNA-seq_works/Cervix_scRNA_CTCs_project_use/panCTCs/bin/panCTC_classify/V10CC/V10CC_results","Set1","Top3",1,NA,"Primary cancer cells","Primary cancer cells"
"329","GSE173682 EC","/Users/macminiye/scRNA-seq_works/Cervix_scRNA_CTCs_project_use/panCTCs/bin/panCTC_classify/V10CC/V10CC_results","Set1","Top3",1,NA,"Primary cancer cells","Primary cancer cells"
"330","GSE193337 PC","/Users/macminiye/scRNA-seq_works/Cervix_scRNA_CTCs_project_use/panCTCs/bin/panCTC_classify/V10CC/V10CC_results","Set1","Top3",0.99,NA,"Primary cancer cells","Primary cancer cells"
"331","GSE155698 PDAC","/Users/macminiye/scRNA-seq_works/Cervix_scRNA_CTCs_project_use/panCTCs/bin/panCTC_classify/V10CC/V10CC_results","Set1","Top3",1,NA,"Primary cancer cells","Primary cancer cells"
"332","GSM3946506 Melanoma","/Users/macminiye/scRNA-seq_works/Cervix_scRNA_CTCs_project_use/panCTCs/bin/panCTC_classify/V10CC/V10CC_results","Set1","Top3",1,NA,"Primary cancer cells","Primary cancer cells"
"333","E-MTAB-11948 CC","/Users/macminiye/scRNA-seq_works/Cervix_scRNA_CTCs_project_use/panCTCs/bin/panCTC_classify/V10CC/V10CC_results","Set1","Top3",1,NA,"Primary cancer cells","Primary cancer cells"
"334","OMIX001073 GC","/Users/macminiye/scRNA-seq_works/Cervix_scRNA_CTCs_project_use/panCTCs/bin/panCTC_classify/V10CC/V10CC_results","Set1","Top3",0.998,NA,"Primary cancer cells","Primary cancer cells"
"335","GSE173682 OVC","/Users/macminiye/scRNA-seq_works/Cervix_scRNA_CTCs_project_use/panCTCs/bin/panCTC_classify/V10CC/V10CC_results","Set1","Top3",1,NA,"Primary cancer cells","Primary cancer cells"
"336","GSE168652 CC","/Users/macminiye/scRNA-seq_works/Cervix_scRNA_CTCs_project_use/panCTCs/bin/panCTC_classify/V10CC/V10CC_results","Set1","Top3",1,NA,"Primary cancer cells","Primary cancer cells"
"337","GSE176078 BC","/Users/macminiye/scRNA-seq_works/Cervix_scRNA_CTCs_project_use/panCTCs/bin/panCTC_classify/V10CC/V10CC_results","Set1","Top3",1,NA,"Primary cancer cells","Primary cancer cells"
"338","GSE150825 NPC","/Users/macminiye/scRNA-seq_works/Cervix_scRNA_CTCs_project_use/panCTCs/bin/panCTC_classify/V10CC/V10CC_results","Set1","Top3",1,NA,"Primary cancer cells","Primary cancer cells"
"339","OMIX001073 GC","/Users/macminiye/scRNA-seq_works/Cervix_scRNA_CTCs_project_use/panCTCs/bin/panCTC_classify/V10CC/V10CC_results","Set1","Top3",0.995,NA,"Primary cancer cells","Primary cancer cells"
"340","OMIX001073 GC","/Users/macminiye/scRNA-seq_works/Cervix_scRNA_CTCs_project_use/panCTCs/bin/panCTC_classify/V10CC/V10CC_results","Set1","Top3",1,NA,"Primary cancer cells","Primary cancer cells"
"341","E-MTAB-11948 CC","/Users/macminiye/scRNA-seq_works/Cervix_scRNA_CTCs_project_use/panCTCs/bin/panCTC_classify/V10CC/V10CC_results","Set1","Top3",1,NA,"Primary cancer cells","Primary cancer cells"
"342","GSE162025 NPC","/Users/macminiye/scRNA-seq_works/Cervix_scRNA_CTCs_project_use/panCTCs/bin/panCTC_classify/V10CC/V10CC_results","Set1","Top3",1,NA,"Primary cancer cells","Primary cancer cells"
"343","GSE176078 BC","/Users/macminiye/scRNA-seq_works/Cervix_scRNA_CTCs_project_use/panCTCs/bin/panCTC_classify/V10CC/V10CC_results","Set1","Top3",1,NA,"Primary cancer cells","Primary cancer cells"
"344","GSE155698 PDAC","/Users/macminiye/scRNA-seq_works/Cervix_scRNA_CTCs_project_use/panCTCs/bin/panCTC_classify/V10CC/V10CC_results","Set1","Top3",1,NA,"Primary cancer cells","Primary cancer cells"
"345","GSE149614 HCC","/Users/macminiye/scRNA-seq_works/Cervix_scRNA_CTCs_project_use/panCTCs/bin/panCTC_classify/V10CC/V10CC_results","Set1","Top3",1,NA,"Primary cancer cells","Primary cancer cells"
"346","E-MTAB-11948 CC","/Users/macminiye/scRNA-seq_works/Cervix_scRNA_CTCs_project_use/panCTCs/bin/panCTC_classify/V10CC/V10CC_results","Set1","Top3",1,NA,"Primary cancer cells","Primary cancer cells"
"347","GSE178318 CRC","/Users/macminiye/scRNA-seq_works/Cervix_scRNA_CTCs_project_use/panCTCs/bin/panCTC_classify/V10CC/V10CC_results","Set1","Top3",1,NA,"Primary cancer cells","Primary cancer cells"
"348","GSE176078 BC","/Users/macminiye/scRNA-seq_works/Cervix_scRNA_CTCs_project_use/panCTCs/bin/panCTC_classify/V10CC/V10CC_results","Set1","Top3",0.998,NA,"Primary cancer cells","Primary cancer cells"
"349","GSM3946506 Melanoma","/Users/macminiye/scRNA-seq_works/Cervix_scRNA_CTCs_project_use/panCTCs/bin/panCTC_classify/V10CC/V10CC_results","Set1","Top3",1,NA,"Primary cancer cells","Primary cancer cells"
"350","GSE155698 PDAC","/Users/macminiye/scRNA-seq_works/Cervix_scRNA_CTCs_project_use/panCTCs/bin/panCTC_classify/V10CC/V10CC_results","Set1","Top3",0.995,NA,"Primary cancer cells","Primary cancer cells"
"351","GSE215120 Melanoma","/Users/macminiye/scRNA-seq_works/Cervix_scRNA_CTCs_project_use/panCTCs/bin/panCTC_classify/V10CC/V10CC_results","Set1","Top3",1,NA,"Primary cancer cells","Primary cancer cells"
"352","GSE149614 HCC","/Users/macminiye/scRNA-seq_works/Cervix_scRNA_CTCs_project_use/panCTCs/bin/panCTC_classify/V10CC/V10CC_results","Set1","Top3",1,NA,"Primary cancer cells","Primary cancer cells"
"353","GSE127465 NSCLC","/Users/macminiye/scRNA-seq_works/Cervix_scRNA_CTCs_project_use/panCTCs/bin/panCTC_classify/V10CC/V10CC_results","Set1","Top3",0.985,NA,"Primary cancer cells","Primary cancer cells"
"354","GSE127465 NSCLC","/Users/macminiye/scRNA-seq_works/Cervix_scRNA_CTCs_project_use/panCTCs/bin/panCTC_classify/V10CC/V10CC_results","Set1","Top3",1,NA,"Primary cancer cells","Primary cancer cells"
"355","GSE176031 PC","/Users/macminiye/scRNA-seq_works/Cervix_scRNA_CTCs_project_use/panCTCs/bin/panCTC_classify/V10CC/V10CC_results","Set1","Top3",1,NA,"Primary cancer cells","Primary cancer cells"
"356","GSE148071 NSCLC","/Users/macminiye/scRNA-seq_works/Cervix_scRNA_CTCs_project_use/panCTCs/bin/panCTC_classify/V10CC/V10CC_results","Set1","Top3",1,NA,"Primary cancer cells","Primary cancer cells"
"357","GSE193337 PC","/Users/macminiye/scRNA-seq_works/Cervix_scRNA_CTCs_project_use/panCTCs/bin/panCTC_classify/V10CC/V10CC_results","Set1","Top3",0.9,NA,"Primary cancer cells","Primary cancer cells"
"358","OMIX001073 GC","/Users/macminiye/scRNA-seq_works/Cervix_scRNA_CTCs_project_use/panCTCs/bin/panCTC_classify/V10CC/V10CC_results","Set1","Top3",1,NA,"Primary cancer cells","Primary cancer cells"
"359","GSE173682 EC","/Users/macminiye/scRNA-seq_works/Cervix_scRNA_CTCs_project_use/panCTCs/bin/panCTC_classify/V10CC/V10CC_results","Set1","Top3",1,NA,"Primary cancer cells","Primary cancer cells"
"360","GSE193337 PC","/Users/macminiye/scRNA-seq_works/Cervix_scRNA_CTCs_project_use/panCTCs/bin/panCTC_classify/V10CC/V10CC_results","Set1","Top3",1,NA,"Primary cancer cells","Primary cancer cells"
"361","GSE168652 CC","/Users/macminiye/scRNA-seq_works/Cervix_scRNA_CTCs_project_use/panCTCs/bin/panCTC_classify/V10CC/V10CC_results","Set1","Top3",1,NA,"Primary cancer cells","Primary cancer cells"
"362","E-MTAB-11948 CC","/Users/macminiye/scRNA-seq_works/Cervix_scRNA_CTCs_project_use/panCTCs/bin/panCTC_classify/V10CC/V10CC_results","Set1","Top3",1,NA,"Primary cancer cells","Primary cancer cells"
"363","GSM3946506 Melanoma","/Users/macminiye/scRNA-seq_works/Cervix_scRNA_CTCs_project_use/panCTCs/bin/panCTC_classify/V10CC/V10CC_results","Set1","Top3",1,NA,"Primary cancer cells","Primary cancer cells"
"364","GSE132465 CRC","/Users/macminiye/scRNA-seq_works/Cervix_scRNA_CTCs_project_use/panCTCs/bin/panCTC_classify/V10CC/V10CC_results","Set1","Top3",1,NA,"Primary cancer cells","Primary cancer cells"
"365","GSE215120 Melanoma","/Users/macminiye/scRNA-seq_works/Cervix_scRNA_CTCs_project_use/panCTCs/bin/panCTC_classify/V10CC/V10CC_results","Set1","Top3",1,NA,"Primary cancer cells","Primary cancer cells"
"366","GSE193337 PC","/Users/macminiye/scRNA-seq_works/Cervix_scRNA_CTCs_project_use/panCTCs/bin/panCTC_classify/V10CC/V10CC_results","Set1","Top3",1,NA,"Primary cancer cells","Primary cancer cells"
"367","GSE150430 NPC","/Users/macminiye/scRNA-seq_works/Cervix_scRNA_CTCs_project_use/panCTCs/bin/panCTC_classify/V10CC/V10CC_results","Set1","Top3",1,NA,"Primary cancer cells","Primary cancer cells"
"368","GSE215120 Melanoma","/Users/macminiye/scRNA-seq_works/Cervix_scRNA_CTCs_project_use/panCTCs/bin/panCTC_classify/V10CC/V10CC_results","Set1","Top3",1,NA,"Primary cancer cells","Primary cancer cells"
"369","GSE162025 NPC","/Users/macminiye/scRNA-seq_works/Cervix_scRNA_CTCs_project_use/panCTCs/bin/panCTC_classify/V10CC/V10CC_results","Set1","Top3",1,NA,"Primary cancer cells","Primary cancer cells"
"370","GSE178318 CRC","/Users/macminiye/scRNA-seq_works/Cervix_scRNA_CTCs_project_use/panCTCs/bin/panCTC_classify/V10CC/V10CC_results","Set1","Top3",1,NA,"Primary cancer cells","Primary cancer cells"
"371","GSE173682 OVC","/Users/macminiye/scRNA-seq_works/Cervix_scRNA_CTCs_project_use/panCTCs/bin/panCTC_classify/V10CC/V10CC_results","Set1","Top3",1,NA,"Primary cancer cells","Primary cancer cells"
"372","GSE132465 CRC","/Users/macminiye/scRNA-seq_works/Cervix_scRNA_CTCs_project_use/panCTCs/bin/panCTC_classify/V10CC/V10CC_results","Set1","Top3",1,NA,"Primary cancer cells","Primary cancer cells"
"373","GSE176031 PC","/Users/macminiye/scRNA-seq_works/Cervix_scRNA_CTCs_project_use/panCTCs/bin/panCTC_classify/V10CC/V10CC_results","Set1","Top3",1,NA,"Primary cancer cells","Primary cancer cells"
"374","GSE148071 NSCLC","/Users/macminiye/scRNA-seq_works/Cervix_scRNA_CTCs_project_use/panCTCs/bin/panCTC_classify/V10CC/V10CC_results","Set1","Top3",1,NA,"Primary cancer cells","Primary cancer cells"
"375","GSE127465 NSCLC","/Users/macminiye/scRNA-seq_works/Cervix_scRNA_CTCs_project_use/panCTCs/bin/panCTC_classify/V10CC/V10CC_results","Set1","Top3",0.95,NA,"Primary cancer cells","Primary cancer cells"
"376","GSE162025 NPC","/Users/macminiye/scRNA-seq_works/Cervix_scRNA_CTCs_project_use/panCTCs/bin/panCTC_classify/V10CC/V10CC_results","Set1","Top3",0.95,NA,"Primary cancer cells","Primary cancer cells"
"377","GSE132465 CRC","/Users/macminiye/scRNA-seq_works/Cervix_scRNA_CTCs_project_use/panCTCs/bin/panCTC_classify/V10CC/V10CC_results","Set1","Top3",0.996,NA,"Primary cancer cells","Primary cancer cells"
"378","GSE155698 PDAC","/Users/macminiye/scRNA-seq_works/Cervix_scRNA_CTCs_project_use/panCTCs/bin/panCTC_classify/V10CC/V10CC_results","Set1","Top3",1,NA,"Primary cancer cells","Primary cancer cells"
"379","GSE173682 OVC","/Users/macminiye/scRNA-seq_works/Cervix_scRNA_CTCs_project_use/panCTCs/bin/panCTC_classify/V10CC/V10CC_results","Set1","Top3",1,NA,"Primary cancer cells","Primary cancer cells"
"380","GSE173682 EC","/Users/macminiye/scRNA-seq_works/Cervix_scRNA_CTCs_project_use/panCTCs/bin/panCTC_classify/V10CC/V10CC_results","Set1","Top3",1,NA,"Primary cancer cells","Primary cancer cells"
"381","GSE193337 PC","/Users/macminiye/scRNA-seq_works/Cervix_scRNA_CTCs_project_use/panCTCs/bin/panCTC_classify/V10CC/V10CC_results","Set1","Top3",1,NA,"Primary cancer cells","Primary cancer cells"
"382","GSE149614 HCC","/Users/macminiye/scRNA-seq_works/Cervix_scRNA_CTCs_project_use/panCTCs/bin/panCTC_classify/V10CC/V10CC_results","Set1","Top3",1,NA,"Primary cancer cells","Primary cancer cells"
"383","GSE173682 OVC","/Users/macminiye/scRNA-seq_works/Cervix_scRNA_CTCs_project_use/panCTCs/bin/panCTC_classify/V10CC/V10CC_results","Set1","Top3",1,NA,"Primary cancer cells","Primary cancer cells"
"384","GSE173682 OVC","/Users/macminiye/scRNA-seq_works/Cervix_scRNA_CTCs_project_use/panCTCs/bin/panCTC_classify/V10CC/V10CC_results","Set1","Top3",1,NA,"Primary cancer cells","Primary cancer cells"
"385","GSE178318 CRC","/Users/macminiye/scRNA-seq_works/Cervix_scRNA_CTCs_project_use/panCTCs/bin/panCTC_classify/V10CC/V10CC_results","Set1","Top3",1,NA,"Primary cancer cells","Primary cancer cells"
"386","GSE150430 NPC","/Users/macminiye/scRNA-seq_works/Cervix_scRNA_CTCs_project_use/panCTCs/bin/panCTC_classify/V10CC/V10CC_results","Set1","Top3",1,NA,"Primary cancer cells","Primary cancer cells"
"387","GSE215120 Melanoma","/Users/macminiye/scRNA-seq_works/Cervix_scRNA_CTCs_project_use/panCTCs/bin/panCTC_classify/V10CC/V10CC_results","Set1","Top3",1,NA,"Primary cancer cells","Primary cancer cells"
"388","GSE176078 BC","/Users/macminiye/scRNA-seq_works/Cervix_scRNA_CTCs_project_use/panCTCs/bin/panCTC_classify/V10CC/V10CC_results","Set1","Top3",1,NA,"Primary cancer cells","Primary cancer cells"
"389","GSE168652 CC","/Users/macminiye/scRNA-seq_works/Cervix_scRNA_CTCs_project_use/panCTCs/bin/panCTC_classify/V10CC/V10CC_results","Set1","Top3",0.99,NA,"Primary cancer cells","Primary cancer cells"
"390","GSE150825 NPC","/Users/macminiye/scRNA-seq_works/Cervix_scRNA_CTCs_project_use/panCTCs/bin/panCTC_classify/V10CC/V10CC_results","Set1","Top3",0.95,NA,"Primary cancer cells","Primary cancer cells"
"391","GSE173682 EC","/Users/macminiye/scRNA-seq_works/Cervix_scRNA_CTCs_project_use/panCTCs/bin/panCTC_classify/V10CC/V10CC_results","Set1","Top3",0.995,NA,"Primary cancer cells","Primary cancer cells"
"392","GSE178318 CRC","/Users/macminiye/scRNA-seq_works/Cervix_scRNA_CTCs_project_use/panCTCs/bin/panCTC_classify/V10CC/V10CC_results","Set1","Top3",1,NA,"Primary cancer cells","Primary cancer cells"
"393","GSE176031 PC","/Users/macminiye/scRNA-seq_works/Cervix_scRNA_CTCs_project_use/panCTCs/bin/panCTC_classify/V10CC/V10CC_results","Set1","Top3",1,NA,"Primary cancer cells","Primary cancer cells"
"394","GSE173682 EC","/Users/macminiye/scRNA-seq_works/Cervix_scRNA_CTCs_project_use/panCTCs/bin/panCTC_classify/V10CC/V10CC_results","Set1","Top3",1,NA,"Primary cancer cells","Primary cancer cells"
"395","GSE178318 CRC","/Users/macminiye/scRNA-seq_works/Cervix_scRNA_CTCs_project_use/panCTCs/bin/panCTC_classify/V10CC/V10CC_results","Set1","Top3",1,NA,"Primary cancer cells","Primary cancer cells"
"396","GSE150430 NPC","/Users/macminiye/scRNA-seq_works/Cervix_scRNA_CTCs_project_use/panCTCs/bin/panCTC_classify/V10CC/V10CC_results","Set1","Top3",1,NA,"Primary cancer cells","Primary cancer cells"
"397","GSE215120 Melanoma","/Users/macminiye/scRNA-seq_works/Cervix_scRNA_CTCs_project_use/panCTCs/bin/panCTC_classify/V10CC/V10CC_results","Set1","Top3",0.995,NA,"Primary cancer cells","Primary cancer cells"
"398","GSE162025 NPC","/Users/macminiye/scRNA-seq_works/Cervix_scRNA_CTCs_project_use/panCTCs/bin/panCTC_classify/V10CC/V10CC_results","Set1","Top3",0.98,NA,"Primary cancer cells","Primary cancer cells"
"399","GSM3946506 Melanoma","/Users/macminiye/scRNA-seq_works/Cervix_scRNA_CTCs_project_use/panCTCs/bin/panCTC_classify/V10CC/V10CC_results","Set1","Top3",1,NA,"Primary cancer cells","Primary cancer cells"
"400","E-MTAB-11948 CC","/Users/macminiye/scRNA-seq_works/Cervix_scRNA_CTCs_project_use/panCTCs/bin/panCTC_classify/V10CC/V10CC_results","Set1","Top3",1,NA,"Primary cancer cells","Primary cancer cells"
"401","GSE150430 NPC","/Users/macminiye/scRNA-seq_works/Cervix_scRNA_CTCs_project_use/panCTCs/bin/panCTC_classify/V10CC/V10CC_results","Set1","Top3",1,NA,"Primary cancer cells","Primary cancer cells"
"402","GSE148071 NSCLC","/Users/macminiye/scRNA-seq_works/Cervix_scRNA_CTCs_project_use/panCTCs/bin/panCTC_classify/V10CC/V10CC_results","Set1","Top3",1,NA,"Primary cancer cells","Primary cancer cells"
"403","GSE173682 EC","/Users/macminiye/scRNA-seq_works/Cervix_scRNA_CTCs_project_use/panCTCs/bin/panCTC_classify/V10CC/V10CC_results","Set1","Top3",1,NA,"Primary cancer cells","Primary cancer cells"
"404","GSE150825 NPC","/Users/macminiye/scRNA-seq_works/Cervix_scRNA_CTCs_project_use/panCTCs/bin/panCTC_classify/V10CC/V10CC_results","Set1","Top3",0.96,NA,"Primary cancer cells","Primary cancer cells"
"405","GSE148071 NSCLC","/Users/macminiye/scRNA-seq_works/Cervix_scRNA_CTCs_project_use/panCTCs/bin/panCTC_classify/V10CC/V10CC_results","Set1","Top3",1,NA,"Primary cancer cells","Primary cancer cells"
"406","GSE132465 CRC","/Users/macminiye/scRNA-seq_works/Cervix_scRNA_CTCs_project_use/panCTCs/bin/panCTC_classify/V10CC/V10CC_results","Set1","Top3",0.995,NA,"Primary cancer cells","Primary cancer cells"
"407","GSE168652 CC","/Users/macminiye/scRNA-seq_works/Cervix_scRNA_CTCs_project_use/panCTCs/bin/panCTC_classify/V10CC/V10CC_results","Set1","Top3",1,NA,"Primary cancer cells","Primary cancer cells"
"408","GSE173682 OVC","/Users/macminiye/scRNA-seq_works/Cervix_scRNA_CTCs_project_use/panCTCs/bin/panCTC_classify/V10CC/V10CC_results","Set1","Top3",1,NA,"Primary cancer cells","Primary cancer cells"
"409","GSE176031 PC","/Users/macminiye/scRNA-seq_works/Cervix_scRNA_CTCs_project_use/panCTCs/bin/panCTC_classify/V10CC/V10CC_results","Set1","Top3",1,NA,"Primary cancer cells","Primary cancer cells"
"410","GSE173682 OVC","/Users/macminiye/scRNA-seq_works/Cervix_scRNA_CTCs_project_use/panCTCs/bin/panCTC_classify/V10CC/V10CC_results","Set1","Top3",1,NA,"Primary cancer cells","Primary cancer cells"
"411","GSE127465 NSCLC","/Users/macminiye/scRNA-seq_works/Cervix_scRNA_CTCs_project_use/panCTCs/bin/panCTC_classify/V10CC/V10CC_results","Set1","Top3",1,NA,"Primary cancer cells","Primary cancer cells"
"412","GSE168652 CC","/Users/macminiye/scRNA-seq_works/Cervix_scRNA_CTCs_project_use/panCTCs/bin/panCTC_classify/V10CC/V10CC_results","Set1","Top3",1,NA,"Primary cancer cells","Primary cancer cells"
"413","GSE162025 NPC","/Users/macminiye/scRNA-seq_works/Cervix_scRNA_CTCs_project_use/panCTCs/bin/panCTC_classify/V10CC/V10CC_results","Set1","Top3",0.99,NA,"Primary cancer cells","Primary cancer cells"
"414","GSE150430 NPC","/Users/macminiye/scRNA-seq_works/Cervix_scRNA_CTCs_project_use/panCTCs/bin/panCTC_classify/V10CC/V10CC_results","Set1","Top3",1,NA,"Primary cancer cells","Primary cancer cells"
"415","OMIX001073 GC","/Users/macminiye/scRNA-seq_works/Cervix_scRNA_CTCs_project_use/panCTCs/bin/panCTC_classify/V10CC/V10CC_results","Set1","Top3",1,NA,"Primary cancer cells","Primary cancer cells"
"416","GSE193337 PC","/Users/macminiye/scRNA-seq_works/Cervix_scRNA_CTCs_project_use/panCTCs/bin/panCTC_classify/V10CC/V10CC_results","Set1","Top3",1,NA,"Primary cancer cells","Primary cancer cells"
"417","GSE215120 Melanoma","/Users/macminiye/scRNA-seq_works/Cervix_scRNA_CTCs_project_use/panCTCs/bin/panCTC_classify/V10CC/V10CC_results","Set1","Top3",1,NA,"Primary cancer cells","Primary cancer cells"
"418","GSE132465 CRC","/Users/macminiye/scRNA-seq_works/Cervix_scRNA_CTCs_project_use/panCTCs/bin/panCTC_classify/V10CC/V10CC_results","Set1","Top3",1,NA,"Primary cancer cells","Primary cancer cells"
"419","GSE148071 NSCLC","/Users/macminiye/scRNA-seq_works/Cervix_scRNA_CTCs_project_use/panCTCs/bin/panCTC_classify/V10CC/V10CC_results","Set1","Top3",1,NA,"Primary cancer cells","Primary cancer cells"
"420","GSE148071 NSCLC","/Users/macminiye/scRNA-seq_works/Cervix_scRNA_CTCs_project_use/panCTCs/bin/panCTC_classify/V10CC/V10CC_results","Set1","Top3",1,NA,"Primary cancer cells","Primary cancer cells"
"421","GSE176031 PC","/Users/macminiye/scRNA-seq_works/Cervix_scRNA_CTCs_project_use/panCTCs/bin/panCTC_classify/V10CC/V10CC_results","Set1","Top3",1,NA,"Primary cancer cells","Primary cancer cells"
"422","GSE155698 PDAC","/Users/macminiye/scRNA-seq_works/Cervix_scRNA_CTCs_project_use/panCTCs/bin/panCTC_classify/V10CC/V10CC_results","Set1","Top3",1,NA,"Primary cancer cells","Primary cancer cells"
"423","GSE168652 CC","/Users/macminiye/scRNA-seq_works/Cervix_scRNA_CTCs_project_use/panCTCs/bin/panCTC_classify/V10CC/V10CC_results","Set1","Top3",1,NA,"Primary cancer cells","Primary cancer cells"
"424","GSE127465 NSCLC","/Users/macminiye/scRNA-seq_works/Cervix_scRNA_CTCs_project_use/panCTCs/bin/panCTC_classify/V10CC/V10CC_results","Set1","Top3",0.98,NA,"Primary cancer cells","Primary cancer cells"
"425","GSE173682 EC","/Users/macminiye/scRNA-seq_works/Cervix_scRNA_CTCs_project_use/panCTCs/bin/panCTC_classify/V10CC/V10CC_results","Set1","Top3",1,NA,"Primary cancer cells","Primary cancer cells"
"426","GSE149614 HCC","/Users/macminiye/scRNA-seq_works/Cervix_scRNA_CTCs_project_use/panCTCs/bin/panCTC_classify/V10CC/V10CC_results","Set1","Top3",1,NA,"Primary cancer cells","Primary cancer cells"
"427","GSM3946506 Melanoma","/Users/macminiye/scRNA-seq_works/Cervix_scRNA_CTCs_project_use/panCTCs/bin/panCTC_classify/V10CC/V10CC_results","Set1","Top3",1,NA,"Primary cancer cells","Primary cancer cells"
"428","GSE178318 CRC","/Users/macminiye/scRNA-seq_works/Cervix_scRNA_CTCs_project_use/panCTCs/bin/panCTC_classify/V10CC/V10CC_results","Set1","Top3",1,NA,"Primary cancer cells","Primary cancer cells"
"429","GSE150430 NPC","/Users/macminiye/scRNA-seq_works/Cervix_scRNA_CTCs_project_use/panCTCs/bin/panCTC_classify/V10CC/V10CC_results","Set1","Top3",1,NA,"Primary cancer cells","Primary cancer cells"
"430","GSE132465 CRC","/Users/macminiye/scRNA-seq_works/Cervix_scRNA_CTCs_project_use/panCTCs/bin/panCTC_classify/V10CC/V10CC_results","Set2","Top1",1,NA,"Primary cancer cells","Primary cancer cells"
"431","GSE149614 HCC","/Users/macminiye/scRNA-seq_works/Cervix_scRNA_CTCs_project_use/panCTCs/bin/panCTC_classify/V10CC/V10CC_results","Set2","Top1",1,NA,"Primary cancer cells","Primary cancer cells"
"432","OMIX001073 GC","/Users/macminiye/scRNA-seq_works/Cervix_scRNA_CTCs_project_use/panCTCs/bin/panCTC_classify/V10CC/V10CC_results","Set2","Top1",0.98,NA,"Primary cancer cells","Primary cancer cells"
"433","GSE176078 BC","/Users/macminiye/scRNA-seq_works/Cervix_scRNA_CTCs_project_use/panCTCs/bin/panCTC_classify/V10CC/V10CC_results","Set2","Top1",1,NA,"Primary cancer cells","Primary cancer cells"
"434","GSM3946506 Melanoma","/Users/macminiye/scRNA-seq_works/Cervix_scRNA_CTCs_project_use/panCTCs/bin/panCTC_classify/V10CC/V10CC_results","Set2","Top1",1,NA,"Primary cancer cells","Primary cancer cells"
"435","GSE176078 BC","/Users/macminiye/scRNA-seq_works/Cervix_scRNA_CTCs_project_use/panCTCs/bin/panCTC_classify/V10CC/V10CC_results","Set2","Top1",1,NA,"Primary cancer cells","Primary cancer cells"
"436","OMIX001073 GC","/Users/macminiye/scRNA-seq_works/Cervix_scRNA_CTCs_project_use/panCTCs/bin/panCTC_classify/V10CC/V10CC_results","Set2","Top1",1,NA,"Primary cancer cells","Primary cancer cells"
"437","GSE150430 NPC","/Users/macminiye/scRNA-seq_works/Cervix_scRNA_CTCs_project_use/panCTCs/bin/panCTC_classify/V10CC/V10CC_results","Set2","Top1",1,NA,"Primary cancer cells","Primary cancer cells"
"438","GSE155698 PDAC","/Users/macminiye/scRNA-seq_works/Cervix_scRNA_CTCs_project_use/panCTCs/bin/panCTC_classify/V10CC/V10CC_results","Set2","Top1",0.966,NA,"Primary cancer cells","Primary cancer cells"
"439","E-MTAB-11948 CC","/Users/macminiye/scRNA-seq_works/Cervix_scRNA_CTCs_project_use/panCTCs/bin/panCTC_classify/V10CC/V10CC_results","Set2","Top1",0.99,NA,"Primary cancer cells","Primary cancer cells"
"440","GSE149614 HCC","/Users/macminiye/scRNA-seq_works/Cervix_scRNA_CTCs_project_use/panCTCs/bin/panCTC_classify/V10CC/V10CC_results","Set2","Top1",0.99,NA,"Primary cancer cells","Primary cancer cells"
"441","GSE215120 Melanoma","/Users/macminiye/scRNA-seq_works/Cervix_scRNA_CTCs_project_use/panCTCs/bin/panCTC_classify/V10CC/V10CC_results","Set2","Top1",1,NA,"Primary cancer cells","Primary cancer cells"
"442","GSE132465 CRC","/Users/macminiye/scRNA-seq_works/Cervix_scRNA_CTCs_project_use/panCTCs/bin/panCTC_classify/V10CC/V10CC_results","Set2","Top1",1,NA,"Primary cancer cells","Primary cancer cells"
"443","GSE148071 NSCLC","/Users/macminiye/scRNA-seq_works/Cervix_scRNA_CTCs_project_use/panCTCs/bin/panCTC_classify/V10CC/V10CC_results","Set2","Top1",1,NA,"Primary cancer cells","Primary cancer cells"
"444","GSE176031 PC","/Users/macminiye/scRNA-seq_works/Cervix_scRNA_CTCs_project_use/panCTCs/bin/panCTC_classify/V10CC/V10CC_results","Set2","Top1",1,NA,"Primary cancer cells","Primary cancer cells"
"445","GSE127465 NSCLC","/Users/macminiye/scRNA-seq_works/Cervix_scRNA_CTCs_project_use/panCTCs/bin/panCTC_classify/V10CC/V10CC_results","Set2","Top1",0.88,NA,"Primary cancer cells","Primary cancer cells"
"446","GSE176078 BC","/Users/macminiye/scRNA-seq_works/Cervix_scRNA_CTCs_project_use/panCTCs/bin/panCTC_classify/V10CC/V10CC_results","Set2","Top1",0.98,NA,"Primary cancer cells","Primary cancer cells"
"447","GSE168652 CC","/Users/macminiye/scRNA-seq_works/Cervix_scRNA_CTCs_project_use/panCTCs/bin/panCTC_classify/V10CC/V10CC_results","Set2","Top1",1,NA,"Primary cancer cells","Primary cancer cells"
"448","GSE149614 HCC","/Users/macminiye/scRNA-seq_works/Cervix_scRNA_CTCs_project_use/panCTCs/bin/panCTC_classify/V10CC/V10CC_results","Set2","Top1",0.996,NA,"Primary cancer cells","Primary cancer cells"
"449","E-MTAB-11948 CC","/Users/macminiye/scRNA-seq_works/Cervix_scRNA_CTCs_project_use/panCTCs/bin/panCTC_classify/V10CC/V10CC_results","Set2","Top1",0.994,NA,"Primary cancer cells","Primary cancer cells"
"450","GSE155698 PDAC","/Users/macminiye/scRNA-seq_works/Cervix_scRNA_CTCs_project_use/panCTCs/bin/panCTC_classify/V10CC/V10CC_results","Set2","Top1",0.97,NA,"Primary cancer cells","Primary cancer cells"
"451","GSE150825 NPC","/Users/macminiye/scRNA-seq_works/Cervix_scRNA_CTCs_project_use/panCTCs/bin/panCTC_classify/V10CC/V10CC_results","Set2","Top1",0.6,NA,"Primary cancer cells","Primary cancer cells"
"452","GSE178318 CRC","/Users/macminiye/scRNA-seq_works/Cervix_scRNA_CTCs_project_use/panCTCs/bin/panCTC_classify/V10CC/V10CC_results","Set2","Top1",1,NA,"Primary cancer cells","Primary cancer cells"
"453","GSE173682 EC","/Users/macminiye/scRNA-seq_works/Cervix_scRNA_CTCs_project_use/panCTCs/bin/panCTC_classify/V10CC/V10CC_results","Set2","Top1",1,NA,"Primary cancer cells","Primary cancer cells"
"454","GSE193337 PC","/Users/macminiye/scRNA-seq_works/Cervix_scRNA_CTCs_project_use/panCTCs/bin/panCTC_classify/V10CC/V10CC_results","Set2","Top1",0.99,NA,"Primary cancer cells","Primary cancer cells"
"455","GSE155698 PDAC","/Users/macminiye/scRNA-seq_works/Cervix_scRNA_CTCs_project_use/panCTCs/bin/panCTC_classify/V10CC/V10CC_results","Set2","Top1",1,NA,"Primary cancer cells","Primary cancer cells"
"456","GSM3946506 Melanoma","/Users/macminiye/scRNA-seq_works/Cervix_scRNA_CTCs_project_use/panCTCs/bin/panCTC_classify/V10CC/V10CC_results","Set2","Top1",1,NA,"Primary cancer cells","Primary cancer cells"
"457","E-MTAB-11948 CC","/Users/macminiye/scRNA-seq_works/Cervix_scRNA_CTCs_project_use/panCTCs/bin/panCTC_classify/V10CC/V10CC_results","Set2","Top1",1,NA,"Primary cancer cells","Primary cancer cells"
"458","OMIX001073 GC","/Users/macminiye/scRNA-seq_works/Cervix_scRNA_CTCs_project_use/panCTCs/bin/panCTC_classify/V10CC/V10CC_results","Set2","Top1",0.99,NA,"Primary cancer cells","Primary cancer cells"
"459","GSE173682 OVC","/Users/macminiye/scRNA-seq_works/Cervix_scRNA_CTCs_project_use/panCTCs/bin/panCTC_classify/V10CC/V10CC_results","Set2","Top1",1,NA,"Primary cancer cells","Primary cancer cells"
"460","GSE168652 CC","/Users/macminiye/scRNA-seq_works/Cervix_scRNA_CTCs_project_use/panCTCs/bin/panCTC_classify/V10CC/V10CC_results","Set2","Top1",1,NA,"Primary cancer cells","Primary cancer cells"
"461","GSE176078 BC","/Users/macminiye/scRNA-seq_works/Cervix_scRNA_CTCs_project_use/panCTCs/bin/panCTC_classify/V10CC/V10CC_results","Set2","Top1",1,NA,"Primary cancer cells","Primary cancer cells"
"462","GSE150825 NPC","/Users/macminiye/scRNA-seq_works/Cervix_scRNA_CTCs_project_use/panCTCs/bin/panCTC_classify/V10CC/V10CC_results","Set2","Top1",0.8,NA,"Primary cancer cells","Primary cancer cells"
"463","OMIX001073 GC","/Users/macminiye/scRNA-seq_works/Cervix_scRNA_CTCs_project_use/panCTCs/bin/panCTC_classify/V10CC/V10CC_results","Set2","Top1",0.995,NA,"Primary cancer cells","Primary cancer cells"
"464","OMIX001073 GC","/Users/macminiye/scRNA-seq_works/Cervix_scRNA_CTCs_project_use/panCTCs/bin/panCTC_classify/V10CC/V10CC_results","Set2","Top1",1,NA,"Primary cancer cells","Primary cancer cells"
"465","E-MTAB-11948 CC","/Users/macminiye/scRNA-seq_works/Cervix_scRNA_CTCs_project_use/panCTCs/bin/panCTC_classify/V10CC/V10CC_results","Set2","Top1",1,NA,"Primary cancer cells","Primary cancer cells"
"466","GSE162025 NPC","/Users/macminiye/scRNA-seq_works/Cervix_scRNA_CTCs_project_use/panCTCs/bin/panCTC_classify/V10CC/V10CC_results","Set2","Top1",1,NA,"Primary cancer cells","Primary cancer cells"
"467","GSE176078 BC","/Users/macminiye/scRNA-seq_works/Cervix_scRNA_CTCs_project_use/panCTCs/bin/panCTC_classify/V10CC/V10CC_results","Set2","Top1",1,NA,"Primary cancer cells","Primary cancer cells"
"468","GSE155698 PDAC","/Users/macminiye/scRNA-seq_works/Cervix_scRNA_CTCs_project_use/panCTCs/bin/panCTC_classify/V10CC/V10CC_results","Set2","Top1",1,NA,"Primary cancer cells","Primary cancer cells"
"469","GSE149614 HCC","/Users/macminiye/scRNA-seq_works/Cervix_scRNA_CTCs_project_use/panCTCs/bin/panCTC_classify/V10CC/V10CC_results","Set2","Top1",1,NA,"Primary cancer cells","Primary cancer cells"
"470","E-MTAB-11948 CC","/Users/macminiye/scRNA-seq_works/Cervix_scRNA_CTCs_project_use/panCTCs/bin/panCTC_classify/V10CC/V10CC_results","Set2","Top1",1,NA,"Primary cancer cells","Primary cancer cells"
"471","GSE178318 CRC","/Users/macminiye/scRNA-seq_works/Cervix_scRNA_CTCs_project_use/panCTCs/bin/panCTC_classify/V10CC/V10CC_results","Set2","Top1",1,NA,"Primary cancer cells","Primary cancer cells"
"472","GSE176078 BC","/Users/macminiye/scRNA-seq_works/Cervix_scRNA_CTCs_project_use/panCTCs/bin/panCTC_classify/V10CC/V10CC_results","Set2","Top1",0.99,NA,"Primary cancer cells","Primary cancer cells"
"473","GSM3946506 Melanoma","/Users/macminiye/scRNA-seq_works/Cervix_scRNA_CTCs_project_use/panCTCs/bin/panCTC_classify/V10CC/V10CC_results","Set2","Top1",1,NA,"Primary cancer cells","Primary cancer cells"
"474","GSE155698 PDAC","/Users/macminiye/scRNA-seq_works/Cervix_scRNA_CTCs_project_use/panCTCs/bin/panCTC_classify/V10CC/V10CC_results","Set2","Top1",0.98,NA,"Primary cancer cells","Primary cancer cells"
"475","GSE215120 Melanoma","/Users/macminiye/scRNA-seq_works/Cervix_scRNA_CTCs_project_use/panCTCs/bin/panCTC_classify/V10CC/V10CC_results","Set2","Top1",1,NA,"Primary cancer cells","Primary cancer cells"
"476","GSE149614 HCC","/Users/macminiye/scRNA-seq_works/Cervix_scRNA_CTCs_project_use/panCTCs/bin/panCTC_classify/V10CC/V10CC_results","Set2","Top1",0.98,NA,"Primary cancer cells","Primary cancer cells"
"477","GSE127465 NSCLC","/Users/macminiye/scRNA-seq_works/Cervix_scRNA_CTCs_project_use/panCTCs/bin/panCTC_classify/V10CC/V10CC_results","Set2","Top1",0.895,NA,"Primary cancer cells","Primary cancer cells"
"478","GSE127465 NSCLC","/Users/macminiye/scRNA-seq_works/Cervix_scRNA_CTCs_project_use/panCTCs/bin/panCTC_classify/V10CC/V10CC_results","Set2","Top1",1,NA,"Primary cancer cells","Primary cancer cells"
"479","GSE176031 PC","/Users/macminiye/scRNA-seq_works/Cervix_scRNA_CTCs_project_use/panCTCs/bin/panCTC_classify/V10CC/V10CC_results","Set2","Top1",1,NA,"Primary cancer cells","Primary cancer cells"
"480","GSE148071 NSCLC","/Users/macminiye/scRNA-seq_works/Cervix_scRNA_CTCs_project_use/panCTCs/bin/panCTC_classify/V10CC/V10CC_results","Set2","Top1",1,NA,"Primary cancer cells","Primary cancer cells"
"481","GSE193337 PC","/Users/macminiye/scRNA-seq_works/Cervix_scRNA_CTCs_project_use/panCTCs/bin/panCTC_classify/V10CC/V10CC_results","Set2","Top1",1,NA,"Primary cancer cells","Primary cancer cells"
"482","OMIX001073 GC","/Users/macminiye/scRNA-seq_works/Cervix_scRNA_CTCs_project_use/panCTCs/bin/panCTC_classify/V10CC/V10CC_results","Set2","Top1",1,NA,"Primary cancer cells","Primary cancer cells"
"483","GSE173682 EC","/Users/macminiye/scRNA-seq_works/Cervix_scRNA_CTCs_project_use/panCTCs/bin/panCTC_classify/V10CC/V10CC_results","Set2","Top1",1,NA,"Primary cancer cells","Primary cancer cells"
"484","GSE193337 PC","/Users/macminiye/scRNA-seq_works/Cervix_scRNA_CTCs_project_use/panCTCs/bin/panCTC_classify/V10CC/V10CC_results","Set2","Top1",0.99,NA,"Primary cancer cells","Primary cancer cells"
"485","GSE168652 CC","/Users/macminiye/scRNA-seq_works/Cervix_scRNA_CTCs_project_use/panCTCs/bin/panCTC_classify/V10CC/V10CC_results","Set2","Top1",1,NA,"Primary cancer cells","Primary cancer cells"
"486","E-MTAB-11948 CC","/Users/macminiye/scRNA-seq_works/Cervix_scRNA_CTCs_project_use/panCTCs/bin/panCTC_classify/V10CC/V10CC_results","Set2","Top1",1,NA,"Primary cancer cells","Primary cancer cells"
"487","GSM3946506 Melanoma","/Users/macminiye/scRNA-seq_works/Cervix_scRNA_CTCs_project_use/panCTCs/bin/panCTC_classify/V10CC/V10CC_results","Set2","Top1",1,NA,"Primary cancer cells","Primary cancer cells"
"488","GSE132465 CRC","/Users/macminiye/scRNA-seq_works/Cervix_scRNA_CTCs_project_use/panCTCs/bin/panCTC_classify/V10CC/V10CC_results","Set2","Top1",0.98,NA,"Primary cancer cells","Primary cancer cells"
"489","GSE215120 Melanoma","/Users/macminiye/scRNA-seq_works/Cervix_scRNA_CTCs_project_use/panCTCs/bin/panCTC_classify/V10CC/V10CC_results","Set2","Top1",1,NA,"Primary cancer cells","Primary cancer cells"
"490","GSE193337 PC","/Users/macminiye/scRNA-seq_works/Cervix_scRNA_CTCs_project_use/panCTCs/bin/panCTC_classify/V10CC/V10CC_results","Set2","Top1",1,NA,"Primary cancer cells","Primary cancer cells"
"491","GSE150430 NPC","/Users/macminiye/scRNA-seq_works/Cervix_scRNA_CTCs_project_use/panCTCs/bin/panCTC_classify/V10CC/V10CC_results","Set2","Top1",1,NA,"Primary cancer cells","Primary cancer cells"
"492","GSE215120 Melanoma","/Users/macminiye/scRNA-seq_works/Cervix_scRNA_CTCs_project_use/panCTCs/bin/panCTC_classify/V10CC/V10CC_results","Set2","Top1",1,NA,"Primary cancer cells","Primary cancer cells"
"493","GSE162025 NPC","/Users/macminiye/scRNA-seq_works/Cervix_scRNA_CTCs_project_use/panCTCs/bin/panCTC_classify/V10CC/V10CC_results","Set2","Top1",1,NA,"Primary cancer cells","Primary cancer cells"
"494","GSE178318 CRC","/Users/macminiye/scRNA-seq_works/Cervix_scRNA_CTCs_project_use/panCTCs/bin/panCTC_classify/V10CC/V10CC_results","Set2","Top1",1,NA,"Primary cancer cells","Primary cancer cells"
"495","GSE173682 OVC","/Users/macminiye/scRNA-seq_works/Cervix_scRNA_CTCs_project_use/panCTCs/bin/panCTC_classify/V10CC/V10CC_results","Set2","Top1",1,NA,"Primary cancer cells","Primary cancer cells"
"496","GSE132465 CRC","/Users/macminiye/scRNA-seq_works/Cervix_scRNA_CTCs_project_use/panCTCs/bin/panCTC_classify/V10CC/V10CC_results","Set2","Top1",0.98,NA,"Primary cancer cells","Primary cancer cells"
"497","GSE176031 PC","/Users/macminiye/scRNA-seq_works/Cervix_scRNA_CTCs_project_use/panCTCs/bin/panCTC_classify/V10CC/V10CC_results","Set2","Top1",1,NA,"Primary cancer cells","Primary cancer cells"
"498","GSE148071 NSCLC","/Users/macminiye/scRNA-seq_works/Cervix_scRNA_CTCs_project_use/panCTCs/bin/panCTC_classify/V10CC/V10CC_results","Set2","Top1",1,NA,"Primary cancer cells","Primary cancer cells"
"499","GSE127465 NSCLC","/Users/macminiye/scRNA-seq_works/Cervix_scRNA_CTCs_project_use/panCTCs/bin/panCTC_classify/V10CC/V10CC_results","Set2","Top1",0.9,NA,"Primary cancer cells","Primary cancer cells"
"500","GSE162025 NPC","/Users/macminiye/scRNA-seq_works/Cervix_scRNA_CTCs_project_use/panCTCs/bin/panCTC_classify/V10CC/V10CC_results","Set2","Top1",0.95,NA,"Primary cancer cells","Primary cancer cells"
"501","GSE132465 CRC","/Users/macminiye/scRNA-seq_works/Cervix_scRNA_CTCs_project_use/panCTCs/bin/panCTC_classify/V10CC/V10CC_results","Set2","Top1",0.988,NA,"Primary cancer cells","Primary cancer cells"
"502","GSE155698 PDAC","/Users/macminiye/scRNA-seq_works/Cervix_scRNA_CTCs_project_use/panCTCs/bin/panCTC_classify/V10CC/V10CC_results","Set2","Top1",0.9,NA,"Primary cancer cells","Primary cancer cells"
"503","GSE173682 OVC","/Users/macminiye/scRNA-seq_works/Cervix_scRNA_CTCs_project_use/panCTCs/bin/panCTC_classify/V10CC/V10CC_results","Set2","Top1",0.994,NA,"Primary cancer cells","Primary cancer cells"
"504","GSE173682 EC","/Users/macminiye/scRNA-seq_works/Cervix_scRNA_CTCs_project_use/panCTCs/bin/panCTC_classify/V10CC/V10CC_results","Set2","Top1",1,NA,"Primary cancer cells","Primary cancer cells"
"505","GSE193337 PC","/Users/macminiye/scRNA-seq_works/Cervix_scRNA_CTCs_project_use/panCTCs/bin/panCTC_classify/V10CC/V10CC_results","Set2","Top1",1,NA,"Primary cancer cells","Primary cancer cells"
"506","GSE149614 HCC","/Users/macminiye/scRNA-seq_works/Cervix_scRNA_CTCs_project_use/panCTCs/bin/panCTC_classify/V10CC/V10CC_results","Set2","Top1",1,NA,"Primary cancer cells","Primary cancer cells"
"507","GSE173682 OVC","/Users/macminiye/scRNA-seq_works/Cervix_scRNA_CTCs_project_use/panCTCs/bin/panCTC_classify/V10CC/V10CC_results","Set2","Top1",1,NA,"Primary cancer cells","Primary cancer cells"
"508","GSE173682 OVC","/Users/macminiye/scRNA-seq_works/Cervix_scRNA_CTCs_project_use/panCTCs/bin/panCTC_classify/V10CC/V10CC_results","Set2","Top1",1,NA,"Primary cancer cells","Primary cancer cells"
"509","GSE178318 CRC","/Users/macminiye/scRNA-seq_works/Cervix_scRNA_CTCs_project_use/panCTCs/bin/panCTC_classify/V10CC/V10CC_results","Set2","Top1",0.99,NA,"Primary cancer cells","Primary cancer cells"
"510","GSE150430 NPC","/Users/macminiye/scRNA-seq_works/Cervix_scRNA_CTCs_project_use/panCTCs/bin/panCTC_classify/V10CC/V10CC_results","Set2","Top1",1,NA,"Primary cancer cells","Primary cancer cells"
"511","GSE215120 Melanoma","/Users/macminiye/scRNA-seq_works/Cervix_scRNA_CTCs_project_use/panCTCs/bin/panCTC_classify/V10CC/V10CC_results","Set2","Top1",0.996,NA,"Primary cancer cells","Primary cancer cells"
"512","GSE176078 BC","/Users/macminiye/scRNA-seq_works/Cervix_scRNA_CTCs_project_use/panCTCs/bin/panCTC_classify/V10CC/V10CC_results","Set2","Top1",1,NA,"Primary cancer cells","Primary cancer cells"
"513","GSE168652 CC","/Users/macminiye/scRNA-seq_works/Cervix_scRNA_CTCs_project_use/panCTCs/bin/panCTC_classify/V10CC/V10CC_results","Set2","Top1",1,NA,"Primary cancer cells","Primary cancer cells"
"514","GSE150825 NPC","/Users/macminiye/scRNA-seq_works/Cervix_scRNA_CTCs_project_use/panCTCs/bin/panCTC_classify/V10CC/V10CC_results","Set2","Top1",0.8,NA,"Primary cancer cells","Primary cancer cells"
"515","GSE173682 EC","/Users/macminiye/scRNA-seq_works/Cervix_scRNA_CTCs_project_use/panCTCs/bin/panCTC_classify/V10CC/V10CC_results","Set2","Top1",1,NA,"Primary cancer cells","Primary cancer cells"
"516","GSE178318 CRC","/Users/macminiye/scRNA-seq_works/Cervix_scRNA_CTCs_project_use/panCTCs/bin/panCTC_classify/V10CC/V10CC_results","Set2","Top1",1,NA,"Primary cancer cells","Primary cancer cells"
"517","GSE176031 PC","/Users/macminiye/scRNA-seq_works/Cervix_scRNA_CTCs_project_use/panCTCs/bin/panCTC_classify/V10CC/V10CC_results","Set2","Top1",1,NA,"Primary cancer cells","Primary cancer cells"
"518","GSE173682 EC","/Users/macminiye/scRNA-seq_works/Cervix_scRNA_CTCs_project_use/panCTCs/bin/panCTC_classify/V10CC/V10CC_results","Set2","Top1",1,NA,"Primary cancer cells","Primary cancer cells"
"519","GSE178318 CRC","/Users/macminiye/scRNA-seq_works/Cervix_scRNA_CTCs_project_use/panCTCs/bin/panCTC_classify/V10CC/V10CC_results","Set2","Top1",0.988,NA,"Primary cancer cells","Primary cancer cells"
"520","GSE150430 NPC","/Users/macminiye/scRNA-seq_works/Cervix_scRNA_CTCs_project_use/panCTCs/bin/panCTC_classify/V10CC/V10CC_results","Set2","Top1",1,NA,"Primary cancer cells","Primary cancer cells"
"521","GSE215120 Melanoma","/Users/macminiye/scRNA-seq_works/Cervix_scRNA_CTCs_project_use/panCTCs/bin/panCTC_classify/V10CC/V10CC_results","Set2","Top1",1,NA,"Primary cancer cells","Primary cancer cells"
"522","GSE162025 NPC","/Users/macminiye/scRNA-seq_works/Cervix_scRNA_CTCs_project_use/panCTCs/bin/panCTC_classify/V10CC/V10CC_results","Set2","Top1",0.96,NA,"Primary cancer cells","Primary cancer cells"
"523","GSM3946506 Melanoma","/Users/macminiye/scRNA-seq_works/Cervix_scRNA_CTCs_project_use/panCTCs/bin/panCTC_classify/V10CC/V10CC_results","Set2","Top1",1,NA,"Primary cancer cells","Primary cancer cells"
"524","E-MTAB-11948 CC","/Users/macminiye/scRNA-seq_works/Cervix_scRNA_CTCs_project_use/panCTCs/bin/panCTC_classify/V10CC/V10CC_results","Set2","Top1",1,NA,"Primary cancer cells","Primary cancer cells"
"525","GSE150430 NPC","/Users/macminiye/scRNA-seq_works/Cervix_scRNA_CTCs_project_use/panCTCs/bin/panCTC_classify/V10CC/V10CC_results","Set2","Top1",1,NA,"Primary cancer cells","Primary cancer cells"
"526","GSE148071 NSCLC","/Users/macminiye/scRNA-seq_works/Cervix_scRNA_CTCs_project_use/panCTCs/bin/panCTC_classify/V10CC/V10CC_results","Set2","Top1",1,NA,"Primary cancer cells","Primary cancer cells"
"527","GSE173682 EC","/Users/macminiye/scRNA-seq_works/Cervix_scRNA_CTCs_project_use/panCTCs/bin/panCTC_classify/V10CC/V10CC_results","Set2","Top1",0.998,NA,"Primary cancer cells","Primary cancer cells"
"528","GSE150825 NPC","/Users/macminiye/scRNA-seq_works/Cervix_scRNA_CTCs_project_use/panCTCs/bin/panCTC_classify/V10CC/V10CC_results","Set2","Top1",0.88,NA,"Primary cancer cells","Primary cancer cells"
"529","GSE148071 NSCLC","/Users/macminiye/scRNA-seq_works/Cervix_scRNA_CTCs_project_use/panCTCs/bin/panCTC_classify/V10CC/V10CC_results","Set2","Top1",1,NA,"Primary cancer cells","Primary cancer cells"
"530","GSE132465 CRC","/Users/macminiye/scRNA-seq_works/Cervix_scRNA_CTCs_project_use/panCTCs/bin/panCTC_classify/V10CC/V10CC_results","Set2","Top1",0.99,NA,"Primary cancer cells","Primary cancer cells"
"531","GSE168652 CC","/Users/macminiye/scRNA-seq_works/Cervix_scRNA_CTCs_project_use/panCTCs/bin/panCTC_classify/V10CC/V10CC_results","Set2","Top1",1,NA,"Primary cancer cells","Primary cancer cells"
"532","GSE173682 OVC","/Users/macminiye/scRNA-seq_works/Cervix_scRNA_CTCs_project_use/panCTCs/bin/panCTC_classify/V10CC/V10CC_results","Set2","Top1",0.99,NA,"Primary cancer cells","Primary cancer cells"
"533","GSE176031 PC","/Users/macminiye/scRNA-seq_works/Cervix_scRNA_CTCs_project_use/panCTCs/bin/panCTC_classify/V10CC/V10CC_results","Set2","Top1",1,NA,"Primary cancer cells","Primary cancer cells"
"534","GSE173682 OVC","/Users/macminiye/scRNA-seq_works/Cervix_scRNA_CTCs_project_use/panCTCs/bin/panCTC_classify/V10CC/V10CC_results","Set2","Top1",1,NA,"Primary cancer cells","Primary cancer cells"
"535","GSE127465 NSCLC","/Users/macminiye/scRNA-seq_works/Cervix_scRNA_CTCs_project_use/panCTCs/bin/panCTC_classify/V10CC/V10CC_results","Set2","Top1",1,NA,"Primary cancer cells","Primary cancer cells"
"536","GSE168652 CC","/Users/macminiye/scRNA-seq_works/Cervix_scRNA_CTCs_project_use/panCTCs/bin/panCTC_classify/V10CC/V10CC_results","Set2","Top1",1,NA,"Primary cancer cells","Primary cancer cells"
"537","GSE162025 NPC","/Users/macminiye/scRNA-seq_works/Cervix_scRNA_CTCs_project_use/panCTCs/bin/panCTC_classify/V10CC/V10CC_results","Set2","Top1",0.97,NA,"Primary cancer cells","Primary cancer cells"
"538","GSE150430 NPC","/Users/macminiye/scRNA-seq_works/Cervix_scRNA_CTCs_project_use/panCTCs/bin/panCTC_classify/V10CC/V10CC_results","Set2","Top1",1,NA,"Primary cancer cells","Primary cancer cells"
"539","OMIX001073 GC","/Users/macminiye/scRNA-seq_works/Cervix_scRNA_CTCs_project_use/panCTCs/bin/panCTC_classify/V10CC/V10CC_results","Set2","Top1",1,NA,"Primary cancer cells","Primary cancer cells"
"540","GSE193337 PC","/Users/macminiye/scRNA-seq_works/Cervix_scRNA_CTCs_project_use/panCTCs/bin/panCTC_classify/V10CC/V10CC_results","Set2","Top1",0.96,NA,"Primary cancer cells","Primary cancer cells"
"541","GSE215120 Melanoma","/Users/macminiye/scRNA-seq_works/Cervix_scRNA_CTCs_project_use/panCTCs/bin/panCTC_classify/V10CC/V10CC_results","Set2","Top1",1,NA,"Primary cancer cells","Primary cancer cells"
"542","GSE132465 CRC","/Users/macminiye/scRNA-seq_works/Cervix_scRNA_CTCs_project_use/panCTCs/bin/panCTC_classify/V10CC/V10CC_results","Set2","Top1",1,NA,"Primary cancer cells","Primary cancer cells"
"543","GSE148071 NSCLC","/Users/macminiye/scRNA-seq_works/Cervix_scRNA_CTCs_project_use/panCTCs/bin/panCTC_classify/V10CC/V10CC_results","Set2","Top1",1,NA,"Primary cancer cells","Primary cancer cells"
"544","GSE148071 NSCLC","/Users/macminiye/scRNA-seq_works/Cervix_scRNA_CTCs_project_use/panCTCs/bin/panCTC_classify/V10CC/V10CC_results","Set2","Top1",0.996,NA,"Primary cancer cells","Primary cancer cells"
"545","GSE176031 PC","/Users/macminiye/scRNA-seq_works/Cervix_scRNA_CTCs_project_use/panCTCs/bin/panCTC_classify/V10CC/V10CC_results","Set2","Top1",1,NA,"Primary cancer cells","Primary cancer cells"
"546","GSE155698 PDAC","/Users/macminiye/scRNA-seq_works/Cervix_scRNA_CTCs_project_use/panCTCs/bin/panCTC_classify/V10CC/V10CC_results","Set2","Top1",1,NA,"Primary cancer cells","Primary cancer cells"
"547","GSE168652 CC","/Users/macminiye/scRNA-seq_works/Cervix_scRNA_CTCs_project_use/panCTCs/bin/panCTC_classify/V10CC/V10CC_results","Set2","Top1",1,NA,"Primary cancer cells","Primary cancer cells"
"548","GSE127465 NSCLC","/Users/macminiye/scRNA-seq_works/Cervix_scRNA_CTCs_project_use/panCTCs/bin/panCTC_classify/V10CC/V10CC_results","Set2","Top1",0.92,NA,"Primary cancer cells","Primary cancer cells"
"549","GSE173682 EC","/Users/macminiye/scRNA-seq_works/Cervix_scRNA_CTCs_project_use/panCTCs/bin/panCTC_classify/V10CC/V10CC_results","Set2","Top1",1,NA,"Primary cancer cells","Primary cancer cells"
"550","GSE149614 HCC","/Users/macminiye/scRNA-seq_works/Cervix_scRNA_CTCs_project_use/panCTCs/bin/panCTC_classify/V10CC/V10CC_results","Set2","Top1",1,NA,"Primary cancer cells","Primary cancer cells"
"551","GSM3946506 Melanoma","/Users/macminiye/scRNA-seq_works/Cervix_scRNA_CTCs_project_use/panCTCs/bin/panCTC_classify/V10CC/V10CC_results","Set2","Top1",1,NA,"Primary cancer cells","Primary cancer cells"
"552","GSE178318 CRC","/Users/macminiye/scRNA-seq_works/Cervix_scRNA_CTCs_project_use/panCTCs/bin/panCTC_classify/V10CC/V10CC_results","Set2","Top1",1,NA,"Primary cancer cells","Primary cancer cells"
"553","GSE150430 NPC","/Users/macminiye/scRNA-seq_works/Cervix_scRNA_CTCs_project_use/panCTCs/bin/panCTC_classify/V10CC/V10CC_results","Set2","Top1",1,NA,"Primary cancer cells","Primary cancer cells"
"554","GSE132465 CRC","/Users/macminiye/scRNA-seq_works/Cervix_scRNA_CTCs_project_use/panCTCs/bin/panCTC_classify/V10CC/V10CC_results","Set2","Top2",1,NA,"Primary cancer cells","Primary cancer cells"
"555","GSE149614 HCC","/Users/macminiye/scRNA-seq_works/Cervix_scRNA_CTCs_project_use/panCTCs/bin/panCTC_classify/V10CC/V10CC_results","Set2","Top2",1,NA,"Primary cancer cells","Primary cancer cells"
"556","OMIX001073 GC","/Users/macminiye/scRNA-seq_works/Cervix_scRNA_CTCs_project_use/panCTCs/bin/panCTC_classify/V10CC/V10CC_results","Set2","Top2",1,NA,"Primary cancer cells","Primary cancer cells"
"557","GSE176078 BC","/Users/macminiye/scRNA-seq_works/Cervix_scRNA_CTCs_project_use/panCTCs/bin/panCTC_classify/V10CC/V10CC_results","Set2","Top2",1,NA,"Primary cancer cells","Primary cancer cells"
"558","GSM3946506 Melanoma","/Users/macminiye/scRNA-seq_works/Cervix_scRNA_CTCs_project_use/panCTCs/bin/panCTC_classify/V10CC/V10CC_results","Set2","Top2",1,NA,"Primary cancer cells","Primary cancer cells"
"559","GSE176078 BC","/Users/macminiye/scRNA-seq_works/Cervix_scRNA_CTCs_project_use/panCTCs/bin/panCTC_classify/V10CC/V10CC_results","Set2","Top2",1,NA,"Primary cancer cells","Primary cancer cells"
"560","OMIX001073 GC","/Users/macminiye/scRNA-seq_works/Cervix_scRNA_CTCs_project_use/panCTCs/bin/panCTC_classify/V10CC/V10CC_results","Set2","Top2",1,NA,"Primary cancer cells","Primary cancer cells"
"561","GSE150430 NPC","/Users/macminiye/scRNA-seq_works/Cervix_scRNA_CTCs_project_use/panCTCs/bin/panCTC_classify/V10CC/V10CC_results","Set2","Top2",1,NA,"Primary cancer cells","Primary cancer cells"
"562","GSE155698 PDAC","/Users/macminiye/scRNA-seq_works/Cervix_scRNA_CTCs_project_use/panCTCs/bin/panCTC_classify/V10CC/V10CC_results","Set2","Top2",0.99,NA,"Primary cancer cells","Primary cancer cells"
"563","E-MTAB-11948 CC","/Users/macminiye/scRNA-seq_works/Cervix_scRNA_CTCs_project_use/panCTCs/bin/panCTC_classify/V10CC/V10CC_results","Set2","Top2",1,NA,"Primary cancer cells","Primary cancer cells"
"564","GSE149614 HCC","/Users/macminiye/scRNA-seq_works/Cervix_scRNA_CTCs_project_use/panCTCs/bin/panCTC_classify/V10CC/V10CC_results","Set2","Top2",1,NA,"Primary cancer cells","Primary cancer cells"
"565","GSE215120 Melanoma","/Users/macminiye/scRNA-seq_works/Cervix_scRNA_CTCs_project_use/panCTCs/bin/panCTC_classify/V10CC/V10CC_results","Set2","Top2",1,NA,"Primary cancer cells","Primary cancer cells"
"566","GSE132465 CRC","/Users/macminiye/scRNA-seq_works/Cervix_scRNA_CTCs_project_use/panCTCs/bin/panCTC_classify/V10CC/V10CC_results","Set2","Top2",1,NA,"Primary cancer cells","Primary cancer cells"
"567","GSE148071 NSCLC","/Users/macminiye/scRNA-seq_works/Cervix_scRNA_CTCs_project_use/panCTCs/bin/panCTC_classify/V10CC/V10CC_results","Set2","Top2",1,NA,"Primary cancer cells","Primary cancer cells"
"568","GSE176031 PC","/Users/macminiye/scRNA-seq_works/Cervix_scRNA_CTCs_project_use/panCTCs/bin/panCTC_classify/V10CC/V10CC_results","Set2","Top2",1,NA,"Primary cancer cells","Primary cancer cells"
"569","GSE127465 NSCLC","/Users/macminiye/scRNA-seq_works/Cervix_scRNA_CTCs_project_use/panCTCs/bin/panCTC_classify/V10CC/V10CC_results","Set2","Top2",0.96,NA,"Primary cancer cells","Primary cancer cells"
"570","GSE176078 BC","/Users/macminiye/scRNA-seq_works/Cervix_scRNA_CTCs_project_use/panCTCs/bin/panCTC_classify/V10CC/V10CC_results","Set2","Top2",1,NA,"Primary cancer cells","Primary cancer cells"
"571","GSE168652 CC","/Users/macminiye/scRNA-seq_works/Cervix_scRNA_CTCs_project_use/panCTCs/bin/panCTC_classify/V10CC/V10CC_results","Set2","Top2",1,NA,"Primary cancer cells","Primary cancer cells"
"572","GSE149614 HCC","/Users/macminiye/scRNA-seq_works/Cervix_scRNA_CTCs_project_use/panCTCs/bin/panCTC_classify/V10CC/V10CC_results","Set2","Top2",0.998,NA,"Primary cancer cells","Primary cancer cells"
"573","E-MTAB-11948 CC","/Users/macminiye/scRNA-seq_works/Cervix_scRNA_CTCs_project_use/panCTCs/bin/panCTC_classify/V10CC/V10CC_results","Set2","Top2",0.998,NA,"Primary cancer cells","Primary cancer cells"
"574","GSE155698 PDAC","/Users/macminiye/scRNA-seq_works/Cervix_scRNA_CTCs_project_use/panCTCs/bin/panCTC_classify/V10CC/V10CC_results","Set2","Top2",0.99,NA,"Primary cancer cells","Primary cancer cells"
"575","GSE150825 NPC","/Users/macminiye/scRNA-seq_works/Cervix_scRNA_CTCs_project_use/panCTCs/bin/panCTC_classify/V10CC/V10CC_results","Set2","Top2",1,NA,"Primary cancer cells","Primary cancer cells"
"576","GSE178318 CRC","/Users/macminiye/scRNA-seq_works/Cervix_scRNA_CTCs_project_use/panCTCs/bin/panCTC_classify/V10CC/V10CC_results","Set2","Top2",1,NA,"Primary cancer cells","Primary cancer cells"
"577","GSE173682 EC","/Users/macminiye/scRNA-seq_works/Cervix_scRNA_CTCs_project_use/panCTCs/bin/panCTC_classify/V10CC/V10CC_results","Set2","Top2",1,NA,"Primary cancer cells","Primary cancer cells"
"578","GSE193337 PC","/Users/macminiye/scRNA-seq_works/Cervix_scRNA_CTCs_project_use/panCTCs/bin/panCTC_classify/V10CC/V10CC_results","Set2","Top2",1,NA,"Primary cancer cells","Primary cancer cells"
"579","GSE155698 PDAC","/Users/macminiye/scRNA-seq_works/Cervix_scRNA_CTCs_project_use/panCTCs/bin/panCTC_classify/V10CC/V10CC_results","Set2","Top2",1,NA,"Primary cancer cells","Primary cancer cells"
"580","GSM3946506 Melanoma","/Users/macminiye/scRNA-seq_works/Cervix_scRNA_CTCs_project_use/panCTCs/bin/panCTC_classify/V10CC/V10CC_results","Set2","Top2",1,NA,"Primary cancer cells","Primary cancer cells"
"581","E-MTAB-11948 CC","/Users/macminiye/scRNA-seq_works/Cervix_scRNA_CTCs_project_use/panCTCs/bin/panCTC_classify/V10CC/V10CC_results","Set2","Top2",1,NA,"Primary cancer cells","Primary cancer cells"
"582","OMIX001073 GC","/Users/macminiye/scRNA-seq_works/Cervix_scRNA_CTCs_project_use/panCTCs/bin/panCTC_classify/V10CC/V10CC_results","Set2","Top2",0.996,NA,"Primary cancer cells","Primary cancer cells"
"583","GSE173682 OVC","/Users/macminiye/scRNA-seq_works/Cervix_scRNA_CTCs_project_use/panCTCs/bin/panCTC_classify/V10CC/V10CC_results","Set2","Top2",1,NA,"Primary cancer cells","Primary cancer cells"
"584","GSE168652 CC","/Users/macminiye/scRNA-seq_works/Cervix_scRNA_CTCs_project_use/panCTCs/bin/panCTC_classify/V10CC/V10CC_results","Set2","Top2",1,NA,"Primary cancer cells","Primary cancer cells"
"585","GSE176078 BC","/Users/macminiye/scRNA-seq_works/Cervix_scRNA_CTCs_project_use/panCTCs/bin/panCTC_classify/V10CC/V10CC_results","Set2","Top2",1,NA,"Primary cancer cells","Primary cancer cells"
"586","GSE150825 NPC","/Users/macminiye/scRNA-seq_works/Cervix_scRNA_CTCs_project_use/panCTCs/bin/panCTC_classify/V10CC/V10CC_results","Set2","Top2",0.9,NA,"Primary cancer cells","Primary cancer cells"
"587","OMIX001073 GC","/Users/macminiye/scRNA-seq_works/Cervix_scRNA_CTCs_project_use/panCTCs/bin/panCTC_classify/V10CC/V10CC_results","Set2","Top2",1,NA,"Primary cancer cells","Primary cancer cells"
"588","OMIX001073 GC","/Users/macminiye/scRNA-seq_works/Cervix_scRNA_CTCs_project_use/panCTCs/bin/panCTC_classify/V10CC/V10CC_results","Set2","Top2",1,NA,"Primary cancer cells","Primary cancer cells"
"589","E-MTAB-11948 CC","/Users/macminiye/scRNA-seq_works/Cervix_scRNA_CTCs_project_use/panCTCs/bin/panCTC_classify/V10CC/V10CC_results","Set2","Top2",1,NA,"Primary cancer cells","Primary cancer cells"
"590","GSE162025 NPC","/Users/macminiye/scRNA-seq_works/Cervix_scRNA_CTCs_project_use/panCTCs/bin/panCTC_classify/V10CC/V10CC_results","Set2","Top2",1,NA,"Primary cancer cells","Primary cancer cells"
"591","GSE176078 BC","/Users/macminiye/scRNA-seq_works/Cervix_scRNA_CTCs_project_use/panCTCs/bin/panCTC_classify/V10CC/V10CC_results","Set2","Top2",1,NA,"Primary cancer cells","Primary cancer cells"
"592","GSE155698 PDAC","/Users/macminiye/scRNA-seq_works/Cervix_scRNA_CTCs_project_use/panCTCs/bin/panCTC_classify/V10CC/V10CC_results","Set2","Top2",1,NA,"Primary cancer cells","Primary cancer cells"
"593","GSE149614 HCC","/Users/macminiye/scRNA-seq_works/Cervix_scRNA_CTCs_project_use/panCTCs/bin/panCTC_classify/V10CC/V10CC_results","Set2","Top2",1,NA,"Primary cancer cells","Primary cancer cells"
"594","E-MTAB-11948 CC","/Users/macminiye/scRNA-seq_works/Cervix_scRNA_CTCs_project_use/panCTCs/bin/panCTC_classify/V10CC/V10CC_results","Set2","Top2",1,NA,"Primary cancer cells","Primary cancer cells"
"595","GSE178318 CRC","/Users/macminiye/scRNA-seq_works/Cervix_scRNA_CTCs_project_use/panCTCs/bin/panCTC_classify/V10CC/V10CC_results","Set2","Top2",1,NA,"Primary cancer cells","Primary cancer cells"
"596","GSE176078 BC","/Users/macminiye/scRNA-seq_works/Cervix_scRNA_CTCs_project_use/panCTCs/bin/panCTC_classify/V10CC/V10CC_results","Set2","Top2",0.998,NA,"Primary cancer cells","Primary cancer cells"
"597","GSM3946506 Melanoma","/Users/macminiye/scRNA-seq_works/Cervix_scRNA_CTCs_project_use/panCTCs/bin/panCTC_classify/V10CC/V10CC_results","Set2","Top2",1,NA,"Primary cancer cells","Primary cancer cells"
"598","GSE155698 PDAC","/Users/macminiye/scRNA-seq_works/Cervix_scRNA_CTCs_project_use/panCTCs/bin/panCTC_classify/V10CC/V10CC_results","Set2","Top2",0.995,NA,"Primary cancer cells","Primary cancer cells"
"599","GSE215120 Melanoma","/Users/macminiye/scRNA-seq_works/Cervix_scRNA_CTCs_project_use/panCTCs/bin/panCTC_classify/V10CC/V10CC_results","Set2","Top2",1,NA,"Primary cancer cells","Primary cancer cells"
"600","GSE149614 HCC","/Users/macminiye/scRNA-seq_works/Cervix_scRNA_CTCs_project_use/panCTCs/bin/panCTC_classify/V10CC/V10CC_results","Set2","Top2",0.98,NA,"Primary cancer cells","Primary cancer cells"
"601","GSE127465 NSCLC","/Users/macminiye/scRNA-seq_works/Cervix_scRNA_CTCs_project_use/panCTCs/bin/panCTC_classify/V10CC/V10CC_results","Set2","Top2",0.965,NA,"Primary cancer cells","Primary cancer cells"
"602","GSE127465 NSCLC","/Users/macminiye/scRNA-seq_works/Cervix_scRNA_CTCs_project_use/panCTCs/bin/panCTC_classify/V10CC/V10CC_results","Set2","Top2",1,NA,"Primary cancer cells","Primary cancer cells"
"603","GSE176031 PC","/Users/macminiye/scRNA-seq_works/Cervix_scRNA_CTCs_project_use/panCTCs/bin/panCTC_classify/V10CC/V10CC_results","Set2","Top2",1,NA,"Primary cancer cells","Primary cancer cells"
"604","GSE148071 NSCLC","/Users/macminiye/scRNA-seq_works/Cervix_scRNA_CTCs_project_use/panCTCs/bin/panCTC_classify/V10CC/V10CC_results","Set2","Top2",1,NA,"Primary cancer cells","Primary cancer cells"
"605","GSE193337 PC","/Users/macminiye/scRNA-seq_works/Cervix_scRNA_CTCs_project_use/panCTCs/bin/panCTC_classify/V10CC/V10CC_results","Set2","Top2",1,NA,"Primary cancer cells","Primary cancer cells"
"606","OMIX001073 GC","/Users/macminiye/scRNA-seq_works/Cervix_scRNA_CTCs_project_use/panCTCs/bin/panCTC_classify/V10CC/V10CC_results","Set2","Top2",1,NA,"Primary cancer cells","Primary cancer cells"
"607","GSE173682 EC","/Users/macminiye/scRNA-seq_works/Cervix_scRNA_CTCs_project_use/panCTCs/bin/panCTC_classify/V10CC/V10CC_results","Set2","Top2",1,NA,"Primary cancer cells","Primary cancer cells"
"608","GSE193337 PC","/Users/macminiye/scRNA-seq_works/Cervix_scRNA_CTCs_project_use/panCTCs/bin/panCTC_classify/V10CC/V10CC_results","Set2","Top2",0.995,NA,"Primary cancer cells","Primary cancer cells"
"609","GSE168652 CC","/Users/macminiye/scRNA-seq_works/Cervix_scRNA_CTCs_project_use/panCTCs/bin/panCTC_classify/V10CC/V10CC_results","Set2","Top2",1,NA,"Primary cancer cells","Primary cancer cells"
"610","E-MTAB-11948 CC","/Users/macminiye/scRNA-seq_works/Cervix_scRNA_CTCs_project_use/panCTCs/bin/panCTC_classify/V10CC/V10CC_results","Set2","Top2",1,NA,"Primary cancer cells","Primary cancer cells"
"611","GSM3946506 Melanoma","/Users/macminiye/scRNA-seq_works/Cervix_scRNA_CTCs_project_use/panCTCs/bin/panCTC_classify/V10CC/V10CC_results","Set2","Top2",1,NA,"Primary cancer cells","Primary cancer cells"
"612","GSE132465 CRC","/Users/macminiye/scRNA-seq_works/Cervix_scRNA_CTCs_project_use/panCTCs/bin/panCTC_classify/V10CC/V10CC_results","Set2","Top2",1,NA,"Primary cancer cells","Primary cancer cells"
"613","GSE215120 Melanoma","/Users/macminiye/scRNA-seq_works/Cervix_scRNA_CTCs_project_use/panCTCs/bin/panCTC_classify/V10CC/V10CC_results","Set2","Top2",1,NA,"Primary cancer cells","Primary cancer cells"
"614","GSE193337 PC","/Users/macminiye/scRNA-seq_works/Cervix_scRNA_CTCs_project_use/panCTCs/bin/panCTC_classify/V10CC/V10CC_results","Set2","Top2",1,NA,"Primary cancer cells","Primary cancer cells"
"615","GSE150430 NPC","/Users/macminiye/scRNA-seq_works/Cervix_scRNA_CTCs_project_use/panCTCs/bin/panCTC_classify/V10CC/V10CC_results","Set2","Top2",1,NA,"Primary cancer cells","Primary cancer cells"
"616","GSE215120 Melanoma","/Users/macminiye/scRNA-seq_works/Cervix_scRNA_CTCs_project_use/panCTCs/bin/panCTC_classify/V10CC/V10CC_results","Set2","Top2",1,NA,"Primary cancer cells","Primary cancer cells"
"617","GSE162025 NPC","/Users/macminiye/scRNA-seq_works/Cervix_scRNA_CTCs_project_use/panCTCs/bin/panCTC_classify/V10CC/V10CC_results","Set2","Top2",1,NA,"Primary cancer cells","Primary cancer cells"
"618","GSE178318 CRC","/Users/macminiye/scRNA-seq_works/Cervix_scRNA_CTCs_project_use/panCTCs/bin/panCTC_classify/V10CC/V10CC_results","Set2","Top2",1,NA,"Primary cancer cells","Primary cancer cells"
"619","GSE173682 OVC","/Users/macminiye/scRNA-seq_works/Cervix_scRNA_CTCs_project_use/panCTCs/bin/panCTC_classify/V10CC/V10CC_results","Set2","Top2",1,NA,"Primary cancer cells","Primary cancer cells"
"620","GSE132465 CRC","/Users/macminiye/scRNA-seq_works/Cervix_scRNA_CTCs_project_use/panCTCs/bin/panCTC_classify/V10CC/V10CC_results","Set2","Top2",1,NA,"Primary cancer cells","Primary cancer cells"
"621","GSE176031 PC","/Users/macminiye/scRNA-seq_works/Cervix_scRNA_CTCs_project_use/panCTCs/bin/panCTC_classify/V10CC/V10CC_results","Set2","Top2",1,NA,"Primary cancer cells","Primary cancer cells"
"622","GSE148071 NSCLC","/Users/macminiye/scRNA-seq_works/Cervix_scRNA_CTCs_project_use/panCTCs/bin/panCTC_classify/V10CC/V10CC_results","Set2","Top2",1,NA,"Primary cancer cells","Primary cancer cells"
"623","GSE127465 NSCLC","/Users/macminiye/scRNA-seq_works/Cervix_scRNA_CTCs_project_use/panCTCs/bin/panCTC_classify/V10CC/V10CC_results","Set2","Top2",1,NA,"Primary cancer cells","Primary cancer cells"
"624","GSE162025 NPC","/Users/macminiye/scRNA-seq_works/Cervix_scRNA_CTCs_project_use/panCTCs/bin/panCTC_classify/V10CC/V10CC_results","Set2","Top2",0.95,NA,"Primary cancer cells","Primary cancer cells"
"625","GSE132465 CRC","/Users/macminiye/scRNA-seq_works/Cervix_scRNA_CTCs_project_use/panCTCs/bin/panCTC_classify/V10CC/V10CC_results","Set2","Top2",1,NA,"Primary cancer cells","Primary cancer cells"
"626","GSE155698 PDAC","/Users/macminiye/scRNA-seq_works/Cervix_scRNA_CTCs_project_use/panCTCs/bin/panCTC_classify/V10CC/V10CC_results","Set2","Top2",1,NA,"Primary cancer cells","Primary cancer cells"
"627","GSE173682 OVC","/Users/macminiye/scRNA-seq_works/Cervix_scRNA_CTCs_project_use/panCTCs/bin/panCTC_classify/V10CC/V10CC_results","Set2","Top2",0.996,NA,"Primary cancer cells","Primary cancer cells"
"628","GSE173682 EC","/Users/macminiye/scRNA-seq_works/Cervix_scRNA_CTCs_project_use/panCTCs/bin/panCTC_classify/V10CC/V10CC_results","Set2","Top2",1,NA,"Primary cancer cells","Primary cancer cells"
"629","GSE193337 PC","/Users/macminiye/scRNA-seq_works/Cervix_scRNA_CTCs_project_use/panCTCs/bin/panCTC_classify/V10CC/V10CC_results","Set2","Top2",1,NA,"Primary cancer cells","Primary cancer cells"
"630","GSE149614 HCC","/Users/macminiye/scRNA-seq_works/Cervix_scRNA_CTCs_project_use/panCTCs/bin/panCTC_classify/V10CC/V10CC_results","Set2","Top2",1,NA,"Primary cancer cells","Primary cancer cells"
"631","GSE173682 OVC","/Users/macminiye/scRNA-seq_works/Cervix_scRNA_CTCs_project_use/panCTCs/bin/panCTC_classify/V10CC/V10CC_results","Set2","Top2",1,NA,"Primary cancer cells","Primary cancer cells"
"632","GSE173682 OVC","/Users/macminiye/scRNA-seq_works/Cervix_scRNA_CTCs_project_use/panCTCs/bin/panCTC_classify/V10CC/V10CC_results","Set2","Top2",1,NA,"Primary cancer cells","Primary cancer cells"
"633","GSE178318 CRC","/Users/macminiye/scRNA-seq_works/Cervix_scRNA_CTCs_project_use/panCTCs/bin/panCTC_classify/V10CC/V10CC_results","Set2","Top2",1,NA,"Primary cancer cells","Primary cancer cells"
"634","GSE150430 NPC","/Users/macminiye/scRNA-seq_works/Cervix_scRNA_CTCs_project_use/panCTCs/bin/panCTC_classify/V10CC/V10CC_results","Set2","Top2",1,NA,"Primary cancer cells","Primary cancer cells"
"635","GSE215120 Melanoma","/Users/macminiye/scRNA-seq_works/Cervix_scRNA_CTCs_project_use/panCTCs/bin/panCTC_classify/V10CC/V10CC_results","Set2","Top2",0.996,NA,"Primary cancer cells","Primary cancer cells"
"636","GSE176078 BC","/Users/macminiye/scRNA-seq_works/Cervix_scRNA_CTCs_project_use/panCTCs/bin/panCTC_classify/V10CC/V10CC_results","Set2","Top2",1,NA,"Primary cancer cells","Primary cancer cells"
"637","GSE168652 CC","/Users/macminiye/scRNA-seq_works/Cervix_scRNA_CTCs_project_use/panCTCs/bin/panCTC_classify/V10CC/V10CC_results","Set2","Top2",1,NA,"Primary cancer cells","Primary cancer cells"
"638","GSE150825 NPC","/Users/macminiye/scRNA-seq_works/Cervix_scRNA_CTCs_project_use/panCTCs/bin/panCTC_classify/V10CC/V10CC_results","Set2","Top2",0.85,NA,"Primary cancer cells","Primary cancer cells"
"639","GSE173682 EC","/Users/macminiye/scRNA-seq_works/Cervix_scRNA_CTCs_project_use/panCTCs/bin/panCTC_classify/V10CC/V10CC_results","Set2","Top2",1,NA,"Primary cancer cells","Primary cancer cells"
"640","GSE178318 CRC","/Users/macminiye/scRNA-seq_works/Cervix_scRNA_CTCs_project_use/panCTCs/bin/panCTC_classify/V10CC/V10CC_results","Set2","Top2",1,NA,"Primary cancer cells","Primary cancer cells"
"641","GSE176031 PC","/Users/macminiye/scRNA-seq_works/Cervix_scRNA_CTCs_project_use/panCTCs/bin/panCTC_classify/V10CC/V10CC_results","Set2","Top2",1,NA,"Primary cancer cells","Primary cancer cells"
"642","GSE173682 EC","/Users/macminiye/scRNA-seq_works/Cervix_scRNA_CTCs_project_use/panCTCs/bin/panCTC_classify/V10CC/V10CC_results","Set2","Top2",1,NA,"Primary cancer cells","Primary cancer cells"
"643","GSE178318 CRC","/Users/macminiye/scRNA-seq_works/Cervix_scRNA_CTCs_project_use/panCTCs/bin/panCTC_classify/V10CC/V10CC_results","Set2","Top2",0.996,NA,"Primary cancer cells","Primary cancer cells"
"644","GSE150430 NPC","/Users/macminiye/scRNA-seq_works/Cervix_scRNA_CTCs_project_use/panCTCs/bin/panCTC_classify/V10CC/V10CC_results","Set2","Top2",1,NA,"Primary cancer cells","Primary cancer cells"
"645","GSE215120 Melanoma","/Users/macminiye/scRNA-seq_works/Cervix_scRNA_CTCs_project_use/panCTCs/bin/panCTC_classify/V10CC/V10CC_results","Set2","Top2",1,NA,"Primary cancer cells","Primary cancer cells"
"646","GSE162025 NPC","/Users/macminiye/scRNA-seq_works/Cervix_scRNA_CTCs_project_use/panCTCs/bin/panCTC_classify/V10CC/V10CC_results","Set2","Top2",0.98,NA,"Primary cancer cells","Primary cancer cells"
"647","GSM3946506 Melanoma","/Users/macminiye/scRNA-seq_works/Cervix_scRNA_CTCs_project_use/panCTCs/bin/panCTC_classify/V10CC/V10CC_results","Set2","Top2",1,NA,"Primary cancer cells","Primary cancer cells"
"648","E-MTAB-11948 CC","/Users/macminiye/scRNA-seq_works/Cervix_scRNA_CTCs_project_use/panCTCs/bin/panCTC_classify/V10CC/V10CC_results","Set2","Top2",1,NA,"Primary cancer cells","Primary cancer cells"
"649","GSE150430 NPC","/Users/macminiye/scRNA-seq_works/Cervix_scRNA_CTCs_project_use/panCTCs/bin/panCTC_classify/V10CC/V10CC_results","Set2","Top2",1,NA,"Primary cancer cells","Primary cancer cells"
"650","GSE148071 NSCLC","/Users/macminiye/scRNA-seq_works/Cervix_scRNA_CTCs_project_use/panCTCs/bin/panCTC_classify/V10CC/V10CC_results","Set2","Top2",1,NA,"Primary cancer cells","Primary cancer cells"
"651","GSE173682 EC","/Users/macminiye/scRNA-seq_works/Cervix_scRNA_CTCs_project_use/panCTCs/bin/panCTC_classify/V10CC/V10CC_results","Set2","Top2",1,NA,"Primary cancer cells","Primary cancer cells"
"652","GSE150825 NPC","/Users/macminiye/scRNA-seq_works/Cervix_scRNA_CTCs_project_use/panCTCs/bin/panCTC_classify/V10CC/V10CC_results","Set2","Top2",0.96,NA,"Primary cancer cells","Primary cancer cells"
"653","GSE148071 NSCLC","/Users/macminiye/scRNA-seq_works/Cervix_scRNA_CTCs_project_use/panCTCs/bin/panCTC_classify/V10CC/V10CC_results","Set2","Top2",1,NA,"Primary cancer cells","Primary cancer cells"
"654","GSE132465 CRC","/Users/macminiye/scRNA-seq_works/Cervix_scRNA_CTCs_project_use/panCTCs/bin/panCTC_classify/V10CC/V10CC_results","Set2","Top2",0.995,NA,"Primary cancer cells","Primary cancer cells"
"655","GSE168652 CC","/Users/macminiye/scRNA-seq_works/Cervix_scRNA_CTCs_project_use/panCTCs/bin/panCTC_classify/V10CC/V10CC_results","Set2","Top2",1,NA,"Primary cancer cells","Primary cancer cells"
"656","GSE173682 OVC","/Users/macminiye/scRNA-seq_works/Cervix_scRNA_CTCs_project_use/panCTCs/bin/panCTC_classify/V10CC/V10CC_results","Set2","Top2",0.995,NA,"Primary cancer cells","Primary cancer cells"
"657","GSE176031 PC","/Users/macminiye/scRNA-seq_works/Cervix_scRNA_CTCs_project_use/panCTCs/bin/panCTC_classify/V10CC/V10CC_results","Set2","Top2",1,NA,"Primary cancer cells","Primary cancer cells"
"658","GSE173682 OVC","/Users/macminiye/scRNA-seq_works/Cervix_scRNA_CTCs_project_use/panCTCs/bin/panCTC_classify/V10CC/V10CC_results","Set2","Top2",1,NA,"Primary cancer cells","Primary cancer cells"
"659","GSE127465 NSCLC","/Users/macminiye/scRNA-seq_works/Cervix_scRNA_CTCs_project_use/panCTCs/bin/panCTC_classify/V10CC/V10CC_results","Set2","Top2",1,NA,"Primary cancer cells","Primary cancer cells"
"660","GSE168652 CC","/Users/macminiye/scRNA-seq_works/Cervix_scRNA_CTCs_project_use/panCTCs/bin/panCTC_classify/V10CC/V10CC_results","Set2","Top2",1,NA,"Primary cancer cells","Primary cancer cells"
"661","GSE162025 NPC","/Users/macminiye/scRNA-seq_works/Cervix_scRNA_CTCs_project_use/panCTCs/bin/panCTC_classify/V10CC/V10CC_results","Set2","Top2",0.99,NA,"Primary cancer cells","Primary cancer cells"
"662","GSE150430 NPC","/Users/macminiye/scRNA-seq_works/Cervix_scRNA_CTCs_project_use/panCTCs/bin/panCTC_classify/V10CC/V10CC_results","Set2","Top2",1,NA,"Primary cancer cells","Primary cancer cells"
"663","OMIX001073 GC","/Users/macminiye/scRNA-seq_works/Cervix_scRNA_CTCs_project_use/panCTCs/bin/panCTC_classify/V10CC/V10CC_results","Set2","Top2",1,NA,"Primary cancer cells","Primary cancer cells"
"664","GSE193337 PC","/Users/macminiye/scRNA-seq_works/Cervix_scRNA_CTCs_project_use/panCTCs/bin/panCTC_classify/V10CC/V10CC_results","Set2","Top2",0.98,NA,"Primary cancer cells","Primary cancer cells"
"665","GSE215120 Melanoma","/Users/macminiye/scRNA-seq_works/Cervix_scRNA_CTCs_project_use/panCTCs/bin/panCTC_classify/V10CC/V10CC_results","Set2","Top2",1,NA,"Primary cancer cells","Primary cancer cells"
"666","GSE132465 CRC","/Users/macminiye/scRNA-seq_works/Cervix_scRNA_CTCs_project_use/panCTCs/bin/panCTC_classify/V10CC/V10CC_results","Set2","Top2",1,NA,"Primary cancer cells","Primary cancer cells"
"667","GSE148071 NSCLC","/Users/macminiye/scRNA-seq_works/Cervix_scRNA_CTCs_project_use/panCTCs/bin/panCTC_classify/V10CC/V10CC_results","Set2","Top2",1,NA,"Primary cancer cells","Primary cancer cells"
"668","GSE148071 NSCLC","/Users/macminiye/scRNA-seq_works/Cervix_scRNA_CTCs_project_use/panCTCs/bin/panCTC_classify/V10CC/V10CC_results","Set2","Top2",1,NA,"Primary cancer cells","Primary cancer cells"
"669","GSE176031 PC","/Users/macminiye/scRNA-seq_works/Cervix_scRNA_CTCs_project_use/panCTCs/bin/panCTC_classify/V10CC/V10CC_results","Set2","Top2",1,NA,"Primary cancer cells","Primary cancer cells"
"670","GSE155698 PDAC","/Users/macminiye/scRNA-seq_works/Cervix_scRNA_CTCs_project_use/panCTCs/bin/panCTC_classify/V10CC/V10CC_results","Set2","Top2",1,NA,"Primary cancer cells","Primary cancer cells"
"671","GSE168652 CC","/Users/macminiye/scRNA-seq_works/Cervix_scRNA_CTCs_project_use/panCTCs/bin/panCTC_classify/V10CC/V10CC_results","Set2","Top2",1,NA,"Primary cancer cells","Primary cancer cells"
"672","GSE127465 NSCLC","/Users/macminiye/scRNA-seq_works/Cervix_scRNA_CTCs_project_use/panCTCs/bin/panCTC_classify/V10CC/V10CC_results","Set2","Top2",0.98,NA,"Primary cancer cells","Primary cancer cells"
"673","GSE173682 EC","/Users/macminiye/scRNA-seq_works/Cervix_scRNA_CTCs_project_use/panCTCs/bin/panCTC_classify/V10CC/V10CC_results","Set2","Top2",1,NA,"Primary cancer cells","Primary cancer cells"
"674","GSE149614 HCC","/Users/macminiye/scRNA-seq_works/Cervix_scRNA_CTCs_project_use/panCTCs/bin/panCTC_classify/V10CC/V10CC_results","Set2","Top2",1,NA,"Primary cancer cells","Primary cancer cells"
"675","GSM3946506 Melanoma","/Users/macminiye/scRNA-seq_works/Cervix_scRNA_CTCs_project_use/panCTCs/bin/panCTC_classify/V10CC/V10CC_results","Set2","Top2",1,NA,"Primary cancer cells","Primary cancer cells"
"676","GSE178318 CRC","/Users/macminiye/scRNA-seq_works/Cervix_scRNA_CTCs_project_use/panCTCs/bin/panCTC_classify/V10CC/V10CC_results","Set2","Top2",1,NA,"Primary cancer cells","Primary cancer cells"
"677","GSE150430 NPC","/Users/macminiye/scRNA-seq_works/Cervix_scRNA_CTCs_project_use/panCTCs/bin/panCTC_classify/V10CC/V10CC_results","Set2","Top2",1,NA,"Primary cancer cells","Primary cancer cells"
"678","GSE132465 CRC","/Users/macminiye/scRNA-seq_works/Cervix_scRNA_CTCs_project_use/panCTCs/bin/panCTC_classify/V10CC/V10CC_results","Set2","Top3",1,NA,"Primary cancer cells","Primary cancer cells"
"679","GSE149614 HCC","/Users/macminiye/scRNA-seq_works/Cervix_scRNA_CTCs_project_use/panCTCs/bin/panCTC_classify/V10CC/V10CC_results","Set2","Top3",1,NA,"Primary cancer cells","Primary cancer cells"
"680","OMIX001073 GC","/Users/macminiye/scRNA-seq_works/Cervix_scRNA_CTCs_project_use/panCTCs/bin/panCTC_classify/V10CC/V10CC_results","Set2","Top3",1,NA,"Primary cancer cells","Primary cancer cells"
"681","GSE176078 BC","/Users/macminiye/scRNA-seq_works/Cervix_scRNA_CTCs_project_use/panCTCs/bin/panCTC_classify/V10CC/V10CC_results","Set2","Top3",1,NA,"Primary cancer cells","Primary cancer cells"
"682","GSM3946506 Melanoma","/Users/macminiye/scRNA-seq_works/Cervix_scRNA_CTCs_project_use/panCTCs/bin/panCTC_classify/V10CC/V10CC_results","Set2","Top3",1,NA,"Primary cancer cells","Primary cancer cells"
"683","GSE176078 BC","/Users/macminiye/scRNA-seq_works/Cervix_scRNA_CTCs_project_use/panCTCs/bin/panCTC_classify/V10CC/V10CC_results","Set2","Top3",1,NA,"Primary cancer cells","Primary cancer cells"
"684","OMIX001073 GC","/Users/macminiye/scRNA-seq_works/Cervix_scRNA_CTCs_project_use/panCTCs/bin/panCTC_classify/V10CC/V10CC_results","Set2","Top3",1,NA,"Primary cancer cells","Primary cancer cells"
"685","GSE150430 NPC","/Users/macminiye/scRNA-seq_works/Cervix_scRNA_CTCs_project_use/panCTCs/bin/panCTC_classify/V10CC/V10CC_results","Set2","Top3",1,NA,"Primary cancer cells","Primary cancer cells"
"686","GSE155698 PDAC","/Users/macminiye/scRNA-seq_works/Cervix_scRNA_CTCs_project_use/panCTCs/bin/panCTC_classify/V10CC/V10CC_results","Set2","Top3",0.996,NA,"Primary cancer cells","Primary cancer cells"
"687","E-MTAB-11948 CC","/Users/macminiye/scRNA-seq_works/Cervix_scRNA_CTCs_project_use/panCTCs/bin/panCTC_classify/V10CC/V10CC_results","Set2","Top3",1,NA,"Primary cancer cells","Primary cancer cells"
"688","GSE149614 HCC","/Users/macminiye/scRNA-seq_works/Cervix_scRNA_CTCs_project_use/panCTCs/bin/panCTC_classify/V10CC/V10CC_results","Set2","Top3",1,NA,"Primary cancer cells","Primary cancer cells"
"689","GSE215120 Melanoma","/Users/macminiye/scRNA-seq_works/Cervix_scRNA_CTCs_project_use/panCTCs/bin/panCTC_classify/V10CC/V10CC_results","Set2","Top3",1,NA,"Primary cancer cells","Primary cancer cells"
"690","GSE132465 CRC","/Users/macminiye/scRNA-seq_works/Cervix_scRNA_CTCs_project_use/panCTCs/bin/panCTC_classify/V10CC/V10CC_results","Set2","Top3",1,NA,"Primary cancer cells","Primary cancer cells"
"691","GSE148071 NSCLC","/Users/macminiye/scRNA-seq_works/Cervix_scRNA_CTCs_project_use/panCTCs/bin/panCTC_classify/V10CC/V10CC_results","Set2","Top3",1,NA,"Primary cancer cells","Primary cancer cells"
"692","GSE176031 PC","/Users/macminiye/scRNA-seq_works/Cervix_scRNA_CTCs_project_use/panCTCs/bin/panCTC_classify/V10CC/V10CC_results","Set2","Top3",1,NA,"Primary cancer cells","Primary cancer cells"
"693","GSE127465 NSCLC","/Users/macminiye/scRNA-seq_works/Cervix_scRNA_CTCs_project_use/panCTCs/bin/panCTC_classify/V10CC/V10CC_results","Set2","Top3",0.97,NA,"Primary cancer cells","Primary cancer cells"
"694","GSE176078 BC","/Users/macminiye/scRNA-seq_works/Cervix_scRNA_CTCs_project_use/panCTCs/bin/panCTC_classify/V10CC/V10CC_results","Set2","Top3",1,NA,"Primary cancer cells","Primary cancer cells"
"695","GSE168652 CC","/Users/macminiye/scRNA-seq_works/Cervix_scRNA_CTCs_project_use/panCTCs/bin/panCTC_classify/V10CC/V10CC_results","Set2","Top3",1,NA,"Primary cancer cells","Primary cancer cells"
"696","GSE149614 HCC","/Users/macminiye/scRNA-seq_works/Cervix_scRNA_CTCs_project_use/panCTCs/bin/panCTC_classify/V10CC/V10CC_results","Set2","Top3",0.998,NA,"Primary cancer cells","Primary cancer cells"
"697","E-MTAB-11948 CC","/Users/macminiye/scRNA-seq_works/Cervix_scRNA_CTCs_project_use/panCTCs/bin/panCTC_classify/V10CC/V10CC_results","Set2","Top3",1,NA,"Primary cancer cells","Primary cancer cells"
"698","GSE155698 PDAC","/Users/macminiye/scRNA-seq_works/Cervix_scRNA_CTCs_project_use/panCTCs/bin/panCTC_classify/V10CC/V10CC_results","Set2","Top3",1,NA,"Primary cancer cells","Primary cancer cells"
"699","GSE150825 NPC","/Users/macminiye/scRNA-seq_works/Cervix_scRNA_CTCs_project_use/panCTCs/bin/panCTC_classify/V10CC/V10CC_results","Set2","Top3",1,NA,"Primary cancer cells","Primary cancer cells"
"700","GSE178318 CRC","/Users/macminiye/scRNA-seq_works/Cervix_scRNA_CTCs_project_use/panCTCs/bin/panCTC_classify/V10CC/V10CC_results","Set2","Top3",1,NA,"Primary cancer cells","Primary cancer cells"
"701","GSE173682 EC","/Users/macminiye/scRNA-seq_works/Cervix_scRNA_CTCs_project_use/panCTCs/bin/panCTC_classify/V10CC/V10CC_results","Set2","Top3",1,NA,"Primary cancer cells","Primary cancer cells"
"702","GSE193337 PC","/Users/macminiye/scRNA-seq_works/Cervix_scRNA_CTCs_project_use/panCTCs/bin/panCTC_classify/V10CC/V10CC_results","Set2","Top3",1,NA,"Primary cancer cells","Primary cancer cells"
"703","GSE155698 PDAC","/Users/macminiye/scRNA-seq_works/Cervix_scRNA_CTCs_project_use/panCTCs/bin/panCTC_classify/V10CC/V10CC_results","Set2","Top3",1,NA,"Primary cancer cells","Primary cancer cells"
"704","GSM3946506 Melanoma","/Users/macminiye/scRNA-seq_works/Cervix_scRNA_CTCs_project_use/panCTCs/bin/panCTC_classify/V10CC/V10CC_results","Set2","Top3",1,NA,"Primary cancer cells","Primary cancer cells"
"705","E-MTAB-11948 CC","/Users/macminiye/scRNA-seq_works/Cervix_scRNA_CTCs_project_use/panCTCs/bin/panCTC_classify/V10CC/V10CC_results","Set2","Top3",1,NA,"Primary cancer cells","Primary cancer cells"
"706","OMIX001073 GC","/Users/macminiye/scRNA-seq_works/Cervix_scRNA_CTCs_project_use/panCTCs/bin/panCTC_classify/V10CC/V10CC_results","Set2","Top3",0.998,NA,"Primary cancer cells","Primary cancer cells"
"707","GSE173682 OVC","/Users/macminiye/scRNA-seq_works/Cervix_scRNA_CTCs_project_use/panCTCs/bin/panCTC_classify/V10CC/V10CC_results","Set2","Top3",1,NA,"Primary cancer cells","Primary cancer cells"
"708","GSE168652 CC","/Users/macminiye/scRNA-seq_works/Cervix_scRNA_CTCs_project_use/panCTCs/bin/panCTC_classify/V10CC/V10CC_results","Set2","Top3",1,NA,"Primary cancer cells","Primary cancer cells"
"709","GSE176078 BC","/Users/macminiye/scRNA-seq_works/Cervix_scRNA_CTCs_project_use/panCTCs/bin/panCTC_classify/V10CC/V10CC_results","Set2","Top3",1,NA,"Primary cancer cells","Primary cancer cells"
"710","GSE150825 NPC","/Users/macminiye/scRNA-seq_works/Cervix_scRNA_CTCs_project_use/panCTCs/bin/panCTC_classify/V10CC/V10CC_results","Set2","Top3",0.9,NA,"Primary cancer cells","Primary cancer cells"
"711","OMIX001073 GC","/Users/macminiye/scRNA-seq_works/Cervix_scRNA_CTCs_project_use/panCTCs/bin/panCTC_classify/V10CC/V10CC_results","Set2","Top3",1,NA,"Primary cancer cells","Primary cancer cells"
"712","OMIX001073 GC","/Users/macminiye/scRNA-seq_works/Cervix_scRNA_CTCs_project_use/panCTCs/bin/panCTC_classify/V10CC/V10CC_results","Set2","Top3",1,NA,"Primary cancer cells","Primary cancer cells"
"713","E-MTAB-11948 CC","/Users/macminiye/scRNA-seq_works/Cervix_scRNA_CTCs_project_use/panCTCs/bin/panCTC_classify/V10CC/V10CC_results","Set2","Top3",1,NA,"Primary cancer cells","Primary cancer cells"
"714","GSE162025 NPC","/Users/macminiye/scRNA-seq_works/Cervix_scRNA_CTCs_project_use/panCTCs/bin/panCTC_classify/V10CC/V10CC_results","Set2","Top3",1,NA,"Primary cancer cells","Primary cancer cells"
"715","GSE176078 BC","/Users/macminiye/scRNA-seq_works/Cervix_scRNA_CTCs_project_use/panCTCs/bin/panCTC_classify/V10CC/V10CC_results","Set2","Top3",1,NA,"Primary cancer cells","Primary cancer cells"
"716","GSE155698 PDAC","/Users/macminiye/scRNA-seq_works/Cervix_scRNA_CTCs_project_use/panCTCs/bin/panCTC_classify/V10CC/V10CC_results","Set2","Top3",1,NA,"Primary cancer cells","Primary cancer cells"
"717","GSE149614 HCC","/Users/macminiye/scRNA-seq_works/Cervix_scRNA_CTCs_project_use/panCTCs/bin/panCTC_classify/V10CC/V10CC_results","Set2","Top3",1,NA,"Primary cancer cells","Primary cancer cells"
"718","E-MTAB-11948 CC","/Users/macminiye/scRNA-seq_works/Cervix_scRNA_CTCs_project_use/panCTCs/bin/panCTC_classify/V10CC/V10CC_results","Set2","Top3",1,NA,"Primary cancer cells","Primary cancer cells"
"719","GSE178318 CRC","/Users/macminiye/scRNA-seq_works/Cervix_scRNA_CTCs_project_use/panCTCs/bin/panCTC_classify/V10CC/V10CC_results","Set2","Top3",1,NA,"Primary cancer cells","Primary cancer cells"
"720","GSE176078 BC","/Users/macminiye/scRNA-seq_works/Cervix_scRNA_CTCs_project_use/panCTCs/bin/panCTC_classify/V10CC/V10CC_results","Set2","Top3",0.998,NA,"Primary cancer cells","Primary cancer cells"
"721","GSM3946506 Melanoma","/Users/macminiye/scRNA-seq_works/Cervix_scRNA_CTCs_project_use/panCTCs/bin/panCTC_classify/V10CC/V10CC_results","Set2","Top3",1,NA,"Primary cancer cells","Primary cancer cells"
"722","GSE155698 PDAC","/Users/macminiye/scRNA-seq_works/Cervix_scRNA_CTCs_project_use/panCTCs/bin/panCTC_classify/V10CC/V10CC_results","Set2","Top3",1,NA,"Primary cancer cells","Primary cancer cells"
"723","GSE215120 Melanoma","/Users/macminiye/scRNA-seq_works/Cervix_scRNA_CTCs_project_use/panCTCs/bin/panCTC_classify/V10CC/V10CC_results","Set2","Top3",1,NA,"Primary cancer cells","Primary cancer cells"
"724","GSE149614 HCC","/Users/macminiye/scRNA-seq_works/Cervix_scRNA_CTCs_project_use/panCTCs/bin/panCTC_classify/V10CC/V10CC_results","Set2","Top3",0.98,NA,"Primary cancer cells","Primary cancer cells"
"725","GSE127465 NSCLC","/Users/macminiye/scRNA-seq_works/Cervix_scRNA_CTCs_project_use/panCTCs/bin/panCTC_classify/V10CC/V10CC_results","Set2","Top3",0.985,NA,"Primary cancer cells","Primary cancer cells"
"726","GSE127465 NSCLC","/Users/macminiye/scRNA-seq_works/Cervix_scRNA_CTCs_project_use/panCTCs/bin/panCTC_classify/V10CC/V10CC_results","Set2","Top3",1,NA,"Primary cancer cells","Primary cancer cells"
"727","GSE176031 PC","/Users/macminiye/scRNA-seq_works/Cervix_scRNA_CTCs_project_use/panCTCs/bin/panCTC_classify/V10CC/V10CC_results","Set2","Top3",1,NA,"Primary cancer cells","Primary cancer cells"
"728","GSE148071 NSCLC","/Users/macminiye/scRNA-seq_works/Cervix_scRNA_CTCs_project_use/panCTCs/bin/panCTC_classify/V10CC/V10CC_results","Set2","Top3",1,NA,"Primary cancer cells","Primary cancer cells"
"729","GSE193337 PC","/Users/macminiye/scRNA-seq_works/Cervix_scRNA_CTCs_project_use/panCTCs/bin/panCTC_classify/V10CC/V10CC_results","Set2","Top3",1,NA,"Primary cancer cells","Primary cancer cells"
"730","OMIX001073 GC","/Users/macminiye/scRNA-seq_works/Cervix_scRNA_CTCs_project_use/panCTCs/bin/panCTC_classify/V10CC/V10CC_results","Set2","Top3",1,NA,"Primary cancer cells","Primary cancer cells"
"731","GSE173682 EC","/Users/macminiye/scRNA-seq_works/Cervix_scRNA_CTCs_project_use/panCTCs/bin/panCTC_classify/V10CC/V10CC_results","Set2","Top3",1,NA,"Primary cancer cells","Primary cancer cells"
"732","GSE193337 PC","/Users/macminiye/scRNA-seq_works/Cervix_scRNA_CTCs_project_use/panCTCs/bin/panCTC_classify/V10CC/V10CC_results","Set2","Top3",1,NA,"Primary cancer cells","Primary cancer cells"
"733","GSE168652 CC","/Users/macminiye/scRNA-seq_works/Cervix_scRNA_CTCs_project_use/panCTCs/bin/panCTC_classify/V10CC/V10CC_results","Set2","Top3",1,NA,"Primary cancer cells","Primary cancer cells"
"734","E-MTAB-11948 CC","/Users/macminiye/scRNA-seq_works/Cervix_scRNA_CTCs_project_use/panCTCs/bin/panCTC_classify/V10CC/V10CC_results","Set2","Top3",1,NA,"Primary cancer cells","Primary cancer cells"
"735","GSM3946506 Melanoma","/Users/macminiye/scRNA-seq_works/Cervix_scRNA_CTCs_project_use/panCTCs/bin/panCTC_classify/V10CC/V10CC_results","Set2","Top3",1,NA,"Primary cancer cells","Primary cancer cells"
"736","GSE132465 CRC","/Users/macminiye/scRNA-seq_works/Cervix_scRNA_CTCs_project_use/panCTCs/bin/panCTC_classify/V10CC/V10CC_results","Set2","Top3",1,NA,"Primary cancer cells","Primary cancer cells"
"737","GSE215120 Melanoma","/Users/macminiye/scRNA-seq_works/Cervix_scRNA_CTCs_project_use/panCTCs/bin/panCTC_classify/V10CC/V10CC_results","Set2","Top3",1,NA,"Primary cancer cells","Primary cancer cells"
"738","GSE193337 PC","/Users/macminiye/scRNA-seq_works/Cervix_scRNA_CTCs_project_use/panCTCs/bin/panCTC_classify/V10CC/V10CC_results","Set2","Top3",1,NA,"Primary cancer cells","Primary cancer cells"
"739","GSE150430 NPC","/Users/macminiye/scRNA-seq_works/Cervix_scRNA_CTCs_project_use/panCTCs/bin/panCTC_classify/V10CC/V10CC_results","Set2","Top3",1,NA,"Primary cancer cells","Primary cancer cells"
"740","GSE215120 Melanoma","/Users/macminiye/scRNA-seq_works/Cervix_scRNA_CTCs_project_use/panCTCs/bin/panCTC_classify/V10CC/V10CC_results","Set2","Top3",1,NA,"Primary cancer cells","Primary cancer cells"
"741","GSE162025 NPC","/Users/macminiye/scRNA-seq_works/Cervix_scRNA_CTCs_project_use/panCTCs/bin/panCTC_classify/V10CC/V10CC_results","Set2","Top3",1,NA,"Primary cancer cells","Primary cancer cells"
"742","GSE178318 CRC","/Users/macminiye/scRNA-seq_works/Cervix_scRNA_CTCs_project_use/panCTCs/bin/panCTC_classify/V10CC/V10CC_results","Set2","Top3",1,NA,"Primary cancer cells","Primary cancer cells"
"743","GSE173682 OVC","/Users/macminiye/scRNA-seq_works/Cervix_scRNA_CTCs_project_use/panCTCs/bin/panCTC_classify/V10CC/V10CC_results","Set2","Top3",1,NA,"Primary cancer cells","Primary cancer cells"
"744","GSE132465 CRC","/Users/macminiye/scRNA-seq_works/Cervix_scRNA_CTCs_project_use/panCTCs/bin/panCTC_classify/V10CC/V10CC_results","Set2","Top3",1,NA,"Primary cancer cells","Primary cancer cells"
"745","GSE176031 PC","/Users/macminiye/scRNA-seq_works/Cervix_scRNA_CTCs_project_use/panCTCs/bin/panCTC_classify/V10CC/V10CC_results","Set2","Top3",1,NA,"Primary cancer cells","Primary cancer cells"
"746","GSE148071 NSCLC","/Users/macminiye/scRNA-seq_works/Cervix_scRNA_CTCs_project_use/panCTCs/bin/panCTC_classify/V10CC/V10CC_results","Set2","Top3",1,NA,"Primary cancer cells","Primary cancer cells"
"747","GSE127465 NSCLC","/Users/macminiye/scRNA-seq_works/Cervix_scRNA_CTCs_project_use/panCTCs/bin/panCTC_classify/V10CC/V10CC_results","Set2","Top3",1,NA,"Primary cancer cells","Primary cancer cells"
"748","GSE162025 NPC","/Users/macminiye/scRNA-seq_works/Cervix_scRNA_CTCs_project_use/panCTCs/bin/panCTC_classify/V10CC/V10CC_results","Set2","Top3",0.95,NA,"Primary cancer cells","Primary cancer cells"
"749","GSE132465 CRC","/Users/macminiye/scRNA-seq_works/Cervix_scRNA_CTCs_project_use/panCTCs/bin/panCTC_classify/V10CC/V10CC_results","Set2","Top3",1,NA,"Primary cancer cells","Primary cancer cells"
"750","GSE155698 PDAC","/Users/macminiye/scRNA-seq_works/Cervix_scRNA_CTCs_project_use/panCTCs/bin/panCTC_classify/V10CC/V10CC_results","Set2","Top3",1,NA,"Primary cancer cells","Primary cancer cells"
"751","GSE173682 OVC","/Users/macminiye/scRNA-seq_works/Cervix_scRNA_CTCs_project_use/panCTCs/bin/panCTC_classify/V10CC/V10CC_results","Set2","Top3",1,NA,"Primary cancer cells","Primary cancer cells"
"752","GSE173682 EC","/Users/macminiye/scRNA-seq_works/Cervix_scRNA_CTCs_project_use/panCTCs/bin/panCTC_classify/V10CC/V10CC_results","Set2","Top3",1,NA,"Primary cancer cells","Primary cancer cells"
"753","GSE193337 PC","/Users/macminiye/scRNA-seq_works/Cervix_scRNA_CTCs_project_use/panCTCs/bin/panCTC_classify/V10CC/V10CC_results","Set2","Top3",1,NA,"Primary cancer cells","Primary cancer cells"
"754","GSE149614 HCC","/Users/macminiye/scRNA-seq_works/Cervix_scRNA_CTCs_project_use/panCTCs/bin/panCTC_classify/V10CC/V10CC_results","Set2","Top3",1,NA,"Primary cancer cells","Primary cancer cells"
"755","GSE173682 OVC","/Users/macminiye/scRNA-seq_works/Cervix_scRNA_CTCs_project_use/panCTCs/bin/panCTC_classify/V10CC/V10CC_results","Set2","Top3",1,NA,"Primary cancer cells","Primary cancer cells"
"756","GSE173682 OVC","/Users/macminiye/scRNA-seq_works/Cervix_scRNA_CTCs_project_use/panCTCs/bin/panCTC_classify/V10CC/V10CC_results","Set2","Top3",1,NA,"Primary cancer cells","Primary cancer cells"
"757","GSE178318 CRC","/Users/macminiye/scRNA-seq_works/Cervix_scRNA_CTCs_project_use/panCTCs/bin/panCTC_classify/V10CC/V10CC_results","Set2","Top3",1,NA,"Primary cancer cells","Primary cancer cells"
"758","GSE150430 NPC","/Users/macminiye/scRNA-seq_works/Cervix_scRNA_CTCs_project_use/panCTCs/bin/panCTC_classify/V10CC/V10CC_results","Set2","Top3",1,NA,"Primary cancer cells","Primary cancer cells"
"759","GSE215120 Melanoma","/Users/macminiye/scRNA-seq_works/Cervix_scRNA_CTCs_project_use/panCTCs/bin/panCTC_classify/V10CC/V10CC_results","Set2","Top3",0.996,NA,"Primary cancer cells","Primary cancer cells"
"760","GSE176078 BC","/Users/macminiye/scRNA-seq_works/Cervix_scRNA_CTCs_project_use/panCTCs/bin/panCTC_classify/V10CC/V10CC_results","Set2","Top3",1,NA,"Primary cancer cells","Primary cancer cells"
"761","GSE168652 CC","/Users/macminiye/scRNA-seq_works/Cervix_scRNA_CTCs_project_use/panCTCs/bin/panCTC_classify/V10CC/V10CC_results","Set2","Top3",1,NA,"Primary cancer cells","Primary cancer cells"
"762","GSE150825 NPC","/Users/macminiye/scRNA-seq_works/Cervix_scRNA_CTCs_project_use/panCTCs/bin/panCTC_classify/V10CC/V10CC_results","Set2","Top3",0.9,NA,"Primary cancer cells","Primary cancer cells"
"763","GSE173682 EC","/Users/macminiye/scRNA-seq_works/Cervix_scRNA_CTCs_project_use/panCTCs/bin/panCTC_classify/V10CC/V10CC_results","Set2","Top3",1,NA,"Primary cancer cells","Primary cancer cells"
"764","GSE178318 CRC","/Users/macminiye/scRNA-seq_works/Cervix_scRNA_CTCs_project_use/panCTCs/bin/panCTC_classify/V10CC/V10CC_results","Set2","Top3",1,NA,"Primary cancer cells","Primary cancer cells"
"765","GSE176031 PC","/Users/macminiye/scRNA-seq_works/Cervix_scRNA_CTCs_project_use/panCTCs/bin/panCTC_classify/V10CC/V10CC_results","Set2","Top3",1,NA,"Primary cancer cells","Primary cancer cells"
"766","GSE173682 EC","/Users/macminiye/scRNA-seq_works/Cervix_scRNA_CTCs_project_use/panCTCs/bin/panCTC_classify/V10CC/V10CC_results","Set2","Top3",1,NA,"Primary cancer cells","Primary cancer cells"
"767","GSE178318 CRC","/Users/macminiye/scRNA-seq_works/Cervix_scRNA_CTCs_project_use/panCTCs/bin/panCTC_classify/V10CC/V10CC_results","Set2","Top3",1,NA,"Primary cancer cells","Primary cancer cells"
"768","GSE150430 NPC","/Users/macminiye/scRNA-seq_works/Cervix_scRNA_CTCs_project_use/panCTCs/bin/panCTC_classify/V10CC/V10CC_results","Set2","Top3",1,NA,"Primary cancer cells","Primary cancer cells"
"769","GSE215120 Melanoma","/Users/macminiye/scRNA-seq_works/Cervix_scRNA_CTCs_project_use/panCTCs/bin/panCTC_classify/V10CC/V10CC_results","Set2","Top3",1,NA,"Primary cancer cells","Primary cancer cells"
"770","GSE162025 NPC","/Users/macminiye/scRNA-seq_works/Cervix_scRNA_CTCs_project_use/panCTCs/bin/panCTC_classify/V10CC/V10CC_results","Set2","Top3",0.98,NA,"Primary cancer cells","Primary cancer cells"
"771","GSM3946506 Melanoma","/Users/macminiye/scRNA-seq_works/Cervix_scRNA_CTCs_project_use/panCTCs/bin/panCTC_classify/V10CC/V10CC_results","Set2","Top3",1,NA,"Primary cancer cells","Primary cancer cells"
"772","E-MTAB-11948 CC","/Users/macminiye/scRNA-seq_works/Cervix_scRNA_CTCs_project_use/panCTCs/bin/panCTC_classify/V10CC/V10CC_results","Set2","Top3",1,NA,"Primary cancer cells","Primary cancer cells"
"773","GSE150430 NPC","/Users/macminiye/scRNA-seq_works/Cervix_scRNA_CTCs_project_use/panCTCs/bin/panCTC_classify/V10CC/V10CC_results","Set2","Top3",1,NA,"Primary cancer cells","Primary cancer cells"
"774","GSE148071 NSCLC","/Users/macminiye/scRNA-seq_works/Cervix_scRNA_CTCs_project_use/panCTCs/bin/panCTC_classify/V10CC/V10CC_results","Set2","Top3",1,NA,"Primary cancer cells","Primary cancer cells"
"775","GSE173682 EC","/Users/macminiye/scRNA-seq_works/Cervix_scRNA_CTCs_project_use/panCTCs/bin/panCTC_classify/V10CC/V10CC_results","Set2","Top3",1,NA,"Primary cancer cells","Primary cancer cells"
"776","GSE150825 NPC","/Users/macminiye/scRNA-seq_works/Cervix_scRNA_CTCs_project_use/panCTCs/bin/panCTC_classify/V10CC/V10CC_results","Set2","Top3",0.96,NA,"Primary cancer cells","Primary cancer cells"
"777","GSE148071 NSCLC","/Users/macminiye/scRNA-seq_works/Cervix_scRNA_CTCs_project_use/panCTCs/bin/panCTC_classify/V10CC/V10CC_results","Set2","Top3",1,NA,"Primary cancer cells","Primary cancer cells"
"778","GSE132465 CRC","/Users/macminiye/scRNA-seq_works/Cervix_scRNA_CTCs_project_use/panCTCs/bin/panCTC_classify/V10CC/V10CC_results","Set2","Top3",0.995,NA,"Primary cancer cells","Primary cancer cells"
"779","GSE168652 CC","/Users/macminiye/scRNA-seq_works/Cervix_scRNA_CTCs_project_use/panCTCs/bin/panCTC_classify/V10CC/V10CC_results","Set2","Top3",1,NA,"Primary cancer cells","Primary cancer cells"
"780","GSE173682 OVC","/Users/macminiye/scRNA-seq_works/Cervix_scRNA_CTCs_project_use/panCTCs/bin/panCTC_classify/V10CC/V10CC_results","Set2","Top3",1,NA,"Primary cancer cells","Primary cancer cells"
"781","GSE176031 PC","/Users/macminiye/scRNA-seq_works/Cervix_scRNA_CTCs_project_use/panCTCs/bin/panCTC_classify/V10CC/V10CC_results","Set2","Top3",1,NA,"Primary cancer cells","Primary cancer cells"
"782","GSE173682 OVC","/Users/macminiye/scRNA-seq_works/Cervix_scRNA_CTCs_project_use/panCTCs/bin/panCTC_classify/V10CC/V10CC_results","Set2","Top3",1,NA,"Primary cancer cells","Primary cancer cells"
"783","GSE127465 NSCLC","/Users/macminiye/scRNA-seq_works/Cervix_scRNA_CTCs_project_use/panCTCs/bin/panCTC_classify/V10CC/V10CC_results","Set2","Top3",1,NA,"Primary cancer cells","Primary cancer cells"
"784","GSE168652 CC","/Users/macminiye/scRNA-seq_works/Cervix_scRNA_CTCs_project_use/panCTCs/bin/panCTC_classify/V10CC/V10CC_results","Set2","Top3",1,NA,"Primary cancer cells","Primary cancer cells"
"785","GSE162025 NPC","/Users/macminiye/scRNA-seq_works/Cervix_scRNA_CTCs_project_use/panCTCs/bin/panCTC_classify/V10CC/V10CC_results","Set2","Top3",0.99,NA,"Primary cancer cells","Primary cancer cells"
"786","GSE150430 NPC","/Users/macminiye/scRNA-seq_works/Cervix_scRNA_CTCs_project_use/panCTCs/bin/panCTC_classify/V10CC/V10CC_results","Set2","Top3",1,NA,"Primary cancer cells","Primary cancer cells"
"787","OMIX001073 GC","/Users/macminiye/scRNA-seq_works/Cervix_scRNA_CTCs_project_use/panCTCs/bin/panCTC_classify/V10CC/V10CC_results","Set2","Top3",1,NA,"Primary cancer cells","Primary cancer cells"
"788","GSE193337 PC","/Users/macminiye/scRNA-seq_works/Cervix_scRNA_CTCs_project_use/panCTCs/bin/panCTC_classify/V10CC/V10CC_results","Set2","Top3",1,NA,"Primary cancer cells","Primary cancer cells"
"789","GSE215120 Melanoma","/Users/macminiye/scRNA-seq_works/Cervix_scRNA_CTCs_project_use/panCTCs/bin/panCTC_classify/V10CC/V10CC_results","Set2","Top3",1,NA,"Primary cancer cells","Primary cancer cells"
"790","GSE132465 CRC","/Users/macminiye/scRNA-seq_works/Cervix_scRNA_CTCs_project_use/panCTCs/bin/panCTC_classify/V10CC/V10CC_results","Set2","Top3",1,NA,"Primary cancer cells","Primary cancer cells"
"791","GSE148071 NSCLC","/Users/macminiye/scRNA-seq_works/Cervix_scRNA_CTCs_project_use/panCTCs/bin/panCTC_classify/V10CC/V10CC_results","Set2","Top3",1,NA,"Primary cancer cells","Primary cancer cells"
"792","GSE148071 NSCLC","/Users/macminiye/scRNA-seq_works/Cervix_scRNA_CTCs_project_use/panCTCs/bin/panCTC_classify/V10CC/V10CC_results","Set2","Top3",1,NA,"Primary cancer cells","Primary cancer cells"
"793","GSE176031 PC","/Users/macminiye/scRNA-seq_works/Cervix_scRNA_CTCs_project_use/panCTCs/bin/panCTC_classify/V10CC/V10CC_results","Set2","Top3",1,NA,"Primary cancer cells","Primary cancer cells"
"794","GSE155698 PDAC","/Users/macminiye/scRNA-seq_works/Cervix_scRNA_CTCs_project_use/panCTCs/bin/panCTC_classify/V10CC/V10CC_results","Set2","Top3",1,NA,"Primary cancer cells","Primary cancer cells"
"795","GSE168652 CC","/Users/macminiye/scRNA-seq_works/Cervix_scRNA_CTCs_project_use/panCTCs/bin/panCTC_classify/V10CC/V10CC_results","Set2","Top3",1,NA,"Primary cancer cells","Primary cancer cells"
"796","GSE127465 NSCLC","/Users/macminiye/scRNA-seq_works/Cervix_scRNA_CTCs_project_use/panCTCs/bin/panCTC_classify/V10CC/V10CC_results","Set2","Top3",1,NA,"Primary cancer cells","Primary cancer cells"
"797","GSE173682 EC","/Users/macminiye/scRNA-seq_works/Cervix_scRNA_CTCs_project_use/panCTCs/bin/panCTC_classify/V10CC/V10CC_results","Set2","Top3",1,NA,"Primary cancer cells","Primary cancer cells"
"798","GSE149614 HCC","/Users/macminiye/scRNA-seq_works/Cervix_scRNA_CTCs_project_use/panCTCs/bin/panCTC_classify/V10CC/V10CC_results","Set2","Top3",1,NA,"Primary cancer cells","Primary cancer cells"
"799","GSM3946506 Melanoma","/Users/macminiye/scRNA-seq_works/Cervix_scRNA_CTCs_project_use/panCTCs/bin/panCTC_classify/V10CC/V10CC_results","Set2","Top3",1,NA,"Primary cancer cells","Primary cancer cells"
"800","GSE178318 CRC","/Users/macminiye/scRNA-seq_works/Cervix_scRNA_CTCs_project_use/panCTCs/bin/panCTC_classify/V10CC/V10CC_results","Set2","Top3",1,NA,"Primary cancer cells","Primary cancer cells"
"801","GSE150430 NPC","/Users/macminiye/scRNA-seq_works/Cervix_scRNA_CTCs_project_use/panCTCs/bin/panCTC_classify/V10CC/V10CC_results","Set2","Top3",1,NA,"Primary cancer cells","Primary cancer cells"
"802","GSE132465 CRC","/Users/macminiye/scRNA-seq_works/Cervix_scRNA_CTCs_project_use/panCTCs/bin/panCTC_classify/V10CC/V10CC_results","Set3","Top1",1,NA,"Primary cancer cells","Primary cancer cells"
"803","GSE149614 HCC","/Users/macminiye/scRNA-seq_works/Cervix_scRNA_CTCs_project_use/panCTCs/bin/panCTC_classify/V10CC/V10CC_results","Set3","Top1",1,NA,"Primary cancer cells","Primary cancer cells"
"804","OMIX001073 GC","/Users/macminiye/scRNA-seq_works/Cervix_scRNA_CTCs_project_use/panCTCs/bin/panCTC_classify/V10CC/V10CC_results","Set3","Top1",0.99,NA,"Primary cancer cells","Primary cancer cells"
"805","GSE176078 BC","/Users/macminiye/scRNA-seq_works/Cervix_scRNA_CTCs_project_use/panCTCs/bin/panCTC_classify/V10CC/V10CC_results","Set3","Top1",1,NA,"Primary cancer cells","Primary cancer cells"
"806","GSM3946506 Melanoma","/Users/macminiye/scRNA-seq_works/Cervix_scRNA_CTCs_project_use/panCTCs/bin/panCTC_classify/V10CC/V10CC_results","Set3","Top1",1,NA,"Primary cancer cells","Primary cancer cells"
"807","GSE176078 BC","/Users/macminiye/scRNA-seq_works/Cervix_scRNA_CTCs_project_use/panCTCs/bin/panCTC_classify/V10CC/V10CC_results","Set3","Top1",0.995,NA,"Primary cancer cells","Primary cancer cells"
"808","OMIX001073 GC","/Users/macminiye/scRNA-seq_works/Cervix_scRNA_CTCs_project_use/panCTCs/bin/panCTC_classify/V10CC/V10CC_results","Set3","Top1",1,NA,"Primary cancer cells","Primary cancer cells"
"809","GSE150430 NPC","/Users/macminiye/scRNA-seq_works/Cervix_scRNA_CTCs_project_use/panCTCs/bin/panCTC_classify/V10CC/V10CC_results","Set3","Top1",1,NA,"Primary cancer cells","Primary cancer cells"
"810","GSE155698 PDAC","/Users/macminiye/scRNA-seq_works/Cervix_scRNA_CTCs_project_use/panCTCs/bin/panCTC_classify/V10CC/V10CC_results","Set3","Top1",0.982,NA,"Primary cancer cells","Primary cancer cells"
"811","E-MTAB-11948 CC","/Users/macminiye/scRNA-seq_works/Cervix_scRNA_CTCs_project_use/panCTCs/bin/panCTC_classify/V10CC/V10CC_results","Set3","Top1",1,NA,"Primary cancer cells","Primary cancer cells"
"812","GSE149614 HCC","/Users/macminiye/scRNA-seq_works/Cervix_scRNA_CTCs_project_use/panCTCs/bin/panCTC_classify/V10CC/V10CC_results","Set3","Top1",0.99,NA,"Primary cancer cells","Primary cancer cells"
"813","GSE215120 Melanoma","/Users/macminiye/scRNA-seq_works/Cervix_scRNA_CTCs_project_use/panCTCs/bin/panCTC_classify/V10CC/V10CC_results","Set3","Top1",1,NA,"Primary cancer cells","Primary cancer cells"
"814","GSE132465 CRC","/Users/macminiye/scRNA-seq_works/Cervix_scRNA_CTCs_project_use/panCTCs/bin/panCTC_classify/V10CC/V10CC_results","Set3","Top1",1,NA,"Primary cancer cells","Primary cancer cells"
"815","GSE148071 NSCLC","/Users/macminiye/scRNA-seq_works/Cervix_scRNA_CTCs_project_use/panCTCs/bin/panCTC_classify/V10CC/V10CC_results","Set3","Top1",1,NA,"Primary cancer cells","Primary cancer cells"
"816","GSE176031 PC","/Users/macminiye/scRNA-seq_works/Cervix_scRNA_CTCs_project_use/panCTCs/bin/panCTC_classify/V10CC/V10CC_results","Set3","Top1",1,NA,"Primary cancer cells","Primary cancer cells"
"817","GSE127465 NSCLC","/Users/macminiye/scRNA-seq_works/Cervix_scRNA_CTCs_project_use/panCTCs/bin/panCTC_classify/V10CC/V10CC_results","Set3","Top1",0.86,NA,"Primary cancer cells","Primary cancer cells"
"818","GSE176078 BC","/Users/macminiye/scRNA-seq_works/Cervix_scRNA_CTCs_project_use/panCTCs/bin/panCTC_classify/V10CC/V10CC_results","Set3","Top1",1,NA,"Primary cancer cells","Primary cancer cells"
"819","GSE168652 CC","/Users/macminiye/scRNA-seq_works/Cervix_scRNA_CTCs_project_use/panCTCs/bin/panCTC_classify/V10CC/V10CC_results","Set3","Top1",1,NA,"Primary cancer cells","Primary cancer cells"
"820","GSE149614 HCC","/Users/macminiye/scRNA-seq_works/Cervix_scRNA_CTCs_project_use/panCTCs/bin/panCTC_classify/V10CC/V10CC_results","Set3","Top1",0.994,NA,"Primary cancer cells","Primary cancer cells"
"821","E-MTAB-11948 CC","/Users/macminiye/scRNA-seq_works/Cervix_scRNA_CTCs_project_use/panCTCs/bin/panCTC_classify/V10CC/V10CC_results","Set3","Top1",0.996,NA,"Primary cancer cells","Primary cancer cells"
"822","GSE155698 PDAC","/Users/macminiye/scRNA-seq_works/Cervix_scRNA_CTCs_project_use/panCTCs/bin/panCTC_classify/V10CC/V10CC_results","Set3","Top1",0.94,NA,"Primary cancer cells","Primary cancer cells"
"823","GSE150825 NPC","/Users/macminiye/scRNA-seq_works/Cervix_scRNA_CTCs_project_use/panCTCs/bin/panCTC_classify/V10CC/V10CC_results","Set3","Top1",0.8,NA,"Primary cancer cells","Primary cancer cells"
"824","GSE178318 CRC","/Users/macminiye/scRNA-seq_works/Cervix_scRNA_CTCs_project_use/panCTCs/bin/panCTC_classify/V10CC/V10CC_results","Set3","Top1",1,NA,"Primary cancer cells","Primary cancer cells"
"825","GSE173682 EC","/Users/macminiye/scRNA-seq_works/Cervix_scRNA_CTCs_project_use/panCTCs/bin/panCTC_classify/V10CC/V10CC_results","Set3","Top1",1,NA,"Primary cancer cells","Primary cancer cells"
"826","GSE193337 PC","/Users/macminiye/scRNA-seq_works/Cervix_scRNA_CTCs_project_use/panCTCs/bin/panCTC_classify/V10CC/V10CC_results","Set3","Top1",0.97,NA,"Primary cancer cells","Primary cancer cells"
"827","GSE155698 PDAC","/Users/macminiye/scRNA-seq_works/Cervix_scRNA_CTCs_project_use/panCTCs/bin/panCTC_classify/V10CC/V10CC_results","Set3","Top1",0.96,NA,"Primary cancer cells","Primary cancer cells"
"828","GSM3946506 Melanoma","/Users/macminiye/scRNA-seq_works/Cervix_scRNA_CTCs_project_use/panCTCs/bin/panCTC_classify/V10CC/V10CC_results","Set3","Top1",1,NA,"Primary cancer cells","Primary cancer cells"
"829","E-MTAB-11948 CC","/Users/macminiye/scRNA-seq_works/Cervix_scRNA_CTCs_project_use/panCTCs/bin/panCTC_classify/V10CC/V10CC_results","Set3","Top1",1,NA,"Primary cancer cells","Primary cancer cells"
"830","OMIX001073 GC","/Users/macminiye/scRNA-seq_works/Cervix_scRNA_CTCs_project_use/panCTCs/bin/panCTC_classify/V10CC/V10CC_results","Set3","Top1",0.992,NA,"Primary cancer cells","Primary cancer cells"
"831","GSE173682 OVC","/Users/macminiye/scRNA-seq_works/Cervix_scRNA_CTCs_project_use/panCTCs/bin/panCTC_classify/V10CC/V10CC_results","Set3","Top1",1,NA,"Primary cancer cells","Primary cancer cells"
"832","GSE168652 CC","/Users/macminiye/scRNA-seq_works/Cervix_scRNA_CTCs_project_use/panCTCs/bin/panCTC_classify/V10CC/V10CC_results","Set3","Top1",1,NA,"Primary cancer cells","Primary cancer cells"
"833","GSE176078 BC","/Users/macminiye/scRNA-seq_works/Cervix_scRNA_CTCs_project_use/panCTCs/bin/panCTC_classify/V10CC/V10CC_results","Set3","Top1",1,NA,"Primary cancer cells","Primary cancer cells"
"834","GSE150825 NPC","/Users/macminiye/scRNA-seq_works/Cervix_scRNA_CTCs_project_use/panCTCs/bin/panCTC_classify/V10CC/V10CC_results","Set3","Top1",1,NA,"Primary cancer cells","Primary cancer cells"
"835","OMIX001073 GC","/Users/macminiye/scRNA-seq_works/Cervix_scRNA_CTCs_project_use/panCTCs/bin/panCTC_classify/V10CC/V10CC_results","Set3","Top1",1,NA,"Primary cancer cells","Primary cancer cells"
"836","OMIX001073 GC","/Users/macminiye/scRNA-seq_works/Cervix_scRNA_CTCs_project_use/panCTCs/bin/panCTC_classify/V10CC/V10CC_results","Set3","Top1",1,NA,"Primary cancer cells","Primary cancer cells"
"837","E-MTAB-11948 CC","/Users/macminiye/scRNA-seq_works/Cervix_scRNA_CTCs_project_use/panCTCs/bin/panCTC_classify/V10CC/V10CC_results","Set3","Top1",1,NA,"Primary cancer cells","Primary cancer cells"
"838","GSE162025 NPC","/Users/macminiye/scRNA-seq_works/Cervix_scRNA_CTCs_project_use/panCTCs/bin/panCTC_classify/V10CC/V10CC_results","Set3","Top1",1,NA,"Primary cancer cells","Primary cancer cells"
"839","GSE176078 BC","/Users/macminiye/scRNA-seq_works/Cervix_scRNA_CTCs_project_use/panCTCs/bin/panCTC_classify/V10CC/V10CC_results","Set3","Top1",0.99,NA,"Primary cancer cells","Primary cancer cells"
"840","GSE155698 PDAC","/Users/macminiye/scRNA-seq_works/Cervix_scRNA_CTCs_project_use/panCTCs/bin/panCTC_classify/V10CC/V10CC_results","Set3","Top1",1,NA,"Primary cancer cells","Primary cancer cells"
"841","GSE149614 HCC","/Users/macminiye/scRNA-seq_works/Cervix_scRNA_CTCs_project_use/panCTCs/bin/panCTC_classify/V10CC/V10CC_results","Set3","Top1",1,NA,"Primary cancer cells","Primary cancer cells"
"842","E-MTAB-11948 CC","/Users/macminiye/scRNA-seq_works/Cervix_scRNA_CTCs_project_use/panCTCs/bin/panCTC_classify/V10CC/V10CC_results","Set3","Top1",0.995,NA,"Primary cancer cells","Primary cancer cells"
"843","GSE178318 CRC","/Users/macminiye/scRNA-seq_works/Cervix_scRNA_CTCs_project_use/panCTCs/bin/panCTC_classify/V10CC/V10CC_results","Set3","Top1",1,NA,"Primary cancer cells","Primary cancer cells"
"844","GSE176078 BC","/Users/macminiye/scRNA-seq_works/Cervix_scRNA_CTCs_project_use/panCTCs/bin/panCTC_classify/V10CC/V10CC_results","Set3","Top1",0.988,NA,"Primary cancer cells","Primary cancer cells"
"845","GSM3946506 Melanoma","/Users/macminiye/scRNA-seq_works/Cervix_scRNA_CTCs_project_use/panCTCs/bin/panCTC_classify/V10CC/V10CC_results","Set3","Top1",1,NA,"Primary cancer cells","Primary cancer cells"
"846","GSE155698 PDAC","/Users/macminiye/scRNA-seq_works/Cervix_scRNA_CTCs_project_use/panCTCs/bin/panCTC_classify/V10CC/V10CC_results","Set3","Top1",0.975,NA,"Primary cancer cells","Primary cancer cells"
"847","GSE215120 Melanoma","/Users/macminiye/scRNA-seq_works/Cervix_scRNA_CTCs_project_use/panCTCs/bin/panCTC_classify/V10CC/V10CC_results","Set3","Top1",1,NA,"Primary cancer cells","Primary cancer cells"
"848","GSE149614 HCC","/Users/macminiye/scRNA-seq_works/Cervix_scRNA_CTCs_project_use/panCTCs/bin/panCTC_classify/V10CC/V10CC_results","Set3","Top1",1,NA,"Primary cancer cells","Primary cancer cells"
"849","GSE127465 NSCLC","/Users/macminiye/scRNA-seq_works/Cervix_scRNA_CTCs_project_use/panCTCs/bin/panCTC_classify/V10CC/V10CC_results","Set3","Top1",0.915,NA,"Primary cancer cells","Primary cancer cells"
"850","GSE127465 NSCLC","/Users/macminiye/scRNA-seq_works/Cervix_scRNA_CTCs_project_use/panCTCs/bin/panCTC_classify/V10CC/V10CC_results","Set3","Top1",1,NA,"Primary cancer cells","Primary cancer cells"
"851","GSE176031 PC","/Users/macminiye/scRNA-seq_works/Cervix_scRNA_CTCs_project_use/panCTCs/bin/panCTC_classify/V10CC/V10CC_results","Set3","Top1",1,NA,"Primary cancer cells","Primary cancer cells"
"852","GSE148071 NSCLC","/Users/macminiye/scRNA-seq_works/Cervix_scRNA_CTCs_project_use/panCTCs/bin/panCTC_classify/V10CC/V10CC_results","Set3","Top1",1,NA,"Primary cancer cells","Primary cancer cells"
"853","GSE193337 PC","/Users/macminiye/scRNA-seq_works/Cervix_scRNA_CTCs_project_use/panCTCs/bin/panCTC_classify/V10CC/V10CC_results","Set3","Top1",1,NA,"Primary cancer cells","Primary cancer cells"
"854","OMIX001073 GC","/Users/macminiye/scRNA-seq_works/Cervix_scRNA_CTCs_project_use/panCTCs/bin/panCTC_classify/V10CC/V10CC_results","Set3","Top1",1,NA,"Primary cancer cells","Primary cancer cells"
"855","GSE173682 EC","/Users/macminiye/scRNA-seq_works/Cervix_scRNA_CTCs_project_use/panCTCs/bin/panCTC_classify/V10CC/V10CC_results","Set3","Top1",1,NA,"Primary cancer cells","Primary cancer cells"
"856","GSE193337 PC","/Users/macminiye/scRNA-seq_works/Cervix_scRNA_CTCs_project_use/panCTCs/bin/panCTC_classify/V10CC/V10CC_results","Set3","Top1",0.985,NA,"Primary cancer cells","Primary cancer cells"
"857","GSE168652 CC","/Users/macminiye/scRNA-seq_works/Cervix_scRNA_CTCs_project_use/panCTCs/bin/panCTC_classify/V10CC/V10CC_results","Set3","Top1",1,NA,"Primary cancer cells","Primary cancer cells"
"858","E-MTAB-11948 CC","/Users/macminiye/scRNA-seq_works/Cervix_scRNA_CTCs_project_use/panCTCs/bin/panCTC_classify/V10CC/V10CC_results","Set3","Top1",1,NA,"Primary cancer cells","Primary cancer cells"
"859","GSM3946506 Melanoma","/Users/macminiye/scRNA-seq_works/Cervix_scRNA_CTCs_project_use/panCTCs/bin/panCTC_classify/V10CC/V10CC_results","Set3","Top1",1,NA,"Primary cancer cells","Primary cancer cells"
"860","GSE132465 CRC","/Users/macminiye/scRNA-seq_works/Cervix_scRNA_CTCs_project_use/panCTCs/bin/panCTC_classify/V10CC/V10CC_results","Set3","Top1",0.98,NA,"Primary cancer cells","Primary cancer cells"
"861","GSE215120 Melanoma","/Users/macminiye/scRNA-seq_works/Cervix_scRNA_CTCs_project_use/panCTCs/bin/panCTC_classify/V10CC/V10CC_results","Set3","Top1",1,NA,"Primary cancer cells","Primary cancer cells"
"862","GSE193337 PC","/Users/macminiye/scRNA-seq_works/Cervix_scRNA_CTCs_project_use/panCTCs/bin/panCTC_classify/V10CC/V10CC_results","Set3","Top1",1,NA,"Primary cancer cells","Primary cancer cells"
"863","GSE150430 NPC","/Users/macminiye/scRNA-seq_works/Cervix_scRNA_CTCs_project_use/panCTCs/bin/panCTC_classify/V10CC/V10CC_results","Set3","Top1",1,NA,"Primary cancer cells","Primary cancer cells"
"864","GSE215120 Melanoma","/Users/macminiye/scRNA-seq_works/Cervix_scRNA_CTCs_project_use/panCTCs/bin/panCTC_classify/V10CC/V10CC_results","Set3","Top1",1,NA,"Primary cancer cells","Primary cancer cells"
"865","GSE162025 NPC","/Users/macminiye/scRNA-seq_works/Cervix_scRNA_CTCs_project_use/panCTCs/bin/panCTC_classify/V10CC/V10CC_results","Set3","Top1",1,NA,"Primary cancer cells","Primary cancer cells"
"866","GSE178318 CRC","/Users/macminiye/scRNA-seq_works/Cervix_scRNA_CTCs_project_use/panCTCs/bin/panCTC_classify/V10CC/V10CC_results","Set3","Top1",1,NA,"Primary cancer cells","Primary cancer cells"
"867","GSE173682 OVC","/Users/macminiye/scRNA-seq_works/Cervix_scRNA_CTCs_project_use/panCTCs/bin/panCTC_classify/V10CC/V10CC_results","Set3","Top1",1,NA,"Primary cancer cells","Primary cancer cells"
"868","GSE132465 CRC","/Users/macminiye/scRNA-seq_works/Cervix_scRNA_CTCs_project_use/panCTCs/bin/panCTC_classify/V10CC/V10CC_results","Set3","Top1",0.98,NA,"Primary cancer cells","Primary cancer cells"
"869","GSE176031 PC","/Users/macminiye/scRNA-seq_works/Cervix_scRNA_CTCs_project_use/panCTCs/bin/panCTC_classify/V10CC/V10CC_results","Set3","Top1",1,NA,"Primary cancer cells","Primary cancer cells"
"870","GSE148071 NSCLC","/Users/macminiye/scRNA-seq_works/Cervix_scRNA_CTCs_project_use/panCTCs/bin/panCTC_classify/V10CC/V10CC_results","Set3","Top1",0.985,NA,"Primary cancer cells","Primary cancer cells"
"871","GSE127465 NSCLC","/Users/macminiye/scRNA-seq_works/Cervix_scRNA_CTCs_project_use/panCTCs/bin/panCTC_classify/V10CC/V10CC_results","Set3","Top1",0.8,NA,"Primary cancer cells","Primary cancer cells"
"872","GSE162025 NPC","/Users/macminiye/scRNA-seq_works/Cervix_scRNA_CTCs_project_use/panCTCs/bin/panCTC_classify/V10CC/V10CC_results","Set3","Top1",0.95,NA,"Primary cancer cells","Primary cancer cells"
"873","GSE132465 CRC","/Users/macminiye/scRNA-seq_works/Cervix_scRNA_CTCs_project_use/panCTCs/bin/panCTC_classify/V10CC/V10CC_results","Set3","Top1",0.982,NA,"Primary cancer cells","Primary cancer cells"
"874","GSE155698 PDAC","/Users/macminiye/scRNA-seq_works/Cervix_scRNA_CTCs_project_use/panCTCs/bin/panCTC_classify/V10CC/V10CC_results","Set3","Top1",0.9,NA,"Primary cancer cells","Primary cancer cells"
"875","GSE173682 OVC","/Users/macminiye/scRNA-seq_works/Cervix_scRNA_CTCs_project_use/panCTCs/bin/panCTC_classify/V10CC/V10CC_results","Set3","Top1",0.994,NA,"Primary cancer cells","Primary cancer cells"
"876","GSE173682 EC","/Users/macminiye/scRNA-seq_works/Cervix_scRNA_CTCs_project_use/panCTCs/bin/panCTC_classify/V10CC/V10CC_results","Set3","Top1",1,NA,"Primary cancer cells","Primary cancer cells"
"877","GSE193337 PC","/Users/macminiye/scRNA-seq_works/Cervix_scRNA_CTCs_project_use/panCTCs/bin/panCTC_classify/V10CC/V10CC_results","Set3","Top1",1,NA,"Primary cancer cells","Primary cancer cells"
"878","GSE149614 HCC","/Users/macminiye/scRNA-seq_works/Cervix_scRNA_CTCs_project_use/panCTCs/bin/panCTC_classify/V10CC/V10CC_results","Set3","Top1",1,NA,"Primary cancer cells","Primary cancer cells"
"879","GSE173682 OVC","/Users/macminiye/scRNA-seq_works/Cervix_scRNA_CTCs_project_use/panCTCs/bin/panCTC_classify/V10CC/V10CC_results","Set3","Top1",0.95,NA,"Primary cancer cells","Primary cancer cells"
"880","GSE173682 OVC","/Users/macminiye/scRNA-seq_works/Cervix_scRNA_CTCs_project_use/panCTCs/bin/panCTC_classify/V10CC/V10CC_results","Set3","Top1",1,NA,"Primary cancer cells","Primary cancer cells"
"881","GSE178318 CRC","/Users/macminiye/scRNA-seq_works/Cervix_scRNA_CTCs_project_use/panCTCs/bin/panCTC_classify/V10CC/V10CC_results","Set3","Top1",0.985,NA,"Primary cancer cells","Primary cancer cells"
"882","GSE150430 NPC","/Users/macminiye/scRNA-seq_works/Cervix_scRNA_CTCs_project_use/panCTCs/bin/panCTC_classify/V10CC/V10CC_results","Set3","Top1",1,NA,"Primary cancer cells","Primary cancer cells"
"883","GSE215120 Melanoma","/Users/macminiye/scRNA-seq_works/Cervix_scRNA_CTCs_project_use/panCTCs/bin/panCTC_classify/V10CC/V10CC_results","Set3","Top1",1,NA,"Primary cancer cells","Primary cancer cells"
"884","GSE176078 BC","/Users/macminiye/scRNA-seq_works/Cervix_scRNA_CTCs_project_use/panCTCs/bin/panCTC_classify/V10CC/V10CC_results","Set3","Top1",1,NA,"Primary cancer cells","Primary cancer cells"
"885","GSE168652 CC","/Users/macminiye/scRNA-seq_works/Cervix_scRNA_CTCs_project_use/panCTCs/bin/panCTC_classify/V10CC/V10CC_results","Set3","Top1",1,NA,"Primary cancer cells","Primary cancer cells"
"886","GSE150825 NPC","/Users/macminiye/scRNA-seq_works/Cervix_scRNA_CTCs_project_use/panCTCs/bin/panCTC_classify/V10CC/V10CC_results","Set3","Top1",0.95,NA,"Primary cancer cells","Primary cancer cells"
"887","GSE173682 EC","/Users/macminiye/scRNA-seq_works/Cervix_scRNA_CTCs_project_use/panCTCs/bin/panCTC_classify/V10CC/V10CC_results","Set3","Top1",0.99,NA,"Primary cancer cells","Primary cancer cells"
"888","GSE178318 CRC","/Users/macminiye/scRNA-seq_works/Cervix_scRNA_CTCs_project_use/panCTCs/bin/panCTC_classify/V10CC/V10CC_results","Set3","Top1",1,NA,"Primary cancer cells","Primary cancer cells"
"889","GSE176031 PC","/Users/macminiye/scRNA-seq_works/Cervix_scRNA_CTCs_project_use/panCTCs/bin/panCTC_classify/V10CC/V10CC_results","Set3","Top1",1,NA,"Primary cancer cells","Primary cancer cells"
"890","GSE173682 EC","/Users/macminiye/scRNA-seq_works/Cervix_scRNA_CTCs_project_use/panCTCs/bin/panCTC_classify/V10CC/V10CC_results","Set3","Top1",1,NA,"Primary cancer cells","Primary cancer cells"
"891","GSE178318 CRC","/Users/macminiye/scRNA-seq_works/Cervix_scRNA_CTCs_project_use/panCTCs/bin/panCTC_classify/V10CC/V10CC_results","Set3","Top1",0.99,NA,"Primary cancer cells","Primary cancer cells"
"892","GSE150430 NPC","/Users/macminiye/scRNA-seq_works/Cervix_scRNA_CTCs_project_use/panCTCs/bin/panCTC_classify/V10CC/V10CC_results","Set3","Top1",1,NA,"Primary cancer cells","Primary cancer cells"
"893","GSE215120 Melanoma","/Users/macminiye/scRNA-seq_works/Cervix_scRNA_CTCs_project_use/panCTCs/bin/panCTC_classify/V10CC/V10CC_results","Set3","Top1",1,NA,"Primary cancer cells","Primary cancer cells"
"894","GSE162025 NPC","/Users/macminiye/scRNA-seq_works/Cervix_scRNA_CTCs_project_use/panCTCs/bin/panCTC_classify/V10CC/V10CC_results","Set3","Top1",1,NA,"Primary cancer cells","Primary cancer cells"
"895","GSM3946506 Melanoma","/Users/macminiye/scRNA-seq_works/Cervix_scRNA_CTCs_project_use/panCTCs/bin/panCTC_classify/V10CC/V10CC_results","Set3","Top1",1,NA,"Primary cancer cells","Primary cancer cells"
"896","E-MTAB-11948 CC","/Users/macminiye/scRNA-seq_works/Cervix_scRNA_CTCs_project_use/panCTCs/bin/panCTC_classify/V10CC/V10CC_results","Set3","Top1",1,NA,"Primary cancer cells","Primary cancer cells"
"897","GSE150430 NPC","/Users/macminiye/scRNA-seq_works/Cervix_scRNA_CTCs_project_use/panCTCs/bin/panCTC_classify/V10CC/V10CC_results","Set3","Top1",1,NA,"Primary cancer cells","Primary cancer cells"
"898","GSE148071 NSCLC","/Users/macminiye/scRNA-seq_works/Cervix_scRNA_CTCs_project_use/panCTCs/bin/panCTC_classify/V10CC/V10CC_results","Set3","Top1",1,NA,"Primary cancer cells","Primary cancer cells"
"899","GSE173682 EC","/Users/macminiye/scRNA-seq_works/Cervix_scRNA_CTCs_project_use/panCTCs/bin/panCTC_classify/V10CC/V10CC_results","Set3","Top1",0.996,NA,"Primary cancer cells","Primary cancer cells"
"900","GSE150825 NPC","/Users/macminiye/scRNA-seq_works/Cervix_scRNA_CTCs_project_use/panCTCs/bin/panCTC_classify/V10CC/V10CC_results","Set3","Top1",0.84,NA,"Primary cancer cells","Primary cancer cells"
"901","GSE148071 NSCLC","/Users/macminiye/scRNA-seq_works/Cervix_scRNA_CTCs_project_use/panCTCs/bin/panCTC_classify/V10CC/V10CC_results","Set3","Top1",1,NA,"Primary cancer cells","Primary cancer cells"
"902","GSE132465 CRC","/Users/macminiye/scRNA-seq_works/Cervix_scRNA_CTCs_project_use/panCTCs/bin/panCTC_classify/V10CC/V10CC_results","Set3","Top1",0.98,NA,"Primary cancer cells","Primary cancer cells"
"903","GSE168652 CC","/Users/macminiye/scRNA-seq_works/Cervix_scRNA_CTCs_project_use/panCTCs/bin/panCTC_classify/V10CC/V10CC_results","Set3","Top1",1,NA,"Primary cancer cells","Primary cancer cells"
"904","GSE173682 OVC","/Users/macminiye/scRNA-seq_works/Cervix_scRNA_CTCs_project_use/panCTCs/bin/panCTC_classify/V10CC/V10CC_results","Set3","Top1",0.99,NA,"Primary cancer cells","Primary cancer cells"
"905","GSE176031 PC","/Users/macminiye/scRNA-seq_works/Cervix_scRNA_CTCs_project_use/panCTCs/bin/panCTC_classify/V10CC/V10CC_results","Set3","Top1",1,NA,"Primary cancer cells","Primary cancer cells"
"906","GSE173682 OVC","/Users/macminiye/scRNA-seq_works/Cervix_scRNA_CTCs_project_use/panCTCs/bin/panCTC_classify/V10CC/V10CC_results","Set3","Top1",1,NA,"Primary cancer cells","Primary cancer cells"
"907","GSE127465 NSCLC","/Users/macminiye/scRNA-seq_works/Cervix_scRNA_CTCs_project_use/panCTCs/bin/panCTC_classify/V10CC/V10CC_results","Set3","Top1",0.8,NA,"Primary cancer cells","Primary cancer cells"
"908","GSE168652 CC","/Users/macminiye/scRNA-seq_works/Cervix_scRNA_CTCs_project_use/panCTCs/bin/panCTC_classify/V10CC/V10CC_results","Set3","Top1",1,NA,"Primary cancer cells","Primary cancer cells"
"909","GSE162025 NPC","/Users/macminiye/scRNA-seq_works/Cervix_scRNA_CTCs_project_use/panCTCs/bin/panCTC_classify/V10CC/V10CC_results","Set3","Top1",0.95,NA,"Primary cancer cells","Primary cancer cells"
"910","GSE150430 NPC","/Users/macminiye/scRNA-seq_works/Cervix_scRNA_CTCs_project_use/panCTCs/bin/panCTC_classify/V10CC/V10CC_results","Set3","Top1",1,NA,"Primary cancer cells","Primary cancer cells"
"911","OMIX001073 GC","/Users/macminiye/scRNA-seq_works/Cervix_scRNA_CTCs_project_use/panCTCs/bin/panCTC_classify/V10CC/V10CC_results","Set3","Top1",0.9,NA,"Primary cancer cells","Primary cancer cells"
"912","GSE193337 PC","/Users/macminiye/scRNA-seq_works/Cervix_scRNA_CTCs_project_use/panCTCs/bin/panCTC_classify/V10CC/V10CC_results","Set3","Top1",1,NA,"Primary cancer cells","Primary cancer cells"
"913","GSE215120 Melanoma","/Users/macminiye/scRNA-seq_works/Cervix_scRNA_CTCs_project_use/panCTCs/bin/panCTC_classify/V10CC/V10CC_results","Set3","Top1",1,NA,"Primary cancer cells","Primary cancer cells"
"914","GSE132465 CRC","/Users/macminiye/scRNA-seq_works/Cervix_scRNA_CTCs_project_use/panCTCs/bin/panCTC_classify/V10CC/V10CC_results","Set3","Top1",0.95,NA,"Primary cancer cells","Primary cancer cells"
"915","GSE148071 NSCLC","/Users/macminiye/scRNA-seq_works/Cervix_scRNA_CTCs_project_use/panCTCs/bin/panCTC_classify/V10CC/V10CC_results","Set3","Top1",1,NA,"Primary cancer cells","Primary cancer cells"
"916","GSE148071 NSCLC","/Users/macminiye/scRNA-seq_works/Cervix_scRNA_CTCs_project_use/panCTCs/bin/panCTC_classify/V10CC/V10CC_results","Set3","Top1",0.998,NA,"Primary cancer cells","Primary cancer cells"
"917","GSE176031 PC","/Users/macminiye/scRNA-seq_works/Cervix_scRNA_CTCs_project_use/panCTCs/bin/panCTC_classify/V10CC/V10CC_results","Set3","Top1",1,NA,"Primary cancer cells","Primary cancer cells"
"918","GSE155698 PDAC","/Users/macminiye/scRNA-seq_works/Cervix_scRNA_CTCs_project_use/panCTCs/bin/panCTC_classify/V10CC/V10CC_results","Set3","Top1",1,NA,"Primary cancer cells","Primary cancer cells"
"919","GSE168652 CC","/Users/macminiye/scRNA-seq_works/Cervix_scRNA_CTCs_project_use/panCTCs/bin/panCTC_classify/V10CC/V10CC_results","Set3","Top1",0.995,NA,"Primary cancer cells","Primary cancer cells"
"920","GSE127465 NSCLC","/Users/macminiye/scRNA-seq_works/Cervix_scRNA_CTCs_project_use/panCTCs/bin/panCTC_classify/V10CC/V10CC_results","Set3","Top1",0.9,NA,"Primary cancer cells","Primary cancer cells"
"921","GSE173682 EC","/Users/macminiye/scRNA-seq_works/Cervix_scRNA_CTCs_project_use/panCTCs/bin/panCTC_classify/V10CC/V10CC_results","Set3","Top1",0.99,NA,"Primary cancer cells","Primary cancer cells"
"922","GSE149614 HCC","/Users/macminiye/scRNA-seq_works/Cervix_scRNA_CTCs_project_use/panCTCs/bin/panCTC_classify/V10CC/V10CC_results","Set3","Top1",1,NA,"Primary cancer cells","Primary cancer cells"
"923","GSM3946506 Melanoma","/Users/macminiye/scRNA-seq_works/Cervix_scRNA_CTCs_project_use/panCTCs/bin/panCTC_classify/V10CC/V10CC_results","Set3","Top1",1,NA,"Primary cancer cells","Primary cancer cells"
"924","GSE178318 CRC","/Users/macminiye/scRNA-seq_works/Cervix_scRNA_CTCs_project_use/panCTCs/bin/panCTC_classify/V10CC/V10CC_results","Set3","Top1",0.99,NA,"Primary cancer cells","Primary cancer cells"
"925","GSE150430 NPC","/Users/macminiye/scRNA-seq_works/Cervix_scRNA_CTCs_project_use/panCTCs/bin/panCTC_classify/V10CC/V10CC_results","Set3","Top1",1,NA,"Primary cancer cells","Primary cancer cells"
"926","GSE132465 CRC","/Users/macminiye/scRNA-seq_works/Cervix_scRNA_CTCs_project_use/panCTCs/bin/panCTC_classify/V10CC/V10CC_results","Set3","Top2",1,NA,"Primary cancer cells","Primary cancer cells"
"927","GSE149614 HCC","/Users/macminiye/scRNA-seq_works/Cervix_scRNA_CTCs_project_use/panCTCs/bin/panCTC_classify/V10CC/V10CC_results","Set3","Top2",1,NA,"Primary cancer cells","Primary cancer cells"
"928","OMIX001073 GC","/Users/macminiye/scRNA-seq_works/Cervix_scRNA_CTCs_project_use/panCTCs/bin/panCTC_classify/V10CC/V10CC_results","Set3","Top2",1,NA,"Primary cancer cells","Primary cancer cells"
"929","GSE176078 BC","/Users/macminiye/scRNA-seq_works/Cervix_scRNA_CTCs_project_use/panCTCs/bin/panCTC_classify/V10CC/V10CC_results","Set3","Top2",1,NA,"Primary cancer cells","Primary cancer cells"
"930","GSM3946506 Melanoma","/Users/macminiye/scRNA-seq_works/Cervix_scRNA_CTCs_project_use/panCTCs/bin/panCTC_classify/V10CC/V10CC_results","Set3","Top2",1,NA,"Primary cancer cells","Primary cancer cells"
"931","GSE176078 BC","/Users/macminiye/scRNA-seq_works/Cervix_scRNA_CTCs_project_use/panCTCs/bin/panCTC_classify/V10CC/V10CC_results","Set3","Top2",0.995,NA,"Primary cancer cells","Primary cancer cells"
"932","OMIX001073 GC","/Users/macminiye/scRNA-seq_works/Cervix_scRNA_CTCs_project_use/panCTCs/bin/panCTC_classify/V10CC/V10CC_results","Set3","Top2",1,NA,"Primary cancer cells","Primary cancer cells"
"933","GSE150430 NPC","/Users/macminiye/scRNA-seq_works/Cervix_scRNA_CTCs_project_use/panCTCs/bin/panCTC_classify/V10CC/V10CC_results","Set3","Top2",1,NA,"Primary cancer cells","Primary cancer cells"
"934","GSE155698 PDAC","/Users/macminiye/scRNA-seq_works/Cervix_scRNA_CTCs_project_use/panCTCs/bin/panCTC_classify/V10CC/V10CC_results","Set3","Top2",0.992,NA,"Primary cancer cells","Primary cancer cells"
"935","E-MTAB-11948 CC","/Users/macminiye/scRNA-seq_works/Cervix_scRNA_CTCs_project_use/panCTCs/bin/panCTC_classify/V10CC/V10CC_results","Set3","Top2",1,NA,"Primary cancer cells","Primary cancer cells"
"936","GSE149614 HCC","/Users/macminiye/scRNA-seq_works/Cervix_scRNA_CTCs_project_use/panCTCs/bin/panCTC_classify/V10CC/V10CC_results","Set3","Top2",0.99,NA,"Primary cancer cells","Primary cancer cells"
"937","GSE215120 Melanoma","/Users/macminiye/scRNA-seq_works/Cervix_scRNA_CTCs_project_use/panCTCs/bin/panCTC_classify/V10CC/V10CC_results","Set3","Top2",1,NA,"Primary cancer cells","Primary cancer cells"
"938","GSE132465 CRC","/Users/macminiye/scRNA-seq_works/Cervix_scRNA_CTCs_project_use/panCTCs/bin/panCTC_classify/V10CC/V10CC_results","Set3","Top2",1,NA,"Primary cancer cells","Primary cancer cells"
"939","GSE148071 NSCLC","/Users/macminiye/scRNA-seq_works/Cervix_scRNA_CTCs_project_use/panCTCs/bin/panCTC_classify/V10CC/V10CC_results","Set3","Top2",1,NA,"Primary cancer cells","Primary cancer cells"
"940","GSE176031 PC","/Users/macminiye/scRNA-seq_works/Cervix_scRNA_CTCs_project_use/panCTCs/bin/panCTC_classify/V10CC/V10CC_results","Set3","Top2",1,NA,"Primary cancer cells","Primary cancer cells"
"941","GSE127465 NSCLC","/Users/macminiye/scRNA-seq_works/Cervix_scRNA_CTCs_project_use/panCTCs/bin/panCTC_classify/V10CC/V10CC_results","Set3","Top2",0.98,NA,"Primary cancer cells","Primary cancer cells"
"942","GSE176078 BC","/Users/macminiye/scRNA-seq_works/Cervix_scRNA_CTCs_project_use/panCTCs/bin/panCTC_classify/V10CC/V10CC_results","Set3","Top2",1,NA,"Primary cancer cells","Primary cancer cells"
"943","GSE168652 CC","/Users/macminiye/scRNA-seq_works/Cervix_scRNA_CTCs_project_use/panCTCs/bin/panCTC_classify/V10CC/V10CC_results","Set3","Top2",1,NA,"Primary cancer cells","Primary cancer cells"
"944","GSE149614 HCC","/Users/macminiye/scRNA-seq_works/Cervix_scRNA_CTCs_project_use/panCTCs/bin/panCTC_classify/V10CC/V10CC_results","Set3","Top2",0.996,NA,"Primary cancer cells","Primary cancer cells"
"945","E-MTAB-11948 CC","/Users/macminiye/scRNA-seq_works/Cervix_scRNA_CTCs_project_use/panCTCs/bin/panCTC_classify/V10CC/V10CC_results","Set3","Top2",0.998,NA,"Primary cancer cells","Primary cancer cells"
"946","GSE155698 PDAC","/Users/macminiye/scRNA-seq_works/Cervix_scRNA_CTCs_project_use/panCTCs/bin/panCTC_classify/V10CC/V10CC_results","Set3","Top2",0.98,NA,"Primary cancer cells","Primary cancer cells"
"947","GSE150825 NPC","/Users/macminiye/scRNA-seq_works/Cervix_scRNA_CTCs_project_use/panCTCs/bin/panCTC_classify/V10CC/V10CC_results","Set3","Top2",0.8,NA,"Primary cancer cells","Primary cancer cells"
"948","GSE178318 CRC","/Users/macminiye/scRNA-seq_works/Cervix_scRNA_CTCs_project_use/panCTCs/bin/panCTC_classify/V10CC/V10CC_results","Set3","Top2",1,NA,"Primary cancer cells","Primary cancer cells"
"949","GSE173682 EC","/Users/macminiye/scRNA-seq_works/Cervix_scRNA_CTCs_project_use/panCTCs/bin/panCTC_classify/V10CC/V10CC_results","Set3","Top2",1,NA,"Primary cancer cells","Primary cancer cells"
"950","GSE193337 PC","/Users/macminiye/scRNA-seq_works/Cervix_scRNA_CTCs_project_use/panCTCs/bin/panCTC_classify/V10CC/V10CC_results","Set3","Top2",0.98,NA,"Primary cancer cells","Primary cancer cells"
"951","GSE155698 PDAC","/Users/macminiye/scRNA-seq_works/Cervix_scRNA_CTCs_project_use/panCTCs/bin/panCTC_classify/V10CC/V10CC_results","Set3","Top2",1,NA,"Primary cancer cells","Primary cancer cells"
"952","GSM3946506 Melanoma","/Users/macminiye/scRNA-seq_works/Cervix_scRNA_CTCs_project_use/panCTCs/bin/panCTC_classify/V10CC/V10CC_results","Set3","Top2",1,NA,"Primary cancer cells","Primary cancer cells"
"953","E-MTAB-11948 CC","/Users/macminiye/scRNA-seq_works/Cervix_scRNA_CTCs_project_use/panCTCs/bin/panCTC_classify/V10CC/V10CC_results","Set3","Top2",1,NA,"Primary cancer cells","Primary cancer cells"
"954","OMIX001073 GC","/Users/macminiye/scRNA-seq_works/Cervix_scRNA_CTCs_project_use/panCTCs/bin/panCTC_classify/V10CC/V10CC_results","Set3","Top2",0.996,NA,"Primary cancer cells","Primary cancer cells"
"955","GSE173682 OVC","/Users/macminiye/scRNA-seq_works/Cervix_scRNA_CTCs_project_use/panCTCs/bin/panCTC_classify/V10CC/V10CC_results","Set3","Top2",1,NA,"Primary cancer cells","Primary cancer cells"
"956","GSE168652 CC","/Users/macminiye/scRNA-seq_works/Cervix_scRNA_CTCs_project_use/panCTCs/bin/panCTC_classify/V10CC/V10CC_results","Set3","Top2",1,NA,"Primary cancer cells","Primary cancer cells"
"957","GSE176078 BC","/Users/macminiye/scRNA-seq_works/Cervix_scRNA_CTCs_project_use/panCTCs/bin/panCTC_classify/V10CC/V10CC_results","Set3","Top2",1,NA,"Primary cancer cells","Primary cancer cells"
"958","GSE150825 NPC","/Users/macminiye/scRNA-seq_works/Cervix_scRNA_CTCs_project_use/panCTCs/bin/panCTC_classify/V10CC/V10CC_results","Set3","Top2",1,NA,"Primary cancer cells","Primary cancer cells"
"959","OMIX001073 GC","/Users/macminiye/scRNA-seq_works/Cervix_scRNA_CTCs_project_use/panCTCs/bin/panCTC_classify/V10CC/V10CC_results","Set3","Top2",1,NA,"Primary cancer cells","Primary cancer cells"
"960","OMIX001073 GC","/Users/macminiye/scRNA-seq_works/Cervix_scRNA_CTCs_project_use/panCTCs/bin/panCTC_classify/V10CC/V10CC_results","Set3","Top2",1,NA,"Primary cancer cells","Primary cancer cells"
"961","E-MTAB-11948 CC","/Users/macminiye/scRNA-seq_works/Cervix_scRNA_CTCs_project_use/panCTCs/bin/panCTC_classify/V10CC/V10CC_results","Set3","Top2",1,NA,"Primary cancer cells","Primary cancer cells"
"962","GSE162025 NPC","/Users/macminiye/scRNA-seq_works/Cervix_scRNA_CTCs_project_use/panCTCs/bin/panCTC_classify/V10CC/V10CC_results","Set3","Top2",1,NA,"Primary cancer cells","Primary cancer cells"
"963","GSE176078 BC","/Users/macminiye/scRNA-seq_works/Cervix_scRNA_CTCs_project_use/panCTCs/bin/panCTC_classify/V10CC/V10CC_results","Set3","Top2",1,NA,"Primary cancer cells","Primary cancer cells"
"964","GSE155698 PDAC","/Users/macminiye/scRNA-seq_works/Cervix_scRNA_CTCs_project_use/panCTCs/bin/panCTC_classify/V10CC/V10CC_results","Set3","Top2",1,NA,"Primary cancer cells","Primary cancer cells"
"965","GSE149614 HCC","/Users/macminiye/scRNA-seq_works/Cervix_scRNA_CTCs_project_use/panCTCs/bin/panCTC_classify/V10CC/V10CC_results","Set3","Top2",1,NA,"Primary cancer cells","Primary cancer cells"
"966","E-MTAB-11948 CC","/Users/macminiye/scRNA-seq_works/Cervix_scRNA_CTCs_project_use/panCTCs/bin/panCTC_classify/V10CC/V10CC_results","Set3","Top2",0.995,NA,"Primary cancer cells","Primary cancer cells"
"967","GSE178318 CRC","/Users/macminiye/scRNA-seq_works/Cervix_scRNA_CTCs_project_use/panCTCs/bin/panCTC_classify/V10CC/V10CC_results","Set3","Top2",1,NA,"Primary cancer cells","Primary cancer cells"
"968","GSE176078 BC","/Users/macminiye/scRNA-seq_works/Cervix_scRNA_CTCs_project_use/panCTCs/bin/panCTC_classify/V10CC/V10CC_results","Set3","Top2",0.998,NA,"Primary cancer cells","Primary cancer cells"
"969","GSM3946506 Melanoma","/Users/macminiye/scRNA-seq_works/Cervix_scRNA_CTCs_project_use/panCTCs/bin/panCTC_classify/V10CC/V10CC_results","Set3","Top2",1,NA,"Primary cancer cells","Primary cancer cells"
"970","GSE155698 PDAC","/Users/macminiye/scRNA-seq_works/Cervix_scRNA_CTCs_project_use/panCTCs/bin/panCTC_classify/V10CC/V10CC_results","Set3","Top2",1,NA,"Primary cancer cells","Primary cancer cells"
"971","GSE215120 Melanoma","/Users/macminiye/scRNA-seq_works/Cervix_scRNA_CTCs_project_use/panCTCs/bin/panCTC_classify/V10CC/V10CC_results","Set3","Top2",1,NA,"Primary cancer cells","Primary cancer cells"
"972","GSE149614 HCC","/Users/macminiye/scRNA-seq_works/Cervix_scRNA_CTCs_project_use/panCTCs/bin/panCTC_classify/V10CC/V10CC_results","Set3","Top2",1,NA,"Primary cancer cells","Primary cancer cells"
"973","GSE127465 NSCLC","/Users/macminiye/scRNA-seq_works/Cervix_scRNA_CTCs_project_use/panCTCs/bin/panCTC_classify/V10CC/V10CC_results","Set3","Top2",0.975,NA,"Primary cancer cells","Primary cancer cells"
"974","GSE127465 NSCLC","/Users/macminiye/scRNA-seq_works/Cervix_scRNA_CTCs_project_use/panCTCs/bin/panCTC_classify/V10CC/V10CC_results","Set3","Top2",1,NA,"Primary cancer cells","Primary cancer cells"
"975","GSE176031 PC","/Users/macminiye/scRNA-seq_works/Cervix_scRNA_CTCs_project_use/panCTCs/bin/panCTC_classify/V10CC/V10CC_results","Set3","Top2",1,NA,"Primary cancer cells","Primary cancer cells"
"976","GSE148071 NSCLC","/Users/macminiye/scRNA-seq_works/Cervix_scRNA_CTCs_project_use/panCTCs/bin/panCTC_classify/V10CC/V10CC_results","Set3","Top2",1,NA,"Primary cancer cells","Primary cancer cells"
"977","GSE193337 PC","/Users/macminiye/scRNA-seq_works/Cervix_scRNA_CTCs_project_use/panCTCs/bin/panCTC_classify/V10CC/V10CC_results","Set3","Top2",1,NA,"Primary cancer cells","Primary cancer cells"
"978","OMIX001073 GC","/Users/macminiye/scRNA-seq_works/Cervix_scRNA_CTCs_project_use/panCTCs/bin/panCTC_classify/V10CC/V10CC_results","Set3","Top2",1,NA,"Primary cancer cells","Primary cancer cells"
"979","GSE173682 EC","/Users/macminiye/scRNA-seq_works/Cervix_scRNA_CTCs_project_use/panCTCs/bin/panCTC_classify/V10CC/V10CC_results","Set3","Top2",1,NA,"Primary cancer cells","Primary cancer cells"
"980","GSE193337 PC","/Users/macminiye/scRNA-seq_works/Cervix_scRNA_CTCs_project_use/panCTCs/bin/panCTC_classify/V10CC/V10CC_results","Set3","Top2",0.995,NA,"Primary cancer cells","Primary cancer cells"
"981","GSE168652 CC","/Users/macminiye/scRNA-seq_works/Cervix_scRNA_CTCs_project_use/panCTCs/bin/panCTC_classify/V10CC/V10CC_results","Set3","Top2",1,NA,"Primary cancer cells","Primary cancer cells"
"982","E-MTAB-11948 CC","/Users/macminiye/scRNA-seq_works/Cervix_scRNA_CTCs_project_use/panCTCs/bin/panCTC_classify/V10CC/V10CC_results","Set3","Top2",1,NA,"Primary cancer cells","Primary cancer cells"
"983","GSM3946506 Melanoma","/Users/macminiye/scRNA-seq_works/Cervix_scRNA_CTCs_project_use/panCTCs/bin/panCTC_classify/V10CC/V10CC_results","Set3","Top2",1,NA,"Primary cancer cells","Primary cancer cells"
"984","GSE132465 CRC","/Users/macminiye/scRNA-seq_works/Cervix_scRNA_CTCs_project_use/panCTCs/bin/panCTC_classify/V10CC/V10CC_results","Set3","Top2",1,NA,"Primary cancer cells","Primary cancer cells"
"985","GSE215120 Melanoma","/Users/macminiye/scRNA-seq_works/Cervix_scRNA_CTCs_project_use/panCTCs/bin/panCTC_classify/V10CC/V10CC_results","Set3","Top2",1,NA,"Primary cancer cells","Primary cancer cells"
"986","GSE193337 PC","/Users/macminiye/scRNA-seq_works/Cervix_scRNA_CTCs_project_use/panCTCs/bin/panCTC_classify/V10CC/V10CC_results","Set3","Top2",1,NA,"Primary cancer cells","Primary cancer cells"
"987","GSE150430 NPC","/Users/macminiye/scRNA-seq_works/Cervix_scRNA_CTCs_project_use/panCTCs/bin/panCTC_classify/V10CC/V10CC_results","Set3","Top2",1,NA,"Primary cancer cells","Primary cancer cells"
"988","GSE215120 Melanoma","/Users/macminiye/scRNA-seq_works/Cervix_scRNA_CTCs_project_use/panCTCs/bin/panCTC_classify/V10CC/V10CC_results","Set3","Top2",1,NA,"Primary cancer cells","Primary cancer cells"
"989","GSE162025 NPC","/Users/macminiye/scRNA-seq_works/Cervix_scRNA_CTCs_project_use/panCTCs/bin/panCTC_classify/V10CC/V10CC_results","Set3","Top2",1,NA,"Primary cancer cells","Primary cancer cells"
"990","GSE178318 CRC","/Users/macminiye/scRNA-seq_works/Cervix_scRNA_CTCs_project_use/panCTCs/bin/panCTC_classify/V10CC/V10CC_results","Set3","Top2",1,NA,"Primary cancer cells","Primary cancer cells"
"991","GSE173682 OVC","/Users/macminiye/scRNA-seq_works/Cervix_scRNA_CTCs_project_use/panCTCs/bin/panCTC_classify/V10CC/V10CC_results","Set3","Top2",1,NA,"Primary cancer cells","Primary cancer cells"
"992","GSE132465 CRC","/Users/macminiye/scRNA-seq_works/Cervix_scRNA_CTCs_project_use/panCTCs/bin/panCTC_classify/V10CC/V10CC_results","Set3","Top2",0.99,NA,"Primary cancer cells","Primary cancer cells"
"993","GSE176031 PC","/Users/macminiye/scRNA-seq_works/Cervix_scRNA_CTCs_project_use/panCTCs/bin/panCTC_classify/V10CC/V10CC_results","Set3","Top2",1,NA,"Primary cancer cells","Primary cancer cells"
"994","GSE148071 NSCLC","/Users/macminiye/scRNA-seq_works/Cervix_scRNA_CTCs_project_use/panCTCs/bin/panCTC_classify/V10CC/V10CC_results","Set3","Top2",1,NA,"Primary cancer cells","Primary cancer cells"
"995","GSE127465 NSCLC","/Users/macminiye/scRNA-seq_works/Cervix_scRNA_CTCs_project_use/panCTCs/bin/panCTC_classify/V10CC/V10CC_results","Set3","Top2",0.95,NA,"Primary cancer cells","Primary cancer cells"
"996","GSE162025 NPC","/Users/macminiye/scRNA-seq_works/Cervix_scRNA_CTCs_project_use/panCTCs/bin/panCTC_classify/V10CC/V10CC_results","Set3","Top2",1,NA,"Primary cancer cells","Primary cancer cells"
"997","GSE132465 CRC","/Users/macminiye/scRNA-seq_works/Cervix_scRNA_CTCs_project_use/panCTCs/bin/panCTC_classify/V10CC/V10CC_results","Set3","Top2",0.994,NA,"Primary cancer cells","Primary cancer cells"
"998","GSE155698 PDAC","/Users/macminiye/scRNA-seq_works/Cervix_scRNA_CTCs_project_use/panCTCs/bin/panCTC_classify/V10CC/V10CC_results","Set3","Top2",1,NA,"Primary cancer cells","Primary cancer cells"
"999","GSE173682 OVC","/Users/macminiye/scRNA-seq_works/Cervix_scRNA_CTCs_project_use/panCTCs/bin/panCTC_classify/V10CC/V10CC_results","Set3","Top2",0.996,NA,"Primary cancer cells","Primary cancer cells"
"1000","GSE173682 EC","/Users/macminiye/scRNA-seq_works/Cervix_scRNA_CTCs_project_use/panCTCs/bin/panCTC_classify/V10CC/V10CC_results","Set3","Top2",1,NA,"Primary cancer cells","Primary cancer cells"
"1001","GSE193337 PC","/Users/macminiye/scRNA-seq_works/Cervix_scRNA_CTCs_project_use/panCTCs/bin/panCTC_classify/V10CC/V10CC_results","Set3","Top2",1,NA,"Primary cancer cells","Primary cancer cells"
"1002","GSE149614 HCC","/Users/macminiye/scRNA-seq_works/Cervix_scRNA_CTCs_project_use/panCTCs/bin/panCTC_classify/V10CC/V10CC_results","Set3","Top2",1,NA,"Primary cancer cells","Primary cancer cells"
"1003","GSE173682 OVC","/Users/macminiye/scRNA-seq_works/Cervix_scRNA_CTCs_project_use/panCTCs/bin/panCTC_classify/V10CC/V10CC_results","Set3","Top2",1,NA,"Primary cancer cells","Primary cancer cells"
"1004","GSE173682 OVC","/Users/macminiye/scRNA-seq_works/Cervix_scRNA_CTCs_project_use/panCTCs/bin/panCTC_classify/V10CC/V10CC_results","Set3","Top2",1,NA,"Primary cancer cells","Primary cancer cells"
"1005","GSE178318 CRC","/Users/macminiye/scRNA-seq_works/Cervix_scRNA_CTCs_project_use/panCTCs/bin/panCTC_classify/V10CC/V10CC_results","Set3","Top2",1,NA,"Primary cancer cells","Primary cancer cells"
"1006","GSE150430 NPC","/Users/macminiye/scRNA-seq_works/Cervix_scRNA_CTCs_project_use/panCTCs/bin/panCTC_classify/V10CC/V10CC_results","Set3","Top2",1,NA,"Primary cancer cells","Primary cancer cells"
"1007","GSE215120 Melanoma","/Users/macminiye/scRNA-seq_works/Cervix_scRNA_CTCs_project_use/panCTCs/bin/panCTC_classify/V10CC/V10CC_results","Set3","Top2",1,NA,"Primary cancer cells","Primary cancer cells"
"1008","GSE176078 BC","/Users/macminiye/scRNA-seq_works/Cervix_scRNA_CTCs_project_use/panCTCs/bin/panCTC_classify/V10CC/V10CC_results","Set3","Top2",1,NA,"Primary cancer cells","Primary cancer cells"
"1009","GSE168652 CC","/Users/macminiye/scRNA-seq_works/Cervix_scRNA_CTCs_project_use/panCTCs/bin/panCTC_classify/V10CC/V10CC_results","Set3","Top2",1,NA,"Primary cancer cells","Primary cancer cells"
"1010","GSE150825 NPC","/Users/macminiye/scRNA-seq_works/Cervix_scRNA_CTCs_project_use/panCTCs/bin/panCTC_classify/V10CC/V10CC_results","Set3","Top2",0.95,NA,"Primary cancer cells","Primary cancer cells"
"1011","GSE173682 EC","/Users/macminiye/scRNA-seq_works/Cervix_scRNA_CTCs_project_use/panCTCs/bin/panCTC_classify/V10CC/V10CC_results","Set3","Top2",0.995,NA,"Primary cancer cells","Primary cancer cells"
"1012","GSE178318 CRC","/Users/macminiye/scRNA-seq_works/Cervix_scRNA_CTCs_project_use/panCTCs/bin/panCTC_classify/V10CC/V10CC_results","Set3","Top2",1,NA,"Primary cancer cells","Primary cancer cells"
"1013","GSE176031 PC","/Users/macminiye/scRNA-seq_works/Cervix_scRNA_CTCs_project_use/panCTCs/bin/panCTC_classify/V10CC/V10CC_results","Set3","Top2",1,NA,"Primary cancer cells","Primary cancer cells"
"1014","GSE173682 EC","/Users/macminiye/scRNA-seq_works/Cervix_scRNA_CTCs_project_use/panCTCs/bin/panCTC_classify/V10CC/V10CC_results","Set3","Top2",1,NA,"Primary cancer cells","Primary cancer cells"
"1015","GSE178318 CRC","/Users/macminiye/scRNA-seq_works/Cervix_scRNA_CTCs_project_use/panCTCs/bin/panCTC_classify/V10CC/V10CC_results","Set3","Top2",0.998,NA,"Primary cancer cells","Primary cancer cells"
"1016","GSE150430 NPC","/Users/macminiye/scRNA-seq_works/Cervix_scRNA_CTCs_project_use/panCTCs/bin/panCTC_classify/V10CC/V10CC_results","Set3","Top2",1,NA,"Primary cancer cells","Primary cancer cells"
"1017","GSE215120 Melanoma","/Users/macminiye/scRNA-seq_works/Cervix_scRNA_CTCs_project_use/panCTCs/bin/panCTC_classify/V10CC/V10CC_results","Set3","Top2",1,NA,"Primary cancer cells","Primary cancer cells"
"1018","GSE162025 NPC","/Users/macminiye/scRNA-seq_works/Cervix_scRNA_CTCs_project_use/panCTCs/bin/panCTC_classify/V10CC/V10CC_results","Set3","Top2",1,NA,"Primary cancer cells","Primary cancer cells"
"1019","GSM3946506 Melanoma","/Users/macminiye/scRNA-seq_works/Cervix_scRNA_CTCs_project_use/panCTCs/bin/panCTC_classify/V10CC/V10CC_results","Set3","Top2",1,NA,"Primary cancer cells","Primary cancer cells"
"1020","E-MTAB-11948 CC","/Users/macminiye/scRNA-seq_works/Cervix_scRNA_CTCs_project_use/panCTCs/bin/panCTC_classify/V10CC/V10CC_results","Set3","Top2",1,NA,"Primary cancer cells","Primary cancer cells"
"1021","GSE150430 NPC","/Users/macminiye/scRNA-seq_works/Cervix_scRNA_CTCs_project_use/panCTCs/bin/panCTC_classify/V10CC/V10CC_results","Set3","Top2",1,NA,"Primary cancer cells","Primary cancer cells"
"1022","GSE148071 NSCLC","/Users/macminiye/scRNA-seq_works/Cervix_scRNA_CTCs_project_use/panCTCs/bin/panCTC_classify/V10CC/V10CC_results","Set3","Top2",1,NA,"Primary cancer cells","Primary cancer cells"
"1023","GSE173682 EC","/Users/macminiye/scRNA-seq_works/Cervix_scRNA_CTCs_project_use/panCTCs/bin/panCTC_classify/V10CC/V10CC_results","Set3","Top2",0.998,NA,"Primary cancer cells","Primary cancer cells"
"1024","GSE150825 NPC","/Users/macminiye/scRNA-seq_works/Cervix_scRNA_CTCs_project_use/panCTCs/bin/panCTC_classify/V10CC/V10CC_results","Set3","Top2",0.94,NA,"Primary cancer cells","Primary cancer cells"
"1025","GSE148071 NSCLC","/Users/macminiye/scRNA-seq_works/Cervix_scRNA_CTCs_project_use/panCTCs/bin/panCTC_classify/V10CC/V10CC_results","Set3","Top2",1,NA,"Primary cancer cells","Primary cancer cells"
"1026","GSE132465 CRC","/Users/macminiye/scRNA-seq_works/Cervix_scRNA_CTCs_project_use/panCTCs/bin/panCTC_classify/V10CC/V10CC_results","Set3","Top2",1,NA,"Primary cancer cells","Primary cancer cells"
"1027","GSE168652 CC","/Users/macminiye/scRNA-seq_works/Cervix_scRNA_CTCs_project_use/panCTCs/bin/panCTC_classify/V10CC/V10CC_results","Set3","Top2",1,NA,"Primary cancer cells","Primary cancer cells"
"1028","GSE173682 OVC","/Users/macminiye/scRNA-seq_works/Cervix_scRNA_CTCs_project_use/panCTCs/bin/panCTC_classify/V10CC/V10CC_results","Set3","Top2",0.995,NA,"Primary cancer cells","Primary cancer cells"
"1029","GSE176031 PC","/Users/macminiye/scRNA-seq_works/Cervix_scRNA_CTCs_project_use/panCTCs/bin/panCTC_classify/V10CC/V10CC_results","Set3","Top2",1,NA,"Primary cancer cells","Primary cancer cells"
"1030","GSE173682 OVC","/Users/macminiye/scRNA-seq_works/Cervix_scRNA_CTCs_project_use/panCTCs/bin/panCTC_classify/V10CC/V10CC_results","Set3","Top2",1,NA,"Primary cancer cells","Primary cancer cells"
"1031","GSE127465 NSCLC","/Users/macminiye/scRNA-seq_works/Cervix_scRNA_CTCs_project_use/panCTCs/bin/panCTC_classify/V10CC/V10CC_results","Set3","Top2",0.8,NA,"Primary cancer cells","Primary cancer cells"
"1032","GSE168652 CC","/Users/macminiye/scRNA-seq_works/Cervix_scRNA_CTCs_project_use/panCTCs/bin/panCTC_classify/V10CC/V10CC_results","Set3","Top2",1,NA,"Primary cancer cells","Primary cancer cells"
"1033","GSE162025 NPC","/Users/macminiye/scRNA-seq_works/Cervix_scRNA_CTCs_project_use/panCTCs/bin/panCTC_classify/V10CC/V10CC_results","Set3","Top2",0.99,NA,"Primary cancer cells","Primary cancer cells"
"1034","GSE150430 NPC","/Users/macminiye/scRNA-seq_works/Cervix_scRNA_CTCs_project_use/panCTCs/bin/panCTC_classify/V10CC/V10CC_results","Set3","Top2",1,NA,"Primary cancer cells","Primary cancer cells"
"1035","OMIX001073 GC","/Users/macminiye/scRNA-seq_works/Cervix_scRNA_CTCs_project_use/panCTCs/bin/panCTC_classify/V10CC/V10CC_results","Set3","Top2",1,NA,"Primary cancer cells","Primary cancer cells"
"1036","GSE193337 PC","/Users/macminiye/scRNA-seq_works/Cervix_scRNA_CTCs_project_use/panCTCs/bin/panCTC_classify/V10CC/V10CC_results","Set3","Top2",1,NA,"Primary cancer cells","Primary cancer cells"
"1037","GSE215120 Melanoma","/Users/macminiye/scRNA-seq_works/Cervix_scRNA_CTCs_project_use/panCTCs/bin/panCTC_classify/V10CC/V10CC_results","Set3","Top2",1,NA,"Primary cancer cells","Primary cancer cells"
"1038","GSE132465 CRC","/Users/macminiye/scRNA-seq_works/Cervix_scRNA_CTCs_project_use/panCTCs/bin/panCTC_classify/V10CC/V10CC_results","Set3","Top2",0.95,NA,"Primary cancer cells","Primary cancer cells"
"1039","GSE148071 NSCLC","/Users/macminiye/scRNA-seq_works/Cervix_scRNA_CTCs_project_use/panCTCs/bin/panCTC_classify/V10CC/V10CC_results","Set3","Top2",1,NA,"Primary cancer cells","Primary cancer cells"
"1040","GSE148071 NSCLC","/Users/macminiye/scRNA-seq_works/Cervix_scRNA_CTCs_project_use/panCTCs/bin/panCTC_classify/V10CC/V10CC_results","Set3","Top2",0.998,NA,"Primary cancer cells","Primary cancer cells"
"1041","GSE176031 PC","/Users/macminiye/scRNA-seq_works/Cervix_scRNA_CTCs_project_use/panCTCs/bin/panCTC_classify/V10CC/V10CC_results","Set3","Top2",1,NA,"Primary cancer cells","Primary cancer cells"
"1042","GSE155698 PDAC","/Users/macminiye/scRNA-seq_works/Cervix_scRNA_CTCs_project_use/panCTCs/bin/panCTC_classify/V10CC/V10CC_results","Set3","Top2",1,NA,"Primary cancer cells","Primary cancer cells"
"1043","GSE168652 CC","/Users/macminiye/scRNA-seq_works/Cervix_scRNA_CTCs_project_use/panCTCs/bin/panCTC_classify/V10CC/V10CC_results","Set3","Top2",0.995,NA,"Primary cancer cells","Primary cancer cells"
"1044","GSE127465 NSCLC","/Users/macminiye/scRNA-seq_works/Cervix_scRNA_CTCs_project_use/panCTCs/bin/panCTC_classify/V10CC/V10CC_results","Set3","Top2",0.96,NA,"Primary cancer cells","Primary cancer cells"
"1045","GSE173682 EC","/Users/macminiye/scRNA-seq_works/Cervix_scRNA_CTCs_project_use/panCTCs/bin/panCTC_classify/V10CC/V10CC_results","Set3","Top2",1,NA,"Primary cancer cells","Primary cancer cells"
"1046","GSE149614 HCC","/Users/macminiye/scRNA-seq_works/Cervix_scRNA_CTCs_project_use/panCTCs/bin/panCTC_classify/V10CC/V10CC_results","Set3","Top2",1,NA,"Primary cancer cells","Primary cancer cells"
"1047","GSM3946506 Melanoma","/Users/macminiye/scRNA-seq_works/Cervix_scRNA_CTCs_project_use/panCTCs/bin/panCTC_classify/V10CC/V10CC_results","Set3","Top2",1,NA,"Primary cancer cells","Primary cancer cells"
"1048","GSE178318 CRC","/Users/macminiye/scRNA-seq_works/Cervix_scRNA_CTCs_project_use/panCTCs/bin/panCTC_classify/V10CC/V10CC_results","Set3","Top2",0.99,NA,"Primary cancer cells","Primary cancer cells"
"1049","GSE150430 NPC","/Users/macminiye/scRNA-seq_works/Cervix_scRNA_CTCs_project_use/panCTCs/bin/panCTC_classify/V10CC/V10CC_results","Set3","Top2",1,NA,"Primary cancer cells","Primary cancer cells"
"1050","GSE132465 CRC","/Users/macminiye/scRNA-seq_works/Cervix_scRNA_CTCs_project_use/panCTCs/bin/panCTC_classify/V10CC/V10CC_results","Set3","Top3",1,NA,"Primary cancer cells","Primary cancer cells"
"1051","GSE149614 HCC","/Users/macminiye/scRNA-seq_works/Cervix_scRNA_CTCs_project_use/panCTCs/bin/panCTC_classify/V10CC/V10CC_results","Set3","Top3",1,NA,"Primary cancer cells","Primary cancer cells"
"1052","OMIX001073 GC","/Users/macminiye/scRNA-seq_works/Cervix_scRNA_CTCs_project_use/panCTCs/bin/panCTC_classify/V10CC/V10CC_results","Set3","Top3",1,NA,"Primary cancer cells","Primary cancer cells"
"1053","GSE176078 BC","/Users/macminiye/scRNA-seq_works/Cervix_scRNA_CTCs_project_use/panCTCs/bin/panCTC_classify/V10CC/V10CC_results","Set3","Top3",1,NA,"Primary cancer cells","Primary cancer cells"
"1054","GSM3946506 Melanoma","/Users/macminiye/scRNA-seq_works/Cervix_scRNA_CTCs_project_use/panCTCs/bin/panCTC_classify/V10CC/V10CC_results","Set3","Top3",1,NA,"Primary cancer cells","Primary cancer cells"
"1055","GSE176078 BC","/Users/macminiye/scRNA-seq_works/Cervix_scRNA_CTCs_project_use/panCTCs/bin/panCTC_classify/V10CC/V10CC_results","Set3","Top3",1,NA,"Primary cancer cells","Primary cancer cells"
"1056","OMIX001073 GC","/Users/macminiye/scRNA-seq_works/Cervix_scRNA_CTCs_project_use/panCTCs/bin/panCTC_classify/V10CC/V10CC_results","Set3","Top3",1,NA,"Primary cancer cells","Primary cancer cells"
"1057","GSE150430 NPC","/Users/macminiye/scRNA-seq_works/Cervix_scRNA_CTCs_project_use/panCTCs/bin/panCTC_classify/V10CC/V10CC_results","Set3","Top3",1,NA,"Primary cancer cells","Primary cancer cells"
"1058","GSE155698 PDAC","/Users/macminiye/scRNA-seq_works/Cervix_scRNA_CTCs_project_use/panCTCs/bin/panCTC_classify/V10CC/V10CC_results","Set3","Top3",0.996,NA,"Primary cancer cells","Primary cancer cells"
"1059","E-MTAB-11948 CC","/Users/macminiye/scRNA-seq_works/Cervix_scRNA_CTCs_project_use/panCTCs/bin/panCTC_classify/V10CC/V10CC_results","Set3","Top3",1,NA,"Primary cancer cells","Primary cancer cells"
"1060","GSE149614 HCC","/Users/macminiye/scRNA-seq_works/Cervix_scRNA_CTCs_project_use/panCTCs/bin/panCTC_classify/V10CC/V10CC_results","Set3","Top3",0.99,NA,"Primary cancer cells","Primary cancer cells"
"1061","GSE215120 Melanoma","/Users/macminiye/scRNA-seq_works/Cervix_scRNA_CTCs_project_use/panCTCs/bin/panCTC_classify/V10CC/V10CC_results","Set3","Top3",1,NA,"Primary cancer cells","Primary cancer cells"
"1062","GSE132465 CRC","/Users/macminiye/scRNA-seq_works/Cervix_scRNA_CTCs_project_use/panCTCs/bin/panCTC_classify/V10CC/V10CC_results","Set3","Top3",1,NA,"Primary cancer cells","Primary cancer cells"
"1063","GSE148071 NSCLC","/Users/macminiye/scRNA-seq_works/Cervix_scRNA_CTCs_project_use/panCTCs/bin/panCTC_classify/V10CC/V10CC_results","Set3","Top3",1,NA,"Primary cancer cells","Primary cancer cells"
"1064","GSE176031 PC","/Users/macminiye/scRNA-seq_works/Cervix_scRNA_CTCs_project_use/panCTCs/bin/panCTC_classify/V10CC/V10CC_results","Set3","Top3",1,NA,"Primary cancer cells","Primary cancer cells"
"1065","GSE127465 NSCLC","/Users/macminiye/scRNA-seq_works/Cervix_scRNA_CTCs_project_use/panCTCs/bin/panCTC_classify/V10CC/V10CC_results","Set3","Top3",0.99,NA,"Primary cancer cells","Primary cancer cells"
"1066","GSE176078 BC","/Users/macminiye/scRNA-seq_works/Cervix_scRNA_CTCs_project_use/panCTCs/bin/panCTC_classify/V10CC/V10CC_results","Set3","Top3",1,NA,"Primary cancer cells","Primary cancer cells"
"1067","GSE168652 CC","/Users/macminiye/scRNA-seq_works/Cervix_scRNA_CTCs_project_use/panCTCs/bin/panCTC_classify/V10CC/V10CC_results","Set3","Top3",1,NA,"Primary cancer cells","Primary cancer cells"
"1068","GSE149614 HCC","/Users/macminiye/scRNA-seq_works/Cervix_scRNA_CTCs_project_use/panCTCs/bin/panCTC_classify/V10CC/V10CC_results","Set3","Top3",0.996,NA,"Primary cancer cells","Primary cancer cells"
"1069","E-MTAB-11948 CC","/Users/macminiye/scRNA-seq_works/Cervix_scRNA_CTCs_project_use/panCTCs/bin/panCTC_classify/V10CC/V10CC_results","Set3","Top3",1,NA,"Primary cancer cells","Primary cancer cells"
"1070","GSE155698 PDAC","/Users/macminiye/scRNA-seq_works/Cervix_scRNA_CTCs_project_use/panCTCs/bin/panCTC_classify/V10CC/V10CC_results","Set3","Top3",1,NA,"Primary cancer cells","Primary cancer cells"
"1071","GSE150825 NPC","/Users/macminiye/scRNA-seq_works/Cervix_scRNA_CTCs_project_use/panCTCs/bin/panCTC_classify/V10CC/V10CC_results","Set3","Top3",0.8,NA,"Primary cancer cells","Primary cancer cells"
"1072","GSE178318 CRC","/Users/macminiye/scRNA-seq_works/Cervix_scRNA_CTCs_project_use/panCTCs/bin/panCTC_classify/V10CC/V10CC_results","Set3","Top3",1,NA,"Primary cancer cells","Primary cancer cells"
"1073","GSE173682 EC","/Users/macminiye/scRNA-seq_works/Cervix_scRNA_CTCs_project_use/panCTCs/bin/panCTC_classify/V10CC/V10CC_results","Set3","Top3",1,NA,"Primary cancer cells","Primary cancer cells"
"1074","GSE193337 PC","/Users/macminiye/scRNA-seq_works/Cervix_scRNA_CTCs_project_use/panCTCs/bin/panCTC_classify/V10CC/V10CC_results","Set3","Top3",1,NA,"Primary cancer cells","Primary cancer cells"
"1075","GSE155698 PDAC","/Users/macminiye/scRNA-seq_works/Cervix_scRNA_CTCs_project_use/panCTCs/bin/panCTC_classify/V10CC/V10CC_results","Set3","Top3",1,NA,"Primary cancer cells","Primary cancer cells"
"1076","GSM3946506 Melanoma","/Users/macminiye/scRNA-seq_works/Cervix_scRNA_CTCs_project_use/panCTCs/bin/panCTC_classify/V10CC/V10CC_results","Set3","Top3",1,NA,"Primary cancer cells","Primary cancer cells"
"1077","E-MTAB-11948 CC","/Users/macminiye/scRNA-seq_works/Cervix_scRNA_CTCs_project_use/panCTCs/bin/panCTC_classify/V10CC/V10CC_results","Set3","Top3",1,NA,"Primary cancer cells","Primary cancer cells"
"1078","OMIX001073 GC","/Users/macminiye/scRNA-seq_works/Cervix_scRNA_CTCs_project_use/panCTCs/bin/panCTC_classify/V10CC/V10CC_results","Set3","Top3",0.998,NA,"Primary cancer cells","Primary cancer cells"
"1079","GSE173682 OVC","/Users/macminiye/scRNA-seq_works/Cervix_scRNA_CTCs_project_use/panCTCs/bin/panCTC_classify/V10CC/V10CC_results","Set3","Top3",1,NA,"Primary cancer cells","Primary cancer cells"
"1080","GSE168652 CC","/Users/macminiye/scRNA-seq_works/Cervix_scRNA_CTCs_project_use/panCTCs/bin/panCTC_classify/V10CC/V10CC_results","Set3","Top3",1,NA,"Primary cancer cells","Primary cancer cells"
"1081","GSE176078 BC","/Users/macminiye/scRNA-seq_works/Cervix_scRNA_CTCs_project_use/panCTCs/bin/panCTC_classify/V10CC/V10CC_results","Set3","Top3",1,NA,"Primary cancer cells","Primary cancer cells"
"1082","GSE150825 NPC","/Users/macminiye/scRNA-seq_works/Cervix_scRNA_CTCs_project_use/panCTCs/bin/panCTC_classify/V10CC/V10CC_results","Set3","Top3",1,NA,"Primary cancer cells","Primary cancer cells"
"1083","OMIX001073 GC","/Users/macminiye/scRNA-seq_works/Cervix_scRNA_CTCs_project_use/panCTCs/bin/panCTC_classify/V10CC/V10CC_results","Set3","Top3",1,NA,"Primary cancer cells","Primary cancer cells"
"1084","OMIX001073 GC","/Users/macminiye/scRNA-seq_works/Cervix_scRNA_CTCs_project_use/panCTCs/bin/panCTC_classify/V10CC/V10CC_results","Set3","Top3",1,NA,"Primary cancer cells","Primary cancer cells"
"1085","E-MTAB-11948 CC","/Users/macminiye/scRNA-seq_works/Cervix_scRNA_CTCs_project_use/panCTCs/bin/panCTC_classify/V10CC/V10CC_results","Set3","Top3",1,NA,"Primary cancer cells","Primary cancer cells"
"1086","GSE162025 NPC","/Users/macminiye/scRNA-seq_works/Cervix_scRNA_CTCs_project_use/panCTCs/bin/panCTC_classify/V10CC/V10CC_results","Set3","Top3",1,NA,"Primary cancer cells","Primary cancer cells"
"1087","GSE176078 BC","/Users/macminiye/scRNA-seq_works/Cervix_scRNA_CTCs_project_use/panCTCs/bin/panCTC_classify/V10CC/V10CC_results","Set3","Top3",1,NA,"Primary cancer cells","Primary cancer cells"
"1088","GSE155698 PDAC","/Users/macminiye/scRNA-seq_works/Cervix_scRNA_CTCs_project_use/panCTCs/bin/panCTC_classify/V10CC/V10CC_results","Set3","Top3",1,NA,"Primary cancer cells","Primary cancer cells"
"1089","GSE149614 HCC","/Users/macminiye/scRNA-seq_works/Cervix_scRNA_CTCs_project_use/panCTCs/bin/panCTC_classify/V10CC/V10CC_results","Set3","Top3",1,NA,"Primary cancer cells","Primary cancer cells"
"1090","E-MTAB-11948 CC","/Users/macminiye/scRNA-seq_works/Cervix_scRNA_CTCs_project_use/panCTCs/bin/panCTC_classify/V10CC/V10CC_results","Set3","Top3",1,NA,"Primary cancer cells","Primary cancer cells"
"1091","GSE178318 CRC","/Users/macminiye/scRNA-seq_works/Cervix_scRNA_CTCs_project_use/panCTCs/bin/panCTC_classify/V10CC/V10CC_results","Set3","Top3",1,NA,"Primary cancer cells","Primary cancer cells"
"1092","GSE176078 BC","/Users/macminiye/scRNA-seq_works/Cervix_scRNA_CTCs_project_use/panCTCs/bin/panCTC_classify/V10CC/V10CC_results","Set3","Top3",1,NA,"Primary cancer cells","Primary cancer cells"
"1093","GSM3946506 Melanoma","/Users/macminiye/scRNA-seq_works/Cervix_scRNA_CTCs_project_use/panCTCs/bin/panCTC_classify/V10CC/V10CC_results","Set3","Top3",1,NA,"Primary cancer cells","Primary cancer cells"
"1094","GSE155698 PDAC","/Users/macminiye/scRNA-seq_works/Cervix_scRNA_CTCs_project_use/panCTCs/bin/panCTC_classify/V10CC/V10CC_results","Set3","Top3",1,NA,"Primary cancer cells","Primary cancer cells"
"1095","GSE215120 Melanoma","/Users/macminiye/scRNA-seq_works/Cervix_scRNA_CTCs_project_use/panCTCs/bin/panCTC_classify/V10CC/V10CC_results","Set3","Top3",1,NA,"Primary cancer cells","Primary cancer cells"
"1096","GSE149614 HCC","/Users/macminiye/scRNA-seq_works/Cervix_scRNA_CTCs_project_use/panCTCs/bin/panCTC_classify/V10CC/V10CC_results","Set3","Top3",1,NA,"Primary cancer cells","Primary cancer cells"
"1097","GSE127465 NSCLC","/Users/macminiye/scRNA-seq_works/Cervix_scRNA_CTCs_project_use/panCTCs/bin/panCTC_classify/V10CC/V10CC_results","Set3","Top3",0.98,NA,"Primary cancer cells","Primary cancer cells"
"1098","GSE127465 NSCLC","/Users/macminiye/scRNA-seq_works/Cervix_scRNA_CTCs_project_use/panCTCs/bin/panCTC_classify/V10CC/V10CC_results","Set3","Top3",1,NA,"Primary cancer cells","Primary cancer cells"
"1099","GSE176031 PC","/Users/macminiye/scRNA-seq_works/Cervix_scRNA_CTCs_project_use/panCTCs/bin/panCTC_classify/V10CC/V10CC_results","Set3","Top3",1,NA,"Primary cancer cells","Primary cancer cells"
"1100","GSE148071 NSCLC","/Users/macminiye/scRNA-seq_works/Cervix_scRNA_CTCs_project_use/panCTCs/bin/panCTC_classify/V10CC/V10CC_results","Set3","Top3",1,NA,"Primary cancer cells","Primary cancer cells"
"1101","GSE193337 PC","/Users/macminiye/scRNA-seq_works/Cervix_scRNA_CTCs_project_use/panCTCs/bin/panCTC_classify/V10CC/V10CC_results","Set3","Top3",1,NA,"Primary cancer cells","Primary cancer cells"
"1102","OMIX001073 GC","/Users/macminiye/scRNA-seq_works/Cervix_scRNA_CTCs_project_use/panCTCs/bin/panCTC_classify/V10CC/V10CC_results","Set3","Top3",1,NA,"Primary cancer cells","Primary cancer cells"
"1103","GSE173682 EC","/Users/macminiye/scRNA-seq_works/Cervix_scRNA_CTCs_project_use/panCTCs/bin/panCTC_classify/V10CC/V10CC_results","Set3","Top3",1,NA,"Primary cancer cells","Primary cancer cells"
"1104","GSE193337 PC","/Users/macminiye/scRNA-seq_works/Cervix_scRNA_CTCs_project_use/panCTCs/bin/panCTC_classify/V10CC/V10CC_results","Set3","Top3",0.995,NA,"Primary cancer cells","Primary cancer cells"
"1105","GSE168652 CC","/Users/macminiye/scRNA-seq_works/Cervix_scRNA_CTCs_project_use/panCTCs/bin/panCTC_classify/V10CC/V10CC_results","Set3","Top3",1,NA,"Primary cancer cells","Primary cancer cells"
"1106","E-MTAB-11948 CC","/Users/macminiye/scRNA-seq_works/Cervix_scRNA_CTCs_project_use/panCTCs/bin/panCTC_classify/V10CC/V10CC_results","Set3","Top3",1,NA,"Primary cancer cells","Primary cancer cells"
"1107","GSM3946506 Melanoma","/Users/macminiye/scRNA-seq_works/Cervix_scRNA_CTCs_project_use/panCTCs/bin/panCTC_classify/V10CC/V10CC_results","Set3","Top3",1,NA,"Primary cancer cells","Primary cancer cells"
"1108","GSE132465 CRC","/Users/macminiye/scRNA-seq_works/Cervix_scRNA_CTCs_project_use/panCTCs/bin/panCTC_classify/V10CC/V10CC_results","Set3","Top3",1,NA,"Primary cancer cells","Primary cancer cells"
"1109","GSE215120 Melanoma","/Users/macminiye/scRNA-seq_works/Cervix_scRNA_CTCs_project_use/panCTCs/bin/panCTC_classify/V10CC/V10CC_results","Set3","Top3",1,NA,"Primary cancer cells","Primary cancer cells"
"1110","GSE193337 PC","/Users/macminiye/scRNA-seq_works/Cervix_scRNA_CTCs_project_use/panCTCs/bin/panCTC_classify/V10CC/V10CC_results","Set3","Top3",1,NA,"Primary cancer cells","Primary cancer cells"
"1111","GSE150430 NPC","/Users/macminiye/scRNA-seq_works/Cervix_scRNA_CTCs_project_use/panCTCs/bin/panCTC_classify/V10CC/V10CC_results","Set3","Top3",1,NA,"Primary cancer cells","Primary cancer cells"
"1112","GSE215120 Melanoma","/Users/macminiye/scRNA-seq_works/Cervix_scRNA_CTCs_project_use/panCTCs/bin/panCTC_classify/V10CC/V10CC_results","Set3","Top3",1,NA,"Primary cancer cells","Primary cancer cells"
"1113","GSE162025 NPC","/Users/macminiye/scRNA-seq_works/Cervix_scRNA_CTCs_project_use/panCTCs/bin/panCTC_classify/V10CC/V10CC_results","Set3","Top3",1,NA,"Primary cancer cells","Primary cancer cells"
"1114","GSE178318 CRC","/Users/macminiye/scRNA-seq_works/Cervix_scRNA_CTCs_project_use/panCTCs/bin/panCTC_classify/V10CC/V10CC_results","Set3","Top3",1,NA,"Primary cancer cells","Primary cancer cells"
"1115","GSE173682 OVC","/Users/macminiye/scRNA-seq_works/Cervix_scRNA_CTCs_project_use/panCTCs/bin/panCTC_classify/V10CC/V10CC_results","Set3","Top3",1,NA,"Primary cancer cells","Primary cancer cells"
"1116","GSE132465 CRC","/Users/macminiye/scRNA-seq_works/Cervix_scRNA_CTCs_project_use/panCTCs/bin/panCTC_classify/V10CC/V10CC_results","Set3","Top3",0.99,NA,"Primary cancer cells","Primary cancer cells"
"1117","GSE176031 PC","/Users/macminiye/scRNA-seq_works/Cervix_scRNA_CTCs_project_use/panCTCs/bin/panCTC_classify/V10CC/V10CC_results","Set3","Top3",1,NA,"Primary cancer cells","Primary cancer cells"
"1118","GSE148071 NSCLC","/Users/macminiye/scRNA-seq_works/Cervix_scRNA_CTCs_project_use/panCTCs/bin/panCTC_classify/V10CC/V10CC_results","Set3","Top3",1,NA,"Primary cancer cells","Primary cancer cells"
"1119","GSE127465 NSCLC","/Users/macminiye/scRNA-seq_works/Cervix_scRNA_CTCs_project_use/panCTCs/bin/panCTC_classify/V10CC/V10CC_results","Set3","Top3",1,NA,"Primary cancer cells","Primary cancer cells"
"1120","GSE162025 NPC","/Users/macminiye/scRNA-seq_works/Cervix_scRNA_CTCs_project_use/panCTCs/bin/panCTC_classify/V10CC/V10CC_results","Set3","Top3",1,NA,"Primary cancer cells","Primary cancer cells"
"1121","GSE132465 CRC","/Users/macminiye/scRNA-seq_works/Cervix_scRNA_CTCs_project_use/panCTCs/bin/panCTC_classify/V10CC/V10CC_results","Set3","Top3",0.994,NA,"Primary cancer cells","Primary cancer cells"
"1122","GSE155698 PDAC","/Users/macminiye/scRNA-seq_works/Cervix_scRNA_CTCs_project_use/panCTCs/bin/panCTC_classify/V10CC/V10CC_results","Set3","Top3",1,NA,"Primary cancer cells","Primary cancer cells"
"1123","GSE173682 OVC","/Users/macminiye/scRNA-seq_works/Cervix_scRNA_CTCs_project_use/panCTCs/bin/panCTC_classify/V10CC/V10CC_results","Set3","Top3",1,NA,"Primary cancer cells","Primary cancer cells"
"1124","GSE173682 EC","/Users/macminiye/scRNA-seq_works/Cervix_scRNA_CTCs_project_use/panCTCs/bin/panCTC_classify/V10CC/V10CC_results","Set3","Top3",1,NA,"Primary cancer cells","Primary cancer cells"
"1125","GSE193337 PC","/Users/macminiye/scRNA-seq_works/Cervix_scRNA_CTCs_project_use/panCTCs/bin/panCTC_classify/V10CC/V10CC_results","Set3","Top3",1,NA,"Primary cancer cells","Primary cancer cells"
"1126","GSE149614 HCC","/Users/macminiye/scRNA-seq_works/Cervix_scRNA_CTCs_project_use/panCTCs/bin/panCTC_classify/V10CC/V10CC_results","Set3","Top3",1,NA,"Primary cancer cells","Primary cancer cells"
"1127","GSE173682 OVC","/Users/macminiye/scRNA-seq_works/Cervix_scRNA_CTCs_project_use/panCTCs/bin/panCTC_classify/V10CC/V10CC_results","Set3","Top3",1,NA,"Primary cancer cells","Primary cancer cells"
"1128","GSE173682 OVC","/Users/macminiye/scRNA-seq_works/Cervix_scRNA_CTCs_project_use/panCTCs/bin/panCTC_classify/V10CC/V10CC_results","Set3","Top3",1,NA,"Primary cancer cells","Primary cancer cells"
"1129","GSE178318 CRC","/Users/macminiye/scRNA-seq_works/Cervix_scRNA_CTCs_project_use/panCTCs/bin/panCTC_classify/V10CC/V10CC_results","Set3","Top3",1,NA,"Primary cancer cells","Primary cancer cells"
"1130","GSE150430 NPC","/Users/macminiye/scRNA-seq_works/Cervix_scRNA_CTCs_project_use/panCTCs/bin/panCTC_classify/V10CC/V10CC_results","Set3","Top3",1,NA,"Primary cancer cells","Primary cancer cells"
"1131","GSE215120 Melanoma","/Users/macminiye/scRNA-seq_works/Cervix_scRNA_CTCs_project_use/panCTCs/bin/panCTC_classify/V10CC/V10CC_results","Set3","Top3",1,NA,"Primary cancer cells","Primary cancer cells"
"1132","GSE176078 BC","/Users/macminiye/scRNA-seq_works/Cervix_scRNA_CTCs_project_use/panCTCs/bin/panCTC_classify/V10CC/V10CC_results","Set3","Top3",1,NA,"Primary cancer cells","Primary cancer cells"
"1133","GSE168652 CC","/Users/macminiye/scRNA-seq_works/Cervix_scRNA_CTCs_project_use/panCTCs/bin/panCTC_classify/V10CC/V10CC_results","Set3","Top3",1,NA,"Primary cancer cells","Primary cancer cells"
"1134","GSE150825 NPC","/Users/macminiye/scRNA-seq_works/Cervix_scRNA_CTCs_project_use/panCTCs/bin/panCTC_classify/V10CC/V10CC_results","Set3","Top3",0.95,NA,"Primary cancer cells","Primary cancer cells"
"1135","GSE173682 EC","/Users/macminiye/scRNA-seq_works/Cervix_scRNA_CTCs_project_use/panCTCs/bin/panCTC_classify/V10CC/V10CC_results","Set3","Top3",0.995,NA,"Primary cancer cells","Primary cancer cells"
"1136","GSE178318 CRC","/Users/macminiye/scRNA-seq_works/Cervix_scRNA_CTCs_project_use/panCTCs/bin/panCTC_classify/V10CC/V10CC_results","Set3","Top3",1,NA,"Primary cancer cells","Primary cancer cells"
"1137","GSE176031 PC","/Users/macminiye/scRNA-seq_works/Cervix_scRNA_CTCs_project_use/panCTCs/bin/panCTC_classify/V10CC/V10CC_results","Set3","Top3",1,NA,"Primary cancer cells","Primary cancer cells"
"1138","GSE173682 EC","/Users/macminiye/scRNA-seq_works/Cervix_scRNA_CTCs_project_use/panCTCs/bin/panCTC_classify/V10CC/V10CC_results","Set3","Top3",1,NA,"Primary cancer cells","Primary cancer cells"
"1139","GSE178318 CRC","/Users/macminiye/scRNA-seq_works/Cervix_scRNA_CTCs_project_use/panCTCs/bin/panCTC_classify/V10CC/V10CC_results","Set3","Top3",1,NA,"Primary cancer cells","Primary cancer cells"
"1140","GSE150430 NPC","/Users/macminiye/scRNA-seq_works/Cervix_scRNA_CTCs_project_use/panCTCs/bin/panCTC_classify/V10CC/V10CC_results","Set3","Top3",1,NA,"Primary cancer cells","Primary cancer cells"
"1141","GSE215120 Melanoma","/Users/macminiye/scRNA-seq_works/Cervix_scRNA_CTCs_project_use/panCTCs/bin/panCTC_classify/V10CC/V10CC_results","Set3","Top3",1,NA,"Primary cancer cells","Primary cancer cells"
"1142","GSE162025 NPC","/Users/macminiye/scRNA-seq_works/Cervix_scRNA_CTCs_project_use/panCTCs/bin/panCTC_classify/V10CC/V10CC_results","Set3","Top3",1,NA,"Primary cancer cells","Primary cancer cells"
"1143","GSM3946506 Melanoma","/Users/macminiye/scRNA-seq_works/Cervix_scRNA_CTCs_project_use/panCTCs/bin/panCTC_classify/V10CC/V10CC_results","Set3","Top3",1,NA,"Primary cancer cells","Primary cancer cells"
"1144","E-MTAB-11948 CC","/Users/macminiye/scRNA-seq_works/Cervix_scRNA_CTCs_project_use/panCTCs/bin/panCTC_classify/V10CC/V10CC_results","Set3","Top3",1,NA,"Primary cancer cells","Primary cancer cells"
"1145","GSE150430 NPC","/Users/macminiye/scRNA-seq_works/Cervix_scRNA_CTCs_project_use/panCTCs/bin/panCTC_classify/V10CC/V10CC_results","Set3","Top3",1,NA,"Primary cancer cells","Primary cancer cells"
"1146","GSE148071 NSCLC","/Users/macminiye/scRNA-seq_works/Cervix_scRNA_CTCs_project_use/panCTCs/bin/panCTC_classify/V10CC/V10CC_results","Set3","Top3",1,NA,"Primary cancer cells","Primary cancer cells"
"1147","GSE173682 EC","/Users/macminiye/scRNA-seq_works/Cervix_scRNA_CTCs_project_use/panCTCs/bin/panCTC_classify/V10CC/V10CC_results","Set3","Top3",0.998,NA,"Primary cancer cells","Primary cancer cells"
"1148","GSE150825 NPC","/Users/macminiye/scRNA-seq_works/Cervix_scRNA_CTCs_project_use/panCTCs/bin/panCTC_classify/V10CC/V10CC_results","Set3","Top3",0.96,NA,"Primary cancer cells","Primary cancer cells"
"1149","GSE148071 NSCLC","/Users/macminiye/scRNA-seq_works/Cervix_scRNA_CTCs_project_use/panCTCs/bin/panCTC_classify/V10CC/V10CC_results","Set3","Top3",1,NA,"Primary cancer cells","Primary cancer cells"
"1150","GSE132465 CRC","/Users/macminiye/scRNA-seq_works/Cervix_scRNA_CTCs_project_use/panCTCs/bin/panCTC_classify/V10CC/V10CC_results","Set3","Top3",1,NA,"Primary cancer cells","Primary cancer cells"
"1151","GSE168652 CC","/Users/macminiye/scRNA-seq_works/Cervix_scRNA_CTCs_project_use/panCTCs/bin/panCTC_classify/V10CC/V10CC_results","Set3","Top3",1,NA,"Primary cancer cells","Primary cancer cells"
"1152","GSE173682 OVC","/Users/macminiye/scRNA-seq_works/Cervix_scRNA_CTCs_project_use/panCTCs/bin/panCTC_classify/V10CC/V10CC_results","Set3","Top3",1,NA,"Primary cancer cells","Primary cancer cells"
"1153","GSE176031 PC","/Users/macminiye/scRNA-seq_works/Cervix_scRNA_CTCs_project_use/panCTCs/bin/panCTC_classify/V10CC/V10CC_results","Set3","Top3",1,NA,"Primary cancer cells","Primary cancer cells"
"1154","GSE173682 OVC","/Users/macminiye/scRNA-seq_works/Cervix_scRNA_CTCs_project_use/panCTCs/bin/panCTC_classify/V10CC/V10CC_results","Set3","Top3",1,NA,"Primary cancer cells","Primary cancer cells"
"1155","GSE127465 NSCLC","/Users/macminiye/scRNA-seq_works/Cervix_scRNA_CTCs_project_use/panCTCs/bin/panCTC_classify/V10CC/V10CC_results","Set3","Top3",0.8,NA,"Primary cancer cells","Primary cancer cells"
"1156","GSE168652 CC","/Users/macminiye/scRNA-seq_works/Cervix_scRNA_CTCs_project_use/panCTCs/bin/panCTC_classify/V10CC/V10CC_results","Set3","Top3",1,NA,"Primary cancer cells","Primary cancer cells"
"1157","GSE162025 NPC","/Users/macminiye/scRNA-seq_works/Cervix_scRNA_CTCs_project_use/panCTCs/bin/panCTC_classify/V10CC/V10CC_results","Set3","Top3",0.99,NA,"Primary cancer cells","Primary cancer cells"
"1158","GSE150430 NPC","/Users/macminiye/scRNA-seq_works/Cervix_scRNA_CTCs_project_use/panCTCs/bin/panCTC_classify/V10CC/V10CC_results","Set3","Top3",1,NA,"Primary cancer cells","Primary cancer cells"
"1159","OMIX001073 GC","/Users/macminiye/scRNA-seq_works/Cervix_scRNA_CTCs_project_use/panCTCs/bin/panCTC_classify/V10CC/V10CC_results","Set3","Top3",1,NA,"Primary cancer cells","Primary cancer cells"
"1160","GSE193337 PC","/Users/macminiye/scRNA-seq_works/Cervix_scRNA_CTCs_project_use/panCTCs/bin/panCTC_classify/V10CC/V10CC_results","Set3","Top3",1,NA,"Primary cancer cells","Primary cancer cells"
"1161","GSE215120 Melanoma","/Users/macminiye/scRNA-seq_works/Cervix_scRNA_CTCs_project_use/panCTCs/bin/panCTC_classify/V10CC/V10CC_results","Set3","Top3",1,NA,"Primary cancer cells","Primary cancer cells"
"1162","GSE132465 CRC","/Users/macminiye/scRNA-seq_works/Cervix_scRNA_CTCs_project_use/panCTCs/bin/panCTC_classify/V10CC/V10CC_results","Set3","Top3",0.95,NA,"Primary cancer cells","Primary cancer cells"
"1163","GSE148071 NSCLC","/Users/macminiye/scRNA-seq_works/Cervix_scRNA_CTCs_project_use/panCTCs/bin/panCTC_classify/V10CC/V10CC_results","Set3","Top3",1,NA,"Primary cancer cells","Primary cancer cells"
"1164","GSE148071 NSCLC","/Users/macminiye/scRNA-seq_works/Cervix_scRNA_CTCs_project_use/panCTCs/bin/panCTC_classify/V10CC/V10CC_results","Set3","Top3",1,NA,"Primary cancer cells","Primary cancer cells"
"1165","GSE176031 PC","/Users/macminiye/scRNA-seq_works/Cervix_scRNA_CTCs_project_use/panCTCs/bin/panCTC_classify/V10CC/V10CC_results","Set3","Top3",1,NA,"Primary cancer cells","Primary cancer cells"
"1166","GSE155698 PDAC","/Users/macminiye/scRNA-seq_works/Cervix_scRNA_CTCs_project_use/panCTCs/bin/panCTC_classify/V10CC/V10CC_results","Set3","Top3",1,NA,"Primary cancer cells","Primary cancer cells"
"1167","GSE168652 CC","/Users/macminiye/scRNA-seq_works/Cervix_scRNA_CTCs_project_use/panCTCs/bin/panCTC_classify/V10CC/V10CC_results","Set3","Top3",0.995,NA,"Primary cancer cells","Primary cancer cells"
"1168","GSE127465 NSCLC","/Users/macminiye/scRNA-seq_works/Cervix_scRNA_CTCs_project_use/panCTCs/bin/panCTC_classify/V10CC/V10CC_results","Set3","Top3",0.98,NA,"Primary cancer cells","Primary cancer cells"
"1169","GSE173682 EC","/Users/macminiye/scRNA-seq_works/Cervix_scRNA_CTCs_project_use/panCTCs/bin/panCTC_classify/V10CC/V10CC_results","Set3","Top3",1,NA,"Primary cancer cells","Primary cancer cells"
"1170","GSE149614 HCC","/Users/macminiye/scRNA-seq_works/Cervix_scRNA_CTCs_project_use/panCTCs/bin/panCTC_classify/V10CC/V10CC_results","Set3","Top3",1,NA,"Primary cancer cells","Primary cancer cells"
"1171","GSM3946506 Melanoma","/Users/macminiye/scRNA-seq_works/Cervix_scRNA_CTCs_project_use/panCTCs/bin/panCTC_classify/V10CC/V10CC_results","Set3","Top3",1,NA,"Primary cancer cells","Primary cancer cells"
"1172","GSE178318 CRC","/Users/macminiye/scRNA-seq_works/Cervix_scRNA_CTCs_project_use/panCTCs/bin/panCTC_classify/V10CC/V10CC_results","Set3","Top3",1,NA,"Primary cancer cells","Primary cancer cells"
"1173","GSE150430 NPC","/Users/macminiye/scRNA-seq_works/Cervix_scRNA_CTCs_project_use/panCTCs/bin/panCTC_classify/V10CC/V10CC_results","Set3","Top3",1,NA,"Primary cancer cells","Primary cancer cells"
"1174","GSE132465 CRC","/Users/macminiye/scRNA-seq_works/Cervix_scRNA_CTCs_project_use/panCTCs/bin/panCTC_classify/V10CC/V10CC_results","Set4","Top1",1,NA,"Primary cancer cells","Primary cancer cells"
"1175","GSE149614 HCC","/Users/macminiye/scRNA-seq_works/Cervix_scRNA_CTCs_project_use/panCTCs/bin/panCTC_classify/V10CC/V10CC_results","Set4","Top1",1,NA,"Primary cancer cells","Primary cancer cells"
"1176","OMIX001073 GC","/Users/macminiye/scRNA-seq_works/Cervix_scRNA_CTCs_project_use/panCTCs/bin/panCTC_classify/V10CC/V10CC_results","Set4","Top1",0.98,NA,"Primary cancer cells","Primary cancer cells"
"1177","GSE176078 BC","/Users/macminiye/scRNA-seq_works/Cervix_scRNA_CTCs_project_use/panCTCs/bin/panCTC_classify/V10CC/V10CC_results","Set4","Top1",1,NA,"Primary cancer cells","Primary cancer cells"
"1178","GSM3946506 Melanoma","/Users/macminiye/scRNA-seq_works/Cervix_scRNA_CTCs_project_use/panCTCs/bin/panCTC_classify/V10CC/V10CC_results","Set4","Top1",1,NA,"Primary cancer cells","Primary cancer cells"
"1179","GSE176078 BC","/Users/macminiye/scRNA-seq_works/Cervix_scRNA_CTCs_project_use/panCTCs/bin/panCTC_classify/V10CC/V10CC_results","Set4","Top1",0.99,NA,"Primary cancer cells","Primary cancer cells"
"1180","OMIX001073 GC","/Users/macminiye/scRNA-seq_works/Cervix_scRNA_CTCs_project_use/panCTCs/bin/panCTC_classify/V10CC/V10CC_results","Set4","Top1",1,NA,"Primary cancer cells","Primary cancer cells"
"1181","GSE150430 NPC","/Users/macminiye/scRNA-seq_works/Cervix_scRNA_CTCs_project_use/panCTCs/bin/panCTC_classify/V10CC/V10CC_results","Set4","Top1",1,NA,"Primary cancer cells","Primary cancer cells"
"1182","GSE155698 PDAC","/Users/macminiye/scRNA-seq_works/Cervix_scRNA_CTCs_project_use/panCTCs/bin/panCTC_classify/V10CC/V10CC_results","Set4","Top1",0.974,NA,"Primary cancer cells","Primary cancer cells"
"1183","E-MTAB-11948 CC","/Users/macminiye/scRNA-seq_works/Cervix_scRNA_CTCs_project_use/panCTCs/bin/panCTC_classify/V10CC/V10CC_results","Set4","Top1",1,NA,"Primary cancer cells","Primary cancer cells"
"1184","GSE149614 HCC","/Users/macminiye/scRNA-seq_works/Cervix_scRNA_CTCs_project_use/panCTCs/bin/panCTC_classify/V10CC/V10CC_results","Set4","Top1",0.99,NA,"Primary cancer cells","Primary cancer cells"
"1185","GSE215120 Melanoma","/Users/macminiye/scRNA-seq_works/Cervix_scRNA_CTCs_project_use/panCTCs/bin/panCTC_classify/V10CC/V10CC_results","Set4","Top1",1,NA,"Primary cancer cells","Primary cancer cells"
"1186","GSE132465 CRC","/Users/macminiye/scRNA-seq_works/Cervix_scRNA_CTCs_project_use/panCTCs/bin/panCTC_classify/V10CC/V10CC_results","Set4","Top1",0.8,NA,"Primary cancer cells","Primary cancer cells"
"1187","GSE148071 NSCLC","/Users/macminiye/scRNA-seq_works/Cervix_scRNA_CTCs_project_use/panCTCs/bin/panCTC_classify/V10CC/V10CC_results","Set4","Top1",1,NA,"Primary cancer cells","Primary cancer cells"
"1188","GSE176031 PC","/Users/macminiye/scRNA-seq_works/Cervix_scRNA_CTCs_project_use/panCTCs/bin/panCTC_classify/V10CC/V10CC_results","Set4","Top1",1,NA,"Primary cancer cells","Primary cancer cells"
"1189","GSE127465 NSCLC","/Users/macminiye/scRNA-seq_works/Cervix_scRNA_CTCs_project_use/panCTCs/bin/panCTC_classify/V10CC/V10CC_results","Set4","Top1",0.88,NA,"Primary cancer cells","Primary cancer cells"
"1190","GSE176078 BC","/Users/macminiye/scRNA-seq_works/Cervix_scRNA_CTCs_project_use/panCTCs/bin/panCTC_classify/V10CC/V10CC_results","Set4","Top1",1,NA,"Primary cancer cells","Primary cancer cells"
"1191","GSE168652 CC","/Users/macminiye/scRNA-seq_works/Cervix_scRNA_CTCs_project_use/panCTCs/bin/panCTC_classify/V10CC/V10CC_results","Set4","Top1",1,NA,"Primary cancer cells","Primary cancer cells"
"1192","GSE149614 HCC","/Users/macminiye/scRNA-seq_works/Cervix_scRNA_CTCs_project_use/panCTCs/bin/panCTC_classify/V10CC/V10CC_results","Set4","Top1",1,NA,"Primary cancer cells","Primary cancer cells"
"1193","E-MTAB-11948 CC","/Users/macminiye/scRNA-seq_works/Cervix_scRNA_CTCs_project_use/panCTCs/bin/panCTC_classify/V10CC/V10CC_results","Set4","Top1",0.998,NA,"Primary cancer cells","Primary cancer cells"
"1194","GSE155698 PDAC","/Users/macminiye/scRNA-seq_works/Cervix_scRNA_CTCs_project_use/panCTCs/bin/panCTC_classify/V10CC/V10CC_results","Set4","Top1",0.97,NA,"Primary cancer cells","Primary cancer cells"
"1195","GSE150825 NPC","/Users/macminiye/scRNA-seq_works/Cervix_scRNA_CTCs_project_use/panCTCs/bin/panCTC_classify/V10CC/V10CC_results","Set4","Top1",0.8,NA,"Primary cancer cells","Primary cancer cells"
"1196","GSE178318 CRC","/Users/macminiye/scRNA-seq_works/Cervix_scRNA_CTCs_project_use/panCTCs/bin/panCTC_classify/V10CC/V10CC_results","Set4","Top1",0.95,NA,"Primary cancer cells","Primary cancer cells"
"1197","GSE173682 EC","/Users/macminiye/scRNA-seq_works/Cervix_scRNA_CTCs_project_use/panCTCs/bin/panCTC_classify/V10CC/V10CC_results","Set4","Top1",1,NA,"Primary cancer cells","Primary cancer cells"
"1198","GSE193337 PC","/Users/macminiye/scRNA-seq_works/Cervix_scRNA_CTCs_project_use/panCTCs/bin/panCTC_classify/V10CC/V10CC_results","Set4","Top1",0.97,NA,"Primary cancer cells","Primary cancer cells"
"1199","GSE155698 PDAC","/Users/macminiye/scRNA-seq_works/Cervix_scRNA_CTCs_project_use/panCTCs/bin/panCTC_classify/V10CC/V10CC_results","Set4","Top1",0.98,NA,"Primary cancer cells","Primary cancer cells"
"1200","GSM3946506 Melanoma","/Users/macminiye/scRNA-seq_works/Cervix_scRNA_CTCs_project_use/panCTCs/bin/panCTC_classify/V10CC/V10CC_results","Set4","Top1",1,NA,"Primary cancer cells","Primary cancer cells"
"1201","E-MTAB-11948 CC","/Users/macminiye/scRNA-seq_works/Cervix_scRNA_CTCs_project_use/panCTCs/bin/panCTC_classify/V10CC/V10CC_results","Set4","Top1",1,NA,"Primary cancer cells","Primary cancer cells"
"1202","OMIX001073 GC","/Users/macminiye/scRNA-seq_works/Cervix_scRNA_CTCs_project_use/panCTCs/bin/panCTC_classify/V10CC/V10CC_results","Set4","Top1",0.988,NA,"Primary cancer cells","Primary cancer cells"
"1203","GSE173682 OVC","/Users/macminiye/scRNA-seq_works/Cervix_scRNA_CTCs_project_use/panCTCs/bin/panCTC_classify/V10CC/V10CC_results","Set4","Top1",1,NA,"Primary cancer cells","Primary cancer cells"
"1204","GSE168652 CC","/Users/macminiye/scRNA-seq_works/Cervix_scRNA_CTCs_project_use/panCTCs/bin/panCTC_classify/V10CC/V10CC_results","Set4","Top1",1,NA,"Primary cancer cells","Primary cancer cells"
"1205","GSE176078 BC","/Users/macminiye/scRNA-seq_works/Cervix_scRNA_CTCs_project_use/panCTCs/bin/panCTC_classify/V10CC/V10CC_results","Set4","Top1",1,NA,"Primary cancer cells","Primary cancer cells"
"1206","GSE150825 NPC","/Users/macminiye/scRNA-seq_works/Cervix_scRNA_CTCs_project_use/panCTCs/bin/panCTC_classify/V10CC/V10CC_results","Set4","Top1",0.9,NA,"Primary cancer cells","Primary cancer cells"
"1207","OMIX001073 GC","/Users/macminiye/scRNA-seq_works/Cervix_scRNA_CTCs_project_use/panCTCs/bin/panCTC_classify/V10CC/V10CC_results","Set4","Top1",0.99,NA,"Primary cancer cells","Primary cancer cells"
"1208","OMIX001073 GC","/Users/macminiye/scRNA-seq_works/Cervix_scRNA_CTCs_project_use/panCTCs/bin/panCTC_classify/V10CC/V10CC_results","Set4","Top1",1,NA,"Primary cancer cells","Primary cancer cells"
"1209","E-MTAB-11948 CC","/Users/macminiye/scRNA-seq_works/Cervix_scRNA_CTCs_project_use/panCTCs/bin/panCTC_classify/V10CC/V10CC_results","Set4","Top1",1,NA,"Primary cancer cells","Primary cancer cells"
"1210","GSE162025 NPC","/Users/macminiye/scRNA-seq_works/Cervix_scRNA_CTCs_project_use/panCTCs/bin/panCTC_classify/V10CC/V10CC_results","Set4","Top1",1,NA,"Primary cancer cells","Primary cancer cells"
"1211","GSE176078 BC","/Users/macminiye/scRNA-seq_works/Cervix_scRNA_CTCs_project_use/panCTCs/bin/panCTC_classify/V10CC/V10CC_results","Set4","Top1",0.98,NA,"Primary cancer cells","Primary cancer cells"
"1212","GSE155698 PDAC","/Users/macminiye/scRNA-seq_works/Cervix_scRNA_CTCs_project_use/panCTCs/bin/panCTC_classify/V10CC/V10CC_results","Set4","Top1",1,NA,"Primary cancer cells","Primary cancer cells"
"1213","GSE149614 HCC","/Users/macminiye/scRNA-seq_works/Cervix_scRNA_CTCs_project_use/panCTCs/bin/panCTC_classify/V10CC/V10CC_results","Set4","Top1",0.995,NA,"Primary cancer cells","Primary cancer cells"
"1214","E-MTAB-11948 CC","/Users/macminiye/scRNA-seq_works/Cervix_scRNA_CTCs_project_use/panCTCs/bin/panCTC_classify/V10CC/V10CC_results","Set4","Top1",1,NA,"Primary cancer cells","Primary cancer cells"
"1215","GSE178318 CRC","/Users/macminiye/scRNA-seq_works/Cervix_scRNA_CTCs_project_use/panCTCs/bin/panCTC_classify/V10CC/V10CC_results","Set4","Top1",1,NA,"Primary cancer cells","Primary cancer cells"
"1216","GSE176078 BC","/Users/macminiye/scRNA-seq_works/Cervix_scRNA_CTCs_project_use/panCTCs/bin/panCTC_classify/V10CC/V10CC_results","Set4","Top1",0.988,NA,"Primary cancer cells","Primary cancer cells"
"1217","GSM3946506 Melanoma","/Users/macminiye/scRNA-seq_works/Cervix_scRNA_CTCs_project_use/panCTCs/bin/panCTC_classify/V10CC/V10CC_results","Set4","Top1",1,NA,"Primary cancer cells","Primary cancer cells"
"1218","GSE155698 PDAC","/Users/macminiye/scRNA-seq_works/Cervix_scRNA_CTCs_project_use/panCTCs/bin/panCTC_classify/V10CC/V10CC_results","Set4","Top1",0.955,NA,"Primary cancer cells","Primary cancer cells"
"1219","GSE215120 Melanoma","/Users/macminiye/scRNA-seq_works/Cervix_scRNA_CTCs_project_use/panCTCs/bin/panCTC_classify/V10CC/V10CC_results","Set4","Top1",1,NA,"Primary cancer cells","Primary cancer cells"
"1220","GSE149614 HCC","/Users/macminiye/scRNA-seq_works/Cervix_scRNA_CTCs_project_use/panCTCs/bin/panCTC_classify/V10CC/V10CC_results","Set4","Top1",1,NA,"Primary cancer cells","Primary cancer cells"
"1221","GSE127465 NSCLC","/Users/macminiye/scRNA-seq_works/Cervix_scRNA_CTCs_project_use/panCTCs/bin/panCTC_classify/V10CC/V10CC_results","Set4","Top1",0.91,NA,"Primary cancer cells","Primary cancer cells"
"1222","GSE127465 NSCLC","/Users/macminiye/scRNA-seq_works/Cervix_scRNA_CTCs_project_use/panCTCs/bin/panCTC_classify/V10CC/V10CC_results","Set4","Top1",0.9,NA,"Primary cancer cells","Primary cancer cells"
"1223","GSE176031 PC","/Users/macminiye/scRNA-seq_works/Cervix_scRNA_CTCs_project_use/panCTCs/bin/panCTC_classify/V10CC/V10CC_results","Set4","Top1",1,NA,"Primary cancer cells","Primary cancer cells"
"1224","GSE148071 NSCLC","/Users/macminiye/scRNA-seq_works/Cervix_scRNA_CTCs_project_use/panCTCs/bin/panCTC_classify/V10CC/V10CC_results","Set4","Top1",0.98,NA,"Primary cancer cells","Primary cancer cells"
"1225","GSE193337 PC","/Users/macminiye/scRNA-seq_works/Cervix_scRNA_CTCs_project_use/panCTCs/bin/panCTC_classify/V10CC/V10CC_results","Set4","Top1",1,NA,"Primary cancer cells","Primary cancer cells"
"1226","OMIX001073 GC","/Users/macminiye/scRNA-seq_works/Cervix_scRNA_CTCs_project_use/panCTCs/bin/panCTC_classify/V10CC/V10CC_results","Set4","Top1",0.98,NA,"Primary cancer cells","Primary cancer cells"
"1227","GSE173682 EC","/Users/macminiye/scRNA-seq_works/Cervix_scRNA_CTCs_project_use/panCTCs/bin/panCTC_classify/V10CC/V10CC_results","Set4","Top1",1,NA,"Primary cancer cells","Primary cancer cells"
"1228","GSE193337 PC","/Users/macminiye/scRNA-seq_works/Cervix_scRNA_CTCs_project_use/panCTCs/bin/panCTC_classify/V10CC/V10CC_results","Set4","Top1",0.99,NA,"Primary cancer cells","Primary cancer cells"
"1229","GSE168652 CC","/Users/macminiye/scRNA-seq_works/Cervix_scRNA_CTCs_project_use/panCTCs/bin/panCTC_classify/V10CC/V10CC_results","Set4","Top1",0.998,NA,"Primary cancer cells","Primary cancer cells"
"1230","E-MTAB-11948 CC","/Users/macminiye/scRNA-seq_works/Cervix_scRNA_CTCs_project_use/panCTCs/bin/panCTC_classify/V10CC/V10CC_results","Set4","Top1",1,NA,"Primary cancer cells","Primary cancer cells"
"1231","GSM3946506 Melanoma","/Users/macminiye/scRNA-seq_works/Cervix_scRNA_CTCs_project_use/panCTCs/bin/panCTC_classify/V10CC/V10CC_results","Set4","Top1",1,NA,"Primary cancer cells","Primary cancer cells"
"1232","GSE132465 CRC","/Users/macminiye/scRNA-seq_works/Cervix_scRNA_CTCs_project_use/panCTCs/bin/panCTC_classify/V10CC/V10CC_results","Set4","Top1",1,NA,"Primary cancer cells","Primary cancer cells"
"1233","GSE215120 Melanoma","/Users/macminiye/scRNA-seq_works/Cervix_scRNA_CTCs_project_use/panCTCs/bin/panCTC_classify/V10CC/V10CC_results","Set4","Top1",1,NA,"Primary cancer cells","Primary cancer cells"
"1234","GSE193337 PC","/Users/macminiye/scRNA-seq_works/Cervix_scRNA_CTCs_project_use/panCTCs/bin/panCTC_classify/V10CC/V10CC_results","Set4","Top1",1,NA,"Primary cancer cells","Primary cancer cells"
"1235","GSE150430 NPC","/Users/macminiye/scRNA-seq_works/Cervix_scRNA_CTCs_project_use/panCTCs/bin/panCTC_classify/V10CC/V10CC_results","Set4","Top1",1,NA,"Primary cancer cells","Primary cancer cells"
"1236","GSE215120 Melanoma","/Users/macminiye/scRNA-seq_works/Cervix_scRNA_CTCs_project_use/panCTCs/bin/panCTC_classify/V10CC/V10CC_results","Set4","Top1",1,NA,"Primary cancer cells","Primary cancer cells"
"1237","GSE162025 NPC","/Users/macminiye/scRNA-seq_works/Cervix_scRNA_CTCs_project_use/panCTCs/bin/panCTC_classify/V10CC/V10CC_results","Set4","Top1",0.8,NA,"Primary cancer cells","Primary cancer cells"
"1238","GSE178318 CRC","/Users/macminiye/scRNA-seq_works/Cervix_scRNA_CTCs_project_use/panCTCs/bin/panCTC_classify/V10CC/V10CC_results","Set4","Top1",1,NA,"Primary cancer cells","Primary cancer cells"
"1239","GSE173682 OVC","/Users/macminiye/scRNA-seq_works/Cervix_scRNA_CTCs_project_use/panCTCs/bin/panCTC_classify/V10CC/V10CC_results","Set4","Top1",0.99,NA,"Primary cancer cells","Primary cancer cells"
"1240","GSE132465 CRC","/Users/macminiye/scRNA-seq_works/Cervix_scRNA_CTCs_project_use/panCTCs/bin/panCTC_classify/V10CC/V10CC_results","Set4","Top1",0.98,NA,"Primary cancer cells","Primary cancer cells"
"1241","GSE176031 PC","/Users/macminiye/scRNA-seq_works/Cervix_scRNA_CTCs_project_use/panCTCs/bin/panCTC_classify/V10CC/V10CC_results","Set4","Top1",1,NA,"Primary cancer cells","Primary cancer cells"
"1242","GSE148071 NSCLC","/Users/macminiye/scRNA-seq_works/Cervix_scRNA_CTCs_project_use/panCTCs/bin/panCTC_classify/V10CC/V10CC_results","Set4","Top1",1,NA,"Primary cancer cells","Primary cancer cells"
"1243","GSE127465 NSCLC","/Users/macminiye/scRNA-seq_works/Cervix_scRNA_CTCs_project_use/panCTCs/bin/panCTC_classify/V10CC/V10CC_results","Set4","Top1",0.8,NA,"Primary cancer cells","Primary cancer cells"
"1244","GSE162025 NPC","/Users/macminiye/scRNA-seq_works/Cervix_scRNA_CTCs_project_use/panCTCs/bin/panCTC_classify/V10CC/V10CC_results","Set4","Top1",1,NA,"Primary cancer cells","Primary cancer cells"
"1245","GSE132465 CRC","/Users/macminiye/scRNA-seq_works/Cervix_scRNA_CTCs_project_use/panCTCs/bin/panCTC_classify/V10CC/V10CC_results","Set4","Top1",0.986,NA,"Primary cancer cells","Primary cancer cells"
"1246","GSE155698 PDAC","/Users/macminiye/scRNA-seq_works/Cervix_scRNA_CTCs_project_use/panCTCs/bin/panCTC_classify/V10CC/V10CC_results","Set4","Top1",1,NA,"Primary cancer cells","Primary cancer cells"
"1247","GSE173682 OVC","/Users/macminiye/scRNA-seq_works/Cervix_scRNA_CTCs_project_use/panCTCs/bin/panCTC_classify/V10CC/V10CC_results","Set4","Top1",0.994,NA,"Primary cancer cells","Primary cancer cells"
"1248","GSE173682 EC","/Users/macminiye/scRNA-seq_works/Cervix_scRNA_CTCs_project_use/panCTCs/bin/panCTC_classify/V10CC/V10CC_results","Set4","Top1",1,NA,"Primary cancer cells","Primary cancer cells"
"1249","GSE193337 PC","/Users/macminiye/scRNA-seq_works/Cervix_scRNA_CTCs_project_use/panCTCs/bin/panCTC_classify/V10CC/V10CC_results","Set4","Top1",1,NA,"Primary cancer cells","Primary cancer cells"
"1250","GSE149614 HCC","/Users/macminiye/scRNA-seq_works/Cervix_scRNA_CTCs_project_use/panCTCs/bin/panCTC_classify/V10CC/V10CC_results","Set4","Top1",1,NA,"Primary cancer cells","Primary cancer cells"
"1251","GSE173682 OVC","/Users/macminiye/scRNA-seq_works/Cervix_scRNA_CTCs_project_use/panCTCs/bin/panCTC_classify/V10CC/V10CC_results","Set4","Top1",1,NA,"Primary cancer cells","Primary cancer cells"
"1252","GSE173682 OVC","/Users/macminiye/scRNA-seq_works/Cervix_scRNA_CTCs_project_use/panCTCs/bin/panCTC_classify/V10CC/V10CC_results","Set4","Top1",1,NA,"Primary cancer cells","Primary cancer cells"
"1253","GSE178318 CRC","/Users/macminiye/scRNA-seq_works/Cervix_scRNA_CTCs_project_use/panCTCs/bin/panCTC_classify/V10CC/V10CC_results","Set4","Top1",0.98,NA,"Primary cancer cells","Primary cancer cells"
"1254","GSE150430 NPC","/Users/macminiye/scRNA-seq_works/Cervix_scRNA_CTCs_project_use/panCTCs/bin/panCTC_classify/V10CC/V10CC_results","Set4","Top1",1,NA,"Primary cancer cells","Primary cancer cells"
"1255","GSE215120 Melanoma","/Users/macminiye/scRNA-seq_works/Cervix_scRNA_CTCs_project_use/panCTCs/bin/panCTC_classify/V10CC/V10CC_results","Set4","Top1",1,NA,"Primary cancer cells","Primary cancer cells"
"1256","GSE176078 BC","/Users/macminiye/scRNA-seq_works/Cervix_scRNA_CTCs_project_use/panCTCs/bin/panCTC_classify/V10CC/V10CC_results","Set4","Top1",1,NA,"Primary cancer cells","Primary cancer cells"
"1257","GSE168652 CC","/Users/macminiye/scRNA-seq_works/Cervix_scRNA_CTCs_project_use/panCTCs/bin/panCTC_classify/V10CC/V10CC_results","Set4","Top1",1,NA,"Primary cancer cells","Primary cancer cells"
"1258","GSE150825 NPC","/Users/macminiye/scRNA-seq_works/Cervix_scRNA_CTCs_project_use/panCTCs/bin/panCTC_classify/V10CC/V10CC_results","Set4","Top1",0.95,NA,"Primary cancer cells","Primary cancer cells"
"1259","GSE173682 EC","/Users/macminiye/scRNA-seq_works/Cervix_scRNA_CTCs_project_use/panCTCs/bin/panCTC_classify/V10CC/V10CC_results","Set4","Top1",0.995,NA,"Primary cancer cells","Primary cancer cells"
"1260","GSE178318 CRC","/Users/macminiye/scRNA-seq_works/Cervix_scRNA_CTCs_project_use/panCTCs/bin/panCTC_classify/V10CC/V10CC_results","Set4","Top1",1,NA,"Primary cancer cells","Primary cancer cells"
"1261","GSE176031 PC","/Users/macminiye/scRNA-seq_works/Cervix_scRNA_CTCs_project_use/panCTCs/bin/panCTC_classify/V10CC/V10CC_results","Set4","Top1",1,NA,"Primary cancer cells","Primary cancer cells"
"1262","GSE173682 EC","/Users/macminiye/scRNA-seq_works/Cervix_scRNA_CTCs_project_use/panCTCs/bin/panCTC_classify/V10CC/V10CC_results","Set4","Top1",1,NA,"Primary cancer cells","Primary cancer cells"
"1263","GSE178318 CRC","/Users/macminiye/scRNA-seq_works/Cervix_scRNA_CTCs_project_use/panCTCs/bin/panCTC_classify/V10CC/V10CC_results","Set4","Top1",0.99,NA,"Primary cancer cells","Primary cancer cells"
"1264","GSE150430 NPC","/Users/macminiye/scRNA-seq_works/Cervix_scRNA_CTCs_project_use/panCTCs/bin/panCTC_classify/V10CC/V10CC_results","Set4","Top1",1,NA,"Primary cancer cells","Primary cancer cells"
"1265","GSE215120 Melanoma","/Users/macminiye/scRNA-seq_works/Cervix_scRNA_CTCs_project_use/panCTCs/bin/panCTC_classify/V10CC/V10CC_results","Set4","Top1",0.99,NA,"Primary cancer cells","Primary cancer cells"
"1266","GSE162025 NPC","/Users/macminiye/scRNA-seq_works/Cervix_scRNA_CTCs_project_use/panCTCs/bin/panCTC_classify/V10CC/V10CC_results","Set4","Top1",0.98,NA,"Primary cancer cells","Primary cancer cells"
"1267","GSM3946506 Melanoma","/Users/macminiye/scRNA-seq_works/Cervix_scRNA_CTCs_project_use/panCTCs/bin/panCTC_classify/V10CC/V10CC_results","Set4","Top1",1,NA,"Primary cancer cells","Primary cancer cells"
"1268","E-MTAB-11948 CC","/Users/macminiye/scRNA-seq_works/Cervix_scRNA_CTCs_project_use/panCTCs/bin/panCTC_classify/V10CC/V10CC_results","Set4","Top1",1,NA,"Primary cancer cells","Primary cancer cells"
"1269","GSE150430 NPC","/Users/macminiye/scRNA-seq_works/Cervix_scRNA_CTCs_project_use/panCTCs/bin/panCTC_classify/V10CC/V10CC_results","Set4","Top1",1,NA,"Primary cancer cells","Primary cancer cells"
"1270","GSE148071 NSCLC","/Users/macminiye/scRNA-seq_works/Cervix_scRNA_CTCs_project_use/panCTCs/bin/panCTC_classify/V10CC/V10CC_results","Set4","Top1",1,NA,"Primary cancer cells","Primary cancer cells"
"1271","GSE173682 EC","/Users/macminiye/scRNA-seq_works/Cervix_scRNA_CTCs_project_use/panCTCs/bin/panCTC_classify/V10CC/V10CC_results","Set4","Top1",0.998,NA,"Primary cancer cells","Primary cancer cells"
"1272","GSE150825 NPC","/Users/macminiye/scRNA-seq_works/Cervix_scRNA_CTCs_project_use/panCTCs/bin/panCTC_classify/V10CC/V10CC_results","Set4","Top1",0.88,NA,"Primary cancer cells","Primary cancer cells"
"1273","GSE148071 NSCLC","/Users/macminiye/scRNA-seq_works/Cervix_scRNA_CTCs_project_use/panCTCs/bin/panCTC_classify/V10CC/V10CC_results","Set4","Top1",1,NA,"Primary cancer cells","Primary cancer cells"
"1274","GSE132465 CRC","/Users/macminiye/scRNA-seq_works/Cervix_scRNA_CTCs_project_use/panCTCs/bin/panCTC_classify/V10CC/V10CC_results","Set4","Top1",0.995,NA,"Primary cancer cells","Primary cancer cells"
"1275","GSE168652 CC","/Users/macminiye/scRNA-seq_works/Cervix_scRNA_CTCs_project_use/panCTCs/bin/panCTC_classify/V10CC/V10CC_results","Set4","Top1",1,NA,"Primary cancer cells","Primary cancer cells"
"1276","GSE173682 OVC","/Users/macminiye/scRNA-seq_works/Cervix_scRNA_CTCs_project_use/panCTCs/bin/panCTC_classify/V10CC/V10CC_results","Set4","Top1",0.995,NA,"Primary cancer cells","Primary cancer cells"
"1277","GSE176031 PC","/Users/macminiye/scRNA-seq_works/Cervix_scRNA_CTCs_project_use/panCTCs/bin/panCTC_classify/V10CC/V10CC_results","Set4","Top1",1,NA,"Primary cancer cells","Primary cancer cells"
"1278","GSE173682 OVC","/Users/macminiye/scRNA-seq_works/Cervix_scRNA_CTCs_project_use/panCTCs/bin/panCTC_classify/V10CC/V10CC_results","Set4","Top1",1,NA,"Primary cancer cells","Primary cancer cells"
"1279","GSE127465 NSCLC","/Users/macminiye/scRNA-seq_works/Cervix_scRNA_CTCs_project_use/panCTCs/bin/panCTC_classify/V10CC/V10CC_results","Set4","Top1",0.8,NA,"Primary cancer cells","Primary cancer cells"
"1280","GSE168652 CC","/Users/macminiye/scRNA-seq_works/Cervix_scRNA_CTCs_project_use/panCTCs/bin/panCTC_classify/V10CC/V10CC_results","Set4","Top1",1,NA,"Primary cancer cells","Primary cancer cells"
"1281","GSE162025 NPC","/Users/macminiye/scRNA-seq_works/Cervix_scRNA_CTCs_project_use/panCTCs/bin/panCTC_classify/V10CC/V10CC_results","Set4","Top1",0.97,NA,"Primary cancer cells","Primary cancer cells"
"1282","GSE150430 NPC","/Users/macminiye/scRNA-seq_works/Cervix_scRNA_CTCs_project_use/panCTCs/bin/panCTC_classify/V10CC/V10CC_results","Set4","Top1",1,NA,"Primary cancer cells","Primary cancer cells"
"1283","OMIX001073 GC","/Users/macminiye/scRNA-seq_works/Cervix_scRNA_CTCs_project_use/panCTCs/bin/panCTC_classify/V10CC/V10CC_results","Set4","Top1",1,NA,"Primary cancer cells","Primary cancer cells"
"1284","GSE193337 PC","/Users/macminiye/scRNA-seq_works/Cervix_scRNA_CTCs_project_use/panCTCs/bin/panCTC_classify/V10CC/V10CC_results","Set4","Top1",1,NA,"Primary cancer cells","Primary cancer cells"
"1285","GSE215120 Melanoma","/Users/macminiye/scRNA-seq_works/Cervix_scRNA_CTCs_project_use/panCTCs/bin/panCTC_classify/V10CC/V10CC_results","Set4","Top1",1,NA,"Primary cancer cells","Primary cancer cells"
"1286","GSE132465 CRC","/Users/macminiye/scRNA-seq_works/Cervix_scRNA_CTCs_project_use/panCTCs/bin/panCTC_classify/V10CC/V10CC_results","Set4","Top1",1,NA,"Primary cancer cells","Primary cancer cells"
"1287","GSE148071 NSCLC","/Users/macminiye/scRNA-seq_works/Cervix_scRNA_CTCs_project_use/panCTCs/bin/panCTC_classify/V10CC/V10CC_results","Set4","Top1",1,NA,"Primary cancer cells","Primary cancer cells"
"1288","GSE148071 NSCLC","/Users/macminiye/scRNA-seq_works/Cervix_scRNA_CTCs_project_use/panCTCs/bin/panCTC_classify/V10CC/V10CC_results","Set4","Top1",1,NA,"Primary cancer cells","Primary cancer cells"
"1289","GSE176031 PC","/Users/macminiye/scRNA-seq_works/Cervix_scRNA_CTCs_project_use/panCTCs/bin/panCTC_classify/V10CC/V10CC_results","Set4","Top1",1,NA,"Primary cancer cells","Primary cancer cells"
"1290","GSE155698 PDAC","/Users/macminiye/scRNA-seq_works/Cervix_scRNA_CTCs_project_use/panCTCs/bin/panCTC_classify/V10CC/V10CC_results","Set4","Top1",1,NA,"Primary cancer cells","Primary cancer cells"
"1291","GSE168652 CC","/Users/macminiye/scRNA-seq_works/Cervix_scRNA_CTCs_project_use/panCTCs/bin/panCTC_classify/V10CC/V10CC_results","Set4","Top1",1,NA,"Primary cancer cells","Primary cancer cells"
"1292","GSE127465 NSCLC","/Users/macminiye/scRNA-seq_works/Cervix_scRNA_CTCs_project_use/panCTCs/bin/panCTC_classify/V10CC/V10CC_results","Set4","Top1",0.86,NA,"Primary cancer cells","Primary cancer cells"
"1293","GSE173682 EC","/Users/macminiye/scRNA-seq_works/Cervix_scRNA_CTCs_project_use/panCTCs/bin/panCTC_classify/V10CC/V10CC_results","Set4","Top1",1,NA,"Primary cancer cells","Primary cancer cells"
"1294","GSE149614 HCC","/Users/macminiye/scRNA-seq_works/Cervix_scRNA_CTCs_project_use/panCTCs/bin/panCTC_classify/V10CC/V10CC_results","Set4","Top1",1,NA,"Primary cancer cells","Primary cancer cells"
"1295","GSM3946506 Melanoma","/Users/macminiye/scRNA-seq_works/Cervix_scRNA_CTCs_project_use/panCTCs/bin/panCTC_classify/V10CC/V10CC_results","Set4","Top1",1,NA,"Primary cancer cells","Primary cancer cells"
"1296","GSE178318 CRC","/Users/macminiye/scRNA-seq_works/Cervix_scRNA_CTCs_project_use/panCTCs/bin/panCTC_classify/V10CC/V10CC_results","Set4","Top1",1,NA,"Primary cancer cells","Primary cancer cells"
"1297","GSE150430 NPC","/Users/macminiye/scRNA-seq_works/Cervix_scRNA_CTCs_project_use/panCTCs/bin/panCTC_classify/V10CC/V10CC_results","Set4","Top1",1,NA,"Primary cancer cells","Primary cancer cells"
"1298","GSE132465 CRC","/Users/macminiye/scRNA-seq_works/Cervix_scRNA_CTCs_project_use/panCTCs/bin/panCTC_classify/V10CC/V10CC_results","Set4","Top2",1,NA,"Primary cancer cells","Primary cancer cells"
"1299","GSE149614 HCC","/Users/macminiye/scRNA-seq_works/Cervix_scRNA_CTCs_project_use/panCTCs/bin/panCTC_classify/V10CC/V10CC_results","Set4","Top2",1,NA,"Primary cancer cells","Primary cancer cells"
"1300","OMIX001073 GC","/Users/macminiye/scRNA-seq_works/Cervix_scRNA_CTCs_project_use/panCTCs/bin/panCTC_classify/V10CC/V10CC_results","Set4","Top2",1,NA,"Primary cancer cells","Primary cancer cells"
"1301","GSE176078 BC","/Users/macminiye/scRNA-seq_works/Cervix_scRNA_CTCs_project_use/panCTCs/bin/panCTC_classify/V10CC/V10CC_results","Set4","Top2",1,NA,"Primary cancer cells","Primary cancer cells"
"1302","GSM3946506 Melanoma","/Users/macminiye/scRNA-seq_works/Cervix_scRNA_CTCs_project_use/panCTCs/bin/panCTC_classify/V10CC/V10CC_results","Set4","Top2",1,NA,"Primary cancer cells","Primary cancer cells"
"1303","GSE176078 BC","/Users/macminiye/scRNA-seq_works/Cervix_scRNA_CTCs_project_use/panCTCs/bin/panCTC_classify/V10CC/V10CC_results","Set4","Top2",1,NA,"Primary cancer cells","Primary cancer cells"
"1304","OMIX001073 GC","/Users/macminiye/scRNA-seq_works/Cervix_scRNA_CTCs_project_use/panCTCs/bin/panCTC_classify/V10CC/V10CC_results","Set4","Top2",1,NA,"Primary cancer cells","Primary cancer cells"
"1305","GSE150430 NPC","/Users/macminiye/scRNA-seq_works/Cervix_scRNA_CTCs_project_use/panCTCs/bin/panCTC_classify/V10CC/V10CC_results","Set4","Top2",1,NA,"Primary cancer cells","Primary cancer cells"
"1306","GSE155698 PDAC","/Users/macminiye/scRNA-seq_works/Cervix_scRNA_CTCs_project_use/panCTCs/bin/panCTC_classify/V10CC/V10CC_results","Set4","Top2",0.994,NA,"Primary cancer cells","Primary cancer cells"
"1307","E-MTAB-11948 CC","/Users/macminiye/scRNA-seq_works/Cervix_scRNA_CTCs_project_use/panCTCs/bin/panCTC_classify/V10CC/V10CC_results","Set4","Top2",1,NA,"Primary cancer cells","Primary cancer cells"
"1308","GSE149614 HCC","/Users/macminiye/scRNA-seq_works/Cervix_scRNA_CTCs_project_use/panCTCs/bin/panCTC_classify/V10CC/V10CC_results","Set4","Top2",0.99,NA,"Primary cancer cells","Primary cancer cells"
"1309","GSE215120 Melanoma","/Users/macminiye/scRNA-seq_works/Cervix_scRNA_CTCs_project_use/panCTCs/bin/panCTC_classify/V10CC/V10CC_results","Set4","Top2",1,NA,"Primary cancer cells","Primary cancer cells"
"1310","GSE132465 CRC","/Users/macminiye/scRNA-seq_works/Cervix_scRNA_CTCs_project_use/panCTCs/bin/panCTC_classify/V10CC/V10CC_results","Set4","Top2",1,NA,"Primary cancer cells","Primary cancer cells"
"1311","GSE148071 NSCLC","/Users/macminiye/scRNA-seq_works/Cervix_scRNA_CTCs_project_use/panCTCs/bin/panCTC_classify/V10CC/V10CC_results","Set4","Top2",1,NA,"Primary cancer cells","Primary cancer cells"
"1312","GSE176031 PC","/Users/macminiye/scRNA-seq_works/Cervix_scRNA_CTCs_project_use/panCTCs/bin/panCTC_classify/V10CC/V10CC_results","Set4","Top2",1,NA,"Primary cancer cells","Primary cancer cells"
"1313","GSE127465 NSCLC","/Users/macminiye/scRNA-seq_works/Cervix_scRNA_CTCs_project_use/panCTCs/bin/panCTC_classify/V10CC/V10CC_results","Set4","Top2",0.98,NA,"Primary cancer cells","Primary cancer cells"
"1314","GSE176078 BC","/Users/macminiye/scRNA-seq_works/Cervix_scRNA_CTCs_project_use/panCTCs/bin/panCTC_classify/V10CC/V10CC_results","Set4","Top2",1,NA,"Primary cancer cells","Primary cancer cells"
"1315","GSE168652 CC","/Users/macminiye/scRNA-seq_works/Cervix_scRNA_CTCs_project_use/panCTCs/bin/panCTC_classify/V10CC/V10CC_results","Set4","Top2",1,NA,"Primary cancer cells","Primary cancer cells"
"1316","GSE149614 HCC","/Users/macminiye/scRNA-seq_works/Cervix_scRNA_CTCs_project_use/panCTCs/bin/panCTC_classify/V10CC/V10CC_results","Set4","Top2",1,NA,"Primary cancer cells","Primary cancer cells"
"1317","E-MTAB-11948 CC","/Users/macminiye/scRNA-seq_works/Cervix_scRNA_CTCs_project_use/panCTCs/bin/panCTC_classify/V10CC/V10CC_results","Set4","Top2",1,NA,"Primary cancer cells","Primary cancer cells"
"1318","GSE155698 PDAC","/Users/macminiye/scRNA-seq_works/Cervix_scRNA_CTCs_project_use/panCTCs/bin/panCTC_classify/V10CC/V10CC_results","Set4","Top2",0.99,NA,"Primary cancer cells","Primary cancer cells"
"1319","GSE150825 NPC","/Users/macminiye/scRNA-seq_works/Cervix_scRNA_CTCs_project_use/panCTCs/bin/panCTC_classify/V10CC/V10CC_results","Set4","Top2",0.8,NA,"Primary cancer cells","Primary cancer cells"
"1320","GSE178318 CRC","/Users/macminiye/scRNA-seq_works/Cervix_scRNA_CTCs_project_use/panCTCs/bin/panCTC_classify/V10CC/V10CC_results","Set4","Top2",0.95,NA,"Primary cancer cells","Primary cancer cells"
"1321","GSE173682 EC","/Users/macminiye/scRNA-seq_works/Cervix_scRNA_CTCs_project_use/panCTCs/bin/panCTC_classify/V10CC/V10CC_results","Set4","Top2",1,NA,"Primary cancer cells","Primary cancer cells"
"1322","GSE193337 PC","/Users/macminiye/scRNA-seq_works/Cervix_scRNA_CTCs_project_use/panCTCs/bin/panCTC_classify/V10CC/V10CC_results","Set4","Top2",0.97,NA,"Primary cancer cells","Primary cancer cells"
"1323","GSE155698 PDAC","/Users/macminiye/scRNA-seq_works/Cervix_scRNA_CTCs_project_use/panCTCs/bin/panCTC_classify/V10CC/V10CC_results","Set4","Top2",1,NA,"Primary cancer cells","Primary cancer cells"
"1324","GSM3946506 Melanoma","/Users/macminiye/scRNA-seq_works/Cervix_scRNA_CTCs_project_use/panCTCs/bin/panCTC_classify/V10CC/V10CC_results","Set4","Top2",1,NA,"Primary cancer cells","Primary cancer cells"
"1325","E-MTAB-11948 CC","/Users/macminiye/scRNA-seq_works/Cervix_scRNA_CTCs_project_use/panCTCs/bin/panCTC_classify/V10CC/V10CC_results","Set4","Top2",1,NA,"Primary cancer cells","Primary cancer cells"
"1326","OMIX001073 GC","/Users/macminiye/scRNA-seq_works/Cervix_scRNA_CTCs_project_use/panCTCs/bin/panCTC_classify/V10CC/V10CC_results","Set4","Top2",0.998,NA,"Primary cancer cells","Primary cancer cells"
"1327","GSE173682 OVC","/Users/macminiye/scRNA-seq_works/Cervix_scRNA_CTCs_project_use/panCTCs/bin/panCTC_classify/V10CC/V10CC_results","Set4","Top2",1,NA,"Primary cancer cells","Primary cancer cells"
"1328","GSE168652 CC","/Users/macminiye/scRNA-seq_works/Cervix_scRNA_CTCs_project_use/panCTCs/bin/panCTC_classify/V10CC/V10CC_results","Set4","Top2",1,NA,"Primary cancer cells","Primary cancer cells"
"1329","GSE176078 BC","/Users/macminiye/scRNA-seq_works/Cervix_scRNA_CTCs_project_use/panCTCs/bin/panCTC_classify/V10CC/V10CC_results","Set4","Top2",1,NA,"Primary cancer cells","Primary cancer cells"
"1330","GSE150825 NPC","/Users/macminiye/scRNA-seq_works/Cervix_scRNA_CTCs_project_use/panCTCs/bin/panCTC_classify/V10CC/V10CC_results","Set4","Top2",1,NA,"Primary cancer cells","Primary cancer cells"
"1331","OMIX001073 GC","/Users/macminiye/scRNA-seq_works/Cervix_scRNA_CTCs_project_use/panCTCs/bin/panCTC_classify/V10CC/V10CC_results","Set4","Top2",1,NA,"Primary cancer cells","Primary cancer cells"
"1332","OMIX001073 GC","/Users/macminiye/scRNA-seq_works/Cervix_scRNA_CTCs_project_use/panCTCs/bin/panCTC_classify/V10CC/V10CC_results","Set4","Top2",1,NA,"Primary cancer cells","Primary cancer cells"
"1333","E-MTAB-11948 CC","/Users/macminiye/scRNA-seq_works/Cervix_scRNA_CTCs_project_use/panCTCs/bin/panCTC_classify/V10CC/V10CC_results","Set4","Top2",1,NA,"Primary cancer cells","Primary cancer cells"
"1334","GSE162025 NPC","/Users/macminiye/scRNA-seq_works/Cervix_scRNA_CTCs_project_use/panCTCs/bin/panCTC_classify/V10CC/V10CC_results","Set4","Top2",1,NA,"Primary cancer cells","Primary cancer cells"
"1335","GSE176078 BC","/Users/macminiye/scRNA-seq_works/Cervix_scRNA_CTCs_project_use/panCTCs/bin/panCTC_classify/V10CC/V10CC_results","Set4","Top2",0.99,NA,"Primary cancer cells","Primary cancer cells"
"1336","GSE155698 PDAC","/Users/macminiye/scRNA-seq_works/Cervix_scRNA_CTCs_project_use/panCTCs/bin/panCTC_classify/V10CC/V10CC_results","Set4","Top2",1,NA,"Primary cancer cells","Primary cancer cells"
"1337","GSE149614 HCC","/Users/macminiye/scRNA-seq_works/Cervix_scRNA_CTCs_project_use/panCTCs/bin/panCTC_classify/V10CC/V10CC_results","Set4","Top2",0.995,NA,"Primary cancer cells","Primary cancer cells"
"1338","E-MTAB-11948 CC","/Users/macminiye/scRNA-seq_works/Cervix_scRNA_CTCs_project_use/panCTCs/bin/panCTC_classify/V10CC/V10CC_results","Set4","Top2",1,NA,"Primary cancer cells","Primary cancer cells"
"1339","GSE178318 CRC","/Users/macminiye/scRNA-seq_works/Cervix_scRNA_CTCs_project_use/panCTCs/bin/panCTC_classify/V10CC/V10CC_results","Set4","Top2",1,NA,"Primary cancer cells","Primary cancer cells"
"1340","GSE176078 BC","/Users/macminiye/scRNA-seq_works/Cervix_scRNA_CTCs_project_use/panCTCs/bin/panCTC_classify/V10CC/V10CC_results","Set4","Top2",0.998,NA,"Primary cancer cells","Primary cancer cells"
"1341","GSM3946506 Melanoma","/Users/macminiye/scRNA-seq_works/Cervix_scRNA_CTCs_project_use/panCTCs/bin/panCTC_classify/V10CC/V10CC_results","Set4","Top2",1,NA,"Primary cancer cells","Primary cancer cells"
"1342","GSE155698 PDAC","/Users/macminiye/scRNA-seq_works/Cervix_scRNA_CTCs_project_use/panCTCs/bin/panCTC_classify/V10CC/V10CC_results","Set4","Top2",0.985,NA,"Primary cancer cells","Primary cancer cells"
"1343","GSE215120 Melanoma","/Users/macminiye/scRNA-seq_works/Cervix_scRNA_CTCs_project_use/panCTCs/bin/panCTC_classify/V10CC/V10CC_results","Set4","Top2",1,NA,"Primary cancer cells","Primary cancer cells"
"1344","GSE149614 HCC","/Users/macminiye/scRNA-seq_works/Cervix_scRNA_CTCs_project_use/panCTCs/bin/panCTC_classify/V10CC/V10CC_results","Set4","Top2",1,NA,"Primary cancer cells","Primary cancer cells"
"1345","GSE127465 NSCLC","/Users/macminiye/scRNA-seq_works/Cervix_scRNA_CTCs_project_use/panCTCs/bin/panCTC_classify/V10CC/V10CC_results","Set4","Top2",0.96,NA,"Primary cancer cells","Primary cancer cells"
"1346","GSE127465 NSCLC","/Users/macminiye/scRNA-seq_works/Cervix_scRNA_CTCs_project_use/panCTCs/bin/panCTC_classify/V10CC/V10CC_results","Set4","Top2",0.9,NA,"Primary cancer cells","Primary cancer cells"
"1347","GSE176031 PC","/Users/macminiye/scRNA-seq_works/Cervix_scRNA_CTCs_project_use/panCTCs/bin/panCTC_classify/V10CC/V10CC_results","Set4","Top2",1,NA,"Primary cancer cells","Primary cancer cells"
"1348","GSE148071 NSCLC","/Users/macminiye/scRNA-seq_works/Cervix_scRNA_CTCs_project_use/panCTCs/bin/panCTC_classify/V10CC/V10CC_results","Set4","Top2",1,NA,"Primary cancer cells","Primary cancer cells"
"1349","GSE193337 PC","/Users/macminiye/scRNA-seq_works/Cervix_scRNA_CTCs_project_use/panCTCs/bin/panCTC_classify/V10CC/V10CC_results","Set4","Top2",1,NA,"Primary cancer cells","Primary cancer cells"
"1350","OMIX001073 GC","/Users/macminiye/scRNA-seq_works/Cervix_scRNA_CTCs_project_use/panCTCs/bin/panCTC_classify/V10CC/V10CC_results","Set4","Top2",1,NA,"Primary cancer cells","Primary cancer cells"
"1351","GSE173682 EC","/Users/macminiye/scRNA-seq_works/Cervix_scRNA_CTCs_project_use/panCTCs/bin/panCTC_classify/V10CC/V10CC_results","Set4","Top2",1,NA,"Primary cancer cells","Primary cancer cells"
"1352","GSE193337 PC","/Users/macminiye/scRNA-seq_works/Cervix_scRNA_CTCs_project_use/panCTCs/bin/panCTC_classify/V10CC/V10CC_results","Set4","Top2",0.99,NA,"Primary cancer cells","Primary cancer cells"
"1353","GSE168652 CC","/Users/macminiye/scRNA-seq_works/Cervix_scRNA_CTCs_project_use/panCTCs/bin/panCTC_classify/V10CC/V10CC_results","Set4","Top2",0.998,NA,"Primary cancer cells","Primary cancer cells"
"1354","E-MTAB-11948 CC","/Users/macminiye/scRNA-seq_works/Cervix_scRNA_CTCs_project_use/panCTCs/bin/panCTC_classify/V10CC/V10CC_results","Set4","Top2",1,NA,"Primary cancer cells","Primary cancer cells"
"1355","GSM3946506 Melanoma","/Users/macminiye/scRNA-seq_works/Cervix_scRNA_CTCs_project_use/panCTCs/bin/panCTC_classify/V10CC/V10CC_results","Set4","Top2",1,NA,"Primary cancer cells","Primary cancer cells"
"1356","GSE132465 CRC","/Users/macminiye/scRNA-seq_works/Cervix_scRNA_CTCs_project_use/panCTCs/bin/panCTC_classify/V10CC/V10CC_results","Set4","Top2",1,NA,"Primary cancer cells","Primary cancer cells"
"1357","GSE215120 Melanoma","/Users/macminiye/scRNA-seq_works/Cervix_scRNA_CTCs_project_use/panCTCs/bin/panCTC_classify/V10CC/V10CC_results","Set4","Top2",1,NA,"Primary cancer cells","Primary cancer cells"
"1358","GSE193337 PC","/Users/macminiye/scRNA-seq_works/Cervix_scRNA_CTCs_project_use/panCTCs/bin/panCTC_classify/V10CC/V10CC_results","Set4","Top2",1,NA,"Primary cancer cells","Primary cancer cells"
"1359","GSE150430 NPC","/Users/macminiye/scRNA-seq_works/Cervix_scRNA_CTCs_project_use/panCTCs/bin/panCTC_classify/V10CC/V10CC_results","Set4","Top2",1,NA,"Primary cancer cells","Primary cancer cells"
"1360","GSE215120 Melanoma","/Users/macminiye/scRNA-seq_works/Cervix_scRNA_CTCs_project_use/panCTCs/bin/panCTC_classify/V10CC/V10CC_results","Set4","Top2",1,NA,"Primary cancer cells","Primary cancer cells"
"1361","GSE162025 NPC","/Users/macminiye/scRNA-seq_works/Cervix_scRNA_CTCs_project_use/panCTCs/bin/panCTC_classify/V10CC/V10CC_results","Set4","Top2",1,NA,"Primary cancer cells","Primary cancer cells"
"1362","GSE178318 CRC","/Users/macminiye/scRNA-seq_works/Cervix_scRNA_CTCs_project_use/panCTCs/bin/panCTC_classify/V10CC/V10CC_results","Set4","Top2",1,NA,"Primary cancer cells","Primary cancer cells"
"1363","GSE173682 OVC","/Users/macminiye/scRNA-seq_works/Cervix_scRNA_CTCs_project_use/panCTCs/bin/panCTC_classify/V10CC/V10CC_results","Set4","Top2",0.99,NA,"Primary cancer cells","Primary cancer cells"
"1364","GSE132465 CRC","/Users/macminiye/scRNA-seq_works/Cervix_scRNA_CTCs_project_use/panCTCs/bin/panCTC_classify/V10CC/V10CC_results","Set4","Top2",1,NA,"Primary cancer cells","Primary cancer cells"
"1365","GSE176031 PC","/Users/macminiye/scRNA-seq_works/Cervix_scRNA_CTCs_project_use/panCTCs/bin/panCTC_classify/V10CC/V10CC_results","Set4","Top2",1,NA,"Primary cancer cells","Primary cancer cells"
"1366","GSE148071 NSCLC","/Users/macminiye/scRNA-seq_works/Cervix_scRNA_CTCs_project_use/panCTCs/bin/panCTC_classify/V10CC/V10CC_results","Set4","Top2",1,NA,"Primary cancer cells","Primary cancer cells"
"1367","GSE127465 NSCLC","/Users/macminiye/scRNA-seq_works/Cervix_scRNA_CTCs_project_use/panCTCs/bin/panCTC_classify/V10CC/V10CC_results","Set4","Top2",0.95,NA,"Primary cancer cells","Primary cancer cells"
"1368","GSE162025 NPC","/Users/macminiye/scRNA-seq_works/Cervix_scRNA_CTCs_project_use/panCTCs/bin/panCTC_classify/V10CC/V10CC_results","Set4","Top2",1,NA,"Primary cancer cells","Primary cancer cells"
"1369","GSE132465 CRC","/Users/macminiye/scRNA-seq_works/Cervix_scRNA_CTCs_project_use/panCTCs/bin/panCTC_classify/V10CC/V10CC_results","Set4","Top2",0.996,NA,"Primary cancer cells","Primary cancer cells"
"1370","GSE155698 PDAC","/Users/macminiye/scRNA-seq_works/Cervix_scRNA_CTCs_project_use/panCTCs/bin/panCTC_classify/V10CC/V10CC_results","Set4","Top2",1,NA,"Primary cancer cells","Primary cancer cells"
"1371","GSE173682 OVC","/Users/macminiye/scRNA-seq_works/Cervix_scRNA_CTCs_project_use/panCTCs/bin/panCTC_classify/V10CC/V10CC_results","Set4","Top2",0.998,NA,"Primary cancer cells","Primary cancer cells"
"1372","GSE173682 EC","/Users/macminiye/scRNA-seq_works/Cervix_scRNA_CTCs_project_use/panCTCs/bin/panCTC_classify/V10CC/V10CC_results","Set4","Top2",1,NA,"Primary cancer cells","Primary cancer cells"
"1373","GSE193337 PC","/Users/macminiye/scRNA-seq_works/Cervix_scRNA_CTCs_project_use/panCTCs/bin/panCTC_classify/V10CC/V10CC_results","Set4","Top2",1,NA,"Primary cancer cells","Primary cancer cells"
"1374","GSE149614 HCC","/Users/macminiye/scRNA-seq_works/Cervix_scRNA_CTCs_project_use/panCTCs/bin/panCTC_classify/V10CC/V10CC_results","Set4","Top2",1,NA,"Primary cancer cells","Primary cancer cells"
"1375","GSE173682 OVC","/Users/macminiye/scRNA-seq_works/Cervix_scRNA_CTCs_project_use/panCTCs/bin/panCTC_classify/V10CC/V10CC_results","Set4","Top2",1,NA,"Primary cancer cells","Primary cancer cells"
"1376","GSE173682 OVC","/Users/macminiye/scRNA-seq_works/Cervix_scRNA_CTCs_project_use/panCTCs/bin/panCTC_classify/V10CC/V10CC_results","Set4","Top2",1,NA,"Primary cancer cells","Primary cancer cells"
"1377","GSE178318 CRC","/Users/macminiye/scRNA-seq_works/Cervix_scRNA_CTCs_project_use/panCTCs/bin/panCTC_classify/V10CC/V10CC_results","Set4","Top2",1,NA,"Primary cancer cells","Primary cancer cells"
"1378","GSE150430 NPC","/Users/macminiye/scRNA-seq_works/Cervix_scRNA_CTCs_project_use/panCTCs/bin/panCTC_classify/V10CC/V10CC_results","Set4","Top2",1,NA,"Primary cancer cells","Primary cancer cells"
"1379","GSE215120 Melanoma","/Users/macminiye/scRNA-seq_works/Cervix_scRNA_CTCs_project_use/panCTCs/bin/panCTC_classify/V10CC/V10CC_results","Set4","Top2",1,NA,"Primary cancer cells","Primary cancer cells"
"1380","GSE176078 BC","/Users/macminiye/scRNA-seq_works/Cervix_scRNA_CTCs_project_use/panCTCs/bin/panCTC_classify/V10CC/V10CC_results","Set4","Top2",1,NA,"Primary cancer cells","Primary cancer cells"
"1381","GSE168652 CC","/Users/macminiye/scRNA-seq_works/Cervix_scRNA_CTCs_project_use/panCTCs/bin/panCTC_classify/V10CC/V10CC_results","Set4","Top2",1,NA,"Primary cancer cells","Primary cancer cells"
"1382","GSE150825 NPC","/Users/macminiye/scRNA-seq_works/Cervix_scRNA_CTCs_project_use/panCTCs/bin/panCTC_classify/V10CC/V10CC_results","Set4","Top2",1,NA,"Primary cancer cells","Primary cancer cells"
"1383","GSE173682 EC","/Users/macminiye/scRNA-seq_works/Cervix_scRNA_CTCs_project_use/panCTCs/bin/panCTC_classify/V10CC/V10CC_results","Set4","Top2",1,NA,"Primary cancer cells","Primary cancer cells"
"1384","GSE178318 CRC","/Users/macminiye/scRNA-seq_works/Cervix_scRNA_CTCs_project_use/panCTCs/bin/panCTC_classify/V10CC/V10CC_results","Set4","Top2",1,NA,"Primary cancer cells","Primary cancer cells"
"1385","GSE176031 PC","/Users/macminiye/scRNA-seq_works/Cervix_scRNA_CTCs_project_use/panCTCs/bin/panCTC_classify/V10CC/V10CC_results","Set4","Top2",1,NA,"Primary cancer cells","Primary cancer cells"
"1386","GSE173682 EC","/Users/macminiye/scRNA-seq_works/Cervix_scRNA_CTCs_project_use/panCTCs/bin/panCTC_classify/V10CC/V10CC_results","Set4","Top2",1,NA,"Primary cancer cells","Primary cancer cells"
"1387","GSE178318 CRC","/Users/macminiye/scRNA-seq_works/Cervix_scRNA_CTCs_project_use/panCTCs/bin/panCTC_classify/V10CC/V10CC_results","Set4","Top2",0.998,NA,"Primary cancer cells","Primary cancer cells"
"1388","GSE150430 NPC","/Users/macminiye/scRNA-seq_works/Cervix_scRNA_CTCs_project_use/panCTCs/bin/panCTC_classify/V10CC/V10CC_results","Set4","Top2",1,NA,"Primary cancer cells","Primary cancer cells"
"1389","GSE215120 Melanoma","/Users/macminiye/scRNA-seq_works/Cervix_scRNA_CTCs_project_use/panCTCs/bin/panCTC_classify/V10CC/V10CC_results","Set4","Top2",0.99,NA,"Primary cancer cells","Primary cancer cells"
"1390","GSE162025 NPC","/Users/macminiye/scRNA-seq_works/Cervix_scRNA_CTCs_project_use/panCTCs/bin/panCTC_classify/V10CC/V10CC_results","Set4","Top2",1,NA,"Primary cancer cells","Primary cancer cells"
"1391","GSM3946506 Melanoma","/Users/macminiye/scRNA-seq_works/Cervix_scRNA_CTCs_project_use/panCTCs/bin/panCTC_classify/V10CC/V10CC_results","Set4","Top2",1,NA,"Primary cancer cells","Primary cancer cells"
"1392","E-MTAB-11948 CC","/Users/macminiye/scRNA-seq_works/Cervix_scRNA_CTCs_project_use/panCTCs/bin/panCTC_classify/V10CC/V10CC_results","Set4","Top2",1,NA,"Primary cancer cells","Primary cancer cells"
"1393","GSE150430 NPC","/Users/macminiye/scRNA-seq_works/Cervix_scRNA_CTCs_project_use/panCTCs/bin/panCTC_classify/V10CC/V10CC_results","Set4","Top2",1,NA,"Primary cancer cells","Primary cancer cells"
"1394","GSE148071 NSCLC","/Users/macminiye/scRNA-seq_works/Cervix_scRNA_CTCs_project_use/panCTCs/bin/panCTC_classify/V10CC/V10CC_results","Set4","Top2",1,NA,"Primary cancer cells","Primary cancer cells"
"1395","GSE173682 EC","/Users/macminiye/scRNA-seq_works/Cervix_scRNA_CTCs_project_use/panCTCs/bin/panCTC_classify/V10CC/V10CC_results","Set4","Top2",0.998,NA,"Primary cancer cells","Primary cancer cells"
"1396","GSE150825 NPC","/Users/macminiye/scRNA-seq_works/Cervix_scRNA_CTCs_project_use/panCTCs/bin/panCTC_classify/V10CC/V10CC_results","Set4","Top2",0.96,NA,"Primary cancer cells","Primary cancer cells"
"1397","GSE148071 NSCLC","/Users/macminiye/scRNA-seq_works/Cervix_scRNA_CTCs_project_use/panCTCs/bin/panCTC_classify/V10CC/V10CC_results","Set4","Top2",1,NA,"Primary cancer cells","Primary cancer cells"
"1398","GSE132465 CRC","/Users/macminiye/scRNA-seq_works/Cervix_scRNA_CTCs_project_use/panCTCs/bin/panCTC_classify/V10CC/V10CC_results","Set4","Top2",0.995,NA,"Primary cancer cells","Primary cancer cells"
"1399","GSE168652 CC","/Users/macminiye/scRNA-seq_works/Cervix_scRNA_CTCs_project_use/panCTCs/bin/panCTC_classify/V10CC/V10CC_results","Set4","Top2",1,NA,"Primary cancer cells","Primary cancer cells"
"1400","GSE173682 OVC","/Users/macminiye/scRNA-seq_works/Cervix_scRNA_CTCs_project_use/panCTCs/bin/panCTC_classify/V10CC/V10CC_results","Set4","Top2",1,NA,"Primary cancer cells","Primary cancer cells"
"1401","GSE176031 PC","/Users/macminiye/scRNA-seq_works/Cervix_scRNA_CTCs_project_use/panCTCs/bin/panCTC_classify/V10CC/V10CC_results","Set4","Top2",1,NA,"Primary cancer cells","Primary cancer cells"
"1402","GSE173682 OVC","/Users/macminiye/scRNA-seq_works/Cervix_scRNA_CTCs_project_use/panCTCs/bin/panCTC_classify/V10CC/V10CC_results","Set4","Top2",1,NA,"Primary cancer cells","Primary cancer cells"
"1403","GSE127465 NSCLC","/Users/macminiye/scRNA-seq_works/Cervix_scRNA_CTCs_project_use/panCTCs/bin/panCTC_classify/V10CC/V10CC_results","Set4","Top2",0.8,NA,"Primary cancer cells","Primary cancer cells"
"1404","GSE168652 CC","/Users/macminiye/scRNA-seq_works/Cervix_scRNA_CTCs_project_use/panCTCs/bin/panCTC_classify/V10CC/V10CC_results","Set4","Top2",1,NA,"Primary cancer cells","Primary cancer cells"
"1405","GSE162025 NPC","/Users/macminiye/scRNA-seq_works/Cervix_scRNA_CTCs_project_use/panCTCs/bin/panCTC_classify/V10CC/V10CC_results","Set4","Top2",0.99,NA,"Primary cancer cells","Primary cancer cells"
"1406","GSE150430 NPC","/Users/macminiye/scRNA-seq_works/Cervix_scRNA_CTCs_project_use/panCTCs/bin/panCTC_classify/V10CC/V10CC_results","Set4","Top2",1,NA,"Primary cancer cells","Primary cancer cells"
"1407","OMIX001073 GC","/Users/macminiye/scRNA-seq_works/Cervix_scRNA_CTCs_project_use/panCTCs/bin/panCTC_classify/V10CC/V10CC_results","Set4","Top2",1,NA,"Primary cancer cells","Primary cancer cells"
"1408","GSE193337 PC","/Users/macminiye/scRNA-seq_works/Cervix_scRNA_CTCs_project_use/panCTCs/bin/panCTC_classify/V10CC/V10CC_results","Set4","Top2",1,NA,"Primary cancer cells","Primary cancer cells"
"1409","GSE215120 Melanoma","/Users/macminiye/scRNA-seq_works/Cervix_scRNA_CTCs_project_use/panCTCs/bin/panCTC_classify/V10CC/V10CC_results","Set4","Top2",1,NA,"Primary cancer cells","Primary cancer cells"
"1410","GSE132465 CRC","/Users/macminiye/scRNA-seq_works/Cervix_scRNA_CTCs_project_use/panCTCs/bin/panCTC_classify/V10CC/V10CC_results","Set4","Top2",1,NA,"Primary cancer cells","Primary cancer cells"
"1411","GSE148071 NSCLC","/Users/macminiye/scRNA-seq_works/Cervix_scRNA_CTCs_project_use/panCTCs/bin/panCTC_classify/V10CC/V10CC_results","Set4","Top2",1,NA,"Primary cancer cells","Primary cancer cells"
"1412","GSE148071 NSCLC","/Users/macminiye/scRNA-seq_works/Cervix_scRNA_CTCs_project_use/panCTCs/bin/panCTC_classify/V10CC/V10CC_results","Set4","Top2",1,NA,"Primary cancer cells","Primary cancer cells"
"1413","GSE176031 PC","/Users/macminiye/scRNA-seq_works/Cervix_scRNA_CTCs_project_use/panCTCs/bin/panCTC_classify/V10CC/V10CC_results","Set4","Top2",1,NA,"Primary cancer cells","Primary cancer cells"
"1414","GSE155698 PDAC","/Users/macminiye/scRNA-seq_works/Cervix_scRNA_CTCs_project_use/panCTCs/bin/panCTC_classify/V10CC/V10CC_results","Set4","Top2",1,NA,"Primary cancer cells","Primary cancer cells"
"1415","GSE168652 CC","/Users/macminiye/scRNA-seq_works/Cervix_scRNA_CTCs_project_use/panCTCs/bin/panCTC_classify/V10CC/V10CC_results","Set4","Top2",1,NA,"Primary cancer cells","Primary cancer cells"
"1416","GSE127465 NSCLC","/Users/macminiye/scRNA-seq_works/Cervix_scRNA_CTCs_project_use/panCTCs/bin/panCTC_classify/V10CC/V10CC_results","Set4","Top2",0.96,NA,"Primary cancer cells","Primary cancer cells"
"1417","GSE173682 EC","/Users/macminiye/scRNA-seq_works/Cervix_scRNA_CTCs_project_use/panCTCs/bin/panCTC_classify/V10CC/V10CC_results","Set4","Top2",1,NA,"Primary cancer cells","Primary cancer cells"
"1418","GSE149614 HCC","/Users/macminiye/scRNA-seq_works/Cervix_scRNA_CTCs_project_use/panCTCs/bin/panCTC_classify/V10CC/V10CC_results","Set4","Top2",1,NA,"Primary cancer cells","Primary cancer cells"
"1419","GSM3946506 Melanoma","/Users/macminiye/scRNA-seq_works/Cervix_scRNA_CTCs_project_use/panCTCs/bin/panCTC_classify/V10CC/V10CC_results","Set4","Top2",1,NA,"Primary cancer cells","Primary cancer cells"
"1420","GSE178318 CRC","/Users/macminiye/scRNA-seq_works/Cervix_scRNA_CTCs_project_use/panCTCs/bin/panCTC_classify/V10CC/V10CC_results","Set4","Top2",1,NA,"Primary cancer cells","Primary cancer cells"
"1421","GSE150430 NPC","/Users/macminiye/scRNA-seq_works/Cervix_scRNA_CTCs_project_use/panCTCs/bin/panCTC_classify/V10CC/V10CC_results","Set4","Top2",1,NA,"Primary cancer cells","Primary cancer cells"
"1422","GSE132465 CRC","/Users/macminiye/scRNA-seq_works/Cervix_scRNA_CTCs_project_use/panCTCs/bin/panCTC_classify/V10CC/V10CC_results","Set4","Top3",1,NA,"Primary cancer cells","Primary cancer cells"
"1423","GSE149614 HCC","/Users/macminiye/scRNA-seq_works/Cervix_scRNA_CTCs_project_use/panCTCs/bin/panCTC_classify/V10CC/V10CC_results","Set4","Top3",1,NA,"Primary cancer cells","Primary cancer cells"
"1424","OMIX001073 GC","/Users/macminiye/scRNA-seq_works/Cervix_scRNA_CTCs_project_use/panCTCs/bin/panCTC_classify/V10CC/V10CC_results","Set4","Top3",1,NA,"Primary cancer cells","Primary cancer cells"
"1425","GSE176078 BC","/Users/macminiye/scRNA-seq_works/Cervix_scRNA_CTCs_project_use/panCTCs/bin/panCTC_classify/V10CC/V10CC_results","Set4","Top3",1,NA,"Primary cancer cells","Primary cancer cells"
"1426","GSM3946506 Melanoma","/Users/macminiye/scRNA-seq_works/Cervix_scRNA_CTCs_project_use/panCTCs/bin/panCTC_classify/V10CC/V10CC_results","Set4","Top3",1,NA,"Primary cancer cells","Primary cancer cells"
"1427","GSE176078 BC","/Users/macminiye/scRNA-seq_works/Cervix_scRNA_CTCs_project_use/panCTCs/bin/panCTC_classify/V10CC/V10CC_results","Set4","Top3",1,NA,"Primary cancer cells","Primary cancer cells"
"1428","OMIX001073 GC","/Users/macminiye/scRNA-seq_works/Cervix_scRNA_CTCs_project_use/panCTCs/bin/panCTC_classify/V10CC/V10CC_results","Set4","Top3",1,NA,"Primary cancer cells","Primary cancer cells"
"1429","GSE150430 NPC","/Users/macminiye/scRNA-seq_works/Cervix_scRNA_CTCs_project_use/panCTCs/bin/panCTC_classify/V10CC/V10CC_results","Set4","Top3",1,NA,"Primary cancer cells","Primary cancer cells"
"1430","GSE155698 PDAC","/Users/macminiye/scRNA-seq_works/Cervix_scRNA_CTCs_project_use/panCTCs/bin/panCTC_classify/V10CC/V10CC_results","Set4","Top3",0.998,NA,"Primary cancer cells","Primary cancer cells"
"1431","E-MTAB-11948 CC","/Users/macminiye/scRNA-seq_works/Cervix_scRNA_CTCs_project_use/panCTCs/bin/panCTC_classify/V10CC/V10CC_results","Set4","Top3",1,NA,"Primary cancer cells","Primary cancer cells"
"1432","GSE149614 HCC","/Users/macminiye/scRNA-seq_works/Cervix_scRNA_CTCs_project_use/panCTCs/bin/panCTC_classify/V10CC/V10CC_results","Set4","Top3",0.99,NA,"Primary cancer cells","Primary cancer cells"
"1433","GSE215120 Melanoma","/Users/macminiye/scRNA-seq_works/Cervix_scRNA_CTCs_project_use/panCTCs/bin/panCTC_classify/V10CC/V10CC_results","Set4","Top3",1,NA,"Primary cancer cells","Primary cancer cells"
"1434","GSE132465 CRC","/Users/macminiye/scRNA-seq_works/Cervix_scRNA_CTCs_project_use/panCTCs/bin/panCTC_classify/V10CC/V10CC_results","Set4","Top3",1,NA,"Primary cancer cells","Primary cancer cells"
"1435","GSE148071 NSCLC","/Users/macminiye/scRNA-seq_works/Cervix_scRNA_CTCs_project_use/panCTCs/bin/panCTC_classify/V10CC/V10CC_results","Set4","Top3",1,NA,"Primary cancer cells","Primary cancer cells"
"1436","GSE176031 PC","/Users/macminiye/scRNA-seq_works/Cervix_scRNA_CTCs_project_use/panCTCs/bin/panCTC_classify/V10CC/V10CC_results","Set4","Top3",1,NA,"Primary cancer cells","Primary cancer cells"
"1437","GSE127465 NSCLC","/Users/macminiye/scRNA-seq_works/Cervix_scRNA_CTCs_project_use/panCTCs/bin/panCTC_classify/V10CC/V10CC_results","Set4","Top3",0.99,NA,"Primary cancer cells","Primary cancer cells"
"1438","GSE176078 BC","/Users/macminiye/scRNA-seq_works/Cervix_scRNA_CTCs_project_use/panCTCs/bin/panCTC_classify/V10CC/V10CC_results","Set4","Top3",1,NA,"Primary cancer cells","Primary cancer cells"
"1439","GSE168652 CC","/Users/macminiye/scRNA-seq_works/Cervix_scRNA_CTCs_project_use/panCTCs/bin/panCTC_classify/V10CC/V10CC_results","Set4","Top3",1,NA,"Primary cancer cells","Primary cancer cells"
"1440","GSE149614 HCC","/Users/macminiye/scRNA-seq_works/Cervix_scRNA_CTCs_project_use/panCTCs/bin/panCTC_classify/V10CC/V10CC_results","Set4","Top3",1,NA,"Primary cancer cells","Primary cancer cells"
"1441","E-MTAB-11948 CC","/Users/macminiye/scRNA-seq_works/Cervix_scRNA_CTCs_project_use/panCTCs/bin/panCTC_classify/V10CC/V10CC_results","Set4","Top3",1,NA,"Primary cancer cells","Primary cancer cells"
"1442","GSE155698 PDAC","/Users/macminiye/scRNA-seq_works/Cervix_scRNA_CTCs_project_use/panCTCs/bin/panCTC_classify/V10CC/V10CC_results","Set4","Top3",0.99,NA,"Primary cancer cells","Primary cancer cells"
"1443","GSE150825 NPC","/Users/macminiye/scRNA-seq_works/Cervix_scRNA_CTCs_project_use/panCTCs/bin/panCTC_classify/V10CC/V10CC_results","Set4","Top3",1,NA,"Primary cancer cells","Primary cancer cells"
"1444","GSE178318 CRC","/Users/macminiye/scRNA-seq_works/Cervix_scRNA_CTCs_project_use/panCTCs/bin/panCTC_classify/V10CC/V10CC_results","Set4","Top3",1,NA,"Primary cancer cells","Primary cancer cells"
"1445","GSE173682 EC","/Users/macminiye/scRNA-seq_works/Cervix_scRNA_CTCs_project_use/panCTCs/bin/panCTC_classify/V10CC/V10CC_results","Set4","Top3",1,NA,"Primary cancer cells","Primary cancer cells"
"1446","GSE193337 PC","/Users/macminiye/scRNA-seq_works/Cervix_scRNA_CTCs_project_use/panCTCs/bin/panCTC_classify/V10CC/V10CC_results","Set4","Top3",0.99,NA,"Primary cancer cells","Primary cancer cells"
"1447","GSE155698 PDAC","/Users/macminiye/scRNA-seq_works/Cervix_scRNA_CTCs_project_use/panCTCs/bin/panCTC_classify/V10CC/V10CC_results","Set4","Top3",1,NA,"Primary cancer cells","Primary cancer cells"
"1448","GSM3946506 Melanoma","/Users/macminiye/scRNA-seq_works/Cervix_scRNA_CTCs_project_use/panCTCs/bin/panCTC_classify/V10CC/V10CC_results","Set4","Top3",1,NA,"Primary cancer cells","Primary cancer cells"
"1449","E-MTAB-11948 CC","/Users/macminiye/scRNA-seq_works/Cervix_scRNA_CTCs_project_use/panCTCs/bin/panCTC_classify/V10CC/V10CC_results","Set4","Top3",1,NA,"Primary cancer cells","Primary cancer cells"
"1450","OMIX001073 GC","/Users/macminiye/scRNA-seq_works/Cervix_scRNA_CTCs_project_use/panCTCs/bin/panCTC_classify/V10CC/V10CC_results","Set4","Top3",1,NA,"Primary cancer cells","Primary cancer cells"
"1451","GSE173682 OVC","/Users/macminiye/scRNA-seq_works/Cervix_scRNA_CTCs_project_use/panCTCs/bin/panCTC_classify/V10CC/V10CC_results","Set4","Top3",1,NA,"Primary cancer cells","Primary cancer cells"
"1452","GSE168652 CC","/Users/macminiye/scRNA-seq_works/Cervix_scRNA_CTCs_project_use/panCTCs/bin/panCTC_classify/V10CC/V10CC_results","Set4","Top3",1,NA,"Primary cancer cells","Primary cancer cells"
"1453","GSE176078 BC","/Users/macminiye/scRNA-seq_works/Cervix_scRNA_CTCs_project_use/panCTCs/bin/panCTC_classify/V10CC/V10CC_results","Set4","Top3",1,NA,"Primary cancer cells","Primary cancer cells"
"1454","GSE150825 NPC","/Users/macminiye/scRNA-seq_works/Cervix_scRNA_CTCs_project_use/panCTCs/bin/panCTC_classify/V10CC/V10CC_results","Set4","Top3",1,NA,"Primary cancer cells","Primary cancer cells"
"1455","OMIX001073 GC","/Users/macminiye/scRNA-seq_works/Cervix_scRNA_CTCs_project_use/panCTCs/bin/panCTC_classify/V10CC/V10CC_results","Set4","Top3",1,NA,"Primary cancer cells","Primary cancer cells"
"1456","OMIX001073 GC","/Users/macminiye/scRNA-seq_works/Cervix_scRNA_CTCs_project_use/panCTCs/bin/panCTC_classify/V10CC/V10CC_results","Set4","Top3",1,NA,"Primary cancer cells","Primary cancer cells"
"1457","E-MTAB-11948 CC","/Users/macminiye/scRNA-seq_works/Cervix_scRNA_CTCs_project_use/panCTCs/bin/panCTC_classify/V10CC/V10CC_results","Set4","Top3",1,NA,"Primary cancer cells","Primary cancer cells"
"1458","GSE162025 NPC","/Users/macminiye/scRNA-seq_works/Cervix_scRNA_CTCs_project_use/panCTCs/bin/panCTC_classify/V10CC/V10CC_results","Set4","Top3",1,NA,"Primary cancer cells","Primary cancer cells"
"1459","GSE176078 BC","/Users/macminiye/scRNA-seq_works/Cervix_scRNA_CTCs_project_use/panCTCs/bin/panCTC_classify/V10CC/V10CC_results","Set4","Top3",0.99,NA,"Primary cancer cells","Primary cancer cells"
"1460","GSE155698 PDAC","/Users/macminiye/scRNA-seq_works/Cervix_scRNA_CTCs_project_use/panCTCs/bin/panCTC_classify/V10CC/V10CC_results","Set4","Top3",1,NA,"Primary cancer cells","Primary cancer cells"
"1461","GSE149614 HCC","/Users/macminiye/scRNA-seq_works/Cervix_scRNA_CTCs_project_use/panCTCs/bin/panCTC_classify/V10CC/V10CC_results","Set4","Top3",0.995,NA,"Primary cancer cells","Primary cancer cells"
"1462","E-MTAB-11948 CC","/Users/macminiye/scRNA-seq_works/Cervix_scRNA_CTCs_project_use/panCTCs/bin/panCTC_classify/V10CC/V10CC_results","Set4","Top3",1,NA,"Primary cancer cells","Primary cancer cells"
"1463","GSE178318 CRC","/Users/macminiye/scRNA-seq_works/Cervix_scRNA_CTCs_project_use/panCTCs/bin/panCTC_classify/V10CC/V10CC_results","Set4","Top3",1,NA,"Primary cancer cells","Primary cancer cells"
"1464","GSE176078 BC","/Users/macminiye/scRNA-seq_works/Cervix_scRNA_CTCs_project_use/panCTCs/bin/panCTC_classify/V10CC/V10CC_results","Set4","Top3",1,NA,"Primary cancer cells","Primary cancer cells"
"1465","GSM3946506 Melanoma","/Users/macminiye/scRNA-seq_works/Cervix_scRNA_CTCs_project_use/panCTCs/bin/panCTC_classify/V10CC/V10CC_results","Set4","Top3",1,NA,"Primary cancer cells","Primary cancer cells"
"1466","GSE155698 PDAC","/Users/macminiye/scRNA-seq_works/Cervix_scRNA_CTCs_project_use/panCTCs/bin/panCTC_classify/V10CC/V10CC_results","Set4","Top3",0.995,NA,"Primary cancer cells","Primary cancer cells"
"1467","GSE215120 Melanoma","/Users/macminiye/scRNA-seq_works/Cervix_scRNA_CTCs_project_use/panCTCs/bin/panCTC_classify/V10CC/V10CC_results","Set4","Top3",1,NA,"Primary cancer cells","Primary cancer cells"
"1468","GSE149614 HCC","/Users/macminiye/scRNA-seq_works/Cervix_scRNA_CTCs_project_use/panCTCs/bin/panCTC_classify/V10CC/V10CC_results","Set4","Top3",1,NA,"Primary cancer cells","Primary cancer cells"
"1469","GSE127465 NSCLC","/Users/macminiye/scRNA-seq_works/Cervix_scRNA_CTCs_project_use/panCTCs/bin/panCTC_classify/V10CC/V10CC_results","Set4","Top3",0.985,NA,"Primary cancer cells","Primary cancer cells"
"1470","GSE127465 NSCLC","/Users/macminiye/scRNA-seq_works/Cervix_scRNA_CTCs_project_use/panCTCs/bin/panCTC_classify/V10CC/V10CC_results","Set4","Top3",1,NA,"Primary cancer cells","Primary cancer cells"
"1471","GSE176031 PC","/Users/macminiye/scRNA-seq_works/Cervix_scRNA_CTCs_project_use/panCTCs/bin/panCTC_classify/V10CC/V10CC_results","Set4","Top3",1,NA,"Primary cancer cells","Primary cancer cells"
"1472","GSE148071 NSCLC","/Users/macminiye/scRNA-seq_works/Cervix_scRNA_CTCs_project_use/panCTCs/bin/panCTC_classify/V10CC/V10CC_results","Set4","Top3",1,NA,"Primary cancer cells","Primary cancer cells"
"1473","GSE193337 PC","/Users/macminiye/scRNA-seq_works/Cervix_scRNA_CTCs_project_use/panCTCs/bin/panCTC_classify/V10CC/V10CC_results","Set4","Top3",1,NA,"Primary cancer cells","Primary cancer cells"
"1474","OMIX001073 GC","/Users/macminiye/scRNA-seq_works/Cervix_scRNA_CTCs_project_use/panCTCs/bin/panCTC_classify/V10CC/V10CC_results","Set4","Top3",1,NA,"Primary cancer cells","Primary cancer cells"
"1475","GSE173682 EC","/Users/macminiye/scRNA-seq_works/Cervix_scRNA_CTCs_project_use/panCTCs/bin/panCTC_classify/V10CC/V10CC_results","Set4","Top3",1,NA,"Primary cancer cells","Primary cancer cells"
"1476","GSE193337 PC","/Users/macminiye/scRNA-seq_works/Cervix_scRNA_CTCs_project_use/panCTCs/bin/panCTC_classify/V10CC/V10CC_results","Set4","Top3",0.995,NA,"Primary cancer cells","Primary cancer cells"
"1477","GSE168652 CC","/Users/macminiye/scRNA-seq_works/Cervix_scRNA_CTCs_project_use/panCTCs/bin/panCTC_classify/V10CC/V10CC_results","Set4","Top3",0.998,NA,"Primary cancer cells","Primary cancer cells"
"1478","E-MTAB-11948 CC","/Users/macminiye/scRNA-seq_works/Cervix_scRNA_CTCs_project_use/panCTCs/bin/panCTC_classify/V10CC/V10CC_results","Set4","Top3",1,NA,"Primary cancer cells","Primary cancer cells"
"1479","GSM3946506 Melanoma","/Users/macminiye/scRNA-seq_works/Cervix_scRNA_CTCs_project_use/panCTCs/bin/panCTC_classify/V10CC/V10CC_results","Set4","Top3",1,NA,"Primary cancer cells","Primary cancer cells"
"1480","GSE132465 CRC","/Users/macminiye/scRNA-seq_works/Cervix_scRNA_CTCs_project_use/panCTCs/bin/panCTC_classify/V10CC/V10CC_results","Set4","Top3",1,NA,"Primary cancer cells","Primary cancer cells"
"1481","GSE215120 Melanoma","/Users/macminiye/scRNA-seq_works/Cervix_scRNA_CTCs_project_use/panCTCs/bin/panCTC_classify/V10CC/V10CC_results","Set4","Top3",1,NA,"Primary cancer cells","Primary cancer cells"
"1482","GSE193337 PC","/Users/macminiye/scRNA-seq_works/Cervix_scRNA_CTCs_project_use/panCTCs/bin/panCTC_classify/V10CC/V10CC_results","Set4","Top3",1,NA,"Primary cancer cells","Primary cancer cells"
"1483","GSE150430 NPC","/Users/macminiye/scRNA-seq_works/Cervix_scRNA_CTCs_project_use/panCTCs/bin/panCTC_classify/V10CC/V10CC_results","Set4","Top3",1,NA,"Primary cancer cells","Primary cancer cells"
"1484","GSE215120 Melanoma","/Users/macminiye/scRNA-seq_works/Cervix_scRNA_CTCs_project_use/panCTCs/bin/panCTC_classify/V10CC/V10CC_results","Set4","Top3",1,NA,"Primary cancer cells","Primary cancer cells"
"1485","GSE162025 NPC","/Users/macminiye/scRNA-seq_works/Cervix_scRNA_CTCs_project_use/panCTCs/bin/panCTC_classify/V10CC/V10CC_results","Set4","Top3",1,NA,"Primary cancer cells","Primary cancer cells"
"1486","GSE178318 CRC","/Users/macminiye/scRNA-seq_works/Cervix_scRNA_CTCs_project_use/panCTCs/bin/panCTC_classify/V10CC/V10CC_results","Set4","Top3",1,NA,"Primary cancer cells","Primary cancer cells"
"1487","GSE173682 OVC","/Users/macminiye/scRNA-seq_works/Cervix_scRNA_CTCs_project_use/panCTCs/bin/panCTC_classify/V10CC/V10CC_results","Set4","Top3",1,NA,"Primary cancer cells","Primary cancer cells"
"1488","GSE132465 CRC","/Users/macminiye/scRNA-seq_works/Cervix_scRNA_CTCs_project_use/panCTCs/bin/panCTC_classify/V10CC/V10CC_results","Set4","Top3",1,NA,"Primary cancer cells","Primary cancer cells"
"1489","GSE176031 PC","/Users/macminiye/scRNA-seq_works/Cervix_scRNA_CTCs_project_use/panCTCs/bin/panCTC_classify/V10CC/V10CC_results","Set4","Top3",1,NA,"Primary cancer cells","Primary cancer cells"
"1490","GSE148071 NSCLC","/Users/macminiye/scRNA-seq_works/Cervix_scRNA_CTCs_project_use/panCTCs/bin/panCTC_classify/V10CC/V10CC_results","Set4","Top3",1,NA,"Primary cancer cells","Primary cancer cells"
"1491","GSE127465 NSCLC","/Users/macminiye/scRNA-seq_works/Cervix_scRNA_CTCs_project_use/panCTCs/bin/panCTC_classify/V10CC/V10CC_results","Set4","Top3",1,NA,"Primary cancer cells","Primary cancer cells"
"1492","GSE162025 NPC","/Users/macminiye/scRNA-seq_works/Cervix_scRNA_CTCs_project_use/panCTCs/bin/panCTC_classify/V10CC/V10CC_results","Set4","Top3",1,NA,"Primary cancer cells","Primary cancer cells"
"1493","GSE132465 CRC","/Users/macminiye/scRNA-seq_works/Cervix_scRNA_CTCs_project_use/panCTCs/bin/panCTC_classify/V10CC/V10CC_results","Set4","Top3",0.998,NA,"Primary cancer cells","Primary cancer cells"
"1494","GSE155698 PDAC","/Users/macminiye/scRNA-seq_works/Cervix_scRNA_CTCs_project_use/panCTCs/bin/panCTC_classify/V10CC/V10CC_results","Set4","Top3",1,NA,"Primary cancer cells","Primary cancer cells"
"1495","GSE173682 OVC","/Users/macminiye/scRNA-seq_works/Cervix_scRNA_CTCs_project_use/panCTCs/bin/panCTC_classify/V10CC/V10CC_results","Set4","Top3",1,NA,"Primary cancer cells","Primary cancer cells"
"1496","GSE173682 EC","/Users/macminiye/scRNA-seq_works/Cervix_scRNA_CTCs_project_use/panCTCs/bin/panCTC_classify/V10CC/V10CC_results","Set4","Top3",1,NA,"Primary cancer cells","Primary cancer cells"
"1497","GSE193337 PC","/Users/macminiye/scRNA-seq_works/Cervix_scRNA_CTCs_project_use/panCTCs/bin/panCTC_classify/V10CC/V10CC_results","Set4","Top3",1,NA,"Primary cancer cells","Primary cancer cells"
"1498","GSE149614 HCC","/Users/macminiye/scRNA-seq_works/Cervix_scRNA_CTCs_project_use/panCTCs/bin/panCTC_classify/V10CC/V10CC_results","Set4","Top3",1,NA,"Primary cancer cells","Primary cancer cells"
"1499","GSE173682 OVC","/Users/macminiye/scRNA-seq_works/Cervix_scRNA_CTCs_project_use/panCTCs/bin/panCTC_classify/V10CC/V10CC_results","Set4","Top3",1,NA,"Primary cancer cells","Primary cancer cells"
"1500","GSE173682 OVC","/Users/macminiye/scRNA-seq_works/Cervix_scRNA_CTCs_project_use/panCTCs/bin/panCTC_classify/V10CC/V10CC_results","Set4","Top3",1,NA,"Primary cancer cells","Primary cancer cells"
"1501","GSE178318 CRC","/Users/macminiye/scRNA-seq_works/Cervix_scRNA_CTCs_project_use/panCTCs/bin/panCTC_classify/V10CC/V10CC_results","Set4","Top3",1,NA,"Primary cancer cells","Primary cancer cells"
"1502","GSE150430 NPC","/Users/macminiye/scRNA-seq_works/Cervix_scRNA_CTCs_project_use/panCTCs/bin/panCTC_classify/V10CC/V10CC_results","Set4","Top3",1,NA,"Primary cancer cells","Primary cancer cells"
"1503","GSE215120 Melanoma","/Users/macminiye/scRNA-seq_works/Cervix_scRNA_CTCs_project_use/panCTCs/bin/panCTC_classify/V10CC/V10CC_results","Set4","Top3",1,NA,"Primary cancer cells","Primary cancer cells"
"1504","GSE176078 BC","/Users/macminiye/scRNA-seq_works/Cervix_scRNA_CTCs_project_use/panCTCs/bin/panCTC_classify/V10CC/V10CC_results","Set4","Top3",1,NA,"Primary cancer cells","Primary cancer cells"
"1505","GSE168652 CC","/Users/macminiye/scRNA-seq_works/Cervix_scRNA_CTCs_project_use/panCTCs/bin/panCTC_classify/V10CC/V10CC_results","Set4","Top3",1,NA,"Primary cancer cells","Primary cancer cells"
"1506","GSE150825 NPC","/Users/macminiye/scRNA-seq_works/Cervix_scRNA_CTCs_project_use/panCTCs/bin/panCTC_classify/V10CC/V10CC_results","Set4","Top3",1,NA,"Primary cancer cells","Primary cancer cells"
"1507","GSE173682 EC","/Users/macminiye/scRNA-seq_works/Cervix_scRNA_CTCs_project_use/panCTCs/bin/panCTC_classify/V10CC/V10CC_results","Set4","Top3",1,NA,"Primary cancer cells","Primary cancer cells"
"1508","GSE178318 CRC","/Users/macminiye/scRNA-seq_works/Cervix_scRNA_CTCs_project_use/panCTCs/bin/panCTC_classify/V10CC/V10CC_results","Set4","Top3",1,NA,"Primary cancer cells","Primary cancer cells"
"1509","GSE176031 PC","/Users/macminiye/scRNA-seq_works/Cervix_scRNA_CTCs_project_use/panCTCs/bin/panCTC_classify/V10CC/V10CC_results","Set4","Top3",1,NA,"Primary cancer cells","Primary cancer cells"
"1510","GSE173682 EC","/Users/macminiye/scRNA-seq_works/Cervix_scRNA_CTCs_project_use/panCTCs/bin/panCTC_classify/V10CC/V10CC_results","Set4","Top3",1,NA,"Primary cancer cells","Primary cancer cells"
"1511","GSE178318 CRC","/Users/macminiye/scRNA-seq_works/Cervix_scRNA_CTCs_project_use/panCTCs/bin/panCTC_classify/V10CC/V10CC_results","Set4","Top3",1,NA,"Primary cancer cells","Primary cancer cells"
"1512","GSE150430 NPC","/Users/macminiye/scRNA-seq_works/Cervix_scRNA_CTCs_project_use/panCTCs/bin/panCTC_classify/V10CC/V10CC_results","Set4","Top3",1,NA,"Primary cancer cells","Primary cancer cells"
"1513","GSE215120 Melanoma","/Users/macminiye/scRNA-seq_works/Cervix_scRNA_CTCs_project_use/panCTCs/bin/panCTC_classify/V10CC/V10CC_results","Set4","Top3",0.99,NA,"Primary cancer cells","Primary cancer cells"
"1514","GSE162025 NPC","/Users/macminiye/scRNA-seq_works/Cervix_scRNA_CTCs_project_use/panCTCs/bin/panCTC_classify/V10CC/V10CC_results","Set4","Top3",1,NA,"Primary cancer cells","Primary cancer cells"
"1515","GSM3946506 Melanoma","/Users/macminiye/scRNA-seq_works/Cervix_scRNA_CTCs_project_use/panCTCs/bin/panCTC_classify/V10CC/V10CC_results","Set4","Top3",1,NA,"Primary cancer cells","Primary cancer cells"
"1516","E-MTAB-11948 CC","/Users/macminiye/scRNA-seq_works/Cervix_scRNA_CTCs_project_use/panCTCs/bin/panCTC_classify/V10CC/V10CC_results","Set4","Top3",1,NA,"Primary cancer cells","Primary cancer cells"
"1517","GSE150430 NPC","/Users/macminiye/scRNA-seq_works/Cervix_scRNA_CTCs_project_use/panCTCs/bin/panCTC_classify/V10CC/V10CC_results","Set4","Top3",1,NA,"Primary cancer cells","Primary cancer cells"
"1518","GSE148071 NSCLC","/Users/macminiye/scRNA-seq_works/Cervix_scRNA_CTCs_project_use/panCTCs/bin/panCTC_classify/V10CC/V10CC_results","Set4","Top3",1,NA,"Primary cancer cells","Primary cancer cells"
"1519","GSE173682 EC","/Users/macminiye/scRNA-seq_works/Cervix_scRNA_CTCs_project_use/panCTCs/bin/panCTC_classify/V10CC/V10CC_results","Set4","Top3",0.998,NA,"Primary cancer cells","Primary cancer cells"
"1520","GSE150825 NPC","/Users/macminiye/scRNA-seq_works/Cervix_scRNA_CTCs_project_use/panCTCs/bin/panCTC_classify/V10CC/V10CC_results","Set4","Top3",0.98,NA,"Primary cancer cells","Primary cancer cells"
"1521","GSE148071 NSCLC","/Users/macminiye/scRNA-seq_works/Cervix_scRNA_CTCs_project_use/panCTCs/bin/panCTC_classify/V10CC/V10CC_results","Set4","Top3",1,NA,"Primary cancer cells","Primary cancer cells"
"1522","GSE132465 CRC","/Users/macminiye/scRNA-seq_works/Cervix_scRNA_CTCs_project_use/panCTCs/bin/panCTC_classify/V10CC/V10CC_results","Set4","Top3",1,NA,"Primary cancer cells","Primary cancer cells"
"1523","GSE168652 CC","/Users/macminiye/scRNA-seq_works/Cervix_scRNA_CTCs_project_use/panCTCs/bin/panCTC_classify/V10CC/V10CC_results","Set4","Top3",1,NA,"Primary cancer cells","Primary cancer cells"
"1524","GSE173682 OVC","/Users/macminiye/scRNA-seq_works/Cervix_scRNA_CTCs_project_use/panCTCs/bin/panCTC_classify/V10CC/V10CC_results","Set4","Top3",1,NA,"Primary cancer cells","Primary cancer cells"
"1525","GSE176031 PC","/Users/macminiye/scRNA-seq_works/Cervix_scRNA_CTCs_project_use/panCTCs/bin/panCTC_classify/V10CC/V10CC_results","Set4","Top3",1,NA,"Primary cancer cells","Primary cancer cells"
"1526","GSE173682 OVC","/Users/macminiye/scRNA-seq_works/Cervix_scRNA_CTCs_project_use/panCTCs/bin/panCTC_classify/V10CC/V10CC_results","Set4","Top3",1,NA,"Primary cancer cells","Primary cancer cells"
"1527","GSE127465 NSCLC","/Users/macminiye/scRNA-seq_works/Cervix_scRNA_CTCs_project_use/panCTCs/bin/panCTC_classify/V10CC/V10CC_results","Set4","Top3",1,NA,"Primary cancer cells","Primary cancer cells"
"1528","GSE168652 CC","/Users/macminiye/scRNA-seq_works/Cervix_scRNA_CTCs_project_use/panCTCs/bin/panCTC_classify/V10CC/V10CC_results","Set4","Top3",1,NA,"Primary cancer cells","Primary cancer cells"
"1529","GSE162025 NPC","/Users/macminiye/scRNA-seq_works/Cervix_scRNA_CTCs_project_use/panCTCs/bin/panCTC_classify/V10CC/V10CC_results","Set4","Top3",0.99,NA,"Primary cancer cells","Primary cancer cells"
"1530","GSE150430 NPC","/Users/macminiye/scRNA-seq_works/Cervix_scRNA_CTCs_project_use/panCTCs/bin/panCTC_classify/V10CC/V10CC_results","Set4","Top3",1,NA,"Primary cancer cells","Primary cancer cells"
"1531","OMIX001073 GC","/Users/macminiye/scRNA-seq_works/Cervix_scRNA_CTCs_project_use/panCTCs/bin/panCTC_classify/V10CC/V10CC_results","Set4","Top3",1,NA,"Primary cancer cells","Primary cancer cells"
"1532","GSE193337 PC","/Users/macminiye/scRNA-seq_works/Cervix_scRNA_CTCs_project_use/panCTCs/bin/panCTC_classify/V10CC/V10CC_results","Set4","Top3",1,NA,"Primary cancer cells","Primary cancer cells"
"1533","GSE215120 Melanoma","/Users/macminiye/scRNA-seq_works/Cervix_scRNA_CTCs_project_use/panCTCs/bin/panCTC_classify/V10CC/V10CC_results","Set4","Top3",1,NA,"Primary cancer cells","Primary cancer cells"
"1534","GSE132465 CRC","/Users/macminiye/scRNA-seq_works/Cervix_scRNA_CTCs_project_use/panCTCs/bin/panCTC_classify/V10CC/V10CC_results","Set4","Top3",1,NA,"Primary cancer cells","Primary cancer cells"
"1535","GSE148071 NSCLC","/Users/macminiye/scRNA-seq_works/Cervix_scRNA_CTCs_project_use/panCTCs/bin/panCTC_classify/V10CC/V10CC_results","Set4","Top3",1,NA,"Primary cancer cells","Primary cancer cells"
"1536","GSE148071 NSCLC","/Users/macminiye/scRNA-seq_works/Cervix_scRNA_CTCs_project_use/panCTCs/bin/panCTC_classify/V10CC/V10CC_results","Set4","Top3",1,NA,"Primary cancer cells","Primary cancer cells"
"1537","GSE176031 PC","/Users/macminiye/scRNA-seq_works/Cervix_scRNA_CTCs_project_use/panCTCs/bin/panCTC_classify/V10CC/V10CC_results","Set4","Top3",1,NA,"Primary cancer cells","Primary cancer cells"
"1538","GSE155698 PDAC","/Users/macminiye/scRNA-seq_works/Cervix_scRNA_CTCs_project_use/panCTCs/bin/panCTC_classify/V10CC/V10CC_results","Set4","Top3",1,NA,"Primary cancer cells","Primary cancer cells"
"1539","GSE168652 CC","/Users/macminiye/scRNA-seq_works/Cervix_scRNA_CTCs_project_use/panCTCs/bin/panCTC_classify/V10CC/V10CC_results","Set4","Top3",1,NA,"Primary cancer cells","Primary cancer cells"
"1540","GSE127465 NSCLC","/Users/macminiye/scRNA-seq_works/Cervix_scRNA_CTCs_project_use/panCTCs/bin/panCTC_classify/V10CC/V10CC_results","Set4","Top3",0.98,NA,"Primary cancer cells","Primary cancer cells"
"1541","GSE173682 EC","/Users/macminiye/scRNA-seq_works/Cervix_scRNA_CTCs_project_use/panCTCs/bin/panCTC_classify/V10CC/V10CC_results","Set4","Top3",1,NA,"Primary cancer cells","Primary cancer cells"
"1542","GSE149614 HCC","/Users/macminiye/scRNA-seq_works/Cervix_scRNA_CTCs_project_use/panCTCs/bin/panCTC_classify/V10CC/V10CC_results","Set4","Top3",1,NA,"Primary cancer cells","Primary cancer cells"
"1543","GSM3946506 Melanoma","/Users/macminiye/scRNA-seq_works/Cervix_scRNA_CTCs_project_use/panCTCs/bin/panCTC_classify/V10CC/V10CC_results","Set4","Top3",1,NA,"Primary cancer cells","Primary cancer cells"
"1544","GSE178318 CRC","/Users/macminiye/scRNA-seq_works/Cervix_scRNA_CTCs_project_use/panCTCs/bin/panCTC_classify/V10CC/V10CC_results","Set4","Top3",1,NA,"Primary cancer cells","Primary cancer cells"
"1545","GSE150430 NPC","/Users/macminiye/scRNA-seq_works/Cervix_scRNA_CTCs_project_use/panCTCs/bin/panCTC_classify/V10CC/V10CC_results","Set4","Top3",1,NA,"Primary cancer cells","Primary cancer cells"
"1546","GSE132465 CRC","/Users/macminiye/scRNA-seq_works/Cervix_scRNA_CTCs_project_use/panCTCs/bin/panCTC_classify/V10CC/V10CC_results","Set5","Top1",1,NA,"Primary cancer cells","Primary cancer cells"
"1547","GSE149614 HCC","/Users/macminiye/scRNA-seq_works/Cervix_scRNA_CTCs_project_use/panCTCs/bin/panCTC_classify/V10CC/V10CC_results","Set5","Top1",1,NA,"Primary cancer cells","Primary cancer cells"
"1548","OMIX001073 GC","/Users/macminiye/scRNA-seq_works/Cervix_scRNA_CTCs_project_use/panCTCs/bin/panCTC_classify/V10CC/V10CC_results","Set5","Top1",1,NA,"Primary cancer cells","Primary cancer cells"
"1549","GSE176078 BC","/Users/macminiye/scRNA-seq_works/Cervix_scRNA_CTCs_project_use/panCTCs/bin/panCTC_classify/V10CC/V10CC_results","Set5","Top1",1,NA,"Primary cancer cells","Primary cancer cells"
"1550","GSM3946506 Melanoma","/Users/macminiye/scRNA-seq_works/Cervix_scRNA_CTCs_project_use/panCTCs/bin/panCTC_classify/V10CC/V10CC_results","Set5","Top1",1,NA,"Primary cancer cells","Primary cancer cells"
"1551","GSE176078 BC","/Users/macminiye/scRNA-seq_works/Cervix_scRNA_CTCs_project_use/panCTCs/bin/panCTC_classify/V10CC/V10CC_results","Set5","Top1",1,NA,"Primary cancer cells","Primary cancer cells"
"1552","OMIX001073 GC","/Users/macminiye/scRNA-seq_works/Cervix_scRNA_CTCs_project_use/panCTCs/bin/panCTC_classify/V10CC/V10CC_results","Set5","Top1",1,NA,"Primary cancer cells","Primary cancer cells"
"1553","GSE150430 NPC","/Users/macminiye/scRNA-seq_works/Cervix_scRNA_CTCs_project_use/panCTCs/bin/panCTC_classify/V10CC/V10CC_results","Set5","Top1",1,NA,"Primary cancer cells","Primary cancer cells"
"1554","GSE155698 PDAC","/Users/macminiye/scRNA-seq_works/Cervix_scRNA_CTCs_project_use/panCTCs/bin/panCTC_classify/V10CC/V10CC_results","Set5","Top1",0.974,NA,"Primary cancer cells","Primary cancer cells"
"1555","E-MTAB-11948 CC","/Users/macminiye/scRNA-seq_works/Cervix_scRNA_CTCs_project_use/panCTCs/bin/panCTC_classify/V10CC/V10CC_results","Set5","Top1",1,NA,"Primary cancer cells","Primary cancer cells"
"1556","GSE149614 HCC","/Users/macminiye/scRNA-seq_works/Cervix_scRNA_CTCs_project_use/panCTCs/bin/panCTC_classify/V10CC/V10CC_results","Set5","Top1",1,NA,"Primary cancer cells","Primary cancer cells"
"1557","GSE215120 Melanoma","/Users/macminiye/scRNA-seq_works/Cervix_scRNA_CTCs_project_use/panCTCs/bin/panCTC_classify/V10CC/V10CC_results","Set5","Top1",1,NA,"Primary cancer cells","Primary cancer cells"
"1558","GSE132465 CRC","/Users/macminiye/scRNA-seq_works/Cervix_scRNA_CTCs_project_use/panCTCs/bin/panCTC_classify/V10CC/V10CC_results","Set5","Top1",1,NA,"Primary cancer cells","Primary cancer cells"
"1559","GSE148071 NSCLC","/Users/macminiye/scRNA-seq_works/Cervix_scRNA_CTCs_project_use/panCTCs/bin/panCTC_classify/V10CC/V10CC_results","Set5","Top1",1,NA,"Primary cancer cells","Primary cancer cells"
"1560","GSE176031 PC","/Users/macminiye/scRNA-seq_works/Cervix_scRNA_CTCs_project_use/panCTCs/bin/panCTC_classify/V10CC/V10CC_results","Set5","Top1",1,NA,"Primary cancer cells","Primary cancer cells"
"1561","GSE127465 NSCLC","/Users/macminiye/scRNA-seq_works/Cervix_scRNA_CTCs_project_use/panCTCs/bin/panCTC_classify/V10CC/V10CC_results","Set5","Top1",0.89,NA,"Primary cancer cells","Primary cancer cells"
"1562","GSE176078 BC","/Users/macminiye/scRNA-seq_works/Cervix_scRNA_CTCs_project_use/panCTCs/bin/panCTC_classify/V10CC/V10CC_results","Set5","Top1",1,NA,"Primary cancer cells","Primary cancer cells"
"1563","GSE168652 CC","/Users/macminiye/scRNA-seq_works/Cervix_scRNA_CTCs_project_use/panCTCs/bin/panCTC_classify/V10CC/V10CC_results","Set5","Top1",1,NA,"Primary cancer cells","Primary cancer cells"
"1564","GSE149614 HCC","/Users/macminiye/scRNA-seq_works/Cervix_scRNA_CTCs_project_use/panCTCs/bin/panCTC_classify/V10CC/V10CC_results","Set5","Top1",0.998,NA,"Primary cancer cells","Primary cancer cells"
"1565","E-MTAB-11948 CC","/Users/macminiye/scRNA-seq_works/Cervix_scRNA_CTCs_project_use/panCTCs/bin/panCTC_classify/V10CC/V10CC_results","Set5","Top1",0.996,NA,"Primary cancer cells","Primary cancer cells"
"1566","GSE155698 PDAC","/Users/macminiye/scRNA-seq_works/Cervix_scRNA_CTCs_project_use/panCTCs/bin/panCTC_classify/V10CC/V10CC_results","Set5","Top1",0.97,NA,"Primary cancer cells","Primary cancer cells"
"1567","GSE150825 NPC","/Users/macminiye/scRNA-seq_works/Cervix_scRNA_CTCs_project_use/panCTCs/bin/panCTC_classify/V10CC/V10CC_results","Set5","Top1",1,NA,"Primary cancer cells","Primary cancer cells"
"1568","GSE178318 CRC","/Users/macminiye/scRNA-seq_works/Cervix_scRNA_CTCs_project_use/panCTCs/bin/panCTC_classify/V10CC/V10CC_results","Set5","Top1",1,NA,"Primary cancer cells","Primary cancer cells"
"1569","GSE173682 EC","/Users/macminiye/scRNA-seq_works/Cervix_scRNA_CTCs_project_use/panCTCs/bin/panCTC_classify/V10CC/V10CC_results","Set5","Top1",1,NA,"Primary cancer cells","Primary cancer cells"
"1570","GSE193337 PC","/Users/macminiye/scRNA-seq_works/Cervix_scRNA_CTCs_project_use/panCTCs/bin/panCTC_classify/V10CC/V10CC_results","Set5","Top1",0.96,NA,"Primary cancer cells","Primary cancer cells"
"1571","GSE155698 PDAC","/Users/macminiye/scRNA-seq_works/Cervix_scRNA_CTCs_project_use/panCTCs/bin/panCTC_classify/V10CC/V10CC_results","Set5","Top1",0.92,NA,"Primary cancer cells","Primary cancer cells"
"1572","GSM3946506 Melanoma","/Users/macminiye/scRNA-seq_works/Cervix_scRNA_CTCs_project_use/panCTCs/bin/panCTC_classify/V10CC/V10CC_results","Set5","Top1",1,NA,"Primary cancer cells","Primary cancer cells"
"1573","E-MTAB-11948 CC","/Users/macminiye/scRNA-seq_works/Cervix_scRNA_CTCs_project_use/panCTCs/bin/panCTC_classify/V10CC/V10CC_results","Set5","Top1",1,NA,"Primary cancer cells","Primary cancer cells"
"1574","OMIX001073 GC","/Users/macminiye/scRNA-seq_works/Cervix_scRNA_CTCs_project_use/panCTCs/bin/panCTC_classify/V10CC/V10CC_results","Set5","Top1",0.988,NA,"Primary cancer cells","Primary cancer cells"
"1575","GSE173682 OVC","/Users/macminiye/scRNA-seq_works/Cervix_scRNA_CTCs_project_use/panCTCs/bin/panCTC_classify/V10CC/V10CC_results","Set5","Top1",0.9,NA,"Primary cancer cells","Primary cancer cells"
"1576","GSE168652 CC","/Users/macminiye/scRNA-seq_works/Cervix_scRNA_CTCs_project_use/panCTCs/bin/panCTC_classify/V10CC/V10CC_results","Set5","Top1",0.98,NA,"Primary cancer cells","Primary cancer cells"
"1577","GSE176078 BC","/Users/macminiye/scRNA-seq_works/Cervix_scRNA_CTCs_project_use/panCTCs/bin/panCTC_classify/V10CC/V10CC_results","Set5","Top1",1,NA,"Primary cancer cells","Primary cancer cells"
"1578","GSE150825 NPC","/Users/macminiye/scRNA-seq_works/Cervix_scRNA_CTCs_project_use/panCTCs/bin/panCTC_classify/V10CC/V10CC_results","Set5","Top1",0.9,NA,"Primary cancer cells","Primary cancer cells"
"1579","OMIX001073 GC","/Users/macminiye/scRNA-seq_works/Cervix_scRNA_CTCs_project_use/panCTCs/bin/panCTC_classify/V10CC/V10CC_results","Set5","Top1",0.99,NA,"Primary cancer cells","Primary cancer cells"
"1580","OMIX001073 GC","/Users/macminiye/scRNA-seq_works/Cervix_scRNA_CTCs_project_use/panCTCs/bin/panCTC_classify/V10CC/V10CC_results","Set5","Top1",1,NA,"Primary cancer cells","Primary cancer cells"
"1581","E-MTAB-11948 CC","/Users/macminiye/scRNA-seq_works/Cervix_scRNA_CTCs_project_use/panCTCs/bin/panCTC_classify/V10CC/V10CC_results","Set5","Top1",1,NA,"Primary cancer cells","Primary cancer cells"
"1582","GSE162025 NPC","/Users/macminiye/scRNA-seq_works/Cervix_scRNA_CTCs_project_use/panCTCs/bin/panCTC_classify/V10CC/V10CC_results","Set5","Top1",1,NA,"Primary cancer cells","Primary cancer cells"
"1583","GSE176078 BC","/Users/macminiye/scRNA-seq_works/Cervix_scRNA_CTCs_project_use/panCTCs/bin/panCTC_classify/V10CC/V10CC_results","Set5","Top1",1,NA,"Primary cancer cells","Primary cancer cells"
"1584","GSE155698 PDAC","/Users/macminiye/scRNA-seq_works/Cervix_scRNA_CTCs_project_use/panCTCs/bin/panCTC_classify/V10CC/V10CC_results","Set5","Top1",1,NA,"Primary cancer cells","Primary cancer cells"
"1585","GSE149614 HCC","/Users/macminiye/scRNA-seq_works/Cervix_scRNA_CTCs_project_use/panCTCs/bin/panCTC_classify/V10CC/V10CC_results","Set5","Top1",1,NA,"Primary cancer cells","Primary cancer cells"
"1586","E-MTAB-11948 CC","/Users/macminiye/scRNA-seq_works/Cervix_scRNA_CTCs_project_use/panCTCs/bin/panCTC_classify/V10CC/V10CC_results","Set5","Top1",1,NA,"Primary cancer cells","Primary cancer cells"
"1587","GSE178318 CRC","/Users/macminiye/scRNA-seq_works/Cervix_scRNA_CTCs_project_use/panCTCs/bin/panCTC_classify/V10CC/V10CC_results","Set5","Top1",1,NA,"Primary cancer cells","Primary cancer cells"
"1588","GSE176078 BC","/Users/macminiye/scRNA-seq_works/Cervix_scRNA_CTCs_project_use/panCTCs/bin/panCTC_classify/V10CC/V10CC_results","Set5","Top1",0.994,NA,"Primary cancer cells","Primary cancer cells"
"1589","GSM3946506 Melanoma","/Users/macminiye/scRNA-seq_works/Cervix_scRNA_CTCs_project_use/panCTCs/bin/panCTC_classify/V10CC/V10CC_results","Set5","Top1",1,NA,"Primary cancer cells","Primary cancer cells"
"1590","GSE155698 PDAC","/Users/macminiye/scRNA-seq_works/Cervix_scRNA_CTCs_project_use/panCTCs/bin/panCTC_classify/V10CC/V10CC_results","Set5","Top1",0.975,NA,"Primary cancer cells","Primary cancer cells"
"1591","GSE215120 Melanoma","/Users/macminiye/scRNA-seq_works/Cervix_scRNA_CTCs_project_use/panCTCs/bin/panCTC_classify/V10CC/V10CC_results","Set5","Top1",1,NA,"Primary cancer cells","Primary cancer cells"
"1592","GSE149614 HCC","/Users/macminiye/scRNA-seq_works/Cervix_scRNA_CTCs_project_use/panCTCs/bin/panCTC_classify/V10CC/V10CC_results","Set5","Top1",0.98,NA,"Primary cancer cells","Primary cancer cells"
"1593","GSE127465 NSCLC","/Users/macminiye/scRNA-seq_works/Cervix_scRNA_CTCs_project_use/panCTCs/bin/panCTC_classify/V10CC/V10CC_results","Set5","Top1",0.89,NA,"Primary cancer cells","Primary cancer cells"
"1594","GSE127465 NSCLC","/Users/macminiye/scRNA-seq_works/Cervix_scRNA_CTCs_project_use/panCTCs/bin/panCTC_classify/V10CC/V10CC_results","Set5","Top1",1,NA,"Primary cancer cells","Primary cancer cells"
"1595","GSE176031 PC","/Users/macminiye/scRNA-seq_works/Cervix_scRNA_CTCs_project_use/panCTCs/bin/panCTC_classify/V10CC/V10CC_results","Set5","Top1",1,NA,"Primary cancer cells","Primary cancer cells"
"1596","GSE148071 NSCLC","/Users/macminiye/scRNA-seq_works/Cervix_scRNA_CTCs_project_use/panCTCs/bin/panCTC_classify/V10CC/V10CC_results","Set5","Top1",1,NA,"Primary cancer cells","Primary cancer cells"
"1597","GSE193337 PC","/Users/macminiye/scRNA-seq_works/Cervix_scRNA_CTCs_project_use/panCTCs/bin/panCTC_classify/V10CC/V10CC_results","Set5","Top1",1,NA,"Primary cancer cells","Primary cancer cells"
"1598","OMIX001073 GC","/Users/macminiye/scRNA-seq_works/Cervix_scRNA_CTCs_project_use/panCTCs/bin/panCTC_classify/V10CC/V10CC_results","Set5","Top1",0.96,NA,"Primary cancer cells","Primary cancer cells"
"1599","GSE173682 EC","/Users/macminiye/scRNA-seq_works/Cervix_scRNA_CTCs_project_use/panCTCs/bin/panCTC_classify/V10CC/V10CC_results","Set5","Top1",1,NA,"Primary cancer cells","Primary cancer cells"
"1600","GSE193337 PC","/Users/macminiye/scRNA-seq_works/Cervix_scRNA_CTCs_project_use/panCTCs/bin/panCTC_classify/V10CC/V10CC_results","Set5","Top1",0.985,NA,"Primary cancer cells","Primary cancer cells"
"1601","GSE168652 CC","/Users/macminiye/scRNA-seq_works/Cervix_scRNA_CTCs_project_use/panCTCs/bin/panCTC_classify/V10CC/V10CC_results","Set5","Top1",0.998,NA,"Primary cancer cells","Primary cancer cells"
"1602","E-MTAB-11948 CC","/Users/macminiye/scRNA-seq_works/Cervix_scRNA_CTCs_project_use/panCTCs/bin/panCTC_classify/V10CC/V10CC_results","Set5","Top1",1,NA,"Primary cancer cells","Primary cancer cells"
"1603","GSM3946506 Melanoma","/Users/macminiye/scRNA-seq_works/Cervix_scRNA_CTCs_project_use/panCTCs/bin/panCTC_classify/V10CC/V10CC_results","Set5","Top1",1,NA,"Primary cancer cells","Primary cancer cells"
"1604","GSE132465 CRC","/Users/macminiye/scRNA-seq_works/Cervix_scRNA_CTCs_project_use/panCTCs/bin/panCTC_classify/V10CC/V10CC_results","Set5","Top1",1,NA,"Primary cancer cells","Primary cancer cells"
"1605","GSE215120 Melanoma","/Users/macminiye/scRNA-seq_works/Cervix_scRNA_CTCs_project_use/panCTCs/bin/panCTC_classify/V10CC/V10CC_results","Set5","Top1",1,NA,"Primary cancer cells","Primary cancer cells"
"1606","GSE193337 PC","/Users/macminiye/scRNA-seq_works/Cervix_scRNA_CTCs_project_use/panCTCs/bin/panCTC_classify/V10CC/V10CC_results","Set5","Top1",1,NA,"Primary cancer cells","Primary cancer cells"
"1607","GSE150430 NPC","/Users/macminiye/scRNA-seq_works/Cervix_scRNA_CTCs_project_use/panCTCs/bin/panCTC_classify/V10CC/V10CC_results","Set5","Top1",1,NA,"Primary cancer cells","Primary cancer cells"
"1608","GSE215120 Melanoma","/Users/macminiye/scRNA-seq_works/Cervix_scRNA_CTCs_project_use/panCTCs/bin/panCTC_classify/V10CC/V10CC_results","Set5","Top1",1,NA,"Primary cancer cells","Primary cancer cells"
"1609","GSE162025 NPC","/Users/macminiye/scRNA-seq_works/Cervix_scRNA_CTCs_project_use/panCTCs/bin/panCTC_classify/V10CC/V10CC_results","Set5","Top1",1,NA,"Primary cancer cells","Primary cancer cells"
"1610","GSE178318 CRC","/Users/macminiye/scRNA-seq_works/Cervix_scRNA_CTCs_project_use/panCTCs/bin/panCTC_classify/V10CC/V10CC_results","Set5","Top1",1,NA,"Primary cancer cells","Primary cancer cells"
"1611","GSE173682 OVC","/Users/macminiye/scRNA-seq_works/Cervix_scRNA_CTCs_project_use/panCTCs/bin/panCTC_classify/V10CC/V10CC_results","Set5","Top1",1,NA,"Primary cancer cells","Primary cancer cells"
"1612","GSE132465 CRC","/Users/macminiye/scRNA-seq_works/Cervix_scRNA_CTCs_project_use/panCTCs/bin/panCTC_classify/V10CC/V10CC_results","Set5","Top1",0.99,NA,"Primary cancer cells","Primary cancer cells"
"1613","GSE176031 PC","/Users/macminiye/scRNA-seq_works/Cervix_scRNA_CTCs_project_use/panCTCs/bin/panCTC_classify/V10CC/V10CC_results","Set5","Top1",1,NA,"Primary cancer cells","Primary cancer cells"
"1614","GSE148071 NSCLC","/Users/macminiye/scRNA-seq_works/Cervix_scRNA_CTCs_project_use/panCTCs/bin/panCTC_classify/V10CC/V10CC_results","Set5","Top1",0.99,NA,"Primary cancer cells","Primary cancer cells"
"1615","GSE127465 NSCLC","/Users/macminiye/scRNA-seq_works/Cervix_scRNA_CTCs_project_use/panCTCs/bin/panCTC_classify/V10CC/V10CC_results","Set5","Top1",0.9,NA,"Primary cancer cells","Primary cancer cells"
"1616","GSE162025 NPC","/Users/macminiye/scRNA-seq_works/Cervix_scRNA_CTCs_project_use/panCTCs/bin/panCTC_classify/V10CC/V10CC_results","Set5","Top1",1,NA,"Primary cancer cells","Primary cancer cells"
"1617","GSE132465 CRC","/Users/macminiye/scRNA-seq_works/Cervix_scRNA_CTCs_project_use/panCTCs/bin/panCTC_classify/V10CC/V10CC_results","Set5","Top1",0.984,NA,"Primary cancer cells","Primary cancer cells"
"1618","GSE155698 PDAC","/Users/macminiye/scRNA-seq_works/Cervix_scRNA_CTCs_project_use/panCTCs/bin/panCTC_classify/V10CC/V10CC_results","Set5","Top1",1,NA,"Primary cancer cells","Primary cancer cells"
"1619","GSE173682 OVC","/Users/macminiye/scRNA-seq_works/Cervix_scRNA_CTCs_project_use/panCTCs/bin/panCTC_classify/V10CC/V10CC_results","Set5","Top1",0.994,NA,"Primary cancer cells","Primary cancer cells"
"1620","GSE173682 EC","/Users/macminiye/scRNA-seq_works/Cervix_scRNA_CTCs_project_use/panCTCs/bin/panCTC_classify/V10CC/V10CC_results","Set5","Top1",1,NA,"Primary cancer cells","Primary cancer cells"
"1621","GSE193337 PC","/Users/macminiye/scRNA-seq_works/Cervix_scRNA_CTCs_project_use/panCTCs/bin/panCTC_classify/V10CC/V10CC_results","Set5","Top1",1,NA,"Primary cancer cells","Primary cancer cells"
"1622","GSE149614 HCC","/Users/macminiye/scRNA-seq_works/Cervix_scRNA_CTCs_project_use/panCTCs/bin/panCTC_classify/V10CC/V10CC_results","Set5","Top1",1,NA,"Primary cancer cells","Primary cancer cells"
"1623","GSE173682 OVC","/Users/macminiye/scRNA-seq_works/Cervix_scRNA_CTCs_project_use/panCTCs/bin/panCTC_classify/V10CC/V10CC_results","Set5","Top1",1,NA,"Primary cancer cells","Primary cancer cells"
"1624","GSE173682 OVC","/Users/macminiye/scRNA-seq_works/Cervix_scRNA_CTCs_project_use/panCTCs/bin/panCTC_classify/V10CC/V10CC_results","Set5","Top1",1,NA,"Primary cancer cells","Primary cancer cells"
"1625","GSE178318 CRC","/Users/macminiye/scRNA-seq_works/Cervix_scRNA_CTCs_project_use/panCTCs/bin/panCTC_classify/V10CC/V10CC_results","Set5","Top1",1,NA,"Primary cancer cells","Primary cancer cells"
"1626","GSE150430 NPC","/Users/macminiye/scRNA-seq_works/Cervix_scRNA_CTCs_project_use/panCTCs/bin/panCTC_classify/V10CC/V10CC_results","Set5","Top1",1,NA,"Primary cancer cells","Primary cancer cells"
"1627","GSE215120 Melanoma","/Users/macminiye/scRNA-seq_works/Cervix_scRNA_CTCs_project_use/panCTCs/bin/panCTC_classify/V10CC/V10CC_results","Set5","Top1",0.998,NA,"Primary cancer cells","Primary cancer cells"
"1628","GSE176078 BC","/Users/macminiye/scRNA-seq_works/Cervix_scRNA_CTCs_project_use/panCTCs/bin/panCTC_classify/V10CC/V10CC_results","Set5","Top1",0.9,NA,"Primary cancer cells","Primary cancer cells"
"1629","GSE168652 CC","/Users/macminiye/scRNA-seq_works/Cervix_scRNA_CTCs_project_use/panCTCs/bin/panCTC_classify/V10CC/V10CC_results","Set5","Top1",0.99,NA,"Primary cancer cells","Primary cancer cells"
"1630","GSE150825 NPC","/Users/macminiye/scRNA-seq_works/Cervix_scRNA_CTCs_project_use/panCTCs/bin/panCTC_classify/V10CC/V10CC_results","Set5","Top1",0.9,NA,"Primary cancer cells","Primary cancer cells"
"1631","GSE173682 EC","/Users/macminiye/scRNA-seq_works/Cervix_scRNA_CTCs_project_use/panCTCs/bin/panCTC_classify/V10CC/V10CC_results","Set5","Top1",0.995,NA,"Primary cancer cells","Primary cancer cells"
"1632","GSE178318 CRC","/Users/macminiye/scRNA-seq_works/Cervix_scRNA_CTCs_project_use/panCTCs/bin/panCTC_classify/V10CC/V10CC_results","Set5","Top1",1,NA,"Primary cancer cells","Primary cancer cells"
"1633","GSE176031 PC","/Users/macminiye/scRNA-seq_works/Cervix_scRNA_CTCs_project_use/panCTCs/bin/panCTC_classify/V10CC/V10CC_results","Set5","Top1",1,NA,"Primary cancer cells","Primary cancer cells"
"1634","GSE173682 EC","/Users/macminiye/scRNA-seq_works/Cervix_scRNA_CTCs_project_use/panCTCs/bin/panCTC_classify/V10CC/V10CC_results","Set5","Top1",1,NA,"Primary cancer cells","Primary cancer cells"
"1635","GSE178318 CRC","/Users/macminiye/scRNA-seq_works/Cervix_scRNA_CTCs_project_use/panCTCs/bin/panCTC_classify/V10CC/V10CC_results","Set5","Top1",0.99,NA,"Primary cancer cells","Primary cancer cells"
"1636","GSE150430 NPC","/Users/macminiye/scRNA-seq_works/Cervix_scRNA_CTCs_project_use/panCTCs/bin/panCTC_classify/V10CC/V10CC_results","Set5","Top1",1,NA,"Primary cancer cells","Primary cancer cells"
"1637","GSE215120 Melanoma","/Users/macminiye/scRNA-seq_works/Cervix_scRNA_CTCs_project_use/panCTCs/bin/panCTC_classify/V10CC/V10CC_results","Set5","Top1",1,NA,"Primary cancer cells","Primary cancer cells"
"1638","GSE162025 NPC","/Users/macminiye/scRNA-seq_works/Cervix_scRNA_CTCs_project_use/panCTCs/bin/panCTC_classify/V10CC/V10CC_results","Set5","Top1",0.98,NA,"Primary cancer cells","Primary cancer cells"
"1639","GSM3946506 Melanoma","/Users/macminiye/scRNA-seq_works/Cervix_scRNA_CTCs_project_use/panCTCs/bin/panCTC_classify/V10CC/V10CC_results","Set5","Top1",1,NA,"Primary cancer cells","Primary cancer cells"
"1640","E-MTAB-11948 CC","/Users/macminiye/scRNA-seq_works/Cervix_scRNA_CTCs_project_use/panCTCs/bin/panCTC_classify/V10CC/V10CC_results","Set5","Top1",1,NA,"Primary cancer cells","Primary cancer cells"
"1641","GSE150430 NPC","/Users/macminiye/scRNA-seq_works/Cervix_scRNA_CTCs_project_use/panCTCs/bin/panCTC_classify/V10CC/V10CC_results","Set5","Top1",1,NA,"Primary cancer cells","Primary cancer cells"
"1642","GSE148071 NSCLC","/Users/macminiye/scRNA-seq_works/Cervix_scRNA_CTCs_project_use/panCTCs/bin/panCTC_classify/V10CC/V10CC_results","Set5","Top1",1,NA,"Primary cancer cells","Primary cancer cells"
"1643","GSE173682 EC","/Users/macminiye/scRNA-seq_works/Cervix_scRNA_CTCs_project_use/panCTCs/bin/panCTC_classify/V10CC/V10CC_results","Set5","Top1",0.996,NA,"Primary cancer cells","Primary cancer cells"
"1644","GSE150825 NPC","/Users/macminiye/scRNA-seq_works/Cervix_scRNA_CTCs_project_use/panCTCs/bin/panCTC_classify/V10CC/V10CC_results","Set5","Top1",0.86,NA,"Primary cancer cells","Primary cancer cells"
"1645","GSE148071 NSCLC","/Users/macminiye/scRNA-seq_works/Cervix_scRNA_CTCs_project_use/panCTCs/bin/panCTC_classify/V10CC/V10CC_results","Set5","Top1",1,NA,"Primary cancer cells","Primary cancer cells"
"1646","GSE132465 CRC","/Users/macminiye/scRNA-seq_works/Cervix_scRNA_CTCs_project_use/panCTCs/bin/panCTC_classify/V10CC/V10CC_results","Set5","Top1",0.995,NA,"Primary cancer cells","Primary cancer cells"
"1647","GSE168652 CC","/Users/macminiye/scRNA-seq_works/Cervix_scRNA_CTCs_project_use/panCTCs/bin/panCTC_classify/V10CC/V10CC_results","Set5","Top1",1,NA,"Primary cancer cells","Primary cancer cells"
"1648","GSE173682 OVC","/Users/macminiye/scRNA-seq_works/Cervix_scRNA_CTCs_project_use/panCTCs/bin/panCTC_classify/V10CC/V10CC_results","Set5","Top1",0.99,NA,"Primary cancer cells","Primary cancer cells"
"1649","GSE176031 PC","/Users/macminiye/scRNA-seq_works/Cervix_scRNA_CTCs_project_use/panCTCs/bin/panCTC_classify/V10CC/V10CC_results","Set5","Top1",1,NA,"Primary cancer cells","Primary cancer cells"
"1650","GSE173682 OVC","/Users/macminiye/scRNA-seq_works/Cervix_scRNA_CTCs_project_use/panCTCs/bin/panCTC_classify/V10CC/V10CC_results","Set5","Top1",0.98,NA,"Primary cancer cells","Primary cancer cells"
"1651","GSE127465 NSCLC","/Users/macminiye/scRNA-seq_works/Cervix_scRNA_CTCs_project_use/panCTCs/bin/panCTC_classify/V10CC/V10CC_results","Set5","Top1",1,NA,"Primary cancer cells","Primary cancer cells"
"1652","GSE168652 CC","/Users/macminiye/scRNA-seq_works/Cervix_scRNA_CTCs_project_use/panCTCs/bin/panCTC_classify/V10CC/V10CC_results","Set5","Top1",1,NA,"Primary cancer cells","Primary cancer cells"
"1653","GSE162025 NPC","/Users/macminiye/scRNA-seq_works/Cervix_scRNA_CTCs_project_use/panCTCs/bin/panCTC_classify/V10CC/V10CC_results","Set5","Top1",0.99,NA,"Primary cancer cells","Primary cancer cells"
"1654","GSE150430 NPC","/Users/macminiye/scRNA-seq_works/Cervix_scRNA_CTCs_project_use/panCTCs/bin/panCTC_classify/V10CC/V10CC_results","Set5","Top1",1,NA,"Primary cancer cells","Primary cancer cells"
"1655","OMIX001073 GC","/Users/macminiye/scRNA-seq_works/Cervix_scRNA_CTCs_project_use/panCTCs/bin/panCTC_classify/V10CC/V10CC_results","Set5","Top1",0.9,NA,"Primary cancer cells","Primary cancer cells"
"1656","GSE193337 PC","/Users/macminiye/scRNA-seq_works/Cervix_scRNA_CTCs_project_use/panCTCs/bin/panCTC_classify/V10CC/V10CC_results","Set5","Top1",0.98,NA,"Primary cancer cells","Primary cancer cells"
"1657","GSE215120 Melanoma","/Users/macminiye/scRNA-seq_works/Cervix_scRNA_CTCs_project_use/panCTCs/bin/panCTC_classify/V10CC/V10CC_results","Set5","Top1",1,NA,"Primary cancer cells","Primary cancer cells"
"1658","GSE132465 CRC","/Users/macminiye/scRNA-seq_works/Cervix_scRNA_CTCs_project_use/panCTCs/bin/panCTC_classify/V10CC/V10CC_results","Set5","Top1",1,NA,"Primary cancer cells","Primary cancer cells"
"1659","GSE148071 NSCLC","/Users/macminiye/scRNA-seq_works/Cervix_scRNA_CTCs_project_use/panCTCs/bin/panCTC_classify/V10CC/V10CC_results","Set5","Top1",1,NA,"Primary cancer cells","Primary cancer cells"
"1660","GSE148071 NSCLC","/Users/macminiye/scRNA-seq_works/Cervix_scRNA_CTCs_project_use/panCTCs/bin/panCTC_classify/V10CC/V10CC_results","Set5","Top1",1,NA,"Primary cancer cells","Primary cancer cells"
"1661","GSE176031 PC","/Users/macminiye/scRNA-seq_works/Cervix_scRNA_CTCs_project_use/panCTCs/bin/panCTC_classify/V10CC/V10CC_results","Set5","Top1",1,NA,"Primary cancer cells","Primary cancer cells"
"1662","GSE155698 PDAC","/Users/macminiye/scRNA-seq_works/Cervix_scRNA_CTCs_project_use/panCTCs/bin/panCTC_classify/V10CC/V10CC_results","Set5","Top1",1,NA,"Primary cancer cells","Primary cancer cells"
"1663","GSE168652 CC","/Users/macminiye/scRNA-seq_works/Cervix_scRNA_CTCs_project_use/panCTCs/bin/panCTC_classify/V10CC/V10CC_results","Set5","Top1",0.995,NA,"Primary cancer cells","Primary cancer cells"
"1664","GSE127465 NSCLC","/Users/macminiye/scRNA-seq_works/Cervix_scRNA_CTCs_project_use/panCTCs/bin/panCTC_classify/V10CC/V10CC_results","Set5","Top1",0.9,NA,"Primary cancer cells","Primary cancer cells"
"1665","GSE173682 EC","/Users/macminiye/scRNA-seq_works/Cervix_scRNA_CTCs_project_use/panCTCs/bin/panCTC_classify/V10CC/V10CC_results","Set5","Top1",0.99,NA,"Primary cancer cells","Primary cancer cells"
"1666","GSE149614 HCC","/Users/macminiye/scRNA-seq_works/Cervix_scRNA_CTCs_project_use/panCTCs/bin/panCTC_classify/V10CC/V10CC_results","Set5","Top1",1,NA,"Primary cancer cells","Primary cancer cells"
"1667","GSM3946506 Melanoma","/Users/macminiye/scRNA-seq_works/Cervix_scRNA_CTCs_project_use/panCTCs/bin/panCTC_classify/V10CC/V10CC_results","Set5","Top1",1,NA,"Primary cancer cells","Primary cancer cells"
"1668","GSE178318 CRC","/Users/macminiye/scRNA-seq_works/Cervix_scRNA_CTCs_project_use/panCTCs/bin/panCTC_classify/V10CC/V10CC_results","Set5","Top1",0.96,NA,"Primary cancer cells","Primary cancer cells"
"1669","GSE150430 NPC","/Users/macminiye/scRNA-seq_works/Cervix_scRNA_CTCs_project_use/panCTCs/bin/panCTC_classify/V10CC/V10CC_results","Set5","Top1",1,NA,"Primary cancer cells","Primary cancer cells"
"1670","GSE132465 CRC","/Users/macminiye/scRNA-seq_works/Cervix_scRNA_CTCs_project_use/panCTCs/bin/panCTC_classify/V10CC/V10CC_results","Set5","Top2",1,NA,"Primary cancer cells","Primary cancer cells"
"1671","GSE149614 HCC","/Users/macminiye/scRNA-seq_works/Cervix_scRNA_CTCs_project_use/panCTCs/bin/panCTC_classify/V10CC/V10CC_results","Set5","Top2",1,NA,"Primary cancer cells","Primary cancer cells"
"1672","OMIX001073 GC","/Users/macminiye/scRNA-seq_works/Cervix_scRNA_CTCs_project_use/panCTCs/bin/panCTC_classify/V10CC/V10CC_results","Set5","Top2",1,NA,"Primary cancer cells","Primary cancer cells"
"1673","GSE176078 BC","/Users/macminiye/scRNA-seq_works/Cervix_scRNA_CTCs_project_use/panCTCs/bin/panCTC_classify/V10CC/V10CC_results","Set5","Top2",1,NA,"Primary cancer cells","Primary cancer cells"
"1674","GSM3946506 Melanoma","/Users/macminiye/scRNA-seq_works/Cervix_scRNA_CTCs_project_use/panCTCs/bin/panCTC_classify/V10CC/V10CC_results","Set5","Top2",1,NA,"Primary cancer cells","Primary cancer cells"
"1675","GSE176078 BC","/Users/macminiye/scRNA-seq_works/Cervix_scRNA_CTCs_project_use/panCTCs/bin/panCTC_classify/V10CC/V10CC_results","Set5","Top2",1,NA,"Primary cancer cells","Primary cancer cells"
"1676","OMIX001073 GC","/Users/macminiye/scRNA-seq_works/Cervix_scRNA_CTCs_project_use/panCTCs/bin/panCTC_classify/V10CC/V10CC_results","Set5","Top2",1,NA,"Primary cancer cells","Primary cancer cells"
"1677","GSE150430 NPC","/Users/macminiye/scRNA-seq_works/Cervix_scRNA_CTCs_project_use/panCTCs/bin/panCTC_classify/V10CC/V10CC_results","Set5","Top2",1,NA,"Primary cancer cells","Primary cancer cells"
"1678","GSE155698 PDAC","/Users/macminiye/scRNA-seq_works/Cervix_scRNA_CTCs_project_use/panCTCs/bin/panCTC_classify/V10CC/V10CC_results","Set5","Top2",0.992,NA,"Primary cancer cells","Primary cancer cells"
"1679","E-MTAB-11948 CC","/Users/macminiye/scRNA-seq_works/Cervix_scRNA_CTCs_project_use/panCTCs/bin/panCTC_classify/V10CC/V10CC_results","Set5","Top2",1,NA,"Primary cancer cells","Primary cancer cells"
"1680","GSE149614 HCC","/Users/macminiye/scRNA-seq_works/Cervix_scRNA_CTCs_project_use/panCTCs/bin/panCTC_classify/V10CC/V10CC_results","Set5","Top2",1,NA,"Primary cancer cells","Primary cancer cells"
"1681","GSE215120 Melanoma","/Users/macminiye/scRNA-seq_works/Cervix_scRNA_CTCs_project_use/panCTCs/bin/panCTC_classify/V10CC/V10CC_results","Set5","Top2",1,NA,"Primary cancer cells","Primary cancer cells"
"1682","GSE132465 CRC","/Users/macminiye/scRNA-seq_works/Cervix_scRNA_CTCs_project_use/panCTCs/bin/panCTC_classify/V10CC/V10CC_results","Set5","Top2",1,NA,"Primary cancer cells","Primary cancer cells"
"1683","GSE148071 NSCLC","/Users/macminiye/scRNA-seq_works/Cervix_scRNA_CTCs_project_use/panCTCs/bin/panCTC_classify/V10CC/V10CC_results","Set5","Top2",1,NA,"Primary cancer cells","Primary cancer cells"
"1684","GSE176031 PC","/Users/macminiye/scRNA-seq_works/Cervix_scRNA_CTCs_project_use/panCTCs/bin/panCTC_classify/V10CC/V10CC_results","Set5","Top2",1,NA,"Primary cancer cells","Primary cancer cells"
"1685","GSE127465 NSCLC","/Users/macminiye/scRNA-seq_works/Cervix_scRNA_CTCs_project_use/panCTCs/bin/panCTC_classify/V10CC/V10CC_results","Set5","Top2",0.96,NA,"Primary cancer cells","Primary cancer cells"
"1686","GSE176078 BC","/Users/macminiye/scRNA-seq_works/Cervix_scRNA_CTCs_project_use/panCTCs/bin/panCTC_classify/V10CC/V10CC_results","Set5","Top2",1,NA,"Primary cancer cells","Primary cancer cells"
"1687","GSE168652 CC","/Users/macminiye/scRNA-seq_works/Cervix_scRNA_CTCs_project_use/panCTCs/bin/panCTC_classify/V10CC/V10CC_results","Set5","Top2",1,NA,"Primary cancer cells","Primary cancer cells"
"1688","GSE149614 HCC","/Users/macminiye/scRNA-seq_works/Cervix_scRNA_CTCs_project_use/panCTCs/bin/panCTC_classify/V10CC/V10CC_results","Set5","Top2",0.998,NA,"Primary cancer cells","Primary cancer cells"
"1689","E-MTAB-11948 CC","/Users/macminiye/scRNA-seq_works/Cervix_scRNA_CTCs_project_use/panCTCs/bin/panCTC_classify/V10CC/V10CC_results","Set5","Top2",1,NA,"Primary cancer cells","Primary cancer cells"
"1690","GSE155698 PDAC","/Users/macminiye/scRNA-seq_works/Cervix_scRNA_CTCs_project_use/panCTCs/bin/panCTC_classify/V10CC/V10CC_results","Set5","Top2",0.99,NA,"Primary cancer cells","Primary cancer cells"
"1691","GSE150825 NPC","/Users/macminiye/scRNA-seq_works/Cervix_scRNA_CTCs_project_use/panCTCs/bin/panCTC_classify/V10CC/V10CC_results","Set5","Top2",1,NA,"Primary cancer cells","Primary cancer cells"
"1692","GSE178318 CRC","/Users/macminiye/scRNA-seq_works/Cervix_scRNA_CTCs_project_use/panCTCs/bin/panCTC_classify/V10CC/V10CC_results","Set5","Top2",1,NA,"Primary cancer cells","Primary cancer cells"
"1693","GSE173682 EC","/Users/macminiye/scRNA-seq_works/Cervix_scRNA_CTCs_project_use/panCTCs/bin/panCTC_classify/V10CC/V10CC_results","Set5","Top2",1,NA,"Primary cancer cells","Primary cancer cells"
"1694","GSE193337 PC","/Users/macminiye/scRNA-seq_works/Cervix_scRNA_CTCs_project_use/panCTCs/bin/panCTC_classify/V10CC/V10CC_results","Set5","Top2",0.98,NA,"Primary cancer cells","Primary cancer cells"
"1695","GSE155698 PDAC","/Users/macminiye/scRNA-seq_works/Cervix_scRNA_CTCs_project_use/panCTCs/bin/panCTC_classify/V10CC/V10CC_results","Set5","Top2",0.96,NA,"Primary cancer cells","Primary cancer cells"
"1696","GSM3946506 Melanoma","/Users/macminiye/scRNA-seq_works/Cervix_scRNA_CTCs_project_use/panCTCs/bin/panCTC_classify/V10CC/V10CC_results","Set5","Top2",1,NA,"Primary cancer cells","Primary cancer cells"
"1697","E-MTAB-11948 CC","/Users/macminiye/scRNA-seq_works/Cervix_scRNA_CTCs_project_use/panCTCs/bin/panCTC_classify/V10CC/V10CC_results","Set5","Top2",1,NA,"Primary cancer cells","Primary cancer cells"
"1698","OMIX001073 GC","/Users/macminiye/scRNA-seq_works/Cervix_scRNA_CTCs_project_use/panCTCs/bin/panCTC_classify/V10CC/V10CC_results","Set5","Top2",1,NA,"Primary cancer cells","Primary cancer cells"
"1699","GSE173682 OVC","/Users/macminiye/scRNA-seq_works/Cervix_scRNA_CTCs_project_use/panCTCs/bin/panCTC_classify/V10CC/V10CC_results","Set5","Top2",1,NA,"Primary cancer cells","Primary cancer cells"
"1700","GSE168652 CC","/Users/macminiye/scRNA-seq_works/Cervix_scRNA_CTCs_project_use/panCTCs/bin/panCTC_classify/V10CC/V10CC_results","Set5","Top2",0.98,NA,"Primary cancer cells","Primary cancer cells"
"1701","GSE176078 BC","/Users/macminiye/scRNA-seq_works/Cervix_scRNA_CTCs_project_use/panCTCs/bin/panCTC_classify/V10CC/V10CC_results","Set5","Top2",1,NA,"Primary cancer cells","Primary cancer cells"
"1702","GSE150825 NPC","/Users/macminiye/scRNA-seq_works/Cervix_scRNA_CTCs_project_use/panCTCs/bin/panCTC_classify/V10CC/V10CC_results","Set5","Top2",1,NA,"Primary cancer cells","Primary cancer cells"
"1703","OMIX001073 GC","/Users/macminiye/scRNA-seq_works/Cervix_scRNA_CTCs_project_use/panCTCs/bin/panCTC_classify/V10CC/V10CC_results","Set5","Top2",0.995,NA,"Primary cancer cells","Primary cancer cells"
"1704","OMIX001073 GC","/Users/macminiye/scRNA-seq_works/Cervix_scRNA_CTCs_project_use/panCTCs/bin/panCTC_classify/V10CC/V10CC_results","Set5","Top2",1,NA,"Primary cancer cells","Primary cancer cells"
"1705","E-MTAB-11948 CC","/Users/macminiye/scRNA-seq_works/Cervix_scRNA_CTCs_project_use/panCTCs/bin/panCTC_classify/V10CC/V10CC_results","Set5","Top2",1,NA,"Primary cancer cells","Primary cancer cells"
"1706","GSE162025 NPC","/Users/macminiye/scRNA-seq_works/Cervix_scRNA_CTCs_project_use/panCTCs/bin/panCTC_classify/V10CC/V10CC_results","Set5","Top2",1,NA,"Primary cancer cells","Primary cancer cells"
"1707","GSE176078 BC","/Users/macminiye/scRNA-seq_works/Cervix_scRNA_CTCs_project_use/panCTCs/bin/panCTC_classify/V10CC/V10CC_results","Set5","Top2",1,NA,"Primary cancer cells","Primary cancer cells"
"1708","GSE155698 PDAC","/Users/macminiye/scRNA-seq_works/Cervix_scRNA_CTCs_project_use/panCTCs/bin/panCTC_classify/V10CC/V10CC_results","Set5","Top2",1,NA,"Primary cancer cells","Primary cancer cells"
"1709","GSE149614 HCC","/Users/macminiye/scRNA-seq_works/Cervix_scRNA_CTCs_project_use/panCTCs/bin/panCTC_classify/V10CC/V10CC_results","Set5","Top2",1,NA,"Primary cancer cells","Primary cancer cells"
"1710","E-MTAB-11948 CC","/Users/macminiye/scRNA-seq_works/Cervix_scRNA_CTCs_project_use/panCTCs/bin/panCTC_classify/V10CC/V10CC_results","Set5","Top2",1,NA,"Primary cancer cells","Primary cancer cells"
"1711","GSE178318 CRC","/Users/macminiye/scRNA-seq_works/Cervix_scRNA_CTCs_project_use/panCTCs/bin/panCTC_classify/V10CC/V10CC_results","Set5","Top2",1,NA,"Primary cancer cells","Primary cancer cells"
"1712","GSE176078 BC","/Users/macminiye/scRNA-seq_works/Cervix_scRNA_CTCs_project_use/panCTCs/bin/panCTC_classify/V10CC/V10CC_results","Set5","Top2",0.996,NA,"Primary cancer cells","Primary cancer cells"
"1713","GSM3946506 Melanoma","/Users/macminiye/scRNA-seq_works/Cervix_scRNA_CTCs_project_use/panCTCs/bin/panCTC_classify/V10CC/V10CC_results","Set5","Top2",1,NA,"Primary cancer cells","Primary cancer cells"
"1714","GSE155698 PDAC","/Users/macminiye/scRNA-seq_works/Cervix_scRNA_CTCs_project_use/panCTCs/bin/panCTC_classify/V10CC/V10CC_results","Set5","Top2",0.99,NA,"Primary cancer cells","Primary cancer cells"
"1715","GSE215120 Melanoma","/Users/macminiye/scRNA-seq_works/Cervix_scRNA_CTCs_project_use/panCTCs/bin/panCTC_classify/V10CC/V10CC_results","Set5","Top2",1,NA,"Primary cancer cells","Primary cancer cells"
"1716","GSE149614 HCC","/Users/macminiye/scRNA-seq_works/Cervix_scRNA_CTCs_project_use/panCTCs/bin/panCTC_classify/V10CC/V10CC_results","Set5","Top2",0.98,NA,"Primary cancer cells","Primary cancer cells"
"1717","GSE127465 NSCLC","/Users/macminiye/scRNA-seq_works/Cervix_scRNA_CTCs_project_use/panCTCs/bin/panCTC_classify/V10CC/V10CC_results","Set5","Top2",0.96,NA,"Primary cancer cells","Primary cancer cells"
"1718","GSE127465 NSCLC","/Users/macminiye/scRNA-seq_works/Cervix_scRNA_CTCs_project_use/panCTCs/bin/panCTC_classify/V10CC/V10CC_results","Set5","Top2",1,NA,"Primary cancer cells","Primary cancer cells"
"1719","GSE176031 PC","/Users/macminiye/scRNA-seq_works/Cervix_scRNA_CTCs_project_use/panCTCs/bin/panCTC_classify/V10CC/V10CC_results","Set5","Top2",1,NA,"Primary cancer cells","Primary cancer cells"
"1720","GSE148071 NSCLC","/Users/macminiye/scRNA-seq_works/Cervix_scRNA_CTCs_project_use/panCTCs/bin/panCTC_classify/V10CC/V10CC_results","Set5","Top2",1,NA,"Primary cancer cells","Primary cancer cells"
"1721","GSE193337 PC","/Users/macminiye/scRNA-seq_works/Cervix_scRNA_CTCs_project_use/panCTCs/bin/panCTC_classify/V10CC/V10CC_results","Set5","Top2",1,NA,"Primary cancer cells","Primary cancer cells"
"1722","OMIX001073 GC","/Users/macminiye/scRNA-seq_works/Cervix_scRNA_CTCs_project_use/panCTCs/bin/panCTC_classify/V10CC/V10CC_results","Set5","Top2",1,NA,"Primary cancer cells","Primary cancer cells"
"1723","GSE173682 EC","/Users/macminiye/scRNA-seq_works/Cervix_scRNA_CTCs_project_use/panCTCs/bin/panCTC_classify/V10CC/V10CC_results","Set5","Top2",1,NA,"Primary cancer cells","Primary cancer cells"
"1724","GSE193337 PC","/Users/macminiye/scRNA-seq_works/Cervix_scRNA_CTCs_project_use/panCTCs/bin/panCTC_classify/V10CC/V10CC_results","Set5","Top2",0.985,NA,"Primary cancer cells","Primary cancer cells"
"1725","GSE168652 CC","/Users/macminiye/scRNA-seq_works/Cervix_scRNA_CTCs_project_use/panCTCs/bin/panCTC_classify/V10CC/V10CC_results","Set5","Top2",0.998,NA,"Primary cancer cells","Primary cancer cells"
"1726","E-MTAB-11948 CC","/Users/macminiye/scRNA-seq_works/Cervix_scRNA_CTCs_project_use/panCTCs/bin/panCTC_classify/V10CC/V10CC_results","Set5","Top2",1,NA,"Primary cancer cells","Primary cancer cells"
"1727","GSM3946506 Melanoma","/Users/macminiye/scRNA-seq_works/Cervix_scRNA_CTCs_project_use/panCTCs/bin/panCTC_classify/V10CC/V10CC_results","Set5","Top2",1,NA,"Primary cancer cells","Primary cancer cells"
"1728","GSE132465 CRC","/Users/macminiye/scRNA-seq_works/Cervix_scRNA_CTCs_project_use/panCTCs/bin/panCTC_classify/V10CC/V10CC_results","Set5","Top2",1,NA,"Primary cancer cells","Primary cancer cells"
"1729","GSE215120 Melanoma","/Users/macminiye/scRNA-seq_works/Cervix_scRNA_CTCs_project_use/panCTCs/bin/panCTC_classify/V10CC/V10CC_results","Set5","Top2",1,NA,"Primary cancer cells","Primary cancer cells"
"1730","GSE193337 PC","/Users/macminiye/scRNA-seq_works/Cervix_scRNA_CTCs_project_use/panCTCs/bin/panCTC_classify/V10CC/V10CC_results","Set5","Top2",1,NA,"Primary cancer cells","Primary cancer cells"
"1731","GSE150430 NPC","/Users/macminiye/scRNA-seq_works/Cervix_scRNA_CTCs_project_use/panCTCs/bin/panCTC_classify/V10CC/V10CC_results","Set5","Top2",1,NA,"Primary cancer cells","Primary cancer cells"
"1732","GSE215120 Melanoma","/Users/macminiye/scRNA-seq_works/Cervix_scRNA_CTCs_project_use/panCTCs/bin/panCTC_classify/V10CC/V10CC_results","Set5","Top2",1,NA,"Primary cancer cells","Primary cancer cells"
"1733","GSE162025 NPC","/Users/macminiye/scRNA-seq_works/Cervix_scRNA_CTCs_project_use/panCTCs/bin/panCTC_classify/V10CC/V10CC_results","Set5","Top2",1,NA,"Primary cancer cells","Primary cancer cells"
"1734","GSE178318 CRC","/Users/macminiye/scRNA-seq_works/Cervix_scRNA_CTCs_project_use/panCTCs/bin/panCTC_classify/V10CC/V10CC_results","Set5","Top2",1,NA,"Primary cancer cells","Primary cancer cells"
"1735","GSE173682 OVC","/Users/macminiye/scRNA-seq_works/Cervix_scRNA_CTCs_project_use/panCTCs/bin/panCTC_classify/V10CC/V10CC_results","Set5","Top2",1,NA,"Primary cancer cells","Primary cancer cells"
"1736","GSE132465 CRC","/Users/macminiye/scRNA-seq_works/Cervix_scRNA_CTCs_project_use/panCTCs/bin/panCTC_classify/V10CC/V10CC_results","Set5","Top2",1,NA,"Primary cancer cells","Primary cancer cells"
"1737","GSE176031 PC","/Users/macminiye/scRNA-seq_works/Cervix_scRNA_CTCs_project_use/panCTCs/bin/panCTC_classify/V10CC/V10CC_results","Set5","Top2",1,NA,"Primary cancer cells","Primary cancer cells"
"1738","GSE148071 NSCLC","/Users/macminiye/scRNA-seq_works/Cervix_scRNA_CTCs_project_use/panCTCs/bin/panCTC_classify/V10CC/V10CC_results","Set5","Top2",0.995,NA,"Primary cancer cells","Primary cancer cells"
"1739","GSE127465 NSCLC","/Users/macminiye/scRNA-seq_works/Cervix_scRNA_CTCs_project_use/panCTCs/bin/panCTC_classify/V10CC/V10CC_results","Set5","Top2",0.95,NA,"Primary cancer cells","Primary cancer cells"
"1740","GSE162025 NPC","/Users/macminiye/scRNA-seq_works/Cervix_scRNA_CTCs_project_use/panCTCs/bin/panCTC_classify/V10CC/V10CC_results","Set5","Top2",1,NA,"Primary cancer cells","Primary cancer cells"
"1741","GSE132465 CRC","/Users/macminiye/scRNA-seq_works/Cervix_scRNA_CTCs_project_use/panCTCs/bin/panCTC_classify/V10CC/V10CC_results","Set5","Top2",0.996,NA,"Primary cancer cells","Primary cancer cells"
"1742","GSE155698 PDAC","/Users/macminiye/scRNA-seq_works/Cervix_scRNA_CTCs_project_use/panCTCs/bin/panCTC_classify/V10CC/V10CC_results","Set5","Top2",1,NA,"Primary cancer cells","Primary cancer cells"
"1743","GSE173682 OVC","/Users/macminiye/scRNA-seq_works/Cervix_scRNA_CTCs_project_use/panCTCs/bin/panCTC_classify/V10CC/V10CC_results","Set5","Top2",0.996,NA,"Primary cancer cells","Primary cancer cells"
"1744","GSE173682 EC","/Users/macminiye/scRNA-seq_works/Cervix_scRNA_CTCs_project_use/panCTCs/bin/panCTC_classify/V10CC/V10CC_results","Set5","Top2",1,NA,"Primary cancer cells","Primary cancer cells"
"1745","GSE193337 PC","/Users/macminiye/scRNA-seq_works/Cervix_scRNA_CTCs_project_use/panCTCs/bin/panCTC_classify/V10CC/V10CC_results","Set5","Top2",1,NA,"Primary cancer cells","Primary cancer cells"
"1746","GSE149614 HCC","/Users/macminiye/scRNA-seq_works/Cervix_scRNA_CTCs_project_use/panCTCs/bin/panCTC_classify/V10CC/V10CC_results","Set5","Top2",1,NA,"Primary cancer cells","Primary cancer cells"
"1747","GSE173682 OVC","/Users/macminiye/scRNA-seq_works/Cervix_scRNA_CTCs_project_use/panCTCs/bin/panCTC_classify/V10CC/V10CC_results","Set5","Top2",1,NA,"Primary cancer cells","Primary cancer cells"
"1748","GSE173682 OVC","/Users/macminiye/scRNA-seq_works/Cervix_scRNA_CTCs_project_use/panCTCs/bin/panCTC_classify/V10CC/V10CC_results","Set5","Top2",1,NA,"Primary cancer cells","Primary cancer cells"
"1749","GSE178318 CRC","/Users/macminiye/scRNA-seq_works/Cervix_scRNA_CTCs_project_use/panCTCs/bin/panCTC_classify/V10CC/V10CC_results","Set5","Top2",1,NA,"Primary cancer cells","Primary cancer cells"
"1750","GSE150430 NPC","/Users/macminiye/scRNA-seq_works/Cervix_scRNA_CTCs_project_use/panCTCs/bin/panCTC_classify/V10CC/V10CC_results","Set5","Top2",1,NA,"Primary cancer cells","Primary cancer cells"
"1751","GSE215120 Melanoma","/Users/macminiye/scRNA-seq_works/Cervix_scRNA_CTCs_project_use/panCTCs/bin/panCTC_classify/V10CC/V10CC_results","Set5","Top2",0.998,NA,"Primary cancer cells","Primary cancer cells"
"1752","GSE176078 BC","/Users/macminiye/scRNA-seq_works/Cervix_scRNA_CTCs_project_use/panCTCs/bin/panCTC_classify/V10CC/V10CC_results","Set5","Top2",1,NA,"Primary cancer cells","Primary cancer cells"
"1753","GSE168652 CC","/Users/macminiye/scRNA-seq_works/Cervix_scRNA_CTCs_project_use/panCTCs/bin/panCTC_classify/V10CC/V10CC_results","Set5","Top2",0.99,NA,"Primary cancer cells","Primary cancer cells"
"1754","GSE150825 NPC","/Users/macminiye/scRNA-seq_works/Cervix_scRNA_CTCs_project_use/panCTCs/bin/panCTC_classify/V10CC/V10CC_results","Set5","Top2",0.95,NA,"Primary cancer cells","Primary cancer cells"
"1755","GSE173682 EC","/Users/macminiye/scRNA-seq_works/Cervix_scRNA_CTCs_project_use/panCTCs/bin/panCTC_classify/V10CC/V10CC_results","Set5","Top2",0.995,NA,"Primary cancer cells","Primary cancer cells"
"1756","GSE178318 CRC","/Users/macminiye/scRNA-seq_works/Cervix_scRNA_CTCs_project_use/panCTCs/bin/panCTC_classify/V10CC/V10CC_results","Set5","Top2",1,NA,"Primary cancer cells","Primary cancer cells"
"1757","GSE176031 PC","/Users/macminiye/scRNA-seq_works/Cervix_scRNA_CTCs_project_use/panCTCs/bin/panCTC_classify/V10CC/V10CC_results","Set5","Top2",1,NA,"Primary cancer cells","Primary cancer cells"
"1758","GSE173682 EC","/Users/macminiye/scRNA-seq_works/Cervix_scRNA_CTCs_project_use/panCTCs/bin/panCTC_classify/V10CC/V10CC_results","Set5","Top2",1,NA,"Primary cancer cells","Primary cancer cells"
"1759","GSE178318 CRC","/Users/macminiye/scRNA-seq_works/Cervix_scRNA_CTCs_project_use/panCTCs/bin/panCTC_classify/V10CC/V10CC_results","Set5","Top2",0.996,NA,"Primary cancer cells","Primary cancer cells"
"1760","GSE150430 NPC","/Users/macminiye/scRNA-seq_works/Cervix_scRNA_CTCs_project_use/panCTCs/bin/panCTC_classify/V10CC/V10CC_results","Set5","Top2",1,NA,"Primary cancer cells","Primary cancer cells"
"1761","GSE215120 Melanoma","/Users/macminiye/scRNA-seq_works/Cervix_scRNA_CTCs_project_use/panCTCs/bin/panCTC_classify/V10CC/V10CC_results","Set5","Top2",1,NA,"Primary cancer cells","Primary cancer cells"
"1762","GSE162025 NPC","/Users/macminiye/scRNA-seq_works/Cervix_scRNA_CTCs_project_use/panCTCs/bin/panCTC_classify/V10CC/V10CC_results","Set5","Top2",1,NA,"Primary cancer cells","Primary cancer cells"
"1763","GSM3946506 Melanoma","/Users/macminiye/scRNA-seq_works/Cervix_scRNA_CTCs_project_use/panCTCs/bin/panCTC_classify/V10CC/V10CC_results","Set5","Top2",1,NA,"Primary cancer cells","Primary cancer cells"
"1764","E-MTAB-11948 CC","/Users/macminiye/scRNA-seq_works/Cervix_scRNA_CTCs_project_use/panCTCs/bin/panCTC_classify/V10CC/V10CC_results","Set5","Top2",1,NA,"Primary cancer cells","Primary cancer cells"
"1765","GSE150430 NPC","/Users/macminiye/scRNA-seq_works/Cervix_scRNA_CTCs_project_use/panCTCs/bin/panCTC_classify/V10CC/V10CC_results","Set5","Top2",1,NA,"Primary cancer cells","Primary cancer cells"
"1766","GSE148071 NSCLC","/Users/macminiye/scRNA-seq_works/Cervix_scRNA_CTCs_project_use/panCTCs/bin/panCTC_classify/V10CC/V10CC_results","Set5","Top2",1,NA,"Primary cancer cells","Primary cancer cells"
"1767","GSE173682 EC","/Users/macminiye/scRNA-seq_works/Cervix_scRNA_CTCs_project_use/panCTCs/bin/panCTC_classify/V10CC/V10CC_results","Set5","Top2",0.998,NA,"Primary cancer cells","Primary cancer cells"
"1768","GSE150825 NPC","/Users/macminiye/scRNA-seq_works/Cervix_scRNA_CTCs_project_use/panCTCs/bin/panCTC_classify/V10CC/V10CC_results","Set5","Top2",0.94,NA,"Primary cancer cells","Primary cancer cells"
"1769","GSE148071 NSCLC","/Users/macminiye/scRNA-seq_works/Cervix_scRNA_CTCs_project_use/panCTCs/bin/panCTC_classify/V10CC/V10CC_results","Set5","Top2",1,NA,"Primary cancer cells","Primary cancer cells"
"1770","GSE132465 CRC","/Users/macminiye/scRNA-seq_works/Cervix_scRNA_CTCs_project_use/panCTCs/bin/panCTC_classify/V10CC/V10CC_results","Set5","Top2",1,NA,"Primary cancer cells","Primary cancer cells"
"1771","GSE168652 CC","/Users/macminiye/scRNA-seq_works/Cervix_scRNA_CTCs_project_use/panCTCs/bin/panCTC_classify/V10CC/V10CC_results","Set5","Top2",1,NA,"Primary cancer cells","Primary cancer cells"
"1772","GSE173682 OVC","/Users/macminiye/scRNA-seq_works/Cervix_scRNA_CTCs_project_use/panCTCs/bin/panCTC_classify/V10CC/V10CC_results","Set5","Top2",0.995,NA,"Primary cancer cells","Primary cancer cells"
"1773","GSE176031 PC","/Users/macminiye/scRNA-seq_works/Cervix_scRNA_CTCs_project_use/panCTCs/bin/panCTC_classify/V10CC/V10CC_results","Set5","Top2",1,NA,"Primary cancer cells","Primary cancer cells"
"1774","GSE173682 OVC","/Users/macminiye/scRNA-seq_works/Cervix_scRNA_CTCs_project_use/panCTCs/bin/panCTC_classify/V10CC/V10CC_results","Set5","Top2",0.98,NA,"Primary cancer cells","Primary cancer cells"
"1775","GSE127465 NSCLC","/Users/macminiye/scRNA-seq_works/Cervix_scRNA_CTCs_project_use/panCTCs/bin/panCTC_classify/V10CC/V10CC_results","Set5","Top2",1,NA,"Primary cancer cells","Primary cancer cells"
"1776","GSE168652 CC","/Users/macminiye/scRNA-seq_works/Cervix_scRNA_CTCs_project_use/panCTCs/bin/panCTC_classify/V10CC/V10CC_results","Set5","Top2",1,NA,"Primary cancer cells","Primary cancer cells"
"1777","GSE162025 NPC","/Users/macminiye/scRNA-seq_works/Cervix_scRNA_CTCs_project_use/panCTCs/bin/panCTC_classify/V10CC/V10CC_results","Set5","Top2",1,NA,"Primary cancer cells","Primary cancer cells"
"1778","GSE150430 NPC","/Users/macminiye/scRNA-seq_works/Cervix_scRNA_CTCs_project_use/panCTCs/bin/panCTC_classify/V10CC/V10CC_results","Set5","Top2",1,NA,"Primary cancer cells","Primary cancer cells"
"1779","OMIX001073 GC","/Users/macminiye/scRNA-seq_works/Cervix_scRNA_CTCs_project_use/panCTCs/bin/panCTC_classify/V10CC/V10CC_results","Set5","Top2",1,NA,"Primary cancer cells","Primary cancer cells"
"1780","GSE193337 PC","/Users/macminiye/scRNA-seq_works/Cervix_scRNA_CTCs_project_use/panCTCs/bin/panCTC_classify/V10CC/V10CC_results","Set5","Top2",0.98,NA,"Primary cancer cells","Primary cancer cells"
"1781","GSE215120 Melanoma","/Users/macminiye/scRNA-seq_works/Cervix_scRNA_CTCs_project_use/panCTCs/bin/panCTC_classify/V10CC/V10CC_results","Set5","Top2",1,NA,"Primary cancer cells","Primary cancer cells"
"1782","GSE132465 CRC","/Users/macminiye/scRNA-seq_works/Cervix_scRNA_CTCs_project_use/panCTCs/bin/panCTC_classify/V10CC/V10CC_results","Set5","Top2",1,NA,"Primary cancer cells","Primary cancer cells"
"1783","GSE148071 NSCLC","/Users/macminiye/scRNA-seq_works/Cervix_scRNA_CTCs_project_use/panCTCs/bin/panCTC_classify/V10CC/V10CC_results","Set5","Top2",1,NA,"Primary cancer cells","Primary cancer cells"
"1784","GSE148071 NSCLC","/Users/macminiye/scRNA-seq_works/Cervix_scRNA_CTCs_project_use/panCTCs/bin/panCTC_classify/V10CC/V10CC_results","Set5","Top2",1,NA,"Primary cancer cells","Primary cancer cells"
"1785","GSE176031 PC","/Users/macminiye/scRNA-seq_works/Cervix_scRNA_CTCs_project_use/panCTCs/bin/panCTC_classify/V10CC/V10CC_results","Set5","Top2",1,NA,"Primary cancer cells","Primary cancer cells"
"1786","GSE155698 PDAC","/Users/macminiye/scRNA-seq_works/Cervix_scRNA_CTCs_project_use/panCTCs/bin/panCTC_classify/V10CC/V10CC_results","Set5","Top2",1,NA,"Primary cancer cells","Primary cancer cells"
"1787","GSE168652 CC","/Users/macminiye/scRNA-seq_works/Cervix_scRNA_CTCs_project_use/panCTCs/bin/panCTC_classify/V10CC/V10CC_results","Set5","Top2",0.995,NA,"Primary cancer cells","Primary cancer cells"
"1788","GSE127465 NSCLC","/Users/macminiye/scRNA-seq_works/Cervix_scRNA_CTCs_project_use/panCTCs/bin/panCTC_classify/V10CC/V10CC_results","Set5","Top2",0.98,NA,"Primary cancer cells","Primary cancer cells"
"1789","GSE173682 EC","/Users/macminiye/scRNA-seq_works/Cervix_scRNA_CTCs_project_use/panCTCs/bin/panCTC_classify/V10CC/V10CC_results","Set5","Top2",1,NA,"Primary cancer cells","Primary cancer cells"
"1790","GSE149614 HCC","/Users/macminiye/scRNA-seq_works/Cervix_scRNA_CTCs_project_use/panCTCs/bin/panCTC_classify/V10CC/V10CC_results","Set5","Top2",1,NA,"Primary cancer cells","Primary cancer cells"
"1791","GSM3946506 Melanoma","/Users/macminiye/scRNA-seq_works/Cervix_scRNA_CTCs_project_use/panCTCs/bin/panCTC_classify/V10CC/V10CC_results","Set5","Top2",1,NA,"Primary cancer cells","Primary cancer cells"
"1792","GSE178318 CRC","/Users/macminiye/scRNA-seq_works/Cervix_scRNA_CTCs_project_use/panCTCs/bin/panCTC_classify/V10CC/V10CC_results","Set5","Top2",0.98,NA,"Primary cancer cells","Primary cancer cells"
"1793","GSE150430 NPC","/Users/macminiye/scRNA-seq_works/Cervix_scRNA_CTCs_project_use/panCTCs/bin/panCTC_classify/V10CC/V10CC_results","Set5","Top2",1,NA,"Primary cancer cells","Primary cancer cells"
"1794","GSE132465 CRC","/Users/macminiye/scRNA-seq_works/Cervix_scRNA_CTCs_project_use/panCTCs/bin/panCTC_classify/V10CC/V10CC_results","Set5","Top3",1,NA,"Primary cancer cells","Primary cancer cells"
"1795","GSE149614 HCC","/Users/macminiye/scRNA-seq_works/Cervix_scRNA_CTCs_project_use/panCTCs/bin/panCTC_classify/V10CC/V10CC_results","Set5","Top3",1,NA,"Primary cancer cells","Primary cancer cells"
"1796","OMIX001073 GC","/Users/macminiye/scRNA-seq_works/Cervix_scRNA_CTCs_project_use/panCTCs/bin/panCTC_classify/V10CC/V10CC_results","Set5","Top3",1,NA,"Primary cancer cells","Primary cancer cells"
"1797","GSE176078 BC","/Users/macminiye/scRNA-seq_works/Cervix_scRNA_CTCs_project_use/panCTCs/bin/panCTC_classify/V10CC/V10CC_results","Set5","Top3",1,NA,"Primary cancer cells","Primary cancer cells"
"1798","GSM3946506 Melanoma","/Users/macminiye/scRNA-seq_works/Cervix_scRNA_CTCs_project_use/panCTCs/bin/panCTC_classify/V10CC/V10CC_results","Set5","Top3",1,NA,"Primary cancer cells","Primary cancer cells"
"1799","GSE176078 BC","/Users/macminiye/scRNA-seq_works/Cervix_scRNA_CTCs_project_use/panCTCs/bin/panCTC_classify/V10CC/V10CC_results","Set5","Top3",1,NA,"Primary cancer cells","Primary cancer cells"
"1800","OMIX001073 GC","/Users/macminiye/scRNA-seq_works/Cervix_scRNA_CTCs_project_use/panCTCs/bin/panCTC_classify/V10CC/V10CC_results","Set5","Top3",1,NA,"Primary cancer cells","Primary cancer cells"
"1801","GSE150430 NPC","/Users/macminiye/scRNA-seq_works/Cervix_scRNA_CTCs_project_use/panCTCs/bin/panCTC_classify/V10CC/V10CC_results","Set5","Top3",1,NA,"Primary cancer cells","Primary cancer cells"
"1802","GSE155698 PDAC","/Users/macminiye/scRNA-seq_works/Cervix_scRNA_CTCs_project_use/panCTCs/bin/panCTC_classify/V10CC/V10CC_results","Set5","Top3",0.996,NA,"Primary cancer cells","Primary cancer cells"
"1803","E-MTAB-11948 CC","/Users/macminiye/scRNA-seq_works/Cervix_scRNA_CTCs_project_use/panCTCs/bin/panCTC_classify/V10CC/V10CC_results","Set5","Top3",1,NA,"Primary cancer cells","Primary cancer cells"
"1804","GSE149614 HCC","/Users/macminiye/scRNA-seq_works/Cervix_scRNA_CTCs_project_use/panCTCs/bin/panCTC_classify/V10CC/V10CC_results","Set5","Top3",1,NA,"Primary cancer cells","Primary cancer cells"
"1805","GSE215120 Melanoma","/Users/macminiye/scRNA-seq_works/Cervix_scRNA_CTCs_project_use/panCTCs/bin/panCTC_classify/V10CC/V10CC_results","Set5","Top3",1,NA,"Primary cancer cells","Primary cancer cells"
"1806","GSE132465 CRC","/Users/macminiye/scRNA-seq_works/Cervix_scRNA_CTCs_project_use/panCTCs/bin/panCTC_classify/V10CC/V10CC_results","Set5","Top3",1,NA,"Primary cancer cells","Primary cancer cells"
"1807","GSE148071 NSCLC","/Users/macminiye/scRNA-seq_works/Cervix_scRNA_CTCs_project_use/panCTCs/bin/panCTC_classify/V10CC/V10CC_results","Set5","Top3",1,NA,"Primary cancer cells","Primary cancer cells"
"1808","GSE176031 PC","/Users/macminiye/scRNA-seq_works/Cervix_scRNA_CTCs_project_use/panCTCs/bin/panCTC_classify/V10CC/V10CC_results","Set5","Top3",1,NA,"Primary cancer cells","Primary cancer cells"
"1809","GSE127465 NSCLC","/Users/macminiye/scRNA-seq_works/Cervix_scRNA_CTCs_project_use/panCTCs/bin/panCTC_classify/V10CC/V10CC_results","Set5","Top3",0.98,NA,"Primary cancer cells","Primary cancer cells"
"1810","GSE176078 BC","/Users/macminiye/scRNA-seq_works/Cervix_scRNA_CTCs_project_use/panCTCs/bin/panCTC_classify/V10CC/V10CC_results","Set5","Top3",1,NA,"Primary cancer cells","Primary cancer cells"
"1811","GSE168652 CC","/Users/macminiye/scRNA-seq_works/Cervix_scRNA_CTCs_project_use/panCTCs/bin/panCTC_classify/V10CC/V10CC_results","Set5","Top3",1,NA,"Primary cancer cells","Primary cancer cells"
"1812","GSE149614 HCC","/Users/macminiye/scRNA-seq_works/Cervix_scRNA_CTCs_project_use/panCTCs/bin/panCTC_classify/V10CC/V10CC_results","Set5","Top3",0.998,NA,"Primary cancer cells","Primary cancer cells"
"1813","E-MTAB-11948 CC","/Users/macminiye/scRNA-seq_works/Cervix_scRNA_CTCs_project_use/panCTCs/bin/panCTC_classify/V10CC/V10CC_results","Set5","Top3",1,NA,"Primary cancer cells","Primary cancer cells"
"1814","GSE155698 PDAC","/Users/macminiye/scRNA-seq_works/Cervix_scRNA_CTCs_project_use/panCTCs/bin/panCTC_classify/V10CC/V10CC_results","Set5","Top3",1,NA,"Primary cancer cells","Primary cancer cells"
"1815","GSE150825 NPC","/Users/macminiye/scRNA-seq_works/Cervix_scRNA_CTCs_project_use/panCTCs/bin/panCTC_classify/V10CC/V10CC_results","Set5","Top3",1,NA,"Primary cancer cells","Primary cancer cells"
"1816","GSE178318 CRC","/Users/macminiye/scRNA-seq_works/Cervix_scRNA_CTCs_project_use/panCTCs/bin/panCTC_classify/V10CC/V10CC_results","Set5","Top3",1,NA,"Primary cancer cells","Primary cancer cells"
"1817","GSE173682 EC","/Users/macminiye/scRNA-seq_works/Cervix_scRNA_CTCs_project_use/panCTCs/bin/panCTC_classify/V10CC/V10CC_results","Set5","Top3",1,NA,"Primary cancer cells","Primary cancer cells"
"1818","GSE193337 PC","/Users/macminiye/scRNA-seq_works/Cervix_scRNA_CTCs_project_use/panCTCs/bin/panCTC_classify/V10CC/V10CC_results","Set5","Top3",0.98,NA,"Primary cancer cells","Primary cancer cells"
"1819","GSE155698 PDAC","/Users/macminiye/scRNA-seq_works/Cervix_scRNA_CTCs_project_use/panCTCs/bin/panCTC_classify/V10CC/V10CC_results","Set5","Top3",0.98,NA,"Primary cancer cells","Primary cancer cells"
"1820","GSM3946506 Melanoma","/Users/macminiye/scRNA-seq_works/Cervix_scRNA_CTCs_project_use/panCTCs/bin/panCTC_classify/V10CC/V10CC_results","Set5","Top3",1,NA,"Primary cancer cells","Primary cancer cells"
"1821","E-MTAB-11948 CC","/Users/macminiye/scRNA-seq_works/Cervix_scRNA_CTCs_project_use/panCTCs/bin/panCTC_classify/V10CC/V10CC_results","Set5","Top3",1,NA,"Primary cancer cells","Primary cancer cells"
"1822","OMIX001073 GC","/Users/macminiye/scRNA-seq_works/Cervix_scRNA_CTCs_project_use/panCTCs/bin/panCTC_classify/V10CC/V10CC_results","Set5","Top3",1,NA,"Primary cancer cells","Primary cancer cells"
"1823","GSE173682 OVC","/Users/macminiye/scRNA-seq_works/Cervix_scRNA_CTCs_project_use/panCTCs/bin/panCTC_classify/V10CC/V10CC_results","Set5","Top3",1,NA,"Primary cancer cells","Primary cancer cells"
"1824","GSE168652 CC","/Users/macminiye/scRNA-seq_works/Cervix_scRNA_CTCs_project_use/panCTCs/bin/panCTC_classify/V10CC/V10CC_results","Set5","Top3",0.98,NA,"Primary cancer cells","Primary cancer cells"
"1825","GSE176078 BC","/Users/macminiye/scRNA-seq_works/Cervix_scRNA_CTCs_project_use/panCTCs/bin/panCTC_classify/V10CC/V10CC_results","Set5","Top3",1,NA,"Primary cancer cells","Primary cancer cells"
"1826","GSE150825 NPC","/Users/macminiye/scRNA-seq_works/Cervix_scRNA_CTCs_project_use/panCTCs/bin/panCTC_classify/V10CC/V10CC_results","Set5","Top3",1,NA,"Primary cancer cells","Primary cancer cells"
"1827","OMIX001073 GC","/Users/macminiye/scRNA-seq_works/Cervix_scRNA_CTCs_project_use/panCTCs/bin/panCTC_classify/V10CC/V10CC_results","Set5","Top3",0.995,NA,"Primary cancer cells","Primary cancer cells"
"1828","OMIX001073 GC","/Users/macminiye/scRNA-seq_works/Cervix_scRNA_CTCs_project_use/panCTCs/bin/panCTC_classify/V10CC/V10CC_results","Set5","Top3",1,NA,"Primary cancer cells","Primary cancer cells"
"1829","E-MTAB-11948 CC","/Users/macminiye/scRNA-seq_works/Cervix_scRNA_CTCs_project_use/panCTCs/bin/panCTC_classify/V10CC/V10CC_results","Set5","Top3",1,NA,"Primary cancer cells","Primary cancer cells"
"1830","GSE162025 NPC","/Users/macminiye/scRNA-seq_works/Cervix_scRNA_CTCs_project_use/panCTCs/bin/panCTC_classify/V10CC/V10CC_results","Set5","Top3",1,NA,"Primary cancer cells","Primary cancer cells"
"1831","GSE176078 BC","/Users/macminiye/scRNA-seq_works/Cervix_scRNA_CTCs_project_use/panCTCs/bin/panCTC_classify/V10CC/V10CC_results","Set5","Top3",1,NA,"Primary cancer cells","Primary cancer cells"
"1832","GSE155698 PDAC","/Users/macminiye/scRNA-seq_works/Cervix_scRNA_CTCs_project_use/panCTCs/bin/panCTC_classify/V10CC/V10CC_results","Set5","Top3",1,NA,"Primary cancer cells","Primary cancer cells"
"1833","GSE149614 HCC","/Users/macminiye/scRNA-seq_works/Cervix_scRNA_CTCs_project_use/panCTCs/bin/panCTC_classify/V10CC/V10CC_results","Set5","Top3",1,NA,"Primary cancer cells","Primary cancer cells"
"1834","E-MTAB-11948 CC","/Users/macminiye/scRNA-seq_works/Cervix_scRNA_CTCs_project_use/panCTCs/bin/panCTC_classify/V10CC/V10CC_results","Set5","Top3",1,NA,"Primary cancer cells","Primary cancer cells"
"1835","GSE178318 CRC","/Users/macminiye/scRNA-seq_works/Cervix_scRNA_CTCs_project_use/panCTCs/bin/panCTC_classify/V10CC/V10CC_results","Set5","Top3",1,NA,"Primary cancer cells","Primary cancer cells"
"1836","GSE176078 BC","/Users/macminiye/scRNA-seq_works/Cervix_scRNA_CTCs_project_use/panCTCs/bin/panCTC_classify/V10CC/V10CC_results","Set5","Top3",0.998,NA,"Primary cancer cells","Primary cancer cells"
"1837","GSM3946506 Melanoma","/Users/macminiye/scRNA-seq_works/Cervix_scRNA_CTCs_project_use/panCTCs/bin/panCTC_classify/V10CC/V10CC_results","Set5","Top3",1,NA,"Primary cancer cells","Primary cancer cells"
"1838","GSE155698 PDAC","/Users/macminiye/scRNA-seq_works/Cervix_scRNA_CTCs_project_use/panCTCs/bin/panCTC_classify/V10CC/V10CC_results","Set5","Top3",0.99,NA,"Primary cancer cells","Primary cancer cells"
"1839","GSE215120 Melanoma","/Users/macminiye/scRNA-seq_works/Cervix_scRNA_CTCs_project_use/panCTCs/bin/panCTC_classify/V10CC/V10CC_results","Set5","Top3",1,NA,"Primary cancer cells","Primary cancer cells"
"1840","GSE149614 HCC","/Users/macminiye/scRNA-seq_works/Cervix_scRNA_CTCs_project_use/panCTCs/bin/panCTC_classify/V10CC/V10CC_results","Set5","Top3",0.98,NA,"Primary cancer cells","Primary cancer cells"
"1841","GSE127465 NSCLC","/Users/macminiye/scRNA-seq_works/Cervix_scRNA_CTCs_project_use/panCTCs/bin/panCTC_classify/V10CC/V10CC_results","Set5","Top3",0.98,NA,"Primary cancer cells","Primary cancer cells"
"1842","GSE127465 NSCLC","/Users/macminiye/scRNA-seq_works/Cervix_scRNA_CTCs_project_use/panCTCs/bin/panCTC_classify/V10CC/V10CC_results","Set5","Top3",1,NA,"Primary cancer cells","Primary cancer cells"
"1843","GSE176031 PC","/Users/macminiye/scRNA-seq_works/Cervix_scRNA_CTCs_project_use/panCTCs/bin/panCTC_classify/V10CC/V10CC_results","Set5","Top3",1,NA,"Primary cancer cells","Primary cancer cells"
"1844","GSE148071 NSCLC","/Users/macminiye/scRNA-seq_works/Cervix_scRNA_CTCs_project_use/panCTCs/bin/panCTC_classify/V10CC/V10CC_results","Set5","Top3",1,NA,"Primary cancer cells","Primary cancer cells"
"1845","GSE193337 PC","/Users/macminiye/scRNA-seq_works/Cervix_scRNA_CTCs_project_use/panCTCs/bin/panCTC_classify/V10CC/V10CC_results","Set5","Top3",1,NA,"Primary cancer cells","Primary cancer cells"
"1846","OMIX001073 GC","/Users/macminiye/scRNA-seq_works/Cervix_scRNA_CTCs_project_use/panCTCs/bin/panCTC_classify/V10CC/V10CC_results","Set5","Top3",1,NA,"Primary cancer cells","Primary cancer cells"
"1847","GSE173682 EC","/Users/macminiye/scRNA-seq_works/Cervix_scRNA_CTCs_project_use/panCTCs/bin/panCTC_classify/V10CC/V10CC_results","Set5","Top3",1,NA,"Primary cancer cells","Primary cancer cells"
"1848","GSE193337 PC","/Users/macminiye/scRNA-seq_works/Cervix_scRNA_CTCs_project_use/panCTCs/bin/panCTC_classify/V10CC/V10CC_results","Set5","Top3",0.99,NA,"Primary cancer cells","Primary cancer cells"
"1849","GSE168652 CC","/Users/macminiye/scRNA-seq_works/Cervix_scRNA_CTCs_project_use/panCTCs/bin/panCTC_classify/V10CC/V10CC_results","Set5","Top3",0.998,NA,"Primary cancer cells","Primary cancer cells"
"1850","E-MTAB-11948 CC","/Users/macminiye/scRNA-seq_works/Cervix_scRNA_CTCs_project_use/panCTCs/bin/panCTC_classify/V10CC/V10CC_results","Set5","Top3",1,NA,"Primary cancer cells","Primary cancer cells"
"1851","GSM3946506 Melanoma","/Users/macminiye/scRNA-seq_works/Cervix_scRNA_CTCs_project_use/panCTCs/bin/panCTC_classify/V10CC/V10CC_results","Set5","Top3",1,NA,"Primary cancer cells","Primary cancer cells"
"1852","GSE132465 CRC","/Users/macminiye/scRNA-seq_works/Cervix_scRNA_CTCs_project_use/panCTCs/bin/panCTC_classify/V10CC/V10CC_results","Set5","Top3",1,NA,"Primary cancer cells","Primary cancer cells"
"1853","GSE215120 Melanoma","/Users/macminiye/scRNA-seq_works/Cervix_scRNA_CTCs_project_use/panCTCs/bin/panCTC_classify/V10CC/V10CC_results","Set5","Top3",1,NA,"Primary cancer cells","Primary cancer cells"
"1854","GSE193337 PC","/Users/macminiye/scRNA-seq_works/Cervix_scRNA_CTCs_project_use/panCTCs/bin/panCTC_classify/V10CC/V10CC_results","Set5","Top3",1,NA,"Primary cancer cells","Primary cancer cells"
"1855","GSE150430 NPC","/Users/macminiye/scRNA-seq_works/Cervix_scRNA_CTCs_project_use/panCTCs/bin/panCTC_classify/V10CC/V10CC_results","Set5","Top3",1,NA,"Primary cancer cells","Primary cancer cells"
"1856","GSE215120 Melanoma","/Users/macminiye/scRNA-seq_works/Cervix_scRNA_CTCs_project_use/panCTCs/bin/panCTC_classify/V10CC/V10CC_results","Set5","Top3",1,NA,"Primary cancer cells","Primary cancer cells"
"1857","GSE162025 NPC","/Users/macminiye/scRNA-seq_works/Cervix_scRNA_CTCs_project_use/panCTCs/bin/panCTC_classify/V10CC/V10CC_results","Set5","Top3",1,NA,"Primary cancer cells","Primary cancer cells"
"1858","GSE178318 CRC","/Users/macminiye/scRNA-seq_works/Cervix_scRNA_CTCs_project_use/panCTCs/bin/panCTC_classify/V10CC/V10CC_results","Set5","Top3",1,NA,"Primary cancer cells","Primary cancer cells"
"1859","GSE173682 OVC","/Users/macminiye/scRNA-seq_works/Cervix_scRNA_CTCs_project_use/panCTCs/bin/panCTC_classify/V10CC/V10CC_results","Set5","Top3",1,NA,"Primary cancer cells","Primary cancer cells"
"1860","GSE132465 CRC","/Users/macminiye/scRNA-seq_works/Cervix_scRNA_CTCs_project_use/panCTCs/bin/panCTC_classify/V10CC/V10CC_results","Set5","Top3",1,NA,"Primary cancer cells","Primary cancer cells"
"1861","GSE176031 PC","/Users/macminiye/scRNA-seq_works/Cervix_scRNA_CTCs_project_use/panCTCs/bin/panCTC_classify/V10CC/V10CC_results","Set5","Top3",1,NA,"Primary cancer cells","Primary cancer cells"
"1862","GSE148071 NSCLC","/Users/macminiye/scRNA-seq_works/Cervix_scRNA_CTCs_project_use/panCTCs/bin/panCTC_classify/V10CC/V10CC_results","Set5","Top3",1,NA,"Primary cancer cells","Primary cancer cells"
"1863","GSE127465 NSCLC","/Users/macminiye/scRNA-seq_works/Cervix_scRNA_CTCs_project_use/panCTCs/bin/panCTC_classify/V10CC/V10CC_results","Set5","Top3",1,NA,"Primary cancer cells","Primary cancer cells"
"1864","GSE162025 NPC","/Users/macminiye/scRNA-seq_works/Cervix_scRNA_CTCs_project_use/panCTCs/bin/panCTC_classify/V10CC/V10CC_results","Set5","Top3",1,NA,"Primary cancer cells","Primary cancer cells"
"1865","GSE132465 CRC","/Users/macminiye/scRNA-seq_works/Cervix_scRNA_CTCs_project_use/panCTCs/bin/panCTC_classify/V10CC/V10CC_results","Set5","Top3",0.998,NA,"Primary cancer cells","Primary cancer cells"
"1866","GSE155698 PDAC","/Users/macminiye/scRNA-seq_works/Cervix_scRNA_CTCs_project_use/panCTCs/bin/panCTC_classify/V10CC/V10CC_results","Set5","Top3",1,NA,"Primary cancer cells","Primary cancer cells"
"1867","GSE173682 OVC","/Users/macminiye/scRNA-seq_works/Cervix_scRNA_CTCs_project_use/panCTCs/bin/panCTC_classify/V10CC/V10CC_results","Set5","Top3",1,NA,"Primary cancer cells","Primary cancer cells"
"1868","GSE173682 EC","/Users/macminiye/scRNA-seq_works/Cervix_scRNA_CTCs_project_use/panCTCs/bin/panCTC_classify/V10CC/V10CC_results","Set5","Top3",1,NA,"Primary cancer cells","Primary cancer cells"
"1869","GSE193337 PC","/Users/macminiye/scRNA-seq_works/Cervix_scRNA_CTCs_project_use/panCTCs/bin/panCTC_classify/V10CC/V10CC_results","Set5","Top3",1,NA,"Primary cancer cells","Primary cancer cells"
"1870","GSE149614 HCC","/Users/macminiye/scRNA-seq_works/Cervix_scRNA_CTCs_project_use/panCTCs/bin/panCTC_classify/V10CC/V10CC_results","Set5","Top3",1,NA,"Primary cancer cells","Primary cancer cells"
"1871","GSE173682 OVC","/Users/macminiye/scRNA-seq_works/Cervix_scRNA_CTCs_project_use/panCTCs/bin/panCTC_classify/V10CC/V10CC_results","Set5","Top3",1,NA,"Primary cancer cells","Primary cancer cells"
"1872","GSE173682 OVC","/Users/macminiye/scRNA-seq_works/Cervix_scRNA_CTCs_project_use/panCTCs/bin/panCTC_classify/V10CC/V10CC_results","Set5","Top3",1,NA,"Primary cancer cells","Primary cancer cells"
"1873","GSE178318 CRC","/Users/macminiye/scRNA-seq_works/Cervix_scRNA_CTCs_project_use/panCTCs/bin/panCTC_classify/V10CC/V10CC_results","Set5","Top3",1,NA,"Primary cancer cells","Primary cancer cells"
"1874","GSE150430 NPC","/Users/macminiye/scRNA-seq_works/Cervix_scRNA_CTCs_project_use/panCTCs/bin/panCTC_classify/V10CC/V10CC_results","Set5","Top3",1,NA,"Primary cancer cells","Primary cancer cells"
"1875","GSE215120 Melanoma","/Users/macminiye/scRNA-seq_works/Cervix_scRNA_CTCs_project_use/panCTCs/bin/panCTC_classify/V10CC/V10CC_results","Set5","Top3",0.998,NA,"Primary cancer cells","Primary cancer cells"
"1876","GSE176078 BC","/Users/macminiye/scRNA-seq_works/Cervix_scRNA_CTCs_project_use/panCTCs/bin/panCTC_classify/V10CC/V10CC_results","Set5","Top3",1,NA,"Primary cancer cells","Primary cancer cells"
"1877","GSE168652 CC","/Users/macminiye/scRNA-seq_works/Cervix_scRNA_CTCs_project_use/panCTCs/bin/panCTC_classify/V10CC/V10CC_results","Set5","Top3",0.99,NA,"Primary cancer cells","Primary cancer cells"
"1878","GSE150825 NPC","/Users/macminiye/scRNA-seq_works/Cervix_scRNA_CTCs_project_use/panCTCs/bin/panCTC_classify/V10CC/V10CC_results","Set5","Top3",0.95,NA,"Primary cancer cells","Primary cancer cells"
"1879","GSE173682 EC","/Users/macminiye/scRNA-seq_works/Cervix_scRNA_CTCs_project_use/panCTCs/bin/panCTC_classify/V10CC/V10CC_results","Set5","Top3",0.995,NA,"Primary cancer cells","Primary cancer cells"
"1880","GSE178318 CRC","/Users/macminiye/scRNA-seq_works/Cervix_scRNA_CTCs_project_use/panCTCs/bin/panCTC_classify/V10CC/V10CC_results","Set5","Top3",1,NA,"Primary cancer cells","Primary cancer cells"
"1881","GSE176031 PC","/Users/macminiye/scRNA-seq_works/Cervix_scRNA_CTCs_project_use/panCTCs/bin/panCTC_classify/V10CC/V10CC_results","Set5","Top3",1,NA,"Primary cancer cells","Primary cancer cells"
"1882","GSE173682 EC","/Users/macminiye/scRNA-seq_works/Cervix_scRNA_CTCs_project_use/panCTCs/bin/panCTC_classify/V10CC/V10CC_results","Set5","Top3",1,NA,"Primary cancer cells","Primary cancer cells"
"1883","GSE178318 CRC","/Users/macminiye/scRNA-seq_works/Cervix_scRNA_CTCs_project_use/panCTCs/bin/panCTC_classify/V10CC/V10CC_results","Set5","Top3",1,NA,"Primary cancer cells","Primary cancer cells"
"1884","GSE150430 NPC","/Users/macminiye/scRNA-seq_works/Cervix_scRNA_CTCs_project_use/panCTCs/bin/panCTC_classify/V10CC/V10CC_results","Set5","Top3",1,NA,"Primary cancer cells","Primary cancer cells"
"1885","GSE215120 Melanoma","/Users/macminiye/scRNA-seq_works/Cervix_scRNA_CTCs_project_use/panCTCs/bin/panCTC_classify/V10CC/V10CC_results","Set5","Top3",1,NA,"Primary cancer cells","Primary cancer cells"
"1886","GSE162025 NPC","/Users/macminiye/scRNA-seq_works/Cervix_scRNA_CTCs_project_use/panCTCs/bin/panCTC_classify/V10CC/V10CC_results","Set5","Top3",1,NA,"Primary cancer cells","Primary cancer cells"
"1887","GSM3946506 Melanoma","/Users/macminiye/scRNA-seq_works/Cervix_scRNA_CTCs_project_use/panCTCs/bin/panCTC_classify/V10CC/V10CC_results","Set5","Top3",1,NA,"Primary cancer cells","Primary cancer cells"
"1888","E-MTAB-11948 CC","/Users/macminiye/scRNA-seq_works/Cervix_scRNA_CTCs_project_use/panCTCs/bin/panCTC_classify/V10CC/V10CC_results","Set5","Top3",1,NA,"Primary cancer cells","Primary cancer cells"
"1889","GSE150430 NPC","/Users/macminiye/scRNA-seq_works/Cervix_scRNA_CTCs_project_use/panCTCs/bin/panCTC_classify/V10CC/V10CC_results","Set5","Top3",1,NA,"Primary cancer cells","Primary cancer cells"
"1890","GSE148071 NSCLC","/Users/macminiye/scRNA-seq_works/Cervix_scRNA_CTCs_project_use/panCTCs/bin/panCTC_classify/V10CC/V10CC_results","Set5","Top3",1,NA,"Primary cancer cells","Primary cancer cells"
"1891","GSE173682 EC","/Users/macminiye/scRNA-seq_works/Cervix_scRNA_CTCs_project_use/panCTCs/bin/panCTC_classify/V10CC/V10CC_results","Set5","Top3",0.998,NA,"Primary cancer cells","Primary cancer cells"
"1892","GSE150825 NPC","/Users/macminiye/scRNA-seq_works/Cervix_scRNA_CTCs_project_use/panCTCs/bin/panCTC_classify/V10CC/V10CC_results","Set5","Top3",0.96,NA,"Primary cancer cells","Primary cancer cells"
"1893","GSE148071 NSCLC","/Users/macminiye/scRNA-seq_works/Cervix_scRNA_CTCs_project_use/panCTCs/bin/panCTC_classify/V10CC/V10CC_results","Set5","Top3",1,NA,"Primary cancer cells","Primary cancer cells"
"1894","GSE132465 CRC","/Users/macminiye/scRNA-seq_works/Cervix_scRNA_CTCs_project_use/panCTCs/bin/panCTC_classify/V10CC/V10CC_results","Set5","Top3",1,NA,"Primary cancer cells","Primary cancer cells"
"1895","GSE168652 CC","/Users/macminiye/scRNA-seq_works/Cervix_scRNA_CTCs_project_use/panCTCs/bin/panCTC_classify/V10CC/V10CC_results","Set5","Top3",1,NA,"Primary cancer cells","Primary cancer cells"
"1896","GSE173682 OVC","/Users/macminiye/scRNA-seq_works/Cervix_scRNA_CTCs_project_use/panCTCs/bin/panCTC_classify/V10CC/V10CC_results","Set5","Top3",1,NA,"Primary cancer cells","Primary cancer cells"
"1897","GSE176031 PC","/Users/macminiye/scRNA-seq_works/Cervix_scRNA_CTCs_project_use/panCTCs/bin/panCTC_classify/V10CC/V10CC_results","Set5","Top3",1,NA,"Primary cancer cells","Primary cancer cells"
"1898","GSE173682 OVC","/Users/macminiye/scRNA-seq_works/Cervix_scRNA_CTCs_project_use/panCTCs/bin/panCTC_classify/V10CC/V10CC_results","Set5","Top3",1,NA,"Primary cancer cells","Primary cancer cells"
"1899","GSE127465 NSCLC","/Users/macminiye/scRNA-seq_works/Cervix_scRNA_CTCs_project_use/panCTCs/bin/panCTC_classify/V10CC/V10CC_results","Set5","Top3",1,NA,"Primary cancer cells","Primary cancer cells"
"1900","GSE168652 CC","/Users/macminiye/scRNA-seq_works/Cervix_scRNA_CTCs_project_use/panCTCs/bin/panCTC_classify/V10CC/V10CC_results","Set5","Top3",1,NA,"Primary cancer cells","Primary cancer cells"
"1901","GSE162025 NPC","/Users/macminiye/scRNA-seq_works/Cervix_scRNA_CTCs_project_use/panCTCs/bin/panCTC_classify/V10CC/V10CC_results","Set5","Top3",1,NA,"Primary cancer cells","Primary cancer cells"
"1902","GSE150430 NPC","/Users/macminiye/scRNA-seq_works/Cervix_scRNA_CTCs_project_use/panCTCs/bin/panCTC_classify/V10CC/V10CC_results","Set5","Top3",1,NA,"Primary cancer cells","Primary cancer cells"
"1903","OMIX001073 GC","/Users/macminiye/scRNA-seq_works/Cervix_scRNA_CTCs_project_use/panCTCs/bin/panCTC_classify/V10CC/V10CC_results","Set5","Top3",1,NA,"Primary cancer cells","Primary cancer cells"
"1904","GSE193337 PC","/Users/macminiye/scRNA-seq_works/Cervix_scRNA_CTCs_project_use/panCTCs/bin/panCTC_classify/V10CC/V10CC_results","Set5","Top3",1,NA,"Primary cancer cells","Primary cancer cells"
"1905","GSE215120 Melanoma","/Users/macminiye/scRNA-seq_works/Cervix_scRNA_CTCs_project_use/panCTCs/bin/panCTC_classify/V10CC/V10CC_results","Set5","Top3",1,NA,"Primary cancer cells","Primary cancer cells"
"1906","GSE132465 CRC","/Users/macminiye/scRNA-seq_works/Cervix_scRNA_CTCs_project_use/panCTCs/bin/panCTC_classify/V10CC/V10CC_results","Set5","Top3",1,NA,"Primary cancer cells","Primary cancer cells"
"1907","GSE148071 NSCLC","/Users/macminiye/scRNA-seq_works/Cervix_scRNA_CTCs_project_use/panCTCs/bin/panCTC_classify/V10CC/V10CC_results","Set5","Top3",1,NA,"Primary cancer cells","Primary cancer cells"
"1908","GSE148071 NSCLC","/Users/macminiye/scRNA-seq_works/Cervix_scRNA_CTCs_project_use/panCTCs/bin/panCTC_classify/V10CC/V10CC_results","Set5","Top3",1,NA,"Primary cancer cells","Primary cancer cells"
"1909","GSE176031 PC","/Users/macminiye/scRNA-seq_works/Cervix_scRNA_CTCs_project_use/panCTCs/bin/panCTC_classify/V10CC/V10CC_results","Set5","Top3",1,NA,"Primary cancer cells","Primary cancer cells"
"1910","GSE155698 PDAC","/Users/macminiye/scRNA-seq_works/Cervix_scRNA_CTCs_project_use/panCTCs/bin/panCTC_classify/V10CC/V10CC_results","Set5","Top3",1,NA,"Primary cancer cells","Primary cancer cells"
"1911","GSE168652 CC","/Users/macminiye/scRNA-seq_works/Cervix_scRNA_CTCs_project_use/panCTCs/bin/panCTC_classify/V10CC/V10CC_results","Set5","Top3",0.995,NA,"Primary cancer cells","Primary cancer cells"
"1912","GSE127465 NSCLC","/Users/macminiye/scRNA-seq_works/Cervix_scRNA_CTCs_project_use/panCTCs/bin/panCTC_classify/V10CC/V10CC_results","Set5","Top3",1,NA,"Primary cancer cells","Primary cancer cells"
"1913","GSE173682 EC","/Users/macminiye/scRNA-seq_works/Cervix_scRNA_CTCs_project_use/panCTCs/bin/panCTC_classify/V10CC/V10CC_results","Set5","Top3",1,NA,"Primary cancer cells","Primary cancer cells"
"1914","GSE149614 HCC","/Users/macminiye/scRNA-seq_works/Cervix_scRNA_CTCs_project_use/panCTCs/bin/panCTC_classify/V10CC/V10CC_results","Set5","Top3",1,NA,"Primary cancer cells","Primary cancer cells"
"1915","GSM3946506 Melanoma","/Users/macminiye/scRNA-seq_works/Cervix_scRNA_CTCs_project_use/panCTCs/bin/panCTC_classify/V10CC/V10CC_results","Set5","Top3",1,NA,"Primary cancer cells","Primary cancer cells"
"1916","GSE178318 CRC","/Users/macminiye/scRNA-seq_works/Cervix_scRNA_CTCs_project_use/panCTCs/bin/panCTC_classify/V10CC/V10CC_results","Set5","Top3",1,NA,"Primary cancer cells","Primary cancer cells"
"1917","GSE150430 NPC","/Users/macminiye/scRNA-seq_works/Cervix_scRNA_CTCs_project_use/panCTCs/bin/panCTC_classify/V10CC/V10CC_results","Set5","Top3",1,NA,"Primary cancer cells","Primary cancer cells"
"1918","10X-seq PreT1 CC","/Users/macminiye/scRNA-seq_works/Cervix_scRNA_CTCs_project_use/panCTCs/bin/panCTC_classify/V10CC/V10CC_results","Set1","Top1",1,NA,"Primary cancer cells","Primary cancer cells"
"1919","10X-seq PreT2 CC","/Users/macminiye/scRNA-seq_works/Cervix_scRNA_CTCs_project_use/panCTCs/bin/panCTC_classify/V10CC/V10CC_results","Set1","Top1",0.96,NA,"Primary cancer cells","Primary cancer cells"
"1920","10X-seq T3Dur3 CC","/Users/macminiye/scRNA-seq_works/Cervix_scRNA_CTCs_project_use/panCTCs/bin/panCTC_classify/V10CC/V10CC_results","Set1","Top1",1,NA,"Primary cancer cells","Primary cancer cells"
"1921","10X-seq PreT1 CC","/Users/macminiye/scRNA-seq_works/Cervix_scRNA_CTCs_project_use/panCTCs/bin/panCTC_classify/V10CC/V10CC_results","Set1","Top1",1,NA,"Primary cancer cells","Primary cancer cells"
"1922","10X-seq PreT1 CC","/Users/macminiye/scRNA-seq_works/Cervix_scRNA_CTCs_project_use/panCTCs/bin/panCTC_classify/V10CC/V10CC_results","Set1","Top1",1,NA,"Primary cancer cells","Primary cancer cells"
"1923","10X-seq PreT2 CC","/Users/macminiye/scRNA-seq_works/Cervix_scRNA_CTCs_project_use/panCTCs/bin/panCTC_classify/V10CC/V10CC_results","Set1","Top1",0.98,NA,"Primary cancer cells","Primary cancer cells"
"1924","10X-seq T2Dur3 CC","/Users/macminiye/scRNA-seq_works/Cervix_scRNA_CTCs_project_use/panCTCs/bin/panCTC_classify/V10CC/V10CC_results","Set1","Top1",1,NA,"Primary cancer cells","Primary cancer cells"
"1925","10X-seq T3Dur3 CC","/Users/macminiye/scRNA-seq_works/Cervix_scRNA_CTCs_project_use/panCTCs/bin/panCTC_classify/V10CC/V10CC_results","Set1","Top1",1,NA,"Primary cancer cells","Primary cancer cells"
"1926","10X-seq PreT2 CC","/Users/macminiye/scRNA-seq_works/Cervix_scRNA_CTCs_project_use/panCTCs/bin/panCTC_classify/V10CC/V10CC_results","Set1","Top1",0.986,NA,"Primary cancer cells","Primary cancer cells"
"1927","10X-seq PreT3 CC","/Users/macminiye/scRNA-seq_works/Cervix_scRNA_CTCs_project_use/panCTCs/bin/panCTC_classify/V10CC/V10CC_results","Set1","Top1",1,NA,"Primary cancer cells","Primary cancer cells"
"1928","10X-seq PreT1 CC","/Users/macminiye/scRNA-seq_works/Cervix_scRNA_CTCs_project_use/panCTCs/bin/panCTC_classify/V10CC/V10CC_results","Set1","Top1",1,NA,"Primary cancer cells","Primary cancer cells"
"1929","10X-seq Tumorhn115 CC","/Users/macminiye/scRNA-seq_works/Cervix_scRNA_CTCs_project_use/panCTCs/bin/panCTC_classify/V10CC/V10CC_results","Set1","Top1",1,NA,"Primary cancer cells","Primary cancer cells"
"1930","10X-seq Tumorhn115 CC","/Users/macminiye/scRNA-seq_works/Cervix_scRNA_CTCs_project_use/panCTCs/bin/panCTC_classify/V10CC/V10CC_results","Set1","Top1",1,NA,"Primary cancer cells","Primary cancer cells"
"1931","10X-seq PreT3 CC","/Users/macminiye/scRNA-seq_works/Cervix_scRNA_CTCs_project_use/panCTCs/bin/panCTC_classify/V10CC/V10CC_results","Set1","Top1",1,NA,"Primary cancer cells","Primary cancer cells"
"1932","10X-seq Tumorhn115 CC","/Users/macminiye/scRNA-seq_works/Cervix_scRNA_CTCs_project_use/panCTCs/bin/panCTC_classify/V10CC/V10CC_results","Set1","Top1",1,NA,"Primary cancer cells","Primary cancer cells"
"1933","10X-seq PreT2 CC","/Users/macminiye/scRNA-seq_works/Cervix_scRNA_CTCs_project_use/panCTCs/bin/panCTC_classify/V10CC/V10CC_results","Set1","Top1",0.99,NA,"Primary cancer cells","Primary cancer cells"
"1934","10X-seq T2Dur3 CC","/Users/macminiye/scRNA-seq_works/Cervix_scRNA_CTCs_project_use/panCTCs/bin/panCTC_classify/V10CC/V10CC_results","Set1","Top1",1,NA,"Primary cancer cells","Primary cancer cells"
"1935","10X-seq PreT1 CC","/Users/macminiye/scRNA-seq_works/Cervix_scRNA_CTCs_project_use/panCTCs/bin/panCTC_classify/V10CC/V10CC_results","Set1","Top1",1,NA,"Primary cancer cells","Primary cancer cells"
"1936","10X-seq PreT2 CC","/Users/macminiye/scRNA-seq_works/Cervix_scRNA_CTCs_project_use/panCTCs/bin/panCTC_classify/V10CC/V10CC_results","Set1","Top1",0.9,NA,"Primary cancer cells","Primary cancer cells"
"1937","10X-seq PreT1 CC","/Users/macminiye/scRNA-seq_works/Cervix_scRNA_CTCs_project_use/panCTCs/bin/panCTC_classify/V10CC/V10CC_results","Set1","Top1",0.98,NA,"Primary cancer cells","Primary cancer cells"
"1938","10X-seq T2Dur3 CC","/Users/macminiye/scRNA-seq_works/Cervix_scRNA_CTCs_project_use/panCTCs/bin/panCTC_classify/V10CC/V10CC_results","Set1","Top1",0.9,NA,"Primary cancer cells","Primary cancer cells"
"1939","10X-seq T3Dur3 CC","/Users/macminiye/scRNA-seq_works/Cervix_scRNA_CTCs_project_use/panCTCs/bin/panCTC_classify/V10CC/V10CC_results","Set1","Top1",1,NA,"Primary cancer cells","Primary cancer cells"
"1940","10X-seq T2Dur3 CC","/Users/macminiye/scRNA-seq_works/Cervix_scRNA_CTCs_project_use/panCTCs/bin/panCTC_classify/V10CC/V10CC_results","Set1","Top1",0.8,NA,"Primary cancer cells","Primary cancer cells"
"1941","10X-seq PreT3 CC","/Users/macminiye/scRNA-seq_works/Cervix_scRNA_CTCs_project_use/panCTCs/bin/panCTC_classify/V10CC/V10CC_results","Set1","Top1",1,NA,"Primary cancer cells","Primary cancer cells"
"1942","10X-seq T3Dur3 CC","/Users/macminiye/scRNA-seq_works/Cervix_scRNA_CTCs_project_use/panCTCs/bin/panCTC_classify/V10CC/V10CC_results","Set1","Top1",0.978,NA,"Primary cancer cells","Primary cancer cells"
"1943","10X-seq PreT2 CC","/Users/macminiye/scRNA-seq_works/Cervix_scRNA_CTCs_project_use/panCTCs/bin/panCTC_classify/V10CC/V10CC_results","Set1","Top1",1,NA,"Primary cancer cells","Primary cancer cells"
"1944","10X-seq T2Dur3 CC","/Users/macminiye/scRNA-seq_works/Cervix_scRNA_CTCs_project_use/panCTCs/bin/panCTC_classify/V10CC/V10CC_results","Set1","Top1",0.955,NA,"Primary cancer cells","Primary cancer cells"
"1945","10X-seq Tumorhn115 CC","/Users/macminiye/scRNA-seq_works/Cervix_scRNA_CTCs_project_use/panCTCs/bin/panCTC_classify/V10CC/V10CC_results","Set1","Top1",0.99,NA,"Primary cancer cells","Primary cancer cells"
"1946","10X-seq T3Dur3 CC","/Users/macminiye/scRNA-seq_works/Cervix_scRNA_CTCs_project_use/panCTCs/bin/panCTC_classify/V10CC/V10CC_results","Set1","Top1",1,NA,"Primary cancer cells","Primary cancer cells"
"1947","10X-seq PreT3 CC","/Users/macminiye/scRNA-seq_works/Cervix_scRNA_CTCs_project_use/panCTCs/bin/panCTC_classify/V10CC/V10CC_results","Set1","Top1",1,NA,"Primary cancer cells","Primary cancer cells"
"1948","10X-seq Tumorhn115 CC","/Users/macminiye/scRNA-seq_works/Cervix_scRNA_CTCs_project_use/panCTCs/bin/panCTC_classify/V10CC/V10CC_results","Set1","Top1",1,NA,"Primary cancer cells","Primary cancer cells"
"1949","10X-seq PreT3 CC","/Users/macminiye/scRNA-seq_works/Cervix_scRNA_CTCs_project_use/panCTCs/bin/panCTC_classify/V10CC/V10CC_results","Set1","Top1",1,NA,"Primary cancer cells","Primary cancer cells"
"1950","10X-seq PreT3 CC","/Users/macminiye/scRNA-seq_works/Cervix_scRNA_CTCs_project_use/panCTCs/bin/panCTC_classify/V10CC/V10CC_results","Set1","Top1",0.994,NA,"Primary cancer cells","Primary cancer cells"
"1951","10X-seq PreT2 CC","/Users/macminiye/scRNA-seq_works/Cervix_scRNA_CTCs_project_use/panCTCs/bin/panCTC_classify/V10CC/V10CC_results","Set1","Top1",1,NA,"Primary cancer cells","Primary cancer cells"
"1952","10X-seq Tumorhn115 CC","/Users/macminiye/scRNA-seq_works/Cervix_scRNA_CTCs_project_use/panCTCs/bin/panCTC_classify/V10CC/V10CC_results","Set1","Top1",0.99,NA,"Primary cancer cells","Primary cancer cells"
"1953","10X-seq T2Dur3 CC","/Users/macminiye/scRNA-seq_works/Cervix_scRNA_CTCs_project_use/panCTCs/bin/panCTC_classify/V10CC/V10CC_results","Set1","Top1",0.96,NA,"Primary cancer cells","Primary cancer cells"
"1954","10X-seq T3Dur3 CC","/Users/macminiye/scRNA-seq_works/Cervix_scRNA_CTCs_project_use/panCTCs/bin/panCTC_classify/V10CC/V10CC_results","Set1","Top1",0.975,NA,"Primary cancer cells","Primary cancer cells"
"1955","10X-seq T2Dur3 CC","/Users/macminiye/scRNA-seq_works/Cervix_scRNA_CTCs_project_use/panCTCs/bin/panCTC_classify/V10CC/V10CC_results","Set1","Top1",0.938,NA,"Primary cancer cells","Primary cancer cells"
"1956","10X-seq T3Dur3 CC","/Users/macminiye/scRNA-seq_works/Cervix_scRNA_CTCs_project_use/panCTCs/bin/panCTC_classify/V10CC/V10CC_results","Set1","Top1",1,NA,"Primary cancer cells","Primary cancer cells"
"1957","10X-seq Tumorhn115 CC","/Users/macminiye/scRNA-seq_works/Cervix_scRNA_CTCs_project_use/panCTCs/bin/panCTC_classify/V10CC/V10CC_results","Set1","Top1",0.99,NA,"Primary cancer cells","Primary cancer cells"
"1958","10X-seq PreT1 CC","/Users/macminiye/scRNA-seq_works/Cervix_scRNA_CTCs_project_use/panCTCs/bin/panCTC_classify/V10CC/V10CC_results","Set1","Top1",1,NA,"Primary cancer cells","Primary cancer cells"
"1959","10X-seq PreT3 CC","/Users/macminiye/scRNA-seq_works/Cervix_scRNA_CTCs_project_use/panCTCs/bin/panCTC_classify/V10CC/V10CC_results","Set1","Top1",1,NA,"Primary cancer cells","Primary cancer cells"
"1960","10X-seq PreT1 CC","/Users/macminiye/scRNA-seq_works/Cervix_scRNA_CTCs_project_use/panCTCs/bin/panCTC_classify/V10CC/V10CC_results","Set1","Top2",1,NA,"Primary cancer cells","Primary cancer cells"
"1961","10X-seq PreT2 CC","/Users/macminiye/scRNA-seq_works/Cervix_scRNA_CTCs_project_use/panCTCs/bin/panCTC_classify/V10CC/V10CC_results","Set1","Top2",1,NA,"Primary cancer cells","Primary cancer cells"
"1962","10X-seq T3Dur3 CC","/Users/macminiye/scRNA-seq_works/Cervix_scRNA_CTCs_project_use/panCTCs/bin/panCTC_classify/V10CC/V10CC_results","Set1","Top2",1,NA,"Primary cancer cells","Primary cancer cells"
"1963","10X-seq PreT1 CC","/Users/macminiye/scRNA-seq_works/Cervix_scRNA_CTCs_project_use/panCTCs/bin/panCTC_classify/V10CC/V10CC_results","Set1","Top2",1,NA,"Primary cancer cells","Primary cancer cells"
"1964","10X-seq PreT1 CC","/Users/macminiye/scRNA-seq_works/Cervix_scRNA_CTCs_project_use/panCTCs/bin/panCTC_classify/V10CC/V10CC_results","Set1","Top2",1,NA,"Primary cancer cells","Primary cancer cells"
"1965","10X-seq PreT2 CC","/Users/macminiye/scRNA-seq_works/Cervix_scRNA_CTCs_project_use/panCTCs/bin/panCTC_classify/V10CC/V10CC_results","Set1","Top2",1,NA,"Primary cancer cells","Primary cancer cells"
"1966","10X-seq T2Dur3 CC","/Users/macminiye/scRNA-seq_works/Cervix_scRNA_CTCs_project_use/panCTCs/bin/panCTC_classify/V10CC/V10CC_results","Set1","Top2",1,NA,"Primary cancer cells","Primary cancer cells"
"1967","10X-seq T3Dur3 CC","/Users/macminiye/scRNA-seq_works/Cervix_scRNA_CTCs_project_use/panCTCs/bin/panCTC_classify/V10CC/V10CC_results","Set1","Top2",1,NA,"Primary cancer cells","Primary cancer cells"
"1968","10X-seq PreT2 CC","/Users/macminiye/scRNA-seq_works/Cervix_scRNA_CTCs_project_use/panCTCs/bin/panCTC_classify/V10CC/V10CC_results","Set1","Top2",0.996,NA,"Primary cancer cells","Primary cancer cells"
"1969","10X-seq PreT3 CC","/Users/macminiye/scRNA-seq_works/Cervix_scRNA_CTCs_project_use/panCTCs/bin/panCTC_classify/V10CC/V10CC_results","Set1","Top2",1,NA,"Primary cancer cells","Primary cancer cells"
"1970","10X-seq PreT1 CC","/Users/macminiye/scRNA-seq_works/Cervix_scRNA_CTCs_project_use/panCTCs/bin/panCTC_classify/V10CC/V10CC_results","Set1","Top2",1,NA,"Primary cancer cells","Primary cancer cells"
"1971","10X-seq Tumorhn115 CC","/Users/macminiye/scRNA-seq_works/Cervix_scRNA_CTCs_project_use/panCTCs/bin/panCTC_classify/V10CC/V10CC_results","Set1","Top2",1,NA,"Primary cancer cells","Primary cancer cells"
"1972","10X-seq Tumorhn115 CC","/Users/macminiye/scRNA-seq_works/Cervix_scRNA_CTCs_project_use/panCTCs/bin/panCTC_classify/V10CC/V10CC_results","Set1","Top2",1,NA,"Primary cancer cells","Primary cancer cells"
"1973","10X-seq PreT3 CC","/Users/macminiye/scRNA-seq_works/Cervix_scRNA_CTCs_project_use/panCTCs/bin/panCTC_classify/V10CC/V10CC_results","Set1","Top2",1,NA,"Primary cancer cells","Primary cancer cells"
"1974","10X-seq Tumorhn115 CC","/Users/macminiye/scRNA-seq_works/Cervix_scRNA_CTCs_project_use/panCTCs/bin/panCTC_classify/V10CC/V10CC_results","Set1","Top2",1,NA,"Primary cancer cells","Primary cancer cells"
"1975","10X-seq PreT2 CC","/Users/macminiye/scRNA-seq_works/Cervix_scRNA_CTCs_project_use/panCTCs/bin/panCTC_classify/V10CC/V10CC_results","Set1","Top2",0.995,NA,"Primary cancer cells","Primary cancer cells"
"1976","10X-seq T2Dur3 CC","/Users/macminiye/scRNA-seq_works/Cervix_scRNA_CTCs_project_use/panCTCs/bin/panCTC_classify/V10CC/V10CC_results","Set1","Top2",1,NA,"Primary cancer cells","Primary cancer cells"
"1977","10X-seq PreT1 CC","/Users/macminiye/scRNA-seq_works/Cervix_scRNA_CTCs_project_use/panCTCs/bin/panCTC_classify/V10CC/V10CC_results","Set1","Top2",1,NA,"Primary cancer cells","Primary cancer cells"
"1978","10X-seq PreT2 CC","/Users/macminiye/scRNA-seq_works/Cervix_scRNA_CTCs_project_use/panCTCs/bin/panCTC_classify/V10CC/V10CC_results","Set1","Top2",0.9,NA,"Primary cancer cells","Primary cancer cells"
"1979","10X-seq PreT1 CC","/Users/macminiye/scRNA-seq_works/Cervix_scRNA_CTCs_project_use/panCTCs/bin/panCTC_classify/V10CC/V10CC_results","Set1","Top2",1,NA,"Primary cancer cells","Primary cancer cells"
"1980","10X-seq T2Dur3 CC","/Users/macminiye/scRNA-seq_works/Cervix_scRNA_CTCs_project_use/panCTCs/bin/panCTC_classify/V10CC/V10CC_results","Set1","Top2",0.95,NA,"Primary cancer cells","Primary cancer cells"
"1981","10X-seq T3Dur3 CC","/Users/macminiye/scRNA-seq_works/Cervix_scRNA_CTCs_project_use/panCTCs/bin/panCTC_classify/V10CC/V10CC_results","Set1","Top2",1,NA,"Primary cancer cells","Primary cancer cells"
"1982","10X-seq T2Dur3 CC","/Users/macminiye/scRNA-seq_works/Cervix_scRNA_CTCs_project_use/panCTCs/bin/panCTC_classify/V10CC/V10CC_results","Set1","Top2",1,NA,"Primary cancer cells","Primary cancer cells"
"1983","10X-seq PreT3 CC","/Users/macminiye/scRNA-seq_works/Cervix_scRNA_CTCs_project_use/panCTCs/bin/panCTC_classify/V10CC/V10CC_results","Set1","Top2",1,NA,"Primary cancer cells","Primary cancer cells"
"1984","10X-seq T3Dur3 CC","/Users/macminiye/scRNA-seq_works/Cervix_scRNA_CTCs_project_use/panCTCs/bin/panCTC_classify/V10CC/V10CC_results","Set1","Top2",0.994,NA,"Primary cancer cells","Primary cancer cells"
"1985","10X-seq PreT2 CC","/Users/macminiye/scRNA-seq_works/Cervix_scRNA_CTCs_project_use/panCTCs/bin/panCTC_classify/V10CC/V10CC_results","Set1","Top2",1,NA,"Primary cancer cells","Primary cancer cells"
"1986","10X-seq T2Dur3 CC","/Users/macminiye/scRNA-seq_works/Cervix_scRNA_CTCs_project_use/panCTCs/bin/panCTC_classify/V10CC/V10CC_results","Set1","Top2",1,NA,"Primary cancer cells","Primary cancer cells"
"1987","10X-seq Tumorhn115 CC","/Users/macminiye/scRNA-seq_works/Cervix_scRNA_CTCs_project_use/panCTCs/bin/panCTC_classify/V10CC/V10CC_results","Set1","Top2",1,NA,"Primary cancer cells","Primary cancer cells"
"1988","10X-seq T3Dur3 CC","/Users/macminiye/scRNA-seq_works/Cervix_scRNA_CTCs_project_use/panCTCs/bin/panCTC_classify/V10CC/V10CC_results","Set1","Top2",1,NA,"Primary cancer cells","Primary cancer cells"
"1989","10X-seq PreT3 CC","/Users/macminiye/scRNA-seq_works/Cervix_scRNA_CTCs_project_use/panCTCs/bin/panCTC_classify/V10CC/V10CC_results","Set1","Top2",1,NA,"Primary cancer cells","Primary cancer cells"
"1990","10X-seq Tumorhn115 CC","/Users/macminiye/scRNA-seq_works/Cervix_scRNA_CTCs_project_use/panCTCs/bin/panCTC_classify/V10CC/V10CC_results","Set1","Top2",1,NA,"Primary cancer cells","Primary cancer cells"
"1991","10X-seq PreT3 CC","/Users/macminiye/scRNA-seq_works/Cervix_scRNA_CTCs_project_use/panCTCs/bin/panCTC_classify/V10CC/V10CC_results","Set1","Top2",1,NA,"Primary cancer cells","Primary cancer cells"
"1992","10X-seq PreT3 CC","/Users/macminiye/scRNA-seq_works/Cervix_scRNA_CTCs_project_use/panCTCs/bin/panCTC_classify/V10CC/V10CC_results","Set1","Top2",1,NA,"Primary cancer cells","Primary cancer cells"
"1993","10X-seq PreT2 CC","/Users/macminiye/scRNA-seq_works/Cervix_scRNA_CTCs_project_use/panCTCs/bin/panCTC_classify/V10CC/V10CC_results","Set1","Top2",1,NA,"Primary cancer cells","Primary cancer cells"
"1994","10X-seq Tumorhn115 CC","/Users/macminiye/scRNA-seq_works/Cervix_scRNA_CTCs_project_use/panCTCs/bin/panCTC_classify/V10CC/V10CC_results","Set1","Top2",1,NA,"Primary cancer cells","Primary cancer cells"
"1995","10X-seq T2Dur3 CC","/Users/macminiye/scRNA-seq_works/Cervix_scRNA_CTCs_project_use/panCTCs/bin/panCTC_classify/V10CC/V10CC_results","Set1","Top2",1,NA,"Primary cancer cells","Primary cancer cells"
"1996","10X-seq T3Dur3 CC","/Users/macminiye/scRNA-seq_works/Cervix_scRNA_CTCs_project_use/panCTCs/bin/panCTC_classify/V10CC/V10CC_results","Set1","Top2",0.99,NA,"Primary cancer cells","Primary cancer cells"
"1997","10X-seq T2Dur3 CC","/Users/macminiye/scRNA-seq_works/Cervix_scRNA_CTCs_project_use/panCTCs/bin/panCTC_classify/V10CC/V10CC_results","Set1","Top2",0.99,NA,"Primary cancer cells","Primary cancer cells"
"1998","10X-seq T3Dur3 CC","/Users/macminiye/scRNA-seq_works/Cervix_scRNA_CTCs_project_use/panCTCs/bin/panCTC_classify/V10CC/V10CC_results","Set1","Top2",1,NA,"Primary cancer cells","Primary cancer cells"
"1999","10X-seq Tumorhn115 CC","/Users/macminiye/scRNA-seq_works/Cervix_scRNA_CTCs_project_use/panCTCs/bin/panCTC_classify/V10CC/V10CC_results","Set1","Top2",0.998,NA,"Primary cancer cells","Primary cancer cells"
"2000","10X-seq PreT1 CC","/Users/macminiye/scRNA-seq_works/Cervix_scRNA_CTCs_project_use/panCTCs/bin/panCTC_classify/V10CC/V10CC_results","Set1","Top2",1,NA,"Primary cancer cells","Primary cancer cells"
"2001","10X-seq PreT3 CC","/Users/macminiye/scRNA-seq_works/Cervix_scRNA_CTCs_project_use/panCTCs/bin/panCTC_classify/V10CC/V10CC_results","Set1","Top2",1,NA,"Primary cancer cells","Primary cancer cells"
"2002","10X-seq PreT1 CC","/Users/macminiye/scRNA-seq_works/Cervix_scRNA_CTCs_project_use/panCTCs/bin/panCTC_classify/V10CC/V10CC_results","Set1","Top3",1,NA,"Primary cancer cells","Primary cancer cells"
"2003","10X-seq PreT2 CC","/Users/macminiye/scRNA-seq_works/Cervix_scRNA_CTCs_project_use/panCTCs/bin/panCTC_classify/V10CC/V10CC_results","Set1","Top3",1,NA,"Primary cancer cells","Primary cancer cells"
"2004","10X-seq T3Dur3 CC","/Users/macminiye/scRNA-seq_works/Cervix_scRNA_CTCs_project_use/panCTCs/bin/panCTC_classify/V10CC/V10CC_results","Set1","Top3",1,NA,"Primary cancer cells","Primary cancer cells"
"2005","10X-seq PreT1 CC","/Users/macminiye/scRNA-seq_works/Cervix_scRNA_CTCs_project_use/panCTCs/bin/panCTC_classify/V10CC/V10CC_results","Set1","Top3",1,NA,"Primary cancer cells","Primary cancer cells"
"2006","10X-seq PreT1 CC","/Users/macminiye/scRNA-seq_works/Cervix_scRNA_CTCs_project_use/panCTCs/bin/panCTC_classify/V10CC/V10CC_results","Set1","Top3",1,NA,"Primary cancer cells","Primary cancer cells"
"2007","10X-seq PreT2 CC","/Users/macminiye/scRNA-seq_works/Cervix_scRNA_CTCs_project_use/panCTCs/bin/panCTC_classify/V10CC/V10CC_results","Set1","Top3",1,NA,"Primary cancer cells","Primary cancer cells"
"2008","10X-seq T2Dur3 CC","/Users/macminiye/scRNA-seq_works/Cervix_scRNA_CTCs_project_use/panCTCs/bin/panCTC_classify/V10CC/V10CC_results","Set1","Top3",1,NA,"Primary cancer cells","Primary cancer cells"
"2009","10X-seq T3Dur3 CC","/Users/macminiye/scRNA-seq_works/Cervix_scRNA_CTCs_project_use/panCTCs/bin/panCTC_classify/V10CC/V10CC_results","Set1","Top3",1,NA,"Primary cancer cells","Primary cancer cells"
"2010","10X-seq PreT2 CC","/Users/macminiye/scRNA-seq_works/Cervix_scRNA_CTCs_project_use/panCTCs/bin/panCTC_classify/V10CC/V10CC_results","Set1","Top3",1,NA,"Primary cancer cells","Primary cancer cells"
"2011","10X-seq PreT3 CC","/Users/macminiye/scRNA-seq_works/Cervix_scRNA_CTCs_project_use/panCTCs/bin/panCTC_classify/V10CC/V10CC_results","Set1","Top3",1,NA,"Primary cancer cells","Primary cancer cells"
"2012","10X-seq PreT1 CC","/Users/macminiye/scRNA-seq_works/Cervix_scRNA_CTCs_project_use/panCTCs/bin/panCTC_classify/V10CC/V10CC_results","Set1","Top3",1,NA,"Primary cancer cells","Primary cancer cells"
"2013","10X-seq Tumorhn115 CC","/Users/macminiye/scRNA-seq_works/Cervix_scRNA_CTCs_project_use/panCTCs/bin/panCTC_classify/V10CC/V10CC_results","Set1","Top3",1,NA,"Primary cancer cells","Primary cancer cells"
"2014","10X-seq Tumorhn115 CC","/Users/macminiye/scRNA-seq_works/Cervix_scRNA_CTCs_project_use/panCTCs/bin/panCTC_classify/V10CC/V10CC_results","Set1","Top3",1,NA,"Primary cancer cells","Primary cancer cells"
"2015","10X-seq PreT3 CC","/Users/macminiye/scRNA-seq_works/Cervix_scRNA_CTCs_project_use/panCTCs/bin/panCTC_classify/V10CC/V10CC_results","Set1","Top3",1,NA,"Primary cancer cells","Primary cancer cells"
"2016","10X-seq Tumorhn115 CC","/Users/macminiye/scRNA-seq_works/Cervix_scRNA_CTCs_project_use/panCTCs/bin/panCTC_classify/V10CC/V10CC_results","Set1","Top3",1,NA,"Primary cancer cells","Primary cancer cells"
"2017","10X-seq PreT2 CC","/Users/macminiye/scRNA-seq_works/Cervix_scRNA_CTCs_project_use/panCTCs/bin/panCTC_classify/V10CC/V10CC_results","Set1","Top3",0.995,NA,"Primary cancer cells","Primary cancer cells"
"2018","10X-seq T2Dur3 CC","/Users/macminiye/scRNA-seq_works/Cervix_scRNA_CTCs_project_use/panCTCs/bin/panCTC_classify/V10CC/V10CC_results","Set1","Top3",1,NA,"Primary cancer cells","Primary cancer cells"
"2019","10X-seq PreT1 CC","/Users/macminiye/scRNA-seq_works/Cervix_scRNA_CTCs_project_use/panCTCs/bin/panCTC_classify/V10CC/V10CC_results","Set1","Top3",1,NA,"Primary cancer cells","Primary cancer cells"
"2020","10X-seq PreT2 CC","/Users/macminiye/scRNA-seq_works/Cervix_scRNA_CTCs_project_use/panCTCs/bin/panCTC_classify/V10CC/V10CC_results","Set1","Top3",1,NA,"Primary cancer cells","Primary cancer cells"
"2021","10X-seq PreT1 CC","/Users/macminiye/scRNA-seq_works/Cervix_scRNA_CTCs_project_use/panCTCs/bin/panCTC_classify/V10CC/V10CC_results","Set1","Top3",1,NA,"Primary cancer cells","Primary cancer cells"
"2022","10X-seq T2Dur3 CC","/Users/macminiye/scRNA-seq_works/Cervix_scRNA_CTCs_project_use/panCTCs/bin/panCTC_classify/V10CC/V10CC_results","Set1","Top3",0.95,NA,"Primary cancer cells","Primary cancer cells"
"2023","10X-seq T3Dur3 CC","/Users/macminiye/scRNA-seq_works/Cervix_scRNA_CTCs_project_use/panCTCs/bin/panCTC_classify/V10CC/V10CC_results","Set1","Top3",1,NA,"Primary cancer cells","Primary cancer cells"
"2024","10X-seq T2Dur3 CC","/Users/macminiye/scRNA-seq_works/Cervix_scRNA_CTCs_project_use/panCTCs/bin/panCTC_classify/V10CC/V10CC_results","Set1","Top3",1,NA,"Primary cancer cells","Primary cancer cells"
"2025","10X-seq PreT3 CC","/Users/macminiye/scRNA-seq_works/Cervix_scRNA_CTCs_project_use/panCTCs/bin/panCTC_classify/V10CC/V10CC_results","Set1","Top3",1,NA,"Primary cancer cells","Primary cancer cells"
"2026","10X-seq T3Dur3 CC","/Users/macminiye/scRNA-seq_works/Cervix_scRNA_CTCs_project_use/panCTCs/bin/panCTC_classify/V10CC/V10CC_results","Set1","Top3",0.996,NA,"Primary cancer cells","Primary cancer cells"
"2027","10X-seq PreT2 CC","/Users/macminiye/scRNA-seq_works/Cervix_scRNA_CTCs_project_use/panCTCs/bin/panCTC_classify/V10CC/V10CC_results","Set1","Top3",1,NA,"Primary cancer cells","Primary cancer cells"
"2028","10X-seq T2Dur3 CC","/Users/macminiye/scRNA-seq_works/Cervix_scRNA_CTCs_project_use/panCTCs/bin/panCTC_classify/V10CC/V10CC_results","Set1","Top3",1,NA,"Primary cancer cells","Primary cancer cells"
"2029","10X-seq Tumorhn115 CC","/Users/macminiye/scRNA-seq_works/Cervix_scRNA_CTCs_project_use/panCTCs/bin/panCTC_classify/V10CC/V10CC_results","Set1","Top3",1,NA,"Primary cancer cells","Primary cancer cells"
"2030","10X-seq T3Dur3 CC","/Users/macminiye/scRNA-seq_works/Cervix_scRNA_CTCs_project_use/panCTCs/bin/panCTC_classify/V10CC/V10CC_results","Set1","Top3",1,NA,"Primary cancer cells","Primary cancer cells"
"2031","10X-seq PreT3 CC","/Users/macminiye/scRNA-seq_works/Cervix_scRNA_CTCs_project_use/panCTCs/bin/panCTC_classify/V10CC/V10CC_results","Set1","Top3",1,NA,"Primary cancer cells","Primary cancer cells"
"2032","10X-seq Tumorhn115 CC","/Users/macminiye/scRNA-seq_works/Cervix_scRNA_CTCs_project_use/panCTCs/bin/panCTC_classify/V10CC/V10CC_results","Set1","Top3",1,NA,"Primary cancer cells","Primary cancer cells"
"2033","10X-seq PreT3 CC","/Users/macminiye/scRNA-seq_works/Cervix_scRNA_CTCs_project_use/panCTCs/bin/panCTC_classify/V10CC/V10CC_results","Set1","Top3",1,NA,"Primary cancer cells","Primary cancer cells"
"2034","10X-seq PreT3 CC","/Users/macminiye/scRNA-seq_works/Cervix_scRNA_CTCs_project_use/panCTCs/bin/panCTC_classify/V10CC/V10CC_results","Set1","Top3",1,NA,"Primary cancer cells","Primary cancer cells"
"2035","10X-seq PreT2 CC","/Users/macminiye/scRNA-seq_works/Cervix_scRNA_CTCs_project_use/panCTCs/bin/panCTC_classify/V10CC/V10CC_results","Set1","Top3",1,NA,"Primary cancer cells","Primary cancer cells"
"2036","10X-seq Tumorhn115 CC","/Users/macminiye/scRNA-seq_works/Cervix_scRNA_CTCs_project_use/panCTCs/bin/panCTC_classify/V10CC/V10CC_results","Set1","Top3",1,NA,"Primary cancer cells","Primary cancer cells"
"2037","10X-seq T2Dur3 CC","/Users/macminiye/scRNA-seq_works/Cervix_scRNA_CTCs_project_use/panCTCs/bin/panCTC_classify/V10CC/V10CC_results","Set1","Top3",1,NA,"Primary cancer cells","Primary cancer cells"
"2038","10X-seq T3Dur3 CC","/Users/macminiye/scRNA-seq_works/Cervix_scRNA_CTCs_project_use/panCTCs/bin/panCTC_classify/V10CC/V10CC_results","Set1","Top3",0.99,NA,"Primary cancer cells","Primary cancer cells"
"2039","10X-seq T2Dur3 CC","/Users/macminiye/scRNA-seq_works/Cervix_scRNA_CTCs_project_use/panCTCs/bin/panCTC_classify/V10CC/V10CC_results","Set1","Top3",0.996,NA,"Primary cancer cells","Primary cancer cells"
"2040","10X-seq T3Dur3 CC","/Users/macminiye/scRNA-seq_works/Cervix_scRNA_CTCs_project_use/panCTCs/bin/panCTC_classify/V10CC/V10CC_results","Set1","Top3",1,NA,"Primary cancer cells","Primary cancer cells"
"2041","10X-seq Tumorhn115 CC","/Users/macminiye/scRNA-seq_works/Cervix_scRNA_CTCs_project_use/panCTCs/bin/panCTC_classify/V10CC/V10CC_results","Set1","Top3",0.998,NA,"Primary cancer cells","Primary cancer cells"
"2042","10X-seq PreT1 CC","/Users/macminiye/scRNA-seq_works/Cervix_scRNA_CTCs_project_use/panCTCs/bin/panCTC_classify/V10CC/V10CC_results","Set1","Top3",1,NA,"Primary cancer cells","Primary cancer cells"
"2043","10X-seq PreT3 CC","/Users/macminiye/scRNA-seq_works/Cervix_scRNA_CTCs_project_use/panCTCs/bin/panCTC_classify/V10CC/V10CC_results","Set1","Top3",1,NA,"Primary cancer cells","Primary cancer cells"
"2044","10X-seq PreT1 CC","/Users/macminiye/scRNA-seq_works/Cervix_scRNA_CTCs_project_use/panCTCs/bin/panCTC_classify/V10CC/V10CC_results","Set2","Top1",1,NA,"Primary cancer cells","Primary cancer cells"
"2045","10X-seq PreT2 CC","/Users/macminiye/scRNA-seq_works/Cervix_scRNA_CTCs_project_use/panCTCs/bin/panCTC_classify/V10CC/V10CC_results","Set2","Top1",1,NA,"Primary cancer cells","Primary cancer cells"
"2046","10X-seq T3Dur3 CC","/Users/macminiye/scRNA-seq_works/Cervix_scRNA_CTCs_project_use/panCTCs/bin/panCTC_classify/V10CC/V10CC_results","Set2","Top1",1,NA,"Primary cancer cells","Primary cancer cells"
"2047","10X-seq PreT1 CC","/Users/macminiye/scRNA-seq_works/Cervix_scRNA_CTCs_project_use/panCTCs/bin/panCTC_classify/V10CC/V10CC_results","Set2","Top1",1,NA,"Primary cancer cells","Primary cancer cells"
"2048","10X-seq PreT1 CC","/Users/macminiye/scRNA-seq_works/Cervix_scRNA_CTCs_project_use/panCTCs/bin/panCTC_classify/V10CC/V10CC_results","Set2","Top1",0.998,NA,"Primary cancer cells","Primary cancer cells"
"2049","10X-seq PreT2 CC","/Users/macminiye/scRNA-seq_works/Cervix_scRNA_CTCs_project_use/panCTCs/bin/panCTC_classify/V10CC/V10CC_results","Set2","Top1",0.97,NA,"Primary cancer cells","Primary cancer cells"
"2050","10X-seq T2Dur3 CC","/Users/macminiye/scRNA-seq_works/Cervix_scRNA_CTCs_project_use/panCTCs/bin/panCTC_classify/V10CC/V10CC_results","Set2","Top1",0.92,NA,"Primary cancer cells","Primary cancer cells"
"2051","10X-seq T3Dur3 CC","/Users/macminiye/scRNA-seq_works/Cervix_scRNA_CTCs_project_use/panCTCs/bin/panCTC_classify/V10CC/V10CC_results","Set2","Top1",1,NA,"Primary cancer cells","Primary cancer cells"
"2052","10X-seq PreT2 CC","/Users/macminiye/scRNA-seq_works/Cervix_scRNA_CTCs_project_use/panCTCs/bin/panCTC_classify/V10CC/V10CC_results","Set2","Top1",0.988,NA,"Primary cancer cells","Primary cancer cells"
"2053","10X-seq PreT3 CC","/Users/macminiye/scRNA-seq_works/Cervix_scRNA_CTCs_project_use/panCTCs/bin/panCTC_classify/V10CC/V10CC_results","Set2","Top1",1,NA,"Primary cancer cells","Primary cancer cells"
"2054","10X-seq PreT1 CC","/Users/macminiye/scRNA-seq_works/Cervix_scRNA_CTCs_project_use/panCTCs/bin/panCTC_classify/V10CC/V10CC_results","Set2","Top1",1,NA,"Primary cancer cells","Primary cancer cells"
"2055","10X-seq Tumorhn115 CC","/Users/macminiye/scRNA-seq_works/Cervix_scRNA_CTCs_project_use/panCTCs/bin/panCTC_classify/V10CC/V10CC_results","Set2","Top1",1,NA,"Primary cancer cells","Primary cancer cells"
"2056","10X-seq Tumorhn115 CC","/Users/macminiye/scRNA-seq_works/Cervix_scRNA_CTCs_project_use/panCTCs/bin/panCTC_classify/V10CC/V10CC_results","Set2","Top1",1,NA,"Primary cancer cells","Primary cancer cells"
"2057","10X-seq PreT3 CC","/Users/macminiye/scRNA-seq_works/Cervix_scRNA_CTCs_project_use/panCTCs/bin/panCTC_classify/V10CC/V10CC_results","Set2","Top1",0.95,NA,"Primary cancer cells","Primary cancer cells"
"2058","10X-seq Tumorhn115 CC","/Users/macminiye/scRNA-seq_works/Cervix_scRNA_CTCs_project_use/panCTCs/bin/panCTC_classify/V10CC/V10CC_results","Set2","Top1",1,NA,"Primary cancer cells","Primary cancer cells"
"2059","10X-seq PreT2 CC","/Users/macminiye/scRNA-seq_works/Cervix_scRNA_CTCs_project_use/panCTCs/bin/panCTC_classify/V10CC/V10CC_results","Set2","Top1",0.995,NA,"Primary cancer cells","Primary cancer cells"
"2060","10X-seq T2Dur3 CC","/Users/macminiye/scRNA-seq_works/Cervix_scRNA_CTCs_project_use/panCTCs/bin/panCTC_classify/V10CC/V10CC_results","Set2","Top1",1,NA,"Primary cancer cells","Primary cancer cells"
"2061","10X-seq PreT1 CC","/Users/macminiye/scRNA-seq_works/Cervix_scRNA_CTCs_project_use/panCTCs/bin/panCTC_classify/V10CC/V10CC_results","Set2","Top1",1,NA,"Primary cancer cells","Primary cancer cells"
"2062","10X-seq PreT2 CC","/Users/macminiye/scRNA-seq_works/Cervix_scRNA_CTCs_project_use/panCTCs/bin/panCTC_classify/V10CC/V10CC_results","Set2","Top1",0.95,NA,"Primary cancer cells","Primary cancer cells"
"2063","10X-seq PreT1 CC","/Users/macminiye/scRNA-seq_works/Cervix_scRNA_CTCs_project_use/panCTCs/bin/panCTC_classify/V10CC/V10CC_results","Set2","Top1",1,NA,"Primary cancer cells","Primary cancer cells"
"2064","10X-seq T2Dur3 CC","/Users/macminiye/scRNA-seq_works/Cervix_scRNA_CTCs_project_use/panCTCs/bin/panCTC_classify/V10CC/V10CC_results","Set2","Top1",1,NA,"Primary cancer cells","Primary cancer cells"
"2065","10X-seq T3Dur3 CC","/Users/macminiye/scRNA-seq_works/Cervix_scRNA_CTCs_project_use/panCTCs/bin/panCTC_classify/V10CC/V10CC_results","Set2","Top1",1,NA,"Primary cancer cells","Primary cancer cells"
"2066","10X-seq T2Dur3 CC","/Users/macminiye/scRNA-seq_works/Cervix_scRNA_CTCs_project_use/panCTCs/bin/panCTC_classify/V10CC/V10CC_results","Set2","Top1",1,NA,"Primary cancer cells","Primary cancer cells"
"2067","10X-seq PreT3 CC","/Users/macminiye/scRNA-seq_works/Cervix_scRNA_CTCs_project_use/panCTCs/bin/panCTC_classify/V10CC/V10CC_results","Set2","Top1",1,NA,"Primary cancer cells","Primary cancer cells"
"2068","10X-seq T3Dur3 CC","/Users/macminiye/scRNA-seq_works/Cervix_scRNA_CTCs_project_use/panCTCs/bin/panCTC_classify/V10CC/V10CC_results","Set2","Top1",0.98,NA,"Primary cancer cells","Primary cancer cells"
"2069","10X-seq PreT2 CC","/Users/macminiye/scRNA-seq_works/Cervix_scRNA_CTCs_project_use/panCTCs/bin/panCTC_classify/V10CC/V10CC_results","Set2","Top1",1,NA,"Primary cancer cells","Primary cancer cells"
"2070","10X-seq T2Dur3 CC","/Users/macminiye/scRNA-seq_works/Cervix_scRNA_CTCs_project_use/panCTCs/bin/panCTC_classify/V10CC/V10CC_results","Set2","Top1",0.93,NA,"Primary cancer cells","Primary cancer cells"
"2071","10X-seq Tumorhn115 CC","/Users/macminiye/scRNA-seq_works/Cervix_scRNA_CTCs_project_use/panCTCs/bin/panCTC_classify/V10CC/V10CC_results","Set2","Top1",0.995,NA,"Primary cancer cells","Primary cancer cells"
"2072","10X-seq T3Dur3 CC","/Users/macminiye/scRNA-seq_works/Cervix_scRNA_CTCs_project_use/panCTCs/bin/panCTC_classify/V10CC/V10CC_results","Set2","Top1",0.97,NA,"Primary cancer cells","Primary cancer cells"
"2073","10X-seq PreT3 CC","/Users/macminiye/scRNA-seq_works/Cervix_scRNA_CTCs_project_use/panCTCs/bin/panCTC_classify/V10CC/V10CC_results","Set2","Top1",1,NA,"Primary cancer cells","Primary cancer cells"
"2074","10X-seq Tumorhn115 CC","/Users/macminiye/scRNA-seq_works/Cervix_scRNA_CTCs_project_use/panCTCs/bin/panCTC_classify/V10CC/V10CC_results","Set2","Top1",1,NA,"Primary cancer cells","Primary cancer cells"
"2075","10X-seq PreT3 CC","/Users/macminiye/scRNA-seq_works/Cervix_scRNA_CTCs_project_use/panCTCs/bin/panCTC_classify/V10CC/V10CC_results","Set2","Top1",1,NA,"Primary cancer cells","Primary cancer cells"
"2076","10X-seq PreT3 CC","/Users/macminiye/scRNA-seq_works/Cervix_scRNA_CTCs_project_use/panCTCs/bin/panCTC_classify/V10CC/V10CC_results","Set2","Top1",0.996,NA,"Primary cancer cells","Primary cancer cells"
"2077","10X-seq PreT2 CC","/Users/macminiye/scRNA-seq_works/Cervix_scRNA_CTCs_project_use/panCTCs/bin/panCTC_classify/V10CC/V10CC_results","Set2","Top1",1,NA,"Primary cancer cells","Primary cancer cells"
"2078","10X-seq Tumorhn115 CC","/Users/macminiye/scRNA-seq_works/Cervix_scRNA_CTCs_project_use/panCTCs/bin/panCTC_classify/V10CC/V10CC_results","Set2","Top1",1,NA,"Primary cancer cells","Primary cancer cells"
"2079","10X-seq T2Dur3 CC","/Users/macminiye/scRNA-seq_works/Cervix_scRNA_CTCs_project_use/panCTCs/bin/panCTC_classify/V10CC/V10CC_results","Set2","Top1",0.97,NA,"Primary cancer cells","Primary cancer cells"
"2080","10X-seq T3Dur3 CC","/Users/macminiye/scRNA-seq_works/Cervix_scRNA_CTCs_project_use/panCTCs/bin/panCTC_classify/V10CC/V10CC_results","Set2","Top1",0.98,NA,"Primary cancer cells","Primary cancer cells"
"2081","10X-seq T2Dur3 CC","/Users/macminiye/scRNA-seq_works/Cervix_scRNA_CTCs_project_use/panCTCs/bin/panCTC_classify/V10CC/V10CC_results","Set2","Top1",0.938,NA,"Primary cancer cells","Primary cancer cells"
"2082","10X-seq T3Dur3 CC","/Users/macminiye/scRNA-seq_works/Cervix_scRNA_CTCs_project_use/panCTCs/bin/panCTC_classify/V10CC/V10CC_results","Set2","Top1",1,NA,"Primary cancer cells","Primary cancer cells"
"2083","10X-seq Tumorhn115 CC","/Users/macminiye/scRNA-seq_works/Cervix_scRNA_CTCs_project_use/panCTCs/bin/panCTC_classify/V10CC/V10CC_results","Set2","Top1",0.99,NA,"Primary cancer cells","Primary cancer cells"
"2084","10X-seq PreT1 CC","/Users/macminiye/scRNA-seq_works/Cervix_scRNA_CTCs_project_use/panCTCs/bin/panCTC_classify/V10CC/V10CC_results","Set2","Top1",1,NA,"Primary cancer cells","Primary cancer cells"
"2085","10X-seq PreT3 CC","/Users/macminiye/scRNA-seq_works/Cervix_scRNA_CTCs_project_use/panCTCs/bin/panCTC_classify/V10CC/V10CC_results","Set2","Top1",1,NA,"Primary cancer cells","Primary cancer cells"
"2086","10X-seq PreT1 CC","/Users/macminiye/scRNA-seq_works/Cervix_scRNA_CTCs_project_use/panCTCs/bin/panCTC_classify/V10CC/V10CC_results","Set2","Top2",1,NA,"Primary cancer cells","Primary cancer cells"
"2087","10X-seq PreT2 CC","/Users/macminiye/scRNA-seq_works/Cervix_scRNA_CTCs_project_use/panCTCs/bin/panCTC_classify/V10CC/V10CC_results","Set2","Top2",1,NA,"Primary cancer cells","Primary cancer cells"
"2088","10X-seq T3Dur3 CC","/Users/macminiye/scRNA-seq_works/Cervix_scRNA_CTCs_project_use/panCTCs/bin/panCTC_classify/V10CC/V10CC_results","Set2","Top2",1,NA,"Primary cancer cells","Primary cancer cells"
"2089","10X-seq PreT1 CC","/Users/macminiye/scRNA-seq_works/Cervix_scRNA_CTCs_project_use/panCTCs/bin/panCTC_classify/V10CC/V10CC_results","Set2","Top2",1,NA,"Primary cancer cells","Primary cancer cells"
"2090","10X-seq PreT1 CC","/Users/macminiye/scRNA-seq_works/Cervix_scRNA_CTCs_project_use/panCTCs/bin/panCTC_classify/V10CC/V10CC_results","Set2","Top2",1,NA,"Primary cancer cells","Primary cancer cells"
"2091","10X-seq PreT2 CC","/Users/macminiye/scRNA-seq_works/Cervix_scRNA_CTCs_project_use/panCTCs/bin/panCTC_classify/V10CC/V10CC_results","Set2","Top2",1,NA,"Primary cancer cells","Primary cancer cells"
"2092","10X-seq T2Dur3 CC","/Users/macminiye/scRNA-seq_works/Cervix_scRNA_CTCs_project_use/panCTCs/bin/panCTC_classify/V10CC/V10CC_results","Set2","Top2",0.98,NA,"Primary cancer cells","Primary cancer cells"
"2093","10X-seq T3Dur3 CC","/Users/macminiye/scRNA-seq_works/Cervix_scRNA_CTCs_project_use/panCTCs/bin/panCTC_classify/V10CC/V10CC_results","Set2","Top2",1,NA,"Primary cancer cells","Primary cancer cells"
"2094","10X-seq PreT2 CC","/Users/macminiye/scRNA-seq_works/Cervix_scRNA_CTCs_project_use/panCTCs/bin/panCTC_classify/V10CC/V10CC_results","Set2","Top2",0.996,NA,"Primary cancer cells","Primary cancer cells"
"2095","10X-seq PreT3 CC","/Users/macminiye/scRNA-seq_works/Cervix_scRNA_CTCs_project_use/panCTCs/bin/panCTC_classify/V10CC/V10CC_results","Set2","Top2",1,NA,"Primary cancer cells","Primary cancer cells"
"2096","10X-seq PreT1 CC","/Users/macminiye/scRNA-seq_works/Cervix_scRNA_CTCs_project_use/panCTCs/bin/panCTC_classify/V10CC/V10CC_results","Set2","Top2",1,NA,"Primary cancer cells","Primary cancer cells"
"2097","10X-seq Tumorhn115 CC","/Users/macminiye/scRNA-seq_works/Cervix_scRNA_CTCs_project_use/panCTCs/bin/panCTC_classify/V10CC/V10CC_results","Set2","Top2",1,NA,"Primary cancer cells","Primary cancer cells"
"2098","10X-seq Tumorhn115 CC","/Users/macminiye/scRNA-seq_works/Cervix_scRNA_CTCs_project_use/panCTCs/bin/panCTC_classify/V10CC/V10CC_results","Set2","Top2",1,NA,"Primary cancer cells","Primary cancer cells"
"2099","10X-seq PreT3 CC","/Users/macminiye/scRNA-seq_works/Cervix_scRNA_CTCs_project_use/panCTCs/bin/panCTC_classify/V10CC/V10CC_results","Set2","Top2",1,NA,"Primary cancer cells","Primary cancer cells"
"2100","10X-seq Tumorhn115 CC","/Users/macminiye/scRNA-seq_works/Cervix_scRNA_CTCs_project_use/panCTCs/bin/panCTC_classify/V10CC/V10CC_results","Set2","Top2",1,NA,"Primary cancer cells","Primary cancer cells"
"2101","10X-seq PreT2 CC","/Users/macminiye/scRNA-seq_works/Cervix_scRNA_CTCs_project_use/panCTCs/bin/panCTC_classify/V10CC/V10CC_results","Set2","Top2",1,NA,"Primary cancer cells","Primary cancer cells"
"2102","10X-seq T2Dur3 CC","/Users/macminiye/scRNA-seq_works/Cervix_scRNA_CTCs_project_use/panCTCs/bin/panCTC_classify/V10CC/V10CC_results","Set2","Top2",1,NA,"Primary cancer cells","Primary cancer cells"
"2103","10X-seq PreT1 CC","/Users/macminiye/scRNA-seq_works/Cervix_scRNA_CTCs_project_use/panCTCs/bin/panCTC_classify/V10CC/V10CC_results","Set2","Top2",1,NA,"Primary cancer cells","Primary cancer cells"
"2104","10X-seq PreT2 CC","/Users/macminiye/scRNA-seq_works/Cervix_scRNA_CTCs_project_use/panCTCs/bin/panCTC_classify/V10CC/V10CC_results","Set2","Top2",1,NA,"Primary cancer cells","Primary cancer cells"
"2105","10X-seq PreT1 CC","/Users/macminiye/scRNA-seq_works/Cervix_scRNA_CTCs_project_use/panCTCs/bin/panCTC_classify/V10CC/V10CC_results","Set2","Top2",1,NA,"Primary cancer cells","Primary cancer cells"
"2106","10X-seq T2Dur3 CC","/Users/macminiye/scRNA-seq_works/Cervix_scRNA_CTCs_project_use/panCTCs/bin/panCTC_classify/V10CC/V10CC_results","Set2","Top2",1,NA,"Primary cancer cells","Primary cancer cells"
"2107","10X-seq T3Dur3 CC","/Users/macminiye/scRNA-seq_works/Cervix_scRNA_CTCs_project_use/panCTCs/bin/panCTC_classify/V10CC/V10CC_results","Set2","Top2",1,NA,"Primary cancer cells","Primary cancer cells"
"2108","10X-seq T2Dur3 CC","/Users/macminiye/scRNA-seq_works/Cervix_scRNA_CTCs_project_use/panCTCs/bin/panCTC_classify/V10CC/V10CC_results","Set2","Top2",1,NA,"Primary cancer cells","Primary cancer cells"
"2109","10X-seq PreT3 CC","/Users/macminiye/scRNA-seq_works/Cervix_scRNA_CTCs_project_use/panCTCs/bin/panCTC_classify/V10CC/V10CC_results","Set2","Top2",1,NA,"Primary cancer cells","Primary cancer cells"
"2110","10X-seq T3Dur3 CC","/Users/macminiye/scRNA-seq_works/Cervix_scRNA_CTCs_project_use/panCTCs/bin/panCTC_classify/V10CC/V10CC_results","Set2","Top2",0.996,NA,"Primary cancer cells","Primary cancer cells"
"2111","10X-seq PreT2 CC","/Users/macminiye/scRNA-seq_works/Cervix_scRNA_CTCs_project_use/panCTCs/bin/panCTC_classify/V10CC/V10CC_results","Set2","Top2",1,NA,"Primary cancer cells","Primary cancer cells"
"2112","10X-seq T2Dur3 CC","/Users/macminiye/scRNA-seq_works/Cervix_scRNA_CTCs_project_use/panCTCs/bin/panCTC_classify/V10CC/V10CC_results","Set2","Top2",0.985,NA,"Primary cancer cells","Primary cancer cells"
"2113","10X-seq Tumorhn115 CC","/Users/macminiye/scRNA-seq_works/Cervix_scRNA_CTCs_project_use/panCTCs/bin/panCTC_classify/V10CC/V10CC_results","Set2","Top2",0.995,NA,"Primary cancer cells","Primary cancer cells"
"2114","10X-seq T3Dur3 CC","/Users/macminiye/scRNA-seq_works/Cervix_scRNA_CTCs_project_use/panCTCs/bin/panCTC_classify/V10CC/V10CC_results","Set2","Top2",1,NA,"Primary cancer cells","Primary cancer cells"
"2115","10X-seq PreT3 CC","/Users/macminiye/scRNA-seq_works/Cervix_scRNA_CTCs_project_use/panCTCs/bin/panCTC_classify/V10CC/V10CC_results","Set2","Top2",1,NA,"Primary cancer cells","Primary cancer cells"
"2116","10X-seq Tumorhn115 CC","/Users/macminiye/scRNA-seq_works/Cervix_scRNA_CTCs_project_use/panCTCs/bin/panCTC_classify/V10CC/V10CC_results","Set2","Top2",1,NA,"Primary cancer cells","Primary cancer cells"
"2117","10X-seq PreT3 CC","/Users/macminiye/scRNA-seq_works/Cervix_scRNA_CTCs_project_use/panCTCs/bin/panCTC_classify/V10CC/V10CC_results","Set2","Top2",1,NA,"Primary cancer cells","Primary cancer cells"
"2118","10X-seq PreT3 CC","/Users/macminiye/scRNA-seq_works/Cervix_scRNA_CTCs_project_use/panCTCs/bin/panCTC_classify/V10CC/V10CC_results","Set2","Top2",1,NA,"Primary cancer cells","Primary cancer cells"
"2119","10X-seq PreT2 CC","/Users/macminiye/scRNA-seq_works/Cervix_scRNA_CTCs_project_use/panCTCs/bin/panCTC_classify/V10CC/V10CC_results","Set2","Top2",1,NA,"Primary cancer cells","Primary cancer cells"
"2120","10X-seq Tumorhn115 CC","/Users/macminiye/scRNA-seq_works/Cervix_scRNA_CTCs_project_use/panCTCs/bin/panCTC_classify/V10CC/V10CC_results","Set2","Top2",1,NA,"Primary cancer cells","Primary cancer cells"
"2121","10X-seq T2Dur3 CC","/Users/macminiye/scRNA-seq_works/Cervix_scRNA_CTCs_project_use/panCTCs/bin/panCTC_classify/V10CC/V10CC_results","Set2","Top2",0.98,NA,"Primary cancer cells","Primary cancer cells"
"2122","10X-seq T3Dur3 CC","/Users/macminiye/scRNA-seq_works/Cervix_scRNA_CTCs_project_use/panCTCs/bin/panCTC_classify/V10CC/V10CC_results","Set2","Top2",1,NA,"Primary cancer cells","Primary cancer cells"
"2123","10X-seq T2Dur3 CC","/Users/macminiye/scRNA-seq_works/Cervix_scRNA_CTCs_project_use/panCTCs/bin/panCTC_classify/V10CC/V10CC_results","Set2","Top2",0.986,NA,"Primary cancer cells","Primary cancer cells"
"2124","10X-seq T3Dur3 CC","/Users/macminiye/scRNA-seq_works/Cervix_scRNA_CTCs_project_use/panCTCs/bin/panCTC_classify/V10CC/V10CC_results","Set2","Top2",1,NA,"Primary cancer cells","Primary cancer cells"
"2125","10X-seq Tumorhn115 CC","/Users/macminiye/scRNA-seq_works/Cervix_scRNA_CTCs_project_use/panCTCs/bin/panCTC_classify/V10CC/V10CC_results","Set2","Top2",0.996,NA,"Primary cancer cells","Primary cancer cells"
"2126","10X-seq PreT1 CC","/Users/macminiye/scRNA-seq_works/Cervix_scRNA_CTCs_project_use/panCTCs/bin/panCTC_classify/V10CC/V10CC_results","Set2","Top2",1,NA,"Primary cancer cells","Primary cancer cells"
"2127","10X-seq PreT3 CC","/Users/macminiye/scRNA-seq_works/Cervix_scRNA_CTCs_project_use/panCTCs/bin/panCTC_classify/V10CC/V10CC_results","Set2","Top2",1,NA,"Primary cancer cells","Primary cancer cells"
"2128","10X-seq PreT1 CC","/Users/macminiye/scRNA-seq_works/Cervix_scRNA_CTCs_project_use/panCTCs/bin/panCTC_classify/V10CC/V10CC_results","Set2","Top3",1,NA,"Primary cancer cells","Primary cancer cells"
"2129","10X-seq PreT2 CC","/Users/macminiye/scRNA-seq_works/Cervix_scRNA_CTCs_project_use/panCTCs/bin/panCTC_classify/V10CC/V10CC_results","Set2","Top3",1,NA,"Primary cancer cells","Primary cancer cells"
"2130","10X-seq T3Dur3 CC","/Users/macminiye/scRNA-seq_works/Cervix_scRNA_CTCs_project_use/panCTCs/bin/panCTC_classify/V10CC/V10CC_results","Set2","Top3",1,NA,"Primary cancer cells","Primary cancer cells"
"2131","10X-seq PreT1 CC","/Users/macminiye/scRNA-seq_works/Cervix_scRNA_CTCs_project_use/panCTCs/bin/panCTC_classify/V10CC/V10CC_results","Set2","Top3",1,NA,"Primary cancer cells","Primary cancer cells"
"2132","10X-seq PreT1 CC","/Users/macminiye/scRNA-seq_works/Cervix_scRNA_CTCs_project_use/panCTCs/bin/panCTC_classify/V10CC/V10CC_results","Set2","Top3",1,NA,"Primary cancer cells","Primary cancer cells"
"2133","10X-seq PreT2 CC","/Users/macminiye/scRNA-seq_works/Cervix_scRNA_CTCs_project_use/panCTCs/bin/panCTC_classify/V10CC/V10CC_results","Set2","Top3",1,NA,"Primary cancer cells","Primary cancer cells"
"2134","10X-seq T2Dur3 CC","/Users/macminiye/scRNA-seq_works/Cervix_scRNA_CTCs_project_use/panCTCs/bin/panCTC_classify/V10CC/V10CC_results","Set2","Top3",0.98,NA,"Primary cancer cells","Primary cancer cells"
"2135","10X-seq T3Dur3 CC","/Users/macminiye/scRNA-seq_works/Cervix_scRNA_CTCs_project_use/panCTCs/bin/panCTC_classify/V10CC/V10CC_results","Set2","Top3",1,NA,"Primary cancer cells","Primary cancer cells"
"2136","10X-seq PreT2 CC","/Users/macminiye/scRNA-seq_works/Cervix_scRNA_CTCs_project_use/panCTCs/bin/panCTC_classify/V10CC/V10CC_results","Set2","Top3",0.998,NA,"Primary cancer cells","Primary cancer cells"
"2137","10X-seq PreT3 CC","/Users/macminiye/scRNA-seq_works/Cervix_scRNA_CTCs_project_use/panCTCs/bin/panCTC_classify/V10CC/V10CC_results","Set2","Top3",1,NA,"Primary cancer cells","Primary cancer cells"
"2138","10X-seq PreT1 CC","/Users/macminiye/scRNA-seq_works/Cervix_scRNA_CTCs_project_use/panCTCs/bin/panCTC_classify/V10CC/V10CC_results","Set2","Top3",1,NA,"Primary cancer cells","Primary cancer cells"
"2139","10X-seq Tumorhn115 CC","/Users/macminiye/scRNA-seq_works/Cervix_scRNA_CTCs_project_use/panCTCs/bin/panCTC_classify/V10CC/V10CC_results","Set2","Top3",1,NA,"Primary cancer cells","Primary cancer cells"
"2140","10X-seq Tumorhn115 CC","/Users/macminiye/scRNA-seq_works/Cervix_scRNA_CTCs_project_use/panCTCs/bin/panCTC_classify/V10CC/V10CC_results","Set2","Top3",1,NA,"Primary cancer cells","Primary cancer cells"
"2141","10X-seq PreT3 CC","/Users/macminiye/scRNA-seq_works/Cervix_scRNA_CTCs_project_use/panCTCs/bin/panCTC_classify/V10CC/V10CC_results","Set2","Top3",1,NA,"Primary cancer cells","Primary cancer cells"
"2142","10X-seq Tumorhn115 CC","/Users/macminiye/scRNA-seq_works/Cervix_scRNA_CTCs_project_use/panCTCs/bin/panCTC_classify/V10CC/V10CC_results","Set2","Top3",1,NA,"Primary cancer cells","Primary cancer cells"
"2143","10X-seq PreT2 CC","/Users/macminiye/scRNA-seq_works/Cervix_scRNA_CTCs_project_use/panCTCs/bin/panCTC_classify/V10CC/V10CC_results","Set2","Top3",1,NA,"Primary cancer cells","Primary cancer cells"
"2144","10X-seq T2Dur3 CC","/Users/macminiye/scRNA-seq_works/Cervix_scRNA_CTCs_project_use/panCTCs/bin/panCTC_classify/V10CC/V10CC_results","Set2","Top3",1,NA,"Primary cancer cells","Primary cancer cells"
"2145","10X-seq PreT1 CC","/Users/macminiye/scRNA-seq_works/Cervix_scRNA_CTCs_project_use/panCTCs/bin/panCTC_classify/V10CC/V10CC_results","Set2","Top3",1,NA,"Primary cancer cells","Primary cancer cells"
"2146","10X-seq PreT2 CC","/Users/macminiye/scRNA-seq_works/Cervix_scRNA_CTCs_project_use/panCTCs/bin/panCTC_classify/V10CC/V10CC_results","Set2","Top3",1,NA,"Primary cancer cells","Primary cancer cells"
"2147","10X-seq PreT1 CC","/Users/macminiye/scRNA-seq_works/Cervix_scRNA_CTCs_project_use/panCTCs/bin/panCTC_classify/V10CC/V10CC_results","Set2","Top3",1,NA,"Primary cancer cells","Primary cancer cells"
"2148","10X-seq T2Dur3 CC","/Users/macminiye/scRNA-seq_works/Cervix_scRNA_CTCs_project_use/panCTCs/bin/panCTC_classify/V10CC/V10CC_results","Set2","Top3",1,NA,"Primary cancer cells","Primary cancer cells"
"2149","10X-seq T3Dur3 CC","/Users/macminiye/scRNA-seq_works/Cervix_scRNA_CTCs_project_use/panCTCs/bin/panCTC_classify/V10CC/V10CC_results","Set2","Top3",1,NA,"Primary cancer cells","Primary cancer cells"
"2150","10X-seq T2Dur3 CC","/Users/macminiye/scRNA-seq_works/Cervix_scRNA_CTCs_project_use/panCTCs/bin/panCTC_classify/V10CC/V10CC_results","Set2","Top3",1,NA,"Primary cancer cells","Primary cancer cells"
"2151","10X-seq PreT3 CC","/Users/macminiye/scRNA-seq_works/Cervix_scRNA_CTCs_project_use/panCTCs/bin/panCTC_classify/V10CC/V10CC_results","Set2","Top3",1,NA,"Primary cancer cells","Primary cancer cells"
"2152","10X-seq T3Dur3 CC","/Users/macminiye/scRNA-seq_works/Cervix_scRNA_CTCs_project_use/panCTCs/bin/panCTC_classify/V10CC/V10CC_results","Set2","Top3",0.996,NA,"Primary cancer cells","Primary cancer cells"
"2153","10X-seq PreT2 CC","/Users/macminiye/scRNA-seq_works/Cervix_scRNA_CTCs_project_use/panCTCs/bin/panCTC_classify/V10CC/V10CC_results","Set2","Top3",1,NA,"Primary cancer cells","Primary cancer cells"
"2154","10X-seq T2Dur3 CC","/Users/macminiye/scRNA-seq_works/Cervix_scRNA_CTCs_project_use/panCTCs/bin/panCTC_classify/V10CC/V10CC_results","Set2","Top3",0.99,NA,"Primary cancer cells","Primary cancer cells"
"2155","10X-seq Tumorhn115 CC","/Users/macminiye/scRNA-seq_works/Cervix_scRNA_CTCs_project_use/panCTCs/bin/panCTC_classify/V10CC/V10CC_results","Set2","Top3",0.995,NA,"Primary cancer cells","Primary cancer cells"
"2156","10X-seq T3Dur3 CC","/Users/macminiye/scRNA-seq_works/Cervix_scRNA_CTCs_project_use/panCTCs/bin/panCTC_classify/V10CC/V10CC_results","Set2","Top3",1,NA,"Primary cancer cells","Primary cancer cells"
"2157","10X-seq PreT3 CC","/Users/macminiye/scRNA-seq_works/Cervix_scRNA_CTCs_project_use/panCTCs/bin/panCTC_classify/V10CC/V10CC_results","Set2","Top3",1,NA,"Primary cancer cells","Primary cancer cells"
"2158","10X-seq Tumorhn115 CC","/Users/macminiye/scRNA-seq_works/Cervix_scRNA_CTCs_project_use/panCTCs/bin/panCTC_classify/V10CC/V10CC_results","Set2","Top3",1,NA,"Primary cancer cells","Primary cancer cells"
"2159","10X-seq PreT3 CC","/Users/macminiye/scRNA-seq_works/Cervix_scRNA_CTCs_project_use/panCTCs/bin/panCTC_classify/V10CC/V10CC_results","Set2","Top3",1,NA,"Primary cancer cells","Primary cancer cells"
"2160","10X-seq PreT3 CC","/Users/macminiye/scRNA-seq_works/Cervix_scRNA_CTCs_project_use/panCTCs/bin/panCTC_classify/V10CC/V10CC_results","Set2","Top3",1,NA,"Primary cancer cells","Primary cancer cells"
"2161","10X-seq PreT2 CC","/Users/macminiye/scRNA-seq_works/Cervix_scRNA_CTCs_project_use/panCTCs/bin/panCTC_classify/V10CC/V10CC_results","Set2","Top3",1,NA,"Primary cancer cells","Primary cancer cells"
"2162","10X-seq Tumorhn115 CC","/Users/macminiye/scRNA-seq_works/Cervix_scRNA_CTCs_project_use/panCTCs/bin/panCTC_classify/V10CC/V10CC_results","Set2","Top3",1,NA,"Primary cancer cells","Primary cancer cells"
"2163","10X-seq T2Dur3 CC","/Users/macminiye/scRNA-seq_works/Cervix_scRNA_CTCs_project_use/panCTCs/bin/panCTC_classify/V10CC/V10CC_results","Set2","Top3",0.99,NA,"Primary cancer cells","Primary cancer cells"
"2164","10X-seq T3Dur3 CC","/Users/macminiye/scRNA-seq_works/Cervix_scRNA_CTCs_project_use/panCTCs/bin/panCTC_classify/V10CC/V10CC_results","Set2","Top3",1,NA,"Primary cancer cells","Primary cancer cells"
"2165","10X-seq T2Dur3 CC","/Users/macminiye/scRNA-seq_works/Cervix_scRNA_CTCs_project_use/panCTCs/bin/panCTC_classify/V10CC/V10CC_results","Set2","Top3",0.992,NA,"Primary cancer cells","Primary cancer cells"
"2166","10X-seq T3Dur3 CC","/Users/macminiye/scRNA-seq_works/Cervix_scRNA_CTCs_project_use/panCTCs/bin/panCTC_classify/V10CC/V10CC_results","Set2","Top3",1,NA,"Primary cancer cells","Primary cancer cells"
"2167","10X-seq Tumorhn115 CC","/Users/macminiye/scRNA-seq_works/Cervix_scRNA_CTCs_project_use/panCTCs/bin/panCTC_classify/V10CC/V10CC_results","Set2","Top3",0.998,NA,"Primary cancer cells","Primary cancer cells"
"2168","10X-seq PreT1 CC","/Users/macminiye/scRNA-seq_works/Cervix_scRNA_CTCs_project_use/panCTCs/bin/panCTC_classify/V10CC/V10CC_results","Set2","Top3",1,NA,"Primary cancer cells","Primary cancer cells"
"2169","10X-seq PreT3 CC","/Users/macminiye/scRNA-seq_works/Cervix_scRNA_CTCs_project_use/panCTCs/bin/panCTC_classify/V10CC/V10CC_results","Set2","Top3",1,NA,"Primary cancer cells","Primary cancer cells"
"2170","10X-seq PreT1 CC","/Users/macminiye/scRNA-seq_works/Cervix_scRNA_CTCs_project_use/panCTCs/bin/panCTC_classify/V10CC/V10CC_results","Set3","Top1",1,NA,"Primary cancer cells","Primary cancer cells"
"2171","10X-seq PreT2 CC","/Users/macminiye/scRNA-seq_works/Cervix_scRNA_CTCs_project_use/panCTCs/bin/panCTC_classify/V10CC/V10CC_results","Set3","Top1",0.98,NA,"Primary cancer cells","Primary cancer cells"
"2172","10X-seq T3Dur3 CC","/Users/macminiye/scRNA-seq_works/Cervix_scRNA_CTCs_project_use/panCTCs/bin/panCTC_classify/V10CC/V10CC_results","Set3","Top1",1,NA,"Primary cancer cells","Primary cancer cells"
"2173","10X-seq PreT1 CC","/Users/macminiye/scRNA-seq_works/Cervix_scRNA_CTCs_project_use/panCTCs/bin/panCTC_classify/V10CC/V10CC_results","Set3","Top1",1,NA,"Primary cancer cells","Primary cancer cells"
"2174","10X-seq PreT1 CC","/Users/macminiye/scRNA-seq_works/Cervix_scRNA_CTCs_project_use/panCTCs/bin/panCTC_classify/V10CC/V10CC_results","Set3","Top1",1,NA,"Primary cancer cells","Primary cancer cells"
"2175","10X-seq PreT2 CC","/Users/macminiye/scRNA-seq_works/Cervix_scRNA_CTCs_project_use/panCTCs/bin/panCTC_classify/V10CC/V10CC_results","Set3","Top1",0.99,NA,"Primary cancer cells","Primary cancer cells"
"2176","10X-seq T2Dur3 CC","/Users/macminiye/scRNA-seq_works/Cervix_scRNA_CTCs_project_use/panCTCs/bin/panCTC_classify/V10CC/V10CC_results","Set3","Top1",0.96,NA,"Primary cancer cells","Primary cancer cells"
"2177","10X-seq T3Dur3 CC","/Users/macminiye/scRNA-seq_works/Cervix_scRNA_CTCs_project_use/panCTCs/bin/panCTC_classify/V10CC/V10CC_results","Set3","Top1",1,NA,"Primary cancer cells","Primary cancer cells"
"2178","10X-seq PreT2 CC","/Users/macminiye/scRNA-seq_works/Cervix_scRNA_CTCs_project_use/panCTCs/bin/panCTC_classify/V10CC/V10CC_results","Set3","Top1",0.988,NA,"Primary cancer cells","Primary cancer cells"
"2179","10X-seq PreT3 CC","/Users/macminiye/scRNA-seq_works/Cervix_scRNA_CTCs_project_use/panCTCs/bin/panCTC_classify/V10CC/V10CC_results","Set3","Top1",1,NA,"Primary cancer cells","Primary cancer cells"
"2180","10X-seq PreT1 CC","/Users/macminiye/scRNA-seq_works/Cervix_scRNA_CTCs_project_use/panCTCs/bin/panCTC_classify/V10CC/V10CC_results","Set3","Top1",1,NA,"Primary cancer cells","Primary cancer cells"
"2181","10X-seq Tumorhn115 CC","/Users/macminiye/scRNA-seq_works/Cervix_scRNA_CTCs_project_use/panCTCs/bin/panCTC_classify/V10CC/V10CC_results","Set3","Top1",0.98,NA,"Primary cancer cells","Primary cancer cells"
"2182","10X-seq Tumorhn115 CC","/Users/macminiye/scRNA-seq_works/Cervix_scRNA_CTCs_project_use/panCTCs/bin/panCTC_classify/V10CC/V10CC_results","Set3","Top1",1,NA,"Primary cancer cells","Primary cancer cells"
"2183","10X-seq PreT3 CC","/Users/macminiye/scRNA-seq_works/Cervix_scRNA_CTCs_project_use/panCTCs/bin/panCTC_classify/V10CC/V10CC_results","Set3","Top1",1,NA,"Primary cancer cells","Primary cancer cells"
"2184","10X-seq Tumorhn115 CC","/Users/macminiye/scRNA-seq_works/Cervix_scRNA_CTCs_project_use/panCTCs/bin/panCTC_classify/V10CC/V10CC_results","Set3","Top1",1,NA,"Primary cancer cells","Primary cancer cells"
"2185","10X-seq PreT2 CC","/Users/macminiye/scRNA-seq_works/Cervix_scRNA_CTCs_project_use/panCTCs/bin/panCTC_classify/V10CC/V10CC_results","Set3","Top1",0.98,NA,"Primary cancer cells","Primary cancer cells"
"2186","10X-seq T2Dur3 CC","/Users/macminiye/scRNA-seq_works/Cervix_scRNA_CTCs_project_use/panCTCs/bin/panCTC_classify/V10CC/V10CC_results","Set3","Top1",0.8,NA,"Primary cancer cells","Primary cancer cells"
"2187","10X-seq PreT1 CC","/Users/macminiye/scRNA-seq_works/Cervix_scRNA_CTCs_project_use/panCTCs/bin/panCTC_classify/V10CC/V10CC_results","Set3","Top1",1,NA,"Primary cancer cells","Primary cancer cells"
"2188","10X-seq PreT2 CC","/Users/macminiye/scRNA-seq_works/Cervix_scRNA_CTCs_project_use/panCTCs/bin/panCTC_classify/V10CC/V10CC_results","Set3","Top1",0.85,NA,"Primary cancer cells","Primary cancer cells"
"2189","10X-seq PreT1 CC","/Users/macminiye/scRNA-seq_works/Cervix_scRNA_CTCs_project_use/panCTCs/bin/panCTC_classify/V10CC/V10CC_results","Set3","Top1",1,NA,"Primary cancer cells","Primary cancer cells"
"2190","10X-seq T2Dur3 CC","/Users/macminiye/scRNA-seq_works/Cervix_scRNA_CTCs_project_use/panCTCs/bin/panCTC_classify/V10CC/V10CC_results","Set3","Top1",1,NA,"Primary cancer cells","Primary cancer cells"
"2191","10X-seq T3Dur3 CC","/Users/macminiye/scRNA-seq_works/Cervix_scRNA_CTCs_project_use/panCTCs/bin/panCTC_classify/V10CC/V10CC_results","Set3","Top1",0.96,NA,"Primary cancer cells","Primary cancer cells"
"2192","10X-seq T2Dur3 CC","/Users/macminiye/scRNA-seq_works/Cervix_scRNA_CTCs_project_use/panCTCs/bin/panCTC_classify/V10CC/V10CC_results","Set3","Top1",1,NA,"Primary cancer cells","Primary cancer cells"
"2193","10X-seq PreT3 CC","/Users/macminiye/scRNA-seq_works/Cervix_scRNA_CTCs_project_use/panCTCs/bin/panCTC_classify/V10CC/V10CC_results","Set3","Top1",1,NA,"Primary cancer cells","Primary cancer cells"
"2194","10X-seq T3Dur3 CC","/Users/macminiye/scRNA-seq_works/Cervix_scRNA_CTCs_project_use/panCTCs/bin/panCTC_classify/V10CC/V10CC_results","Set3","Top1",0.978,NA,"Primary cancer cells","Primary cancer cells"
"2195","10X-seq PreT2 CC","/Users/macminiye/scRNA-seq_works/Cervix_scRNA_CTCs_project_use/panCTCs/bin/panCTC_classify/V10CC/V10CC_results","Set3","Top1",1,NA,"Primary cancer cells","Primary cancer cells"
"2196","10X-seq T2Dur3 CC","/Users/macminiye/scRNA-seq_works/Cervix_scRNA_CTCs_project_use/panCTCs/bin/panCTC_classify/V10CC/V10CC_results","Set3","Top1",0.95,NA,"Primary cancer cells","Primary cancer cells"
"2197","10X-seq Tumorhn115 CC","/Users/macminiye/scRNA-seq_works/Cervix_scRNA_CTCs_project_use/panCTCs/bin/panCTC_classify/V10CC/V10CC_results","Set3","Top1",0.995,NA,"Primary cancer cells","Primary cancer cells"
"2198","10X-seq T3Dur3 CC","/Users/macminiye/scRNA-seq_works/Cervix_scRNA_CTCs_project_use/panCTCs/bin/panCTC_classify/V10CC/V10CC_results","Set3","Top1",0.99,NA,"Primary cancer cells","Primary cancer cells"
"2199","10X-seq PreT3 CC","/Users/macminiye/scRNA-seq_works/Cervix_scRNA_CTCs_project_use/panCTCs/bin/panCTC_classify/V10CC/V10CC_results","Set3","Top1",1,NA,"Primary cancer cells","Primary cancer cells"
"2200","10X-seq Tumorhn115 CC","/Users/macminiye/scRNA-seq_works/Cervix_scRNA_CTCs_project_use/panCTCs/bin/panCTC_classify/V10CC/V10CC_results","Set3","Top1",1,NA,"Primary cancer cells","Primary cancer cells"
"2201","10X-seq PreT3 CC","/Users/macminiye/scRNA-seq_works/Cervix_scRNA_CTCs_project_use/panCTCs/bin/panCTC_classify/V10CC/V10CC_results","Set3","Top1",1,NA,"Primary cancer cells","Primary cancer cells"
"2202","10X-seq PreT3 CC","/Users/macminiye/scRNA-seq_works/Cervix_scRNA_CTCs_project_use/panCTCs/bin/panCTC_classify/V10CC/V10CC_results","Set3","Top1",0.996,NA,"Primary cancer cells","Primary cancer cells"
"2203","10X-seq PreT2 CC","/Users/macminiye/scRNA-seq_works/Cervix_scRNA_CTCs_project_use/panCTCs/bin/panCTC_classify/V10CC/V10CC_results","Set3","Top1",1,NA,"Primary cancer cells","Primary cancer cells"
"2204","10X-seq Tumorhn115 CC","/Users/macminiye/scRNA-seq_works/Cervix_scRNA_CTCs_project_use/panCTCs/bin/panCTC_classify/V10CC/V10CC_results","Set3","Top1",0.99,NA,"Primary cancer cells","Primary cancer cells"
"2205","10X-seq T2Dur3 CC","/Users/macminiye/scRNA-seq_works/Cervix_scRNA_CTCs_project_use/panCTCs/bin/panCTC_classify/V10CC/V10CC_results","Set3","Top1",0.94,NA,"Primary cancer cells","Primary cancer cells"
"2206","10X-seq T3Dur3 CC","/Users/macminiye/scRNA-seq_works/Cervix_scRNA_CTCs_project_use/panCTCs/bin/panCTC_classify/V10CC/V10CC_results","Set3","Top1",0.995,NA,"Primary cancer cells","Primary cancer cells"
"2207","10X-seq T2Dur3 CC","/Users/macminiye/scRNA-seq_works/Cervix_scRNA_CTCs_project_use/panCTCs/bin/panCTC_classify/V10CC/V10CC_results","Set3","Top1",0.944,NA,"Primary cancer cells","Primary cancer cells"
"2208","10X-seq T3Dur3 CC","/Users/macminiye/scRNA-seq_works/Cervix_scRNA_CTCs_project_use/panCTCs/bin/panCTC_classify/V10CC/V10CC_results","Set3","Top1",1,NA,"Primary cancer cells","Primary cancer cells"
"2209","10X-seq Tumorhn115 CC","/Users/macminiye/scRNA-seq_works/Cervix_scRNA_CTCs_project_use/panCTCs/bin/panCTC_classify/V10CC/V10CC_results","Set3","Top1",0.984,NA,"Primary cancer cells","Primary cancer cells"
"2210","10X-seq PreT1 CC","/Users/macminiye/scRNA-seq_works/Cervix_scRNA_CTCs_project_use/panCTCs/bin/panCTC_classify/V10CC/V10CC_results","Set3","Top1",1,NA,"Primary cancer cells","Primary cancer cells"
"2211","10X-seq PreT3 CC","/Users/macminiye/scRNA-seq_works/Cervix_scRNA_CTCs_project_use/panCTCs/bin/panCTC_classify/V10CC/V10CC_results","Set3","Top1",1,NA,"Primary cancer cells","Primary cancer cells"
"2212","10X-seq PreT1 CC","/Users/macminiye/scRNA-seq_works/Cervix_scRNA_CTCs_project_use/panCTCs/bin/panCTC_classify/V10CC/V10CC_results","Set3","Top2",1,NA,"Primary cancer cells","Primary cancer cells"
"2213","10X-seq PreT2 CC","/Users/macminiye/scRNA-seq_works/Cervix_scRNA_CTCs_project_use/panCTCs/bin/panCTC_classify/V10CC/V10CC_results","Set3","Top2",1,NA,"Primary cancer cells","Primary cancer cells"
"2214","10X-seq T3Dur3 CC","/Users/macminiye/scRNA-seq_works/Cervix_scRNA_CTCs_project_use/panCTCs/bin/panCTC_classify/V10CC/V10CC_results","Set3","Top2",1,NA,"Primary cancer cells","Primary cancer cells"
"2215","10X-seq PreT1 CC","/Users/macminiye/scRNA-seq_works/Cervix_scRNA_CTCs_project_use/panCTCs/bin/panCTC_classify/V10CC/V10CC_results","Set3","Top2",1,NA,"Primary cancer cells","Primary cancer cells"
"2216","10X-seq PreT1 CC","/Users/macminiye/scRNA-seq_works/Cervix_scRNA_CTCs_project_use/panCTCs/bin/panCTC_classify/V10CC/V10CC_results","Set3","Top2",1,NA,"Primary cancer cells","Primary cancer cells"
"2217","10X-seq PreT2 CC","/Users/macminiye/scRNA-seq_works/Cervix_scRNA_CTCs_project_use/panCTCs/bin/panCTC_classify/V10CC/V10CC_results","Set3","Top2",1,NA,"Primary cancer cells","Primary cancer cells"
"2218","10X-seq T2Dur3 CC","/Users/macminiye/scRNA-seq_works/Cervix_scRNA_CTCs_project_use/panCTCs/bin/panCTC_classify/V10CC/V10CC_results","Set3","Top2",1,NA,"Primary cancer cells","Primary cancer cells"
"2219","10X-seq T3Dur3 CC","/Users/macminiye/scRNA-seq_works/Cervix_scRNA_CTCs_project_use/panCTCs/bin/panCTC_classify/V10CC/V10CC_results","Set3","Top2",1,NA,"Primary cancer cells","Primary cancer cells"
"2220","10X-seq PreT2 CC","/Users/macminiye/scRNA-seq_works/Cervix_scRNA_CTCs_project_use/panCTCs/bin/panCTC_classify/V10CC/V10CC_results","Set3","Top2",0.996,NA,"Primary cancer cells","Primary cancer cells"
"2221","10X-seq PreT3 CC","/Users/macminiye/scRNA-seq_works/Cervix_scRNA_CTCs_project_use/panCTCs/bin/panCTC_classify/V10CC/V10CC_results","Set3","Top2",1,NA,"Primary cancer cells","Primary cancer cells"
"2222","10X-seq PreT1 CC","/Users/macminiye/scRNA-seq_works/Cervix_scRNA_CTCs_project_use/panCTCs/bin/panCTC_classify/V10CC/V10CC_results","Set3","Top2",1,NA,"Primary cancer cells","Primary cancer cells"
"2223","10X-seq Tumorhn115 CC","/Users/macminiye/scRNA-seq_works/Cervix_scRNA_CTCs_project_use/panCTCs/bin/panCTC_classify/V10CC/V10CC_results","Set3","Top2",1,NA,"Primary cancer cells","Primary cancer cells"
"2224","10X-seq Tumorhn115 CC","/Users/macminiye/scRNA-seq_works/Cervix_scRNA_CTCs_project_use/panCTCs/bin/panCTC_classify/V10CC/V10CC_results","Set3","Top2",1,NA,"Primary cancer cells","Primary cancer cells"
"2225","10X-seq PreT3 CC","/Users/macminiye/scRNA-seq_works/Cervix_scRNA_CTCs_project_use/panCTCs/bin/panCTC_classify/V10CC/V10CC_results","Set3","Top2",1,NA,"Primary cancer cells","Primary cancer cells"
"2226","10X-seq Tumorhn115 CC","/Users/macminiye/scRNA-seq_works/Cervix_scRNA_CTCs_project_use/panCTCs/bin/panCTC_classify/V10CC/V10CC_results","Set3","Top2",1,NA,"Primary cancer cells","Primary cancer cells"
"2227","10X-seq PreT2 CC","/Users/macminiye/scRNA-seq_works/Cervix_scRNA_CTCs_project_use/panCTCs/bin/panCTC_classify/V10CC/V10CC_results","Set3","Top2",1,NA,"Primary cancer cells","Primary cancer cells"
"2228","10X-seq T2Dur3 CC","/Users/macminiye/scRNA-seq_works/Cervix_scRNA_CTCs_project_use/panCTCs/bin/panCTC_classify/V10CC/V10CC_results","Set3","Top2",1,NA,"Primary cancer cells","Primary cancer cells"
"2229","10X-seq PreT1 CC","/Users/macminiye/scRNA-seq_works/Cervix_scRNA_CTCs_project_use/panCTCs/bin/panCTC_classify/V10CC/V10CC_results","Set3","Top2",1,NA,"Primary cancer cells","Primary cancer cells"
"2230","10X-seq PreT2 CC","/Users/macminiye/scRNA-seq_works/Cervix_scRNA_CTCs_project_use/panCTCs/bin/panCTC_classify/V10CC/V10CC_results","Set3","Top2",1,NA,"Primary cancer cells","Primary cancer cells"
"2231","10X-seq PreT1 CC","/Users/macminiye/scRNA-seq_works/Cervix_scRNA_CTCs_project_use/panCTCs/bin/panCTC_classify/V10CC/V10CC_results","Set3","Top2",1,NA,"Primary cancer cells","Primary cancer cells"
"2232","10X-seq T2Dur3 CC","/Users/macminiye/scRNA-seq_works/Cervix_scRNA_CTCs_project_use/panCTCs/bin/panCTC_classify/V10CC/V10CC_results","Set3","Top2",1,NA,"Primary cancer cells","Primary cancer cells"
"2233","10X-seq T3Dur3 CC","/Users/macminiye/scRNA-seq_works/Cervix_scRNA_CTCs_project_use/panCTCs/bin/panCTC_classify/V10CC/V10CC_results","Set3","Top2",0.98,NA,"Primary cancer cells","Primary cancer cells"
"2234","10X-seq T2Dur3 CC","/Users/macminiye/scRNA-seq_works/Cervix_scRNA_CTCs_project_use/panCTCs/bin/panCTC_classify/V10CC/V10CC_results","Set3","Top2",1,NA,"Primary cancer cells","Primary cancer cells"
"2235","10X-seq PreT3 CC","/Users/macminiye/scRNA-seq_works/Cervix_scRNA_CTCs_project_use/panCTCs/bin/panCTC_classify/V10CC/V10CC_results","Set3","Top2",1,NA,"Primary cancer cells","Primary cancer cells"
"2236","10X-seq T3Dur3 CC","/Users/macminiye/scRNA-seq_works/Cervix_scRNA_CTCs_project_use/panCTCs/bin/panCTC_classify/V10CC/V10CC_results","Set3","Top2",0.994,NA,"Primary cancer cells","Primary cancer cells"
"2237","10X-seq PreT2 CC","/Users/macminiye/scRNA-seq_works/Cervix_scRNA_CTCs_project_use/panCTCs/bin/panCTC_classify/V10CC/V10CC_results","Set3","Top2",1,NA,"Primary cancer cells","Primary cancer cells"
"2238","10X-seq T2Dur3 CC","/Users/macminiye/scRNA-seq_works/Cervix_scRNA_CTCs_project_use/panCTCs/bin/panCTC_classify/V10CC/V10CC_results","Set3","Top2",0.99,NA,"Primary cancer cells","Primary cancer cells"
"2239","10X-seq Tumorhn115 CC","/Users/macminiye/scRNA-seq_works/Cervix_scRNA_CTCs_project_use/panCTCs/bin/panCTC_classify/V10CC/V10CC_results","Set3","Top2",1,NA,"Primary cancer cells","Primary cancer cells"
"2240","10X-seq T3Dur3 CC","/Users/macminiye/scRNA-seq_works/Cervix_scRNA_CTCs_project_use/panCTCs/bin/panCTC_classify/V10CC/V10CC_results","Set3","Top2",0.99,NA,"Primary cancer cells","Primary cancer cells"
"2241","10X-seq PreT3 CC","/Users/macminiye/scRNA-seq_works/Cervix_scRNA_CTCs_project_use/panCTCs/bin/panCTC_classify/V10CC/V10CC_results","Set3","Top2",1,NA,"Primary cancer cells","Primary cancer cells"
"2242","10X-seq Tumorhn115 CC","/Users/macminiye/scRNA-seq_works/Cervix_scRNA_CTCs_project_use/panCTCs/bin/panCTC_classify/V10CC/V10CC_results","Set3","Top2",1,NA,"Primary cancer cells","Primary cancer cells"
"2243","10X-seq PreT3 CC","/Users/macminiye/scRNA-seq_works/Cervix_scRNA_CTCs_project_use/panCTCs/bin/panCTC_classify/V10CC/V10CC_results","Set3","Top2",1,NA,"Primary cancer cells","Primary cancer cells"
"2244","10X-seq PreT3 CC","/Users/macminiye/scRNA-seq_works/Cervix_scRNA_CTCs_project_use/panCTCs/bin/panCTC_classify/V10CC/V10CC_results","Set3","Top2",1,NA,"Primary cancer cells","Primary cancer cells"
"2245","10X-seq PreT2 CC","/Users/macminiye/scRNA-seq_works/Cervix_scRNA_CTCs_project_use/panCTCs/bin/panCTC_classify/V10CC/V10CC_results","Set3","Top2",1,NA,"Primary cancer cells","Primary cancer cells"
"2246","10X-seq Tumorhn115 CC","/Users/macminiye/scRNA-seq_works/Cervix_scRNA_CTCs_project_use/panCTCs/bin/panCTC_classify/V10CC/V10CC_results","Set3","Top2",1,NA,"Primary cancer cells","Primary cancer cells"
"2247","10X-seq T2Dur3 CC","/Users/macminiye/scRNA-seq_works/Cervix_scRNA_CTCs_project_use/panCTCs/bin/panCTC_classify/V10CC/V10CC_results","Set3","Top2",0.99,NA,"Primary cancer cells","Primary cancer cells"
"2248","10X-seq T3Dur3 CC","/Users/macminiye/scRNA-seq_works/Cervix_scRNA_CTCs_project_use/panCTCs/bin/panCTC_classify/V10CC/V10CC_results","Set3","Top2",1,NA,"Primary cancer cells","Primary cancer cells"
"2249","10X-seq T2Dur3 CC","/Users/macminiye/scRNA-seq_works/Cervix_scRNA_CTCs_project_use/panCTCs/bin/panCTC_classify/V10CC/V10CC_results","Set3","Top2",0.992,NA,"Primary cancer cells","Primary cancer cells"
"2250","10X-seq T3Dur3 CC","/Users/macminiye/scRNA-seq_works/Cervix_scRNA_CTCs_project_use/panCTCs/bin/panCTC_classify/V10CC/V10CC_results","Set3","Top2",1,NA,"Primary cancer cells","Primary cancer cells"
"2251","10X-seq Tumorhn115 CC","/Users/macminiye/scRNA-seq_works/Cervix_scRNA_CTCs_project_use/panCTCs/bin/panCTC_classify/V10CC/V10CC_results","Set3","Top2",0.996,NA,"Primary cancer cells","Primary cancer cells"
"2252","10X-seq PreT1 CC","/Users/macminiye/scRNA-seq_works/Cervix_scRNA_CTCs_project_use/panCTCs/bin/panCTC_classify/V10CC/V10CC_results","Set3","Top2",1,NA,"Primary cancer cells","Primary cancer cells"
"2253","10X-seq PreT3 CC","/Users/macminiye/scRNA-seq_works/Cervix_scRNA_CTCs_project_use/panCTCs/bin/panCTC_classify/V10CC/V10CC_results","Set3","Top2",1,NA,"Primary cancer cells","Primary cancer cells"
"2254","10X-seq PreT1 CC","/Users/macminiye/scRNA-seq_works/Cervix_scRNA_CTCs_project_use/panCTCs/bin/panCTC_classify/V10CC/V10CC_results","Set3","Top3",1,NA,"Primary cancer cells","Primary cancer cells"
"2255","10X-seq PreT2 CC","/Users/macminiye/scRNA-seq_works/Cervix_scRNA_CTCs_project_use/panCTCs/bin/panCTC_classify/V10CC/V10CC_results","Set3","Top3",1,NA,"Primary cancer cells","Primary cancer cells"
"2256","10X-seq T3Dur3 CC","/Users/macminiye/scRNA-seq_works/Cervix_scRNA_CTCs_project_use/panCTCs/bin/panCTC_classify/V10CC/V10CC_results","Set3","Top3",1,NA,"Primary cancer cells","Primary cancer cells"
"2257","10X-seq PreT1 CC","/Users/macminiye/scRNA-seq_works/Cervix_scRNA_CTCs_project_use/panCTCs/bin/panCTC_classify/V10CC/V10CC_results","Set3","Top3",1,NA,"Primary cancer cells","Primary cancer cells"
"2258","10X-seq PreT1 CC","/Users/macminiye/scRNA-seq_works/Cervix_scRNA_CTCs_project_use/panCTCs/bin/panCTC_classify/V10CC/V10CC_results","Set3","Top3",1,NA,"Primary cancer cells","Primary cancer cells"
"2259","10X-seq PreT2 CC","/Users/macminiye/scRNA-seq_works/Cervix_scRNA_CTCs_project_use/panCTCs/bin/panCTC_classify/V10CC/V10CC_results","Set3","Top3",1,NA,"Primary cancer cells","Primary cancer cells"
"2260","10X-seq T2Dur3 CC","/Users/macminiye/scRNA-seq_works/Cervix_scRNA_CTCs_project_use/panCTCs/bin/panCTC_classify/V10CC/V10CC_results","Set3","Top3",1,NA,"Primary cancer cells","Primary cancer cells"
"2261","10X-seq T3Dur3 CC","/Users/macminiye/scRNA-seq_works/Cervix_scRNA_CTCs_project_use/panCTCs/bin/panCTC_classify/V10CC/V10CC_results","Set3","Top3",1,NA,"Primary cancer cells","Primary cancer cells"
"2262","10X-seq PreT2 CC","/Users/macminiye/scRNA-seq_works/Cervix_scRNA_CTCs_project_use/panCTCs/bin/panCTC_classify/V10CC/V10CC_results","Set3","Top3",0.998,NA,"Primary cancer cells","Primary cancer cells"
"2263","10X-seq PreT3 CC","/Users/macminiye/scRNA-seq_works/Cervix_scRNA_CTCs_project_use/panCTCs/bin/panCTC_classify/V10CC/V10CC_results","Set3","Top3",1,NA,"Primary cancer cells","Primary cancer cells"
"2264","10X-seq PreT1 CC","/Users/macminiye/scRNA-seq_works/Cervix_scRNA_CTCs_project_use/panCTCs/bin/panCTC_classify/V10CC/V10CC_results","Set3","Top3",1,NA,"Primary cancer cells","Primary cancer cells"
"2265","10X-seq Tumorhn115 CC","/Users/macminiye/scRNA-seq_works/Cervix_scRNA_CTCs_project_use/panCTCs/bin/panCTC_classify/V10CC/V10CC_results","Set3","Top3",1,NA,"Primary cancer cells","Primary cancer cells"
"2266","10X-seq Tumorhn115 CC","/Users/macminiye/scRNA-seq_works/Cervix_scRNA_CTCs_project_use/panCTCs/bin/panCTC_classify/V10CC/V10CC_results","Set3","Top3",1,NA,"Primary cancer cells","Primary cancer cells"
"2267","10X-seq PreT3 CC","/Users/macminiye/scRNA-seq_works/Cervix_scRNA_CTCs_project_use/panCTCs/bin/panCTC_classify/V10CC/V10CC_results","Set3","Top3",1,NA,"Primary cancer cells","Primary cancer cells"
"2268","10X-seq Tumorhn115 CC","/Users/macminiye/scRNA-seq_works/Cervix_scRNA_CTCs_project_use/panCTCs/bin/panCTC_classify/V10CC/V10CC_results","Set3","Top3",1,NA,"Primary cancer cells","Primary cancer cells"
"2269","10X-seq PreT2 CC","/Users/macminiye/scRNA-seq_works/Cervix_scRNA_CTCs_project_use/panCTCs/bin/panCTC_classify/V10CC/V10CC_results","Set3","Top3",1,NA,"Primary cancer cells","Primary cancer cells"
"2270","10X-seq T2Dur3 CC","/Users/macminiye/scRNA-seq_works/Cervix_scRNA_CTCs_project_use/panCTCs/bin/panCTC_classify/V10CC/V10CC_results","Set3","Top3",1,NA,"Primary cancer cells","Primary cancer cells"
"2271","10X-seq PreT1 CC","/Users/macminiye/scRNA-seq_works/Cervix_scRNA_CTCs_project_use/panCTCs/bin/panCTC_classify/V10CC/V10CC_results","Set3","Top3",1,NA,"Primary cancer cells","Primary cancer cells"
"2272","10X-seq PreT2 CC","/Users/macminiye/scRNA-seq_works/Cervix_scRNA_CTCs_project_use/panCTCs/bin/panCTC_classify/V10CC/V10CC_results","Set3","Top3",1,NA,"Primary cancer cells","Primary cancer cells"
"2273","10X-seq PreT1 CC","/Users/macminiye/scRNA-seq_works/Cervix_scRNA_CTCs_project_use/panCTCs/bin/panCTC_classify/V10CC/V10CC_results","Set3","Top3",1,NA,"Primary cancer cells","Primary cancer cells"
"2274","10X-seq T2Dur3 CC","/Users/macminiye/scRNA-seq_works/Cervix_scRNA_CTCs_project_use/panCTCs/bin/panCTC_classify/V10CC/V10CC_results","Set3","Top3",1,NA,"Primary cancer cells","Primary cancer cells"
"2275","10X-seq T3Dur3 CC","/Users/macminiye/scRNA-seq_works/Cervix_scRNA_CTCs_project_use/panCTCs/bin/panCTC_classify/V10CC/V10CC_results","Set3","Top3",1,NA,"Primary cancer cells","Primary cancer cells"
"2276","10X-seq T2Dur3 CC","/Users/macminiye/scRNA-seq_works/Cervix_scRNA_CTCs_project_use/panCTCs/bin/panCTC_classify/V10CC/V10CC_results","Set3","Top3",1,NA,"Primary cancer cells","Primary cancer cells"
"2277","10X-seq PreT3 CC","/Users/macminiye/scRNA-seq_works/Cervix_scRNA_CTCs_project_use/panCTCs/bin/panCTC_classify/V10CC/V10CC_results","Set3","Top3",1,NA,"Primary cancer cells","Primary cancer cells"
"2278","10X-seq T3Dur3 CC","/Users/macminiye/scRNA-seq_works/Cervix_scRNA_CTCs_project_use/panCTCs/bin/panCTC_classify/V10CC/V10CC_results","Set3","Top3",0.996,NA,"Primary cancer cells","Primary cancer cells"
"2279","10X-seq PreT2 CC","/Users/macminiye/scRNA-seq_works/Cervix_scRNA_CTCs_project_use/panCTCs/bin/panCTC_classify/V10CC/V10CC_results","Set3","Top3",1,NA,"Primary cancer cells","Primary cancer cells"
"2280","10X-seq T2Dur3 CC","/Users/macminiye/scRNA-seq_works/Cervix_scRNA_CTCs_project_use/panCTCs/bin/panCTC_classify/V10CC/V10CC_results","Set3","Top3",0.995,NA,"Primary cancer cells","Primary cancer cells"
"2281","10X-seq Tumorhn115 CC","/Users/macminiye/scRNA-seq_works/Cervix_scRNA_CTCs_project_use/panCTCs/bin/panCTC_classify/V10CC/V10CC_results","Set3","Top3",1,NA,"Primary cancer cells","Primary cancer cells"
"2282","10X-seq T3Dur3 CC","/Users/macminiye/scRNA-seq_works/Cervix_scRNA_CTCs_project_use/panCTCs/bin/panCTC_classify/V10CC/V10CC_results","Set3","Top3",0.99,NA,"Primary cancer cells","Primary cancer cells"
"2283","10X-seq PreT3 CC","/Users/macminiye/scRNA-seq_works/Cervix_scRNA_CTCs_project_use/panCTCs/bin/panCTC_classify/V10CC/V10CC_results","Set3","Top3",1,NA,"Primary cancer cells","Primary cancer cells"
"2284","10X-seq Tumorhn115 CC","/Users/macminiye/scRNA-seq_works/Cervix_scRNA_CTCs_project_use/panCTCs/bin/panCTC_classify/V10CC/V10CC_results","Set3","Top3",1,NA,"Primary cancer cells","Primary cancer cells"
"2285","10X-seq PreT3 CC","/Users/macminiye/scRNA-seq_works/Cervix_scRNA_CTCs_project_use/panCTCs/bin/panCTC_classify/V10CC/V10CC_results","Set3","Top3",1,NA,"Primary cancer cells","Primary cancer cells"
"2286","10X-seq PreT3 CC","/Users/macminiye/scRNA-seq_works/Cervix_scRNA_CTCs_project_use/panCTCs/bin/panCTC_classify/V10CC/V10CC_results","Set3","Top3",1,NA,"Primary cancer cells","Primary cancer cells"
"2287","10X-seq PreT2 CC","/Users/macminiye/scRNA-seq_works/Cervix_scRNA_CTCs_project_use/panCTCs/bin/panCTC_classify/V10CC/V10CC_results","Set3","Top3",1,NA,"Primary cancer cells","Primary cancer cells"
"2288","10X-seq Tumorhn115 CC","/Users/macminiye/scRNA-seq_works/Cervix_scRNA_CTCs_project_use/panCTCs/bin/panCTC_classify/V10CC/V10CC_results","Set3","Top3",1,NA,"Primary cancer cells","Primary cancer cells"
"2289","10X-seq T2Dur3 CC","/Users/macminiye/scRNA-seq_works/Cervix_scRNA_CTCs_project_use/panCTCs/bin/panCTC_classify/V10CC/V10CC_results","Set3","Top3",0.99,NA,"Primary cancer cells","Primary cancer cells"
"2290","10X-seq T3Dur3 CC","/Users/macminiye/scRNA-seq_works/Cervix_scRNA_CTCs_project_use/panCTCs/bin/panCTC_classify/V10CC/V10CC_results","Set3","Top3",1,NA,"Primary cancer cells","Primary cancer cells"
"2291","10X-seq T2Dur3 CC","/Users/macminiye/scRNA-seq_works/Cervix_scRNA_CTCs_project_use/panCTCs/bin/panCTC_classify/V10CC/V10CC_results","Set3","Top3",0.994,NA,"Primary cancer cells","Primary cancer cells"
"2292","10X-seq T3Dur3 CC","/Users/macminiye/scRNA-seq_works/Cervix_scRNA_CTCs_project_use/panCTCs/bin/panCTC_classify/V10CC/V10CC_results","Set3","Top3",1,NA,"Primary cancer cells","Primary cancer cells"
"2293","10X-seq Tumorhn115 CC","/Users/macminiye/scRNA-seq_works/Cervix_scRNA_CTCs_project_use/panCTCs/bin/panCTC_classify/V10CC/V10CC_results","Set3","Top3",0.998,NA,"Primary cancer cells","Primary cancer cells"
"2294","10X-seq PreT1 CC","/Users/macminiye/scRNA-seq_works/Cervix_scRNA_CTCs_project_use/panCTCs/bin/panCTC_classify/V10CC/V10CC_results","Set3","Top3",1,NA,"Primary cancer cells","Primary cancer cells"
"2295","10X-seq PreT3 CC","/Users/macminiye/scRNA-seq_works/Cervix_scRNA_CTCs_project_use/panCTCs/bin/panCTC_classify/V10CC/V10CC_results","Set3","Top3",1,NA,"Primary cancer cells","Primary cancer cells"
"2296","10X-seq PreT1 CC","/Users/macminiye/scRNA-seq_works/Cervix_scRNA_CTCs_project_use/panCTCs/bin/panCTC_classify/V10CC/V10CC_results","Set4","Top1",1,NA,"Primary cancer cells","Primary cancer cells"
"2297","10X-seq PreT2 CC","/Users/macminiye/scRNA-seq_works/Cervix_scRNA_CTCs_project_use/panCTCs/bin/panCTC_classify/V10CC/V10CC_results","Set4","Top1",1,NA,"Primary cancer cells","Primary cancer cells"
"2298","10X-seq T3Dur3 CC","/Users/macminiye/scRNA-seq_works/Cervix_scRNA_CTCs_project_use/panCTCs/bin/panCTC_classify/V10CC/V10CC_results","Set4","Top1",1,NA,"Primary cancer cells","Primary cancer cells"
"2299","10X-seq PreT1 CC","/Users/macminiye/scRNA-seq_works/Cervix_scRNA_CTCs_project_use/panCTCs/bin/panCTC_classify/V10CC/V10CC_results","Set4","Top1",1,NA,"Primary cancer cells","Primary cancer cells"
"2300","10X-seq PreT1 CC","/Users/macminiye/scRNA-seq_works/Cervix_scRNA_CTCs_project_use/panCTCs/bin/panCTC_classify/V10CC/V10CC_results","Set4","Top1",1,NA,"Primary cancer cells","Primary cancer cells"
"2301","10X-seq PreT2 CC","/Users/macminiye/scRNA-seq_works/Cervix_scRNA_CTCs_project_use/panCTCs/bin/panCTC_classify/V10CC/V10CC_results","Set4","Top1",0.98,NA,"Primary cancer cells","Primary cancer cells"
"2302","10X-seq T2Dur3 CC","/Users/macminiye/scRNA-seq_works/Cervix_scRNA_CTCs_project_use/panCTCs/bin/panCTC_classify/V10CC/V10CC_results","Set4","Top1",0.86,NA,"Primary cancer cells","Primary cancer cells"
"2303","10X-seq T3Dur3 CC","/Users/macminiye/scRNA-seq_works/Cervix_scRNA_CTCs_project_use/panCTCs/bin/panCTC_classify/V10CC/V10CC_results","Set4","Top1",0.9,NA,"Primary cancer cells","Primary cancer cells"
"2304","10X-seq PreT2 CC","/Users/macminiye/scRNA-seq_works/Cervix_scRNA_CTCs_project_use/panCTCs/bin/panCTC_classify/V10CC/V10CC_results","Set4","Top1",0.984,NA,"Primary cancer cells","Primary cancer cells"
"2305","10X-seq PreT3 CC","/Users/macminiye/scRNA-seq_works/Cervix_scRNA_CTCs_project_use/panCTCs/bin/panCTC_classify/V10CC/V10CC_results","Set4","Top1",1,NA,"Primary cancer cells","Primary cancer cells"
"2306","10X-seq PreT1 CC","/Users/macminiye/scRNA-seq_works/Cervix_scRNA_CTCs_project_use/panCTCs/bin/panCTC_classify/V10CC/V10CC_results","Set4","Top1",0.99,NA,"Primary cancer cells","Primary cancer cells"
"2307","10X-seq Tumorhn115 CC","/Users/macminiye/scRNA-seq_works/Cervix_scRNA_CTCs_project_use/panCTCs/bin/panCTC_classify/V10CC/V10CC_results","Set4","Top1",0.96,NA,"Primary cancer cells","Primary cancer cells"
"2308","10X-seq Tumorhn115 CC","/Users/macminiye/scRNA-seq_works/Cervix_scRNA_CTCs_project_use/panCTCs/bin/panCTC_classify/V10CC/V10CC_results","Set4","Top1",1,NA,"Primary cancer cells","Primary cancer cells"
"2309","10X-seq PreT3 CC","/Users/macminiye/scRNA-seq_works/Cervix_scRNA_CTCs_project_use/panCTCs/bin/panCTC_classify/V10CC/V10CC_results","Set4","Top1",1,NA,"Primary cancer cells","Primary cancer cells"
"2310","10X-seq Tumorhn115 CC","/Users/macminiye/scRNA-seq_works/Cervix_scRNA_CTCs_project_use/panCTCs/bin/panCTC_classify/V10CC/V10CC_results","Set4","Top1",1,NA,"Primary cancer cells","Primary cancer cells"
"2311","10X-seq PreT2 CC","/Users/macminiye/scRNA-seq_works/Cervix_scRNA_CTCs_project_use/panCTCs/bin/panCTC_classify/V10CC/V10CC_results","Set4","Top1",0.995,NA,"Primary cancer cells","Primary cancer cells"
"2312","10X-seq T2Dur3 CC","/Users/macminiye/scRNA-seq_works/Cervix_scRNA_CTCs_project_use/panCTCs/bin/panCTC_classify/V10CC/V10CC_results","Set4","Top1",0.8,NA,"Primary cancer cells","Primary cancer cells"
"2313","10X-seq PreT1 CC","/Users/macminiye/scRNA-seq_works/Cervix_scRNA_CTCs_project_use/panCTCs/bin/panCTC_classify/V10CC/V10CC_results","Set4","Top1",1,NA,"Primary cancer cells","Primary cancer cells"
"2314","10X-seq PreT2 CC","/Users/macminiye/scRNA-seq_works/Cervix_scRNA_CTCs_project_use/panCTCs/bin/panCTC_classify/V10CC/V10CC_results","Set4","Top1",1,NA,"Primary cancer cells","Primary cancer cells"
"2315","10X-seq PreT1 CC","/Users/macminiye/scRNA-seq_works/Cervix_scRNA_CTCs_project_use/panCTCs/bin/panCTC_classify/V10CC/V10CC_results","Set4","Top1",1,NA,"Primary cancer cells","Primary cancer cells"
"2316","10X-seq T2Dur3 CC","/Users/macminiye/scRNA-seq_works/Cervix_scRNA_CTCs_project_use/panCTCs/bin/panCTC_classify/V10CC/V10CC_results","Set4","Top1",0.85,NA,"Primary cancer cells","Primary cancer cells"
"2317","10X-seq T3Dur3 CC","/Users/macminiye/scRNA-seq_works/Cervix_scRNA_CTCs_project_use/panCTCs/bin/panCTC_classify/V10CC/V10CC_results","Set4","Top1",0.96,NA,"Primary cancer cells","Primary cancer cells"
"2318","10X-seq T2Dur3 CC","/Users/macminiye/scRNA-seq_works/Cervix_scRNA_CTCs_project_use/panCTCs/bin/panCTC_classify/V10CC/V10CC_results","Set4","Top1",0.9,NA,"Primary cancer cells","Primary cancer cells"
"2319","10X-seq PreT3 CC","/Users/macminiye/scRNA-seq_works/Cervix_scRNA_CTCs_project_use/panCTCs/bin/panCTC_classify/V10CC/V10CC_results","Set4","Top1",1,NA,"Primary cancer cells","Primary cancer cells"
"2320","10X-seq T3Dur3 CC","/Users/macminiye/scRNA-seq_works/Cervix_scRNA_CTCs_project_use/panCTCs/bin/panCTC_classify/V10CC/V10CC_results","Set4","Top1",0.978,NA,"Primary cancer cells","Primary cancer cells"
"2321","10X-seq PreT2 CC","/Users/macminiye/scRNA-seq_works/Cervix_scRNA_CTCs_project_use/panCTCs/bin/panCTC_classify/V10CC/V10CC_results","Set4","Top1",0.9,NA,"Primary cancer cells","Primary cancer cells"
"2322","10X-seq T2Dur3 CC","/Users/macminiye/scRNA-seq_works/Cervix_scRNA_CTCs_project_use/panCTCs/bin/panCTC_classify/V10CC/V10CC_results","Set4","Top1",0.96,NA,"Primary cancer cells","Primary cancer cells"
"2323","10X-seq Tumorhn115 CC","/Users/macminiye/scRNA-seq_works/Cervix_scRNA_CTCs_project_use/panCTCs/bin/panCTC_classify/V10CC/V10CC_results","Set4","Top1",1,NA,"Primary cancer cells","Primary cancer cells"
"2324","10X-seq T3Dur3 CC","/Users/macminiye/scRNA-seq_works/Cervix_scRNA_CTCs_project_use/panCTCs/bin/panCTC_classify/V10CC/V10CC_results","Set4","Top1",0.98,NA,"Primary cancer cells","Primary cancer cells"
"2325","10X-seq PreT3 CC","/Users/macminiye/scRNA-seq_works/Cervix_scRNA_CTCs_project_use/panCTCs/bin/panCTC_classify/V10CC/V10CC_results","Set4","Top1",1,NA,"Primary cancer cells","Primary cancer cells"
"2326","10X-seq Tumorhn115 CC","/Users/macminiye/scRNA-seq_works/Cervix_scRNA_CTCs_project_use/panCTCs/bin/panCTC_classify/V10CC/V10CC_results","Set4","Top1",1,NA,"Primary cancer cells","Primary cancer cells"
"2327","10X-seq PreT3 CC","/Users/macminiye/scRNA-seq_works/Cervix_scRNA_CTCs_project_use/panCTCs/bin/panCTC_classify/V10CC/V10CC_results","Set4","Top1",1,NA,"Primary cancer cells","Primary cancer cells"
"2328","10X-seq PreT3 CC","/Users/macminiye/scRNA-seq_works/Cervix_scRNA_CTCs_project_use/panCTCs/bin/panCTC_classify/V10CC/V10CC_results","Set4","Top1",0.998,NA,"Primary cancer cells","Primary cancer cells"
"2329","10X-seq PreT2 CC","/Users/macminiye/scRNA-seq_works/Cervix_scRNA_CTCs_project_use/panCTCs/bin/panCTC_classify/V10CC/V10CC_results","Set4","Top1",1,NA,"Primary cancer cells","Primary cancer cells"
"2330","10X-seq Tumorhn115 CC","/Users/macminiye/scRNA-seq_works/Cervix_scRNA_CTCs_project_use/panCTCs/bin/panCTC_classify/V10CC/V10CC_results","Set4","Top1",0.95,NA,"Primary cancer cells","Primary cancer cells"
"2331","10X-seq T2Dur3 CC","/Users/macminiye/scRNA-seq_works/Cervix_scRNA_CTCs_project_use/panCTCs/bin/panCTC_classify/V10CC/V10CC_results","Set4","Top1",0.94,NA,"Primary cancer cells","Primary cancer cells"
"2332","10X-seq T3Dur3 CC","/Users/macminiye/scRNA-seq_works/Cervix_scRNA_CTCs_project_use/panCTCs/bin/panCTC_classify/V10CC/V10CC_results","Set4","Top1",0.98,NA,"Primary cancer cells","Primary cancer cells"
"2333","10X-seq T2Dur3 CC","/Users/macminiye/scRNA-seq_works/Cervix_scRNA_CTCs_project_use/panCTCs/bin/panCTC_classify/V10CC/V10CC_results","Set4","Top1",0.94,NA,"Primary cancer cells","Primary cancer cells"
"2334","10X-seq T3Dur3 CC","/Users/macminiye/scRNA-seq_works/Cervix_scRNA_CTCs_project_use/panCTCs/bin/panCTC_classify/V10CC/V10CC_results","Set4","Top1",0.95,NA,"Primary cancer cells","Primary cancer cells"
"2335","10X-seq Tumorhn115 CC","/Users/macminiye/scRNA-seq_works/Cervix_scRNA_CTCs_project_use/panCTCs/bin/panCTC_classify/V10CC/V10CC_results","Set4","Top1",0.984,NA,"Primary cancer cells","Primary cancer cells"
"2336","10X-seq PreT1 CC","/Users/macminiye/scRNA-seq_works/Cervix_scRNA_CTCs_project_use/panCTCs/bin/panCTC_classify/V10CC/V10CC_results","Set4","Top1",1,NA,"Primary cancer cells","Primary cancer cells"
"2337","10X-seq PreT3 CC","/Users/macminiye/scRNA-seq_works/Cervix_scRNA_CTCs_project_use/panCTCs/bin/panCTC_classify/V10CC/V10CC_results","Set4","Top1",1,NA,"Primary cancer cells","Primary cancer cells"
"2338","10X-seq PreT1 CC","/Users/macminiye/scRNA-seq_works/Cervix_scRNA_CTCs_project_use/panCTCs/bin/panCTC_classify/V10CC/V10CC_results","Set4","Top2",1,NA,"Primary cancer cells","Primary cancer cells"
"2339","10X-seq PreT2 CC","/Users/macminiye/scRNA-seq_works/Cervix_scRNA_CTCs_project_use/panCTCs/bin/panCTC_classify/V10CC/V10CC_results","Set4","Top2",1,NA,"Primary cancer cells","Primary cancer cells"
"2340","10X-seq T3Dur3 CC","/Users/macminiye/scRNA-seq_works/Cervix_scRNA_CTCs_project_use/panCTCs/bin/panCTC_classify/V10CC/V10CC_results","Set4","Top2",1,NA,"Primary cancer cells","Primary cancer cells"
"2341","10X-seq PreT1 CC","/Users/macminiye/scRNA-seq_works/Cervix_scRNA_CTCs_project_use/panCTCs/bin/panCTC_classify/V10CC/V10CC_results","Set4","Top2",1,NA,"Primary cancer cells","Primary cancer cells"
"2342","10X-seq PreT1 CC","/Users/macminiye/scRNA-seq_works/Cervix_scRNA_CTCs_project_use/panCTCs/bin/panCTC_classify/V10CC/V10CC_results","Set4","Top2",1,NA,"Primary cancer cells","Primary cancer cells"
"2343","10X-seq PreT2 CC","/Users/macminiye/scRNA-seq_works/Cervix_scRNA_CTCs_project_use/panCTCs/bin/panCTC_classify/V10CC/V10CC_results","Set4","Top2",1,NA,"Primary cancer cells","Primary cancer cells"
"2344","10X-seq T2Dur3 CC","/Users/macminiye/scRNA-seq_works/Cervix_scRNA_CTCs_project_use/panCTCs/bin/panCTC_classify/V10CC/V10CC_results","Set4","Top2",0.96,NA,"Primary cancer cells","Primary cancer cells"
"2345","10X-seq T3Dur3 CC","/Users/macminiye/scRNA-seq_works/Cervix_scRNA_CTCs_project_use/panCTCs/bin/panCTC_classify/V10CC/V10CC_results","Set4","Top2",1,NA,"Primary cancer cells","Primary cancer cells"
"2346","10X-seq PreT2 CC","/Users/macminiye/scRNA-seq_works/Cervix_scRNA_CTCs_project_use/panCTCs/bin/panCTC_classify/V10CC/V10CC_results","Set4","Top2",0.998,NA,"Primary cancer cells","Primary cancer cells"
"2347","10X-seq PreT3 CC","/Users/macminiye/scRNA-seq_works/Cervix_scRNA_CTCs_project_use/panCTCs/bin/panCTC_classify/V10CC/V10CC_results","Set4","Top2",1,NA,"Primary cancer cells","Primary cancer cells"
"2348","10X-seq PreT1 CC","/Users/macminiye/scRNA-seq_works/Cervix_scRNA_CTCs_project_use/panCTCs/bin/panCTC_classify/V10CC/V10CC_results","Set4","Top2",1,NA,"Primary cancer cells","Primary cancer cells"
"2349","10X-seq Tumorhn115 CC","/Users/macminiye/scRNA-seq_works/Cervix_scRNA_CTCs_project_use/panCTCs/bin/panCTC_classify/V10CC/V10CC_results","Set4","Top2",0.96,NA,"Primary cancer cells","Primary cancer cells"
"2350","10X-seq Tumorhn115 CC","/Users/macminiye/scRNA-seq_works/Cervix_scRNA_CTCs_project_use/panCTCs/bin/panCTC_classify/V10CC/V10CC_results","Set4","Top2",1,NA,"Primary cancer cells","Primary cancer cells"
"2351","10X-seq PreT3 CC","/Users/macminiye/scRNA-seq_works/Cervix_scRNA_CTCs_project_use/panCTCs/bin/panCTC_classify/V10CC/V10CC_results","Set4","Top2",1,NA,"Primary cancer cells","Primary cancer cells"
"2352","10X-seq Tumorhn115 CC","/Users/macminiye/scRNA-seq_works/Cervix_scRNA_CTCs_project_use/panCTCs/bin/panCTC_classify/V10CC/V10CC_results","Set4","Top2",1,NA,"Primary cancer cells","Primary cancer cells"
"2353","10X-seq PreT2 CC","/Users/macminiye/scRNA-seq_works/Cervix_scRNA_CTCs_project_use/panCTCs/bin/panCTC_classify/V10CC/V10CC_results","Set4","Top2",1,NA,"Primary cancer cells","Primary cancer cells"
"2354","10X-seq T2Dur3 CC","/Users/macminiye/scRNA-seq_works/Cervix_scRNA_CTCs_project_use/panCTCs/bin/panCTC_classify/V10CC/V10CC_results","Set4","Top2",1,NA,"Primary cancer cells","Primary cancer cells"
"2355","10X-seq PreT1 CC","/Users/macminiye/scRNA-seq_works/Cervix_scRNA_CTCs_project_use/panCTCs/bin/panCTC_classify/V10CC/V10CC_results","Set4","Top2",1,NA,"Primary cancer cells","Primary cancer cells"
"2356","10X-seq PreT2 CC","/Users/macminiye/scRNA-seq_works/Cervix_scRNA_CTCs_project_use/panCTCs/bin/panCTC_classify/V10CC/V10CC_results","Set4","Top2",1,NA,"Primary cancer cells","Primary cancer cells"
"2357","10X-seq PreT1 CC","/Users/macminiye/scRNA-seq_works/Cervix_scRNA_CTCs_project_use/panCTCs/bin/panCTC_classify/V10CC/V10CC_results","Set4","Top2",1,NA,"Primary cancer cells","Primary cancer cells"
"2358","10X-seq T2Dur3 CC","/Users/macminiye/scRNA-seq_works/Cervix_scRNA_CTCs_project_use/panCTCs/bin/panCTC_classify/V10CC/V10CC_results","Set4","Top2",1,NA,"Primary cancer cells","Primary cancer cells"
"2359","10X-seq T3Dur3 CC","/Users/macminiye/scRNA-seq_works/Cervix_scRNA_CTCs_project_use/panCTCs/bin/panCTC_classify/V10CC/V10CC_results","Set4","Top2",1,NA,"Primary cancer cells","Primary cancer cells"
"2360","10X-seq T2Dur3 CC","/Users/macminiye/scRNA-seq_works/Cervix_scRNA_CTCs_project_use/panCTCs/bin/panCTC_classify/V10CC/V10CC_results","Set4","Top2",1,NA,"Primary cancer cells","Primary cancer cells"
"2361","10X-seq PreT3 CC","/Users/macminiye/scRNA-seq_works/Cervix_scRNA_CTCs_project_use/panCTCs/bin/panCTC_classify/V10CC/V10CC_results","Set4","Top2",1,NA,"Primary cancer cells","Primary cancer cells"
"2362","10X-seq T3Dur3 CC","/Users/macminiye/scRNA-seq_works/Cervix_scRNA_CTCs_project_use/panCTCs/bin/panCTC_classify/V10CC/V10CC_results","Set4","Top2",0.996,NA,"Primary cancer cells","Primary cancer cells"
"2363","10X-seq PreT2 CC","/Users/macminiye/scRNA-seq_works/Cervix_scRNA_CTCs_project_use/panCTCs/bin/panCTC_classify/V10CC/V10CC_results","Set4","Top2",0.9,NA,"Primary cancer cells","Primary cancer cells"
"2364","10X-seq T2Dur3 CC","/Users/macminiye/scRNA-seq_works/Cervix_scRNA_CTCs_project_use/panCTCs/bin/panCTC_classify/V10CC/V10CC_results","Set4","Top2",0.99,NA,"Primary cancer cells","Primary cancer cells"
"2365","10X-seq Tumorhn115 CC","/Users/macminiye/scRNA-seq_works/Cervix_scRNA_CTCs_project_use/panCTCs/bin/panCTC_classify/V10CC/V10CC_results","Set4","Top2",1,NA,"Primary cancer cells","Primary cancer cells"
"2366","10X-seq T3Dur3 CC","/Users/macminiye/scRNA-seq_works/Cervix_scRNA_CTCs_project_use/panCTCs/bin/panCTC_classify/V10CC/V10CC_results","Set4","Top2",1,NA,"Primary cancer cells","Primary cancer cells"
"2367","10X-seq PreT3 CC","/Users/macminiye/scRNA-seq_works/Cervix_scRNA_CTCs_project_use/panCTCs/bin/panCTC_classify/V10CC/V10CC_results","Set4","Top2",1,NA,"Primary cancer cells","Primary cancer cells"
"2368","10X-seq Tumorhn115 CC","/Users/macminiye/scRNA-seq_works/Cervix_scRNA_CTCs_project_use/panCTCs/bin/panCTC_classify/V10CC/V10CC_results","Set4","Top2",1,NA,"Primary cancer cells","Primary cancer cells"
"2369","10X-seq PreT3 CC","/Users/macminiye/scRNA-seq_works/Cervix_scRNA_CTCs_project_use/panCTCs/bin/panCTC_classify/V10CC/V10CC_results","Set4","Top2",1,NA,"Primary cancer cells","Primary cancer cells"
"2370","10X-seq PreT3 CC","/Users/macminiye/scRNA-seq_works/Cervix_scRNA_CTCs_project_use/panCTCs/bin/panCTC_classify/V10CC/V10CC_results","Set4","Top2",1,NA,"Primary cancer cells","Primary cancer cells"
"2371","10X-seq PreT2 CC","/Users/macminiye/scRNA-seq_works/Cervix_scRNA_CTCs_project_use/panCTCs/bin/panCTC_classify/V10CC/V10CC_results","Set4","Top2",1,NA,"Primary cancer cells","Primary cancer cells"
"2372","10X-seq Tumorhn115 CC","/Users/macminiye/scRNA-seq_works/Cervix_scRNA_CTCs_project_use/panCTCs/bin/panCTC_classify/V10CC/V10CC_results","Set4","Top2",0.99,NA,"Primary cancer cells","Primary cancer cells"
"2373","10X-seq T2Dur3 CC","/Users/macminiye/scRNA-seq_works/Cervix_scRNA_CTCs_project_use/panCTCs/bin/panCTC_classify/V10CC/V10CC_results","Set4","Top2",1,NA,"Primary cancer cells","Primary cancer cells"
"2374","10X-seq T3Dur3 CC","/Users/macminiye/scRNA-seq_works/Cervix_scRNA_CTCs_project_use/panCTCs/bin/panCTC_classify/V10CC/V10CC_results","Set4","Top2",1,NA,"Primary cancer cells","Primary cancer cells"
"2375","10X-seq T2Dur3 CC","/Users/macminiye/scRNA-seq_works/Cervix_scRNA_CTCs_project_use/panCTCs/bin/panCTC_classify/V10CC/V10CC_results","Set4","Top2",0.988,NA,"Primary cancer cells","Primary cancer cells"
"2376","10X-seq T3Dur3 CC","/Users/macminiye/scRNA-seq_works/Cervix_scRNA_CTCs_project_use/panCTCs/bin/panCTC_classify/V10CC/V10CC_results","Set4","Top2",1,NA,"Primary cancer cells","Primary cancer cells"
"2377","10X-seq Tumorhn115 CC","/Users/macminiye/scRNA-seq_works/Cervix_scRNA_CTCs_project_use/panCTCs/bin/panCTC_classify/V10CC/V10CC_results","Set4","Top2",0.996,NA,"Primary cancer cells","Primary cancer cells"
"2378","10X-seq PreT1 CC","/Users/macminiye/scRNA-seq_works/Cervix_scRNA_CTCs_project_use/panCTCs/bin/panCTC_classify/V10CC/V10CC_results","Set4","Top2",1,NA,"Primary cancer cells","Primary cancer cells"
"2379","10X-seq PreT3 CC","/Users/macminiye/scRNA-seq_works/Cervix_scRNA_CTCs_project_use/panCTCs/bin/panCTC_classify/V10CC/V10CC_results","Set4","Top2",1,NA,"Primary cancer cells","Primary cancer cells"
"2380","10X-seq PreT1 CC","/Users/macminiye/scRNA-seq_works/Cervix_scRNA_CTCs_project_use/panCTCs/bin/panCTC_classify/V10CC/V10CC_results","Set4","Top3",1,NA,"Primary cancer cells","Primary cancer cells"
"2381","10X-seq PreT2 CC","/Users/macminiye/scRNA-seq_works/Cervix_scRNA_CTCs_project_use/panCTCs/bin/panCTC_classify/V10CC/V10CC_results","Set4","Top3",1,NA,"Primary cancer cells","Primary cancer cells"
"2382","10X-seq T3Dur3 CC","/Users/macminiye/scRNA-seq_works/Cervix_scRNA_CTCs_project_use/panCTCs/bin/panCTC_classify/V10CC/V10CC_results","Set4","Top3",1,NA,"Primary cancer cells","Primary cancer cells"
"2383","10X-seq PreT1 CC","/Users/macminiye/scRNA-seq_works/Cervix_scRNA_CTCs_project_use/panCTCs/bin/panCTC_classify/V10CC/V10CC_results","Set4","Top3",1,NA,"Primary cancer cells","Primary cancer cells"
"2384","10X-seq PreT1 CC","/Users/macminiye/scRNA-seq_works/Cervix_scRNA_CTCs_project_use/panCTCs/bin/panCTC_classify/V10CC/V10CC_results","Set4","Top3",1,NA,"Primary cancer cells","Primary cancer cells"
"2385","10X-seq PreT2 CC","/Users/macminiye/scRNA-seq_works/Cervix_scRNA_CTCs_project_use/panCTCs/bin/panCTC_classify/V10CC/V10CC_results","Set4","Top3",1,NA,"Primary cancer cells","Primary cancer cells"
"2386","10X-seq T2Dur3 CC","/Users/macminiye/scRNA-seq_works/Cervix_scRNA_CTCs_project_use/panCTCs/bin/panCTC_classify/V10CC/V10CC_results","Set4","Top3",0.96,NA,"Primary cancer cells","Primary cancer cells"
"2387","10X-seq T3Dur3 CC","/Users/macminiye/scRNA-seq_works/Cervix_scRNA_CTCs_project_use/panCTCs/bin/panCTC_classify/V10CC/V10CC_results","Set4","Top3",1,NA,"Primary cancer cells","Primary cancer cells"
"2388","10X-seq PreT2 CC","/Users/macminiye/scRNA-seq_works/Cervix_scRNA_CTCs_project_use/panCTCs/bin/panCTC_classify/V10CC/V10CC_results","Set4","Top3",0.998,NA,"Primary cancer cells","Primary cancer cells"
"2389","10X-seq PreT3 CC","/Users/macminiye/scRNA-seq_works/Cervix_scRNA_CTCs_project_use/panCTCs/bin/panCTC_classify/V10CC/V10CC_results","Set4","Top3",1,NA,"Primary cancer cells","Primary cancer cells"
"2390","10X-seq PreT1 CC","/Users/macminiye/scRNA-seq_works/Cervix_scRNA_CTCs_project_use/panCTCs/bin/panCTC_classify/V10CC/V10CC_results","Set4","Top3",1,NA,"Primary cancer cells","Primary cancer cells"
"2391","10X-seq Tumorhn115 CC","/Users/macminiye/scRNA-seq_works/Cervix_scRNA_CTCs_project_use/panCTCs/bin/panCTC_classify/V10CC/V10CC_results","Set4","Top3",0.96,NA,"Primary cancer cells","Primary cancer cells"
"2392","10X-seq Tumorhn115 CC","/Users/macminiye/scRNA-seq_works/Cervix_scRNA_CTCs_project_use/panCTCs/bin/panCTC_classify/V10CC/V10CC_results","Set4","Top3",1,NA,"Primary cancer cells","Primary cancer cells"
"2393","10X-seq PreT3 CC","/Users/macminiye/scRNA-seq_works/Cervix_scRNA_CTCs_project_use/panCTCs/bin/panCTC_classify/V10CC/V10CC_results","Set4","Top3",1,NA,"Primary cancer cells","Primary cancer cells"
"2394","10X-seq Tumorhn115 CC","/Users/macminiye/scRNA-seq_works/Cervix_scRNA_CTCs_project_use/panCTCs/bin/panCTC_classify/V10CC/V10CC_results","Set4","Top3",1,NA,"Primary cancer cells","Primary cancer cells"
"2395","10X-seq PreT2 CC","/Users/macminiye/scRNA-seq_works/Cervix_scRNA_CTCs_project_use/panCTCs/bin/panCTC_classify/V10CC/V10CC_results","Set4","Top3",1,NA,"Primary cancer cells","Primary cancer cells"
"2396","10X-seq T2Dur3 CC","/Users/macminiye/scRNA-seq_works/Cervix_scRNA_CTCs_project_use/panCTCs/bin/panCTC_classify/V10CC/V10CC_results","Set4","Top3",1,NA,"Primary cancer cells","Primary cancer cells"
"2397","10X-seq PreT1 CC","/Users/macminiye/scRNA-seq_works/Cervix_scRNA_CTCs_project_use/panCTCs/bin/panCTC_classify/V10CC/V10CC_results","Set4","Top3",1,NA,"Primary cancer cells","Primary cancer cells"
"2398","10X-seq PreT2 CC","/Users/macminiye/scRNA-seq_works/Cervix_scRNA_CTCs_project_use/panCTCs/bin/panCTC_classify/V10CC/V10CC_results","Set4","Top3",1,NA,"Primary cancer cells","Primary cancer cells"
"2399","10X-seq PreT1 CC","/Users/macminiye/scRNA-seq_works/Cervix_scRNA_CTCs_project_use/panCTCs/bin/panCTC_classify/V10CC/V10CC_results","Set4","Top3",1,NA,"Primary cancer cells","Primary cancer cells"
"2400","10X-seq T2Dur3 CC","/Users/macminiye/scRNA-seq_works/Cervix_scRNA_CTCs_project_use/panCTCs/bin/panCTC_classify/V10CC/V10CC_results","Set4","Top3",1,NA,"Primary cancer cells","Primary cancer cells"
"2401","10X-seq T3Dur3 CC","/Users/macminiye/scRNA-seq_works/Cervix_scRNA_CTCs_project_use/panCTCs/bin/panCTC_classify/V10CC/V10CC_results","Set4","Top3",1,NA,"Primary cancer cells","Primary cancer cells"
"2402","10X-seq T2Dur3 CC","/Users/macminiye/scRNA-seq_works/Cervix_scRNA_CTCs_project_use/panCTCs/bin/panCTC_classify/V10CC/V10CC_results","Set4","Top3",1,NA,"Primary cancer cells","Primary cancer cells"
"2403","10X-seq PreT3 CC","/Users/macminiye/scRNA-seq_works/Cervix_scRNA_CTCs_project_use/panCTCs/bin/panCTC_classify/V10CC/V10CC_results","Set4","Top3",1,NA,"Primary cancer cells","Primary cancer cells"
"2404","10X-seq T3Dur3 CC","/Users/macminiye/scRNA-seq_works/Cervix_scRNA_CTCs_project_use/panCTCs/bin/panCTC_classify/V10CC/V10CC_results","Set4","Top3",0.998,NA,"Primary cancer cells","Primary cancer cells"
"2405","10X-seq PreT2 CC","/Users/macminiye/scRNA-seq_works/Cervix_scRNA_CTCs_project_use/panCTCs/bin/panCTC_classify/V10CC/V10CC_results","Set4","Top3",0.9,NA,"Primary cancer cells","Primary cancer cells"
"2406","10X-seq T2Dur3 CC","/Users/macminiye/scRNA-seq_works/Cervix_scRNA_CTCs_project_use/panCTCs/bin/panCTC_classify/V10CC/V10CC_results","Set4","Top3",0.99,NA,"Primary cancer cells","Primary cancer cells"
"2407","10X-seq Tumorhn115 CC","/Users/macminiye/scRNA-seq_works/Cervix_scRNA_CTCs_project_use/panCTCs/bin/panCTC_classify/V10CC/V10CC_results","Set4","Top3",1,NA,"Primary cancer cells","Primary cancer cells"
"2408","10X-seq T3Dur3 CC","/Users/macminiye/scRNA-seq_works/Cervix_scRNA_CTCs_project_use/panCTCs/bin/panCTC_classify/V10CC/V10CC_results","Set4","Top3",1,NA,"Primary cancer cells","Primary cancer cells"
"2409","10X-seq PreT3 CC","/Users/macminiye/scRNA-seq_works/Cervix_scRNA_CTCs_project_use/panCTCs/bin/panCTC_classify/V10CC/V10CC_results","Set4","Top3",1,NA,"Primary cancer cells","Primary cancer cells"
"2410","10X-seq Tumorhn115 CC","/Users/macminiye/scRNA-seq_works/Cervix_scRNA_CTCs_project_use/panCTCs/bin/panCTC_classify/V10CC/V10CC_results","Set4","Top3",1,NA,"Primary cancer cells","Primary cancer cells"
"2411","10X-seq PreT3 CC","/Users/macminiye/scRNA-seq_works/Cervix_scRNA_CTCs_project_use/panCTCs/bin/panCTC_classify/V10CC/V10CC_results","Set4","Top3",1,NA,"Primary cancer cells","Primary cancer cells"
"2412","10X-seq PreT3 CC","/Users/macminiye/scRNA-seq_works/Cervix_scRNA_CTCs_project_use/panCTCs/bin/panCTC_classify/V10CC/V10CC_results","Set4","Top3",1,NA,"Primary cancer cells","Primary cancer cells"
"2413","10X-seq PreT2 CC","/Users/macminiye/scRNA-seq_works/Cervix_scRNA_CTCs_project_use/panCTCs/bin/panCTC_classify/V10CC/V10CC_results","Set4","Top3",1,NA,"Primary cancer cells","Primary cancer cells"
"2414","10X-seq Tumorhn115 CC","/Users/macminiye/scRNA-seq_works/Cervix_scRNA_CTCs_project_use/panCTCs/bin/panCTC_classify/V10CC/V10CC_results","Set4","Top3",1,NA,"Primary cancer cells","Primary cancer cells"
"2415","10X-seq T2Dur3 CC","/Users/macminiye/scRNA-seq_works/Cervix_scRNA_CTCs_project_use/panCTCs/bin/panCTC_classify/V10CC/V10CC_results","Set4","Top3",1,NA,"Primary cancer cells","Primary cancer cells"
"2416","10X-seq T3Dur3 CC","/Users/macminiye/scRNA-seq_works/Cervix_scRNA_CTCs_project_use/panCTCs/bin/panCTC_classify/V10CC/V10CC_results","Set4","Top3",1,NA,"Primary cancer cells","Primary cancer cells"
"2417","10X-seq T2Dur3 CC","/Users/macminiye/scRNA-seq_works/Cervix_scRNA_CTCs_project_use/panCTCs/bin/panCTC_classify/V10CC/V10CC_results","Set4","Top3",0.99,NA,"Primary cancer cells","Primary cancer cells"
"2418","10X-seq T3Dur3 CC","/Users/macminiye/scRNA-seq_works/Cervix_scRNA_CTCs_project_use/panCTCs/bin/panCTC_classify/V10CC/V10CC_results","Set4","Top3",1,NA,"Primary cancer cells","Primary cancer cells"
"2419","10X-seq Tumorhn115 CC","/Users/macminiye/scRNA-seq_works/Cervix_scRNA_CTCs_project_use/panCTCs/bin/panCTC_classify/V10CC/V10CC_results","Set4","Top3",0.998,NA,"Primary cancer cells","Primary cancer cells"
"2420","10X-seq PreT1 CC","/Users/macminiye/scRNA-seq_works/Cervix_scRNA_CTCs_project_use/panCTCs/bin/panCTC_classify/V10CC/V10CC_results","Set4","Top3",1,NA,"Primary cancer cells","Primary cancer cells"
"2421","10X-seq PreT3 CC","/Users/macminiye/scRNA-seq_works/Cervix_scRNA_CTCs_project_use/panCTCs/bin/panCTC_classify/V10CC/V10CC_results","Set4","Top3",1,NA,"Primary cancer cells","Primary cancer cells"
"2422","10X-seq PreT1 CC","/Users/macminiye/scRNA-seq_works/Cervix_scRNA_CTCs_project_use/panCTCs/bin/panCTC_classify/V10CC/V10CC_results","Set5","Top1",1,NA,"Primary cancer cells","Primary cancer cells"
"2423","10X-seq PreT2 CC","/Users/macminiye/scRNA-seq_works/Cervix_scRNA_CTCs_project_use/panCTCs/bin/panCTC_classify/V10CC/V10CC_results","Set5","Top1",1,NA,"Primary cancer cells","Primary cancer cells"
"2424","10X-seq T3Dur3 CC","/Users/macminiye/scRNA-seq_works/Cervix_scRNA_CTCs_project_use/panCTCs/bin/panCTC_classify/V10CC/V10CC_results","Set5","Top1",1,NA,"Primary cancer cells","Primary cancer cells"
"2425","10X-seq PreT1 CC","/Users/macminiye/scRNA-seq_works/Cervix_scRNA_CTCs_project_use/panCTCs/bin/panCTC_classify/V10CC/V10CC_results","Set5","Top1",1,NA,"Primary cancer cells","Primary cancer cells"
"2426","10X-seq PreT1 CC","/Users/macminiye/scRNA-seq_works/Cervix_scRNA_CTCs_project_use/panCTCs/bin/panCTC_classify/V10CC/V10CC_results","Set5","Top1",1,NA,"Primary cancer cells","Primary cancer cells"
"2427","10X-seq PreT2 CC","/Users/macminiye/scRNA-seq_works/Cervix_scRNA_CTCs_project_use/panCTCs/bin/panCTC_classify/V10CC/V10CC_results","Set5","Top1",1,NA,"Primary cancer cells","Primary cancer cells"
"2428","10X-seq T2Dur3 CC","/Users/macminiye/scRNA-seq_works/Cervix_scRNA_CTCs_project_use/panCTCs/bin/panCTC_classify/V10CC/V10CC_results","Set5","Top1",0.82,NA,"Primary cancer cells","Primary cancer cells"
"2429","10X-seq T3Dur3 CC","/Users/macminiye/scRNA-seq_works/Cervix_scRNA_CTCs_project_use/panCTCs/bin/panCTC_classify/V10CC/V10CC_results","Set5","Top1",1,NA,"Primary cancer cells","Primary cancer cells"
"2430","10X-seq PreT2 CC","/Users/macminiye/scRNA-seq_works/Cervix_scRNA_CTCs_project_use/panCTCs/bin/panCTC_classify/V10CC/V10CC_results","Set5","Top1",0.984,NA,"Primary cancer cells","Primary cancer cells"
"2431","10X-seq PreT3 CC","/Users/macminiye/scRNA-seq_works/Cervix_scRNA_CTCs_project_use/panCTCs/bin/panCTC_classify/V10CC/V10CC_results","Set5","Top1",1,NA,"Primary cancer cells","Primary cancer cells"
"2432","10X-seq PreT1 CC","/Users/macminiye/scRNA-seq_works/Cervix_scRNA_CTCs_project_use/panCTCs/bin/panCTC_classify/V10CC/V10CC_results","Set5","Top1",1,NA,"Primary cancer cells","Primary cancer cells"
"2433","10X-seq Tumorhn115 CC","/Users/macminiye/scRNA-seq_works/Cervix_scRNA_CTCs_project_use/panCTCs/bin/panCTC_classify/V10CC/V10CC_results","Set5","Top1",1,NA,"Primary cancer cells","Primary cancer cells"
"2434","10X-seq Tumorhn115 CC","/Users/macminiye/scRNA-seq_works/Cervix_scRNA_CTCs_project_use/panCTCs/bin/panCTC_classify/V10CC/V10CC_results","Set5","Top1",1,NA,"Primary cancer cells","Primary cancer cells"
"2435","10X-seq PreT3 CC","/Users/macminiye/scRNA-seq_works/Cervix_scRNA_CTCs_project_use/panCTCs/bin/panCTC_classify/V10CC/V10CC_results","Set5","Top1",1,NA,"Primary cancer cells","Primary cancer cells"
"2436","10X-seq Tumorhn115 CC","/Users/macminiye/scRNA-seq_works/Cervix_scRNA_CTCs_project_use/panCTCs/bin/panCTC_classify/V10CC/V10CC_results","Set5","Top1",1,NA,"Primary cancer cells","Primary cancer cells"
"2437","10X-seq PreT2 CC","/Users/macminiye/scRNA-seq_works/Cervix_scRNA_CTCs_project_use/panCTCs/bin/panCTC_classify/V10CC/V10CC_results","Set5","Top1",0.99,NA,"Primary cancer cells","Primary cancer cells"
"2438","10X-seq T2Dur3 CC","/Users/macminiye/scRNA-seq_works/Cervix_scRNA_CTCs_project_use/panCTCs/bin/panCTC_classify/V10CC/V10CC_results","Set5","Top1",1,NA,"Primary cancer cells","Primary cancer cells"
"2439","10X-seq PreT1 CC","/Users/macminiye/scRNA-seq_works/Cervix_scRNA_CTCs_project_use/panCTCs/bin/panCTC_classify/V10CC/V10CC_results","Set5","Top1",1,NA,"Primary cancer cells","Primary cancer cells"
"2440","10X-seq PreT2 CC","/Users/macminiye/scRNA-seq_works/Cervix_scRNA_CTCs_project_use/panCTCs/bin/panCTC_classify/V10CC/V10CC_results","Set5","Top1",1,NA,"Primary cancer cells","Primary cancer cells"
"2441","10X-seq PreT1 CC","/Users/macminiye/scRNA-seq_works/Cervix_scRNA_CTCs_project_use/panCTCs/bin/panCTC_classify/V10CC/V10CC_results","Set5","Top1",1,NA,"Primary cancer cells","Primary cancer cells"
"2442","10X-seq T2Dur3 CC","/Users/macminiye/scRNA-seq_works/Cervix_scRNA_CTCs_project_use/panCTCs/bin/panCTC_classify/V10CC/V10CC_results","Set5","Top1",0.9,NA,"Primary cancer cells","Primary cancer cells"
"2443","10X-seq T3Dur3 CC","/Users/macminiye/scRNA-seq_works/Cervix_scRNA_CTCs_project_use/panCTCs/bin/panCTC_classify/V10CC/V10CC_results","Set5","Top1",1,NA,"Primary cancer cells","Primary cancer cells"
"2444","10X-seq T2Dur3 CC","/Users/macminiye/scRNA-seq_works/Cervix_scRNA_CTCs_project_use/panCTCs/bin/panCTC_classify/V10CC/V10CC_results","Set5","Top1",1,NA,"Primary cancer cells","Primary cancer cells"
"2445","10X-seq PreT3 CC","/Users/macminiye/scRNA-seq_works/Cervix_scRNA_CTCs_project_use/panCTCs/bin/panCTC_classify/V10CC/V10CC_results","Set5","Top1",1,NA,"Primary cancer cells","Primary cancer cells"
"2446","10X-seq T3Dur3 CC","/Users/macminiye/scRNA-seq_works/Cervix_scRNA_CTCs_project_use/panCTCs/bin/panCTC_classify/V10CC/V10CC_results","Set5","Top1",0.982,NA,"Primary cancer cells","Primary cancer cells"
"2447","10X-seq PreT2 CC","/Users/macminiye/scRNA-seq_works/Cervix_scRNA_CTCs_project_use/panCTCs/bin/panCTC_classify/V10CC/V10CC_results","Set5","Top1",0.9,NA,"Primary cancer cells","Primary cancer cells"
"2448","10X-seq T2Dur3 CC","/Users/macminiye/scRNA-seq_works/Cervix_scRNA_CTCs_project_use/panCTCs/bin/panCTC_classify/V10CC/V10CC_results","Set5","Top1",0.945,NA,"Primary cancer cells","Primary cancer cells"
"2449","10X-seq Tumorhn115 CC","/Users/macminiye/scRNA-seq_works/Cervix_scRNA_CTCs_project_use/panCTCs/bin/panCTC_classify/V10CC/V10CC_results","Set5","Top1",0.985,NA,"Primary cancer cells","Primary cancer cells"
"2450","10X-seq T3Dur3 CC","/Users/macminiye/scRNA-seq_works/Cervix_scRNA_CTCs_project_use/panCTCs/bin/panCTC_classify/V10CC/V10CC_results","Set5","Top1",0.99,NA,"Primary cancer cells","Primary cancer cells"
"2451","10X-seq PreT3 CC","/Users/macminiye/scRNA-seq_works/Cervix_scRNA_CTCs_project_use/panCTCs/bin/panCTC_classify/V10CC/V10CC_results","Set5","Top1",1,NA,"Primary cancer cells","Primary cancer cells"
"2452","10X-seq Tumorhn115 CC","/Users/macminiye/scRNA-seq_works/Cervix_scRNA_CTCs_project_use/panCTCs/bin/panCTC_classify/V10CC/V10CC_results","Set5","Top1",1,NA,"Primary cancer cells","Primary cancer cells"
"2453","10X-seq PreT3 CC","/Users/macminiye/scRNA-seq_works/Cervix_scRNA_CTCs_project_use/panCTCs/bin/panCTC_classify/V10CC/V10CC_results","Set5","Top1",1,NA,"Primary cancer cells","Primary cancer cells"
"2454","10X-seq PreT3 CC","/Users/macminiye/scRNA-seq_works/Cervix_scRNA_CTCs_project_use/panCTCs/bin/panCTC_classify/V10CC/V10CC_results","Set5","Top1",0.998,NA,"Primary cancer cells","Primary cancer cells"
"2455","10X-seq PreT2 CC","/Users/macminiye/scRNA-seq_works/Cervix_scRNA_CTCs_project_use/panCTCs/bin/panCTC_classify/V10CC/V10CC_results","Set5","Top1",1,NA,"Primary cancer cells","Primary cancer cells"
"2456","10X-seq Tumorhn115 CC","/Users/macminiye/scRNA-seq_works/Cervix_scRNA_CTCs_project_use/panCTCs/bin/panCTC_classify/V10CC/V10CC_results","Set5","Top1",0.98,NA,"Primary cancer cells","Primary cancer cells"
"2457","10X-seq T2Dur3 CC","/Users/macminiye/scRNA-seq_works/Cervix_scRNA_CTCs_project_use/panCTCs/bin/panCTC_classify/V10CC/V10CC_results","Set5","Top1",0.92,NA,"Primary cancer cells","Primary cancer cells"
"2458","10X-seq T3Dur3 CC","/Users/macminiye/scRNA-seq_works/Cervix_scRNA_CTCs_project_use/panCTCs/bin/panCTC_classify/V10CC/V10CC_results","Set5","Top1",0.97,NA,"Primary cancer cells","Primary cancer cells"
"2459","10X-seq T2Dur3 CC","/Users/macminiye/scRNA-seq_works/Cervix_scRNA_CTCs_project_use/panCTCs/bin/panCTC_classify/V10CC/V10CC_results","Set5","Top1",0.936,NA,"Primary cancer cells","Primary cancer cells"
"2460","10X-seq T3Dur3 CC","/Users/macminiye/scRNA-seq_works/Cervix_scRNA_CTCs_project_use/panCTCs/bin/panCTC_classify/V10CC/V10CC_results","Set5","Top1",0.95,NA,"Primary cancer cells","Primary cancer cells"
"2461","10X-seq Tumorhn115 CC","/Users/macminiye/scRNA-seq_works/Cervix_scRNA_CTCs_project_use/panCTCs/bin/panCTC_classify/V10CC/V10CC_results","Set5","Top1",0.992,NA,"Primary cancer cells","Primary cancer cells"
"2462","10X-seq PreT1 CC","/Users/macminiye/scRNA-seq_works/Cervix_scRNA_CTCs_project_use/panCTCs/bin/panCTC_classify/V10CC/V10CC_results","Set5","Top1",1,NA,"Primary cancer cells","Primary cancer cells"
"2463","10X-seq PreT3 CC","/Users/macminiye/scRNA-seq_works/Cervix_scRNA_CTCs_project_use/panCTCs/bin/panCTC_classify/V10CC/V10CC_results","Set5","Top1",1,NA,"Primary cancer cells","Primary cancer cells"
"2464","10X-seq PreT1 CC","/Users/macminiye/scRNA-seq_works/Cervix_scRNA_CTCs_project_use/panCTCs/bin/panCTC_classify/V10CC/V10CC_results","Set5","Top2",1,NA,"Primary cancer cells","Primary cancer cells"
"2465","10X-seq PreT2 CC","/Users/macminiye/scRNA-seq_works/Cervix_scRNA_CTCs_project_use/panCTCs/bin/panCTC_classify/V10CC/V10CC_results","Set5","Top2",1,NA,"Primary cancer cells","Primary cancer cells"
"2466","10X-seq T3Dur3 CC","/Users/macminiye/scRNA-seq_works/Cervix_scRNA_CTCs_project_use/panCTCs/bin/panCTC_classify/V10CC/V10CC_results","Set5","Top2",1,NA,"Primary cancer cells","Primary cancer cells"
"2467","10X-seq PreT1 CC","/Users/macminiye/scRNA-seq_works/Cervix_scRNA_CTCs_project_use/panCTCs/bin/panCTC_classify/V10CC/V10CC_results","Set5","Top2",1,NA,"Primary cancer cells","Primary cancer cells"
"2468","10X-seq PreT1 CC","/Users/macminiye/scRNA-seq_works/Cervix_scRNA_CTCs_project_use/panCTCs/bin/panCTC_classify/V10CC/V10CC_results","Set5","Top2",1,NA,"Primary cancer cells","Primary cancer cells"
"2469","10X-seq PreT2 CC","/Users/macminiye/scRNA-seq_works/Cervix_scRNA_CTCs_project_use/panCTCs/bin/panCTC_classify/V10CC/V10CC_results","Set5","Top2",1,NA,"Primary cancer cells","Primary cancer cells"
"2470","10X-seq T2Dur3 CC","/Users/macminiye/scRNA-seq_works/Cervix_scRNA_CTCs_project_use/panCTCs/bin/panCTC_classify/V10CC/V10CC_results","Set5","Top2",1,NA,"Primary cancer cells","Primary cancer cells"
"2471","10X-seq T3Dur3 CC","/Users/macminiye/scRNA-seq_works/Cervix_scRNA_CTCs_project_use/panCTCs/bin/panCTC_classify/V10CC/V10CC_results","Set5","Top2",1,NA,"Primary cancer cells","Primary cancer cells"
"2472","10X-seq PreT2 CC","/Users/macminiye/scRNA-seq_works/Cervix_scRNA_CTCs_project_use/panCTCs/bin/panCTC_classify/V10CC/V10CC_results","Set5","Top2",0.992,NA,"Primary cancer cells","Primary cancer cells"
"2473","10X-seq PreT3 CC","/Users/macminiye/scRNA-seq_works/Cervix_scRNA_CTCs_project_use/panCTCs/bin/panCTC_classify/V10CC/V10CC_results","Set5","Top2",1,NA,"Primary cancer cells","Primary cancer cells"
"2474","10X-seq PreT1 CC","/Users/macminiye/scRNA-seq_works/Cervix_scRNA_CTCs_project_use/panCTCs/bin/panCTC_classify/V10CC/V10CC_results","Set5","Top2",1,NA,"Primary cancer cells","Primary cancer cells"
"2475","10X-seq Tumorhn115 CC","/Users/macminiye/scRNA-seq_works/Cervix_scRNA_CTCs_project_use/panCTCs/bin/panCTC_classify/V10CC/V10CC_results","Set5","Top2",1,NA,"Primary cancer cells","Primary cancer cells"
"2476","10X-seq Tumorhn115 CC","/Users/macminiye/scRNA-seq_works/Cervix_scRNA_CTCs_project_use/panCTCs/bin/panCTC_classify/V10CC/V10CC_results","Set5","Top2",1,NA,"Primary cancer cells","Primary cancer cells"
"2477","10X-seq PreT3 CC","/Users/macminiye/scRNA-seq_works/Cervix_scRNA_CTCs_project_use/panCTCs/bin/panCTC_classify/V10CC/V10CC_results","Set5","Top2",1,NA,"Primary cancer cells","Primary cancer cells"
"2478","10X-seq Tumorhn115 CC","/Users/macminiye/scRNA-seq_works/Cervix_scRNA_CTCs_project_use/panCTCs/bin/panCTC_classify/V10CC/V10CC_results","Set5","Top2",1,NA,"Primary cancer cells","Primary cancer cells"
"2479","10X-seq PreT2 CC","/Users/macminiye/scRNA-seq_works/Cervix_scRNA_CTCs_project_use/panCTCs/bin/panCTC_classify/V10CC/V10CC_results","Set5","Top2",0.99,NA,"Primary cancer cells","Primary cancer cells"
"2480","10X-seq T2Dur3 CC","/Users/macminiye/scRNA-seq_works/Cervix_scRNA_CTCs_project_use/panCTCs/bin/panCTC_classify/V10CC/V10CC_results","Set5","Top2",1,NA,"Primary cancer cells","Primary cancer cells"
"2481","10X-seq PreT1 CC","/Users/macminiye/scRNA-seq_works/Cervix_scRNA_CTCs_project_use/panCTCs/bin/panCTC_classify/V10CC/V10CC_results","Set5","Top2",1,NA,"Primary cancer cells","Primary cancer cells"
"2482","10X-seq PreT2 CC","/Users/macminiye/scRNA-seq_works/Cervix_scRNA_CTCs_project_use/panCTCs/bin/panCTC_classify/V10CC/V10CC_results","Set5","Top2",1,NA,"Primary cancer cells","Primary cancer cells"
"2483","10X-seq PreT1 CC","/Users/macminiye/scRNA-seq_works/Cervix_scRNA_CTCs_project_use/panCTCs/bin/panCTC_classify/V10CC/V10CC_results","Set5","Top2",1,NA,"Primary cancer cells","Primary cancer cells"
"2484","10X-seq T2Dur3 CC","/Users/macminiye/scRNA-seq_works/Cervix_scRNA_CTCs_project_use/panCTCs/bin/panCTC_classify/V10CC/V10CC_results","Set5","Top2",1,NA,"Primary cancer cells","Primary cancer cells"
"2485","10X-seq T3Dur3 CC","/Users/macminiye/scRNA-seq_works/Cervix_scRNA_CTCs_project_use/panCTCs/bin/panCTC_classify/V10CC/V10CC_results","Set5","Top2",1,NA,"Primary cancer cells","Primary cancer cells"
"2486","10X-seq T2Dur3 CC","/Users/macminiye/scRNA-seq_works/Cervix_scRNA_CTCs_project_use/panCTCs/bin/panCTC_classify/V10CC/V10CC_results","Set5","Top2",1,NA,"Primary cancer cells","Primary cancer cells"
"2487","10X-seq PreT3 CC","/Users/macminiye/scRNA-seq_works/Cervix_scRNA_CTCs_project_use/panCTCs/bin/panCTC_classify/V10CC/V10CC_results","Set5","Top2",1,NA,"Primary cancer cells","Primary cancer cells"
"2488","10X-seq T3Dur3 CC","/Users/macminiye/scRNA-seq_works/Cervix_scRNA_CTCs_project_use/panCTCs/bin/panCTC_classify/V10CC/V10CC_results","Set5","Top2",0.994,NA,"Primary cancer cells","Primary cancer cells"
"2489","10X-seq PreT2 CC","/Users/macminiye/scRNA-seq_works/Cervix_scRNA_CTCs_project_use/panCTCs/bin/panCTC_classify/V10CC/V10CC_results","Set5","Top2",1,NA,"Primary cancer cells","Primary cancer cells"
"2490","10X-seq T2Dur3 CC","/Users/macminiye/scRNA-seq_works/Cervix_scRNA_CTCs_project_use/panCTCs/bin/panCTC_classify/V10CC/V10CC_results","Set5","Top2",0.99,NA,"Primary cancer cells","Primary cancer cells"
"2491","10X-seq Tumorhn115 CC","/Users/macminiye/scRNA-seq_works/Cervix_scRNA_CTCs_project_use/panCTCs/bin/panCTC_classify/V10CC/V10CC_results","Set5","Top2",0.995,NA,"Primary cancer cells","Primary cancer cells"
"2492","10X-seq T3Dur3 CC","/Users/macminiye/scRNA-seq_works/Cervix_scRNA_CTCs_project_use/panCTCs/bin/panCTC_classify/V10CC/V10CC_results","Set5","Top2",1,NA,"Primary cancer cells","Primary cancer cells"
"2493","10X-seq PreT3 CC","/Users/macminiye/scRNA-seq_works/Cervix_scRNA_CTCs_project_use/panCTCs/bin/panCTC_classify/V10CC/V10CC_results","Set5","Top2",1,NA,"Primary cancer cells","Primary cancer cells"
"2494","10X-seq Tumorhn115 CC","/Users/macminiye/scRNA-seq_works/Cervix_scRNA_CTCs_project_use/panCTCs/bin/panCTC_classify/V10CC/V10CC_results","Set5","Top2",1,NA,"Primary cancer cells","Primary cancer cells"
"2495","10X-seq PreT3 CC","/Users/macminiye/scRNA-seq_works/Cervix_scRNA_CTCs_project_use/panCTCs/bin/panCTC_classify/V10CC/V10CC_results","Set5","Top2",1,NA,"Primary cancer cells","Primary cancer cells"
"2496","10X-seq PreT3 CC","/Users/macminiye/scRNA-seq_works/Cervix_scRNA_CTCs_project_use/panCTCs/bin/panCTC_classify/V10CC/V10CC_results","Set5","Top2",1,NA,"Primary cancer cells","Primary cancer cells"
"2497","10X-seq PreT2 CC","/Users/macminiye/scRNA-seq_works/Cervix_scRNA_CTCs_project_use/panCTCs/bin/panCTC_classify/V10CC/V10CC_results","Set5","Top2",1,NA,"Primary cancer cells","Primary cancer cells"
"2498","10X-seq Tumorhn115 CC","/Users/macminiye/scRNA-seq_works/Cervix_scRNA_CTCs_project_use/panCTCs/bin/panCTC_classify/V10CC/V10CC_results","Set5","Top2",0.99,NA,"Primary cancer cells","Primary cancer cells"
"2499","10X-seq T2Dur3 CC","/Users/macminiye/scRNA-seq_works/Cervix_scRNA_CTCs_project_use/panCTCs/bin/panCTC_classify/V10CC/V10CC_results","Set5","Top2",1,NA,"Primary cancer cells","Primary cancer cells"
"2500","10X-seq T3Dur3 CC","/Users/macminiye/scRNA-seq_works/Cervix_scRNA_CTCs_project_use/panCTCs/bin/panCTC_classify/V10CC/V10CC_results","Set5","Top2",0.995,NA,"Primary cancer cells","Primary cancer cells"
"2501","10X-seq T2Dur3 CC","/Users/macminiye/scRNA-seq_works/Cervix_scRNA_CTCs_project_use/panCTCs/bin/panCTC_classify/V10CC/V10CC_results","Set5","Top2",0.99,NA,"Primary cancer cells","Primary cancer cells"
"2502","10X-seq T3Dur3 CC","/Users/macminiye/scRNA-seq_works/Cervix_scRNA_CTCs_project_use/panCTCs/bin/panCTC_classify/V10CC/V10CC_results","Set5","Top2",1,NA,"Primary cancer cells","Primary cancer cells"
"2503","10X-seq Tumorhn115 CC","/Users/macminiye/scRNA-seq_works/Cervix_scRNA_CTCs_project_use/panCTCs/bin/panCTC_classify/V10CC/V10CC_results","Set5","Top2",0.998,NA,"Primary cancer cells","Primary cancer cells"
"2504","10X-seq PreT1 CC","/Users/macminiye/scRNA-seq_works/Cervix_scRNA_CTCs_project_use/panCTCs/bin/panCTC_classify/V10CC/V10CC_results","Set5","Top2",1,NA,"Primary cancer cells","Primary cancer cells"
"2505","10X-seq PreT3 CC","/Users/macminiye/scRNA-seq_works/Cervix_scRNA_CTCs_project_use/panCTCs/bin/panCTC_classify/V10CC/V10CC_results","Set5","Top2",1,NA,"Primary cancer cells","Primary cancer cells"
"2506","10X-seq PreT1 CC","/Users/macminiye/scRNA-seq_works/Cervix_scRNA_CTCs_project_use/panCTCs/bin/panCTC_classify/V10CC/V10CC_results","Set5","Top3",1,NA,"Primary cancer cells","Primary cancer cells"
"2507","10X-seq PreT2 CC","/Users/macminiye/scRNA-seq_works/Cervix_scRNA_CTCs_project_use/panCTCs/bin/panCTC_classify/V10CC/V10CC_results","Set5","Top3",1,NA,"Primary cancer cells","Primary cancer cells"
"2508","10X-seq T3Dur3 CC","/Users/macminiye/scRNA-seq_works/Cervix_scRNA_CTCs_project_use/panCTCs/bin/panCTC_classify/V10CC/V10CC_results","Set5","Top3",1,NA,"Primary cancer cells","Primary cancer cells"
"2509","10X-seq PreT1 CC","/Users/macminiye/scRNA-seq_works/Cervix_scRNA_CTCs_project_use/panCTCs/bin/panCTC_classify/V10CC/V10CC_results","Set5","Top3",1,NA,"Primary cancer cells","Primary cancer cells"
"2510","10X-seq PreT1 CC","/Users/macminiye/scRNA-seq_works/Cervix_scRNA_CTCs_project_use/panCTCs/bin/panCTC_classify/V10CC/V10CC_results","Set5","Top3",1,NA,"Primary cancer cells","Primary cancer cells"
"2511","10X-seq PreT2 CC","/Users/macminiye/scRNA-seq_works/Cervix_scRNA_CTCs_project_use/panCTCs/bin/panCTC_classify/V10CC/V10CC_results","Set5","Top3",1,NA,"Primary cancer cells","Primary cancer cells"
"2512","10X-seq T2Dur3 CC","/Users/macminiye/scRNA-seq_works/Cervix_scRNA_CTCs_project_use/panCTCs/bin/panCTC_classify/V10CC/V10CC_results","Set5","Top3",1,NA,"Primary cancer cells","Primary cancer cells"
"2513","10X-seq T3Dur3 CC","/Users/macminiye/scRNA-seq_works/Cervix_scRNA_CTCs_project_use/panCTCs/bin/panCTC_classify/V10CC/V10CC_results","Set5","Top3",1,NA,"Primary cancer cells","Primary cancer cells"
"2514","10X-seq PreT2 CC","/Users/macminiye/scRNA-seq_works/Cervix_scRNA_CTCs_project_use/panCTCs/bin/panCTC_classify/V10CC/V10CC_results","Set5","Top3",0.998,NA,"Primary cancer cells","Primary cancer cells"
"2515","10X-seq PreT3 CC","/Users/macminiye/scRNA-seq_works/Cervix_scRNA_CTCs_project_use/panCTCs/bin/panCTC_classify/V10CC/V10CC_results","Set5","Top3",1,NA,"Primary cancer cells","Primary cancer cells"
"2516","10X-seq PreT1 CC","/Users/macminiye/scRNA-seq_works/Cervix_scRNA_CTCs_project_use/panCTCs/bin/panCTC_classify/V10CC/V10CC_results","Set5","Top3",1,NA,"Primary cancer cells","Primary cancer cells"
"2517","10X-seq Tumorhn115 CC","/Users/macminiye/scRNA-seq_works/Cervix_scRNA_CTCs_project_use/panCTCs/bin/panCTC_classify/V10CC/V10CC_results","Set5","Top3",1,NA,"Primary cancer cells","Primary cancer cells"
"2518","10X-seq Tumorhn115 CC","/Users/macminiye/scRNA-seq_works/Cervix_scRNA_CTCs_project_use/panCTCs/bin/panCTC_classify/V10CC/V10CC_results","Set5","Top3",1,NA,"Primary cancer cells","Primary cancer cells"
"2519","10X-seq PreT3 CC","/Users/macminiye/scRNA-seq_works/Cervix_scRNA_CTCs_project_use/panCTCs/bin/panCTC_classify/V10CC/V10CC_results","Set5","Top3",1,NA,"Primary cancer cells","Primary cancer cells"
"2520","10X-seq Tumorhn115 CC","/Users/macminiye/scRNA-seq_works/Cervix_scRNA_CTCs_project_use/panCTCs/bin/panCTC_classify/V10CC/V10CC_results","Set5","Top3",1,NA,"Primary cancer cells","Primary cancer cells"
"2521","10X-seq PreT2 CC","/Users/macminiye/scRNA-seq_works/Cervix_scRNA_CTCs_project_use/panCTCs/bin/panCTC_classify/V10CC/V10CC_results","Set5","Top3",0.99,NA,"Primary cancer cells","Primary cancer cells"
"2522","10X-seq T2Dur3 CC","/Users/macminiye/scRNA-seq_works/Cervix_scRNA_CTCs_project_use/panCTCs/bin/panCTC_classify/V10CC/V10CC_results","Set5","Top3",1,NA,"Primary cancer cells","Primary cancer cells"
"2523","10X-seq PreT1 CC","/Users/macminiye/scRNA-seq_works/Cervix_scRNA_CTCs_project_use/panCTCs/bin/panCTC_classify/V10CC/V10CC_results","Set5","Top3",1,NA,"Primary cancer cells","Primary cancer cells"
"2524","10X-seq PreT2 CC","/Users/macminiye/scRNA-seq_works/Cervix_scRNA_CTCs_project_use/panCTCs/bin/panCTC_classify/V10CC/V10CC_results","Set5","Top3",1,NA,"Primary cancer cells","Primary cancer cells"
"2525","10X-seq PreT1 CC","/Users/macminiye/scRNA-seq_works/Cervix_scRNA_CTCs_project_use/panCTCs/bin/panCTC_classify/V10CC/V10CC_results","Set5","Top3",1,NA,"Primary cancer cells","Primary cancer cells"
"2526","10X-seq T2Dur3 CC","/Users/macminiye/scRNA-seq_works/Cervix_scRNA_CTCs_project_use/panCTCs/bin/panCTC_classify/V10CC/V10CC_results","Set5","Top3",1,NA,"Primary cancer cells","Primary cancer cells"
"2527","10X-seq T3Dur3 CC","/Users/macminiye/scRNA-seq_works/Cervix_scRNA_CTCs_project_use/panCTCs/bin/panCTC_classify/V10CC/V10CC_results","Set5","Top3",1,NA,"Primary cancer cells","Primary cancer cells"
"2528","10X-seq T2Dur3 CC","/Users/macminiye/scRNA-seq_works/Cervix_scRNA_CTCs_project_use/panCTCs/bin/panCTC_classify/V10CC/V10CC_results","Set5","Top3",1,NA,"Primary cancer cells","Primary cancer cells"
"2529","10X-seq PreT3 CC","/Users/macminiye/scRNA-seq_works/Cervix_scRNA_CTCs_project_use/panCTCs/bin/panCTC_classify/V10CC/V10CC_results","Set5","Top3",1,NA,"Primary cancer cells","Primary cancer cells"
"2530","10X-seq T3Dur3 CC","/Users/macminiye/scRNA-seq_works/Cervix_scRNA_CTCs_project_use/panCTCs/bin/panCTC_classify/V10CC/V10CC_results","Set5","Top3",0.996,NA,"Primary cancer cells","Primary cancer cells"
"2531","10X-seq PreT2 CC","/Users/macminiye/scRNA-seq_works/Cervix_scRNA_CTCs_project_use/panCTCs/bin/panCTC_classify/V10CC/V10CC_results","Set5","Top3",1,NA,"Primary cancer cells","Primary cancer cells"
"2532","10X-seq T2Dur3 CC","/Users/macminiye/scRNA-seq_works/Cervix_scRNA_CTCs_project_use/panCTCs/bin/panCTC_classify/V10CC/V10CC_results","Set5","Top3",0.995,NA,"Primary cancer cells","Primary cancer cells"
"2533","10X-seq Tumorhn115 CC","/Users/macminiye/scRNA-seq_works/Cervix_scRNA_CTCs_project_use/panCTCs/bin/panCTC_classify/V10CC/V10CC_results","Set5","Top3",0.995,NA,"Primary cancer cells","Primary cancer cells"
"2534","10X-seq T3Dur3 CC","/Users/macminiye/scRNA-seq_works/Cervix_scRNA_CTCs_project_use/panCTCs/bin/panCTC_classify/V10CC/V10CC_results","Set5","Top3",1,NA,"Primary cancer cells","Primary cancer cells"
"2535","10X-seq PreT3 CC","/Users/macminiye/scRNA-seq_works/Cervix_scRNA_CTCs_project_use/panCTCs/bin/panCTC_classify/V10CC/V10CC_results","Set5","Top3",1,NA,"Primary cancer cells","Primary cancer cells"
"2536","10X-seq Tumorhn115 CC","/Users/macminiye/scRNA-seq_works/Cervix_scRNA_CTCs_project_use/panCTCs/bin/panCTC_classify/V10CC/V10CC_results","Set5","Top3",1,NA,"Primary cancer cells","Primary cancer cells"
"2537","10X-seq PreT3 CC","/Users/macminiye/scRNA-seq_works/Cervix_scRNA_CTCs_project_use/panCTCs/bin/panCTC_classify/V10CC/V10CC_results","Set5","Top3",1,NA,"Primary cancer cells","Primary cancer cells"
"2538","10X-seq PreT3 CC","/Users/macminiye/scRNA-seq_works/Cervix_scRNA_CTCs_project_use/panCTCs/bin/panCTC_classify/V10CC/V10CC_results","Set5","Top3",1,NA,"Primary cancer cells","Primary cancer cells"
"2539","10X-seq PreT2 CC","/Users/macminiye/scRNA-seq_works/Cervix_scRNA_CTCs_project_use/panCTCs/bin/panCTC_classify/V10CC/V10CC_results","Set5","Top3",1,NA,"Primary cancer cells","Primary cancer cells"
"2540","10X-seq Tumorhn115 CC","/Users/macminiye/scRNA-seq_works/Cervix_scRNA_CTCs_project_use/panCTCs/bin/panCTC_classify/V10CC/V10CC_results","Set5","Top3",0.99,NA,"Primary cancer cells","Primary cancer cells"
"2541","10X-seq T2Dur3 CC","/Users/macminiye/scRNA-seq_works/Cervix_scRNA_CTCs_project_use/panCTCs/bin/panCTC_classify/V10CC/V10CC_results","Set5","Top3",1,NA,"Primary cancer cells","Primary cancer cells"
"2542","10X-seq T3Dur3 CC","/Users/macminiye/scRNA-seq_works/Cervix_scRNA_CTCs_project_use/panCTCs/bin/panCTC_classify/V10CC/V10CC_results","Set5","Top3",0.995,NA,"Primary cancer cells","Primary cancer cells"
"2543","10X-seq T2Dur3 CC","/Users/macminiye/scRNA-seq_works/Cervix_scRNA_CTCs_project_use/panCTCs/bin/panCTC_classify/V10CC/V10CC_results","Set5","Top3",0.996,NA,"Primary cancer cells","Primary cancer cells"
"2544","10X-seq T3Dur3 CC","/Users/macminiye/scRNA-seq_works/Cervix_scRNA_CTCs_project_use/panCTCs/bin/panCTC_classify/V10CC/V10CC_results","Set5","Top3",1,NA,"Primary cancer cells","Primary cancer cells"
"2545","10X-seq Tumorhn115 CC","/Users/macminiye/scRNA-seq_works/Cervix_scRNA_CTCs_project_use/panCTCs/bin/panCTC_classify/V10CC/V10CC_results","Set5","Top3",0.998,NA,"Primary cancer cells","Primary cancer cells"
"2546","10X-seq PreT1 CC","/Users/macminiye/scRNA-seq_works/Cervix_scRNA_CTCs_project_use/panCTCs/bin/panCTC_classify/V10CC/V10CC_results","Set5","Top3",1,NA,"Primary cancer cells","Primary cancer cells"
"2547","10X-seq PreT3 CC","/Users/macminiye/scRNA-seq_works/Cervix_scRNA_CTCs_project_use/panCTCs/bin/panCTC_classify/V10CC/V10CC_results","Set5","Top3",1,NA,"Primary cancer cells","Primary cancer cells"
"2548","GSE163558 GC Multiple","/Users/macminiye/scRNA-seq_works/Cervix_scRNA_CTCs_project_use/panCTCs/bin/panCTC_classify/V10CC/V10CC_results","Set1","Top1",0.6,"Top1","Metastatic cancer cells","Metastatic cancer cells"
"2549","GSE147082 OVC Omentum","/Users/macminiye/scRNA-seq_works/Cervix_scRNA_CTCs_project_use/panCTCs/bin/panCTC_classify/V10CC/V10CC_results","Set1","Top1",0.415,"Top1","Metastatic cancer cells","Metastatic cancer cells"
"2550","GSE163558 GC Multiple","/Users/macminiye/scRNA-seq_works/Cervix_scRNA_CTCs_project_use/panCTCs/bin/panCTC_classify/V10CC/V10CC_results","Set1","Top1",0.6,"Top1","Metastatic cancer cells","Metastatic cancer cells"
"2551","GSE176029 Melanoma Liver","/Users/macminiye/scRNA-seq_works/Cervix_scRNA_CTCs_project_use/panCTCs/bin/panCTC_classify/V10CC/V10CC_results","Set1","Top1",1,"Top1","Metastatic cancer cells","Metastatic cancer cells"
"2552","GSE176029 Melanoma Liver","/Users/macminiye/scRNA-seq_works/Cervix_scRNA_CTCs_project_use/panCTCs/bin/panCTC_classify/V10CC/V10CC_results","Set1","Top1",1,"Top1","Metastatic cancer cells","Metastatic cancer cells"
"2553","GSE147082 OVC Omentum","/Users/macminiye/scRNA-seq_works/Cervix_scRNA_CTCs_project_use/panCTCs/bin/panCTC_classify/V10CC/V10CC_results","Set1","Top1",0.44,"Top1","Metastatic cancer cells","Metastatic cancer cells"
"2554","GSE147082 OVC Omentum","/Users/macminiye/scRNA-seq_works/Cervix_scRNA_CTCs_project_use/panCTCs/bin/panCTC_classify/V10CC/V10CC_results","Set1","Top1",0.41,"Top1","Metastatic cancer cells","Metastatic cancer cells"
"2555","GSE147082 OVC Omentum","/Users/macminiye/scRNA-seq_works/Cervix_scRNA_CTCs_project_use/panCTCs/bin/panCTC_classify/V10CC/V10CC_results","Set1","Top1",0.5,"Top1","Metastatic cancer cells","Metastatic cancer cells"
"2556","GSE147082 OVC Omentum","/Users/macminiye/scRNA-seq_works/Cervix_scRNA_CTCs_project_use/panCTCs/bin/panCTC_classify/V10CC/V10CC_results","Set1","Top1",0.398,"Top1","Metastatic cancer cells","Metastatic cancer cells"
"2557","GSE176029 Melanoma Liver","/Users/macminiye/scRNA-seq_works/Cervix_scRNA_CTCs_project_use/panCTCs/bin/panCTC_classify/V10CC/V10CC_results","Set1","Top1",0.97,"Top1","Metastatic cancer cells","Metastatic cancer cells"
"2558","GSE163558 GC Multiple","/Users/macminiye/scRNA-seq_works/Cervix_scRNA_CTCs_project_use/panCTCs/bin/panCTC_classify/V10CC/V10CC_results","Set1","Top1",0.74,"Top1","Metastatic cancer cells","Metastatic cancer cells"
"2559","GSE163558 GC Multiple","/Users/macminiye/scRNA-seq_works/Cervix_scRNA_CTCs_project_use/panCTCs/bin/panCTC_classify/V10CC/V10CC_results","Set1","Top1",0.92,"Top1","Metastatic cancer cells","Metastatic cancer cells"
"2560","GSE147082 OVC Omentum","/Users/macminiye/scRNA-seq_works/Cervix_scRNA_CTCs_project_use/panCTCs/bin/panCTC_classify/V10CC/V10CC_results","Set1","Top1",0.2,"Top1","Metastatic cancer cells","Metastatic cancer cells"
"2561","GSE176029 Melanoma Liver","/Users/macminiye/scRNA-seq_works/Cervix_scRNA_CTCs_project_use/panCTCs/bin/panCTC_classify/V10CC/V10CC_results","Set1","Top1",0.96,"Top1","Metastatic cancer cells","Metastatic cancer cells"
"2562","GSE176029 Melanoma Liver","/Users/macminiye/scRNA-seq_works/Cervix_scRNA_CTCs_project_use/panCTCs/bin/panCTC_classify/V10CC/V10CC_results","Set1","Top1",0.95,"Top1","Metastatic cancer cells","Metastatic cancer cells"
"2563","GSE163558 GC Multiple","/Users/macminiye/scRNA-seq_works/Cervix_scRNA_CTCs_project_use/panCTCs/bin/panCTC_classify/V10CC/V10CC_results","Set1","Top1",0.68,"Top1","Metastatic cancer cells","Metastatic cancer cells"
"2564","GSE176029 Melanoma Liver","/Users/macminiye/scRNA-seq_works/Cervix_scRNA_CTCs_project_use/panCTCs/bin/panCTC_classify/V10CC/V10CC_results","Set1","Top1",1,"Top1","Metastatic cancer cells","Metastatic cancer cells"
"2565","GSE163558 GC Multiple","/Users/macminiye/scRNA-seq_works/Cervix_scRNA_CTCs_project_use/panCTCs/bin/panCTC_classify/V10CC/V10CC_results","Set1","Top1",0.732,"Top1","Metastatic cancer cells","Metastatic cancer cells"
"2566","GSE147082 OVC Omentum","/Users/macminiye/scRNA-seq_works/Cervix_scRNA_CTCs_project_use/panCTCs/bin/panCTC_classify/V10CC/V10CC_results","Set1","Top1",0.2,"Top1","Metastatic cancer cells","Metastatic cancer cells"
"2567","GSE163558 GC Multiple","/Users/macminiye/scRNA-seq_works/Cervix_scRNA_CTCs_project_use/panCTCs/bin/panCTC_classify/V10CC/V10CC_results","Set1","Top1",0.85,"Top1","Metastatic cancer cells","Metastatic cancer cells"
"2568","GSE176029 Melanoma Liver","/Users/macminiye/scRNA-seq_works/Cervix_scRNA_CTCs_project_use/panCTCs/bin/panCTC_classify/V10CC/V10CC_results","Set1","Top1",0.97,"Top1","Metastatic cancer cells","Metastatic cancer cells"
"2569","GSE163558 GC Multiple","/Users/macminiye/scRNA-seq_works/Cervix_scRNA_CTCs_project_use/panCTCs/bin/panCTC_classify/V10CC/V10CC_results","Set1","Top2",0.9,"Top2","Metastatic cancer cells","Metastatic cancer cells"
"2570","GSE147082 OVC Omentum","/Users/macminiye/scRNA-seq_works/Cervix_scRNA_CTCs_project_use/panCTCs/bin/panCTC_classify/V10CC/V10CC_results","Set1","Top2",0.64,"Top2","Metastatic cancer cells","Metastatic cancer cells"
"2571","GSE163558 GC Multiple","/Users/macminiye/scRNA-seq_works/Cervix_scRNA_CTCs_project_use/panCTCs/bin/panCTC_classify/V10CC/V10CC_results","Set1","Top2",0.8,"Top2","Metastatic cancer cells","Metastatic cancer cells"
"2572","GSE176029 Melanoma Liver","/Users/macminiye/scRNA-seq_works/Cervix_scRNA_CTCs_project_use/panCTCs/bin/panCTC_classify/V10CC/V10CC_results","Set1","Top2",1,"Top2","Metastatic cancer cells","Metastatic cancer cells"
"2573","GSE176029 Melanoma Liver","/Users/macminiye/scRNA-seq_works/Cervix_scRNA_CTCs_project_use/panCTCs/bin/panCTC_classify/V10CC/V10CC_results","Set1","Top2",1,"Top2","Metastatic cancer cells","Metastatic cancer cells"
"2574","GSE147082 OVC Omentum","/Users/macminiye/scRNA-seq_works/Cervix_scRNA_CTCs_project_use/panCTCs/bin/panCTC_classify/V10CC/V10CC_results","Set1","Top2",0.62,"Top2","Metastatic cancer cells","Metastatic cancer cells"
"2575","GSE147082 OVC Omentum","/Users/macminiye/scRNA-seq_works/Cervix_scRNA_CTCs_project_use/panCTCs/bin/panCTC_classify/V10CC/V10CC_results","Set1","Top2",0.62,"Top2","Metastatic cancer cells","Metastatic cancer cells"
"2576","GSE147082 OVC Omentum","/Users/macminiye/scRNA-seq_works/Cervix_scRNA_CTCs_project_use/panCTCs/bin/panCTC_classify/V10CC/V10CC_results","Set1","Top2",0.7,"Top2","Metastatic cancer cells","Metastatic cancer cells"
"2577","GSE147082 OVC Omentum","/Users/macminiye/scRNA-seq_works/Cervix_scRNA_CTCs_project_use/panCTCs/bin/panCTC_classify/V10CC/V10CC_results","Set1","Top2",0.616,"Top2","Metastatic cancer cells","Metastatic cancer cells"
"2578","GSE176029 Melanoma Liver","/Users/macminiye/scRNA-seq_works/Cervix_scRNA_CTCs_project_use/panCTCs/bin/panCTC_classify/V10CC/V10CC_results","Set1","Top2",0.99,"Top2","Metastatic cancer cells","Metastatic cancer cells"
"2579","GSE163558 GC Multiple","/Users/macminiye/scRNA-seq_works/Cervix_scRNA_CTCs_project_use/panCTCs/bin/panCTC_classify/V10CC/V10CC_results","Set1","Top2",0.865,"Top2","Metastatic cancer cells","Metastatic cancer cells"
"2580","GSE163558 GC Multiple","/Users/macminiye/scRNA-seq_works/Cervix_scRNA_CTCs_project_use/panCTCs/bin/panCTC_classify/V10CC/V10CC_results","Set1","Top2",0.94,"Top2","Metastatic cancer cells","Metastatic cancer cells"
"2581","GSE147082 OVC Omentum","/Users/macminiye/scRNA-seq_works/Cervix_scRNA_CTCs_project_use/panCTCs/bin/panCTC_classify/V10CC/V10CC_results","Set1","Top2",0.4,"Top2","Metastatic cancer cells","Metastatic cancer cells"
"2582","GSE176029 Melanoma Liver","/Users/macminiye/scRNA-seq_works/Cervix_scRNA_CTCs_project_use/panCTCs/bin/panCTC_classify/V10CC/V10CC_results","Set1","Top2",1,"Top2","Metastatic cancer cells","Metastatic cancer cells"
"2583","GSE176029 Melanoma Liver","/Users/macminiye/scRNA-seq_works/Cervix_scRNA_CTCs_project_use/panCTCs/bin/panCTC_classify/V10CC/V10CC_results","Set1","Top2",1,"Top2","Metastatic cancer cells","Metastatic cancer cells"
"2584","GSE163558 GC Multiple","/Users/macminiye/scRNA-seq_works/Cervix_scRNA_CTCs_project_use/panCTCs/bin/panCTC_classify/V10CC/V10CC_results","Set1","Top2",0.85,"Top2","Metastatic cancer cells","Metastatic cancer cells"
"2585","GSE176029 Melanoma Liver","/Users/macminiye/scRNA-seq_works/Cervix_scRNA_CTCs_project_use/panCTCs/bin/panCTC_classify/V10CC/V10CC_results","Set1","Top2",1,"Top2","Metastatic cancer cells","Metastatic cancer cells"
"2586","GSE163558 GC Multiple","/Users/macminiye/scRNA-seq_works/Cervix_scRNA_CTCs_project_use/panCTCs/bin/panCTC_classify/V10CC/V10CC_results","Set1","Top2",0.878,"Top2","Metastatic cancer cells","Metastatic cancer cells"
"2587","GSE147082 OVC Omentum","/Users/macminiye/scRNA-seq_works/Cervix_scRNA_CTCs_project_use/panCTCs/bin/panCTC_classify/V10CC/V10CC_results","Set1","Top2",0.4,"Top2","Metastatic cancer cells","Metastatic cancer cells"
"2588","GSE163558 GC Multiple","/Users/macminiye/scRNA-seq_works/Cervix_scRNA_CTCs_project_use/panCTCs/bin/panCTC_classify/V10CC/V10CC_results","Set1","Top2",0.9,"Top2","Metastatic cancer cells","Metastatic cancer cells"
"2589","GSE176029 Melanoma Liver","/Users/macminiye/scRNA-seq_works/Cervix_scRNA_CTCs_project_use/panCTCs/bin/panCTC_classify/V10CC/V10CC_results","Set1","Top2",0.986,"Top2","Metastatic cancer cells","Metastatic cancer cells"
"2590","GSE163558 GC Multiple","/Users/macminiye/scRNA-seq_works/Cervix_scRNA_CTCs_project_use/panCTCs/bin/panCTC_classify/V10CC/V10CC_results","Set1","Top3",1,"Top3","Metastatic cancer cells","Metastatic cancer cells"
"2591","GSE147082 OVC Omentum","/Users/macminiye/scRNA-seq_works/Cervix_scRNA_CTCs_project_use/panCTCs/bin/panCTC_classify/V10CC/V10CC_results","Set1","Top3",0.725,"Top3","Metastatic cancer cells","Metastatic cancer cells"
"2592","GSE163558 GC Multiple","/Users/macminiye/scRNA-seq_works/Cervix_scRNA_CTCs_project_use/panCTCs/bin/panCTC_classify/V10CC/V10CC_results","Set1","Top3",1,"Top3","Metastatic cancer cells","Metastatic cancer cells"
"2593","GSE176029 Melanoma Liver","/Users/macminiye/scRNA-seq_works/Cervix_scRNA_CTCs_project_use/panCTCs/bin/panCTC_classify/V10CC/V10CC_results","Set1","Top3",1,"Top3","Metastatic cancer cells","Metastatic cancer cells"
"2594","GSE176029 Melanoma Liver","/Users/macminiye/scRNA-seq_works/Cervix_scRNA_CTCs_project_use/panCTCs/bin/panCTC_classify/V10CC/V10CC_results","Set1","Top3",1,"Top3","Metastatic cancer cells","Metastatic cancer cells"
"2595","GSE147082 OVC Omentum","/Users/macminiye/scRNA-seq_works/Cervix_scRNA_CTCs_project_use/panCTCs/bin/panCTC_classify/V10CC/V10CC_results","Set1","Top3",0.7,"Top3","Metastatic cancer cells","Metastatic cancer cells"
"2596","GSE147082 OVC Omentum","/Users/macminiye/scRNA-seq_works/Cervix_scRNA_CTCs_project_use/panCTCs/bin/panCTC_classify/V10CC/V10CC_results","Set1","Top3",0.75,"Top3","Metastatic cancer cells","Metastatic cancer cells"
"2597","GSE147082 OVC Omentum","/Users/macminiye/scRNA-seq_works/Cervix_scRNA_CTCs_project_use/panCTCs/bin/panCTC_classify/V10CC/V10CC_results","Set1","Top3",0.75,"Top3","Metastatic cancer cells","Metastatic cancer cells"
"2598","GSE147082 OVC Omentum","/Users/macminiye/scRNA-seq_works/Cervix_scRNA_CTCs_project_use/panCTCs/bin/panCTC_classify/V10CC/V10CC_results","Set1","Top3",0.754,"Top3","Metastatic cancer cells","Metastatic cancer cells"
"2599","GSE176029 Melanoma Liver","/Users/macminiye/scRNA-seq_works/Cervix_scRNA_CTCs_project_use/panCTCs/bin/panCTC_classify/V10CC/V10CC_results","Set1","Top3",0.995,"Top3","Metastatic cancer cells","Metastatic cancer cells"
"2600","GSE163558 GC Multiple","/Users/macminiye/scRNA-seq_works/Cervix_scRNA_CTCs_project_use/panCTCs/bin/panCTC_classify/V10CC/V10CC_results","Set1","Top3",0.93,"Top3","Metastatic cancer cells","Metastatic cancer cells"
"2601","GSE163558 GC Multiple","/Users/macminiye/scRNA-seq_works/Cervix_scRNA_CTCs_project_use/panCTCs/bin/panCTC_classify/V10CC/V10CC_results","Set1","Top3",0.96,"Top3","Metastatic cancer cells","Metastatic cancer cells"
"2602","GSE147082 OVC Omentum","/Users/macminiye/scRNA-seq_works/Cervix_scRNA_CTCs_project_use/panCTCs/bin/panCTC_classify/V10CC/V10CC_results","Set1","Top3",0.6,"Top3","Metastatic cancer cells","Metastatic cancer cells"
"2603","GSE176029 Melanoma Liver","/Users/macminiye/scRNA-seq_works/Cervix_scRNA_CTCs_project_use/panCTCs/bin/panCTC_classify/V10CC/V10CC_results","Set1","Top3",1,"Top3","Metastatic cancer cells","Metastatic cancer cells"
"2604","GSE176029 Melanoma Liver","/Users/macminiye/scRNA-seq_works/Cervix_scRNA_CTCs_project_use/panCTCs/bin/panCTC_classify/V10CC/V10CC_results","Set1","Top3",1,"Top3","Metastatic cancer cells","Metastatic cancer cells"
"2605","GSE163558 GC Multiple","/Users/macminiye/scRNA-seq_works/Cervix_scRNA_CTCs_project_use/panCTCs/bin/panCTC_classify/V10CC/V10CC_results","Set1","Top3",0.92,"Top3","Metastatic cancer cells","Metastatic cancer cells"
"2606","GSE176029 Melanoma Liver","/Users/macminiye/scRNA-seq_works/Cervix_scRNA_CTCs_project_use/panCTCs/bin/panCTC_classify/V10CC/V10CC_results","Set1","Top3",1,"Top3","Metastatic cancer cells","Metastatic cancer cells"
"2607","GSE163558 GC Multiple","/Users/macminiye/scRNA-seq_works/Cervix_scRNA_CTCs_project_use/panCTCs/bin/panCTC_classify/V10CC/V10CC_results","Set1","Top3",0.924,"Top3","Metastatic cancer cells","Metastatic cancer cells"
"2608","GSE147082 OVC Omentum","/Users/macminiye/scRNA-seq_works/Cervix_scRNA_CTCs_project_use/panCTCs/bin/panCTC_classify/V10CC/V10CC_results","Set1","Top3",0.8,"Top3","Metastatic cancer cells","Metastatic cancer cells"
"2609","GSE163558 GC Multiple","/Users/macminiye/scRNA-seq_works/Cervix_scRNA_CTCs_project_use/panCTCs/bin/panCTC_classify/V10CC/V10CC_results","Set1","Top3",0.9,"Top3","Metastatic cancer cells","Metastatic cancer cells"
"2610","GSE176029 Melanoma Liver","/Users/macminiye/scRNA-seq_works/Cervix_scRNA_CTCs_project_use/panCTCs/bin/panCTC_classify/V10CC/V10CC_results","Set1","Top3",0.994,"Top3","Metastatic cancer cells","Metastatic cancer cells"
"2611","GSE163558 GC Multiple","/Users/macminiye/scRNA-seq_works/Cervix_scRNA_CTCs_project_use/panCTCs/bin/panCTC_classify/V10CC/V10CC_results","Set2","Top1",0.7,"Top1","Metastatic cancer cells","Metastatic cancer cells"
"2612","GSE147082 OVC Omentum","/Users/macminiye/scRNA-seq_works/Cervix_scRNA_CTCs_project_use/panCTCs/bin/panCTC_classify/V10CC/V10CC_results","Set2","Top1",0.385,"Top1","Metastatic cancer cells","Metastatic cancer cells"
"2613","GSE163558 GC Multiple","/Users/macminiye/scRNA-seq_works/Cervix_scRNA_CTCs_project_use/panCTCs/bin/panCTC_classify/V10CC/V10CC_results","Set2","Top1",0.6,"Top1","Metastatic cancer cells","Metastatic cancer cells"
"2614","GSE176029 Melanoma Liver","/Users/macminiye/scRNA-seq_works/Cervix_scRNA_CTCs_project_use/panCTCs/bin/panCTC_classify/V10CC/V10CC_results","Set2","Top1",1,"Top1","Metastatic cancer cells","Metastatic cancer cells"
"2615","GSE176029 Melanoma Liver","/Users/macminiye/scRNA-seq_works/Cervix_scRNA_CTCs_project_use/panCTCs/bin/panCTC_classify/V10CC/V10CC_results","Set2","Top1",1,"Top1","Metastatic cancer cells","Metastatic cancer cells"
"2616","GSE147082 OVC Omentum","/Users/macminiye/scRNA-seq_works/Cervix_scRNA_CTCs_project_use/panCTCs/bin/panCTC_classify/V10CC/V10CC_results","Set2","Top1",0.48,"Top1","Metastatic cancer cells","Metastatic cancer cells"
"2617","GSE147082 OVC Omentum","/Users/macminiye/scRNA-seq_works/Cervix_scRNA_CTCs_project_use/panCTCs/bin/panCTC_classify/V10CC/V10CC_results","Set2","Top1",0.38,"Top1","Metastatic cancer cells","Metastatic cancer cells"
"2618","GSE147082 OVC Omentum","/Users/macminiye/scRNA-seq_works/Cervix_scRNA_CTCs_project_use/panCTCs/bin/panCTC_classify/V10CC/V10CC_results","Set2","Top1",0.35,"Top1","Metastatic cancer cells","Metastatic cancer cells"
"2619","GSE147082 OVC Omentum","/Users/macminiye/scRNA-seq_works/Cervix_scRNA_CTCs_project_use/panCTCs/bin/panCTC_classify/V10CC/V10CC_results","Set2","Top1",0.406,"Top1","Metastatic cancer cells","Metastatic cancer cells"
"2620","GSE176029 Melanoma Liver","/Users/macminiye/scRNA-seq_works/Cervix_scRNA_CTCs_project_use/panCTCs/bin/panCTC_classify/V10CC/V10CC_results","Set2","Top1",0.985,"Top1","Metastatic cancer cells","Metastatic cancer cells"
"2621","GSE163558 GC Multiple","/Users/macminiye/scRNA-seq_works/Cervix_scRNA_CTCs_project_use/panCTCs/bin/panCTC_classify/V10CC/V10CC_results","Set2","Top1",0.735,"Top1","Metastatic cancer cells","Metastatic cancer cells"
"2622","GSE163558 GC Multiple","/Users/macminiye/scRNA-seq_works/Cervix_scRNA_CTCs_project_use/panCTCs/bin/panCTC_classify/V10CC/V10CC_results","Set2","Top1",0.86,"Top1","Metastatic cancer cells","Metastatic cancer cells"
"2623","GSE147082 OVC Omentum","/Users/macminiye/scRNA-seq_works/Cervix_scRNA_CTCs_project_use/panCTCs/bin/panCTC_classify/V10CC/V10CC_results","Set2","Top1",0.5,"Top1","Metastatic cancer cells","Metastatic cancer cells"
"2624","GSE176029 Melanoma Liver","/Users/macminiye/scRNA-seq_works/Cervix_scRNA_CTCs_project_use/panCTCs/bin/panCTC_classify/V10CC/V10CC_results","Set2","Top1",0.94,"Top1","Metastatic cancer cells","Metastatic cancer cells"
"2625","GSE176029 Melanoma Liver","/Users/macminiye/scRNA-seq_works/Cervix_scRNA_CTCs_project_use/panCTCs/bin/panCTC_classify/V10CC/V10CC_results","Set2","Top1",0.99,"Top1","Metastatic cancer cells","Metastatic cancer cells"
"2626","GSE163558 GC Multiple","/Users/macminiye/scRNA-seq_works/Cervix_scRNA_CTCs_project_use/panCTCs/bin/panCTC_classify/V10CC/V10CC_results","Set2","Top1",0.82,"Top1","Metastatic cancer cells","Metastatic cancer cells"
"2627","GSE176029 Melanoma Liver","/Users/macminiye/scRNA-seq_works/Cervix_scRNA_CTCs_project_use/panCTCs/bin/panCTC_classify/V10CC/V10CC_results","Set2","Top1",1,"Top1","Metastatic cancer cells","Metastatic cancer cells"
"2628","GSE163558 GC Multiple","/Users/macminiye/scRNA-seq_works/Cervix_scRNA_CTCs_project_use/panCTCs/bin/panCTC_classify/V10CC/V10CC_results","Set2","Top1",0.734,"Top1","Metastatic cancer cells","Metastatic cancer cells"
"2629","GSE147082 OVC Omentum","/Users/macminiye/scRNA-seq_works/Cervix_scRNA_CTCs_project_use/panCTCs/bin/panCTC_classify/V10CC/V10CC_results","Set2","Top1",0.2,"Top1","Metastatic cancer cells","Metastatic cancer cells"
"2630","GSE163558 GC Multiple","/Users/macminiye/scRNA-seq_works/Cervix_scRNA_CTCs_project_use/panCTCs/bin/panCTC_classify/V10CC/V10CC_results","Set2","Top1",0.6,"Top1","Metastatic cancer cells","Metastatic cancer cells"
"2631","GSE176029 Melanoma Liver","/Users/macminiye/scRNA-seq_works/Cervix_scRNA_CTCs_project_use/panCTCs/bin/panCTC_classify/V10CC/V10CC_results","Set2","Top1",0.974,"Top1","Metastatic cancer cells","Metastatic cancer cells"
"2632","GSE163558 GC Multiple","/Users/macminiye/scRNA-seq_works/Cervix_scRNA_CTCs_project_use/panCTCs/bin/panCTC_classify/V10CC/V10CC_results","Set2","Top2",0.8,"Top2","Metastatic cancer cells","Metastatic cancer cells"
"2633","GSE147082 OVC Omentum","/Users/macminiye/scRNA-seq_works/Cervix_scRNA_CTCs_project_use/panCTCs/bin/panCTC_classify/V10CC/V10CC_results","Set2","Top2",0.605,"Top2","Metastatic cancer cells","Metastatic cancer cells"
"2634","GSE163558 GC Multiple","/Users/macminiye/scRNA-seq_works/Cervix_scRNA_CTCs_project_use/panCTCs/bin/panCTC_classify/V10CC/V10CC_results","Set2","Top2",0.8,"Top2","Metastatic cancer cells","Metastatic cancer cells"
"2635","GSE176029 Melanoma Liver","/Users/macminiye/scRNA-seq_works/Cervix_scRNA_CTCs_project_use/panCTCs/bin/panCTC_classify/V10CC/V10CC_results","Set2","Top2",1,"Top2","Metastatic cancer cells","Metastatic cancer cells"
"2636","GSE176029 Melanoma Liver","/Users/macminiye/scRNA-seq_works/Cervix_scRNA_CTCs_project_use/panCTCs/bin/panCTC_classify/V10CC/V10CC_results","Set2","Top2",1,"Top2","Metastatic cancer cells","Metastatic cancer cells"
"2637","GSE147082 OVC Omentum","/Users/macminiye/scRNA-seq_works/Cervix_scRNA_CTCs_project_use/panCTCs/bin/panCTC_classify/V10CC/V10CC_results","Set2","Top2",0.6,"Top2","Metastatic cancer cells","Metastatic cancer cells"
"2638","GSE147082 OVC Omentum","/Users/macminiye/scRNA-seq_works/Cervix_scRNA_CTCs_project_use/panCTCs/bin/panCTC_classify/V10CC/V10CC_results","Set2","Top2",0.59,"Top2","Metastatic cancer cells","Metastatic cancer cells"
"2639","GSE147082 OVC Omentum","/Users/macminiye/scRNA-seq_works/Cervix_scRNA_CTCs_project_use/panCTCs/bin/panCTC_classify/V10CC/V10CC_results","Set2","Top2",0.55,"Top2","Metastatic cancer cells","Metastatic cancer cells"
"2640","GSE147082 OVC Omentum","/Users/macminiye/scRNA-seq_works/Cervix_scRNA_CTCs_project_use/panCTCs/bin/panCTC_classify/V10CC/V10CC_results","Set2","Top2",0.614,"Top2","Metastatic cancer cells","Metastatic cancer cells"
"2641","GSE176029 Melanoma Liver","/Users/macminiye/scRNA-seq_works/Cervix_scRNA_CTCs_project_use/panCTCs/bin/panCTC_classify/V10CC/V10CC_results","Set2","Top2",1,"Top2","Metastatic cancer cells","Metastatic cancer cells"
"2642","GSE163558 GC Multiple","/Users/macminiye/scRNA-seq_works/Cervix_scRNA_CTCs_project_use/panCTCs/bin/panCTC_classify/V10CC/V10CC_results","Set2","Top2",0.885,"Top2","Metastatic cancer cells","Metastatic cancer cells"
"2643","GSE163558 GC Multiple","/Users/macminiye/scRNA-seq_works/Cervix_scRNA_CTCs_project_use/panCTCs/bin/panCTC_classify/V10CC/V10CC_results","Set2","Top2",0.92,"Top2","Metastatic cancer cells","Metastatic cancer cells"
"2644","GSE147082 OVC Omentum","/Users/macminiye/scRNA-seq_works/Cervix_scRNA_CTCs_project_use/panCTCs/bin/panCTC_classify/V10CC/V10CC_results","Set2","Top2",0.8,"Top2","Metastatic cancer cells","Metastatic cancer cells"
"2645","GSE176029 Melanoma Liver","/Users/macminiye/scRNA-seq_works/Cervix_scRNA_CTCs_project_use/panCTCs/bin/panCTC_classify/V10CC/V10CC_results","Set2","Top2",0.98,"Top2","Metastatic cancer cells","Metastatic cancer cells"
"2646","GSE176029 Melanoma Liver","/Users/macminiye/scRNA-seq_works/Cervix_scRNA_CTCs_project_use/panCTCs/bin/panCTC_classify/V10CC/V10CC_results","Set2","Top2",1,"Top2","Metastatic cancer cells","Metastatic cancer cells"
"2647","GSE163558 GC Multiple","/Users/macminiye/scRNA-seq_works/Cervix_scRNA_CTCs_project_use/panCTCs/bin/panCTC_classify/V10CC/V10CC_results","Set2","Top2",0.92,"Top2","Metastatic cancer cells","Metastatic cancer cells"
"2648","GSE176029 Melanoma Liver","/Users/macminiye/scRNA-seq_works/Cervix_scRNA_CTCs_project_use/panCTCs/bin/panCTC_classify/V10CC/V10CC_results","Set2","Top2",1,"Top2","Metastatic cancer cells","Metastatic cancer cells"
"2649","GSE163558 GC Multiple","/Users/macminiye/scRNA-seq_works/Cervix_scRNA_CTCs_project_use/panCTCs/bin/panCTC_classify/V10CC/V10CC_results","Set2","Top2",0.874,"Top2","Metastatic cancer cells","Metastatic cancer cells"
"2650","GSE147082 OVC Omentum","/Users/macminiye/scRNA-seq_works/Cervix_scRNA_CTCs_project_use/panCTCs/bin/panCTC_classify/V10CC/V10CC_results","Set2","Top2",0.4,"Top2","Metastatic cancer cells","Metastatic cancer cells"
"2651","GSE163558 GC Multiple","/Users/macminiye/scRNA-seq_works/Cervix_scRNA_CTCs_project_use/panCTCs/bin/panCTC_classify/V10CC/V10CC_results","Set2","Top2",0.8,"Top2","Metastatic cancer cells","Metastatic cancer cells"
"2652","GSE176029 Melanoma Liver","/Users/macminiye/scRNA-seq_works/Cervix_scRNA_CTCs_project_use/panCTCs/bin/panCTC_classify/V10CC/V10CC_results","Set2","Top2",0.992,"Top2","Metastatic cancer cells","Metastatic cancer cells"
"2653","GSE163558 GC Multiple","/Users/macminiye/scRNA-seq_works/Cervix_scRNA_CTCs_project_use/panCTCs/bin/panCTC_classify/V10CC/V10CC_results","Set2","Top3",0.9,"Top3","Metastatic cancer cells","Metastatic cancer cells"
"2654","GSE147082 OVC Omentum","/Users/macminiye/scRNA-seq_works/Cervix_scRNA_CTCs_project_use/panCTCs/bin/panCTC_classify/V10CC/V10CC_results","Set2","Top3",0.745,"Top3","Metastatic cancer cells","Metastatic cancer cells"
"2655","GSE163558 GC Multiple","/Users/macminiye/scRNA-seq_works/Cervix_scRNA_CTCs_project_use/panCTCs/bin/panCTC_classify/V10CC/V10CC_results","Set2","Top3",1,"Top3","Metastatic cancer cells","Metastatic cancer cells"
"2656","GSE176029 Melanoma Liver","/Users/macminiye/scRNA-seq_works/Cervix_scRNA_CTCs_project_use/panCTCs/bin/panCTC_classify/V10CC/V10CC_results","Set2","Top3",1,"Top3","Metastatic cancer cells","Metastatic cancer cells"
"2657","GSE176029 Melanoma Liver","/Users/macminiye/scRNA-seq_works/Cervix_scRNA_CTCs_project_use/panCTCs/bin/panCTC_classify/V10CC/V10CC_results","Set2","Top3",1,"Top3","Metastatic cancer cells","Metastatic cancer cells"
"2658","GSE147082 OVC Omentum","/Users/macminiye/scRNA-seq_works/Cervix_scRNA_CTCs_project_use/panCTCs/bin/panCTC_classify/V10CC/V10CC_results","Set2","Top3",0.7,"Top3","Metastatic cancer cells","Metastatic cancer cells"
"2659","GSE147082 OVC Omentum","/Users/macminiye/scRNA-seq_works/Cervix_scRNA_CTCs_project_use/panCTCs/bin/panCTC_classify/V10CC/V10CC_results","Set2","Top3",0.73,"Top3","Metastatic cancer cells","Metastatic cancer cells"
"2660","GSE147082 OVC Omentum","/Users/macminiye/scRNA-seq_works/Cervix_scRNA_CTCs_project_use/panCTCs/bin/panCTC_classify/V10CC/V10CC_results","Set2","Top3",0.7,"Top3","Metastatic cancer cells","Metastatic cancer cells"
"2661","GSE147082 OVC Omentum","/Users/macminiye/scRNA-seq_works/Cervix_scRNA_CTCs_project_use/panCTCs/bin/panCTC_classify/V10CC/V10CC_results","Set2","Top3",0.734,"Top3","Metastatic cancer cells","Metastatic cancer cells"
"2662","GSE176029 Melanoma Liver","/Users/macminiye/scRNA-seq_works/Cervix_scRNA_CTCs_project_use/panCTCs/bin/panCTC_classify/V10CC/V10CC_results","Set2","Top3",1,"Top3","Metastatic cancer cells","Metastatic cancer cells"
"2663","GSE163558 GC Multiple","/Users/macminiye/scRNA-seq_works/Cervix_scRNA_CTCs_project_use/panCTCs/bin/panCTC_classify/V10CC/V10CC_results","Set2","Top3",0.92,"Top3","Metastatic cancer cells","Metastatic cancer cells"
"2664","GSE163558 GC Multiple","/Users/macminiye/scRNA-seq_works/Cervix_scRNA_CTCs_project_use/panCTCs/bin/panCTC_classify/V10CC/V10CC_results","Set2","Top3",0.96,"Top3","Metastatic cancer cells","Metastatic cancer cells"
"2665","GSE147082 OVC Omentum","/Users/macminiye/scRNA-seq_works/Cervix_scRNA_CTCs_project_use/panCTCs/bin/panCTC_classify/V10CC/V10CC_results","Set2","Top3",0.8,"Top3","Metastatic cancer cells","Metastatic cancer cells"
"2666","GSE176029 Melanoma Liver","/Users/macminiye/scRNA-seq_works/Cervix_scRNA_CTCs_project_use/panCTCs/bin/panCTC_classify/V10CC/V10CC_results","Set2","Top3",1,"Top3","Metastatic cancer cells","Metastatic cancer cells"
"2667","GSE176029 Melanoma Liver","/Users/macminiye/scRNA-seq_works/Cervix_scRNA_CTCs_project_use/panCTCs/bin/panCTC_classify/V10CC/V10CC_results","Set2","Top3",1,"Top3","Metastatic cancer cells","Metastatic cancer cells"
"2668","GSE163558 GC Multiple","/Users/macminiye/scRNA-seq_works/Cervix_scRNA_CTCs_project_use/panCTCs/bin/panCTC_classify/V10CC/V10CC_results","Set2","Top3",0.98,"Top3","Metastatic cancer cells","Metastatic cancer cells"
"2669","GSE176029 Melanoma Liver","/Users/macminiye/scRNA-seq_works/Cervix_scRNA_CTCs_project_use/panCTCs/bin/panCTC_classify/V10CC/V10CC_results","Set2","Top3",1,"Top3","Metastatic cancer cells","Metastatic cancer cells"
"2670","GSE163558 GC Multiple","/Users/macminiye/scRNA-seq_works/Cervix_scRNA_CTCs_project_use/panCTCs/bin/panCTC_classify/V10CC/V10CC_results","Set2","Top3",0.93,"Top3","Metastatic cancer cells","Metastatic cancer cells"
"2671","GSE147082 OVC Omentum","/Users/macminiye/scRNA-seq_works/Cervix_scRNA_CTCs_project_use/panCTCs/bin/panCTC_classify/V10CC/V10CC_results","Set2","Top3",0.6,"Top3","Metastatic cancer cells","Metastatic cancer cells"
"2672","GSE163558 GC Multiple","/Users/macminiye/scRNA-seq_works/Cervix_scRNA_CTCs_project_use/panCTCs/bin/panCTC_classify/V10CC/V10CC_results","Set2","Top3",0.9,"Top3","Metastatic cancer cells","Metastatic cancer cells"
"2673","GSE176029 Melanoma Liver","/Users/macminiye/scRNA-seq_works/Cervix_scRNA_CTCs_project_use/panCTCs/bin/panCTC_classify/V10CC/V10CC_results","Set2","Top3",0.996,"Top3","Metastatic cancer cells","Metastatic cancer cells"
"2674","GSE163558 GC Multiple","/Users/macminiye/scRNA-seq_works/Cervix_scRNA_CTCs_project_use/panCTCs/bin/panCTC_classify/V10CC/V10CC_results","Set3","Top1",0.8,"Top1","Metastatic cancer cells","Metastatic cancer cells"
"2675","GSE147082 OVC Omentum","/Users/macminiye/scRNA-seq_works/Cervix_scRNA_CTCs_project_use/panCTCs/bin/panCTC_classify/V10CC/V10CC_results","Set3","Top1",0.365,"Top1","Metastatic cancer cells","Metastatic cancer cells"
"2676","GSE163558 GC Multiple","/Users/macminiye/scRNA-seq_works/Cervix_scRNA_CTCs_project_use/panCTCs/bin/panCTC_classify/V10CC/V10CC_results","Set3","Top1",0.8,"Top1","Metastatic cancer cells","Metastatic cancer cells"
"2677","GSE176029 Melanoma Liver","/Users/macminiye/scRNA-seq_works/Cervix_scRNA_CTCs_project_use/panCTCs/bin/panCTC_classify/V10CC/V10CC_results","Set3","Top1",1,"Top1","Metastatic cancer cells","Metastatic cancer cells"
"2678","GSE176029 Melanoma Liver","/Users/macminiye/scRNA-seq_works/Cervix_scRNA_CTCs_project_use/panCTCs/bin/panCTC_classify/V10CC/V10CC_results","Set3","Top1",1,"Top1","Metastatic cancer cells","Metastatic cancer cells"
"2679","GSE147082 OVC Omentum","/Users/macminiye/scRNA-seq_works/Cervix_scRNA_CTCs_project_use/panCTCs/bin/panCTC_classify/V10CC/V10CC_results","Set3","Top1",0.38,"Top1","Metastatic cancer cells","Metastatic cancer cells"
"2680","GSE147082 OVC Omentum","/Users/macminiye/scRNA-seq_works/Cervix_scRNA_CTCs_project_use/panCTCs/bin/panCTC_classify/V10CC/V10CC_results","Set3","Top1",0.38,"Top1","Metastatic cancer cells","Metastatic cancer cells"
"2681","GSE147082 OVC Omentum","/Users/macminiye/scRNA-seq_works/Cervix_scRNA_CTCs_project_use/panCTCs/bin/panCTC_classify/V10CC/V10CC_results","Set3","Top1",0.3,"Top1","Metastatic cancer cells","Metastatic cancer cells"
"2682","GSE147082 OVC Omentum","/Users/macminiye/scRNA-seq_works/Cervix_scRNA_CTCs_project_use/panCTCs/bin/panCTC_classify/V10CC/V10CC_results","Set3","Top1",0.414,"Top1","Metastatic cancer cells","Metastatic cancer cells"
"2683","GSE176029 Melanoma Liver","/Users/macminiye/scRNA-seq_works/Cervix_scRNA_CTCs_project_use/panCTCs/bin/panCTC_classify/V10CC/V10CC_results","Set3","Top1",0.97,"Top1","Metastatic cancer cells","Metastatic cancer cells"
"2684","GSE163558 GC Multiple","/Users/macminiye/scRNA-seq_works/Cervix_scRNA_CTCs_project_use/panCTCs/bin/panCTC_classify/V10CC/V10CC_results","Set3","Top1",0.72,"Top1","Metastatic cancer cells","Metastatic cancer cells"
"2685","GSE163558 GC Multiple","/Users/macminiye/scRNA-seq_works/Cervix_scRNA_CTCs_project_use/panCTCs/bin/panCTC_classify/V10CC/V10CC_results","Set3","Top1",0.66,"Top1","Metastatic cancer cells","Metastatic cancer cells"
"2686","GSE147082 OVC Omentum","/Users/macminiye/scRNA-seq_works/Cervix_scRNA_CTCs_project_use/panCTCs/bin/panCTC_classify/V10CC/V10CC_results","Set3","Top1",0.5,"Top1","Metastatic cancer cells","Metastatic cancer cells"
"2687","GSE176029 Melanoma Liver","/Users/macminiye/scRNA-seq_works/Cervix_scRNA_CTCs_project_use/panCTCs/bin/panCTC_classify/V10CC/V10CC_results","Set3","Top1",1,"Top1","Metastatic cancer cells","Metastatic cancer cells"
"2688","GSE176029 Melanoma Liver","/Users/macminiye/scRNA-seq_works/Cervix_scRNA_CTCs_project_use/panCTCs/bin/panCTC_classify/V10CC/V10CC_results","Set3","Top1",0.97,"Top1","Metastatic cancer cells","Metastatic cancer cells"
"2689","GSE163558 GC Multiple","/Users/macminiye/scRNA-seq_works/Cervix_scRNA_CTCs_project_use/panCTCs/bin/panCTC_classify/V10CC/V10CC_results","Set3","Top1",0.68,"Top1","Metastatic cancer cells","Metastatic cancer cells"
"2690","GSE176029 Melanoma Liver","/Users/macminiye/scRNA-seq_works/Cervix_scRNA_CTCs_project_use/panCTCs/bin/panCTC_classify/V10CC/V10CC_results","Set3","Top1",0.95,"Top1","Metastatic cancer cells","Metastatic cancer cells"
"2691","GSE163558 GC Multiple","/Users/macminiye/scRNA-seq_works/Cervix_scRNA_CTCs_project_use/panCTCs/bin/panCTC_classify/V10CC/V10CC_results","Set3","Top1",0.734,"Top1","Metastatic cancer cells","Metastatic cancer cells"
"2692","GSE147082 OVC Omentum","/Users/macminiye/scRNA-seq_works/Cervix_scRNA_CTCs_project_use/panCTCs/bin/panCTC_classify/V10CC/V10CC_results","Set3","Top1",0.2,"Top1","Metastatic cancer cells","Metastatic cancer cells"
"2693","GSE163558 GC Multiple","/Users/macminiye/scRNA-seq_works/Cervix_scRNA_CTCs_project_use/panCTCs/bin/panCTC_classify/V10CC/V10CC_results","Set3","Top1",0.7,"Top1","Metastatic cancer cells","Metastatic cancer cells"
"2694","GSE176029 Melanoma Liver","/Users/macminiye/scRNA-seq_works/Cervix_scRNA_CTCs_project_use/panCTCs/bin/panCTC_classify/V10CC/V10CC_results","Set3","Top1",0.976,"Top1","Metastatic cancer cells","Metastatic cancer cells"
"2695","GSE163558 GC Multiple","/Users/macminiye/scRNA-seq_works/Cervix_scRNA_CTCs_project_use/panCTCs/bin/panCTC_classify/V10CC/V10CC_results","Set3","Top2",0.9,"Top2","Metastatic cancer cells","Metastatic cancer cells"
"2696","GSE147082 OVC Omentum","/Users/macminiye/scRNA-seq_works/Cervix_scRNA_CTCs_project_use/panCTCs/bin/panCTC_classify/V10CC/V10CC_results","Set3","Top2",0.55,"Top2","Metastatic cancer cells","Metastatic cancer cells"
"2697","GSE163558 GC Multiple","/Users/macminiye/scRNA-seq_works/Cervix_scRNA_CTCs_project_use/panCTCs/bin/panCTC_classify/V10CC/V10CC_results","Set3","Top2",1,"Top2","Metastatic cancer cells","Metastatic cancer cells"
"2698","GSE176029 Melanoma Liver","/Users/macminiye/scRNA-seq_works/Cervix_scRNA_CTCs_project_use/panCTCs/bin/panCTC_classify/V10CC/V10CC_results","Set3","Top2",1,"Top2","Metastatic cancer cells","Metastatic cancer cells"
"2699","GSE176029 Melanoma Liver","/Users/macminiye/scRNA-seq_works/Cervix_scRNA_CTCs_project_use/panCTCs/bin/panCTC_classify/V10CC/V10CC_results","Set3","Top2",1,"Top2","Metastatic cancer cells","Metastatic cancer cells"
"2700","GSE147082 OVC Omentum","/Users/macminiye/scRNA-seq_works/Cervix_scRNA_CTCs_project_use/panCTCs/bin/panCTC_classify/V10CC/V10CC_results","Set3","Top2",0.48,"Top2","Metastatic cancer cells","Metastatic cancer cells"
"2701","GSE147082 OVC Omentum","/Users/macminiye/scRNA-seq_works/Cervix_scRNA_CTCs_project_use/panCTCs/bin/panCTC_classify/V10CC/V10CC_results","Set3","Top2",0.62,"Top2","Metastatic cancer cells","Metastatic cancer cells"
"2702","GSE147082 OVC Omentum","/Users/macminiye/scRNA-seq_works/Cervix_scRNA_CTCs_project_use/panCTCs/bin/panCTC_classify/V10CC/V10CC_results","Set3","Top2",0.55,"Top2","Metastatic cancer cells","Metastatic cancer cells"
"2703","GSE147082 OVC Omentum","/Users/macminiye/scRNA-seq_works/Cervix_scRNA_CTCs_project_use/panCTCs/bin/panCTC_classify/V10CC/V10CC_results","Set3","Top2",0.62,"Top2","Metastatic cancer cells","Metastatic cancer cells"
"2704","GSE176029 Melanoma Liver","/Users/macminiye/scRNA-seq_works/Cervix_scRNA_CTCs_project_use/panCTCs/bin/panCTC_classify/V10CC/V10CC_results","Set3","Top2",0.985,"Top2","Metastatic cancer cells","Metastatic cancer cells"
"2705","GSE163558 GC Multiple","/Users/macminiye/scRNA-seq_works/Cervix_scRNA_CTCs_project_use/panCTCs/bin/panCTC_classify/V10CC/V10CC_results","Set3","Top2",0.875,"Top2","Metastatic cancer cells","Metastatic cancer cells"
"2706","GSE163558 GC Multiple","/Users/macminiye/scRNA-seq_works/Cervix_scRNA_CTCs_project_use/panCTCs/bin/panCTC_classify/V10CC/V10CC_results","Set3","Top2",0.84,"Top2","Metastatic cancer cells","Metastatic cancer cells"
"2707","GSE147082 OVC Omentum","/Users/macminiye/scRNA-seq_works/Cervix_scRNA_CTCs_project_use/panCTCs/bin/panCTC_classify/V10CC/V10CC_results","Set3","Top2",0.7,"Top2","Metastatic cancer cells","Metastatic cancer cells"
"2708","GSE176029 Melanoma Liver","/Users/macminiye/scRNA-seq_works/Cervix_scRNA_CTCs_project_use/panCTCs/bin/panCTC_classify/V10CC/V10CC_results","Set3","Top2",1,"Top2","Metastatic cancer cells","Metastatic cancer cells"
"2709","GSE176029 Melanoma Liver","/Users/macminiye/scRNA-seq_works/Cervix_scRNA_CTCs_project_use/panCTCs/bin/panCTC_classify/V10CC/V10CC_results","Set3","Top2",0.98,"Top2","Metastatic cancer cells","Metastatic cancer cells"
"2710","GSE163558 GC Multiple","/Users/macminiye/scRNA-seq_works/Cervix_scRNA_CTCs_project_use/panCTCs/bin/panCTC_classify/V10CC/V10CC_results","Set3","Top2",0.88,"Top2","Metastatic cancer cells","Metastatic cancer cells"
"2711","GSE176029 Melanoma Liver","/Users/macminiye/scRNA-seq_works/Cervix_scRNA_CTCs_project_use/panCTCs/bin/panCTC_classify/V10CC/V10CC_results","Set3","Top2",1,"Top2","Metastatic cancer cells","Metastatic cancer cells"
"2712","GSE163558 GC Multiple","/Users/macminiye/scRNA-seq_works/Cervix_scRNA_CTCs_project_use/panCTCs/bin/panCTC_classify/V10CC/V10CC_results","Set3","Top2",0.878,"Top2","Metastatic cancer cells","Metastatic cancer cells"
"2713","GSE147082 OVC Omentum","/Users/macminiye/scRNA-seq_works/Cervix_scRNA_CTCs_project_use/panCTCs/bin/panCTC_classify/V10CC/V10CC_results","Set3","Top2",0.4,"Top2","Metastatic cancer cells","Metastatic cancer cells"
"2714","GSE163558 GC Multiple","/Users/macminiye/scRNA-seq_works/Cervix_scRNA_CTCs_project_use/panCTCs/bin/panCTC_classify/V10CC/V10CC_results","Set3","Top2",0.95,"Top2","Metastatic cancer cells","Metastatic cancer cells"
"2715","GSE176029 Melanoma Liver","/Users/macminiye/scRNA-seq_works/Cervix_scRNA_CTCs_project_use/panCTCs/bin/panCTC_classify/V10CC/V10CC_results","Set3","Top2",0.99,"Top2","Metastatic cancer cells","Metastatic cancer cells"
"2716","GSE163558 GC Multiple","/Users/macminiye/scRNA-seq_works/Cervix_scRNA_CTCs_project_use/panCTCs/bin/panCTC_classify/V10CC/V10CC_results","Set3","Top3",0.9,"Top3","Metastatic cancer cells","Metastatic cancer cells"
"2717","GSE147082 OVC Omentum","/Users/macminiye/scRNA-seq_works/Cervix_scRNA_CTCs_project_use/panCTCs/bin/panCTC_classify/V10CC/V10CC_results","Set3","Top3",0.715,"Top3","Metastatic cancer cells","Metastatic cancer cells"
"2718","GSE163558 GC Multiple","/Users/macminiye/scRNA-seq_works/Cervix_scRNA_CTCs_project_use/panCTCs/bin/panCTC_classify/V10CC/V10CC_results","Set3","Top3",1,"Top3","Metastatic cancer cells","Metastatic cancer cells"
"2719","GSE176029 Melanoma Liver","/Users/macminiye/scRNA-seq_works/Cervix_scRNA_CTCs_project_use/panCTCs/bin/panCTC_classify/V10CC/V10CC_results","Set3","Top3",1,"Top3","Metastatic cancer cells","Metastatic cancer cells"
"2720","GSE176029 Melanoma Liver","/Users/macminiye/scRNA-seq_works/Cervix_scRNA_CTCs_project_use/panCTCs/bin/panCTC_classify/V10CC/V10CC_results","Set3","Top3",1,"Top3","Metastatic cancer cells","Metastatic cancer cells"
"2721","GSE147082 OVC Omentum","/Users/macminiye/scRNA-seq_works/Cervix_scRNA_CTCs_project_use/panCTCs/bin/panCTC_classify/V10CC/V10CC_results","Set3","Top3",0.64,"Top3","Metastatic cancer cells","Metastatic cancer cells"
"2722","GSE147082 OVC Omentum","/Users/macminiye/scRNA-seq_works/Cervix_scRNA_CTCs_project_use/panCTCs/bin/panCTC_classify/V10CC/V10CC_results","Set3","Top3",0.78,"Top3","Metastatic cancer cells","Metastatic cancer cells"
"2723","GSE147082 OVC Omentum","/Users/macminiye/scRNA-seq_works/Cervix_scRNA_CTCs_project_use/panCTCs/bin/panCTC_classify/V10CC/V10CC_results","Set3","Top3",0.7,"Top3","Metastatic cancer cells","Metastatic cancer cells"
"2724","GSE147082 OVC Omentum","/Users/macminiye/scRNA-seq_works/Cervix_scRNA_CTCs_project_use/panCTCs/bin/panCTC_classify/V10CC/V10CC_results","Set3","Top3",0.722,"Top3","Metastatic cancer cells","Metastatic cancer cells"
"2725","GSE176029 Melanoma Liver","/Users/macminiye/scRNA-seq_works/Cervix_scRNA_CTCs_project_use/panCTCs/bin/panCTC_classify/V10CC/V10CC_results","Set3","Top3",0.995,"Top3","Metastatic cancer cells","Metastatic cancer cells"
"2726","GSE163558 GC Multiple","/Users/macminiye/scRNA-seq_works/Cervix_scRNA_CTCs_project_use/panCTCs/bin/panCTC_classify/V10CC/V10CC_results","Set3","Top3",0.895,"Top3","Metastatic cancer cells","Metastatic cancer cells"
"2727","GSE163558 GC Multiple","/Users/macminiye/scRNA-seq_works/Cervix_scRNA_CTCs_project_use/panCTCs/bin/panCTC_classify/V10CC/V10CC_results","Set3","Top3",0.92,"Top3","Metastatic cancer cells","Metastatic cancer cells"
"2728","GSE147082 OVC Omentum","/Users/macminiye/scRNA-seq_works/Cervix_scRNA_CTCs_project_use/panCTCs/bin/panCTC_classify/V10CC/V10CC_results","Set3","Top3",0.9,"Top3","Metastatic cancer cells","Metastatic cancer cells"
"2729","GSE176029 Melanoma Liver","/Users/macminiye/scRNA-seq_works/Cervix_scRNA_CTCs_project_use/panCTCs/bin/panCTC_classify/V10CC/V10CC_results","Set3","Top3",1,"Top3","Metastatic cancer cells","Metastatic cancer cells"
"2730","GSE176029 Melanoma Liver","/Users/macminiye/scRNA-seq_works/Cervix_scRNA_CTCs_project_use/panCTCs/bin/panCTC_classify/V10CC/V10CC_results","Set3","Top3",1,"Top3","Metastatic cancer cells","Metastatic cancer cells"
"2731","GSE163558 GC Multiple","/Users/macminiye/scRNA-seq_works/Cervix_scRNA_CTCs_project_use/panCTCs/bin/panCTC_classify/V10CC/V10CC_results","Set3","Top3",0.93,"Top3","Metastatic cancer cells","Metastatic cancer cells"
"2732","GSE176029 Melanoma Liver","/Users/macminiye/scRNA-seq_works/Cervix_scRNA_CTCs_project_use/panCTCs/bin/panCTC_classify/V10CC/V10CC_results","Set3","Top3",1,"Top3","Metastatic cancer cells","Metastatic cancer cells"
"2733","GSE163558 GC Multiple","/Users/macminiye/scRNA-seq_works/Cervix_scRNA_CTCs_project_use/panCTCs/bin/panCTC_classify/V10CC/V10CC_results","Set3","Top3",0.932,"Top3","Metastatic cancer cells","Metastatic cancer cells"
"2734","GSE147082 OVC Omentum","/Users/macminiye/scRNA-seq_works/Cervix_scRNA_CTCs_project_use/panCTCs/bin/panCTC_classify/V10CC/V10CC_results","Set3","Top3",0.6,"Top3","Metastatic cancer cells","Metastatic cancer cells"
"2735","GSE163558 GC Multiple","/Users/macminiye/scRNA-seq_works/Cervix_scRNA_CTCs_project_use/panCTCs/bin/panCTC_classify/V10CC/V10CC_results","Set3","Top3",0.95,"Top3","Metastatic cancer cells","Metastatic cancer cells"
"2736","GSE176029 Melanoma Liver","/Users/macminiye/scRNA-seq_works/Cervix_scRNA_CTCs_project_use/panCTCs/bin/panCTC_classify/V10CC/V10CC_results","Set3","Top3",0.996,"Top3","Metastatic cancer cells","Metastatic cancer cells"
"2737","GSE163558 GC Multiple","/Users/macminiye/scRNA-seq_works/Cervix_scRNA_CTCs_project_use/panCTCs/bin/panCTC_classify/V10CC/V10CC_results","Set4","Top1",0.6,"Top1","Metastatic cancer cells","Metastatic cancer cells"
"2738","GSE147082 OVC Omentum","/Users/macminiye/scRNA-seq_works/Cervix_scRNA_CTCs_project_use/panCTCs/bin/panCTC_classify/V10CC/V10CC_results","Set4","Top1",0.395,"Top1","Metastatic cancer cells","Metastatic cancer cells"
"2739","GSE163558 GC Multiple","/Users/macminiye/scRNA-seq_works/Cervix_scRNA_CTCs_project_use/panCTCs/bin/panCTC_classify/V10CC/V10CC_results","Set4","Top1",1,"Top1","Metastatic cancer cells","Metastatic cancer cells"
"2740","GSE176029 Melanoma Liver","/Users/macminiye/scRNA-seq_works/Cervix_scRNA_CTCs_project_use/panCTCs/bin/panCTC_classify/V10CC/V10CC_results","Set4","Top1",1,"Top1","Metastatic cancer cells","Metastatic cancer cells"
"2741","GSE176029 Melanoma Liver","/Users/macminiye/scRNA-seq_works/Cervix_scRNA_CTCs_project_use/panCTCs/bin/panCTC_classify/V10CC/V10CC_results","Set4","Top1",0.8,"Top1","Metastatic cancer cells","Metastatic cancer cells"
"2742","GSE147082 OVC Omentum","/Users/macminiye/scRNA-seq_works/Cervix_scRNA_CTCs_project_use/panCTCs/bin/panCTC_classify/V10CC/V10CC_results","Set4","Top1",0.38,"Top1","Metastatic cancer cells","Metastatic cancer cells"
"2743","GSE147082 OVC Omentum","/Users/macminiye/scRNA-seq_works/Cervix_scRNA_CTCs_project_use/panCTCs/bin/panCTC_classify/V10CC/V10CC_results","Set4","Top1",0.42,"Top1","Metastatic cancer cells","Metastatic cancer cells"
"2744","GSE147082 OVC Omentum","/Users/macminiye/scRNA-seq_works/Cervix_scRNA_CTCs_project_use/panCTCs/bin/panCTC_classify/V10CC/V10CC_results","Set4","Top1",0.55,"Top1","Metastatic cancer cells","Metastatic cancer cells"
"2745","GSE147082 OVC Omentum","/Users/macminiye/scRNA-seq_works/Cervix_scRNA_CTCs_project_use/panCTCs/bin/panCTC_classify/V10CC/V10CC_results","Set4","Top1",0.404,"Top1","Metastatic cancer cells","Metastatic cancer cells"
"2746","GSE176029 Melanoma Liver","/Users/macminiye/scRNA-seq_works/Cervix_scRNA_CTCs_project_use/panCTCs/bin/panCTC_classify/V10CC/V10CC_results","Set4","Top1",0.99,"Top1","Metastatic cancer cells","Metastatic cancer cells"
"2747","GSE163558 GC Multiple","/Users/macminiye/scRNA-seq_works/Cervix_scRNA_CTCs_project_use/panCTCs/bin/panCTC_classify/V10CC/V10CC_results","Set4","Top1",0.69,"Top1","Metastatic cancer cells","Metastatic cancer cells"
"2748","GSE163558 GC Multiple","/Users/macminiye/scRNA-seq_works/Cervix_scRNA_CTCs_project_use/panCTCs/bin/panCTC_classify/V10CC/V10CC_results","Set4","Top1",0.66,"Top1","Metastatic cancer cells","Metastatic cancer cells"
"2749","GSE147082 OVC Omentum","/Users/macminiye/scRNA-seq_works/Cervix_scRNA_CTCs_project_use/panCTCs/bin/panCTC_classify/V10CC/V10CC_results","Set4","Top1",0.4,"Top1","Metastatic cancer cells","Metastatic cancer cells"
"2750","GSE176029 Melanoma Liver","/Users/macminiye/scRNA-seq_works/Cervix_scRNA_CTCs_project_use/panCTCs/bin/panCTC_classify/V10CC/V10CC_results","Set4","Top1",0.96,"Top1","Metastatic cancer cells","Metastatic cancer cells"
"2751","GSE176029 Melanoma Liver","/Users/macminiye/scRNA-seq_works/Cervix_scRNA_CTCs_project_use/panCTCs/bin/panCTC_classify/V10CC/V10CC_results","Set4","Top1",0.99,"Top1","Metastatic cancer cells","Metastatic cancer cells"
"2752","GSE163558 GC Multiple","/Users/macminiye/scRNA-seq_works/Cervix_scRNA_CTCs_project_use/panCTCs/bin/panCTC_classify/V10CC/V10CC_results","Set4","Top1",0.7,"Top1","Metastatic cancer cells","Metastatic cancer cells"
"2753","GSE176029 Melanoma Liver","/Users/macminiye/scRNA-seq_works/Cervix_scRNA_CTCs_project_use/panCTCs/bin/panCTC_classify/V10CC/V10CC_results","Set4","Top1",0.95,"Top1","Metastatic cancer cells","Metastatic cancer cells"
"2754","GSE163558 GC Multiple","/Users/macminiye/scRNA-seq_works/Cervix_scRNA_CTCs_project_use/panCTCs/bin/panCTC_classify/V10CC/V10CC_results","Set4","Top1",0.74,"Top1","Metastatic cancer cells","Metastatic cancer cells"
"2755","GSE147082 OVC Omentum","/Users/macminiye/scRNA-seq_works/Cervix_scRNA_CTCs_project_use/panCTCs/bin/panCTC_classify/V10CC/V10CC_results","Set4","Top1",0.8,"Top1","Metastatic cancer cells","Metastatic cancer cells"
"2756","GSE163558 GC Multiple","/Users/macminiye/scRNA-seq_works/Cervix_scRNA_CTCs_project_use/panCTCs/bin/panCTC_classify/V10CC/V10CC_results","Set4","Top1",0.85,"Top1","Metastatic cancer cells","Metastatic cancer cells"
"2757","GSE176029 Melanoma Liver","/Users/macminiye/scRNA-seq_works/Cervix_scRNA_CTCs_project_use/panCTCs/bin/panCTC_classify/V10CC/V10CC_results","Set4","Top1",0.976,"Top1","Metastatic cancer cells","Metastatic cancer cells"
"2758","GSE163558 GC Multiple","/Users/macminiye/scRNA-seq_works/Cervix_scRNA_CTCs_project_use/panCTCs/bin/panCTC_classify/V10CC/V10CC_results","Set4","Top2",0.8,"Top2","Metastatic cancer cells","Metastatic cancer cells"
"2759","GSE147082 OVC Omentum","/Users/macminiye/scRNA-seq_works/Cervix_scRNA_CTCs_project_use/panCTCs/bin/panCTC_classify/V10CC/V10CC_results","Set4","Top2",0.605,"Top2","Metastatic cancer cells","Metastatic cancer cells"
"2760","GSE163558 GC Multiple","/Users/macminiye/scRNA-seq_works/Cervix_scRNA_CTCs_project_use/panCTCs/bin/panCTC_classify/V10CC/V10CC_results","Set4","Top2",1,"Top2","Metastatic cancer cells","Metastatic cancer cells"
"2761","GSE176029 Melanoma Liver","/Users/macminiye/scRNA-seq_works/Cervix_scRNA_CTCs_project_use/panCTCs/bin/panCTC_classify/V10CC/V10CC_results","Set4","Top2",1,"Top2","Metastatic cancer cells","Metastatic cancer cells"
"2762","GSE176029 Melanoma Liver","/Users/macminiye/scRNA-seq_works/Cervix_scRNA_CTCs_project_use/panCTCs/bin/panCTC_classify/V10CC/V10CC_results","Set4","Top2",1,"Top2","Metastatic cancer cells","Metastatic cancer cells"
"2763","GSE147082 OVC Omentum","/Users/macminiye/scRNA-seq_works/Cervix_scRNA_CTCs_project_use/panCTCs/bin/panCTC_classify/V10CC/V10CC_results","Set4","Top2",0.6,"Top2","Metastatic cancer cells","Metastatic cancer cells"
"2764","GSE147082 OVC Omentum","/Users/macminiye/scRNA-seq_works/Cervix_scRNA_CTCs_project_use/panCTCs/bin/panCTC_classify/V10CC/V10CC_results","Set4","Top2",0.7,"Top2","Metastatic cancer cells","Metastatic cancer cells"
"2765","GSE147082 OVC Omentum","/Users/macminiye/scRNA-seq_works/Cervix_scRNA_CTCs_project_use/panCTCs/bin/panCTC_classify/V10CC/V10CC_results","Set4","Top2",0.6,"Top2","Metastatic cancer cells","Metastatic cancer cells"
"2766","GSE147082 OVC Omentum","/Users/macminiye/scRNA-seq_works/Cervix_scRNA_CTCs_project_use/panCTCs/bin/panCTC_classify/V10CC/V10CC_results","Set4","Top2",0.594,"Top2","Metastatic cancer cells","Metastatic cancer cells"
"2767","GSE176029 Melanoma Liver","/Users/macminiye/scRNA-seq_works/Cervix_scRNA_CTCs_project_use/panCTCs/bin/panCTC_classify/V10CC/V10CC_results","Set4","Top2",0.99,"Top2","Metastatic cancer cells","Metastatic cancer cells"
"2768","GSE163558 GC Multiple","/Users/macminiye/scRNA-seq_works/Cervix_scRNA_CTCs_project_use/panCTCs/bin/panCTC_classify/V10CC/V10CC_results","Set4","Top2",0.855,"Top2","Metastatic cancer cells","Metastatic cancer cells"
"2769","GSE163558 GC Multiple","/Users/macminiye/scRNA-seq_works/Cervix_scRNA_CTCs_project_use/panCTCs/bin/panCTC_classify/V10CC/V10CC_results","Set4","Top2",0.88,"Top2","Metastatic cancer cells","Metastatic cancer cells"
"2770","GSE147082 OVC Omentum","/Users/macminiye/scRNA-seq_works/Cervix_scRNA_CTCs_project_use/panCTCs/bin/panCTC_classify/V10CC/V10CC_results","Set4","Top2",0.9,"Top2","Metastatic cancer cells","Metastatic cancer cells"
"2771","GSE176029 Melanoma Liver","/Users/macminiye/scRNA-seq_works/Cervix_scRNA_CTCs_project_use/panCTCs/bin/panCTC_classify/V10CC/V10CC_results","Set4","Top2",0.98,"Top2","Metastatic cancer cells","Metastatic cancer cells"
"2772","GSE176029 Melanoma Liver","/Users/macminiye/scRNA-seq_works/Cervix_scRNA_CTCs_project_use/panCTCs/bin/panCTC_classify/V10CC/V10CC_results","Set4","Top2",0.99,"Top2","Metastatic cancer cells","Metastatic cancer cells"
"2773","GSE163558 GC Multiple","/Users/macminiye/scRNA-seq_works/Cervix_scRNA_CTCs_project_use/panCTCs/bin/panCTC_classify/V10CC/V10CC_results","Set4","Top2",0.86,"Top2","Metastatic cancer cells","Metastatic cancer cells"
"2774","GSE176029 Melanoma Liver","/Users/macminiye/scRNA-seq_works/Cervix_scRNA_CTCs_project_use/panCTCs/bin/panCTC_classify/V10CC/V10CC_results","Set4","Top2",0.95,"Top2","Metastatic cancer cells","Metastatic cancer cells"
"2775","GSE163558 GC Multiple","/Users/macminiye/scRNA-seq_works/Cervix_scRNA_CTCs_project_use/panCTCs/bin/panCTC_classify/V10CC/V10CC_results","Set4","Top2",0.876,"Top2","Metastatic cancer cells","Metastatic cancer cells"
"2776","GSE147082 OVC Omentum","/Users/macminiye/scRNA-seq_works/Cervix_scRNA_CTCs_project_use/panCTCs/bin/panCTC_classify/V10CC/V10CC_results","Set4","Top2",0.8,"Top2","Metastatic cancer cells","Metastatic cancer cells"
"2777","GSE163558 GC Multiple","/Users/macminiye/scRNA-seq_works/Cervix_scRNA_CTCs_project_use/panCTCs/bin/panCTC_classify/V10CC/V10CC_results","Set4","Top2",0.95,"Top2","Metastatic cancer cells","Metastatic cancer cells"
"2778","GSE176029 Melanoma Liver","/Users/macminiye/scRNA-seq_works/Cervix_scRNA_CTCs_project_use/panCTCs/bin/panCTC_classify/V10CC/V10CC_results","Set4","Top2",0.99,"Top2","Metastatic cancer cells","Metastatic cancer cells"
"2779","GSE163558 GC Multiple","/Users/macminiye/scRNA-seq_works/Cervix_scRNA_CTCs_project_use/panCTCs/bin/panCTC_classify/V10CC/V10CC_results","Set4","Top3",0.8,"Top3","Metastatic cancer cells","Metastatic cancer cells"
"2780","GSE147082 OVC Omentum","/Users/macminiye/scRNA-seq_works/Cervix_scRNA_CTCs_project_use/panCTCs/bin/panCTC_classify/V10CC/V10CC_results","Set4","Top3",0.74,"Top3","Metastatic cancer cells","Metastatic cancer cells"
"2781","GSE163558 GC Multiple","/Users/macminiye/scRNA-seq_works/Cervix_scRNA_CTCs_project_use/panCTCs/bin/panCTC_classify/V10CC/V10CC_results","Set4","Top3",1,"Top3","Metastatic cancer cells","Metastatic cancer cells"
"2782","GSE176029 Melanoma Liver","/Users/macminiye/scRNA-seq_works/Cervix_scRNA_CTCs_project_use/panCTCs/bin/panCTC_classify/V10CC/V10CC_results","Set4","Top3",1,"Top3","Metastatic cancer cells","Metastatic cancer cells"
"2783","GSE176029 Melanoma Liver","/Users/macminiye/scRNA-seq_works/Cervix_scRNA_CTCs_project_use/panCTCs/bin/panCTC_classify/V10CC/V10CC_results","Set4","Top3",1,"Top3","Metastatic cancer cells","Metastatic cancer cells"
"2784","GSE147082 OVC Omentum","/Users/macminiye/scRNA-seq_works/Cervix_scRNA_CTCs_project_use/panCTCs/bin/panCTC_classify/V10CC/V10CC_results","Set4","Top3",0.78,"Top3","Metastatic cancer cells","Metastatic cancer cells"
"2785","GSE147082 OVC Omentum","/Users/macminiye/scRNA-seq_works/Cervix_scRNA_CTCs_project_use/panCTCs/bin/panCTC_classify/V10CC/V10CC_results","Set4","Top3",0.83,"Top3","Metastatic cancer cells","Metastatic cancer cells"
"2786","GSE147082 OVC Omentum","/Users/macminiye/scRNA-seq_works/Cervix_scRNA_CTCs_project_use/panCTCs/bin/panCTC_classify/V10CC/V10CC_results","Set4","Top3",0.75,"Top3","Metastatic cancer cells","Metastatic cancer cells"
"2787","GSE147082 OVC Omentum","/Users/macminiye/scRNA-seq_works/Cervix_scRNA_CTCs_project_use/panCTCs/bin/panCTC_classify/V10CC/V10CC_results","Set4","Top3",0.73,"Top3","Metastatic cancer cells","Metastatic cancer cells"
"2788","GSE176029 Melanoma Liver","/Users/macminiye/scRNA-seq_works/Cervix_scRNA_CTCs_project_use/panCTCs/bin/panCTC_classify/V10CC/V10CC_results","Set4","Top3",1,"Top3","Metastatic cancer cells","Metastatic cancer cells"
"2789","GSE163558 GC Multiple","/Users/macminiye/scRNA-seq_works/Cervix_scRNA_CTCs_project_use/panCTCs/bin/panCTC_classify/V10CC/V10CC_results","Set4","Top3",0.93,"Top3","Metastatic cancer cells","Metastatic cancer cells"
"2790","GSE163558 GC Multiple","/Users/macminiye/scRNA-seq_works/Cervix_scRNA_CTCs_project_use/panCTCs/bin/panCTC_classify/V10CC/V10CC_results","Set4","Top3",0.96,"Top3","Metastatic cancer cells","Metastatic cancer cells"
"2791","GSE147082 OVC Omentum","/Users/macminiye/scRNA-seq_works/Cervix_scRNA_CTCs_project_use/panCTCs/bin/panCTC_classify/V10CC/V10CC_results","Set4","Top3",0.9,"Top3","Metastatic cancer cells","Metastatic cancer cells"
"2792","GSE176029 Melanoma Liver","/Users/macminiye/scRNA-seq_works/Cervix_scRNA_CTCs_project_use/panCTCs/bin/panCTC_classify/V10CC/V10CC_results","Set4","Top3",0.98,"Top3","Metastatic cancer cells","Metastatic cancer cells"
"2793","GSE176029 Melanoma Liver","/Users/macminiye/scRNA-seq_works/Cervix_scRNA_CTCs_project_use/panCTCs/bin/panCTC_classify/V10CC/V10CC_results","Set4","Top3",0.99,"Top3","Metastatic cancer cells","Metastatic cancer cells"
"2794","GSE163558 GC Multiple","/Users/macminiye/scRNA-seq_works/Cervix_scRNA_CTCs_project_use/panCTCs/bin/panCTC_classify/V10CC/V10CC_results","Set4","Top3",0.93,"Top3","Metastatic cancer cells","Metastatic cancer cells"
"2795","GSE176029 Melanoma Liver","/Users/macminiye/scRNA-seq_works/Cervix_scRNA_CTCs_project_use/panCTCs/bin/panCTC_classify/V10CC/V10CC_results","Set4","Top3",0.95,"Top3","Metastatic cancer cells","Metastatic cancer cells"
"2796","GSE163558 GC Multiple","/Users/macminiye/scRNA-seq_works/Cervix_scRNA_CTCs_project_use/panCTCs/bin/panCTC_classify/V10CC/V10CC_results","Set4","Top3",0.932,"Top3","Metastatic cancer cells","Metastatic cancer cells"
"2797","GSE147082 OVC Omentum","/Users/macminiye/scRNA-seq_works/Cervix_scRNA_CTCs_project_use/panCTCs/bin/panCTC_classify/V10CC/V10CC_results","Set4","Top3",0.8,"Top3","Metastatic cancer cells","Metastatic cancer cells"
"2798","GSE163558 GC Multiple","/Users/macminiye/scRNA-seq_works/Cervix_scRNA_CTCs_project_use/panCTCs/bin/panCTC_classify/V10CC/V10CC_results","Set4","Top3",0.95,"Top3","Metastatic cancer cells","Metastatic cancer cells"
"2799","GSE176029 Melanoma Liver","/Users/macminiye/scRNA-seq_works/Cervix_scRNA_CTCs_project_use/panCTCs/bin/panCTC_classify/V10CC/V10CC_results","Set4","Top3",0.996,"Top3","Metastatic cancer cells","Metastatic cancer cells"
"2800","GSE163558 GC Multiple","/Users/macminiye/scRNA-seq_works/Cervix_scRNA_CTCs_project_use/panCTCs/bin/panCTC_classify/V10CC/V10CC_results","Set5","Top1",0.6,"Top1","Metastatic cancer cells","Metastatic cancer cells"
"2801","GSE147082 OVC Omentum","/Users/macminiye/scRNA-seq_works/Cervix_scRNA_CTCs_project_use/panCTCs/bin/panCTC_classify/V10CC/V10CC_results","Set5","Top1",0.435,"Top1","Metastatic cancer cells","Metastatic cancer cells"
"2802","GSE163558 GC Multiple","/Users/macminiye/scRNA-seq_works/Cervix_scRNA_CTCs_project_use/panCTCs/bin/panCTC_classify/V10CC/V10CC_results","Set5","Top1",0.4,"Top1","Metastatic cancer cells","Metastatic cancer cells"
"2803","GSE176029 Melanoma Liver","/Users/macminiye/scRNA-seq_works/Cervix_scRNA_CTCs_project_use/panCTCs/bin/panCTC_classify/V10CC/V10CC_results","Set5","Top1",1,"Top1","Metastatic cancer cells","Metastatic cancer cells"
"2804","GSE176029 Melanoma Liver","/Users/macminiye/scRNA-seq_works/Cervix_scRNA_CTCs_project_use/panCTCs/bin/panCTC_classify/V10CC/V10CC_results","Set5","Top1",1,"Top1","Metastatic cancer cells","Metastatic cancer cells"
"2805","GSE147082 OVC Omentum","/Users/macminiye/scRNA-seq_works/Cervix_scRNA_CTCs_project_use/panCTCs/bin/panCTC_classify/V10CC/V10CC_results","Set5","Top1",0.38,"Top1","Metastatic cancer cells","Metastatic cancer cells"
"2806","GSE147082 OVC Omentum","/Users/macminiye/scRNA-seq_works/Cervix_scRNA_CTCs_project_use/panCTCs/bin/panCTC_classify/V10CC/V10CC_results","Set5","Top1",0.45,"Top1","Metastatic cancer cells","Metastatic cancer cells"
"2807","GSE147082 OVC Omentum","/Users/macminiye/scRNA-seq_works/Cervix_scRNA_CTCs_project_use/panCTCs/bin/panCTC_classify/V10CC/V10CC_results","Set5","Top1",0.45,"Top1","Metastatic cancer cells","Metastatic cancer cells"
"2808","GSE147082 OVC Omentum","/Users/macminiye/scRNA-seq_works/Cervix_scRNA_CTCs_project_use/panCTCs/bin/panCTC_classify/V10CC/V10CC_results","Set5","Top1",0.418,"Top1","Metastatic cancer cells","Metastatic cancer cells"
"2809","GSE176029 Melanoma Liver","/Users/macminiye/scRNA-seq_works/Cervix_scRNA_CTCs_project_use/panCTCs/bin/panCTC_classify/V10CC/V10CC_results","Set5","Top1",0.97,"Top1","Metastatic cancer cells","Metastatic cancer cells"
"2810","GSE163558 GC Multiple","/Users/macminiye/scRNA-seq_works/Cervix_scRNA_CTCs_project_use/panCTCs/bin/panCTC_classify/V10CC/V10CC_results","Set5","Top1",0.755,"Top1","Metastatic cancer cells","Metastatic cancer cells"
"2811","GSE163558 GC Multiple","/Users/macminiye/scRNA-seq_works/Cervix_scRNA_CTCs_project_use/panCTCs/bin/panCTC_classify/V10CC/V10CC_results","Set5","Top1",0.76,"Top1","Metastatic cancer cells","Metastatic cancer cells"
"2812","GSE147082 OVC Omentum","/Users/macminiye/scRNA-seq_works/Cervix_scRNA_CTCs_project_use/panCTCs/bin/panCTC_classify/V10CC/V10CC_results","Set5","Top1",0.5,"Top1","Metastatic cancer cells","Metastatic cancer cells"
"2813","GSE176029 Melanoma Liver","/Users/macminiye/scRNA-seq_works/Cervix_scRNA_CTCs_project_use/panCTCs/bin/panCTC_classify/V10CC/V10CC_results","Set5","Top1",0.96,"Top1","Metastatic cancer cells","Metastatic cancer cells"
"2814","GSE176029 Melanoma Liver","/Users/macminiye/scRNA-seq_works/Cervix_scRNA_CTCs_project_use/panCTCs/bin/panCTC_classify/V10CC/V10CC_results","Set5","Top1",0.94,"Top1","Metastatic cancer cells","Metastatic cancer cells"
"2815","GSE163558 GC Multiple","/Users/macminiye/scRNA-seq_works/Cervix_scRNA_CTCs_project_use/panCTCs/bin/panCTC_classify/V10CC/V10CC_results","Set5","Top1",0.83,"Top1","Metastatic cancer cells","Metastatic cancer cells"
"2816","GSE176029 Melanoma Liver","/Users/macminiye/scRNA-seq_works/Cervix_scRNA_CTCs_project_use/panCTCs/bin/panCTC_classify/V10CC/V10CC_results","Set5","Top1",1,"Top1","Metastatic cancer cells","Metastatic cancer cells"
"2817","GSE163558 GC Multiple","/Users/macminiye/scRNA-seq_works/Cervix_scRNA_CTCs_project_use/panCTCs/bin/panCTC_classify/V10CC/V10CC_results","Set5","Top1",0.736,"Top1","Metastatic cancer cells","Metastatic cancer cells"
"2818","GSE147082 OVC Omentum","/Users/macminiye/scRNA-seq_works/Cervix_scRNA_CTCs_project_use/panCTCs/bin/panCTC_classify/V10CC/V10CC_results","Set5","Top1",0.4,"Top1","Metastatic cancer cells","Metastatic cancer cells"
"2819","GSE163558 GC Multiple","/Users/macminiye/scRNA-seq_works/Cervix_scRNA_CTCs_project_use/panCTCs/bin/panCTC_classify/V10CC/V10CC_results","Set5","Top1",0.7,"Top1","Metastatic cancer cells","Metastatic cancer cells"
"2820","GSE176029 Melanoma Liver","/Users/macminiye/scRNA-seq_works/Cervix_scRNA_CTCs_project_use/panCTCs/bin/panCTC_classify/V10CC/V10CC_results","Set5","Top1",0.968,"Top1","Metastatic cancer cells","Metastatic cancer cells"
"2821","GSE163558 GC Multiple","/Users/macminiye/scRNA-seq_works/Cervix_scRNA_CTCs_project_use/panCTCs/bin/panCTC_classify/V10CC/V10CC_results","Set5","Top2",0.8,"Top2","Metastatic cancer cells","Metastatic cancer cells"
"2822","GSE147082 OVC Omentum","/Users/macminiye/scRNA-seq_works/Cervix_scRNA_CTCs_project_use/panCTCs/bin/panCTC_classify/V10CC/V10CC_results","Set5","Top2",0.6,"Top2","Metastatic cancer cells","Metastatic cancer cells"
"2823","GSE163558 GC Multiple","/Users/macminiye/scRNA-seq_works/Cervix_scRNA_CTCs_project_use/panCTCs/bin/panCTC_classify/V10CC/V10CC_results","Set5","Top2",0.6,"Top2","Metastatic cancer cells","Metastatic cancer cells"
"2824","GSE176029 Melanoma Liver","/Users/macminiye/scRNA-seq_works/Cervix_scRNA_CTCs_project_use/panCTCs/bin/panCTC_classify/V10CC/V10CC_results","Set5","Top2",1,"Top2","Metastatic cancer cells","Metastatic cancer cells"
"2825","GSE176029 Melanoma Liver","/Users/macminiye/scRNA-seq_works/Cervix_scRNA_CTCs_project_use/panCTCs/bin/panCTC_classify/V10CC/V10CC_results","Set5","Top2",1,"Top2","Metastatic cancer cells","Metastatic cancer cells"
"2826","GSE147082 OVC Omentum","/Users/macminiye/scRNA-seq_works/Cervix_scRNA_CTCs_project_use/panCTCs/bin/panCTC_classify/V10CC/V10CC_results","Set5","Top2",0.62,"Top2","Metastatic cancer cells","Metastatic cancer cells"
"2827","GSE147082 OVC Omentum","/Users/macminiye/scRNA-seq_works/Cervix_scRNA_CTCs_project_use/panCTCs/bin/panCTC_classify/V10CC/V10CC_results","Set5","Top2",0.59,"Top2","Metastatic cancer cells","Metastatic cancer cells"
"2828","GSE147082 OVC Omentum","/Users/macminiye/scRNA-seq_works/Cervix_scRNA_CTCs_project_use/panCTCs/bin/panCTC_classify/V10CC/V10CC_results","Set5","Top2",0.85,"Top2","Metastatic cancer cells","Metastatic cancer cells"
"2829","GSE147082 OVC Omentum","/Users/macminiye/scRNA-seq_works/Cervix_scRNA_CTCs_project_use/panCTCs/bin/panCTC_classify/V10CC/V10CC_results","Set5","Top2",0.616,"Top2","Metastatic cancer cells","Metastatic cancer cells"
"2830","GSE176029 Melanoma Liver","/Users/macminiye/scRNA-seq_works/Cervix_scRNA_CTCs_project_use/panCTCs/bin/panCTC_classify/V10CC/V10CC_results","Set5","Top2",0.985,"Top2","Metastatic cancer cells","Metastatic cancer cells"
"2831","GSE163558 GC Multiple","/Users/macminiye/scRNA-seq_works/Cervix_scRNA_CTCs_project_use/panCTCs/bin/panCTC_classify/V10CC/V10CC_results","Set5","Top2",0.865,"Top2","Metastatic cancer cells","Metastatic cancer cells"
"2832","GSE163558 GC Multiple","/Users/macminiye/scRNA-seq_works/Cervix_scRNA_CTCs_project_use/panCTCs/bin/panCTC_classify/V10CC/V10CC_results","Set5","Top2",0.9,"Top2","Metastatic cancer cells","Metastatic cancer cells"
"2833","GSE147082 OVC Omentum","/Users/macminiye/scRNA-seq_works/Cervix_scRNA_CTCs_project_use/panCTCs/bin/panCTC_classify/V10CC/V10CC_results","Set5","Top2",0.5,"Top2","Metastatic cancer cells","Metastatic cancer cells"
"2834","GSE176029 Melanoma Liver","/Users/macminiye/scRNA-seq_works/Cervix_scRNA_CTCs_project_use/panCTCs/bin/panCTC_classify/V10CC/V10CC_results","Set5","Top2",1,"Top2","Metastatic cancer cells","Metastatic cancer cells"
"2835","GSE176029 Melanoma Liver","/Users/macminiye/scRNA-seq_works/Cervix_scRNA_CTCs_project_use/panCTCs/bin/panCTC_classify/V10CC/V10CC_results","Set5","Top2",0.98,"Top2","Metastatic cancer cells","Metastatic cancer cells"
"2836","GSE163558 GC Multiple","/Users/macminiye/scRNA-seq_works/Cervix_scRNA_CTCs_project_use/panCTCs/bin/panCTC_classify/V10CC/V10CC_results","Set5","Top2",0.93,"Top2","Metastatic cancer cells","Metastatic cancer cells"
"2837","GSE176029 Melanoma Liver","/Users/macminiye/scRNA-seq_works/Cervix_scRNA_CTCs_project_use/panCTCs/bin/panCTC_classify/V10CC/V10CC_results","Set5","Top2",1,"Top2","Metastatic cancer cells","Metastatic cancer cells"
"2838","GSE163558 GC Multiple","/Users/macminiye/scRNA-seq_works/Cervix_scRNA_CTCs_project_use/panCTCs/bin/panCTC_classify/V10CC/V10CC_results","Set5","Top2",0.872,"Top2","Metastatic cancer cells","Metastatic cancer cells"
"2839","GSE147082 OVC Omentum","/Users/macminiye/scRNA-seq_works/Cervix_scRNA_CTCs_project_use/panCTCs/bin/panCTC_classify/V10CC/V10CC_results","Set5","Top2",0.6,"Top2","Metastatic cancer cells","Metastatic cancer cells"
"2840","GSE163558 GC Multiple","/Users/macminiye/scRNA-seq_works/Cervix_scRNA_CTCs_project_use/panCTCs/bin/panCTC_classify/V10CC/V10CC_results","Set5","Top2",0.95,"Top2","Metastatic cancer cells","Metastatic cancer cells"
"2841","GSE176029 Melanoma Liver","/Users/macminiye/scRNA-seq_works/Cervix_scRNA_CTCs_project_use/panCTCs/bin/panCTC_classify/V10CC/V10CC_results","Set5","Top2",0.984,"Top2","Metastatic cancer cells","Metastatic cancer cells"
"2842","GSE163558 GC Multiple","/Users/macminiye/scRNA-seq_works/Cervix_scRNA_CTCs_project_use/panCTCs/bin/panCTC_classify/V10CC/V10CC_results","Set5","Top3",0.8,"Top3","Metastatic cancer cells","Metastatic cancer cells"
"2843","GSE147082 OVC Omentum","/Users/macminiye/scRNA-seq_works/Cervix_scRNA_CTCs_project_use/panCTCs/bin/panCTC_classify/V10CC/V10CC_results","Set5","Top3",0.71,"Top3","Metastatic cancer cells","Metastatic cancer cells"
"2844","GSE163558 GC Multiple","/Users/macminiye/scRNA-seq_works/Cervix_scRNA_CTCs_project_use/panCTCs/bin/panCTC_classify/V10CC/V10CC_results","Set5","Top3",0.8,"Top3","Metastatic cancer cells","Metastatic cancer cells"
"2845","GSE176029 Melanoma Liver","/Users/macminiye/scRNA-seq_works/Cervix_scRNA_CTCs_project_use/panCTCs/bin/panCTC_classify/V10CC/V10CC_results","Set5","Top3",1,"Top3","Metastatic cancer cells","Metastatic cancer cells"
"2846","GSE176029 Melanoma Liver","/Users/macminiye/scRNA-seq_works/Cervix_scRNA_CTCs_project_use/panCTCs/bin/panCTC_classify/V10CC/V10CC_results","Set5","Top3",1,"Top3","Metastatic cancer cells","Metastatic cancer cells"
"2847","GSE147082 OVC Omentum","/Users/macminiye/scRNA-seq_works/Cervix_scRNA_CTCs_project_use/panCTCs/bin/panCTC_classify/V10CC/V10CC_results","Set5","Top3",0.76,"Top3","Metastatic cancer cells","Metastatic cancer cells"
"2848","GSE147082 OVC Omentum","/Users/macminiye/scRNA-seq_works/Cervix_scRNA_CTCs_project_use/panCTCs/bin/panCTC_classify/V10CC/V10CC_results","Set5","Top3",0.73,"Top3","Metastatic cancer cells","Metastatic cancer cells"
"2849","GSE147082 OVC Omentum","/Users/macminiye/scRNA-seq_works/Cervix_scRNA_CTCs_project_use/panCTCs/bin/panCTC_classify/V10CC/V10CC_results","Set5","Top3",0.9,"Top3","Metastatic cancer cells","Metastatic cancer cells"
"2850","GSE147082 OVC Omentum","/Users/macminiye/scRNA-seq_works/Cervix_scRNA_CTCs_project_use/panCTCs/bin/panCTC_classify/V10CC/V10CC_results","Set5","Top3",0.748,"Top3","Metastatic cancer cells","Metastatic cancer cells"
"2851","GSE176029 Melanoma Liver","/Users/macminiye/scRNA-seq_works/Cervix_scRNA_CTCs_project_use/panCTCs/bin/panCTC_classify/V10CC/V10CC_results","Set5","Top3",0.995,"Top3","Metastatic cancer cells","Metastatic cancer cells"
"2852","GSE163558 GC Multiple","/Users/macminiye/scRNA-seq_works/Cervix_scRNA_CTCs_project_use/panCTCs/bin/panCTC_classify/V10CC/V10CC_results","Set5","Top3",0.915,"Top3","Metastatic cancer cells","Metastatic cancer cells"
"2853","GSE163558 GC Multiple","/Users/macminiye/scRNA-seq_works/Cervix_scRNA_CTCs_project_use/panCTCs/bin/panCTC_classify/V10CC/V10CC_results","Set5","Top3",0.98,"Top3","Metastatic cancer cells","Metastatic cancer cells"
"2854","GSE147082 OVC Omentum","/Users/macminiye/scRNA-seq_works/Cervix_scRNA_CTCs_project_use/panCTCs/bin/panCTC_classify/V10CC/V10CC_results","Set5","Top3",0.7,"Top3","Metastatic cancer cells","Metastatic cancer cells"
"2855","GSE176029 Melanoma Liver","/Users/macminiye/scRNA-seq_works/Cervix_scRNA_CTCs_project_use/panCTCs/bin/panCTC_classify/V10CC/V10CC_results","Set5","Top3",1,"Top3","Metastatic cancer cells","Metastatic cancer cells"
"2856","GSE176029 Melanoma Liver","/Users/macminiye/scRNA-seq_works/Cervix_scRNA_CTCs_project_use/panCTCs/bin/panCTC_classify/V10CC/V10CC_results","Set5","Top3",1,"Top3","Metastatic cancer cells","Metastatic cancer cells"
"2857","GSE163558 GC Multiple","/Users/macminiye/scRNA-seq_works/Cervix_scRNA_CTCs_project_use/panCTCs/bin/panCTC_classify/V10CC/V10CC_results","Set5","Top3",0.94,"Top3","Metastatic cancer cells","Metastatic cancer cells"
"2858","GSE176029 Melanoma Liver","/Users/macminiye/scRNA-seq_works/Cervix_scRNA_CTCs_project_use/panCTCs/bin/panCTC_classify/V10CC/V10CC_results","Set5","Top3",1,"Top3","Metastatic cancer cells","Metastatic cancer cells"
"2859","GSE163558 GC Multiple","/Users/macminiye/scRNA-seq_works/Cervix_scRNA_CTCs_project_use/panCTCs/bin/panCTC_classify/V10CC/V10CC_results","Set5","Top3",0.93,"Top3","Metastatic cancer cells","Metastatic cancer cells"
"2860","GSE147082 OVC Omentum","/Users/macminiye/scRNA-seq_works/Cervix_scRNA_CTCs_project_use/panCTCs/bin/panCTC_classify/V10CC/V10CC_results","Set5","Top3",1,"Top3","Metastatic cancer cells","Metastatic cancer cells"
"2861","GSE163558 GC Multiple","/Users/macminiye/scRNA-seq_works/Cervix_scRNA_CTCs_project_use/panCTCs/bin/panCTC_classify/V10CC/V10CC_results","Set5","Top3",1,"Top3","Metastatic cancer cells","Metastatic cancer cells"
"2862","GSE176029 Melanoma Liver","/Users/macminiye/scRNA-seq_works/Cervix_scRNA_CTCs_project_use/panCTCs/bin/panCTC_classify/V10CC/V10CC_results","Set5","Top3",0.992,"Top3","Metastatic cancer cells","Metastatic cancer cells"
