"","Accuracy","Sample","Immune cells added","Group","variable","value","Group2"
"1",0.999700837654567,"pseudoPBMC_10000_BC_GSE144494_CL_n28.csv","Immune cells
n=10000","CTC cluster","Specificity",1,"CTC cluster"
"2",0.997823290788562,"pseudoPBMC_10000_BC_GSE144494_SC_n107.csv","Immune cells
n=10000","Single CTC","Specificity",1,"Single CTC"
"3",0.99772479968345,"pseudoPBMC_10000_BC_GSE144495_SC_n109.csv","Immune cells
n=10000","Single CTC","Specificity",1,"Single CTC"
"4",0.999900139804274,"pseudoPBMC_10000_BC_GSE51827_CL_n14.csv","Immune cells
n=10000","CTC cluster","Specificity",1,"CTC cluster"
"5",0.999800299550674,"pseudoPBMC_10000_BC_GSE51827_SC_n15.csv","Immune cells
n=10000","Single CTC","Specificity",1,"Single CTC"
"6",1,"pseudoPBMC_10000_BC_GSE55807_SC_n6.csv","Immune cells
n=10000","Single CTC","Specificity",1,"Single CTC"
"7",0.998509094523407,"pseudoPBMC_10000_BC_GSE75367_SC_n61.csv","Immune cells
n=10000","Single CTC","Specificity",1,"Single CTC"
"8",0.999700658551187,"pseudoPBMC_10000_BC_GSE86978_CL_n22.csv","Immune cells
n=10000","CTC cluster","Specificity",1,"CTC cluster"
"9",0.999104922923919,"pseudoPBMC_10000_BC_GSE86978_SC_n55.csv","Immune cells
n=10000","Single CTC","Specificity",1,"Single CTC"
"10",0.996637990705033,"pseudoPBMC_10000_HCC_CNP0000095_SC_n113.csv","Immune cells
n=10000","Single CTC","Specificity",1,"Single CTC"
"11",1,"pseudoPBMC_10000_MELA_GSE157740_SC_n13.csv","Immune cells
n=10000","Single CTC","Specificity",1,"Single CTC"
"12",0.99831282254863,"pseudoPBMC_10000_MELA_GSE157743_SC1_n76.csv","Immune cells
n=10000","Single CTC","Specificity",1,"Single CTC"
"13",1,"pseudoPBMC_10000_MELA_GSE157743_SC2_n20.csv","Immune cells
n=10000","Single CTC","Specificity",1,"Single CTC"
"14",1,"pseudoPBMC_10000_NSCLC_GSE74639_SC_n10.csv","Immune cells
n=10000","Single CTC","Specificity",1,"Single CTC"
"15",1,"pseudoPBMC_10000_PC_GSE67980_SC_n77.csv","Immune cells
n=10000","Single CTC","Specificity",1,"Single CTC"
"16",0.999601487778959,"pseudoPBMC_7500_BC_GSE144494_CL_n28.csv","Immune cells
n=7500","CTC cluster","Specificity",1,"CTC cluster"
"17",0.997107926909426,"pseudoPBMC_7500_BC_GSE144494_SC_n107.csv","Immune cells
n=7500","Single CTC","Specificity",1,"Single CTC"
"18",0.996977263766592,"pseudoPBMC_7500_BC_GSE144495_SC_n109.csv","Immune cells
n=7500","Single CTC","Specificity",1,"Single CTC"
"19",0.999866915091829,"pseudoPBMC_7500_BC_GSE51827_CL_n14.csv","Immune cells
n=7500","CTC cluster","Specificity",1,"CTC cluster"
"20",0.999733865602129,"pseudoPBMC_7500_BC_GSE51827_SC_n15.csv","Immune cells
n=7500","Single CTC","Specificity",1,"Single CTC"
"21",1,"pseudoPBMC_7500_BC_GSE55807_SC_n6.csv","Immune cells
n=7500","Single CTC","Specificity",1,"Single CTC"
"22",0.998016135431821,"pseudoPBMC_7500_BC_GSE75367_SC_n61.csv","Immune cells
n=7500","Single CTC","Specificity",1,"Single CTC"
"23",0.999601169901622,"pseudoPBMC_7500_BC_GSE86978_CL_n22.csv","Immune cells
n=7500","CTC cluster","Specificity",1,"CTC cluster"
"24",0.998808735936466,"pseudoPBMC_7500_BC_GSE86978_SC_n55.csv","Immune cells
n=7500","Single CTC","Specificity",1,"Single CTC"
"25",0.995533955076842,"pseudoPBMC_7500_HCC_CNP0000095_SC_n113.csv","Immune cells
n=7500","Single CTC","Specificity",1,"Single CTC"
"26",1,"pseudoPBMC_7500_MELA_GSE157740_SC_n13.csv","Immune cells
n=7500","Single CTC","Specificity",1,"Single CTC"
"27",0.997756071805702,"pseudoPBMC_7500_MELA_GSE157743_SC1_n76.csv","Immune cells
n=7500","Single CTC","Specificity",1,"Single CTC"
"28",1,"pseudoPBMC_7500_MELA_GSE157743_SC2_n20.csv","Immune cells
n=7500","Single CTC","Specificity",1,"Single CTC"
"29",1,"pseudoPBMC_7500_NSCLC_GSE74639_SC_n10.csv","Immune cells
n=7500","Single CTC","Specificity",1,"Single CTC"
"30",1,"pseudoPBMC_7500_PC_GSE67980_SC_n77.csv","Immune cells
n=7500","Single CTC","Specificity",1,"Single CTC"
"31",0.998908296943231,"predict_GSE155698_Healthy_PBMC_1_BC_GSE144494_CL_n28.csv","GSE155698 HD1
n=2720","CTC cluster","Specificity",1,"CTC cluster"
"32",0.992217898832685,"predict_GSE155698_Healthy_PBMC_1_BC_GSE144494_SC_n107.csv","GSE155698 HD1
n=2720","Single CTC","Specificity",1,"Single CTC"
"33",0.991869918699187,"predict_GSE155698_Healthy_PBMC_1_BC_GSE144495_SC_n109.csv","GSE155698 HD1
n=2720","Single CTC","Specificity",1,"Single CTC"
"34",0.999634235552304,"predict_GSE155698_Healthy_PBMC_1_BC_GSE51827_CL_n14.csv","GSE155698 HD1
n=2720","CTC cluster","Specificity",1,"CTC cluster"
"35",0.99926873857404,"predict_GSE155698_Healthy_PBMC_1_BC_GSE51827_SC_n15.csv","GSE155698 HD1
n=2720","Single CTC","Specificity",1,"Single CTC"
"36",1,"predict_GSE155698_Healthy_PBMC_1_BC_GSE55807_SC_n6.csv","GSE155698 HD1
n=2720","Single CTC","Specificity",1,"Single CTC"
"37",0.994606256742179,"predict_GSE155698_Healthy_PBMC_1_BC_GSE75367_SC_n61.csv","GSE155698 HD1
n=2720","Single CTC","Specificity",1,"Single CTC"
"38",0.99890590809628,"predict_GSE155698_Healthy_PBMC_1_BC_GSE86978_CL_n22.csv","GSE155698 HD1
n=2720","CTC cluster","Specificity",1,"CTC cluster"
"39",0.996756756756757,"predict_GSE155698_Healthy_PBMC_1_BC_GSE86978_SC_n55.csv","GSE155698 HD1
n=2720","Single CTC","Specificity",1,"Single CTC"
"40",0.987998588069185,"predict_GSE155698_Healthy_PBMC_1_HCC_CNP0000095_SC_n113.csv","GSE155698 HD1
n=2720","Single CTC","Specificity",1,"Single CTC"
"41",1,"predict_GSE155698_Healthy_PBMC_1_MELA_GSE157740_SC_n13.csv","GSE155698 HD1
n=2720","Single CTC","Specificity",1,"Single CTC"
"42",0.993919885550787,"predict_GSE155698_Healthy_PBMC_1_MELA_GSE157743_SC1_n76.csv","GSE155698 HD1
n=2720","Single CTC","Specificity",1,"Single CTC"
"43",1,"predict_GSE155698_Healthy_PBMC_1_MELA_GSE157743_SC2_n20.csv","GSE155698 HD1
n=2720","Single CTC","Specificity",1,"Single CTC"
"44",1,"predict_GSE155698_Healthy_PBMC_1_NSCLC_GSE74639_SC_n10.csv","GSE155698 HD1
n=2720","Single CTC","Specificity",1,"Single CTC"
"45",1,"predict_GSE155698_Healthy_PBMC_1_PC_GSE67980_SC_n77.csv","GSE155698 HD1
n=2720","Single CTC","Specificity",1,"Single CTC"
"46",0.99957507082153,"predict_GSE199994_HD1_BC_GSE144494_CL_n28.csv","GSE199994 HD1
n=7032","CTC cluster","Specificity",1,"CTC cluster"
"47",0.996918335901387,"predict_GSE199994_HD1_BC_GSE144494_SC_n107.csv","GSE199994 HD1
n=7032","Single CTC","Specificity",1,"Single CTC"
"48",0.996779162582271,"predict_GSE199994_HD1_BC_GSE144495_SC_n109.csv","GSE199994 HD1
n=7032","Single CTC","Specificity",1,"Single CTC"
"49",0.999858075503832,"predict_GSE199994_HD1_BC_GSE51827_CL_n14.csv","GSE199994 HD1
n=7032","CTC cluster","Specificity",1,"CTC cluster"
"50",0.999716191287073,"predict_GSE199994_HD1_BC_GSE51827_SC_n15.csv","GSE199994 HD1
n=7032","Single CTC","Specificity",1,"Single CTC"
"51",1,"predict_GSE199994_HD1_BC_GSE55807_SC_n6.csv","GSE199994 HD1
n=7032","Single CTC","Specificity",1,"Single CTC"
"52",0.997885238967997,"predict_GSE199994_HD1_BC_GSE75367_SC_n61.csv","GSE199994 HD1
n=7032","Single CTC","Specificity",1,"Single CTC"
"53",0.999574709384746,"predict_GSE199994_HD1_BC_GSE86978_CL_n22.csv","GSE199994 HD1
n=7032","CTC cluster","Specificity",1,"CTC cluster"
"54",0.99873006914068,"predict_GSE199994_HD1_BC_GSE86978_SC_n55.csv","GSE199994 HD1
n=7032","Single CTC","Specificity",1,"Single CTC"
"55",0.995241427571729,"predict_GSE199994_HD1_HCC_CNP0000095_SC_n113.csv","GSE199994 HD1
n=7032","Single CTC","Specificity",1,"Single CTC"
"56",1,"predict_GSE199994_HD1_MELA_GSE157740_SC_n13.csv","GSE199994 HD1
n=7032","Single CTC","Specificity",1,"Single CTC"
"57",0.997608328643782,"predict_GSE199994_HD1_MELA_GSE157743_SC1_n76.csv","GSE199994 HD1
n=7032","Single CTC","Specificity",1,"Single CTC"
"58",1,"predict_GSE199994_HD1_MELA_GSE157743_SC2_n20.csv","GSE199994 HD1
n=7032","Single CTC","Specificity",1,"Single CTC"
"59",1,"predict_GSE199994_HD1_NSCLC_GSE74639_SC_n10.csv","GSE199994 HD1
n=7032","Single CTC","Specificity",1,"Single CTC"
"60",1,"predict_GSE199994_HD1_PC_GSE67980_SC_n77.csv","GSE199994 HD1
n=7032","Single CTC","Specificity",1,"Single CTC"
"61",0.999700837654567,"pseudoPBMC_10000_BC_GSE144494_CL_n28.csv","Immune cells
n=10000","CTC cluster","Sensitivity",0.892857142857143,"CTC cluster"
"62",0.997823290788562,"pseudoPBMC_10000_BC_GSE144494_SC_n107.csv","Immune cells
n=10000","Single CTC","Sensitivity",0.794392523364486,"Single CTC"
"63",0.99772479968345,"pseudoPBMC_10000_BC_GSE144495_SC_n109.csv","Immune cells
n=10000","Single CTC","Sensitivity",0.788990825688073,"Single CTC"
"64",0.999900139804274,"pseudoPBMC_10000_BC_GSE51827_CL_n14.csv","Immune cells
n=10000","CTC cluster","Sensitivity",0.928571428571429,"CTC cluster"
"65",0.999800299550674,"pseudoPBMC_10000_BC_GSE51827_SC_n15.csv","Immune cells
n=10000","Single CTC","Sensitivity",0.866666666666667,"Single CTC"
"66",1,"pseudoPBMC_10000_BC_GSE55807_SC_n6.csv","Immune cells
n=10000","Single CTC","Sensitivity",1,"Single CTC"
"67",0.998509094523407,"pseudoPBMC_10000_BC_GSE75367_SC_n61.csv","Immune cells
n=10000","Single CTC","Sensitivity",0.754098360655738,"Single CTC"
"68",0.999700658551187,"pseudoPBMC_10000_BC_GSE86978_CL_n22.csv","Immune cells
n=10000","CTC cluster","Sensitivity",0.863636363636364,"CTC cluster"
"69",0.999104922923919,"pseudoPBMC_10000_BC_GSE86978_SC_n55.csv","Immune cells
n=10000","Single CTC","Sensitivity",0.836363636363636,"Single CTC"
"70",0.996637990705033,"pseudoPBMC_10000_HCC_CNP0000095_SC_n113.csv","Immune cells
n=10000","Single CTC","Sensitivity",0.699115044247788,"Single CTC"
"71",1,"pseudoPBMC_10000_MELA_GSE157740_SC_n13.csv","Immune cells
n=10000","Single CTC","Sensitivity",1,"Single CTC"
"72",0.99831282254863,"pseudoPBMC_10000_MELA_GSE157743_SC1_n76.csv","Immune cells
n=10000","Single CTC","Sensitivity",0.776315789473684,"Single CTC"
"73",1,"pseudoPBMC_10000_MELA_GSE157743_SC2_n20.csv","Immune cells
n=10000","Single CTC","Sensitivity",1,"Single CTC"
"74",1,"pseudoPBMC_10000_NSCLC_GSE74639_SC_n10.csv","Immune cells
n=10000","Single CTC","Sensitivity",1,"Single CTC"
"75",1,"pseudoPBMC_10000_PC_GSE67980_SC_n77.csv","Immune cells
n=10000","Single CTC","Sensitivity",1,"Single CTC"
"76",0.999601487778959,"pseudoPBMC_7500_BC_GSE144494_CL_n28.csv","Immune cells
n=7500","CTC cluster","Sensitivity",0.892857142857143,"CTC cluster"
"77",0.997107926909426,"pseudoPBMC_7500_BC_GSE144494_SC_n107.csv","Immune cells
n=7500","Single CTC","Sensitivity",0.794392523364486,"Single CTC"
"78",0.996977263766592,"pseudoPBMC_7500_BC_GSE144495_SC_n109.csv","Immune cells
n=7500","Single CTC","Sensitivity",0.788990825688073,"Single CTC"
"79",0.999866915091829,"pseudoPBMC_7500_BC_GSE51827_CL_n14.csv","Immune cells
n=7500","CTC cluster","Sensitivity",0.928571428571429,"CTC cluster"
"80",0.999733865602129,"pseudoPBMC_7500_BC_GSE51827_SC_n15.csv","Immune cells
n=7500","Single CTC","Sensitivity",0.866666666666667,"Single CTC"
"81",1,"pseudoPBMC_7500_BC_GSE55807_SC_n6.csv","Immune cells
n=7500","Single CTC","Sensitivity",1,"Single CTC"
"82",0.998016135431821,"pseudoPBMC_7500_BC_GSE75367_SC_n61.csv","Immune cells
n=7500","Single CTC","Sensitivity",0.754098360655738,"Single CTC"
"83",0.999601169901622,"pseudoPBMC_7500_BC_GSE86978_CL_n22.csv","Immune cells
n=7500","CTC cluster","Sensitivity",0.863636363636364,"CTC cluster"
"84",0.998808735936466,"pseudoPBMC_7500_BC_GSE86978_SC_n55.csv","Immune cells
n=7500","Single CTC","Sensitivity",0.836363636363636,"Single CTC"
"85",0.995533955076842,"pseudoPBMC_7500_HCC_CNP0000095_SC_n113.csv","Immune cells
n=7500","Single CTC","Sensitivity",0.699115044247788,"Single CTC"
"86",1,"pseudoPBMC_7500_MELA_GSE157740_SC_n13.csv","Immune cells
n=7500","Single CTC","Sensitivity",1,"Single CTC"
"87",0.997756071805702,"pseudoPBMC_7500_MELA_GSE157743_SC1_n76.csv","Immune cells
n=7500","Single CTC","Sensitivity",0.776315789473684,"Single CTC"
"88",1,"pseudoPBMC_7500_MELA_GSE157743_SC2_n20.csv","Immune cells
n=7500","Single CTC","Sensitivity",1,"Single CTC"
"89",1,"pseudoPBMC_7500_NSCLC_GSE74639_SC_n10.csv","Immune cells
n=7500","Single CTC","Sensitivity",1,"Single CTC"
"90",1,"pseudoPBMC_7500_PC_GSE67980_SC_n77.csv","Immune cells
n=7500","Single CTC","Sensitivity",1,"Single CTC"
"91",0.998908296943231,"predict_GSE155698_Healthy_PBMC_1_BC_GSE144494_CL_n28.csv","GSE155698 HD1
n=2720","CTC cluster","Sensitivity",0.892857142857143,"CTC cluster"
"92",0.992217898832685,"predict_GSE155698_Healthy_PBMC_1_BC_GSE144494_SC_n107.csv","GSE155698 HD1
n=2720","Single CTC","Sensitivity",0.794392523364486,"Single CTC"
"93",0.991869918699187,"predict_GSE155698_Healthy_PBMC_1_BC_GSE144495_SC_n109.csv","GSE155698 HD1
n=2720","Single CTC","Sensitivity",0.788990825688073,"Single CTC"
"94",0.999634235552304,"predict_GSE155698_Healthy_PBMC_1_BC_GSE51827_CL_n14.csv","GSE155698 HD1
n=2720","CTC cluster","Sensitivity",0.928571428571429,"CTC cluster"
"95",0.99926873857404,"predict_GSE155698_Healthy_PBMC_1_BC_GSE51827_SC_n15.csv","GSE155698 HD1
n=2720","Single CTC","Sensitivity",0.866666666666667,"Single CTC"
"96",1,"predict_GSE155698_Healthy_PBMC_1_BC_GSE55807_SC_n6.csv","GSE155698 HD1
n=2720","Single CTC","Sensitivity",1,"Single CTC"
"97",0.994606256742179,"predict_GSE155698_Healthy_PBMC_1_BC_GSE75367_SC_n61.csv","GSE155698 HD1
n=2720","Single CTC","Sensitivity",0.754098360655738,"Single CTC"
"98",0.99890590809628,"predict_GSE155698_Healthy_PBMC_1_BC_GSE86978_CL_n22.csv","GSE155698 HD1
n=2720","CTC cluster","Sensitivity",0.863636363636364,"CTC cluster"
"99",0.996756756756757,"predict_GSE155698_Healthy_PBMC_1_BC_GSE86978_SC_n55.csv","GSE155698 HD1
n=2720","Single CTC","Sensitivity",0.836363636363636,"Single CTC"
"100",0.987998588069185,"predict_GSE155698_Healthy_PBMC_1_HCC_CNP0000095_SC_n113.csv","GSE155698 HD1
n=2720","Single CTC","Sensitivity",0.699115044247788,"Single CTC"
"101",1,"predict_GSE155698_Healthy_PBMC_1_MELA_GSE157740_SC_n13.csv","GSE155698 HD1
n=2720","Single CTC","Sensitivity",1,"Single CTC"
"102",0.993919885550787,"predict_GSE155698_Healthy_PBMC_1_MELA_GSE157743_SC1_n76.csv","GSE155698 HD1
n=2720","Single CTC","Sensitivity",0.776315789473684,"Single CTC"
"103",1,"predict_GSE155698_Healthy_PBMC_1_MELA_GSE157743_SC2_n20.csv","GSE155698 HD1
n=2720","Single CTC","Sensitivity",1,"Single CTC"
"104",1,"predict_GSE155698_Healthy_PBMC_1_NSCLC_GSE74639_SC_n10.csv","GSE155698 HD1
n=2720","Single CTC","Sensitivity",1,"Single CTC"
"105",1,"predict_GSE155698_Healthy_PBMC_1_PC_GSE67980_SC_n77.csv","GSE155698 HD1
n=2720","Single CTC","Sensitivity",1,"Single CTC"
"106",0.99957507082153,"predict_GSE199994_HD1_BC_GSE144494_CL_n28.csv","GSE199994 HD1
n=7032","CTC cluster","Sensitivity",0.892857142857143,"CTC cluster"
"107",0.996918335901387,"predict_GSE199994_HD1_BC_GSE144494_SC_n107.csv","GSE199994 HD1
n=7032","Single CTC","Sensitivity",0.794392523364486,"Single CTC"
"108",0.996779162582271,"predict_GSE199994_HD1_BC_GSE144495_SC_n109.csv","GSE199994 HD1
n=7032","Single CTC","Sensitivity",0.788990825688073,"Single CTC"
"109",0.999858075503832,"predict_GSE199994_HD1_BC_GSE51827_CL_n14.csv","GSE199994 HD1
n=7032","CTC cluster","Sensitivity",0.928571428571429,"CTC cluster"
"110",0.999716191287073,"predict_GSE199994_HD1_BC_GSE51827_SC_n15.csv","GSE199994 HD1
n=7032","Single CTC","Sensitivity",0.866666666666667,"Single CTC"
"111",1,"predict_GSE199994_HD1_BC_GSE55807_SC_n6.csv","GSE199994 HD1
n=7032","Single CTC","Sensitivity",1,"Single CTC"
"112",0.997885238967997,"predict_GSE199994_HD1_BC_GSE75367_SC_n61.csv","GSE199994 HD1
n=7032","Single CTC","Sensitivity",0.754098360655738,"Single CTC"
"113",0.999574709384746,"predict_GSE199994_HD1_BC_GSE86978_CL_n22.csv","GSE199994 HD1
n=7032","CTC cluster","Sensitivity",0.863636363636364,"CTC cluster"
"114",0.99873006914068,"predict_GSE199994_HD1_BC_GSE86978_SC_n55.csv","GSE199994 HD1
n=7032","Single CTC","Sensitivity",0.836363636363636,"Single CTC"
"115",0.995241427571729,"predict_GSE199994_HD1_HCC_CNP0000095_SC_n113.csv","GSE199994 HD1
n=7032","Single CTC","Sensitivity",0.699115044247788,"Single CTC"
"116",1,"predict_GSE199994_HD1_MELA_GSE157740_SC_n13.csv","GSE199994 HD1
n=7032","Single CTC","Sensitivity",1,"Single CTC"
"117",0.997608328643782,"predict_GSE199994_HD1_MELA_GSE157743_SC1_n76.csv","GSE199994 HD1
n=7032","Single CTC","Sensitivity",0.776315789473684,"Single CTC"
"118",1,"predict_GSE199994_HD1_MELA_GSE157743_SC2_n20.csv","GSE199994 HD1
n=7032","Single CTC","Sensitivity",1,"Single CTC"
"119",1,"predict_GSE199994_HD1_NSCLC_GSE74639_SC_n10.csv","GSE199994 HD1
n=7032","Single CTC","Sensitivity",1,"Single CTC"
"120",1,"predict_GSE199994_HD1_PC_GSE67980_SC_n77.csv","GSE199994 HD1
n=7032","Single CTC","Sensitivity",1,"Single CTC"
"121",0.999700837654567,"pseudoPBMC_10000_BC_GSE144494_CL_n28.csv","Immune cells
n=10000","CTC cluster","Precision",1,"CTC cluster"
"122",0.997823290788562,"pseudoPBMC_10000_BC_GSE144494_SC_n107.csv","Immune cells
n=10000","Single CTC","Precision",1,"Single CTC"
"123",0.99772479968345,"pseudoPBMC_10000_BC_GSE144495_SC_n109.csv","Immune cells
n=10000","Single CTC","Precision",1,"Single CTC"
"124",0.999900139804274,"pseudoPBMC_10000_BC_GSE51827_CL_n14.csv","Immune cells
n=10000","CTC cluster","Precision",1,"CTC cluster"
"125",0.999800299550674,"pseudoPBMC_10000_BC_GSE51827_SC_n15.csv","Immune cells
n=10000","Single CTC","Precision",1,"Single CTC"
"126",1,"pseudoPBMC_10000_BC_GSE55807_SC_n6.csv","Immune cells
n=10000","Single CTC","Precision",1,"Single CTC"
"127",0.998509094523407,"pseudoPBMC_10000_BC_GSE75367_SC_n61.csv","Immune cells
n=10000","Single CTC","Precision",1,"Single CTC"
"128",0.999700658551187,"pseudoPBMC_10000_BC_GSE86978_CL_n22.csv","Immune cells
n=10000","CTC cluster","Precision",1,"CTC cluster"
"129",0.999104922923919,"pseudoPBMC_10000_BC_GSE86978_SC_n55.csv","Immune cells
n=10000","Single CTC","Precision",1,"Single CTC"
"130",0.996637990705033,"pseudoPBMC_10000_HCC_CNP0000095_SC_n113.csv","Immune cells
n=10000","Single CTC","Precision",1,"Single CTC"
"131",1,"pseudoPBMC_10000_MELA_GSE157740_SC_n13.csv","Immune cells
n=10000","Single CTC","Precision",1,"Single CTC"
"132",0.99831282254863,"pseudoPBMC_10000_MELA_GSE157743_SC1_n76.csv","Immune cells
n=10000","Single CTC","Precision",1,"Single CTC"
"133",1,"pseudoPBMC_10000_MELA_GSE157743_SC2_n20.csv","Immune cells
n=10000","Single CTC","Precision",1,"Single CTC"
"134",1,"pseudoPBMC_10000_NSCLC_GSE74639_SC_n10.csv","Immune cells
n=10000","Single CTC","Precision",1,"Single CTC"
"135",1,"pseudoPBMC_10000_PC_GSE67980_SC_n77.csv","Immune cells
n=10000","Single CTC","Precision",1,"Single CTC"
"136",0.999601487778959,"pseudoPBMC_7500_BC_GSE144494_CL_n28.csv","Immune cells
n=7500","CTC cluster","Precision",1,"CTC cluster"
"137",0.997107926909426,"pseudoPBMC_7500_BC_GSE144494_SC_n107.csv","Immune cells
n=7500","Single CTC","Precision",1,"Single CTC"
"138",0.996977263766592,"pseudoPBMC_7500_BC_GSE144495_SC_n109.csv","Immune cells
n=7500","Single CTC","Precision",1,"Single CTC"
"139",0.999866915091829,"pseudoPBMC_7500_BC_GSE51827_CL_n14.csv","Immune cells
n=7500","CTC cluster","Precision",1,"CTC cluster"
"140",0.999733865602129,"pseudoPBMC_7500_BC_GSE51827_SC_n15.csv","Immune cells
n=7500","Single CTC","Precision",1,"Single CTC"
"141",1,"pseudoPBMC_7500_BC_GSE55807_SC_n6.csv","Immune cells
n=7500","Single CTC","Precision",1,"Single CTC"
"142",0.998016135431821,"pseudoPBMC_7500_BC_GSE75367_SC_n61.csv","Immune cells
n=7500","Single CTC","Precision",1,"Single CTC"
"143",0.999601169901622,"pseudoPBMC_7500_BC_GSE86978_CL_n22.csv","Immune cells
n=7500","CTC cluster","Precision",1,"CTC cluster"
"144",0.998808735936466,"pseudoPBMC_7500_BC_GSE86978_SC_n55.csv","Immune cells
n=7500","Single CTC","Precision",1,"Single CTC"
"145",0.995533955076842,"pseudoPBMC_7500_HCC_CNP0000095_SC_n113.csv","Immune cells
n=7500","Single CTC","Precision",1,"Single CTC"
"146",1,"pseudoPBMC_7500_MELA_GSE157740_SC_n13.csv","Immune cells
n=7500","Single CTC","Precision",1,"Single CTC"
"147",0.997756071805702,"pseudoPBMC_7500_MELA_GSE157743_SC1_n76.csv","Immune cells
n=7500","Single CTC","Precision",1,"Single CTC"
"148",1,"pseudoPBMC_7500_MELA_GSE157743_SC2_n20.csv","Immune cells
n=7500","Single CTC","Precision",1,"Single CTC"
"149",1,"pseudoPBMC_7500_NSCLC_GSE74639_SC_n10.csv","Immune cells
n=7500","Single CTC","Precision",1,"Single CTC"
"150",1,"pseudoPBMC_7500_PC_GSE67980_SC_n77.csv","Immune cells
n=7500","Single CTC","Precision",1,"Single CTC"
"151",0.998908296943231,"predict_GSE155698_Healthy_PBMC_1_BC_GSE144494_CL_n28.csv","GSE155698 HD1
n=2720","CTC cluster","Precision",1,"CTC cluster"
"152",0.992217898832685,"predict_GSE155698_Healthy_PBMC_1_BC_GSE144494_SC_n107.csv","GSE155698 HD1
n=2720","Single CTC","Precision",1,"Single CTC"
"153",0.991869918699187,"predict_GSE155698_Healthy_PBMC_1_BC_GSE144495_SC_n109.csv","GSE155698 HD1
n=2720","Single CTC","Precision",1,"Single CTC"
"154",0.999634235552304,"predict_GSE155698_Healthy_PBMC_1_BC_GSE51827_CL_n14.csv","GSE155698 HD1
n=2720","CTC cluster","Precision",1,"CTC cluster"
"155",0.99926873857404,"predict_GSE155698_Healthy_PBMC_1_BC_GSE51827_SC_n15.csv","GSE155698 HD1
n=2720","Single CTC","Precision",1,"Single CTC"
"156",1,"predict_GSE155698_Healthy_PBMC_1_BC_GSE55807_SC_n6.csv","GSE155698 HD1
n=2720","Single CTC","Precision",1,"Single CTC"
"157",0.994606256742179,"predict_GSE155698_Healthy_PBMC_1_BC_GSE75367_SC_n61.csv","GSE155698 HD1
n=2720","Single CTC","Precision",1,"Single CTC"
"158",0.99890590809628,"predict_GSE155698_Healthy_PBMC_1_BC_GSE86978_CL_n22.csv","GSE155698 HD1
n=2720","CTC cluster","Precision",1,"CTC cluster"
"159",0.996756756756757,"predict_GSE155698_Healthy_PBMC_1_BC_GSE86978_SC_n55.csv","GSE155698 HD1
n=2720","Single CTC","Precision",1,"Single CTC"
"160",0.987998588069185,"predict_GSE155698_Healthy_PBMC_1_HCC_CNP0000095_SC_n113.csv","GSE155698 HD1
n=2720","Single CTC","Precision",1,"Single CTC"
"161",1,"predict_GSE155698_Healthy_PBMC_1_MELA_GSE157740_SC_n13.csv","GSE155698 HD1
n=2720","Single CTC","Precision",1,"Single CTC"
"162",0.993919885550787,"predict_GSE155698_Healthy_PBMC_1_MELA_GSE157743_SC1_n76.csv","GSE155698 HD1
n=2720","Single CTC","Precision",1,"Single CTC"
"163",1,"predict_GSE155698_Healthy_PBMC_1_MELA_GSE157743_SC2_n20.csv","GSE155698 HD1
n=2720","Single CTC","Precision",1,"Single CTC"
"164",1,"predict_GSE155698_Healthy_PBMC_1_NSCLC_GSE74639_SC_n10.csv","GSE155698 HD1
n=2720","Single CTC","Precision",1,"Single CTC"
"165",1,"predict_GSE155698_Healthy_PBMC_1_PC_GSE67980_SC_n77.csv","GSE155698 HD1
n=2720","Single CTC","Precision",1,"Single CTC"
"166",0.99957507082153,"predict_GSE199994_HD1_BC_GSE144494_CL_n28.csv","GSE199994 HD1
n=7032","CTC cluster","Precision",1,"CTC cluster"
"167",0.996918335901387,"predict_GSE199994_HD1_BC_GSE144494_SC_n107.csv","GSE199994 HD1
n=7032","Single CTC","Precision",1,"Single CTC"
"168",0.996779162582271,"predict_GSE199994_HD1_BC_GSE144495_SC_n109.csv","GSE199994 HD1
n=7032","Single CTC","Precision",1,"Single CTC"
"169",0.999858075503832,"predict_GSE199994_HD1_BC_GSE51827_CL_n14.csv","GSE199994 HD1
n=7032","CTC cluster","Precision",1,"CTC cluster"
"170",0.999716191287073,"predict_GSE199994_HD1_BC_GSE51827_SC_n15.csv","GSE199994 HD1
n=7032","Single CTC","Precision",1,"Single CTC"
"171",1,"predict_GSE199994_HD1_BC_GSE55807_SC_n6.csv","GSE199994 HD1
n=7032","Single CTC","Precision",1,"Single CTC"
"172",0.997885238967997,"predict_GSE199994_HD1_BC_GSE75367_SC_n61.csv","GSE199994 HD1
n=7032","Single CTC","Precision",1,"Single CTC"
"173",0.999574709384746,"predict_GSE199994_HD1_BC_GSE86978_CL_n22.csv","GSE199994 HD1
n=7032","CTC cluster","Precision",1,"CTC cluster"
"174",0.99873006914068,"predict_GSE199994_HD1_BC_GSE86978_SC_n55.csv","GSE199994 HD1
n=7032","Single CTC","Precision",1,"Single CTC"
"175",0.995241427571729,"predict_GSE199994_HD1_HCC_CNP0000095_SC_n113.csv","GSE199994 HD1
n=7032","Single CTC","Precision",1,"Single CTC"
"176",1,"predict_GSE199994_HD1_MELA_GSE157740_SC_n13.csv","GSE199994 HD1
n=7032","Single CTC","Precision",1,"Single CTC"
"177",0.997608328643782,"predict_GSE199994_HD1_MELA_GSE157743_SC1_n76.csv","GSE199994 HD1
n=7032","Single CTC","Precision",1,"Single CTC"
"178",1,"predict_GSE199994_HD1_MELA_GSE157743_SC2_n20.csv","GSE199994 HD1
n=7032","Single CTC","Precision",1,"Single CTC"
"179",1,"predict_GSE199994_HD1_NSCLC_GSE74639_SC_n10.csv","GSE199994 HD1
n=7032","Single CTC","Precision",1,"Single CTC"
"180",1,"predict_GSE199994_HD1_PC_GSE67980_SC_n77.csv","GSE199994 HD1
n=7032","Single CTC","Precision",1,"Single CTC"
"181",0.999700837654567,"pseudoPBMC_10000_BC_GSE144494_CL_n28.csv","Immune cells
n=10000","CTC cluster","F_0.5",0.9765625,"CTC cluster"
"182",0.997823290788562,"pseudoPBMC_10000_BC_GSE144494_SC_n107.csv","Immune cells
n=10000","Single CTC","F_0.5",0.950782997762864,"Single CTC"
"183",0.99772479968345,"pseudoPBMC_10000_BC_GSE144495_SC_n109.csv","Immune cells
n=10000","Single CTC","F_0.5",0.949227373068433,"Single CTC"
"184",0.999900139804274,"pseudoPBMC_10000_BC_GSE51827_CL_n14.csv","Immune cells
n=10000","CTC cluster","F_0.5",0.984848484848485,"CTC cluster"
"185",0.999800299550674,"pseudoPBMC_10000_BC_GSE51827_SC_n15.csv","Immune cells
n=10000","Single CTC","F_0.5",0.970149253731343,"Single CTC"
"186",1,"pseudoPBMC_10000_BC_GSE55807_SC_n6.csv","Immune cells
n=10000","Single CTC","F_0.5",1,"Single CTC"
"187",0.998509094523407,"pseudoPBMC_10000_BC_GSE75367_SC_n61.csv","Immune cells
n=10000","Single CTC","F_0.5",0.938775510204082,"Single CTC"
"188",0.999700658551187,"pseudoPBMC_10000_BC_GSE86978_CL_n22.csv","Immune cells
n=10000","CTC cluster","F_0.5",0.969387755102041,"CTC cluster"
"189",0.999104922923919,"pseudoPBMC_10000_BC_GSE86978_SC_n55.csv","Immune cells
n=10000","Single CTC","F_0.5",0.96234309623431,"Single CTC"
"190",0.996637990705033,"pseudoPBMC_10000_HCC_CNP0000095_SC_n113.csv","Immune cells
n=10000","Single CTC","F_0.5",0.920745920745921,"Single CTC"
"191",1,"pseudoPBMC_10000_MELA_GSE157740_SC_n13.csv","Immune cells
n=10000","Single CTC","F_0.5",1,"Single CTC"
"192",0.99831282254863,"pseudoPBMC_10000_MELA_GSE157743_SC1_n76.csv","Immune cells
n=10000","Single CTC","F_0.5",0.945512820512821,"Single CTC"
"193",1,"pseudoPBMC_10000_MELA_GSE157743_SC2_n20.csv","Immune cells
n=10000","Single CTC","F_0.5",1,"Single CTC"
"194",1,"pseudoPBMC_10000_NSCLC_GSE74639_SC_n10.csv","Immune cells
n=10000","Single CTC","F_0.5",1,"Single CTC"
"195",1,"pseudoPBMC_10000_PC_GSE67980_SC_n77.csv","Immune cells
n=10000","Single CTC","F_0.5",1,"Single CTC"
"196",0.999601487778959,"pseudoPBMC_7500_BC_GSE144494_CL_n28.csv","Immune cells
n=7500","CTC cluster","F_0.5",0.9765625,"CTC cluster"
"197",0.997107926909426,"pseudoPBMC_7500_BC_GSE144494_SC_n107.csv","Immune cells
n=7500","Single CTC","F_0.5",0.950782997762864,"Single CTC"
"198",0.996977263766592,"pseudoPBMC_7500_BC_GSE144495_SC_n109.csv","Immune cells
n=7500","Single CTC","F_0.5",0.949227373068433,"Single CTC"
"199",0.999866915091829,"pseudoPBMC_7500_BC_GSE51827_CL_n14.csv","Immune cells
n=7500","CTC cluster","F_0.5",0.984848484848485,"CTC cluster"
"200",0.999733865602129,"pseudoPBMC_7500_BC_GSE51827_SC_n15.csv","Immune cells
n=7500","Single CTC","F_0.5",0.970149253731343,"Single CTC"
"201",1,"pseudoPBMC_7500_BC_GSE55807_SC_n6.csv","Immune cells
n=7500","Single CTC","F_0.5",1,"Single CTC"
"202",0.998016135431821,"pseudoPBMC_7500_BC_GSE75367_SC_n61.csv","Immune cells
n=7500","Single CTC","F_0.5",0.938775510204082,"Single CTC"
"203",0.999601169901622,"pseudoPBMC_7500_BC_GSE86978_CL_n22.csv","Immune cells
n=7500","CTC cluster","F_0.5",0.969387755102041,"CTC cluster"
"204",0.998808735936466,"pseudoPBMC_7500_BC_GSE86978_SC_n55.csv","Immune cells
n=7500","Single CTC","F_0.5",0.96234309623431,"Single CTC"
"205",0.995533955076842,"pseudoPBMC_7500_HCC_CNP0000095_SC_n113.csv","Immune cells
n=7500","Single CTC","F_0.5",0.920745920745921,"Single CTC"
"206",1,"pseudoPBMC_7500_MELA_GSE157740_SC_n13.csv","Immune cells
n=7500","Single CTC","F_0.5",1,"Single CTC"
"207",0.997756071805702,"pseudoPBMC_7500_MELA_GSE157743_SC1_n76.csv","Immune cells
n=7500","Single CTC","F_0.5",0.945512820512821,"Single CTC"
"208",1,"pseudoPBMC_7500_MELA_GSE157743_SC2_n20.csv","Immune cells
n=7500","Single CTC","F_0.5",1,"Single CTC"
"209",1,"pseudoPBMC_7500_NSCLC_GSE74639_SC_n10.csv","Immune cells
n=7500","Single CTC","F_0.5",1,"Single CTC"
"210",1,"pseudoPBMC_7500_PC_GSE67980_SC_n77.csv","Immune cells
n=7500","Single CTC","F_0.5",1,"Single CTC"
"211",0.998908296943231,"predict_GSE155698_Healthy_PBMC_1_BC_GSE144494_CL_n28.csv","GSE155698 HD1
n=2720","CTC cluster","F_0.5",0.9765625,"CTC cluster"
"212",0.992217898832685,"predict_GSE155698_Healthy_PBMC_1_BC_GSE144494_SC_n107.csv","GSE155698 HD1
n=2720","Single CTC","F_0.5",0.950782997762864,"Single CTC"
"213",0.991869918699187,"predict_GSE155698_Healthy_PBMC_1_BC_GSE144495_SC_n109.csv","GSE155698 HD1
n=2720","Single CTC","F_0.5",0.949227373068433,"Single CTC"
"214",0.999634235552304,"predict_GSE155698_Healthy_PBMC_1_BC_GSE51827_CL_n14.csv","GSE155698 HD1
n=2720","CTC cluster","F_0.5",0.984848484848485,"CTC cluster"
"215",0.99926873857404,"predict_GSE155698_Healthy_PBMC_1_BC_GSE51827_SC_n15.csv","GSE155698 HD1
n=2720","Single CTC","F_0.5",0.970149253731343,"Single CTC"
"216",1,"predict_GSE155698_Healthy_PBMC_1_BC_GSE55807_SC_n6.csv","GSE155698 HD1
n=2720","Single CTC","F_0.5",1,"Single CTC"
"217",0.994606256742179,"predict_GSE155698_Healthy_PBMC_1_BC_GSE75367_SC_n61.csv","GSE155698 HD1
n=2720","Single CTC","F_0.5",0.938775510204082,"Single CTC"
"218",0.99890590809628,"predict_GSE155698_Healthy_PBMC_1_BC_GSE86978_CL_n22.csv","GSE155698 HD1
n=2720","CTC cluster","F_0.5",0.969387755102041,"CTC cluster"
"219",0.996756756756757,"predict_GSE155698_Healthy_PBMC_1_BC_GSE86978_SC_n55.csv","GSE155698 HD1
n=2720","Single CTC","F_0.5",0.96234309623431,"Single CTC"
"220",0.987998588069185,"predict_GSE155698_Healthy_PBMC_1_HCC_CNP0000095_SC_n113.csv","GSE155698 HD1
n=2720","Single CTC","F_0.5",0.920745920745921,"Single CTC"
"221",1,"predict_GSE155698_Healthy_PBMC_1_MELA_GSE157740_SC_n13.csv","GSE155698 HD1
n=2720","Single CTC","F_0.5",1,"Single CTC"
"222",0.993919885550787,"predict_GSE155698_Healthy_PBMC_1_MELA_GSE157743_SC1_n76.csv","GSE155698 HD1
n=2720","Single CTC","F_0.5",0.945512820512821,"Single CTC"
"223",1,"predict_GSE155698_Healthy_PBMC_1_MELA_GSE157743_SC2_n20.csv","GSE155698 HD1
n=2720","Single CTC","F_0.5",1,"Single CTC"
"224",1,"predict_GSE155698_Healthy_PBMC_1_NSCLC_GSE74639_SC_n10.csv","GSE155698 HD1
n=2720","Single CTC","F_0.5",1,"Single CTC"
"225",1,"predict_GSE155698_Healthy_PBMC_1_PC_GSE67980_SC_n77.csv","GSE155698 HD1
n=2720","Single CTC","F_0.5",1,"Single CTC"
"226",0.99957507082153,"predict_GSE199994_HD1_BC_GSE144494_CL_n28.csv","GSE199994 HD1
n=7032","CTC cluster","F_0.5",0.9765625,"CTC cluster"
"227",0.996918335901387,"predict_GSE199994_HD1_BC_GSE144494_SC_n107.csv","GSE199994 HD1
n=7032","Single CTC","F_0.5",0.950782997762864,"Single CTC"
"228",0.996779162582271,"predict_GSE199994_HD1_BC_GSE144495_SC_n109.csv","GSE199994 HD1
n=7032","Single CTC","F_0.5",0.949227373068433,"Single CTC"
"229",0.999858075503832,"predict_GSE199994_HD1_BC_GSE51827_CL_n14.csv","GSE199994 HD1
n=7032","CTC cluster","F_0.5",0.984848484848485,"CTC cluster"
"230",0.999716191287073,"predict_GSE199994_HD1_BC_GSE51827_SC_n15.csv","GSE199994 HD1
n=7032","Single CTC","F_0.5",0.970149253731343,"Single CTC"
"231",1,"predict_GSE199994_HD1_BC_GSE55807_SC_n6.csv","GSE199994 HD1
n=7032","Single CTC","F_0.5",1,"Single CTC"
"232",0.997885238967997,"predict_GSE199994_HD1_BC_GSE75367_SC_n61.csv","GSE199994 HD1
n=7032","Single CTC","F_0.5",0.938775510204082,"Single CTC"
"233",0.999574709384746,"predict_GSE199994_HD1_BC_GSE86978_CL_n22.csv","GSE199994 HD1
n=7032","CTC cluster","F_0.5",0.969387755102041,"CTC cluster"
"234",0.99873006914068,"predict_GSE199994_HD1_BC_GSE86978_SC_n55.csv","GSE199994 HD1
n=7032","Single CTC","F_0.5",0.96234309623431,"Single CTC"
"235",0.995241427571729,"predict_GSE199994_HD1_HCC_CNP0000095_SC_n113.csv","GSE199994 HD1
n=7032","Single CTC","F_0.5",0.920745920745921,"Single CTC"
"236",1,"predict_GSE199994_HD1_MELA_GSE157740_SC_n13.csv","GSE199994 HD1
n=7032","Single CTC","F_0.5",1,"Single CTC"
"237",0.997608328643782,"predict_GSE199994_HD1_MELA_GSE157743_SC1_n76.csv","GSE199994 HD1
n=7032","Single CTC","F_0.5",0.945512820512821,"Single CTC"
"238",1,"predict_GSE199994_HD1_MELA_GSE157743_SC2_n20.csv","GSE199994 HD1
n=7032","Single CTC","F_0.5",1,"Single CTC"
"239",1,"predict_GSE199994_HD1_NSCLC_GSE74639_SC_n10.csv","GSE199994 HD1
n=7032","Single CTC","F_0.5",1,"Single CTC"
"240",1,"predict_GSE199994_HD1_PC_GSE67980_SC_n77.csv","GSE199994 HD1
n=7032","Single CTC","F_0.5",1,"Single CTC"
"241",0.999700837654567,"pseudoPBMC_10000_BC_GSE144494_CL_n28.csv","Immune cells
n=10000","CTC cluster","F_1",0.943396226415094,"CTC cluster"
"242",0.997823290788562,"pseudoPBMC_10000_BC_GSE144494_SC_n107.csv","Immune cells
n=10000","Single CTC","F_1",0.885416666666667,"Single CTC"
"243",0.99772479968345,"pseudoPBMC_10000_BC_GSE144495_SC_n109.csv","Immune cells
n=10000","Single CTC","F_1",0.882051282051282,"Single CTC"
"244",0.999900139804274,"pseudoPBMC_10000_BC_GSE51827_CL_n14.csv","Immune cells
n=10000","CTC cluster","F_1",0.962962962962963,"CTC cluster"
"245",0.999800299550674,"pseudoPBMC_10000_BC_GSE51827_SC_n15.csv","Immune cells
n=10000","Single CTC","F_1",0.928571428571429,"Single CTC"
"246",1,"pseudoPBMC_10000_BC_GSE55807_SC_n6.csv","Immune cells
n=10000","Single CTC","F_1",1,"Single CTC"
"247",0.998509094523407,"pseudoPBMC_10000_BC_GSE75367_SC_n61.csv","Immune cells
n=10000","Single CTC","F_1",0.85981308411215,"Single CTC"
"248",0.999700658551187,"pseudoPBMC_10000_BC_GSE86978_CL_n22.csv","Immune cells
n=10000","CTC cluster","F_1",0.926829268292683,"CTC cluster"
"249",0.999104922923919,"pseudoPBMC_10000_BC_GSE86978_SC_n55.csv","Immune cells
n=10000","Single CTC","F_1",0.910891089108911,"Single CTC"
"250",0.996637990705033,"pseudoPBMC_10000_HCC_CNP0000095_SC_n113.csv","Immune cells
n=10000","Single CTC","F_1",0.822916666666667,"Single CTC"
"251",1,"pseudoPBMC_10000_MELA_GSE157740_SC_n13.csv","Immune cells
n=10000","Single CTC","F_1",1,"Single CTC"
"252",0.99831282254863,"pseudoPBMC_10000_MELA_GSE157743_SC1_n76.csv","Immune cells
n=10000","Single CTC","F_1",0.874074074074074,"Single CTC"
"253",1,"pseudoPBMC_10000_MELA_GSE157743_SC2_n20.csv","Immune cells
n=10000","Single CTC","F_1",1,"Single CTC"
"254",1,"pseudoPBMC_10000_NSCLC_GSE74639_SC_n10.csv","Immune cells
n=10000","Single CTC","F_1",1,"Single CTC"
"255",1,"pseudoPBMC_10000_PC_GSE67980_SC_n77.csv","Immune cells
n=10000","Single CTC","F_1",1,"Single CTC"
"256",0.999601487778959,"pseudoPBMC_7500_BC_GSE144494_CL_n28.csv","Immune cells
n=7500","CTC cluster","F_1",0.943396226415094,"CTC cluster"
"257",0.997107926909426,"pseudoPBMC_7500_BC_GSE144494_SC_n107.csv","Immune cells
n=7500","Single CTC","F_1",0.885416666666667,"Single CTC"
"258",0.996977263766592,"pseudoPBMC_7500_BC_GSE144495_SC_n109.csv","Immune cells
n=7500","Single CTC","F_1",0.882051282051282,"Single CTC"
"259",0.999866915091829,"pseudoPBMC_7500_BC_GSE51827_CL_n14.csv","Immune cells
n=7500","CTC cluster","F_1",0.962962962962963,"CTC cluster"
"260",0.999733865602129,"pseudoPBMC_7500_BC_GSE51827_SC_n15.csv","Immune cells
n=7500","Single CTC","F_1",0.928571428571429,"Single CTC"
"261",1,"pseudoPBMC_7500_BC_GSE55807_SC_n6.csv","Immune cells
n=7500","Single CTC","F_1",1,"Single CTC"
"262",0.998016135431821,"pseudoPBMC_7500_BC_GSE75367_SC_n61.csv","Immune cells
n=7500","Single CTC","F_1",0.85981308411215,"Single CTC"
"263",0.999601169901622,"pseudoPBMC_7500_BC_GSE86978_CL_n22.csv","Immune cells
n=7500","CTC cluster","F_1",0.926829268292683,"CTC cluster"
"264",0.998808735936466,"pseudoPBMC_7500_BC_GSE86978_SC_n55.csv","Immune cells
n=7500","Single CTC","F_1",0.910891089108911,"Single CTC"
"265",0.995533955076842,"pseudoPBMC_7500_HCC_CNP0000095_SC_n113.csv","Immune cells
n=7500","Single CTC","F_1",0.822916666666667,"Single CTC"
"266",1,"pseudoPBMC_7500_MELA_GSE157740_SC_n13.csv","Immune cells
n=7500","Single CTC","F_1",1,"Single CTC"
"267",0.997756071805702,"pseudoPBMC_7500_MELA_GSE157743_SC1_n76.csv","Immune cells
n=7500","Single CTC","F_1",0.874074074074074,"Single CTC"
"268",1,"pseudoPBMC_7500_MELA_GSE157743_SC2_n20.csv","Immune cells
n=7500","Single CTC","F_1",1,"Single CTC"
"269",1,"pseudoPBMC_7500_NSCLC_GSE74639_SC_n10.csv","Immune cells
n=7500","Single CTC","F_1",1,"Single CTC"
"270",1,"pseudoPBMC_7500_PC_GSE67980_SC_n77.csv","Immune cells
n=7500","Single CTC","F_1",1,"Single CTC"
"271",0.998908296943231,"predict_GSE155698_Healthy_PBMC_1_BC_GSE144494_CL_n28.csv","GSE155698 HD1
n=2720","CTC cluster","F_1",0.943396226415094,"CTC cluster"
"272",0.992217898832685,"predict_GSE155698_Healthy_PBMC_1_BC_GSE144494_SC_n107.csv","GSE155698 HD1
n=2720","Single CTC","F_1",0.885416666666667,"Single CTC"
"273",0.991869918699187,"predict_GSE155698_Healthy_PBMC_1_BC_GSE144495_SC_n109.csv","GSE155698 HD1
n=2720","Single CTC","F_1",0.882051282051282,"Single CTC"
"274",0.999634235552304,"predict_GSE155698_Healthy_PBMC_1_BC_GSE51827_CL_n14.csv","GSE155698 HD1
n=2720","CTC cluster","F_1",0.962962962962963,"CTC cluster"
"275",0.99926873857404,"predict_GSE155698_Healthy_PBMC_1_BC_GSE51827_SC_n15.csv","GSE155698 HD1
n=2720","Single CTC","F_1",0.928571428571429,"Single CTC"
"276",1,"predict_GSE155698_Healthy_PBMC_1_BC_GSE55807_SC_n6.csv","GSE155698 HD1
n=2720","Single CTC","F_1",1,"Single CTC"
"277",0.994606256742179,"predict_GSE155698_Healthy_PBMC_1_BC_GSE75367_SC_n61.csv","GSE155698 HD1
n=2720","Single CTC","F_1",0.85981308411215,"Single CTC"
"278",0.99890590809628,"predict_GSE155698_Healthy_PBMC_1_BC_GSE86978_CL_n22.csv","GSE155698 HD1
n=2720","CTC cluster","F_1",0.926829268292683,"CTC cluster"
"279",0.996756756756757,"predict_GSE155698_Healthy_PBMC_1_BC_GSE86978_SC_n55.csv","GSE155698 HD1
n=2720","Single CTC","F_1",0.910891089108911,"Single CTC"
"280",0.987998588069185,"predict_GSE155698_Healthy_PBMC_1_HCC_CNP0000095_SC_n113.csv","GSE155698 HD1
n=2720","Single CTC","F_1",0.822916666666667,"Single CTC"
"281",1,"predict_GSE155698_Healthy_PBMC_1_MELA_GSE157740_SC_n13.csv","GSE155698 HD1
n=2720","Single CTC","F_1",1,"Single CTC"
"282",0.993919885550787,"predict_GSE155698_Healthy_PBMC_1_MELA_GSE157743_SC1_n76.csv","GSE155698 HD1
n=2720","Single CTC","F_1",0.874074074074074,"Single CTC"
"283",1,"predict_GSE155698_Healthy_PBMC_1_MELA_GSE157743_SC2_n20.csv","GSE155698 HD1
n=2720","Single CTC","F_1",1,"Single CTC"
"284",1,"predict_GSE155698_Healthy_PBMC_1_NSCLC_GSE74639_SC_n10.csv","GSE155698 HD1
n=2720","Single CTC","F_1",1,"Single CTC"
"285",1,"predict_GSE155698_Healthy_PBMC_1_PC_GSE67980_SC_n77.csv","GSE155698 HD1
n=2720","Single CTC","F_1",1,"Single CTC"
"286",0.99957507082153,"predict_GSE199994_HD1_BC_GSE144494_CL_n28.csv","GSE199994 HD1
n=7032","CTC cluster","F_1",0.943396226415094,"CTC cluster"
"287",0.996918335901387,"predict_GSE199994_HD1_BC_GSE144494_SC_n107.csv","GSE199994 HD1
n=7032","Single CTC","F_1",0.885416666666667,"Single CTC"
"288",0.996779162582271,"predict_GSE199994_HD1_BC_GSE144495_SC_n109.csv","GSE199994 HD1
n=7032","Single CTC","F_1",0.882051282051282,"Single CTC"
"289",0.999858075503832,"predict_GSE199994_HD1_BC_GSE51827_CL_n14.csv","GSE199994 HD1
n=7032","CTC cluster","F_1",0.962962962962963,"CTC cluster"
"290",0.999716191287073,"predict_GSE199994_HD1_BC_GSE51827_SC_n15.csv","GSE199994 HD1
n=7032","Single CTC","F_1",0.928571428571429,"Single CTC"
"291",1,"predict_GSE199994_HD1_BC_GSE55807_SC_n6.csv","GSE199994 HD1
n=7032","Single CTC","F_1",1,"Single CTC"
"292",0.997885238967997,"predict_GSE199994_HD1_BC_GSE75367_SC_n61.csv","GSE199994 HD1
n=7032","Single CTC","F_1",0.85981308411215,"Single CTC"
"293",0.999574709384746,"predict_GSE199994_HD1_BC_GSE86978_CL_n22.csv","GSE199994 HD1
n=7032","CTC cluster","F_1",0.926829268292683,"CTC cluster"
"294",0.99873006914068,"predict_GSE199994_HD1_BC_GSE86978_SC_n55.csv","GSE199994 HD1
n=7032","Single CTC","F_1",0.910891089108911,"Single CTC"
"295",0.995241427571729,"predict_GSE199994_HD1_HCC_CNP0000095_SC_n113.csv","GSE199994 HD1
n=7032","Single CTC","F_1",0.822916666666667,"Single CTC"
"296",1,"predict_GSE199994_HD1_MELA_GSE157740_SC_n13.csv","GSE199994 HD1
n=7032","Single CTC","F_1",1,"Single CTC"
"297",0.997608328643782,"predict_GSE199994_HD1_MELA_GSE157743_SC1_n76.csv","GSE199994 HD1
n=7032","Single CTC","F_1",0.874074074074074,"Single CTC"
"298",1,"predict_GSE199994_HD1_MELA_GSE157743_SC2_n20.csv","GSE199994 HD1
n=7032","Single CTC","F_1",1,"Single CTC"
"299",1,"predict_GSE199994_HD1_NSCLC_GSE74639_SC_n10.csv","GSE199994 HD1
n=7032","Single CTC","F_1",1,"Single CTC"
"300",1,"predict_GSE199994_HD1_PC_GSE67980_SC_n77.csv","GSE199994 HD1
n=7032","Single CTC","F_1",1,"Single CTC"
"301",0.999700837654567,"pseudoPBMC_10000_BC_GSE144494_CL_n28.csv","Immune cells
n=10000","CTC cluster","F_2",0.912408759124088,"CTC cluster"
"302",0.997823290788562,"pseudoPBMC_10000_BC_GSE144494_SC_n107.csv","Immune cells
n=10000","Single CTC","F_2",0.828460038986355,"Single CTC"
"303",0.99772479968345,"pseudoPBMC_10000_BC_GSE144495_SC_n109.csv","Immune cells
n=10000","Single CTC","F_2",0.823754789272031,"Single CTC"
"304",0.999900139804274,"pseudoPBMC_10000_BC_GSE51827_CL_n14.csv","Immune cells
n=10000","CTC cluster","F_2",0.942028985507246,"CTC cluster"
"305",0.999800299550674,"pseudoPBMC_10000_BC_GSE51827_SC_n15.csv","Immune cells
n=10000","Single CTC","F_2",0.89041095890411,"Single CTC"
"306",1,"pseudoPBMC_10000_BC_GSE55807_SC_n6.csv","Immune cells
n=10000","Single CTC","F_2",1,"Single CTC"
"307",0.998509094523407,"pseudoPBMC_10000_BC_GSE75367_SC_n61.csv","Immune cells
n=10000","Single CTC","F_2",0.793103448275862,"Single CTC"
"308",0.999700658551187,"pseudoPBMC_10000_BC_GSE86978_CL_n22.csv","Immune cells
n=10000","CTC cluster","F_2",0.88785046728972,"CTC cluster"
"309",0.999104922923919,"pseudoPBMC_10000_BC_GSE86978_SC_n55.csv","Immune cells
n=10000","Single CTC","F_2",0.864661654135338,"Single CTC"
"310",0.996637990705033,"pseudoPBMC_10000_HCC_CNP0000095_SC_n113.csv","Immune cells
n=10000","Single CTC","F_2",0.743879472693032,"Single CTC"
"311",1,"pseudoPBMC_10000_MELA_GSE157740_SC_n13.csv","Immune cells
n=10000","Single CTC","F_2",1,"Single CTC"
"312",0.99831282254863,"pseudoPBMC_10000_MELA_GSE157743_SC1_n76.csv","Immune cells
n=10000","Single CTC","F_2",0.81267217630854,"Single CTC"
"313",1,"pseudoPBMC_10000_MELA_GSE157743_SC2_n20.csv","Immune cells
n=10000","Single CTC","F_2",1,"Single CTC"
"314",1,"pseudoPBMC_10000_NSCLC_GSE74639_SC_n10.csv","Immune cells
n=10000","Single CTC","F_2",1,"Single CTC"
"315",1,"pseudoPBMC_10000_PC_GSE67980_SC_n77.csv","Immune cells
n=10000","Single CTC","F_2",1,"Single CTC"
"316",0.999601487778959,"pseudoPBMC_7500_BC_GSE144494_CL_n28.csv","Immune cells
n=7500","CTC cluster","F_2",0.912408759124088,"CTC cluster"
"317",0.997107926909426,"pseudoPBMC_7500_BC_GSE144494_SC_n107.csv","Immune cells
n=7500","Single CTC","F_2",0.828460038986355,"Single CTC"
"318",0.996977263766592,"pseudoPBMC_7500_BC_GSE144495_SC_n109.csv","Immune cells
n=7500","Single CTC","F_2",0.823754789272031,"Single CTC"
"319",0.999866915091829,"pseudoPBMC_7500_BC_GSE51827_CL_n14.csv","Immune cells
n=7500","CTC cluster","F_2",0.942028985507246,"CTC cluster"
"320",0.999733865602129,"pseudoPBMC_7500_BC_GSE51827_SC_n15.csv","Immune cells
n=7500","Single CTC","F_2",0.89041095890411,"Single CTC"
"321",1,"pseudoPBMC_7500_BC_GSE55807_SC_n6.csv","Immune cells
n=7500","Single CTC","F_2",1,"Single CTC"
"322",0.998016135431821,"pseudoPBMC_7500_BC_GSE75367_SC_n61.csv","Immune cells
n=7500","Single CTC","F_2",0.793103448275862,"Single CTC"
"323",0.999601169901622,"pseudoPBMC_7500_BC_GSE86978_CL_n22.csv","Immune cells
n=7500","CTC cluster","F_2",0.88785046728972,"CTC cluster"
"324",0.998808735936466,"pseudoPBMC_7500_BC_GSE86978_SC_n55.csv","Immune cells
n=7500","Single CTC","F_2",0.864661654135338,"Single CTC"
"325",0.995533955076842,"pseudoPBMC_7500_HCC_CNP0000095_SC_n113.csv","Immune cells
n=7500","Single CTC","F_2",0.743879472693032,"Single CTC"
"326",1,"pseudoPBMC_7500_MELA_GSE157740_SC_n13.csv","Immune cells
n=7500","Single CTC","F_2",1,"Single CTC"
"327",0.997756071805702,"pseudoPBMC_7500_MELA_GSE157743_SC1_n76.csv","Immune cells
n=7500","Single CTC","F_2",0.81267217630854,"Single CTC"
"328",1,"pseudoPBMC_7500_MELA_GSE157743_SC2_n20.csv","Immune cells
n=7500","Single CTC","F_2",1,"Single CTC"
"329",1,"pseudoPBMC_7500_NSCLC_GSE74639_SC_n10.csv","Immune cells
n=7500","Single CTC","F_2",1,"Single CTC"
"330",1,"pseudoPBMC_7500_PC_GSE67980_SC_n77.csv","Immune cells
n=7500","Single CTC","F_2",1,"Single CTC"
"331",0.998908296943231,"predict_GSE155698_Healthy_PBMC_1_BC_GSE144494_CL_n28.csv","GSE155698 HD1
n=2720","CTC cluster","F_2",0.912408759124088,"CTC cluster"
"332",0.992217898832685,"predict_GSE155698_Healthy_PBMC_1_BC_GSE144494_SC_n107.csv","GSE155698 HD1
n=2720","Single CTC","F_2",0.828460038986355,"Single CTC"
"333",0.991869918699187,"predict_GSE155698_Healthy_PBMC_1_BC_GSE144495_SC_n109.csv","GSE155698 HD1
n=2720","Single CTC","F_2",0.823754789272031,"Single CTC"
"334",0.999634235552304,"predict_GSE155698_Healthy_PBMC_1_BC_GSE51827_CL_n14.csv","GSE155698 HD1
n=2720","CTC cluster","F_2",0.942028985507246,"CTC cluster"
"335",0.99926873857404,"predict_GSE155698_Healthy_PBMC_1_BC_GSE51827_SC_n15.csv","GSE155698 HD1
n=2720","Single CTC","F_2",0.89041095890411,"Single CTC"
"336",1,"predict_GSE155698_Healthy_PBMC_1_BC_GSE55807_SC_n6.csv","GSE155698 HD1
n=2720","Single CTC","F_2",1,"Single CTC"
"337",0.994606256742179,"predict_GSE155698_Healthy_PBMC_1_BC_GSE75367_SC_n61.csv","GSE155698 HD1
n=2720","Single CTC","F_2",0.793103448275862,"Single CTC"
"338",0.99890590809628,"predict_GSE155698_Healthy_PBMC_1_BC_GSE86978_CL_n22.csv","GSE155698 HD1
n=2720","CTC cluster","F_2",0.88785046728972,"CTC cluster"
"339",0.996756756756757,"predict_GSE155698_Healthy_PBMC_1_BC_GSE86978_SC_n55.csv","GSE155698 HD1
n=2720","Single CTC","F_2",0.864661654135338,"Single CTC"
"340",0.987998588069185,"predict_GSE155698_Healthy_PBMC_1_HCC_CNP0000095_SC_n113.csv","GSE155698 HD1
n=2720","Single CTC","F_2",0.743879472693032,"Single CTC"
"341",1,"predict_GSE155698_Healthy_PBMC_1_MELA_GSE157740_SC_n13.csv","GSE155698 HD1
n=2720","Single CTC","F_2",1,"Single CTC"
"342",0.993919885550787,"predict_GSE155698_Healthy_PBMC_1_MELA_GSE157743_SC1_n76.csv","GSE155698 HD1
n=2720","Single CTC","F_2",0.81267217630854,"Single CTC"
"343",1,"predict_GSE155698_Healthy_PBMC_1_MELA_GSE157743_SC2_n20.csv","GSE155698 HD1
n=2720","Single CTC","F_2",1,"Single CTC"
"344",1,"predict_GSE155698_Healthy_PBMC_1_NSCLC_GSE74639_SC_n10.csv","GSE155698 HD1
n=2720","Single CTC","F_2",1,"Single CTC"
"345",1,"predict_GSE155698_Healthy_PBMC_1_PC_GSE67980_SC_n77.csv","GSE155698 HD1
n=2720","Single CTC","F_2",1,"Single CTC"
"346",0.99957507082153,"predict_GSE199994_HD1_BC_GSE144494_CL_n28.csv","GSE199994 HD1
n=7032","CTC cluster","F_2",0.912408759124088,"CTC cluster"
"347",0.996918335901387,"predict_GSE199994_HD1_BC_GSE144494_SC_n107.csv","GSE199994 HD1
n=7032","Single CTC","F_2",0.828460038986355,"Single CTC"
"348",0.996779162582271,"predict_GSE199994_HD1_BC_GSE144495_SC_n109.csv","GSE199994 HD1
n=7032","Single CTC","F_2",0.823754789272031,"Single CTC"
"349",0.999858075503832,"predict_GSE199994_HD1_BC_GSE51827_CL_n14.csv","GSE199994 HD1
n=7032","CTC cluster","F_2",0.942028985507246,"CTC cluster"
"350",0.999716191287073,"predict_GSE199994_HD1_BC_GSE51827_SC_n15.csv","GSE199994 HD1
n=7032","Single CTC","F_2",0.89041095890411,"Single CTC"
"351",1,"predict_GSE199994_HD1_BC_GSE55807_SC_n6.csv","GSE199994 HD1
n=7032","Single CTC","F_2",1,"Single CTC"
"352",0.997885238967997,"predict_GSE199994_HD1_BC_GSE75367_SC_n61.csv","GSE199994 HD1
n=7032","Single CTC","F_2",0.793103448275862,"Single CTC"
"353",0.999574709384746,"predict_GSE199994_HD1_BC_GSE86978_CL_n22.csv","GSE199994 HD1
n=7032","CTC cluster","F_2",0.88785046728972,"CTC cluster"
"354",0.99873006914068,"predict_GSE199994_HD1_BC_GSE86978_SC_n55.csv","GSE199994 HD1
n=7032","Single CTC","F_2",0.864661654135338,"Single CTC"
"355",0.995241427571729,"predict_GSE199994_HD1_HCC_CNP0000095_SC_n113.csv","GSE199994 HD1
n=7032","Single CTC","F_2",0.743879472693032,"Single CTC"
"356",1,"predict_GSE199994_HD1_MELA_GSE157740_SC_n13.csv","GSE199994 HD1
n=7032","Single CTC","F_2",1,"Single CTC"
"357",0.997608328643782,"predict_GSE199994_HD1_MELA_GSE157743_SC1_n76.csv","GSE199994 HD1
n=7032","Single CTC","F_2",0.81267217630854,"Single CTC"
"358",1,"predict_GSE199994_HD1_MELA_GSE157743_SC2_n20.csv","GSE199994 HD1
n=7032","Single CTC","F_2",1,"Single CTC"
"359",1,"predict_GSE199994_HD1_NSCLC_GSE74639_SC_n10.csv","GSE199994 HD1
n=7032","Single CTC","F_2",1,"Single CTC"
"360",1,"predict_GSE199994_HD1_PC_GSE67980_SC_n77.csv","GSE199994 HD1
n=7032","Single CTC","F_2",1,"Single CTC"
"361",1,"CancerCellpseudoPBMC_10000_E-MTAB-11948_Cervix_Epi_n10.csv","Immune cells
n=10000","10","Specificity",1,"Primary cancer cell"
"362",1,"CancerCellpseudoPBMC_10000_E-MTAB-11948_Cervix_Epi_n100.csv","Immune cells
n=10000","100","Specificity",1,"Primary cancer cell"
"363",1,"CancerCellpseudoPBMC_10000_E-MTAB-11948_Cervix_Epi_n20.csv","Immune cells
n=10000","20","Specificity",1,"Primary cancer cell"
"364",1,"CancerCellpseudoPBMC_10000_E-MTAB-11948_Cervix_Epi_n5.csv","Immune cells
n=10000","5","Specificity",1,"Primary cancer cell"
"365",1,"CancerCellpseudoPBMC_10000_E-MTAB-11948_Cervix_Epi_n500.csv","Immune cells
n=10000","500","Specificity",1,"Primary cancer cell"
"366",1,"CancerCellpseudoPBMC_10000_GSE127465_NSCLC2019_Epi_n10.csv","Immune cells
n=10000","10","Specificity",1,"Primary cancer cell"
"367",1,"CancerCellpseudoPBMC_10000_GSE127465_NSCLC2019_Epi_n100.csv","Immune cells
n=10000","100","Specificity",1,"Primary cancer cell"
"368",1,"CancerCellpseudoPBMC_10000_GSE127465_NSCLC2019_Epi_n20.csv","Immune cells
n=10000","20","Specificity",1,"Primary cancer cell"
"369",1,"CancerCellpseudoPBMC_10000_GSE127465_NSCLC2019_Epi_n5.csv","Immune cells
n=10000","5","Specificity",1,"Primary cancer cell"
"370",1,"CancerCellpseudoPBMC_10000_GSE132465_CRC_Epi_n10.csv","Immune cells
n=10000","10","Specificity",1,"Primary cancer cell"
"371",1,"CancerCellpseudoPBMC_10000_GSE132465_CRC_Epi_n100.csv","Immune cells
n=10000","100","Specificity",1,"Primary cancer cell"
"372",1,"CancerCellpseudoPBMC_10000_GSE132465_CRC_Epi_n20.csv","Immune cells
n=10000","20","Specificity",1,"Primary cancer cell"
"373",1,"CancerCellpseudoPBMC_10000_GSE132465_CRC_Epi_n5.csv","Immune cells
n=10000","5","Specificity",1,"Primary cancer cell"
"374",1,"CancerCellpseudoPBMC_10000_GSE132465_CRC_Epi_n500.csv","Immune cells
n=10000","500","Specificity",1,"Primary cancer cell"
"375",1,"CancerCellpseudoPBMC_10000_GSE148071_LUNG_Epi_n10.csv","Immune cells
n=10000","10","Specificity",1,"Primary cancer cell"
"376",1,"CancerCellpseudoPBMC_10000_GSE148071_LUNG_Epi_n100.csv","Immune cells
n=10000","100","Specificity",1,"Primary cancer cell"
"377",1,"CancerCellpseudoPBMC_10000_GSE148071_LUNG_Epi_n20.csv","Immune cells
n=10000","20","Specificity",1,"Primary cancer cell"
"378",1,"CancerCellpseudoPBMC_10000_GSE148071_LUNG_Epi_n5.csv","Immune cells
n=10000","5","Specificity",1,"Primary cancer cell"
"379",1,"CancerCellpseudoPBMC_10000_GSE148071_LUNG_Epi_n500.csv","Immune cells
n=10000","500","Specificity",1,"Primary cancer cell"
"380",1,"CancerCellpseudoPBMC_10000_GSE149614_HCC_Epi_n10.csv","Immune cells
n=10000","10","Specificity",1,"Primary cancer cell"
"381",1,"CancerCellpseudoPBMC_10000_GSE149614_HCC_Epi_n100.csv","Immune cells
n=10000","100","Specificity",1,"Primary cancer cell"
"382",1,"CancerCellpseudoPBMC_10000_GSE149614_HCC_Epi_n20.csv","Immune cells
n=10000","20","Specificity",1,"Primary cancer cell"
"383",1,"CancerCellpseudoPBMC_10000_GSE149614_HCC_Epi_n5.csv","Immune cells
n=10000","5","Specificity",1,"Primary cancer cell"
"384",1,"CancerCellpseudoPBMC_10000_GSE149614_HCC_Epi_n500.csv","Immune cells
n=10000","500","Specificity",1,"Primary cancer cell"
"385",1,"CancerCellpseudoPBMC_10000_GSE150430_NPC_Epi_n10.csv","Immune cells
n=10000","10","Specificity",1,"Primary cancer cell"
"386",1,"CancerCellpseudoPBMC_10000_GSE150430_NPC_Epi_n100.csv","Immune cells
n=10000","100","Specificity",1,"Primary cancer cell"
"387",1,"CancerCellpseudoPBMC_10000_GSE150430_NPC_Epi_n20.csv","Immune cells
n=10000","20","Specificity",1,"Primary cancer cell"
"388",1,"CancerCellpseudoPBMC_10000_GSE150430_NPC_Epi_n5.csv","Immune cells
n=10000","5","Specificity",1,"Primary cancer cell"
"389",0.999904761904762,"CancerCellpseudoPBMC_10000_GSE150430_NPC_Epi_n500.csv","Immune cells
n=10000","500","Specificity",1,"Primary cancer cell"
"390",1,"CancerCellpseudoPBMC_10000_GSE150825_NPC_Epi_n10.csv","Immune cells
n=10000","10","Specificity",1,"Primary cancer cell"
"391",1,"CancerCellpseudoPBMC_10000_GSE150825_NPC_Epi_n20.csv","Immune cells
n=10000","20","Specificity",1,"Primary cancer cell"
"392",1,"CancerCellpseudoPBMC_10000_GSE150825_NPC_Epi_n5.csv","Immune cells
n=10000","5","Specificity",1,"Primary cancer cell"
"393",1,"CancerCellpseudoPBMC_10000_GSE150825_NPC_Epi_n50.csv","Immune cells
n=10000","5","Specificity",1,"Primary cancer cell"
"394",1,"CancerCellpseudoPBMC_10000_GSE155698_PDAC_Epi_n10.csv","Immune cells
n=10000","10","Specificity",1,"Primary cancer cell"
"395",1,"CancerCellpseudoPBMC_10000_GSE155698_PDAC_Epi_n100.csv","Immune cells
n=10000","100","Specificity",1,"Primary cancer cell"
"396",1,"CancerCellpseudoPBMC_10000_GSE155698_PDAC_Epi_n20.csv","Immune cells
n=10000","20","Specificity",1,"Primary cancer cell"
"397",1,"CancerCellpseudoPBMC_10000_GSE155698_PDAC_Epi_n5.csv","Immune cells
n=10000","5","Specificity",1,"Primary cancer cell"
"398",0.999714285714286,"CancerCellpseudoPBMC_10000_GSE155698_PDAC_Epi_n500.csv","Immune cells
n=10000","500","Specificity",1,"Primary cancer cell"
"399",1,"CancerCellpseudoPBMC_10000_GSE162025_NPC_Epi_n10.csv","Immune cells
n=10000","10","Specificity",1,"Primary cancer cell"
"400",1,"CancerCellpseudoPBMC_10000_GSE162025_NPC_Epi_n100.csv","Immune cells
n=10000","100","Specificity",1,"Primary cancer cell"
"401",1,"CancerCellpseudoPBMC_10000_GSE162025_NPC_Epi_n20.csv","Immune cells
n=10000","20","Specificity",1,"Primary cancer cell"
"402",1,"CancerCellpseudoPBMC_10000_GSE162025_NPC_Epi_n5.csv","Immune cells
n=10000","5","Specificity",1,"Primary cancer cell"
"403",1,"CancerCellpseudoPBMC_10000_GSE168652_Cervix_Epi_n10.csv","Immune cells
n=10000","10","Specificity",1,"Primary cancer cell"
"404",1,"CancerCellpseudoPBMC_10000_GSE168652_Cervix_Epi_n100.csv","Immune cells
n=10000","100","Specificity",1,"Primary cancer cell"
"405",1,"CancerCellpseudoPBMC_10000_GSE168652_Cervix_Epi_n20.csv","Immune cells
n=10000","20","Specificity",1,"Primary cancer cell"
"406",1,"CancerCellpseudoPBMC_10000_GSE168652_Cervix_Epi_n5.csv","Immune cells
n=10000","5","Specificity",1,"Primary cancer cell"
"407",1,"CancerCellpseudoPBMC_10000_GSE168652_Cervix_Epi_n500.csv","Immune cells
n=10000","500","Specificity",1,"Primary cancer cell"
"408",1,"CancerCellpseudoPBMC_10000_GSE173682_Endome_Epi_n10.csv","Immune cells
n=10000","10","Specificity",1,"Primary cancer cell"
"409",1,"CancerCellpseudoPBMC_10000_GSE173682_Endome_Epi_n100.csv","Immune cells
n=10000","100","Specificity",1,"Primary cancer cell"
"410",1,"CancerCellpseudoPBMC_10000_GSE173682_Endome_Epi_n20.csv","Immune cells
n=10000","20","Specificity",1,"Primary cancer cell"
"411",1,"CancerCellpseudoPBMC_10000_GSE173682_Endome_Epi_n5.csv","Immune cells
n=10000","5","Specificity",1,"Primary cancer cell"
"412",1,"CancerCellpseudoPBMC_10000_GSE173682_Endome_Epi_n500.csv","Immune cells
n=10000","500","Specificity",1,"Primary cancer cell"
"413",1,"CancerCellpseudoPBMC_10000_GSE173682_Ovarian_Epi_n10.csv","Immune cells
n=10000","10","Specificity",1,"Primary cancer cell"
"414",1,"CancerCellpseudoPBMC_10000_GSE173682_Ovarian_Epi_n100.csv","Immune cells
n=10000","100","Specificity",1,"Primary cancer cell"
"415",1,"CancerCellpseudoPBMC_10000_GSE173682_Ovarian_Epi_n20.csv","Immune cells
n=10000","20","Specificity",1,"Primary cancer cell"
"416",1,"CancerCellpseudoPBMC_10000_GSE173682_Ovarian_Epi_n5.csv","Immune cells
n=10000","5","Specificity",1,"Primary cancer cell"
"417",1,"CancerCellpseudoPBMC_10000_GSE173682_Ovarian_Epi_n500.csv","Immune cells
n=10000","500","Specificity",1,"Primary cancer cell"
"418",1,"CancerCellpseudoPBMC_10000_GSE176031_Prostate_Epi_n10.csv","Immune cells
n=10000","10","Specificity",1,"Primary cancer cell"
"419",1,"CancerCellpseudoPBMC_10000_GSE176031_Prostate_Epi_n100.csv","Immune cells
n=10000","100","Specificity",1,"Primary cancer cell"
"420",1,"CancerCellpseudoPBMC_10000_GSE176031_Prostate_Epi_n20.csv","Immune cells
n=10000","20","Specificity",1,"Primary cancer cell"
"421",1,"CancerCellpseudoPBMC_10000_GSE176031_Prostate_Epi_n5.csv","Immune cells
n=10000","5","Specificity",1,"Primary cancer cell"
"422",1,"CancerCellpseudoPBMC_10000_GSE176078_BC_Epi_n10.csv","Immune cells
n=10000","10","Specificity",1,"Primary cancer cell"
"423",1,"CancerCellpseudoPBMC_10000_GSE176078_BC_Epi_n100.csv","Immune cells
n=10000","100","Specificity",1,"Primary cancer cell"
"424",1,"CancerCellpseudoPBMC_10000_GSE176078_BC_Epi_n20.csv","Immune cells
n=10000","20","Specificity",1,"Primary cancer cell"
"425",1,"CancerCellpseudoPBMC_10000_GSE176078_BC_Epi_n5.csv","Immune cells
n=10000","5","Specificity",1,"Primary cancer cell"
"426",1,"CancerCellpseudoPBMC_10000_GSE176078_BC_Epi_n500.csv","Immune cells
n=10000","500","Specificity",1,"Primary cancer cell"
"427",1,"CancerCellpseudoPBMC_10000_GSE178318_CRC_Epi_n10.csv","Immune cells
n=10000","10","Specificity",1,"Primary cancer cell"
"428",1,"CancerCellpseudoPBMC_10000_GSE178318_CRC_Epi_n100.csv","Immune cells
n=10000","100","Specificity",1,"Primary cancer cell"
"429",1,"CancerCellpseudoPBMC_10000_GSE178318_CRC_Epi_n20.csv","Immune cells
n=10000","20","Specificity",1,"Primary cancer cell"
"430",1,"CancerCellpseudoPBMC_10000_GSE178318_CRC_Epi_n5.csv","Immune cells
n=10000","5","Specificity",1,"Primary cancer cell"
"431",1,"CancerCellpseudoPBMC_10000_GSE178318_CRC_Epi_n500.csv","Immune cells
n=10000","500","Specificity",1,"Primary cancer cell"
"432",1,"CancerCellpseudoPBMC_10000_GSE193337_Prostate_Epi_n10.csv","Immune cells
n=10000","10","Specificity",1,"Primary cancer cell"
"433",1,"CancerCellpseudoPBMC_10000_GSE193337_Prostate_Epi_n100.csv","Immune cells
n=10000","100","Specificity",1,"Primary cancer cell"
"434",1,"CancerCellpseudoPBMC_10000_GSE193337_Prostate_Epi_n20.csv","Immune cells
n=10000","20","Specificity",1,"Primary cancer cell"
"435",1,"CancerCellpseudoPBMC_10000_GSE193337_Prostate_Epi_n5.csv","Immune cells
n=10000","5","Specificity",1,"Primary cancer cell"
"436",0.999904761904762,"CancerCellpseudoPBMC_10000_GSE193337_Prostate_Epi_n500.csv","Immune cells
n=10000","500","Specificity",1,"Primary cancer cell"
"437",1,"CancerCellpseudoPBMC_10000_GSE215120_Melanoma_n10.csv","Immune cells
n=10000","10","Specificity",1,"Primary cancer cell"
"438",1,"CancerCellpseudoPBMC_10000_GSE215120_Melanoma_n100.csv","Immune cells
n=10000","100","Specificity",1,"Primary cancer cell"
"439",1,"CancerCellpseudoPBMC_10000_GSE215120_Melanoma_n20.csv","Immune cells
n=10000","20","Specificity",1,"Primary cancer cell"
"440",1,"CancerCellpseudoPBMC_10000_GSE215120_Melanoma_n5.csv","Immune cells
n=10000","5","Specificity",1,"Primary cancer cell"
"441",0.999904761904762,"CancerCellpseudoPBMC_10000_GSE215120_Melanoma_n500.csv","Immune cells
n=10000","500","Specificity",1,"Primary cancer cell"
"442",1,"CancerCellpseudoPBMC_10000_GSM3946506_Mela_cl_n10.csv","Immune cells
n=10000","10","Specificity",1,"Primary cancer cell"
"443",1,"CancerCellpseudoPBMC_10000_GSM3946506_Mela_cl_n100.csv","Immune cells
n=10000","100","Specificity",1,"Primary cancer cell"
"444",1,"CancerCellpseudoPBMC_10000_GSM3946506_Mela_cl_n20.csv","Immune cells
n=10000","20","Specificity",1,"Primary cancer cell"
"445",1,"CancerCellpseudoPBMC_10000_GSM3946506_Mela_cl_n5.csv","Immune cells
n=10000","5","Specificity",1,"Primary cancer cell"
"446",1,"CancerCellpseudoPBMC_10000_OMIX001073_GC_Epi_n10.csv","Immune cells
n=10000","10","Specificity",1,"Primary cancer cell"
"447",1,"CancerCellpseudoPBMC_10000_OMIX001073_GC_Epi_n100.csv","Immune cells
n=10000","100","Specificity",1,"Primary cancer cell"
"448",1,"CancerCellpseudoPBMC_10000_OMIX001073_GC_Epi_n20.csv","Immune cells
n=10000","20","Specificity",1,"Primary cancer cell"
"449",1,"CancerCellpseudoPBMC_10000_OMIX001073_GC_Epi_n5.csv","Immune cells
n=10000","5","Specificity",1,"Primary cancer cell"
"450",1,"CancerCellpseudoPBMC_10000_OMIX001073_GC_Epi_n500.csv","Immune cells
n=10000","500","Specificity",1,"Primary cancer cell"
"451",1,"CancerCellpseudoPBMC_7500_E-MTAB-11948_Cervix_Epi_n10.csv","Immune cells
n=7500","10","Specificity",1,"Primary cancer cell"
"452",1,"CancerCellpseudoPBMC_7500_E-MTAB-11948_Cervix_Epi_n100.csv","Immune cells
n=7500","100","Specificity",1,"Primary cancer cell"
"453",1,"CancerCellpseudoPBMC_7500_E-MTAB-11948_Cervix_Epi_n20.csv","Immune cells
n=7500","20","Specificity",1,"Primary cancer cell"
"454",1,"CancerCellpseudoPBMC_7500_E-MTAB-11948_Cervix_Epi_n5.csv","Immune cells
n=7500","5","Specificity",1,"Primary cancer cell"
"455",1,"CancerCellpseudoPBMC_7500_E-MTAB-11948_Cervix_Epi_n500.csv","Immune cells
n=7500","500","Specificity",1,"Primary cancer cell"
"456",1,"CancerCellpseudoPBMC_7500_GSE127465_NSCLC2019_Epi_n10.csv","Immune cells
n=7500","10","Specificity",1,"Primary cancer cell"
"457",1,"CancerCellpseudoPBMC_7500_GSE127465_NSCLC2019_Epi_n100.csv","Immune cells
n=7500","100","Specificity",1,"Primary cancer cell"
"458",1,"CancerCellpseudoPBMC_7500_GSE127465_NSCLC2019_Epi_n20.csv","Immune cells
n=7500","20","Specificity",1,"Primary cancer cell"
"459",1,"CancerCellpseudoPBMC_7500_GSE127465_NSCLC2019_Epi_n5.csv","Immune cells
n=7500","5","Specificity",1,"Primary cancer cell"
"460",1,"CancerCellpseudoPBMC_7500_GSE132465_CRC_Epi_n10.csv","Immune cells
n=7500","10","Specificity",1,"Primary cancer cell"
"461",1,"CancerCellpseudoPBMC_7500_GSE132465_CRC_Epi_n100.csv","Immune cells
n=7500","100","Specificity",1,"Primary cancer cell"
"462",1,"CancerCellpseudoPBMC_7500_GSE132465_CRC_Epi_n20.csv","Immune cells
n=7500","20","Specificity",1,"Primary cancer cell"
"463",1,"CancerCellpseudoPBMC_7500_GSE132465_CRC_Epi_n5.csv","Immune cells
n=7500","5","Specificity",1,"Primary cancer cell"
"464",1,"CancerCellpseudoPBMC_7500_GSE132465_CRC_Epi_n500.csv","Immune cells
n=7500","500","Specificity",1,"Primary cancer cell"
"465",1,"CancerCellpseudoPBMC_7500_GSE148071_LUNG_Epi_n10.csv","Immune cells
n=7500","10","Specificity",1,"Primary cancer cell"
"466",1,"CancerCellpseudoPBMC_7500_GSE148071_LUNG_Epi_n100.csv","Immune cells
n=7500","100","Specificity",1,"Primary cancer cell"
"467",1,"CancerCellpseudoPBMC_7500_GSE148071_LUNG_Epi_n20.csv","Immune cells
n=7500","20","Specificity",1,"Primary cancer cell"
"468",1,"CancerCellpseudoPBMC_7500_GSE148071_LUNG_Epi_n5.csv","Immune cells
n=7500","5","Specificity",1,"Primary cancer cell"
"469",1,"CancerCellpseudoPBMC_7500_GSE148071_LUNG_Epi_n500.csv","Immune cells
n=7500","500","Specificity",1,"Primary cancer cell"
"470",1,"CancerCellpseudoPBMC_7500_GSE149614_HCC_Epi_n10.csv","Immune cells
n=7500","10","Specificity",1,"Primary cancer cell"
"471",1,"CancerCellpseudoPBMC_7500_GSE149614_HCC_Epi_n100.csv","Immune cells
n=7500","100","Specificity",1,"Primary cancer cell"
"472",1,"CancerCellpseudoPBMC_7500_GSE149614_HCC_Epi_n20.csv","Immune cells
n=7500","20","Specificity",1,"Primary cancer cell"
"473",1,"CancerCellpseudoPBMC_7500_GSE149614_HCC_Epi_n5.csv","Immune cells
n=7500","5","Specificity",1,"Primary cancer cell"
"474",1,"CancerCellpseudoPBMC_7500_GSE149614_HCC_Epi_n500.csv","Immune cells
n=7500","500","Specificity",1,"Primary cancer cell"
"475",1,"CancerCellpseudoPBMC_7500_GSE150430_NPC_Epi_n10.csv","Immune cells
n=7500","10","Specificity",1,"Primary cancer cell"
"476",1,"CancerCellpseudoPBMC_7500_GSE150430_NPC_Epi_n100.csv","Immune cells
n=7500","100","Specificity",1,"Primary cancer cell"
"477",1,"CancerCellpseudoPBMC_7500_GSE150430_NPC_Epi_n20.csv","Immune cells
n=7500","20","Specificity",1,"Primary cancer cell"
"478",1,"CancerCellpseudoPBMC_7500_GSE150430_NPC_Epi_n5.csv","Immune cells
n=7500","5","Specificity",1,"Primary cancer cell"
"479",0.999875,"CancerCellpseudoPBMC_7500_GSE150430_NPC_Epi_n500.csv","Immune cells
n=7500","500","Specificity",1,"Primary cancer cell"
"480",1,"CancerCellpseudoPBMC_7500_GSE150825_NPC_Epi_n10.csv","Immune cells
n=7500","10","Specificity",1,"Primary cancer cell"
"481",1,"CancerCellpseudoPBMC_7500_GSE150825_NPC_Epi_n20.csv","Immune cells
n=7500","20","Specificity",1,"Primary cancer cell"
"482",1,"CancerCellpseudoPBMC_7500_GSE150825_NPC_Epi_n5.csv","Immune cells
n=7500","5","Specificity",1,"Primary cancer cell"
"483",1,"CancerCellpseudoPBMC_7500_GSE155698_PDAC_Epi_n10.csv","Immune cells
n=7500","10","Specificity",1,"Primary cancer cell"
"484",1,"CancerCellpseudoPBMC_7500_GSE155698_PDAC_Epi_n100.csv","Immune cells
n=7500","100","Specificity",1,"Primary cancer cell"
"485",1,"CancerCellpseudoPBMC_7500_GSE155698_PDAC_Epi_n20.csv","Immune cells
n=7500","20","Specificity",1,"Primary cancer cell"
"486",1,"CancerCellpseudoPBMC_7500_GSE155698_PDAC_Epi_n5.csv","Immune cells
n=7500","5","Specificity",1,"Primary cancer cell"
"487",0.999625,"CancerCellpseudoPBMC_7500_GSE155698_PDAC_Epi_n500.csv","Immune cells
n=7500","500","Specificity",1,"Primary cancer cell"
"488",1,"CancerCellpseudoPBMC_7500_GSE162025_NPC_Epi_n10.csv","Immune cells
n=7500","10","Specificity",1,"Primary cancer cell"
"489",1,"CancerCellpseudoPBMC_7500_GSE162025_NPC_Epi_n100.csv","Immune cells
n=7500","100","Specificity",1,"Primary cancer cell"
"490",1,"CancerCellpseudoPBMC_7500_GSE162025_NPC_Epi_n20.csv","Immune cells
n=7500","20","Specificity",1,"Primary cancer cell"
"491",1,"CancerCellpseudoPBMC_7500_GSE162025_NPC_Epi_n5.csv","Immune cells
n=7500","5","Specificity",1,"Primary cancer cell"
"492",1,"CancerCellpseudoPBMC_7500_GSE168652_Cervix_Epi_n10.csv","Immune cells
n=7500","10","Specificity",1,"Primary cancer cell"
"493",1,"CancerCellpseudoPBMC_7500_GSE168652_Cervix_Epi_n100.csv","Immune cells
n=7500","100","Specificity",1,"Primary cancer cell"
"494",1,"CancerCellpseudoPBMC_7500_GSE168652_Cervix_Epi_n20.csv","Immune cells
n=7500","20","Specificity",1,"Primary cancer cell"
"495",1,"CancerCellpseudoPBMC_7500_GSE168652_Cervix_Epi_n5.csv","Immune cells
n=7500","5","Specificity",1,"Primary cancer cell"
"496",1,"CancerCellpseudoPBMC_7500_GSE168652_Cervix_Epi_n500.csv","Immune cells
n=7500","500","Specificity",1,"Primary cancer cell"
"497",1,"CancerCellpseudoPBMC_7500_GSE173682_Endome_Epi_n10.csv","Immune cells
n=7500","10","Specificity",1,"Primary cancer cell"
"498",1,"CancerCellpseudoPBMC_7500_GSE173682_Endome_Epi_n100.csv","Immune cells
n=7500","100","Specificity",1,"Primary cancer cell"
"499",1,"CancerCellpseudoPBMC_7500_GSE173682_Endome_Epi_n20.csv","Immune cells
n=7500","20","Specificity",1,"Primary cancer cell"
"500",1,"CancerCellpseudoPBMC_7500_GSE173682_Endome_Epi_n5.csv","Immune cells
n=7500","5","Specificity",1,"Primary cancer cell"
"501",1,"CancerCellpseudoPBMC_7500_GSE173682_Endome_Epi_n500.csv","Immune cells
n=7500","500","Specificity",1,"Primary cancer cell"
"502",1,"CancerCellpseudoPBMC_7500_GSE173682_Ovarian_Epi_n10.csv","Immune cells
n=7500","10","Specificity",1,"Primary cancer cell"
"503",1,"CancerCellpseudoPBMC_7500_GSE173682_Ovarian_Epi_n100.csv","Immune cells
n=7500","100","Specificity",1,"Primary cancer cell"
"504",1,"CancerCellpseudoPBMC_7500_GSE173682_Ovarian_Epi_n20.csv","Immune cells
n=7500","20","Specificity",1,"Primary cancer cell"
"505",1,"CancerCellpseudoPBMC_7500_GSE173682_Ovarian_Epi_n5.csv","Immune cells
n=7500","5","Specificity",1,"Primary cancer cell"
"506",1,"CancerCellpseudoPBMC_7500_GSE173682_Ovarian_Epi_n500.csv","Immune cells
n=7500","500","Specificity",1,"Primary cancer cell"
"507",1,"CancerCellpseudoPBMC_7500_GSE176031_Prostate_Epi_n10.csv","Immune cells
n=7500","10","Specificity",1,"Primary cancer cell"
"508",1,"CancerCellpseudoPBMC_7500_GSE176031_Prostate_Epi_n100.csv","Immune cells
n=7500","100","Specificity",1,"Primary cancer cell"
"509",1,"CancerCellpseudoPBMC_7500_GSE176031_Prostate_Epi_n20.csv","Immune cells
n=7500","20","Specificity",1,"Primary cancer cell"
"510",1,"CancerCellpseudoPBMC_7500_GSE176031_Prostate_Epi_n5.csv","Immune cells
n=7500","5","Specificity",1,"Primary cancer cell"
"511",1,"CancerCellpseudoPBMC_7500_GSE176078_BC_Epi_n10.csv","Immune cells
n=7500","10","Specificity",1,"Primary cancer cell"
"512",1,"CancerCellpseudoPBMC_7500_GSE176078_BC_Epi_n100.csv","Immune cells
n=7500","100","Specificity",1,"Primary cancer cell"
"513",1,"CancerCellpseudoPBMC_7500_GSE176078_BC_Epi_n20.csv","Immune cells
n=7500","20","Specificity",1,"Primary cancer cell"
"514",1,"CancerCellpseudoPBMC_7500_GSE176078_BC_Epi_n5.csv","Immune cells
n=7500","5","Specificity",1,"Primary cancer cell"
"515",1,"CancerCellpseudoPBMC_7500_GSE176078_BC_Epi_n500.csv","Immune cells
n=7500","500","Specificity",1,"Primary cancer cell"
"516",1,"CancerCellpseudoPBMC_7500_GSE178318_CRC_Epi_n10.csv","Immune cells
n=7500","10","Specificity",1,"Primary cancer cell"
"517",1,"CancerCellpseudoPBMC_7500_GSE178318_CRC_Epi_n100.csv","Immune cells
n=7500","100","Specificity",1,"Primary cancer cell"
"518",1,"CancerCellpseudoPBMC_7500_GSE178318_CRC_Epi_n20.csv","Immune cells
n=7500","20","Specificity",1,"Primary cancer cell"
"519",1,"CancerCellpseudoPBMC_7500_GSE178318_CRC_Epi_n5.csv","Immune cells
n=7500","5","Specificity",1,"Primary cancer cell"
"520",1,"CancerCellpseudoPBMC_7500_GSE178318_CRC_Epi_n500.csv","Immune cells
n=7500","500","Specificity",1,"Primary cancer cell"
"521",1,"CancerCellpseudoPBMC_7500_GSE193337_Prostate_Epi_n10.csv","Immune cells
n=7500","10","Specificity",1,"Primary cancer cell"
"522",1,"CancerCellpseudoPBMC_7500_GSE193337_Prostate_Epi_n100.csv","Immune cells
n=7500","100","Specificity",1,"Primary cancer cell"
"523",1,"CancerCellpseudoPBMC_7500_GSE193337_Prostate_Epi_n20.csv","Immune cells
n=7500","20","Specificity",1,"Primary cancer cell"
"524",1,"CancerCellpseudoPBMC_7500_GSE193337_Prostate_Epi_n5.csv","Immune cells
n=7500","5","Specificity",1,"Primary cancer cell"
"525",0.999875,"CancerCellpseudoPBMC_7500_GSE193337_Prostate_Epi_n500.csv","Immune cells
n=7500","500","Specificity",1,"Primary cancer cell"
"526",1,"CancerCellpseudoPBMC_7500_GSE215120_Melanoma_n10.csv","Immune cells
n=7500","10","Specificity",1,"Primary cancer cell"
"527",1,"CancerCellpseudoPBMC_7500_GSE215120_Melanoma_n100.csv","Immune cells
n=7500","100","Specificity",1,"Primary cancer cell"
"528",1,"CancerCellpseudoPBMC_7500_GSE215120_Melanoma_n20.csv","Immune cells
n=7500","20","Specificity",1,"Primary cancer cell"
"529",1,"CancerCellpseudoPBMC_7500_GSE215120_Melanoma_n5.csv","Immune cells
n=7500","5","Specificity",1,"Primary cancer cell"
"530",0.999875,"CancerCellpseudoPBMC_7500_GSE215120_Melanoma_n500.csv","Immune cells
n=7500","500","Specificity",1,"Primary cancer cell"
"531",1,"CancerCellpseudoPBMC_7500_GSM3946506_Mela_cl_n10.csv","Immune cells
n=7500","10","Specificity",1,"Primary cancer cell"
"532",1,"CancerCellpseudoPBMC_7500_GSM3946506_Mela_cl_n100.csv","Immune cells
n=7500","100","Specificity",1,"Primary cancer cell"
"533",1,"CancerCellpseudoPBMC_7500_GSM3946506_Mela_cl_n20.csv","Immune cells
n=7500","20","Specificity",1,"Primary cancer cell"
"534",1,"CancerCellpseudoPBMC_7500_GSM3946506_Mela_cl_n5.csv","Immune cells
n=7500","5","Specificity",1,"Primary cancer cell"
"535",1,"CancerCellpseudoPBMC_7500_OMIX001073_GC_Epi_n10.csv","Immune cells
n=7500","10","Specificity",1,"Primary cancer cell"
"536",1,"CancerCellpseudoPBMC_7500_OMIX001073_GC_Epi_n100.csv","Immune cells
n=7500","100","Specificity",1,"Primary cancer cell"
"537",1,"CancerCellpseudoPBMC_7500_OMIX001073_GC_Epi_n20.csv","Immune cells
n=7500","20","Specificity",1,"Primary cancer cell"
"538",1,"CancerCellpseudoPBMC_7500_OMIX001073_GC_Epi_n5.csv","Immune cells
n=7500","5","Specificity",1,"Primary cancer cell"
"539",1,"CancerCellpseudoPBMC_7500_OMIX001073_GC_Epi_n500.csv","Immune cells
n=7500","500","Specificity",1,"Primary cancer cell"
"540",1,"predict_E-MTAB-11948_Cervix_Epi_n10_GSE155698_Healthy_PBMC_1.csv","GSE155698 HD1
n=2720","10","Specificity",1,"Primary cancer cell"
"541",1,"predict_E-MTAB-11948_Cervix_Epi_n10_GSE199994_HD1.csv","GSE199994 HD1
n=7032","10","Specificity",1,"Primary cancer cell"
"542",1,"predict_E-MTAB-11948_Cervix_Epi_n100_GSE155698_Healthy_PBMC_1.csv","GSE155698 HD1
n=2720","100","Specificity",1,"Primary cancer cell"
"543",1,"predict_E-MTAB-11948_Cervix_Epi_n100_GSE199994_HD1.csv","GSE199994 HD1
n=7032","100","Specificity",1,"Primary cancer cell"
"544",1,"predict_E-MTAB-11948_Cervix_Epi_n20_GSE155698_Healthy_PBMC_1.csv","GSE155698 HD1
n=2720","20","Specificity",1,"Primary cancer cell"
"545",1,"predict_E-MTAB-11948_Cervix_Epi_n20_GSE199994_HD1.csv","GSE199994 HD1
n=7032","20","Specificity",1,"Primary cancer cell"
"546",1,"predict_E-MTAB-11948_Cervix_Epi_n5_GSE155698_Healthy_PBMC_1.csv","GSE155698 HD1
n=2720","5","Specificity",1,"Primary cancer cell"
"547",1,"predict_E-MTAB-11948_Cervix_Epi_n5_GSE199994_HD1.csv","GSE199994 HD1
n=7032","5","Specificity",1,"Primary cancer cell"
"548",1,"predict_E-MTAB-11948_Cervix_Epi_n500_GSE155698_Healthy_PBMC_1.csv","GSE155698 HD1
n=2720","500","Specificity",1,"Primary cancer cell"
"549",1,"predict_E-MTAB-11948_Cervix_Epi_n500_GSE199994_HD1.csv","GSE199994 HD1
n=7032","500","Specificity",1,"Primary cancer cell"
"550",1,"predict_GSE127465_NSCLC2019_Epi_n10_GSE155698_Healthy_PBMC_1.csv","GSE155698 HD1
n=2720","10","Specificity",1,"Primary cancer cell"
"551",1,"predict_GSE127465_NSCLC2019_Epi_n10_GSE199994_HD1.csv","GSE199994 HD1
n=7032","10","Specificity",1,"Primary cancer cell"
"552",1,"predict_GSE127465_NSCLC2019_Epi_n100_GSE155698_Healthy_PBMC_1.csv","GSE155698 HD1
n=2720","100","Specificity",1,"Primary cancer cell"
"553",1,"predict_GSE127465_NSCLC2019_Epi_n100_GSE199994_HD1.csv","GSE199994 HD1
n=7032","100","Specificity",1,"Primary cancer cell"
"554",1,"predict_GSE127465_NSCLC2019_Epi_n20_GSE155698_Healthy_PBMC_1.csv","GSE155698 HD1
n=2720","20","Specificity",1,"Primary cancer cell"
"555",1,"predict_GSE127465_NSCLC2019_Epi_n20_GSE199994_HD1.csv","GSE199994 HD1
n=7032","20","Specificity",1,"Primary cancer cell"
"556",1,"predict_GSE127465_NSCLC2019_Epi_n5_GSE155698_Healthy_PBMC_1.csv","GSE155698 HD1
n=2720","5","Specificity",1,"Primary cancer cell"
"557",1,"predict_GSE127465_NSCLC2019_Epi_n5_GSE199994_HD1.csv","GSE199994 HD1
n=7032","5","Specificity",1,"Primary cancer cell"
"558",1,"predict_GSE132465_CRC_Epi_n10_GSE155698_Healthy_PBMC_1.csv","GSE155698 HD1
n=2720","10","Specificity",1,"Primary cancer cell"
"559",1,"predict_GSE132465_CRC_Epi_n10_GSE199994_HD1.csv","GSE199994 HD1
n=7032","10","Specificity",1,"Primary cancer cell"
"560",1,"predict_GSE132465_CRC_Epi_n100_GSE155698_Healthy_PBMC_1.csv","GSE155698 HD1
n=2720","100","Specificity",1,"Primary cancer cell"
"561",1,"predict_GSE132465_CRC_Epi_n100_GSE199994_HD1.csv","GSE199994 HD1
n=7032","100","Specificity",1,"Primary cancer cell"
"562",1,"predict_GSE132465_CRC_Epi_n20_GSE155698_Healthy_PBMC_1.csv","GSE155698 HD1
n=2720","20","Specificity",1,"Primary cancer cell"
"563",1,"predict_GSE132465_CRC_Epi_n20_GSE199994_HD1.csv","GSE199994 HD1
n=7032","20","Specificity",1,"Primary cancer cell"
"564",1,"predict_GSE132465_CRC_Epi_n5_GSE155698_Healthy_PBMC_1.csv","GSE155698 HD1
n=2720","5","Specificity",1,"Primary cancer cell"
"565",1,"predict_GSE132465_CRC_Epi_n5_GSE199994_HD1.csv","GSE199994 HD1
n=7032","5","Specificity",1,"Primary cancer cell"
"566",1,"predict_GSE132465_CRC_Epi_n500_GSE155698_Healthy_PBMC_1.csv","GSE155698 HD1
n=2720","500","Specificity",1,"Primary cancer cell"
"567",1,"predict_GSE132465_CRC_Epi_n500_GSE199994_HD1.csv","GSE199994 HD1
n=7032","500","Specificity",1,"Primary cancer cell"
"568",1,"predict_GSE148071_LUNG_Epi_n10_GSE155698_Healthy_PBMC_1.csv","GSE155698 HD1
n=2720","10","Specificity",1,"Primary cancer cell"
"569",1,"predict_GSE148071_LUNG_Epi_n10_GSE199994_HD1.csv","GSE199994 HD1
n=7032","10","Specificity",1,"Primary cancer cell"
"570",1,"predict_GSE148071_LUNG_Epi_n100_GSE155698_Healthy_PBMC_1.csv","GSE155698 HD1
n=2720","100","Specificity",1,"Primary cancer cell"
"571",1,"predict_GSE148071_LUNG_Epi_n100_GSE199994_HD1.csv","GSE199994 HD1
n=7032","100","Specificity",1,"Primary cancer cell"
"572",1,"predict_GSE148071_LUNG_Epi_n20_GSE155698_Healthy_PBMC_1.csv","GSE155698 HD1
n=2720","20","Specificity",1,"Primary cancer cell"
"573",1,"predict_GSE148071_LUNG_Epi_n20_GSE199994_HD1.csv","GSE199994 HD1
n=7032","20","Specificity",1,"Primary cancer cell"
"574",1,"predict_GSE148071_LUNG_Epi_n5_GSE155698_Healthy_PBMC_1.csv","GSE155698 HD1
n=2720","5","Specificity",1,"Primary cancer cell"
"575",1,"predict_GSE148071_LUNG_Epi_n5_GSE199994_HD1.csv","GSE199994 HD1
n=7032","5","Specificity",1,"Primary cancer cell"
"576",1,"predict_GSE148071_LUNG_Epi_n500_GSE155698_Healthy_PBMC_1.csv","GSE155698 HD1
n=2720","500","Specificity",1,"Primary cancer cell"
"577",1,"predict_GSE148071_LUNG_Epi_n500_GSE199994_HD1.csv","GSE199994 HD1
n=7032","500","Specificity",1,"Primary cancer cell"
"578",1,"predict_GSE149614_HCC_Epi_n10_GSE155698_Healthy_PBMC_1.csv","GSE155698 HD1
n=2720","10","Specificity",1,"Primary cancer cell"
"579",1,"predict_GSE149614_HCC_Epi_n10_GSE199994_HD1.csv","GSE199994 HD1
n=7032","10","Specificity",1,"Primary cancer cell"
"580",1,"predict_GSE149614_HCC_Epi_n100_GSE155698_Healthy_PBMC_1.csv","GSE155698 HD1
n=2720","100","Specificity",1,"Primary cancer cell"
"581",1,"predict_GSE149614_HCC_Epi_n100_GSE199994_HD1.csv","GSE199994 HD1
n=7032","100","Specificity",1,"Primary cancer cell"
"582",1,"predict_GSE149614_HCC_Epi_n20_GSE155698_Healthy_PBMC_1.csv","GSE155698 HD1
n=2720","20","Specificity",1,"Primary cancer cell"
"583",1,"predict_GSE149614_HCC_Epi_n20_GSE199994_HD1.csv","GSE199994 HD1
n=7032","20","Specificity",1,"Primary cancer cell"
"584",1,"predict_GSE149614_HCC_Epi_n5_GSE155698_Healthy_PBMC_1.csv","GSE155698 HD1
n=2720","5","Specificity",1,"Primary cancer cell"
"585",1,"predict_GSE149614_HCC_Epi_n5_GSE199994_HD1.csv","GSE199994 HD1
n=7032","5","Specificity",1,"Primary cancer cell"
"586",1,"predict_GSE149614_HCC_Epi_n500_GSE155698_Healthy_PBMC_1.csv","GSE155698 HD1
n=2720","500","Specificity",1,"Primary cancer cell"
"587",1,"predict_GSE149614_HCC_Epi_n500_GSE199994_HD1.csv","GSE199994 HD1
n=7032","500","Specificity",1,"Primary cancer cell"
"588",1,"predict_GSE150430_NPC_Epi_n10_GSE155698_Healthy_PBMC_1.csv","GSE155698 HD1
n=2720","10","Specificity",1,"Primary cancer cell"
"589",1,"predict_GSE150430_NPC_Epi_n10_GSE199994_HD1.csv","GSE199994 HD1
n=7032","10","Specificity",1,"Primary cancer cell"
"590",1,"predict_GSE150430_NPC_Epi_n100_GSE155698_Healthy_PBMC_1.csv","GSE155698 HD1
n=2720","100","Specificity",1,"Primary cancer cell"
"591",1,"predict_GSE150430_NPC_Epi_n100_GSE199994_HD1.csv","GSE199994 HD1
n=7032","100","Specificity",1,"Primary cancer cell"
"592",1,"predict_GSE150430_NPC_Epi_n20_GSE155698_Healthy_PBMC_1.csv","GSE155698 HD1
n=2720","20","Specificity",1,"Primary cancer cell"
"593",1,"predict_GSE150430_NPC_Epi_n20_GSE199994_HD1.csv","GSE199994 HD1
n=7032","20","Specificity",1,"Primary cancer cell"
"594",1,"predict_GSE150430_NPC_Epi_n5_GSE155698_Healthy_PBMC_1.csv","GSE155698 HD1
n=2720","5","Specificity",1,"Primary cancer cell"
"595",1,"predict_GSE150430_NPC_Epi_n5_GSE199994_HD1.csv","GSE199994 HD1
n=7032","5","Specificity",1,"Primary cancer cell"
"596",0.999689440993789,"predict_GSE150430_NPC_Epi_n500_GSE155698_Healthy_PBMC_1.csv","GSE155698 HD1
n=2720","500","Specificity",1,"Primary cancer cell"
"597",0.999867233138609,"predict_GSE150430_NPC_Epi_n500_GSE199994_HD1.csv","GSE199994 HD1
n=7032","500","Specificity",1,"Primary cancer cell"
"598",1,"predict_GSE150825_NPC_Epi_n10_GSE155698_Healthy_PBMC_1.csv","GSE155698 HD1
n=2720","10","Specificity",1,"Primary cancer cell"
"599",1,"predict_GSE150825_NPC_Epi_n10_GSE199994_HD1.csv","GSE199994 HD1
n=7032","10","Specificity",1,"Primary cancer cell"
"600",1,"predict_GSE150825_NPC_Epi_n20_GSE155698_Healthy_PBMC_1.csv","GSE155698 HD1
n=2720","20","Specificity",1,"Primary cancer cell"
"601",1,"predict_GSE150825_NPC_Epi_n20_GSE199994_HD1.csv","GSE199994 HD1
n=7032","20","Specificity",1,"Primary cancer cell"
"602",1,"predict_GSE150825_NPC_Epi_n5_GSE155698_Healthy_PBMC_1.csv","GSE155698 HD1
n=2720","5","Specificity",1,"Primary cancer cell"
"603",1,"predict_GSE150825_NPC_Epi_n5_GSE199994_HD1.csv","GSE199994 HD1
n=7032","5","Specificity",1,"Primary cancer cell"
"604",1,"predict_GSE155698_PDAC_Epi_n10_GSE155698_Healthy_PBMC_1.csv","GSE155698 HD1
n=2720","10","Specificity",1,"Primary cancer cell"
"605",1,"predict_GSE155698_PDAC_Epi_n10_GSE199994_HD1.csv","GSE155698 HD1
n=2720","10","Specificity",1,"Primary cancer cell"
"606",1,"predict_GSE155698_PDAC_Epi_n100_GSE155698_Healthy_PBMC_1.csv","GSE155698 HD1
n=2720","100","Specificity",1,"Primary cancer cell"
"607",1,"predict_GSE155698_PDAC_Epi_n100_GSE199994_HD1.csv","GSE155698 HD1
n=2720","100","Specificity",1,"Primary cancer cell"
"608",1,"predict_GSE155698_PDAC_Epi_n20_GSE155698_Healthy_PBMC_1.csv","GSE155698 HD1
n=2720","20","Specificity",1,"Primary cancer cell"
"609",1,"predict_GSE155698_PDAC_Epi_n20_GSE199994_HD1.csv","GSE155698 HD1
n=2720","20","Specificity",1,"Primary cancer cell"
"610",1,"predict_GSE155698_PDAC_Epi_n5_GSE155698_Healthy_PBMC_1.csv","GSE155698 HD1
n=2720","5","Specificity",1,"Primary cancer cell"
"611",1,"predict_GSE155698_PDAC_Epi_n5_GSE199994_HD1.csv","GSE155698 HD1
n=2720","5","Specificity",1,"Primary cancer cell"
"612",0.999068322981366,"predict_GSE155698_PDAC_Epi_n500_GSE155698_Healthy_PBMC_1.csv","GSE155698 HD1
n=2720","500","Specificity",1,"Primary cancer cell"
"613",0.999601699415826,"predict_GSE155698_PDAC_Epi_n500_GSE199994_HD1.csv","GSE155698 HD1
n=2720","500","Specificity",1,"Primary cancer cell"
"614",1,"predict_GSE162025_NPC_Epi_n10_GSE155698_Healthy_PBMC_1.csv","GSE155698 HD1
n=2720","10","Specificity",1,"Primary cancer cell"
"615",1,"predict_GSE162025_NPC_Epi_n10_GSE199994_HD1.csv","GSE199994 HD1
n=7032","10","Specificity",1,"Primary cancer cell"
"616",1,"predict_GSE162025_NPC_Epi_n100_GSE155698_Healthy_PBMC_1.csv","GSE155698 HD1
n=2720","100","Specificity",1,"Primary cancer cell"
"617",1,"predict_GSE162025_NPC_Epi_n100_GSE199994_HD1.csv","GSE199994 HD1
n=7032","100","Specificity",1,"Primary cancer cell"
"618",1,"predict_GSE162025_NPC_Epi_n20_GSE155698_Healthy_PBMC_1.csv","GSE155698 HD1
n=2720","20","Specificity",1,"Primary cancer cell"
"619",1,"predict_GSE162025_NPC_Epi_n20_GSE199994_HD1.csv","GSE199994 HD1
n=7032","20","Specificity",1,"Primary cancer cell"
"620",1,"predict_GSE162025_NPC_Epi_n5_GSE155698_Healthy_PBMC_1.csv","GSE155698 HD1
n=2720","5","Specificity",1,"Primary cancer cell"
"621",1,"predict_GSE162025_NPC_Epi_n5_GSE199994_HD1.csv","GSE199994 HD1
n=7032","5","Specificity",1,"Primary cancer cell"
"622",1,"predict_GSE168652_Cervix_Epi_n10_GSE155698_Healthy_PBMC_1.csv","GSE155698 HD1
n=2720","10","Specificity",1,"Primary cancer cell"
"623",1,"predict_GSE168652_Cervix_Epi_n10_GSE199994_HD1.csv","GSE199994 HD1
n=7032","10","Specificity",1,"Primary cancer cell"
"624",1,"predict_GSE168652_Cervix_Epi_n100_GSE155698_Healthy_PBMC_1.csv","GSE155698 HD1
n=2720","100","Specificity",1,"Primary cancer cell"
"625",1,"predict_GSE168652_Cervix_Epi_n100_GSE199994_HD1.csv","GSE199994 HD1
n=7032","100","Specificity",1,"Primary cancer cell"
"626",1,"predict_GSE168652_Cervix_Epi_n20_GSE155698_Healthy_PBMC_1.csv","GSE155698 HD1
n=2720","20","Specificity",1,"Primary cancer cell"
"627",1,"predict_GSE168652_Cervix_Epi_n20_GSE199994_HD1.csv","GSE199994 HD1
n=7032","20","Specificity",1,"Primary cancer cell"
"628",1,"predict_GSE168652_Cervix_Epi_n5_GSE155698_Healthy_PBMC_1.csv","GSE155698 HD1
n=2720","5","Specificity",1,"Primary cancer cell"
"629",1,"predict_GSE168652_Cervix_Epi_n5_GSE199994_HD1.csv","GSE199994 HD1
n=7032","5","Specificity",1,"Primary cancer cell"
"630",1,"predict_GSE168652_Cervix_Epi_n500_GSE155698_Healthy_PBMC_1.csv","GSE155698 HD1
n=2720","500","Specificity",1,"Primary cancer cell"
"631",1,"predict_GSE168652_Cervix_Epi_n500_GSE199994_HD1.csv","GSE199994 HD1
n=7032","500","Specificity",1,"Primary cancer cell"
"632",1,"predict_GSE173682_Endome_Epi_n10_GSE155698_Healthy_PBMC_1.csv","GSE155698 HD1
n=2720","10","Specificity",1,"Primary cancer cell"
"633",1,"predict_GSE173682_Endome_Epi_n10_GSE199994_HD1.csv","GSE199994 HD1
n=7032","10","Specificity",1,"Primary cancer cell"
"634",1,"predict_GSE173682_Endome_Epi_n100_GSE155698_Healthy_PBMC_1.csv","GSE155698 HD1
n=2720","100","Specificity",1,"Primary cancer cell"
"635",1,"predict_GSE173682_Endome_Epi_n100_GSE199994_HD1.csv","GSE199994 HD1
n=7032","100","Specificity",1,"Primary cancer cell"
"636",1,"predict_GSE173682_Endome_Epi_n20_GSE155698_Healthy_PBMC_1.csv","GSE155698 HD1
n=2720","20","Specificity",1,"Primary cancer cell"
"637",1,"predict_GSE173682_Endome_Epi_n20_GSE199994_HD1.csv","GSE199994 HD1
n=7032","20","Specificity",1,"Primary cancer cell"
"638",1,"predict_GSE173682_Endome_Epi_n5_GSE155698_Healthy_PBMC_1.csv","GSE155698 HD1
n=2720","5","Specificity",1,"Primary cancer cell"
"639",1,"predict_GSE173682_Endome_Epi_n5_GSE199994_HD1.csv","GSE199994 HD1
n=7032","5","Specificity",1,"Primary cancer cell"
"640",1,"predict_GSE173682_Endome_Epi_n500_GSE155698_Healthy_PBMC_1.csv","GSE155698 HD1
n=2720","500","Specificity",1,"Primary cancer cell"
"641",1,"predict_GSE173682_Endome_Epi_n500_GSE199994_HD1.csv","GSE199994 HD1
n=7032","500","Specificity",1,"Primary cancer cell"
"642",1,"predict_GSE173682_Ovarian_Epi_n10_GSE155698_Healthy_PBMC_1.csv","GSE155698 HD1
n=2720","10","Specificity",1,"Primary cancer cell"
"643",1,"predict_GSE173682_Ovarian_Epi_n10_GSE199994_HD1.csv","GSE199994 HD1
n=7032","10","Specificity",1,"Primary cancer cell"
"644",1,"predict_GSE173682_Ovarian_Epi_n100_GSE155698_Healthy_PBMC_1.csv","GSE155698 HD1
n=2720","100","Specificity",1,"Primary cancer cell"
"645",1,"predict_GSE173682_Ovarian_Epi_n100_GSE199994_HD1.csv","GSE199994 HD1
n=7032","100","Specificity",1,"Primary cancer cell"
"646",1,"predict_GSE173682_Ovarian_Epi_n20_GSE155698_Healthy_PBMC_1.csv","GSE155698 HD1
n=2720","20","Specificity",1,"Primary cancer cell"
"647",1,"predict_GSE173682_Ovarian_Epi_n20_GSE199994_HD1.csv","GSE199994 HD1
n=7032","20","Specificity",1,"Primary cancer cell"
"648",1,"predict_GSE173682_Ovarian_Epi_n5_GSE155698_Healthy_PBMC_1.csv","GSE155698 HD1
n=2720","5","Specificity",1,"Primary cancer cell"
"649",1,"predict_GSE173682_Ovarian_Epi_n5_GSE199994_HD1.csv","GSE199994 HD1
n=7032","5","Specificity",1,"Primary cancer cell"
"650",1,"predict_GSE173682_Ovarian_Epi_n500_GSE155698_Healthy_PBMC_1.csv","GSE155698 HD1
n=2720","500","Specificity",1,"Primary cancer cell"
"651",1,"predict_GSE173682_Ovarian_Epi_n500_GSE199994_HD1.csv","GSE199994 HD1
n=7032","500","Specificity",1,"Primary cancer cell"
"652",1,"predict_GSE176031_Prostate_Epi_n10_GSE155698_Healthy_PBMC_1.csv","GSE155698 HD1
n=2720","10","Specificity",1,"Primary cancer cell"
"653",1,"predict_GSE176031_Prostate_Epi_n10_GSE199994_HD1.csv","GSE199994 HD1
n=7032","10","Specificity",1,"Primary cancer cell"
"654",1,"predict_GSE176031_Prostate_Epi_n100_GSE155698_Healthy_PBMC_1.csv","GSE155698 HD1
n=2720","100","Specificity",1,"Primary cancer cell"
"655",1,"predict_GSE176031_Prostate_Epi_n100_GSE199994_HD1.csv","GSE199994 HD1
n=7032","100","Specificity",1,"Primary cancer cell"
"656",1,"predict_GSE176031_Prostate_Epi_n20_GSE155698_Healthy_PBMC_1.csv","GSE155698 HD1
n=2720","20","Specificity",1,"Primary cancer cell"
"657",1,"predict_GSE176031_Prostate_Epi_n20_GSE199994_HD1.csv","GSE199994 HD1
n=7032","20","Specificity",1,"Primary cancer cell"
"658",1,"predict_GSE176031_Prostate_Epi_n5_GSE155698_Healthy_PBMC_1.csv","GSE155698 HD1
n=2720","5","Specificity",1,"Primary cancer cell"
"659",1,"predict_GSE176031_Prostate_Epi_n5_GSE199994_HD1.csv","GSE199994 HD1
n=7032","5","Specificity",1,"Primary cancer cell"
"660",1,"predict_GSE176078_BC_Epi_n10_GSE155698_Healthy_PBMC_1.csv","GSE155698 HD1
n=2720","10","Specificity",1,"Primary cancer cell"
"661",1,"predict_GSE176078_BC_Epi_n10_GSE199994_HD1.csv","GSE199994 HD1
n=7032","10","Specificity",1,"Primary cancer cell"
"662",1,"predict_GSE176078_BC_Epi_n100_GSE155698_Healthy_PBMC_1.csv","GSE155698 HD1
n=2720","100","Specificity",1,"Primary cancer cell"
"663",1,"predict_GSE176078_BC_Epi_n100_GSE199994_HD1.csv","GSE199994 HD1
n=7032","100","Specificity",1,"Primary cancer cell"
"664",1,"predict_GSE176078_BC_Epi_n20_GSE155698_Healthy_PBMC_1.csv","GSE155698 HD1
n=2720","20","Specificity",1,"Primary cancer cell"
"665",1,"predict_GSE176078_BC_Epi_n20_GSE199994_HD1.csv","GSE199994 HD1
n=7032","20","Specificity",1,"Primary cancer cell"
"666",1,"predict_GSE176078_BC_Epi_n5_GSE155698_Healthy_PBMC_1.csv","GSE155698 HD1
n=2720","5","Specificity",1,"Primary cancer cell"
"667",1,"predict_GSE176078_BC_Epi_n5_GSE199994_HD1.csv","GSE199994 HD1
n=7032","5","Specificity",1,"Primary cancer cell"
"668",1,"predict_GSE176078_BC_Epi_n500_GSE155698_Healthy_PBMC_1.csv","GSE155698 HD1
n=2720","500","Specificity",1,"Primary cancer cell"
"669",1,"predict_GSE176078_BC_Epi_n500_GSE199994_HD1.csv","GSE199994 HD1
n=7032","500","Specificity",1,"Primary cancer cell"
"670",1,"predict_GSE178318_CRC_Epi_n10_GSE155698_Healthy_PBMC_1.csv","GSE155698 HD1
n=2720","10","Specificity",1,"Primary cancer cell"
"671",1,"predict_GSE178318_CRC_Epi_n10_GSE199994_HD1.csv","GSE199994 HD1
n=7032","10","Specificity",1,"Primary cancer cell"
"672",1,"predict_GSE178318_CRC_Epi_n100_GSE155698_Healthy_PBMC_1.csv","GSE155698 HD1
n=2720","100","Specificity",1,"Primary cancer cell"
"673",1,"predict_GSE178318_CRC_Epi_n100_GSE199994_HD1.csv","GSE199994 HD1
n=7032","100","Specificity",1,"Primary cancer cell"
"674",1,"predict_GSE178318_CRC_Epi_n20_GSE155698_Healthy_PBMC_1.csv","GSE155698 HD1
n=2720","20","Specificity",1,"Primary cancer cell"
"675",1,"predict_GSE178318_CRC_Epi_n20_GSE199994_HD1.csv","GSE199994 HD1
n=7032","20","Specificity",1,"Primary cancer cell"
"676",1,"predict_GSE178318_CRC_Epi_n5_GSE155698_Healthy_PBMC_1.csv","GSE155698 HD1
n=2720","5","Specificity",1,"Primary cancer cell"
"677",1,"predict_GSE178318_CRC_Epi_n5_GSE199994_HD1.csv","GSE199994 HD1
n=7032","5","Specificity",1,"Primary cancer cell"
"678",1,"predict_GSE178318_CRC_Epi_n500_GSE155698_Healthy_PBMC_1.csv","GSE155698 HD1
n=2720","500","Specificity",1,"Primary cancer cell"
"679",1,"predict_GSE178318_CRC_Epi_n500_GSE199994_HD1.csv","GSE199994 HD1
n=7032","500","Specificity",1,"Primary cancer cell"
"680",1,"predict_GSE193337_Prostate_Epi_n10_GSE155698_Healthy_PBMC_1.csv","GSE155698 HD1
n=2720","10","Specificity",1,"Primary cancer cell"
"681",1,"predict_GSE193337_Prostate_Epi_n10_GSE199994_HD1.csv","GSE199994 HD1
n=7032","10","Specificity",1,"Primary cancer cell"
"682",1,"predict_GSE193337_Prostate_Epi_n100_GSE155698_Healthy_PBMC_1.csv","GSE155698 HD1
n=2720","100","Specificity",1,"Primary cancer cell"
"683",1,"predict_GSE193337_Prostate_Epi_n100_GSE199994_HD1.csv","GSE199994 HD1
n=7032","100","Specificity",1,"Primary cancer cell"
"684",1,"predict_GSE193337_Prostate_Epi_n20_GSE155698_Healthy_PBMC_1.csv","GSE155698 HD1
n=2720","20","Specificity",1,"Primary cancer cell"
"685",1,"predict_GSE193337_Prostate_Epi_n20_GSE199994_HD1.csv","GSE199994 HD1
n=7032","20","Specificity",1,"Primary cancer cell"
"686",1,"predict_GSE193337_Prostate_Epi_n5_GSE155698_Healthy_PBMC_1.csv","GSE155698 HD1
n=2720","5","Specificity",1,"Primary cancer cell"
"687",1,"predict_GSE193337_Prostate_Epi_n5_GSE199994_HD1.csv","GSE199994 HD1
n=7032","5","Specificity",1,"Primary cancer cell"
"688",0.999689440993789,"predict_GSE193337_Prostate_Epi_n500_GSE155698_Healthy_PBMC_1.csv","GSE155698 HD1
n=2720","500","Specificity",1,"Primary cancer cell"
"689",0.999867233138609,"predict_GSE193337_Prostate_Epi_n500_GSE199994_HD1.csv","GSE199994 HD1
n=7032","500","Specificity",1,"Primary cancer cell"
"690",1,"predict_GSE215120_Melanoma_n10_GSE155698_Healthy_PBMC_1.csv","GSE155698 HD1
n=2720","10","Specificity",1,"Primary cancer cell"
"691",1,"predict_GSE215120_Melanoma_n10_GSE199994_HD1.csv","GSE199994 HD1
n=7032","10","Specificity",1,"Primary cancer cell"
"692",1,"predict_GSE215120_Melanoma_n100_GSE155698_Healthy_PBMC_1.csv","GSE155698 HD1
n=2720","100","Specificity",1,"Primary cancer cell"
"693",1,"predict_GSE215120_Melanoma_n100_GSE199994_HD1.csv","GSE199994 HD1
n=7032","100","Specificity",1,"Primary cancer cell"
"694",1,"predict_GSE215120_Melanoma_n20_GSE155698_Healthy_PBMC_1.csv","GSE155698 HD1
n=2720","20","Specificity",1,"Primary cancer cell"
"695",1,"predict_GSE215120_Melanoma_n20_GSE199994_HD1.csv","GSE199994 HD1
n=7032","20","Specificity",1,"Primary cancer cell"
"696",1,"predict_GSE215120_Melanoma_n5_GSE155698_Healthy_PBMC_1.csv","GSE155698 HD1
n=2720","5","Specificity",1,"Primary cancer cell"
"697",1,"predict_GSE215120_Melanoma_n5_GSE199994_HD1.csv","GSE199994 HD1
n=7032","5","Specificity",1,"Primary cancer cell"
"698",0.999689440993789,"predict_GSE215120_Melanoma_n500_GSE155698_Healthy_PBMC_1.csv","GSE155698 HD1
n=2720","500","Specificity",1,"Primary cancer cell"
"699",0.999867233138609,"predict_GSE215120_Melanoma_n500_GSE199994_HD1.csv","GSE199994 HD1
n=7032","500","Specificity",1,"Primary cancer cell"
"700",1,"predict_GSM3946506_Mela_cl_n10_GSE155698_Healthy_PBMC_1.csv","GSE155698 HD1
n=2720","10","Specificity",1,"Primary cancer cell"
"701",1,"predict_GSM3946506_Mela_cl_n10_GSE199994_HD1.csv","GSE199994 HD1
n=7032","10","Specificity",1,"Primary cancer cell"
"702",1,"predict_GSM3946506_Mela_cl_n100_GSE155698_Healthy_PBMC_1.csv","GSE155698 HD1
n=2720","100","Specificity",1,"Primary cancer cell"
"703",1,"predict_GSM3946506_Mela_cl_n100_GSE199994_HD1.csv","GSE199994 HD1
n=7032","100","Specificity",1,"Primary cancer cell"
"704",1,"predict_GSM3946506_Mela_cl_n20_GSE155698_Healthy_PBMC_1.csv","GSE155698 HD1
n=2720","20","Specificity",1,"Primary cancer cell"
"705",1,"predict_GSM3946506_Mela_cl_n20_GSE199994_HD1.csv","GSE199994 HD1
n=7032","20","Specificity",1,"Primary cancer cell"
"706",1,"predict_GSM3946506_Mela_cl_n5_GSE155698_Healthy_PBMC_1.csv","GSE155698 HD1
n=2720","5","Specificity",1,"Primary cancer cell"
"707",1,"predict_GSM3946506_Mela_cl_n5_GSE199994_HD1.csv","GSE199994 HD1
n=7032","5","Specificity",1,"Primary cancer cell"
"708",1,"predict_OMIX001073_GC_Epi_n10_GSE155698_Healthy_PBMC_1.csv","GSE155698 HD1
n=2720","10","Specificity",1,"Primary cancer cell"
"709",1,"predict_OMIX001073_GC_Epi_n10_GSE199994_HD1.csv","GSE199994 HD1
n=7032","10","Specificity",1,"Primary cancer cell"
"710",1,"predict_OMIX001073_GC_Epi_n100_GSE155698_Healthy_PBMC_1.csv","GSE155698 HD1
n=2720","100","Specificity",1,"Primary cancer cell"
"711",1,"predict_OMIX001073_GC_Epi_n100_GSE199994_HD1.csv","GSE199994 HD1
n=7032","100","Specificity",1,"Primary cancer cell"
"712",1,"predict_OMIX001073_GC_Epi_n20_GSE155698_Healthy_PBMC_1.csv","GSE155698 HD1
n=2720","20","Specificity",1,"Primary cancer cell"
"713",1,"predict_OMIX001073_GC_Epi_n20_GSE199994_HD1.csv","GSE199994 HD1
n=7032","20","Specificity",1,"Primary cancer cell"
"714",1,"predict_OMIX001073_GC_Epi_n5_GSE155698_Healthy_PBMC_1.csv","GSE155698 HD1
n=2720","5","Specificity",1,"Primary cancer cell"
"715",1,"predict_OMIX001073_GC_Epi_n5_GSE199994_HD1.csv","GSE199994 HD1
n=7032","5","Specificity",1,"Primary cancer cell"
"716",1,"predict_OMIX001073_GC_Epi_n500_GSE155698_Healthy_PBMC_1.csv","GSE155698 HD1
n=2720","500","Specificity",1,"Primary cancer cell"
"717",1,"predict_OMIX001073_GC_Epi_n500_GSE199994_HD1.csv","GSE199994 HD1
n=7032","500","Specificity",1,"Primary cancer cell"
"718",1,"CancerCellpseudoPBMC_10000_E-MTAB-11948_Cervix_Epi_n10.csv","Immune cells
n=10000","10","Sensitivity",1,"Primary cancer cell"
"719",1,"CancerCellpseudoPBMC_10000_E-MTAB-11948_Cervix_Epi_n100.csv","Immune cells
n=10000","100","Sensitivity",1,"Primary cancer cell"
"720",1,"CancerCellpseudoPBMC_10000_E-MTAB-11948_Cervix_Epi_n20.csv","Immune cells
n=10000","20","Sensitivity",1,"Primary cancer cell"
"721",1,"CancerCellpseudoPBMC_10000_E-MTAB-11948_Cervix_Epi_n5.csv","Immune cells
n=10000","5","Sensitivity",1,"Primary cancer cell"
"722",1,"CancerCellpseudoPBMC_10000_E-MTAB-11948_Cervix_Epi_n500.csv","Immune cells
n=10000","500","Sensitivity",1,"Primary cancer cell"
"723",1,"CancerCellpseudoPBMC_10000_GSE127465_NSCLC2019_Epi_n10.csv","Immune cells
n=10000","10","Sensitivity",1,"Primary cancer cell"
"724",1,"CancerCellpseudoPBMC_10000_GSE127465_NSCLC2019_Epi_n100.csv","Immune cells
n=10000","100","Sensitivity",1,"Primary cancer cell"
"725",1,"CancerCellpseudoPBMC_10000_GSE127465_NSCLC2019_Epi_n20.csv","Immune cells
n=10000","20","Sensitivity",1,"Primary cancer cell"
"726",1,"CancerCellpseudoPBMC_10000_GSE127465_NSCLC2019_Epi_n5.csv","Immune cells
n=10000","5","Sensitivity",1,"Primary cancer cell"
"727",1,"CancerCellpseudoPBMC_10000_GSE132465_CRC_Epi_n10.csv","Immune cells
n=10000","10","Sensitivity",1,"Primary cancer cell"
"728",1,"CancerCellpseudoPBMC_10000_GSE132465_CRC_Epi_n100.csv","Immune cells
n=10000","100","Sensitivity",1,"Primary cancer cell"
"729",1,"CancerCellpseudoPBMC_10000_GSE132465_CRC_Epi_n20.csv","Immune cells
n=10000","20","Sensitivity",1,"Primary cancer cell"
"730",1,"CancerCellpseudoPBMC_10000_GSE132465_CRC_Epi_n5.csv","Immune cells
n=10000","5","Sensitivity",1,"Primary cancer cell"
"731",1,"CancerCellpseudoPBMC_10000_GSE132465_CRC_Epi_n500.csv","Immune cells
n=10000","500","Sensitivity",1,"Primary cancer cell"
"732",1,"CancerCellpseudoPBMC_10000_GSE148071_LUNG_Epi_n10.csv","Immune cells
n=10000","10","Sensitivity",1,"Primary cancer cell"
"733",1,"CancerCellpseudoPBMC_10000_GSE148071_LUNG_Epi_n100.csv","Immune cells
n=10000","100","Sensitivity",1,"Primary cancer cell"
"734",1,"CancerCellpseudoPBMC_10000_GSE148071_LUNG_Epi_n20.csv","Immune cells
n=10000","20","Sensitivity",1,"Primary cancer cell"
"735",1,"CancerCellpseudoPBMC_10000_GSE148071_LUNG_Epi_n5.csv","Immune cells
n=10000","5","Sensitivity",1,"Primary cancer cell"
"736",1,"CancerCellpseudoPBMC_10000_GSE148071_LUNG_Epi_n500.csv","Immune cells
n=10000","500","Sensitivity",1,"Primary cancer cell"
"737",1,"CancerCellpseudoPBMC_10000_GSE149614_HCC_Epi_n10.csv","Immune cells
n=10000","10","Sensitivity",1,"Primary cancer cell"
"738",1,"CancerCellpseudoPBMC_10000_GSE149614_HCC_Epi_n100.csv","Immune cells
n=10000","100","Sensitivity",1,"Primary cancer cell"
"739",1,"CancerCellpseudoPBMC_10000_GSE149614_HCC_Epi_n20.csv","Immune cells
n=10000","20","Sensitivity",1,"Primary cancer cell"
"740",1,"CancerCellpseudoPBMC_10000_GSE149614_HCC_Epi_n5.csv","Immune cells
n=10000","5","Sensitivity",1,"Primary cancer cell"
"741",1,"CancerCellpseudoPBMC_10000_GSE149614_HCC_Epi_n500.csv","Immune cells
n=10000","500","Sensitivity",1,"Primary cancer cell"
"742",1,"CancerCellpseudoPBMC_10000_GSE150430_NPC_Epi_n10.csv","Immune cells
n=10000","10","Sensitivity",1,"Primary cancer cell"
"743",1,"CancerCellpseudoPBMC_10000_GSE150430_NPC_Epi_n100.csv","Immune cells
n=10000","100","Sensitivity",1,"Primary cancer cell"
"744",1,"CancerCellpseudoPBMC_10000_GSE150430_NPC_Epi_n20.csv","Immune cells
n=10000","20","Sensitivity",1,"Primary cancer cell"
"745",1,"CancerCellpseudoPBMC_10000_GSE150430_NPC_Epi_n5.csv","Immune cells
n=10000","5","Sensitivity",1,"Primary cancer cell"
"746",0.999904761904762,"CancerCellpseudoPBMC_10000_GSE150430_NPC_Epi_n500.csv","Immune cells
n=10000","500","Sensitivity",0.998,"Primary cancer cell"
"747",1,"CancerCellpseudoPBMC_10000_GSE150825_NPC_Epi_n10.csv","Immune cells
n=10000","10","Sensitivity",1,"Primary cancer cell"
"748",1,"CancerCellpseudoPBMC_10000_GSE150825_NPC_Epi_n20.csv","Immune cells
n=10000","20","Sensitivity",1,"Primary cancer cell"
"749",1,"CancerCellpseudoPBMC_10000_GSE150825_NPC_Epi_n5.csv","Immune cells
n=10000","5","Sensitivity",1,"Primary cancer cell"
"750",1,"CancerCellpseudoPBMC_10000_GSE150825_NPC_Epi_n50.csv","Immune cells
n=10000","5","Sensitivity",1,"Primary cancer cell"
"751",1,"CancerCellpseudoPBMC_10000_GSE155698_PDAC_Epi_n10.csv","Immune cells
n=10000","10","Sensitivity",1,"Primary cancer cell"
"752",1,"CancerCellpseudoPBMC_10000_GSE155698_PDAC_Epi_n100.csv","Immune cells
n=10000","100","Sensitivity",1,"Primary cancer cell"
"753",1,"CancerCellpseudoPBMC_10000_GSE155698_PDAC_Epi_n20.csv","Immune cells
n=10000","20","Sensitivity",1,"Primary cancer cell"
"754",1,"CancerCellpseudoPBMC_10000_GSE155698_PDAC_Epi_n5.csv","Immune cells
n=10000","5","Sensitivity",1,"Primary cancer cell"
"755",0.999714285714286,"CancerCellpseudoPBMC_10000_GSE155698_PDAC_Epi_n500.csv","Immune cells
n=10000","500","Sensitivity",0.994,"Primary cancer cell"
"756",1,"CancerCellpseudoPBMC_10000_GSE162025_NPC_Epi_n10.csv","Immune cells
n=10000","10","Sensitivity",1,"Primary cancer cell"
"757",1,"CancerCellpseudoPBMC_10000_GSE162025_NPC_Epi_n100.csv","Immune cells
n=10000","100","Sensitivity",1,"Primary cancer cell"
"758",1,"CancerCellpseudoPBMC_10000_GSE162025_NPC_Epi_n20.csv","Immune cells
n=10000","20","Sensitivity",1,"Primary cancer cell"
"759",1,"CancerCellpseudoPBMC_10000_GSE162025_NPC_Epi_n5.csv","Immune cells
n=10000","5","Sensitivity",1,"Primary cancer cell"
"760",1,"CancerCellpseudoPBMC_10000_GSE168652_Cervix_Epi_n10.csv","Immune cells
n=10000","10","Sensitivity",1,"Primary cancer cell"
"761",1,"CancerCellpseudoPBMC_10000_GSE168652_Cervix_Epi_n100.csv","Immune cells
n=10000","100","Sensitivity",1,"Primary cancer cell"
"762",1,"CancerCellpseudoPBMC_10000_GSE168652_Cervix_Epi_n20.csv","Immune cells
n=10000","20","Sensitivity",1,"Primary cancer cell"
"763",1,"CancerCellpseudoPBMC_10000_GSE168652_Cervix_Epi_n5.csv","Immune cells
n=10000","5","Sensitivity",1,"Primary cancer cell"
"764",1,"CancerCellpseudoPBMC_10000_GSE168652_Cervix_Epi_n500.csv","Immune cells
n=10000","500","Sensitivity",1,"Primary cancer cell"
"765",1,"CancerCellpseudoPBMC_10000_GSE173682_Endome_Epi_n10.csv","Immune cells
n=10000","10","Sensitivity",1,"Primary cancer cell"
"766",1,"CancerCellpseudoPBMC_10000_GSE173682_Endome_Epi_n100.csv","Immune cells
n=10000","100","Sensitivity",1,"Primary cancer cell"
"767",1,"CancerCellpseudoPBMC_10000_GSE173682_Endome_Epi_n20.csv","Immune cells
n=10000","20","Sensitivity",1,"Primary cancer cell"
"768",1,"CancerCellpseudoPBMC_10000_GSE173682_Endome_Epi_n5.csv","Immune cells
n=10000","5","Sensitivity",1,"Primary cancer cell"
"769",1,"CancerCellpseudoPBMC_10000_GSE173682_Endome_Epi_n500.csv","Immune cells
n=10000","500","Sensitivity",1,"Primary cancer cell"
"770",1,"CancerCellpseudoPBMC_10000_GSE173682_Ovarian_Epi_n10.csv","Immune cells
n=10000","10","Sensitivity",1,"Primary cancer cell"
"771",1,"CancerCellpseudoPBMC_10000_GSE173682_Ovarian_Epi_n100.csv","Immune cells
n=10000","100","Sensitivity",1,"Primary cancer cell"
"772",1,"CancerCellpseudoPBMC_10000_GSE173682_Ovarian_Epi_n20.csv","Immune cells
n=10000","20","Sensitivity",1,"Primary cancer cell"
"773",1,"CancerCellpseudoPBMC_10000_GSE173682_Ovarian_Epi_n5.csv","Immune cells
n=10000","5","Sensitivity",1,"Primary cancer cell"
"774",1,"CancerCellpseudoPBMC_10000_GSE173682_Ovarian_Epi_n500.csv","Immune cells
n=10000","500","Sensitivity",1,"Primary cancer cell"
"775",1,"CancerCellpseudoPBMC_10000_GSE176031_Prostate_Epi_n10.csv","Immune cells
n=10000","10","Sensitivity",1,"Primary cancer cell"
"776",1,"CancerCellpseudoPBMC_10000_GSE176031_Prostate_Epi_n100.csv","Immune cells
n=10000","100","Sensitivity",1,"Primary cancer cell"
"777",1,"CancerCellpseudoPBMC_10000_GSE176031_Prostate_Epi_n20.csv","Immune cells
n=10000","20","Sensitivity",1,"Primary cancer cell"
"778",1,"CancerCellpseudoPBMC_10000_GSE176031_Prostate_Epi_n5.csv","Immune cells
n=10000","5","Sensitivity",1,"Primary cancer cell"
"779",1,"CancerCellpseudoPBMC_10000_GSE176078_BC_Epi_n10.csv","Immune cells
n=10000","10","Sensitivity",1,"Primary cancer cell"
"780",1,"CancerCellpseudoPBMC_10000_GSE176078_BC_Epi_n100.csv","Immune cells
n=10000","100","Sensitivity",1,"Primary cancer cell"
"781",1,"CancerCellpseudoPBMC_10000_GSE176078_BC_Epi_n20.csv","Immune cells
n=10000","20","Sensitivity",1,"Primary cancer cell"
"782",1,"CancerCellpseudoPBMC_10000_GSE176078_BC_Epi_n5.csv","Immune cells
n=10000","5","Sensitivity",1,"Primary cancer cell"
"783",1,"CancerCellpseudoPBMC_10000_GSE176078_BC_Epi_n500.csv","Immune cells
n=10000","500","Sensitivity",1,"Primary cancer cell"
"784",1,"CancerCellpseudoPBMC_10000_GSE178318_CRC_Epi_n10.csv","Immune cells
n=10000","10","Sensitivity",1,"Primary cancer cell"
"785",1,"CancerCellpseudoPBMC_10000_GSE178318_CRC_Epi_n100.csv","Immune cells
n=10000","100","Sensitivity",1,"Primary cancer cell"
"786",1,"CancerCellpseudoPBMC_10000_GSE178318_CRC_Epi_n20.csv","Immune cells
n=10000","20","Sensitivity",1,"Primary cancer cell"
"787",1,"CancerCellpseudoPBMC_10000_GSE178318_CRC_Epi_n5.csv","Immune cells
n=10000","5","Sensitivity",1,"Primary cancer cell"
"788",1,"CancerCellpseudoPBMC_10000_GSE178318_CRC_Epi_n500.csv","Immune cells
n=10000","500","Sensitivity",1,"Primary cancer cell"
"789",1,"CancerCellpseudoPBMC_10000_GSE193337_Prostate_Epi_n10.csv","Immune cells
n=10000","10","Sensitivity",1,"Primary cancer cell"
"790",1,"CancerCellpseudoPBMC_10000_GSE193337_Prostate_Epi_n100.csv","Immune cells
n=10000","100","Sensitivity",1,"Primary cancer cell"
"791",1,"CancerCellpseudoPBMC_10000_GSE193337_Prostate_Epi_n20.csv","Immune cells
n=10000","20","Sensitivity",1,"Primary cancer cell"
"792",1,"CancerCellpseudoPBMC_10000_GSE193337_Prostate_Epi_n5.csv","Immune cells
n=10000","5","Sensitivity",1,"Primary cancer cell"
"793",0.999904761904762,"CancerCellpseudoPBMC_10000_GSE193337_Prostate_Epi_n500.csv","Immune cells
n=10000","500","Sensitivity",0.998,"Primary cancer cell"
"794",1,"CancerCellpseudoPBMC_10000_GSE215120_Melanoma_n10.csv","Immune cells
n=10000","10","Sensitivity",1,"Primary cancer cell"
"795",1,"CancerCellpseudoPBMC_10000_GSE215120_Melanoma_n100.csv","Immune cells
n=10000","100","Sensitivity",1,"Primary cancer cell"
"796",1,"CancerCellpseudoPBMC_10000_GSE215120_Melanoma_n20.csv","Immune cells
n=10000","20","Sensitivity",1,"Primary cancer cell"
"797",1,"CancerCellpseudoPBMC_10000_GSE215120_Melanoma_n5.csv","Immune cells
n=10000","5","Sensitivity",1,"Primary cancer cell"
"798",0.999904761904762,"CancerCellpseudoPBMC_10000_GSE215120_Melanoma_n500.csv","Immune cells
n=10000","500","Sensitivity",0.998,"Primary cancer cell"
"799",1,"CancerCellpseudoPBMC_10000_GSM3946506_Mela_cl_n10.csv","Immune cells
n=10000","10","Sensitivity",1,"Primary cancer cell"
"800",1,"CancerCellpseudoPBMC_10000_GSM3946506_Mela_cl_n100.csv","Immune cells
n=10000","100","Sensitivity",1,"Primary cancer cell"
"801",1,"CancerCellpseudoPBMC_10000_GSM3946506_Mela_cl_n20.csv","Immune cells
n=10000","20","Sensitivity",1,"Primary cancer cell"
"802",1,"CancerCellpseudoPBMC_10000_GSM3946506_Mela_cl_n5.csv","Immune cells
n=10000","5","Sensitivity",1,"Primary cancer cell"
"803",1,"CancerCellpseudoPBMC_10000_OMIX001073_GC_Epi_n10.csv","Immune cells
n=10000","10","Sensitivity",1,"Primary cancer cell"
"804",1,"CancerCellpseudoPBMC_10000_OMIX001073_GC_Epi_n100.csv","Immune cells
n=10000","100","Sensitivity",1,"Primary cancer cell"
"805",1,"CancerCellpseudoPBMC_10000_OMIX001073_GC_Epi_n20.csv","Immune cells
n=10000","20","Sensitivity",1,"Primary cancer cell"
"806",1,"CancerCellpseudoPBMC_10000_OMIX001073_GC_Epi_n5.csv","Immune cells
n=10000","5","Sensitivity",1,"Primary cancer cell"
"807",1,"CancerCellpseudoPBMC_10000_OMIX001073_GC_Epi_n500.csv","Immune cells
n=10000","500","Sensitivity",1,"Primary cancer cell"
"808",1,"CancerCellpseudoPBMC_7500_E-MTAB-11948_Cervix_Epi_n10.csv","Immune cells
n=7500","10","Sensitivity",1,"Primary cancer cell"
"809",1,"CancerCellpseudoPBMC_7500_E-MTAB-11948_Cervix_Epi_n100.csv","Immune cells
n=7500","100","Sensitivity",1,"Primary cancer cell"
"810",1,"CancerCellpseudoPBMC_7500_E-MTAB-11948_Cervix_Epi_n20.csv","Immune cells
n=7500","20","Sensitivity",1,"Primary cancer cell"
"811",1,"CancerCellpseudoPBMC_7500_E-MTAB-11948_Cervix_Epi_n5.csv","Immune cells
n=7500","5","Sensitivity",1,"Primary cancer cell"
"812",1,"CancerCellpseudoPBMC_7500_E-MTAB-11948_Cervix_Epi_n500.csv","Immune cells
n=7500","500","Sensitivity",1,"Primary cancer cell"
"813",1,"CancerCellpseudoPBMC_7500_GSE127465_NSCLC2019_Epi_n10.csv","Immune cells
n=7500","10","Sensitivity",1,"Primary cancer cell"
"814",1,"CancerCellpseudoPBMC_7500_GSE127465_NSCLC2019_Epi_n100.csv","Immune cells
n=7500","100","Sensitivity",1,"Primary cancer cell"
"815",1,"CancerCellpseudoPBMC_7500_GSE127465_NSCLC2019_Epi_n20.csv","Immune cells
n=7500","20","Sensitivity",1,"Primary cancer cell"
"816",1,"CancerCellpseudoPBMC_7500_GSE127465_NSCLC2019_Epi_n5.csv","Immune cells
n=7500","5","Sensitivity",1,"Primary cancer cell"
"817",1,"CancerCellpseudoPBMC_7500_GSE132465_CRC_Epi_n10.csv","Immune cells
n=7500","10","Sensitivity",1,"Primary cancer cell"
"818",1,"CancerCellpseudoPBMC_7500_GSE132465_CRC_Epi_n100.csv","Immune cells
n=7500","100","Sensitivity",1,"Primary cancer cell"
"819",1,"CancerCellpseudoPBMC_7500_GSE132465_CRC_Epi_n20.csv","Immune cells
n=7500","20","Sensitivity",1,"Primary cancer cell"
"820",1,"CancerCellpseudoPBMC_7500_GSE132465_CRC_Epi_n5.csv","Immune cells
n=7500","5","Sensitivity",1,"Primary cancer cell"
"821",1,"CancerCellpseudoPBMC_7500_GSE132465_CRC_Epi_n500.csv","Immune cells
n=7500","500","Sensitivity",1,"Primary cancer cell"
"822",1,"CancerCellpseudoPBMC_7500_GSE148071_LUNG_Epi_n10.csv","Immune cells
n=7500","10","Sensitivity",1,"Primary cancer cell"
"823",1,"CancerCellpseudoPBMC_7500_GSE148071_LUNG_Epi_n100.csv","Immune cells
n=7500","100","Sensitivity",1,"Primary cancer cell"
"824",1,"CancerCellpseudoPBMC_7500_GSE148071_LUNG_Epi_n20.csv","Immune cells
n=7500","20","Sensitivity",1,"Primary cancer cell"
"825",1,"CancerCellpseudoPBMC_7500_GSE148071_LUNG_Epi_n5.csv","Immune cells
n=7500","5","Sensitivity",1,"Primary cancer cell"
"826",1,"CancerCellpseudoPBMC_7500_GSE148071_LUNG_Epi_n500.csv","Immune cells
n=7500","500","Sensitivity",1,"Primary cancer cell"
"827",1,"CancerCellpseudoPBMC_7500_GSE149614_HCC_Epi_n10.csv","Immune cells
n=7500","10","Sensitivity",1,"Primary cancer cell"
"828",1,"CancerCellpseudoPBMC_7500_GSE149614_HCC_Epi_n100.csv","Immune cells
n=7500","100","Sensitivity",1,"Primary cancer cell"
"829",1,"CancerCellpseudoPBMC_7500_GSE149614_HCC_Epi_n20.csv","Immune cells
n=7500","20","Sensitivity",1,"Primary cancer cell"
"830",1,"CancerCellpseudoPBMC_7500_GSE149614_HCC_Epi_n5.csv","Immune cells
n=7500","5","Sensitivity",1,"Primary cancer cell"
"831",1,"CancerCellpseudoPBMC_7500_GSE149614_HCC_Epi_n500.csv","Immune cells
n=7500","500","Sensitivity",1,"Primary cancer cell"
"832",1,"CancerCellpseudoPBMC_7500_GSE150430_NPC_Epi_n10.csv","Immune cells
n=7500","10","Sensitivity",1,"Primary cancer cell"
"833",1,"CancerCellpseudoPBMC_7500_GSE150430_NPC_Epi_n100.csv","Immune cells
n=7500","100","Sensitivity",1,"Primary cancer cell"
"834",1,"CancerCellpseudoPBMC_7500_GSE150430_NPC_Epi_n20.csv","Immune cells
n=7500","20","Sensitivity",1,"Primary cancer cell"
"835",1,"CancerCellpseudoPBMC_7500_GSE150430_NPC_Epi_n5.csv","Immune cells
n=7500","5","Sensitivity",1,"Primary cancer cell"
"836",0.999875,"CancerCellpseudoPBMC_7500_GSE150430_NPC_Epi_n500.csv","Immune cells
n=7500","500","Sensitivity",0.998,"Primary cancer cell"
"837",1,"CancerCellpseudoPBMC_7500_GSE150825_NPC_Epi_n10.csv","Immune cells
n=7500","10","Sensitivity",1,"Primary cancer cell"
"838",1,"CancerCellpseudoPBMC_7500_GSE150825_NPC_Epi_n20.csv","Immune cells
n=7500","20","Sensitivity",1,"Primary cancer cell"
"839",1,"CancerCellpseudoPBMC_7500_GSE150825_NPC_Epi_n5.csv","Immune cells
n=7500","5","Sensitivity",1,"Primary cancer cell"
"840",1,"CancerCellpseudoPBMC_7500_GSE155698_PDAC_Epi_n10.csv","Immune cells
n=7500","10","Sensitivity",1,"Primary cancer cell"
"841",1,"CancerCellpseudoPBMC_7500_GSE155698_PDAC_Epi_n100.csv","Immune cells
n=7500","100","Sensitivity",1,"Primary cancer cell"
"842",1,"CancerCellpseudoPBMC_7500_GSE155698_PDAC_Epi_n20.csv","Immune cells
n=7500","20","Sensitivity",1,"Primary cancer cell"
"843",1,"CancerCellpseudoPBMC_7500_GSE155698_PDAC_Epi_n5.csv","Immune cells
n=7500","5","Sensitivity",1,"Primary cancer cell"
"844",0.999625,"CancerCellpseudoPBMC_7500_GSE155698_PDAC_Epi_n500.csv","Immune cells
n=7500","500","Sensitivity",0.994,"Primary cancer cell"
"845",1,"CancerCellpseudoPBMC_7500_GSE162025_NPC_Epi_n10.csv","Immune cells
n=7500","10","Sensitivity",1,"Primary cancer cell"
"846",1,"CancerCellpseudoPBMC_7500_GSE162025_NPC_Epi_n100.csv","Immune cells
n=7500","100","Sensitivity",1,"Primary cancer cell"
"847",1,"CancerCellpseudoPBMC_7500_GSE162025_NPC_Epi_n20.csv","Immune cells
n=7500","20","Sensitivity",1,"Primary cancer cell"
"848",1,"CancerCellpseudoPBMC_7500_GSE162025_NPC_Epi_n5.csv","Immune cells
n=7500","5","Sensitivity",1,"Primary cancer cell"
"849",1,"CancerCellpseudoPBMC_7500_GSE168652_Cervix_Epi_n10.csv","Immune cells
n=7500","10","Sensitivity",1,"Primary cancer cell"
"850",1,"CancerCellpseudoPBMC_7500_GSE168652_Cervix_Epi_n100.csv","Immune cells
n=7500","100","Sensitivity",1,"Primary cancer cell"
"851",1,"CancerCellpseudoPBMC_7500_GSE168652_Cervix_Epi_n20.csv","Immune cells
n=7500","20","Sensitivity",1,"Primary cancer cell"
"852",1,"CancerCellpseudoPBMC_7500_GSE168652_Cervix_Epi_n5.csv","Immune cells
n=7500","5","Sensitivity",1,"Primary cancer cell"
"853",1,"CancerCellpseudoPBMC_7500_GSE168652_Cervix_Epi_n500.csv","Immune cells
n=7500","500","Sensitivity",1,"Primary cancer cell"
"854",1,"CancerCellpseudoPBMC_7500_GSE173682_Endome_Epi_n10.csv","Immune cells
n=7500","10","Sensitivity",1,"Primary cancer cell"
"855",1,"CancerCellpseudoPBMC_7500_GSE173682_Endome_Epi_n100.csv","Immune cells
n=7500","100","Sensitivity",1,"Primary cancer cell"
"856",1,"CancerCellpseudoPBMC_7500_GSE173682_Endome_Epi_n20.csv","Immune cells
n=7500","20","Sensitivity",1,"Primary cancer cell"
"857",1,"CancerCellpseudoPBMC_7500_GSE173682_Endome_Epi_n5.csv","Immune cells
n=7500","5","Sensitivity",1,"Primary cancer cell"
"858",1,"CancerCellpseudoPBMC_7500_GSE173682_Endome_Epi_n500.csv","Immune cells
n=7500","500","Sensitivity",1,"Primary cancer cell"
"859",1,"CancerCellpseudoPBMC_7500_GSE173682_Ovarian_Epi_n10.csv","Immune cells
n=7500","10","Sensitivity",1,"Primary cancer cell"
"860",1,"CancerCellpseudoPBMC_7500_GSE173682_Ovarian_Epi_n100.csv","Immune cells
n=7500","100","Sensitivity",1,"Primary cancer cell"
"861",1,"CancerCellpseudoPBMC_7500_GSE173682_Ovarian_Epi_n20.csv","Immune cells
n=7500","20","Sensitivity",1,"Primary cancer cell"
"862",1,"CancerCellpseudoPBMC_7500_GSE173682_Ovarian_Epi_n5.csv","Immune cells
n=7500","5","Sensitivity",1,"Primary cancer cell"
"863",1,"CancerCellpseudoPBMC_7500_GSE173682_Ovarian_Epi_n500.csv","Immune cells
n=7500","500","Sensitivity",1,"Primary cancer cell"
"864",1,"CancerCellpseudoPBMC_7500_GSE176031_Prostate_Epi_n10.csv","Immune cells
n=7500","10","Sensitivity",1,"Primary cancer cell"
"865",1,"CancerCellpseudoPBMC_7500_GSE176031_Prostate_Epi_n100.csv","Immune cells
n=7500","100","Sensitivity",1,"Primary cancer cell"
"866",1,"CancerCellpseudoPBMC_7500_GSE176031_Prostate_Epi_n20.csv","Immune cells
n=7500","20","Sensitivity",1,"Primary cancer cell"
"867",1,"CancerCellpseudoPBMC_7500_GSE176031_Prostate_Epi_n5.csv","Immune cells
n=7500","5","Sensitivity",1,"Primary cancer cell"
"868",1,"CancerCellpseudoPBMC_7500_GSE176078_BC_Epi_n10.csv","Immune cells
n=7500","10","Sensitivity",1,"Primary cancer cell"
"869",1,"CancerCellpseudoPBMC_7500_GSE176078_BC_Epi_n100.csv","Immune cells
n=7500","100","Sensitivity",1,"Primary cancer cell"
"870",1,"CancerCellpseudoPBMC_7500_GSE176078_BC_Epi_n20.csv","Immune cells
n=7500","20","Sensitivity",1,"Primary cancer cell"
"871",1,"CancerCellpseudoPBMC_7500_GSE176078_BC_Epi_n5.csv","Immune cells
n=7500","5","Sensitivity",1,"Primary cancer cell"
"872",1,"CancerCellpseudoPBMC_7500_GSE176078_BC_Epi_n500.csv","Immune cells
n=7500","500","Sensitivity",1,"Primary cancer cell"
"873",1,"CancerCellpseudoPBMC_7500_GSE178318_CRC_Epi_n10.csv","Immune cells
n=7500","10","Sensitivity",1,"Primary cancer cell"
"874",1,"CancerCellpseudoPBMC_7500_GSE178318_CRC_Epi_n100.csv","Immune cells
n=7500","100","Sensitivity",1,"Primary cancer cell"
"875",1,"CancerCellpseudoPBMC_7500_GSE178318_CRC_Epi_n20.csv","Immune cells
n=7500","20","Sensitivity",1,"Primary cancer cell"
"876",1,"CancerCellpseudoPBMC_7500_GSE178318_CRC_Epi_n5.csv","Immune cells
n=7500","5","Sensitivity",1,"Primary cancer cell"
"877",1,"CancerCellpseudoPBMC_7500_GSE178318_CRC_Epi_n500.csv","Immune cells
n=7500","500","Sensitivity",1,"Primary cancer cell"
"878",1,"CancerCellpseudoPBMC_7500_GSE193337_Prostate_Epi_n10.csv","Immune cells
n=7500","10","Sensitivity",1,"Primary cancer cell"
"879",1,"CancerCellpseudoPBMC_7500_GSE193337_Prostate_Epi_n100.csv","Immune cells
n=7500","100","Sensitivity",1,"Primary cancer cell"
"880",1,"CancerCellpseudoPBMC_7500_GSE193337_Prostate_Epi_n20.csv","Immune cells
n=7500","20","Sensitivity",1,"Primary cancer cell"
"881",1,"CancerCellpseudoPBMC_7500_GSE193337_Prostate_Epi_n5.csv","Immune cells
n=7500","5","Sensitivity",1,"Primary cancer cell"
"882",0.999875,"CancerCellpseudoPBMC_7500_GSE193337_Prostate_Epi_n500.csv","Immune cells
n=7500","500","Sensitivity",0.998,"Primary cancer cell"
"883",1,"CancerCellpseudoPBMC_7500_GSE215120_Melanoma_n10.csv","Immune cells
n=7500","10","Sensitivity",1,"Primary cancer cell"
"884",1,"CancerCellpseudoPBMC_7500_GSE215120_Melanoma_n100.csv","Immune cells
n=7500","100","Sensitivity",1,"Primary cancer cell"
"885",1,"CancerCellpseudoPBMC_7500_GSE215120_Melanoma_n20.csv","Immune cells
n=7500","20","Sensitivity",1,"Primary cancer cell"
"886",1,"CancerCellpseudoPBMC_7500_GSE215120_Melanoma_n5.csv","Immune cells
n=7500","5","Sensitivity",1,"Primary cancer cell"
"887",0.999875,"CancerCellpseudoPBMC_7500_GSE215120_Melanoma_n500.csv","Immune cells
n=7500","500","Sensitivity",0.998,"Primary cancer cell"
"888",1,"CancerCellpseudoPBMC_7500_GSM3946506_Mela_cl_n10.csv","Immune cells
n=7500","10","Sensitivity",1,"Primary cancer cell"
"889",1,"CancerCellpseudoPBMC_7500_GSM3946506_Mela_cl_n100.csv","Immune cells
n=7500","100","Sensitivity",1,"Primary cancer cell"
"890",1,"CancerCellpseudoPBMC_7500_GSM3946506_Mela_cl_n20.csv","Immune cells
n=7500","20","Sensitivity",1,"Primary cancer cell"
"891",1,"CancerCellpseudoPBMC_7500_GSM3946506_Mela_cl_n5.csv","Immune cells
n=7500","5","Sensitivity",1,"Primary cancer cell"
"892",1,"CancerCellpseudoPBMC_7500_OMIX001073_GC_Epi_n10.csv","Immune cells
n=7500","10","Sensitivity",1,"Primary cancer cell"
"893",1,"CancerCellpseudoPBMC_7500_OMIX001073_GC_Epi_n100.csv","Immune cells
n=7500","100","Sensitivity",1,"Primary cancer cell"
"894",1,"CancerCellpseudoPBMC_7500_OMIX001073_GC_Epi_n20.csv","Immune cells
n=7500","20","Sensitivity",1,"Primary cancer cell"
"895",1,"CancerCellpseudoPBMC_7500_OMIX001073_GC_Epi_n5.csv","Immune cells
n=7500","5","Sensitivity",1,"Primary cancer cell"
"896",1,"CancerCellpseudoPBMC_7500_OMIX001073_GC_Epi_n500.csv","Immune cells
n=7500","500","Sensitivity",1,"Primary cancer cell"
"897",1,"predict_E-MTAB-11948_Cervix_Epi_n10_GSE155698_Healthy_PBMC_1.csv","GSE155698 HD1
n=2720","10","Sensitivity",1,"Primary cancer cell"
"898",1,"predict_E-MTAB-11948_Cervix_Epi_n10_GSE199994_HD1.csv","GSE199994 HD1
n=7032","10","Sensitivity",1,"Primary cancer cell"
"899",1,"predict_E-MTAB-11948_Cervix_Epi_n100_GSE155698_Healthy_PBMC_1.csv","GSE155698 HD1
n=2720","100","Sensitivity",1,"Primary cancer cell"
"900",1,"predict_E-MTAB-11948_Cervix_Epi_n100_GSE199994_HD1.csv","GSE199994 HD1
n=7032","100","Sensitivity",1,"Primary cancer cell"
"901",1,"predict_E-MTAB-11948_Cervix_Epi_n20_GSE155698_Healthy_PBMC_1.csv","GSE155698 HD1
n=2720","20","Sensitivity",1,"Primary cancer cell"
"902",1,"predict_E-MTAB-11948_Cervix_Epi_n20_GSE199994_HD1.csv","GSE199994 HD1
n=7032","20","Sensitivity",1,"Primary cancer cell"
"903",1,"predict_E-MTAB-11948_Cervix_Epi_n5_GSE155698_Healthy_PBMC_1.csv","GSE155698 HD1
n=2720","5","Sensitivity",1,"Primary cancer cell"
"904",1,"predict_E-MTAB-11948_Cervix_Epi_n5_GSE199994_HD1.csv","GSE199994 HD1
n=7032","5","Sensitivity",1,"Primary cancer cell"
"905",1,"predict_E-MTAB-11948_Cervix_Epi_n500_GSE155698_Healthy_PBMC_1.csv","GSE155698 HD1
n=2720","500","Sensitivity",1,"Primary cancer cell"
"906",1,"predict_E-MTAB-11948_Cervix_Epi_n500_GSE199994_HD1.csv","GSE199994 HD1
n=7032","500","Sensitivity",1,"Primary cancer cell"
"907",1,"predict_GSE127465_NSCLC2019_Epi_n10_GSE155698_Healthy_PBMC_1.csv","GSE155698 HD1
n=2720","10","Sensitivity",1,"Primary cancer cell"
"908",1,"predict_GSE127465_NSCLC2019_Epi_n10_GSE199994_HD1.csv","GSE199994 HD1
n=7032","10","Sensitivity",1,"Primary cancer cell"
"909",1,"predict_GSE127465_NSCLC2019_Epi_n100_GSE155698_Healthy_PBMC_1.csv","GSE155698 HD1
n=2720","100","Sensitivity",1,"Primary cancer cell"
"910",1,"predict_GSE127465_NSCLC2019_Epi_n100_GSE199994_HD1.csv","GSE199994 HD1
n=7032","100","Sensitivity",1,"Primary cancer cell"
"911",1,"predict_GSE127465_NSCLC2019_Epi_n20_GSE155698_Healthy_PBMC_1.csv","GSE155698 HD1
n=2720","20","Sensitivity",1,"Primary cancer cell"
"912",1,"predict_GSE127465_NSCLC2019_Epi_n20_GSE199994_HD1.csv","GSE199994 HD1
n=7032","20","Sensitivity",1,"Primary cancer cell"
"913",1,"predict_GSE127465_NSCLC2019_Epi_n5_GSE155698_Healthy_PBMC_1.csv","GSE155698 HD1
n=2720","5","Sensitivity",1,"Primary cancer cell"
"914",1,"predict_GSE127465_NSCLC2019_Epi_n5_GSE199994_HD1.csv","GSE199994 HD1
n=7032","5","Sensitivity",1,"Primary cancer cell"
"915",1,"predict_GSE132465_CRC_Epi_n10_GSE155698_Healthy_PBMC_1.csv","GSE155698 HD1
n=2720","10","Sensitivity",1,"Primary cancer cell"
"916",1,"predict_GSE132465_CRC_Epi_n10_GSE199994_HD1.csv","GSE199994 HD1
n=7032","10","Sensitivity",1,"Primary cancer cell"
"917",1,"predict_GSE132465_CRC_Epi_n100_GSE155698_Healthy_PBMC_1.csv","GSE155698 HD1
n=2720","100","Sensitivity",1,"Primary cancer cell"
"918",1,"predict_GSE132465_CRC_Epi_n100_GSE199994_HD1.csv","GSE199994 HD1
n=7032","100","Sensitivity",1,"Primary cancer cell"
"919",1,"predict_GSE132465_CRC_Epi_n20_GSE155698_Healthy_PBMC_1.csv","GSE155698 HD1
n=2720","20","Sensitivity",1,"Primary cancer cell"
"920",1,"predict_GSE132465_CRC_Epi_n20_GSE199994_HD1.csv","GSE199994 HD1
n=7032","20","Sensitivity",1,"Primary cancer cell"
"921",1,"predict_GSE132465_CRC_Epi_n5_GSE155698_Healthy_PBMC_1.csv","GSE155698 HD1
n=2720","5","Sensitivity",1,"Primary cancer cell"
"922",1,"predict_GSE132465_CRC_Epi_n5_GSE199994_HD1.csv","GSE199994 HD1
n=7032","5","Sensitivity",1,"Primary cancer cell"
"923",1,"predict_GSE132465_CRC_Epi_n500_GSE155698_Healthy_PBMC_1.csv","GSE155698 HD1
n=2720","500","Sensitivity",1,"Primary cancer cell"
"924",1,"predict_GSE132465_CRC_Epi_n500_GSE199994_HD1.csv","GSE199994 HD1
n=7032","500","Sensitivity",1,"Primary cancer cell"
"925",1,"predict_GSE148071_LUNG_Epi_n10_GSE155698_Healthy_PBMC_1.csv","GSE155698 HD1
n=2720","10","Sensitivity",1,"Primary cancer cell"
"926",1,"predict_GSE148071_LUNG_Epi_n10_GSE199994_HD1.csv","GSE199994 HD1
n=7032","10","Sensitivity",1,"Primary cancer cell"
"927",1,"predict_GSE148071_LUNG_Epi_n100_GSE155698_Healthy_PBMC_1.csv","GSE155698 HD1
n=2720","100","Sensitivity",1,"Primary cancer cell"
"928",1,"predict_GSE148071_LUNG_Epi_n100_GSE199994_HD1.csv","GSE199994 HD1
n=7032","100","Sensitivity",1,"Primary cancer cell"
"929",1,"predict_GSE148071_LUNG_Epi_n20_GSE155698_Healthy_PBMC_1.csv","GSE155698 HD1
n=2720","20","Sensitivity",1,"Primary cancer cell"
"930",1,"predict_GSE148071_LUNG_Epi_n20_GSE199994_HD1.csv","GSE199994 HD1
n=7032","20","Sensitivity",1,"Primary cancer cell"
"931",1,"predict_GSE148071_LUNG_Epi_n5_GSE155698_Healthy_PBMC_1.csv","GSE155698 HD1
n=2720","5","Sensitivity",1,"Primary cancer cell"
"932",1,"predict_GSE148071_LUNG_Epi_n5_GSE199994_HD1.csv","GSE199994 HD1
n=7032","5","Sensitivity",1,"Primary cancer cell"
"933",1,"predict_GSE148071_LUNG_Epi_n500_GSE155698_Healthy_PBMC_1.csv","GSE155698 HD1
n=2720","500","Sensitivity",1,"Primary cancer cell"
"934",1,"predict_GSE148071_LUNG_Epi_n500_GSE199994_HD1.csv","GSE199994 HD1
n=7032","500","Sensitivity",1,"Primary cancer cell"
"935",1,"predict_GSE149614_HCC_Epi_n10_GSE155698_Healthy_PBMC_1.csv","GSE155698 HD1
n=2720","10","Sensitivity",1,"Primary cancer cell"
"936",1,"predict_GSE149614_HCC_Epi_n10_GSE199994_HD1.csv","GSE199994 HD1
n=7032","10","Sensitivity",1,"Primary cancer cell"
"937",1,"predict_GSE149614_HCC_Epi_n100_GSE155698_Healthy_PBMC_1.csv","GSE155698 HD1
n=2720","100","Sensitivity",1,"Primary cancer cell"
"938",1,"predict_GSE149614_HCC_Epi_n100_GSE199994_HD1.csv","GSE199994 HD1
n=7032","100","Sensitivity",1,"Primary cancer cell"
"939",1,"predict_GSE149614_HCC_Epi_n20_GSE155698_Healthy_PBMC_1.csv","GSE155698 HD1
n=2720","20","Sensitivity",1,"Primary cancer cell"
"940",1,"predict_GSE149614_HCC_Epi_n20_GSE199994_HD1.csv","GSE199994 HD1
n=7032","20","Sensitivity",1,"Primary cancer cell"
"941",1,"predict_GSE149614_HCC_Epi_n5_GSE155698_Healthy_PBMC_1.csv","GSE155698 HD1
n=2720","5","Sensitivity",1,"Primary cancer cell"
"942",1,"predict_GSE149614_HCC_Epi_n5_GSE199994_HD1.csv","GSE199994 HD1
n=7032","5","Sensitivity",1,"Primary cancer cell"
"943",1,"predict_GSE149614_HCC_Epi_n500_GSE155698_Healthy_PBMC_1.csv","GSE155698 HD1
n=2720","500","Sensitivity",1,"Primary cancer cell"
"944",1,"predict_GSE149614_HCC_Epi_n500_GSE199994_HD1.csv","GSE199994 HD1
n=7032","500","Sensitivity",1,"Primary cancer cell"
"945",1,"predict_GSE150430_NPC_Epi_n10_GSE155698_Healthy_PBMC_1.csv","GSE155698 HD1
n=2720","10","Sensitivity",1,"Primary cancer cell"
"946",1,"predict_GSE150430_NPC_Epi_n10_GSE199994_HD1.csv","GSE199994 HD1
n=7032","10","Sensitivity",1,"Primary cancer cell"
"947",1,"predict_GSE150430_NPC_Epi_n100_GSE155698_Healthy_PBMC_1.csv","GSE155698 HD1
n=2720","100","Sensitivity",1,"Primary cancer cell"
"948",1,"predict_GSE150430_NPC_Epi_n100_GSE199994_HD1.csv","GSE199994 HD1
n=7032","100","Sensitivity",1,"Primary cancer cell"
"949",1,"predict_GSE150430_NPC_Epi_n20_GSE155698_Healthy_PBMC_1.csv","GSE155698 HD1
n=2720","20","Sensitivity",1,"Primary cancer cell"
"950",1,"predict_GSE150430_NPC_Epi_n20_GSE199994_HD1.csv","GSE199994 HD1
n=7032","20","Sensitivity",1,"Primary cancer cell"
"951",1,"predict_GSE150430_NPC_Epi_n5_GSE155698_Healthy_PBMC_1.csv","GSE155698 HD1
n=2720","5","Sensitivity",1,"Primary cancer cell"
"952",1,"predict_GSE150430_NPC_Epi_n5_GSE199994_HD1.csv","GSE199994 HD1
n=7032","5","Sensitivity",1,"Primary cancer cell"
"953",0.999689440993789,"predict_GSE150430_NPC_Epi_n500_GSE155698_Healthy_PBMC_1.csv","GSE155698 HD1
n=2720","500","Sensitivity",0.998,"Primary cancer cell"
"954",0.999867233138609,"predict_GSE150430_NPC_Epi_n500_GSE199994_HD1.csv","GSE199994 HD1
n=7032","500","Sensitivity",0.998,"Primary cancer cell"
"955",1,"predict_GSE150825_NPC_Epi_n10_GSE155698_Healthy_PBMC_1.csv","GSE155698 HD1
n=2720","10","Sensitivity",1,"Primary cancer cell"
"956",1,"predict_GSE150825_NPC_Epi_n10_GSE199994_HD1.csv","GSE199994 HD1
n=7032","10","Sensitivity",1,"Primary cancer cell"
"957",1,"predict_GSE150825_NPC_Epi_n20_GSE155698_Healthy_PBMC_1.csv","GSE155698 HD1
n=2720","20","Sensitivity",1,"Primary cancer cell"
"958",1,"predict_GSE150825_NPC_Epi_n20_GSE199994_HD1.csv","GSE199994 HD1
n=7032","20","Sensitivity",1,"Primary cancer cell"
"959",1,"predict_GSE150825_NPC_Epi_n5_GSE155698_Healthy_PBMC_1.csv","GSE155698 HD1
n=2720","5","Sensitivity",1,"Primary cancer cell"
"960",1,"predict_GSE150825_NPC_Epi_n5_GSE199994_HD1.csv","GSE199994 HD1
n=7032","5","Sensitivity",1,"Primary cancer cell"
"961",1,"predict_GSE155698_PDAC_Epi_n10_GSE155698_Healthy_PBMC_1.csv","GSE155698 HD1
n=2720","10","Sensitivity",1,"Primary cancer cell"
"962",1,"predict_GSE155698_PDAC_Epi_n10_GSE199994_HD1.csv","GSE155698 HD1
n=2720","10","Sensitivity",1,"Primary cancer cell"
"963",1,"predict_GSE155698_PDAC_Epi_n100_GSE155698_Healthy_PBMC_1.csv","GSE155698 HD1
n=2720","100","Sensitivity",1,"Primary cancer cell"
"964",1,"predict_GSE155698_PDAC_Epi_n100_GSE199994_HD1.csv","GSE155698 HD1
n=2720","100","Sensitivity",1,"Primary cancer cell"
"965",1,"predict_GSE155698_PDAC_Epi_n20_GSE155698_Healthy_PBMC_1.csv","GSE155698 HD1
n=2720","20","Sensitivity",1,"Primary cancer cell"
"966",1,"predict_GSE155698_PDAC_Epi_n20_GSE199994_HD1.csv","GSE155698 HD1
n=2720","20","Sensitivity",1,"Primary cancer cell"
"967",1,"predict_GSE155698_PDAC_Epi_n5_GSE155698_Healthy_PBMC_1.csv","GSE155698 HD1
n=2720","5","Sensitivity",1,"Primary cancer cell"
"968",1,"predict_GSE155698_PDAC_Epi_n5_GSE199994_HD1.csv","GSE155698 HD1
n=2720","5","Sensitivity",1,"Primary cancer cell"
"969",0.999068322981366,"predict_GSE155698_PDAC_Epi_n500_GSE155698_Healthy_PBMC_1.csv","GSE155698 HD1
n=2720","500","Sensitivity",0.994,"Primary cancer cell"
"970",0.999601699415826,"predict_GSE155698_PDAC_Epi_n500_GSE199994_HD1.csv","GSE155698 HD1
n=2720","500","Sensitivity",0.994,"Primary cancer cell"
"971",1,"predict_GSE162025_NPC_Epi_n10_GSE155698_Healthy_PBMC_1.csv","GSE155698 HD1
n=2720","10","Sensitivity",1,"Primary cancer cell"
"972",1,"predict_GSE162025_NPC_Epi_n10_GSE199994_HD1.csv","GSE199994 HD1
n=7032","10","Sensitivity",1,"Primary cancer cell"
"973",1,"predict_GSE162025_NPC_Epi_n100_GSE155698_Healthy_PBMC_1.csv","GSE155698 HD1
n=2720","100","Sensitivity",1,"Primary cancer cell"
"974",1,"predict_GSE162025_NPC_Epi_n100_GSE199994_HD1.csv","GSE199994 HD1
n=7032","100","Sensitivity",1,"Primary cancer cell"
"975",1,"predict_GSE162025_NPC_Epi_n20_GSE155698_Healthy_PBMC_1.csv","GSE155698 HD1
n=2720","20","Sensitivity",1,"Primary cancer cell"
"976",1,"predict_GSE162025_NPC_Epi_n20_GSE199994_HD1.csv","GSE199994 HD1
n=7032","20","Sensitivity",1,"Primary cancer cell"
"977",1,"predict_GSE162025_NPC_Epi_n5_GSE155698_Healthy_PBMC_1.csv","GSE155698 HD1
n=2720","5","Sensitivity",1,"Primary cancer cell"
"978",1,"predict_GSE162025_NPC_Epi_n5_GSE199994_HD1.csv","GSE199994 HD1
n=7032","5","Sensitivity",1,"Primary cancer cell"
"979",1,"predict_GSE168652_Cervix_Epi_n10_GSE155698_Healthy_PBMC_1.csv","GSE155698 HD1
n=2720","10","Sensitivity",1,"Primary cancer cell"
"980",1,"predict_GSE168652_Cervix_Epi_n10_GSE199994_HD1.csv","GSE199994 HD1
n=7032","10","Sensitivity",1,"Primary cancer cell"
"981",1,"predict_GSE168652_Cervix_Epi_n100_GSE155698_Healthy_PBMC_1.csv","GSE155698 HD1
n=2720","100","Sensitivity",1,"Primary cancer cell"
"982",1,"predict_GSE168652_Cervix_Epi_n100_GSE199994_HD1.csv","GSE199994 HD1
n=7032","100","Sensitivity",1,"Primary cancer cell"
"983",1,"predict_GSE168652_Cervix_Epi_n20_GSE155698_Healthy_PBMC_1.csv","GSE155698 HD1
n=2720","20","Sensitivity",1,"Primary cancer cell"
"984",1,"predict_GSE168652_Cervix_Epi_n20_GSE199994_HD1.csv","GSE199994 HD1
n=7032","20","Sensitivity",1,"Primary cancer cell"
"985",1,"predict_GSE168652_Cervix_Epi_n5_GSE155698_Healthy_PBMC_1.csv","GSE155698 HD1
n=2720","5","Sensitivity",1,"Primary cancer cell"
"986",1,"predict_GSE168652_Cervix_Epi_n5_GSE199994_HD1.csv","GSE199994 HD1
n=7032","5","Sensitivity",1,"Primary cancer cell"
"987",1,"predict_GSE168652_Cervix_Epi_n500_GSE155698_Healthy_PBMC_1.csv","GSE155698 HD1
n=2720","500","Sensitivity",1,"Primary cancer cell"
"988",1,"predict_GSE168652_Cervix_Epi_n500_GSE199994_HD1.csv","GSE199994 HD1
n=7032","500","Sensitivity",1,"Primary cancer cell"
"989",1,"predict_GSE173682_Endome_Epi_n10_GSE155698_Healthy_PBMC_1.csv","GSE155698 HD1
n=2720","10","Sensitivity",1,"Primary cancer cell"
"990",1,"predict_GSE173682_Endome_Epi_n10_GSE199994_HD1.csv","GSE199994 HD1
n=7032","10","Sensitivity",1,"Primary cancer cell"
"991",1,"predict_GSE173682_Endome_Epi_n100_GSE155698_Healthy_PBMC_1.csv","GSE155698 HD1
n=2720","100","Sensitivity",1,"Primary cancer cell"
"992",1,"predict_GSE173682_Endome_Epi_n100_GSE199994_HD1.csv","GSE199994 HD1
n=7032","100","Sensitivity",1,"Primary cancer cell"
"993",1,"predict_GSE173682_Endome_Epi_n20_GSE155698_Healthy_PBMC_1.csv","GSE155698 HD1
n=2720","20","Sensitivity",1,"Primary cancer cell"
"994",1,"predict_GSE173682_Endome_Epi_n20_GSE199994_HD1.csv","GSE199994 HD1
n=7032","20","Sensitivity",1,"Primary cancer cell"
"995",1,"predict_GSE173682_Endome_Epi_n5_GSE155698_Healthy_PBMC_1.csv","GSE155698 HD1
n=2720","5","Sensitivity",1,"Primary cancer cell"
"996",1,"predict_GSE173682_Endome_Epi_n5_GSE199994_HD1.csv","GSE199994 HD1
n=7032","5","Sensitivity",1,"Primary cancer cell"
"997",1,"predict_GSE173682_Endome_Epi_n500_GSE155698_Healthy_PBMC_1.csv","GSE155698 HD1
n=2720","500","Sensitivity",1,"Primary cancer cell"
"998",1,"predict_GSE173682_Endome_Epi_n500_GSE199994_HD1.csv","GSE199994 HD1
n=7032","500","Sensitivity",1,"Primary cancer cell"
"999",1,"predict_GSE173682_Ovarian_Epi_n10_GSE155698_Healthy_PBMC_1.csv","GSE155698 HD1
n=2720","10","Sensitivity",1,"Primary cancer cell"
"1000",1,"predict_GSE173682_Ovarian_Epi_n10_GSE199994_HD1.csv","GSE199994 HD1
n=7032","10","Sensitivity",1,"Primary cancer cell"
"1001",1,"predict_GSE173682_Ovarian_Epi_n100_GSE155698_Healthy_PBMC_1.csv","GSE155698 HD1
n=2720","100","Sensitivity",1,"Primary cancer cell"
"1002",1,"predict_GSE173682_Ovarian_Epi_n100_GSE199994_HD1.csv","GSE199994 HD1
n=7032","100","Sensitivity",1,"Primary cancer cell"
"1003",1,"predict_GSE173682_Ovarian_Epi_n20_GSE155698_Healthy_PBMC_1.csv","GSE155698 HD1
n=2720","20","Sensitivity",1,"Primary cancer cell"
"1004",1,"predict_GSE173682_Ovarian_Epi_n20_GSE199994_HD1.csv","GSE199994 HD1
n=7032","20","Sensitivity",1,"Primary cancer cell"
"1005",1,"predict_GSE173682_Ovarian_Epi_n5_GSE155698_Healthy_PBMC_1.csv","GSE155698 HD1
n=2720","5","Sensitivity",1,"Primary cancer cell"
"1006",1,"predict_GSE173682_Ovarian_Epi_n5_GSE199994_HD1.csv","GSE199994 HD1
n=7032","5","Sensitivity",1,"Primary cancer cell"
"1007",1,"predict_GSE173682_Ovarian_Epi_n500_GSE155698_Healthy_PBMC_1.csv","GSE155698 HD1
n=2720","500","Sensitivity",1,"Primary cancer cell"
"1008",1,"predict_GSE173682_Ovarian_Epi_n500_GSE199994_HD1.csv","GSE199994 HD1
n=7032","500","Sensitivity",1,"Primary cancer cell"
"1009",1,"predict_GSE176031_Prostate_Epi_n10_GSE155698_Healthy_PBMC_1.csv","GSE155698 HD1
n=2720","10","Sensitivity",1,"Primary cancer cell"
"1010",1,"predict_GSE176031_Prostate_Epi_n10_GSE199994_HD1.csv","GSE199994 HD1
n=7032","10","Sensitivity",1,"Primary cancer cell"
"1011",1,"predict_GSE176031_Prostate_Epi_n100_GSE155698_Healthy_PBMC_1.csv","GSE155698 HD1
n=2720","100","Sensitivity",1,"Primary cancer cell"
"1012",1,"predict_GSE176031_Prostate_Epi_n100_GSE199994_HD1.csv","GSE199994 HD1
n=7032","100","Sensitivity",1,"Primary cancer cell"
"1013",1,"predict_GSE176031_Prostate_Epi_n20_GSE155698_Healthy_PBMC_1.csv","GSE155698 HD1
n=2720","20","Sensitivity",1,"Primary cancer cell"
"1014",1,"predict_GSE176031_Prostate_Epi_n20_GSE199994_HD1.csv","GSE199994 HD1
n=7032","20","Sensitivity",1,"Primary cancer cell"
"1015",1,"predict_GSE176031_Prostate_Epi_n5_GSE155698_Healthy_PBMC_1.csv","GSE155698 HD1
n=2720","5","Sensitivity",1,"Primary cancer cell"
"1016",1,"predict_GSE176031_Prostate_Epi_n5_GSE199994_HD1.csv","GSE199994 HD1
n=7032","5","Sensitivity",1,"Primary cancer cell"
"1017",1,"predict_GSE176078_BC_Epi_n10_GSE155698_Healthy_PBMC_1.csv","GSE155698 HD1
n=2720","10","Sensitivity",1,"Primary cancer cell"
"1018",1,"predict_GSE176078_BC_Epi_n10_GSE199994_HD1.csv","GSE199994 HD1
n=7032","10","Sensitivity",1,"Primary cancer cell"
"1019",1,"predict_GSE176078_BC_Epi_n100_GSE155698_Healthy_PBMC_1.csv","GSE155698 HD1
n=2720","100","Sensitivity",1,"Primary cancer cell"
"1020",1,"predict_GSE176078_BC_Epi_n100_GSE199994_HD1.csv","GSE199994 HD1
n=7032","100","Sensitivity",1,"Primary cancer cell"
"1021",1,"predict_GSE176078_BC_Epi_n20_GSE155698_Healthy_PBMC_1.csv","GSE155698 HD1
n=2720","20","Sensitivity",1,"Primary cancer cell"
"1022",1,"predict_GSE176078_BC_Epi_n20_GSE199994_HD1.csv","GSE199994 HD1
n=7032","20","Sensitivity",1,"Primary cancer cell"
"1023",1,"predict_GSE176078_BC_Epi_n5_GSE155698_Healthy_PBMC_1.csv","GSE155698 HD1
n=2720","5","Sensitivity",1,"Primary cancer cell"
"1024",1,"predict_GSE176078_BC_Epi_n5_GSE199994_HD1.csv","GSE199994 HD1
n=7032","5","Sensitivity",1,"Primary cancer cell"
"1025",1,"predict_GSE176078_BC_Epi_n500_GSE155698_Healthy_PBMC_1.csv","GSE155698 HD1
n=2720","500","Sensitivity",1,"Primary cancer cell"
"1026",1,"predict_GSE176078_BC_Epi_n500_GSE199994_HD1.csv","GSE199994 HD1
n=7032","500","Sensitivity",1,"Primary cancer cell"
"1027",1,"predict_GSE178318_CRC_Epi_n10_GSE155698_Healthy_PBMC_1.csv","GSE155698 HD1
n=2720","10","Sensitivity",1,"Primary cancer cell"
"1028",1,"predict_GSE178318_CRC_Epi_n10_GSE199994_HD1.csv","GSE199994 HD1
n=7032","10","Sensitivity",1,"Primary cancer cell"
"1029",1,"predict_GSE178318_CRC_Epi_n100_GSE155698_Healthy_PBMC_1.csv","GSE155698 HD1
n=2720","100","Sensitivity",1,"Primary cancer cell"
"1030",1,"predict_GSE178318_CRC_Epi_n100_GSE199994_HD1.csv","GSE199994 HD1
n=7032","100","Sensitivity",1,"Primary cancer cell"
"1031",1,"predict_GSE178318_CRC_Epi_n20_GSE155698_Healthy_PBMC_1.csv","GSE155698 HD1
n=2720","20","Sensitivity",1,"Primary cancer cell"
"1032",1,"predict_GSE178318_CRC_Epi_n20_GSE199994_HD1.csv","GSE199994 HD1
n=7032","20","Sensitivity",1,"Primary cancer cell"
"1033",1,"predict_GSE178318_CRC_Epi_n5_GSE155698_Healthy_PBMC_1.csv","GSE155698 HD1
n=2720","5","Sensitivity",1,"Primary cancer cell"
"1034",1,"predict_GSE178318_CRC_Epi_n5_GSE199994_HD1.csv","GSE199994 HD1
n=7032","5","Sensitivity",1,"Primary cancer cell"
"1035",1,"predict_GSE178318_CRC_Epi_n500_GSE155698_Healthy_PBMC_1.csv","GSE155698 HD1
n=2720","500","Sensitivity",1,"Primary cancer cell"
"1036",1,"predict_GSE178318_CRC_Epi_n500_GSE199994_HD1.csv","GSE199994 HD1
n=7032","500","Sensitivity",1,"Primary cancer cell"
"1037",1,"predict_GSE193337_Prostate_Epi_n10_GSE155698_Healthy_PBMC_1.csv","GSE155698 HD1
n=2720","10","Sensitivity",1,"Primary cancer cell"
"1038",1,"predict_GSE193337_Prostate_Epi_n10_GSE199994_HD1.csv","GSE199994 HD1
n=7032","10","Sensitivity",1,"Primary cancer cell"
"1039",1,"predict_GSE193337_Prostate_Epi_n100_GSE155698_Healthy_PBMC_1.csv","GSE155698 HD1
n=2720","100","Sensitivity",1,"Primary cancer cell"
"1040",1,"predict_GSE193337_Prostate_Epi_n100_GSE199994_HD1.csv","GSE199994 HD1
n=7032","100","Sensitivity",1,"Primary cancer cell"
"1041",1,"predict_GSE193337_Prostate_Epi_n20_GSE155698_Healthy_PBMC_1.csv","GSE155698 HD1
n=2720","20","Sensitivity",1,"Primary cancer cell"
"1042",1,"predict_GSE193337_Prostate_Epi_n20_GSE199994_HD1.csv","GSE199994 HD1
n=7032","20","Sensitivity",1,"Primary cancer cell"
"1043",1,"predict_GSE193337_Prostate_Epi_n5_GSE155698_Healthy_PBMC_1.csv","GSE155698 HD1
n=2720","5","Sensitivity",1,"Primary cancer cell"
"1044",1,"predict_GSE193337_Prostate_Epi_n5_GSE199994_HD1.csv","GSE199994 HD1
n=7032","5","Sensitivity",1,"Primary cancer cell"
"1045",0.999689440993789,"predict_GSE193337_Prostate_Epi_n500_GSE155698_Healthy_PBMC_1.csv","GSE155698 HD1
n=2720","500","Sensitivity",0.998,"Primary cancer cell"
"1046",0.999867233138609,"predict_GSE193337_Prostate_Epi_n500_GSE199994_HD1.csv","GSE199994 HD1
n=7032","500","Sensitivity",0.998,"Primary cancer cell"
"1047",1,"predict_GSE215120_Melanoma_n10_GSE155698_Healthy_PBMC_1.csv","GSE155698 HD1
n=2720","10","Sensitivity",1,"Primary cancer cell"
"1048",1,"predict_GSE215120_Melanoma_n10_GSE199994_HD1.csv","GSE199994 HD1
n=7032","10","Sensitivity",1,"Primary cancer cell"
"1049",1,"predict_GSE215120_Melanoma_n100_GSE155698_Healthy_PBMC_1.csv","GSE155698 HD1
n=2720","100","Sensitivity",1,"Primary cancer cell"
"1050",1,"predict_GSE215120_Melanoma_n100_GSE199994_HD1.csv","GSE199994 HD1
n=7032","100","Sensitivity",1,"Primary cancer cell"
"1051",1,"predict_GSE215120_Melanoma_n20_GSE155698_Healthy_PBMC_1.csv","GSE155698 HD1
n=2720","20","Sensitivity",1,"Primary cancer cell"
"1052",1,"predict_GSE215120_Melanoma_n20_GSE199994_HD1.csv","GSE199994 HD1
n=7032","20","Sensitivity",1,"Primary cancer cell"
"1053",1,"predict_GSE215120_Melanoma_n5_GSE155698_Healthy_PBMC_1.csv","GSE155698 HD1
n=2720","5","Sensitivity",1,"Primary cancer cell"
"1054",1,"predict_GSE215120_Melanoma_n5_GSE199994_HD1.csv","GSE199994 HD1
n=7032","5","Sensitivity",1,"Primary cancer cell"
"1055",0.999689440993789,"predict_GSE215120_Melanoma_n500_GSE155698_Healthy_PBMC_1.csv","GSE155698 HD1
n=2720","500","Sensitivity",0.998,"Primary cancer cell"
"1056",0.999867233138609,"predict_GSE215120_Melanoma_n500_GSE199994_HD1.csv","GSE199994 HD1
n=7032","500","Sensitivity",0.998,"Primary cancer cell"
"1057",1,"predict_GSM3946506_Mela_cl_n10_GSE155698_Healthy_PBMC_1.csv","GSE155698 HD1
n=2720","10","Sensitivity",1,"Primary cancer cell"
"1058",1,"predict_GSM3946506_Mela_cl_n10_GSE199994_HD1.csv","GSE199994 HD1
n=7032","10","Sensitivity",1,"Primary cancer cell"
"1059",1,"predict_GSM3946506_Mela_cl_n100_GSE155698_Healthy_PBMC_1.csv","GSE155698 HD1
n=2720","100","Sensitivity",1,"Primary cancer cell"
"1060",1,"predict_GSM3946506_Mela_cl_n100_GSE199994_HD1.csv","GSE199994 HD1
n=7032","100","Sensitivity",1,"Primary cancer cell"
"1061",1,"predict_GSM3946506_Mela_cl_n20_GSE155698_Healthy_PBMC_1.csv","GSE155698 HD1
n=2720","20","Sensitivity",1,"Primary cancer cell"
"1062",1,"predict_GSM3946506_Mela_cl_n20_GSE199994_HD1.csv","GSE199994 HD1
n=7032","20","Sensitivity",1,"Primary cancer cell"
"1063",1,"predict_GSM3946506_Mela_cl_n5_GSE155698_Healthy_PBMC_1.csv","GSE155698 HD1
n=2720","5","Sensitivity",1,"Primary cancer cell"
"1064",1,"predict_GSM3946506_Mela_cl_n5_GSE199994_HD1.csv","GSE199994 HD1
n=7032","5","Sensitivity",1,"Primary cancer cell"
"1065",1,"predict_OMIX001073_GC_Epi_n10_GSE155698_Healthy_PBMC_1.csv","GSE155698 HD1
n=2720","10","Sensitivity",1,"Primary cancer cell"
"1066",1,"predict_OMIX001073_GC_Epi_n10_GSE199994_HD1.csv","GSE199994 HD1
n=7032","10","Sensitivity",1,"Primary cancer cell"
"1067",1,"predict_OMIX001073_GC_Epi_n100_GSE155698_Healthy_PBMC_1.csv","GSE155698 HD1
n=2720","100","Sensitivity",1,"Primary cancer cell"
"1068",1,"predict_OMIX001073_GC_Epi_n100_GSE199994_HD1.csv","GSE199994 HD1
n=7032","100","Sensitivity",1,"Primary cancer cell"
"1069",1,"predict_OMIX001073_GC_Epi_n20_GSE155698_Healthy_PBMC_1.csv","GSE155698 HD1
n=2720","20","Sensitivity",1,"Primary cancer cell"
"1070",1,"predict_OMIX001073_GC_Epi_n20_GSE199994_HD1.csv","GSE199994 HD1
n=7032","20","Sensitivity",1,"Primary cancer cell"
"1071",1,"predict_OMIX001073_GC_Epi_n5_GSE155698_Healthy_PBMC_1.csv","GSE155698 HD1
n=2720","5","Sensitivity",1,"Primary cancer cell"
"1072",1,"predict_OMIX001073_GC_Epi_n5_GSE199994_HD1.csv","GSE199994 HD1
n=7032","5","Sensitivity",1,"Primary cancer cell"
"1073",1,"predict_OMIX001073_GC_Epi_n500_GSE155698_Healthy_PBMC_1.csv","GSE155698 HD1
n=2720","500","Sensitivity",1,"Primary cancer cell"
"1074",1,"predict_OMIX001073_GC_Epi_n500_GSE199994_HD1.csv","GSE199994 HD1
n=7032","500","Sensitivity",1,"Primary cancer cell"
"1075",1,"CancerCellpseudoPBMC_10000_E-MTAB-11948_Cervix_Epi_n10.csv","Immune cells
n=10000","10","Precision",1,"Primary cancer cell"
"1076",1,"CancerCellpseudoPBMC_10000_E-MTAB-11948_Cervix_Epi_n100.csv","Immune cells
n=10000","100","Precision",1,"Primary cancer cell"
"1077",1,"CancerCellpseudoPBMC_10000_E-MTAB-11948_Cervix_Epi_n20.csv","Immune cells
n=10000","20","Precision",1,"Primary cancer cell"
"1078",1,"CancerCellpseudoPBMC_10000_E-MTAB-11948_Cervix_Epi_n5.csv","Immune cells
n=10000","5","Precision",1,"Primary cancer cell"
"1079",1,"CancerCellpseudoPBMC_10000_E-MTAB-11948_Cervix_Epi_n500.csv","Immune cells
n=10000","500","Precision",1,"Primary cancer cell"
"1080",1,"CancerCellpseudoPBMC_10000_GSE127465_NSCLC2019_Epi_n10.csv","Immune cells
n=10000","10","Precision",1,"Primary cancer cell"
"1081",1,"CancerCellpseudoPBMC_10000_GSE127465_NSCLC2019_Epi_n100.csv","Immune cells
n=10000","100","Precision",1,"Primary cancer cell"
"1082",1,"CancerCellpseudoPBMC_10000_GSE127465_NSCLC2019_Epi_n20.csv","Immune cells
n=10000","20","Precision",1,"Primary cancer cell"
"1083",1,"CancerCellpseudoPBMC_10000_GSE127465_NSCLC2019_Epi_n5.csv","Immune cells
n=10000","5","Precision",1,"Primary cancer cell"
"1084",1,"CancerCellpseudoPBMC_10000_GSE132465_CRC_Epi_n10.csv","Immune cells
n=10000","10","Precision",1,"Primary cancer cell"
"1085",1,"CancerCellpseudoPBMC_10000_GSE132465_CRC_Epi_n100.csv","Immune cells
n=10000","100","Precision",1,"Primary cancer cell"
"1086",1,"CancerCellpseudoPBMC_10000_GSE132465_CRC_Epi_n20.csv","Immune cells
n=10000","20","Precision",1,"Primary cancer cell"
"1087",1,"CancerCellpseudoPBMC_10000_GSE132465_CRC_Epi_n5.csv","Immune cells
n=10000","5","Precision",1,"Primary cancer cell"
"1088",1,"CancerCellpseudoPBMC_10000_GSE132465_CRC_Epi_n500.csv","Immune cells
n=10000","500","Precision",1,"Primary cancer cell"
"1089",1,"CancerCellpseudoPBMC_10000_GSE148071_LUNG_Epi_n10.csv","Immune cells
n=10000","10","Precision",1,"Primary cancer cell"
"1090",1,"CancerCellpseudoPBMC_10000_GSE148071_LUNG_Epi_n100.csv","Immune cells
n=10000","100","Precision",1,"Primary cancer cell"
"1091",1,"CancerCellpseudoPBMC_10000_GSE148071_LUNG_Epi_n20.csv","Immune cells
n=10000","20","Precision",1,"Primary cancer cell"
"1092",1,"CancerCellpseudoPBMC_10000_GSE148071_LUNG_Epi_n5.csv","Immune cells
n=10000","5","Precision",1,"Primary cancer cell"
"1093",1,"CancerCellpseudoPBMC_10000_GSE148071_LUNG_Epi_n500.csv","Immune cells
n=10000","500","Precision",1,"Primary cancer cell"
"1094",1,"CancerCellpseudoPBMC_10000_GSE149614_HCC_Epi_n10.csv","Immune cells
n=10000","10","Precision",1,"Primary cancer cell"
"1095",1,"CancerCellpseudoPBMC_10000_GSE149614_HCC_Epi_n100.csv","Immune cells
n=10000","100","Precision",1,"Primary cancer cell"
"1096",1,"CancerCellpseudoPBMC_10000_GSE149614_HCC_Epi_n20.csv","Immune cells
n=10000","20","Precision",1,"Primary cancer cell"
"1097",1,"CancerCellpseudoPBMC_10000_GSE149614_HCC_Epi_n5.csv","Immune cells
n=10000","5","Precision",1,"Primary cancer cell"
"1098",1,"CancerCellpseudoPBMC_10000_GSE149614_HCC_Epi_n500.csv","Immune cells
n=10000","500","Precision",1,"Primary cancer cell"
"1099",1,"CancerCellpseudoPBMC_10000_GSE150430_NPC_Epi_n10.csv","Immune cells
n=10000","10","Precision",1,"Primary cancer cell"
"1100",1,"CancerCellpseudoPBMC_10000_GSE150430_NPC_Epi_n100.csv","Immune cells
n=10000","100","Precision",1,"Primary cancer cell"
"1101",1,"CancerCellpseudoPBMC_10000_GSE150430_NPC_Epi_n20.csv","Immune cells
n=10000","20","Precision",1,"Primary cancer cell"
"1102",1,"CancerCellpseudoPBMC_10000_GSE150430_NPC_Epi_n5.csv","Immune cells
n=10000","5","Precision",1,"Primary cancer cell"
"1103",0.999904761904762,"CancerCellpseudoPBMC_10000_GSE150430_NPC_Epi_n500.csv","Immune cells
n=10000","500","Precision",1,"Primary cancer cell"
"1104",1,"CancerCellpseudoPBMC_10000_GSE150825_NPC_Epi_n10.csv","Immune cells
n=10000","10","Precision",1,"Primary cancer cell"
"1105",1,"CancerCellpseudoPBMC_10000_GSE150825_NPC_Epi_n20.csv","Immune cells
n=10000","20","Precision",1,"Primary cancer cell"
"1106",1,"CancerCellpseudoPBMC_10000_GSE150825_NPC_Epi_n5.csv","Immune cells
n=10000","5","Precision",1,"Primary cancer cell"
"1107",1,"CancerCellpseudoPBMC_10000_GSE150825_NPC_Epi_n50.csv","Immune cells
n=10000","5","Precision",1,"Primary cancer cell"
"1108",1,"CancerCellpseudoPBMC_10000_GSE155698_PDAC_Epi_n10.csv","Immune cells
n=10000","10","Precision",1,"Primary cancer cell"
"1109",1,"CancerCellpseudoPBMC_10000_GSE155698_PDAC_Epi_n100.csv","Immune cells
n=10000","100","Precision",1,"Primary cancer cell"
"1110",1,"CancerCellpseudoPBMC_10000_GSE155698_PDAC_Epi_n20.csv","Immune cells
n=10000","20","Precision",1,"Primary cancer cell"
"1111",1,"CancerCellpseudoPBMC_10000_GSE155698_PDAC_Epi_n5.csv","Immune cells
n=10000","5","Precision",1,"Primary cancer cell"
"1112",0.999714285714286,"CancerCellpseudoPBMC_10000_GSE155698_PDAC_Epi_n500.csv","Immune cells
n=10000","500","Precision",1,"Primary cancer cell"
"1113",1,"CancerCellpseudoPBMC_10000_GSE162025_NPC_Epi_n10.csv","Immune cells
n=10000","10","Precision",1,"Primary cancer cell"
"1114",1,"CancerCellpseudoPBMC_10000_GSE162025_NPC_Epi_n100.csv","Immune cells
n=10000","100","Precision",1,"Primary cancer cell"
"1115",1,"CancerCellpseudoPBMC_10000_GSE162025_NPC_Epi_n20.csv","Immune cells
n=10000","20","Precision",1,"Primary cancer cell"
"1116",1,"CancerCellpseudoPBMC_10000_GSE162025_NPC_Epi_n5.csv","Immune cells
n=10000","5","Precision",1,"Primary cancer cell"
"1117",1,"CancerCellpseudoPBMC_10000_GSE168652_Cervix_Epi_n10.csv","Immune cells
n=10000","10","Precision",1,"Primary cancer cell"
"1118",1,"CancerCellpseudoPBMC_10000_GSE168652_Cervix_Epi_n100.csv","Immune cells
n=10000","100","Precision",1,"Primary cancer cell"
"1119",1,"CancerCellpseudoPBMC_10000_GSE168652_Cervix_Epi_n20.csv","Immune cells
n=10000","20","Precision",1,"Primary cancer cell"
"1120",1,"CancerCellpseudoPBMC_10000_GSE168652_Cervix_Epi_n5.csv","Immune cells
n=10000","5","Precision",1,"Primary cancer cell"
"1121",1,"CancerCellpseudoPBMC_10000_GSE168652_Cervix_Epi_n500.csv","Immune cells
n=10000","500","Precision",1,"Primary cancer cell"
"1122",1,"CancerCellpseudoPBMC_10000_GSE173682_Endome_Epi_n10.csv","Immune cells
n=10000","10","Precision",1,"Primary cancer cell"
"1123",1,"CancerCellpseudoPBMC_10000_GSE173682_Endome_Epi_n100.csv","Immune cells
n=10000","100","Precision",1,"Primary cancer cell"
"1124",1,"CancerCellpseudoPBMC_10000_GSE173682_Endome_Epi_n20.csv","Immune cells
n=10000","20","Precision",1,"Primary cancer cell"
"1125",1,"CancerCellpseudoPBMC_10000_GSE173682_Endome_Epi_n5.csv","Immune cells
n=10000","5","Precision",1,"Primary cancer cell"
"1126",1,"CancerCellpseudoPBMC_10000_GSE173682_Endome_Epi_n500.csv","Immune cells
n=10000","500","Precision",1,"Primary cancer cell"
"1127",1,"CancerCellpseudoPBMC_10000_GSE173682_Ovarian_Epi_n10.csv","Immune cells
n=10000","10","Precision",1,"Primary cancer cell"
"1128",1,"CancerCellpseudoPBMC_10000_GSE173682_Ovarian_Epi_n100.csv","Immune cells
n=10000","100","Precision",1,"Primary cancer cell"
"1129",1,"CancerCellpseudoPBMC_10000_GSE173682_Ovarian_Epi_n20.csv","Immune cells
n=10000","20","Precision",1,"Primary cancer cell"
"1130",1,"CancerCellpseudoPBMC_10000_GSE173682_Ovarian_Epi_n5.csv","Immune cells
n=10000","5","Precision",1,"Primary cancer cell"
"1131",1,"CancerCellpseudoPBMC_10000_GSE173682_Ovarian_Epi_n500.csv","Immune cells
n=10000","500","Precision",1,"Primary cancer cell"
"1132",1,"CancerCellpseudoPBMC_10000_GSE176031_Prostate_Epi_n10.csv","Immune cells
n=10000","10","Precision",1,"Primary cancer cell"
"1133",1,"CancerCellpseudoPBMC_10000_GSE176031_Prostate_Epi_n100.csv","Immune cells
n=10000","100","Precision",1,"Primary cancer cell"
"1134",1,"CancerCellpseudoPBMC_10000_GSE176031_Prostate_Epi_n20.csv","Immune cells
n=10000","20","Precision",1,"Primary cancer cell"
"1135",1,"CancerCellpseudoPBMC_10000_GSE176031_Prostate_Epi_n5.csv","Immune cells
n=10000","5","Precision",1,"Primary cancer cell"
"1136",1,"CancerCellpseudoPBMC_10000_GSE176078_BC_Epi_n10.csv","Immune cells
n=10000","10","Precision",1,"Primary cancer cell"
"1137",1,"CancerCellpseudoPBMC_10000_GSE176078_BC_Epi_n100.csv","Immune cells
n=10000","100","Precision",1,"Primary cancer cell"
"1138",1,"CancerCellpseudoPBMC_10000_GSE176078_BC_Epi_n20.csv","Immune cells
n=10000","20","Precision",1,"Primary cancer cell"
"1139",1,"CancerCellpseudoPBMC_10000_GSE176078_BC_Epi_n5.csv","Immune cells
n=10000","5","Precision",1,"Primary cancer cell"
"1140",1,"CancerCellpseudoPBMC_10000_GSE176078_BC_Epi_n500.csv","Immune cells
n=10000","500","Precision",1,"Primary cancer cell"
"1141",1,"CancerCellpseudoPBMC_10000_GSE178318_CRC_Epi_n10.csv","Immune cells
n=10000","10","Precision",1,"Primary cancer cell"
"1142",1,"CancerCellpseudoPBMC_10000_GSE178318_CRC_Epi_n100.csv","Immune cells
n=10000","100","Precision",1,"Primary cancer cell"
"1143",1,"CancerCellpseudoPBMC_10000_GSE178318_CRC_Epi_n20.csv","Immune cells
n=10000","20","Precision",1,"Primary cancer cell"
"1144",1,"CancerCellpseudoPBMC_10000_GSE178318_CRC_Epi_n5.csv","Immune cells
n=10000","5","Precision",1,"Primary cancer cell"
"1145",1,"CancerCellpseudoPBMC_10000_GSE178318_CRC_Epi_n500.csv","Immune cells
n=10000","500","Precision",1,"Primary cancer cell"
"1146",1,"CancerCellpseudoPBMC_10000_GSE193337_Prostate_Epi_n10.csv","Immune cells
n=10000","10","Precision",1,"Primary cancer cell"
"1147",1,"CancerCellpseudoPBMC_10000_GSE193337_Prostate_Epi_n100.csv","Immune cells
n=10000","100","Precision",1,"Primary cancer cell"
"1148",1,"CancerCellpseudoPBMC_10000_GSE193337_Prostate_Epi_n20.csv","Immune cells
n=10000","20","Precision",1,"Primary cancer cell"
"1149",1,"CancerCellpseudoPBMC_10000_GSE193337_Prostate_Epi_n5.csv","Immune cells
n=10000","5","Precision",1,"Primary cancer cell"
"1150",0.999904761904762,"CancerCellpseudoPBMC_10000_GSE193337_Prostate_Epi_n500.csv","Immune cells
n=10000","500","Precision",1,"Primary cancer cell"
"1151",1,"CancerCellpseudoPBMC_10000_GSE215120_Melanoma_n10.csv","Immune cells
n=10000","10","Precision",1,"Primary cancer cell"
"1152",1,"CancerCellpseudoPBMC_10000_GSE215120_Melanoma_n100.csv","Immune cells
n=10000","100","Precision",1,"Primary cancer cell"
"1153",1,"CancerCellpseudoPBMC_10000_GSE215120_Melanoma_n20.csv","Immune cells
n=10000","20","Precision",1,"Primary cancer cell"
"1154",1,"CancerCellpseudoPBMC_10000_GSE215120_Melanoma_n5.csv","Immune cells
n=10000","5","Precision",1,"Primary cancer cell"
"1155",0.999904761904762,"CancerCellpseudoPBMC_10000_GSE215120_Melanoma_n500.csv","Immune cells
n=10000","500","Precision",1,"Primary cancer cell"
"1156",1,"CancerCellpseudoPBMC_10000_GSM3946506_Mela_cl_n10.csv","Immune cells
n=10000","10","Precision",1,"Primary cancer cell"
"1157",1,"CancerCellpseudoPBMC_10000_GSM3946506_Mela_cl_n100.csv","Immune cells
n=10000","100","Precision",1,"Primary cancer cell"
"1158",1,"CancerCellpseudoPBMC_10000_GSM3946506_Mela_cl_n20.csv","Immune cells
n=10000","20","Precision",1,"Primary cancer cell"
"1159",1,"CancerCellpseudoPBMC_10000_GSM3946506_Mela_cl_n5.csv","Immune cells
n=10000","5","Precision",1,"Primary cancer cell"
"1160",1,"CancerCellpseudoPBMC_10000_OMIX001073_GC_Epi_n10.csv","Immune cells
n=10000","10","Precision",1,"Primary cancer cell"
"1161",1,"CancerCellpseudoPBMC_10000_OMIX001073_GC_Epi_n100.csv","Immune cells
n=10000","100","Precision",1,"Primary cancer cell"
"1162",1,"CancerCellpseudoPBMC_10000_OMIX001073_GC_Epi_n20.csv","Immune cells
n=10000","20","Precision",1,"Primary cancer cell"
"1163",1,"CancerCellpseudoPBMC_10000_OMIX001073_GC_Epi_n5.csv","Immune cells
n=10000","5","Precision",1,"Primary cancer cell"
"1164",1,"CancerCellpseudoPBMC_10000_OMIX001073_GC_Epi_n500.csv","Immune cells
n=10000","500","Precision",1,"Primary cancer cell"
"1165",1,"CancerCellpseudoPBMC_7500_E-MTAB-11948_Cervix_Epi_n10.csv","Immune cells
n=7500","10","Precision",1,"Primary cancer cell"
"1166",1,"CancerCellpseudoPBMC_7500_E-MTAB-11948_Cervix_Epi_n100.csv","Immune cells
n=7500","100","Precision",1,"Primary cancer cell"
"1167",1,"CancerCellpseudoPBMC_7500_E-MTAB-11948_Cervix_Epi_n20.csv","Immune cells
n=7500","20","Precision",1,"Primary cancer cell"
"1168",1,"CancerCellpseudoPBMC_7500_E-MTAB-11948_Cervix_Epi_n5.csv","Immune cells
n=7500","5","Precision",1,"Primary cancer cell"
"1169",1,"CancerCellpseudoPBMC_7500_E-MTAB-11948_Cervix_Epi_n500.csv","Immune cells
n=7500","500","Precision",1,"Primary cancer cell"
"1170",1,"CancerCellpseudoPBMC_7500_GSE127465_NSCLC2019_Epi_n10.csv","Immune cells
n=7500","10","Precision",1,"Primary cancer cell"
"1171",1,"CancerCellpseudoPBMC_7500_GSE127465_NSCLC2019_Epi_n100.csv","Immune cells
n=7500","100","Precision",1,"Primary cancer cell"
"1172",1,"CancerCellpseudoPBMC_7500_GSE127465_NSCLC2019_Epi_n20.csv","Immune cells
n=7500","20","Precision",1,"Primary cancer cell"
"1173",1,"CancerCellpseudoPBMC_7500_GSE127465_NSCLC2019_Epi_n5.csv","Immune cells
n=7500","5","Precision",1,"Primary cancer cell"
"1174",1,"CancerCellpseudoPBMC_7500_GSE132465_CRC_Epi_n10.csv","Immune cells
n=7500","10","Precision",1,"Primary cancer cell"
"1175",1,"CancerCellpseudoPBMC_7500_GSE132465_CRC_Epi_n100.csv","Immune cells
n=7500","100","Precision",1,"Primary cancer cell"
"1176",1,"CancerCellpseudoPBMC_7500_GSE132465_CRC_Epi_n20.csv","Immune cells
n=7500","20","Precision",1,"Primary cancer cell"
"1177",1,"CancerCellpseudoPBMC_7500_GSE132465_CRC_Epi_n5.csv","Immune cells
n=7500","5","Precision",1,"Primary cancer cell"
"1178",1,"CancerCellpseudoPBMC_7500_GSE132465_CRC_Epi_n500.csv","Immune cells
n=7500","500","Precision",1,"Primary cancer cell"
"1179",1,"CancerCellpseudoPBMC_7500_GSE148071_LUNG_Epi_n10.csv","Immune cells
n=7500","10","Precision",1,"Primary cancer cell"
"1180",1,"CancerCellpseudoPBMC_7500_GSE148071_LUNG_Epi_n100.csv","Immune cells
n=7500","100","Precision",1,"Primary cancer cell"
"1181",1,"CancerCellpseudoPBMC_7500_GSE148071_LUNG_Epi_n20.csv","Immune cells
n=7500","20","Precision",1,"Primary cancer cell"
"1182",1,"CancerCellpseudoPBMC_7500_GSE148071_LUNG_Epi_n5.csv","Immune cells
n=7500","5","Precision",1,"Primary cancer cell"
"1183",1,"CancerCellpseudoPBMC_7500_GSE148071_LUNG_Epi_n500.csv","Immune cells
n=7500","500","Precision",1,"Primary cancer cell"
"1184",1,"CancerCellpseudoPBMC_7500_GSE149614_HCC_Epi_n10.csv","Immune cells
n=7500","10","Precision",1,"Primary cancer cell"
"1185",1,"CancerCellpseudoPBMC_7500_GSE149614_HCC_Epi_n100.csv","Immune cells
n=7500","100","Precision",1,"Primary cancer cell"
"1186",1,"CancerCellpseudoPBMC_7500_GSE149614_HCC_Epi_n20.csv","Immune cells
n=7500","20","Precision",1,"Primary cancer cell"
"1187",1,"CancerCellpseudoPBMC_7500_GSE149614_HCC_Epi_n5.csv","Immune cells
n=7500","5","Precision",1,"Primary cancer cell"
"1188",1,"CancerCellpseudoPBMC_7500_GSE149614_HCC_Epi_n500.csv","Immune cells
n=7500","500","Precision",1,"Primary cancer cell"
"1189",1,"CancerCellpseudoPBMC_7500_GSE150430_NPC_Epi_n10.csv","Immune cells
n=7500","10","Precision",1,"Primary cancer cell"
"1190",1,"CancerCellpseudoPBMC_7500_GSE150430_NPC_Epi_n100.csv","Immune cells
n=7500","100","Precision",1,"Primary cancer cell"
"1191",1,"CancerCellpseudoPBMC_7500_GSE150430_NPC_Epi_n20.csv","Immune cells
n=7500","20","Precision",1,"Primary cancer cell"
"1192",1,"CancerCellpseudoPBMC_7500_GSE150430_NPC_Epi_n5.csv","Immune cells
n=7500","5","Precision",1,"Primary cancer cell"
"1193",0.999875,"CancerCellpseudoPBMC_7500_GSE150430_NPC_Epi_n500.csv","Immune cells
n=7500","500","Precision",1,"Primary cancer cell"
"1194",1,"CancerCellpseudoPBMC_7500_GSE150825_NPC_Epi_n10.csv","Immune cells
n=7500","10","Precision",1,"Primary cancer cell"
"1195",1,"CancerCellpseudoPBMC_7500_GSE150825_NPC_Epi_n20.csv","Immune cells
n=7500","20","Precision",1,"Primary cancer cell"
"1196",1,"CancerCellpseudoPBMC_7500_GSE150825_NPC_Epi_n5.csv","Immune cells
n=7500","5","Precision",1,"Primary cancer cell"
"1197",1,"CancerCellpseudoPBMC_7500_GSE155698_PDAC_Epi_n10.csv","Immune cells
n=7500","10","Precision",1,"Primary cancer cell"
"1198",1,"CancerCellpseudoPBMC_7500_GSE155698_PDAC_Epi_n100.csv","Immune cells
n=7500","100","Precision",1,"Primary cancer cell"
"1199",1,"CancerCellpseudoPBMC_7500_GSE155698_PDAC_Epi_n20.csv","Immune cells
n=7500","20","Precision",1,"Primary cancer cell"
"1200",1,"CancerCellpseudoPBMC_7500_GSE155698_PDAC_Epi_n5.csv","Immune cells
n=7500","5","Precision",1,"Primary cancer cell"
"1201",0.999625,"CancerCellpseudoPBMC_7500_GSE155698_PDAC_Epi_n500.csv","Immune cells
n=7500","500","Precision",1,"Primary cancer cell"
"1202",1,"CancerCellpseudoPBMC_7500_GSE162025_NPC_Epi_n10.csv","Immune cells
n=7500","10","Precision",1,"Primary cancer cell"
"1203",1,"CancerCellpseudoPBMC_7500_GSE162025_NPC_Epi_n100.csv","Immune cells
n=7500","100","Precision",1,"Primary cancer cell"
"1204",1,"CancerCellpseudoPBMC_7500_GSE162025_NPC_Epi_n20.csv","Immune cells
n=7500","20","Precision",1,"Primary cancer cell"
"1205",1,"CancerCellpseudoPBMC_7500_GSE162025_NPC_Epi_n5.csv","Immune cells
n=7500","5","Precision",1,"Primary cancer cell"
"1206",1,"CancerCellpseudoPBMC_7500_GSE168652_Cervix_Epi_n10.csv","Immune cells
n=7500","10","Precision",1,"Primary cancer cell"
"1207",1,"CancerCellpseudoPBMC_7500_GSE168652_Cervix_Epi_n100.csv","Immune cells
n=7500","100","Precision",1,"Primary cancer cell"
"1208",1,"CancerCellpseudoPBMC_7500_GSE168652_Cervix_Epi_n20.csv","Immune cells
n=7500","20","Precision",1,"Primary cancer cell"
"1209",1,"CancerCellpseudoPBMC_7500_GSE168652_Cervix_Epi_n5.csv","Immune cells
n=7500","5","Precision",1,"Primary cancer cell"
"1210",1,"CancerCellpseudoPBMC_7500_GSE168652_Cervix_Epi_n500.csv","Immune cells
n=7500","500","Precision",1,"Primary cancer cell"
"1211",1,"CancerCellpseudoPBMC_7500_GSE173682_Endome_Epi_n10.csv","Immune cells
n=7500","10","Precision",1,"Primary cancer cell"
"1212",1,"CancerCellpseudoPBMC_7500_GSE173682_Endome_Epi_n100.csv","Immune cells
n=7500","100","Precision",1,"Primary cancer cell"
"1213",1,"CancerCellpseudoPBMC_7500_GSE173682_Endome_Epi_n20.csv","Immune cells
n=7500","20","Precision",1,"Primary cancer cell"
"1214",1,"CancerCellpseudoPBMC_7500_GSE173682_Endome_Epi_n5.csv","Immune cells
n=7500","5","Precision",1,"Primary cancer cell"
"1215",1,"CancerCellpseudoPBMC_7500_GSE173682_Endome_Epi_n500.csv","Immune cells
n=7500","500","Precision",1,"Primary cancer cell"
"1216",1,"CancerCellpseudoPBMC_7500_GSE173682_Ovarian_Epi_n10.csv","Immune cells
n=7500","10","Precision",1,"Primary cancer cell"
"1217",1,"CancerCellpseudoPBMC_7500_GSE173682_Ovarian_Epi_n100.csv","Immune cells
n=7500","100","Precision",1,"Primary cancer cell"
"1218",1,"CancerCellpseudoPBMC_7500_GSE173682_Ovarian_Epi_n20.csv","Immune cells
n=7500","20","Precision",1,"Primary cancer cell"
"1219",1,"CancerCellpseudoPBMC_7500_GSE173682_Ovarian_Epi_n5.csv","Immune cells
n=7500","5","Precision",1,"Primary cancer cell"
"1220",1,"CancerCellpseudoPBMC_7500_GSE173682_Ovarian_Epi_n500.csv","Immune cells
n=7500","500","Precision",1,"Primary cancer cell"
"1221",1,"CancerCellpseudoPBMC_7500_GSE176031_Prostate_Epi_n10.csv","Immune cells
n=7500","10","Precision",1,"Primary cancer cell"
"1222",1,"CancerCellpseudoPBMC_7500_GSE176031_Prostate_Epi_n100.csv","Immune cells
n=7500","100","Precision",1,"Primary cancer cell"
"1223",1,"CancerCellpseudoPBMC_7500_GSE176031_Prostate_Epi_n20.csv","Immune cells
n=7500","20","Precision",1,"Primary cancer cell"
"1224",1,"CancerCellpseudoPBMC_7500_GSE176031_Prostate_Epi_n5.csv","Immune cells
n=7500","5","Precision",1,"Primary cancer cell"
"1225",1,"CancerCellpseudoPBMC_7500_GSE176078_BC_Epi_n10.csv","Immune cells
n=7500","10","Precision",1,"Primary cancer cell"
"1226",1,"CancerCellpseudoPBMC_7500_GSE176078_BC_Epi_n100.csv","Immune cells
n=7500","100","Precision",1,"Primary cancer cell"
"1227",1,"CancerCellpseudoPBMC_7500_GSE176078_BC_Epi_n20.csv","Immune cells
n=7500","20","Precision",1,"Primary cancer cell"
"1228",1,"CancerCellpseudoPBMC_7500_GSE176078_BC_Epi_n5.csv","Immune cells
n=7500","5","Precision",1,"Primary cancer cell"
"1229",1,"CancerCellpseudoPBMC_7500_GSE176078_BC_Epi_n500.csv","Immune cells
n=7500","500","Precision",1,"Primary cancer cell"
"1230",1,"CancerCellpseudoPBMC_7500_GSE178318_CRC_Epi_n10.csv","Immune cells
n=7500","10","Precision",1,"Primary cancer cell"
"1231",1,"CancerCellpseudoPBMC_7500_GSE178318_CRC_Epi_n100.csv","Immune cells
n=7500","100","Precision",1,"Primary cancer cell"
"1232",1,"CancerCellpseudoPBMC_7500_GSE178318_CRC_Epi_n20.csv","Immune cells
n=7500","20","Precision",1,"Primary cancer cell"
"1233",1,"CancerCellpseudoPBMC_7500_GSE178318_CRC_Epi_n5.csv","Immune cells
n=7500","5","Precision",1,"Primary cancer cell"
"1234",1,"CancerCellpseudoPBMC_7500_GSE178318_CRC_Epi_n500.csv","Immune cells
n=7500","500","Precision",1,"Primary cancer cell"
"1235",1,"CancerCellpseudoPBMC_7500_GSE193337_Prostate_Epi_n10.csv","Immune cells
n=7500","10","Precision",1,"Primary cancer cell"
"1236",1,"CancerCellpseudoPBMC_7500_GSE193337_Prostate_Epi_n100.csv","Immune cells
n=7500","100","Precision",1,"Primary cancer cell"
"1237",1,"CancerCellpseudoPBMC_7500_GSE193337_Prostate_Epi_n20.csv","Immune cells
n=7500","20","Precision",1,"Primary cancer cell"
"1238",1,"CancerCellpseudoPBMC_7500_GSE193337_Prostate_Epi_n5.csv","Immune cells
n=7500","5","Precision",1,"Primary cancer cell"
"1239",0.999875,"CancerCellpseudoPBMC_7500_GSE193337_Prostate_Epi_n500.csv","Immune cells
n=7500","500","Precision",1,"Primary cancer cell"
"1240",1,"CancerCellpseudoPBMC_7500_GSE215120_Melanoma_n10.csv","Immune cells
n=7500","10","Precision",1,"Primary cancer cell"
"1241",1,"CancerCellpseudoPBMC_7500_GSE215120_Melanoma_n100.csv","Immune cells
n=7500","100","Precision",1,"Primary cancer cell"
"1242",1,"CancerCellpseudoPBMC_7500_GSE215120_Melanoma_n20.csv","Immune cells
n=7500","20","Precision",1,"Primary cancer cell"
"1243",1,"CancerCellpseudoPBMC_7500_GSE215120_Melanoma_n5.csv","Immune cells
n=7500","5","Precision",1,"Primary cancer cell"
"1244",0.999875,"CancerCellpseudoPBMC_7500_GSE215120_Melanoma_n500.csv","Immune cells
n=7500","500","Precision",1,"Primary cancer cell"
"1245",1,"CancerCellpseudoPBMC_7500_GSM3946506_Mela_cl_n10.csv","Immune cells
n=7500","10","Precision",1,"Primary cancer cell"
"1246",1,"CancerCellpseudoPBMC_7500_GSM3946506_Mela_cl_n100.csv","Immune cells
n=7500","100","Precision",1,"Primary cancer cell"
"1247",1,"CancerCellpseudoPBMC_7500_GSM3946506_Mela_cl_n20.csv","Immune cells
n=7500","20","Precision",1,"Primary cancer cell"
"1248",1,"CancerCellpseudoPBMC_7500_GSM3946506_Mela_cl_n5.csv","Immune cells
n=7500","5","Precision",1,"Primary cancer cell"
"1249",1,"CancerCellpseudoPBMC_7500_OMIX001073_GC_Epi_n10.csv","Immune cells
n=7500","10","Precision",1,"Primary cancer cell"
"1250",1,"CancerCellpseudoPBMC_7500_OMIX001073_GC_Epi_n100.csv","Immune cells
n=7500","100","Precision",1,"Primary cancer cell"
"1251",1,"CancerCellpseudoPBMC_7500_OMIX001073_GC_Epi_n20.csv","Immune cells
n=7500","20","Precision",1,"Primary cancer cell"
"1252",1,"CancerCellpseudoPBMC_7500_OMIX001073_GC_Epi_n5.csv","Immune cells
n=7500","5","Precision",1,"Primary cancer cell"
"1253",1,"CancerCellpseudoPBMC_7500_OMIX001073_GC_Epi_n500.csv","Immune cells
n=7500","500","Precision",1,"Primary cancer cell"
"1254",1,"predict_E-MTAB-11948_Cervix_Epi_n10_GSE155698_Healthy_PBMC_1.csv","GSE155698 HD1
n=2720","10","Precision",1,"Primary cancer cell"
"1255",1,"predict_E-MTAB-11948_Cervix_Epi_n10_GSE199994_HD1.csv","GSE199994 HD1
n=7032","10","Precision",1,"Primary cancer cell"
"1256",1,"predict_E-MTAB-11948_Cervix_Epi_n100_GSE155698_Healthy_PBMC_1.csv","GSE155698 HD1
n=2720","100","Precision",1,"Primary cancer cell"
"1257",1,"predict_E-MTAB-11948_Cervix_Epi_n100_GSE199994_HD1.csv","GSE199994 HD1
n=7032","100","Precision",1,"Primary cancer cell"
"1258",1,"predict_E-MTAB-11948_Cervix_Epi_n20_GSE155698_Healthy_PBMC_1.csv","GSE155698 HD1
n=2720","20","Precision",1,"Primary cancer cell"
"1259",1,"predict_E-MTAB-11948_Cervix_Epi_n20_GSE199994_HD1.csv","GSE199994 HD1
n=7032","20","Precision",1,"Primary cancer cell"
"1260",1,"predict_E-MTAB-11948_Cervix_Epi_n5_GSE155698_Healthy_PBMC_1.csv","GSE155698 HD1
n=2720","5","Precision",1,"Primary cancer cell"
"1261",1,"predict_E-MTAB-11948_Cervix_Epi_n5_GSE199994_HD1.csv","GSE199994 HD1
n=7032","5","Precision",1,"Primary cancer cell"
"1262",1,"predict_E-MTAB-11948_Cervix_Epi_n500_GSE155698_Healthy_PBMC_1.csv","GSE155698 HD1
n=2720","500","Precision",1,"Primary cancer cell"
"1263",1,"predict_E-MTAB-11948_Cervix_Epi_n500_GSE199994_HD1.csv","GSE199994 HD1
n=7032","500","Precision",1,"Primary cancer cell"
"1264",1,"predict_GSE127465_NSCLC2019_Epi_n10_GSE155698_Healthy_PBMC_1.csv","GSE155698 HD1
n=2720","10","Precision",1,"Primary cancer cell"
"1265",1,"predict_GSE127465_NSCLC2019_Epi_n10_GSE199994_HD1.csv","GSE199994 HD1
n=7032","10","Precision",1,"Primary cancer cell"
"1266",1,"predict_GSE127465_NSCLC2019_Epi_n100_GSE155698_Healthy_PBMC_1.csv","GSE155698 HD1
n=2720","100","Precision",1,"Primary cancer cell"
"1267",1,"predict_GSE127465_NSCLC2019_Epi_n100_GSE199994_HD1.csv","GSE199994 HD1
n=7032","100","Precision",1,"Primary cancer cell"
"1268",1,"predict_GSE127465_NSCLC2019_Epi_n20_GSE155698_Healthy_PBMC_1.csv","GSE155698 HD1
n=2720","20","Precision",1,"Primary cancer cell"
"1269",1,"predict_GSE127465_NSCLC2019_Epi_n20_GSE199994_HD1.csv","GSE199994 HD1
n=7032","20","Precision",1,"Primary cancer cell"
"1270",1,"predict_GSE127465_NSCLC2019_Epi_n5_GSE155698_Healthy_PBMC_1.csv","GSE155698 HD1
n=2720","5","Precision",1,"Primary cancer cell"
"1271",1,"predict_GSE127465_NSCLC2019_Epi_n5_GSE199994_HD1.csv","GSE199994 HD1
n=7032","5","Precision",1,"Primary cancer cell"
"1272",1,"predict_GSE132465_CRC_Epi_n10_GSE155698_Healthy_PBMC_1.csv","GSE155698 HD1
n=2720","10","Precision",1,"Primary cancer cell"
"1273",1,"predict_GSE132465_CRC_Epi_n10_GSE199994_HD1.csv","GSE199994 HD1
n=7032","10","Precision",1,"Primary cancer cell"
"1274",1,"predict_GSE132465_CRC_Epi_n100_GSE155698_Healthy_PBMC_1.csv","GSE155698 HD1
n=2720","100","Precision",1,"Primary cancer cell"
"1275",1,"predict_GSE132465_CRC_Epi_n100_GSE199994_HD1.csv","GSE199994 HD1
n=7032","100","Precision",1,"Primary cancer cell"
"1276",1,"predict_GSE132465_CRC_Epi_n20_GSE155698_Healthy_PBMC_1.csv","GSE155698 HD1
n=2720","20","Precision",1,"Primary cancer cell"
"1277",1,"predict_GSE132465_CRC_Epi_n20_GSE199994_HD1.csv","GSE199994 HD1
n=7032","20","Precision",1,"Primary cancer cell"
"1278",1,"predict_GSE132465_CRC_Epi_n5_GSE155698_Healthy_PBMC_1.csv","GSE155698 HD1
n=2720","5","Precision",1,"Primary cancer cell"
"1279",1,"predict_GSE132465_CRC_Epi_n5_GSE199994_HD1.csv","GSE199994 HD1
n=7032","5","Precision",1,"Primary cancer cell"
"1280",1,"predict_GSE132465_CRC_Epi_n500_GSE155698_Healthy_PBMC_1.csv","GSE155698 HD1
n=2720","500","Precision",1,"Primary cancer cell"
"1281",1,"predict_GSE132465_CRC_Epi_n500_GSE199994_HD1.csv","GSE199994 HD1
n=7032","500","Precision",1,"Primary cancer cell"
"1282",1,"predict_GSE148071_LUNG_Epi_n10_GSE155698_Healthy_PBMC_1.csv","GSE155698 HD1
n=2720","10","Precision",1,"Primary cancer cell"
"1283",1,"predict_GSE148071_LUNG_Epi_n10_GSE199994_HD1.csv","GSE199994 HD1
n=7032","10","Precision",1,"Primary cancer cell"
"1284",1,"predict_GSE148071_LUNG_Epi_n100_GSE155698_Healthy_PBMC_1.csv","GSE155698 HD1
n=2720","100","Precision",1,"Primary cancer cell"
"1285",1,"predict_GSE148071_LUNG_Epi_n100_GSE199994_HD1.csv","GSE199994 HD1
n=7032","100","Precision",1,"Primary cancer cell"
"1286",1,"predict_GSE148071_LUNG_Epi_n20_GSE155698_Healthy_PBMC_1.csv","GSE155698 HD1
n=2720","20","Precision",1,"Primary cancer cell"
"1287",1,"predict_GSE148071_LUNG_Epi_n20_GSE199994_HD1.csv","GSE199994 HD1
n=7032","20","Precision",1,"Primary cancer cell"
"1288",1,"predict_GSE148071_LUNG_Epi_n5_GSE155698_Healthy_PBMC_1.csv","GSE155698 HD1
n=2720","5","Precision",1,"Primary cancer cell"
"1289",1,"predict_GSE148071_LUNG_Epi_n5_GSE199994_HD1.csv","GSE199994 HD1
n=7032","5","Precision",1,"Primary cancer cell"
"1290",1,"predict_GSE148071_LUNG_Epi_n500_GSE155698_Healthy_PBMC_1.csv","GSE155698 HD1
n=2720","500","Precision",1,"Primary cancer cell"
"1291",1,"predict_GSE148071_LUNG_Epi_n500_GSE199994_HD1.csv","GSE199994 HD1
n=7032","500","Precision",1,"Primary cancer cell"
"1292",1,"predict_GSE149614_HCC_Epi_n10_GSE155698_Healthy_PBMC_1.csv","GSE155698 HD1
n=2720","10","Precision",1,"Primary cancer cell"
"1293",1,"predict_GSE149614_HCC_Epi_n10_GSE199994_HD1.csv","GSE199994 HD1
n=7032","10","Precision",1,"Primary cancer cell"
"1294",1,"predict_GSE149614_HCC_Epi_n100_GSE155698_Healthy_PBMC_1.csv","GSE155698 HD1
n=2720","100","Precision",1,"Primary cancer cell"
"1295",1,"predict_GSE149614_HCC_Epi_n100_GSE199994_HD1.csv","GSE199994 HD1
n=7032","100","Precision",1,"Primary cancer cell"
"1296",1,"predict_GSE149614_HCC_Epi_n20_GSE155698_Healthy_PBMC_1.csv","GSE155698 HD1
n=2720","20","Precision",1,"Primary cancer cell"
"1297",1,"predict_GSE149614_HCC_Epi_n20_GSE199994_HD1.csv","GSE199994 HD1
n=7032","20","Precision",1,"Primary cancer cell"
"1298",1,"predict_GSE149614_HCC_Epi_n5_GSE155698_Healthy_PBMC_1.csv","GSE155698 HD1
n=2720","5","Precision",1,"Primary cancer cell"
"1299",1,"predict_GSE149614_HCC_Epi_n5_GSE199994_HD1.csv","GSE199994 HD1
n=7032","5","Precision",1,"Primary cancer cell"
"1300",1,"predict_GSE149614_HCC_Epi_n500_GSE155698_Healthy_PBMC_1.csv","GSE155698 HD1
n=2720","500","Precision",1,"Primary cancer cell"
"1301",1,"predict_GSE149614_HCC_Epi_n500_GSE199994_HD1.csv","GSE199994 HD1
n=7032","500","Precision",1,"Primary cancer cell"
"1302",1,"predict_GSE150430_NPC_Epi_n10_GSE155698_Healthy_PBMC_1.csv","GSE155698 HD1
n=2720","10","Precision",1,"Primary cancer cell"
"1303",1,"predict_GSE150430_NPC_Epi_n10_GSE199994_HD1.csv","GSE199994 HD1
n=7032","10","Precision",1,"Primary cancer cell"
"1304",1,"predict_GSE150430_NPC_Epi_n100_GSE155698_Healthy_PBMC_1.csv","GSE155698 HD1
n=2720","100","Precision",1,"Primary cancer cell"
"1305",1,"predict_GSE150430_NPC_Epi_n100_GSE199994_HD1.csv","GSE199994 HD1
n=7032","100","Precision",1,"Primary cancer cell"
"1306",1,"predict_GSE150430_NPC_Epi_n20_GSE155698_Healthy_PBMC_1.csv","GSE155698 HD1
n=2720","20","Precision",1,"Primary cancer cell"
"1307",1,"predict_GSE150430_NPC_Epi_n20_GSE199994_HD1.csv","GSE199994 HD1
n=7032","20","Precision",1,"Primary cancer cell"
"1308",1,"predict_GSE150430_NPC_Epi_n5_GSE155698_Healthy_PBMC_1.csv","GSE155698 HD1
n=2720","5","Precision",1,"Primary cancer cell"
"1309",1,"predict_GSE150430_NPC_Epi_n5_GSE199994_HD1.csv","GSE199994 HD1
n=7032","5","Precision",1,"Primary cancer cell"
"1310",0.999689440993789,"predict_GSE150430_NPC_Epi_n500_GSE155698_Healthy_PBMC_1.csv","GSE155698 HD1
n=2720","500","Precision",1,"Primary cancer cell"
"1311",0.999867233138609,"predict_GSE150430_NPC_Epi_n500_GSE199994_HD1.csv","GSE199994 HD1
n=7032","500","Precision",1,"Primary cancer cell"
"1312",1,"predict_GSE150825_NPC_Epi_n10_GSE155698_Healthy_PBMC_1.csv","GSE155698 HD1
n=2720","10","Precision",1,"Primary cancer cell"
"1313",1,"predict_GSE150825_NPC_Epi_n10_GSE199994_HD1.csv","GSE199994 HD1
n=7032","10","Precision",1,"Primary cancer cell"
"1314",1,"predict_GSE150825_NPC_Epi_n20_GSE155698_Healthy_PBMC_1.csv","GSE155698 HD1
n=2720","20","Precision",1,"Primary cancer cell"
"1315",1,"predict_GSE150825_NPC_Epi_n20_GSE199994_HD1.csv","GSE199994 HD1
n=7032","20","Precision",1,"Primary cancer cell"
"1316",1,"predict_GSE150825_NPC_Epi_n5_GSE155698_Healthy_PBMC_1.csv","GSE155698 HD1
n=2720","5","Precision",1,"Primary cancer cell"
"1317",1,"predict_GSE150825_NPC_Epi_n5_GSE199994_HD1.csv","GSE199994 HD1
n=7032","5","Precision",1,"Primary cancer cell"
"1318",1,"predict_GSE155698_PDAC_Epi_n10_GSE155698_Healthy_PBMC_1.csv","GSE155698 HD1
n=2720","10","Precision",1,"Primary cancer cell"
"1319",1,"predict_GSE155698_PDAC_Epi_n10_GSE199994_HD1.csv","GSE155698 HD1
n=2720","10","Precision",1,"Primary cancer cell"
"1320",1,"predict_GSE155698_PDAC_Epi_n100_GSE155698_Healthy_PBMC_1.csv","GSE155698 HD1
n=2720","100","Precision",1,"Primary cancer cell"
"1321",1,"predict_GSE155698_PDAC_Epi_n100_GSE199994_HD1.csv","GSE155698 HD1
n=2720","100","Precision",1,"Primary cancer cell"
"1322",1,"predict_GSE155698_PDAC_Epi_n20_GSE155698_Healthy_PBMC_1.csv","GSE155698 HD1
n=2720","20","Precision",1,"Primary cancer cell"
"1323",1,"predict_GSE155698_PDAC_Epi_n20_GSE199994_HD1.csv","GSE155698 HD1
n=2720","20","Precision",1,"Primary cancer cell"
"1324",1,"predict_GSE155698_PDAC_Epi_n5_GSE155698_Healthy_PBMC_1.csv","GSE155698 HD1
n=2720","5","Precision",1,"Primary cancer cell"
"1325",1,"predict_GSE155698_PDAC_Epi_n5_GSE199994_HD1.csv","GSE155698 HD1
n=2720","5","Precision",1,"Primary cancer cell"
"1326",0.999068322981366,"predict_GSE155698_PDAC_Epi_n500_GSE155698_Healthy_PBMC_1.csv","GSE155698 HD1
n=2720","500","Precision",1,"Primary cancer cell"
"1327",0.999601699415826,"predict_GSE155698_PDAC_Epi_n500_GSE199994_HD1.csv","GSE155698 HD1
n=2720","500","Precision",1,"Primary cancer cell"
"1328",1,"predict_GSE162025_NPC_Epi_n10_GSE155698_Healthy_PBMC_1.csv","GSE155698 HD1
n=2720","10","Precision",1,"Primary cancer cell"
"1329",1,"predict_GSE162025_NPC_Epi_n10_GSE199994_HD1.csv","GSE199994 HD1
n=7032","10","Precision",1,"Primary cancer cell"
"1330",1,"predict_GSE162025_NPC_Epi_n100_GSE155698_Healthy_PBMC_1.csv","GSE155698 HD1
n=2720","100","Precision",1,"Primary cancer cell"
"1331",1,"predict_GSE162025_NPC_Epi_n100_GSE199994_HD1.csv","GSE199994 HD1
n=7032","100","Precision",1,"Primary cancer cell"
"1332",1,"predict_GSE162025_NPC_Epi_n20_GSE155698_Healthy_PBMC_1.csv","GSE155698 HD1
n=2720","20","Precision",1,"Primary cancer cell"
"1333",1,"predict_GSE162025_NPC_Epi_n20_GSE199994_HD1.csv","GSE199994 HD1
n=7032","20","Precision",1,"Primary cancer cell"
"1334",1,"predict_GSE162025_NPC_Epi_n5_GSE155698_Healthy_PBMC_1.csv","GSE155698 HD1
n=2720","5","Precision",1,"Primary cancer cell"
"1335",1,"predict_GSE162025_NPC_Epi_n5_GSE199994_HD1.csv","GSE199994 HD1
n=7032","5","Precision",1,"Primary cancer cell"
"1336",1,"predict_GSE168652_Cervix_Epi_n10_GSE155698_Healthy_PBMC_1.csv","GSE155698 HD1
n=2720","10","Precision",1,"Primary cancer cell"
"1337",1,"predict_GSE168652_Cervix_Epi_n10_GSE199994_HD1.csv","GSE199994 HD1
n=7032","10","Precision",1,"Primary cancer cell"
"1338",1,"predict_GSE168652_Cervix_Epi_n100_GSE155698_Healthy_PBMC_1.csv","GSE155698 HD1
n=2720","100","Precision",1,"Primary cancer cell"
"1339",1,"predict_GSE168652_Cervix_Epi_n100_GSE199994_HD1.csv","GSE199994 HD1
n=7032","100","Precision",1,"Primary cancer cell"
"1340",1,"predict_GSE168652_Cervix_Epi_n20_GSE155698_Healthy_PBMC_1.csv","GSE155698 HD1
n=2720","20","Precision",1,"Primary cancer cell"
"1341",1,"predict_GSE168652_Cervix_Epi_n20_GSE199994_HD1.csv","GSE199994 HD1
n=7032","20","Precision",1,"Primary cancer cell"
"1342",1,"predict_GSE168652_Cervix_Epi_n5_GSE155698_Healthy_PBMC_1.csv","GSE155698 HD1
n=2720","5","Precision",1,"Primary cancer cell"
"1343",1,"predict_GSE168652_Cervix_Epi_n5_GSE199994_HD1.csv","GSE199994 HD1
n=7032","5","Precision",1,"Primary cancer cell"
"1344",1,"predict_GSE168652_Cervix_Epi_n500_GSE155698_Healthy_PBMC_1.csv","GSE155698 HD1
n=2720","500","Precision",1,"Primary cancer cell"
"1345",1,"predict_GSE168652_Cervix_Epi_n500_GSE199994_HD1.csv","GSE199994 HD1
n=7032","500","Precision",1,"Primary cancer cell"
"1346",1,"predict_GSE173682_Endome_Epi_n10_GSE155698_Healthy_PBMC_1.csv","GSE155698 HD1
n=2720","10","Precision",1,"Primary cancer cell"
"1347",1,"predict_GSE173682_Endome_Epi_n10_GSE199994_HD1.csv","GSE199994 HD1
n=7032","10","Precision",1,"Primary cancer cell"
"1348",1,"predict_GSE173682_Endome_Epi_n100_GSE155698_Healthy_PBMC_1.csv","GSE155698 HD1
n=2720","100","Precision",1,"Primary cancer cell"
"1349",1,"predict_GSE173682_Endome_Epi_n100_GSE199994_HD1.csv","GSE199994 HD1
n=7032","100","Precision",1,"Primary cancer cell"
"1350",1,"predict_GSE173682_Endome_Epi_n20_GSE155698_Healthy_PBMC_1.csv","GSE155698 HD1
n=2720","20","Precision",1,"Primary cancer cell"
"1351",1,"predict_GSE173682_Endome_Epi_n20_GSE199994_HD1.csv","GSE199994 HD1
n=7032","20","Precision",1,"Primary cancer cell"
"1352",1,"predict_GSE173682_Endome_Epi_n5_GSE155698_Healthy_PBMC_1.csv","GSE155698 HD1
n=2720","5","Precision",1,"Primary cancer cell"
"1353",1,"predict_GSE173682_Endome_Epi_n5_GSE199994_HD1.csv","GSE199994 HD1
n=7032","5","Precision",1,"Primary cancer cell"
"1354",1,"predict_GSE173682_Endome_Epi_n500_GSE155698_Healthy_PBMC_1.csv","GSE155698 HD1
n=2720","500","Precision",1,"Primary cancer cell"
"1355",1,"predict_GSE173682_Endome_Epi_n500_GSE199994_HD1.csv","GSE199994 HD1
n=7032","500","Precision",1,"Primary cancer cell"
"1356",1,"predict_GSE173682_Ovarian_Epi_n10_GSE155698_Healthy_PBMC_1.csv","GSE155698 HD1
n=2720","10","Precision",1,"Primary cancer cell"
"1357",1,"predict_GSE173682_Ovarian_Epi_n10_GSE199994_HD1.csv","GSE199994 HD1
n=7032","10","Precision",1,"Primary cancer cell"
"1358",1,"predict_GSE173682_Ovarian_Epi_n100_GSE155698_Healthy_PBMC_1.csv","GSE155698 HD1
n=2720","100","Precision",1,"Primary cancer cell"
"1359",1,"predict_GSE173682_Ovarian_Epi_n100_GSE199994_HD1.csv","GSE199994 HD1
n=7032","100","Precision",1,"Primary cancer cell"
"1360",1,"predict_GSE173682_Ovarian_Epi_n20_GSE155698_Healthy_PBMC_1.csv","GSE155698 HD1
n=2720","20","Precision",1,"Primary cancer cell"
"1361",1,"predict_GSE173682_Ovarian_Epi_n20_GSE199994_HD1.csv","GSE199994 HD1
n=7032","20","Precision",1,"Primary cancer cell"
"1362",1,"predict_GSE173682_Ovarian_Epi_n5_GSE155698_Healthy_PBMC_1.csv","GSE155698 HD1
n=2720","5","Precision",1,"Primary cancer cell"
"1363",1,"predict_GSE173682_Ovarian_Epi_n5_GSE199994_HD1.csv","GSE199994 HD1
n=7032","5","Precision",1,"Primary cancer cell"
"1364",1,"predict_GSE173682_Ovarian_Epi_n500_GSE155698_Healthy_PBMC_1.csv","GSE155698 HD1
n=2720","500","Precision",1,"Primary cancer cell"
"1365",1,"predict_GSE173682_Ovarian_Epi_n500_GSE199994_HD1.csv","GSE199994 HD1
n=7032","500","Precision",1,"Primary cancer cell"
"1366",1,"predict_GSE176031_Prostate_Epi_n10_GSE155698_Healthy_PBMC_1.csv","GSE155698 HD1
n=2720","10","Precision",1,"Primary cancer cell"
"1367",1,"predict_GSE176031_Prostate_Epi_n10_GSE199994_HD1.csv","GSE199994 HD1
n=7032","10","Precision",1,"Primary cancer cell"
"1368",1,"predict_GSE176031_Prostate_Epi_n100_GSE155698_Healthy_PBMC_1.csv","GSE155698 HD1
n=2720","100","Precision",1,"Primary cancer cell"
"1369",1,"predict_GSE176031_Prostate_Epi_n100_GSE199994_HD1.csv","GSE199994 HD1
n=7032","100","Precision",1,"Primary cancer cell"
"1370",1,"predict_GSE176031_Prostate_Epi_n20_GSE155698_Healthy_PBMC_1.csv","GSE155698 HD1
n=2720","20","Precision",1,"Primary cancer cell"
"1371",1,"predict_GSE176031_Prostate_Epi_n20_GSE199994_HD1.csv","GSE199994 HD1
n=7032","20","Precision",1,"Primary cancer cell"
"1372",1,"predict_GSE176031_Prostate_Epi_n5_GSE155698_Healthy_PBMC_1.csv","GSE155698 HD1
n=2720","5","Precision",1,"Primary cancer cell"
"1373",1,"predict_GSE176031_Prostate_Epi_n5_GSE199994_HD1.csv","GSE199994 HD1
n=7032","5","Precision",1,"Primary cancer cell"
"1374",1,"predict_GSE176078_BC_Epi_n10_GSE155698_Healthy_PBMC_1.csv","GSE155698 HD1
n=2720","10","Precision",1,"Primary cancer cell"
"1375",1,"predict_GSE176078_BC_Epi_n10_GSE199994_HD1.csv","GSE199994 HD1
n=7032","10","Precision",1,"Primary cancer cell"
"1376",1,"predict_GSE176078_BC_Epi_n100_GSE155698_Healthy_PBMC_1.csv","GSE155698 HD1
n=2720","100","Precision",1,"Primary cancer cell"
"1377",1,"predict_GSE176078_BC_Epi_n100_GSE199994_HD1.csv","GSE199994 HD1
n=7032","100","Precision",1,"Primary cancer cell"
"1378",1,"predict_GSE176078_BC_Epi_n20_GSE155698_Healthy_PBMC_1.csv","GSE155698 HD1
n=2720","20","Precision",1,"Primary cancer cell"
"1379",1,"predict_GSE176078_BC_Epi_n20_GSE199994_HD1.csv","GSE199994 HD1
n=7032","20","Precision",1,"Primary cancer cell"
"1380",1,"predict_GSE176078_BC_Epi_n5_GSE155698_Healthy_PBMC_1.csv","GSE155698 HD1
n=2720","5","Precision",1,"Primary cancer cell"
"1381",1,"predict_GSE176078_BC_Epi_n5_GSE199994_HD1.csv","GSE199994 HD1
n=7032","5","Precision",1,"Primary cancer cell"
"1382",1,"predict_GSE176078_BC_Epi_n500_GSE155698_Healthy_PBMC_1.csv","GSE155698 HD1
n=2720","500","Precision",1,"Primary cancer cell"
"1383",1,"predict_GSE176078_BC_Epi_n500_GSE199994_HD1.csv","GSE199994 HD1
n=7032","500","Precision",1,"Primary cancer cell"
"1384",1,"predict_GSE178318_CRC_Epi_n10_GSE155698_Healthy_PBMC_1.csv","GSE155698 HD1
n=2720","10","Precision",1,"Primary cancer cell"
"1385",1,"predict_GSE178318_CRC_Epi_n10_GSE199994_HD1.csv","GSE199994 HD1
n=7032","10","Precision",1,"Primary cancer cell"
"1386",1,"predict_GSE178318_CRC_Epi_n100_GSE155698_Healthy_PBMC_1.csv","GSE155698 HD1
n=2720","100","Precision",1,"Primary cancer cell"
"1387",1,"predict_GSE178318_CRC_Epi_n100_GSE199994_HD1.csv","GSE199994 HD1
n=7032","100","Precision",1,"Primary cancer cell"
"1388",1,"predict_GSE178318_CRC_Epi_n20_GSE155698_Healthy_PBMC_1.csv","GSE155698 HD1
n=2720","20","Precision",1,"Primary cancer cell"
"1389",1,"predict_GSE178318_CRC_Epi_n20_GSE199994_HD1.csv","GSE199994 HD1
n=7032","20","Precision",1,"Primary cancer cell"
"1390",1,"predict_GSE178318_CRC_Epi_n5_GSE155698_Healthy_PBMC_1.csv","GSE155698 HD1
n=2720","5","Precision",1,"Primary cancer cell"
"1391",1,"predict_GSE178318_CRC_Epi_n5_GSE199994_HD1.csv","GSE199994 HD1
n=7032","5","Precision",1,"Primary cancer cell"
"1392",1,"predict_GSE178318_CRC_Epi_n500_GSE155698_Healthy_PBMC_1.csv","GSE155698 HD1
n=2720","500","Precision",1,"Primary cancer cell"
"1393",1,"predict_GSE178318_CRC_Epi_n500_GSE199994_HD1.csv","GSE199994 HD1
n=7032","500","Precision",1,"Primary cancer cell"
"1394",1,"predict_GSE193337_Prostate_Epi_n10_GSE155698_Healthy_PBMC_1.csv","GSE155698 HD1
n=2720","10","Precision",1,"Primary cancer cell"
"1395",1,"predict_GSE193337_Prostate_Epi_n10_GSE199994_HD1.csv","GSE199994 HD1
n=7032","10","Precision",1,"Primary cancer cell"
"1396",1,"predict_GSE193337_Prostate_Epi_n100_GSE155698_Healthy_PBMC_1.csv","GSE155698 HD1
n=2720","100","Precision",1,"Primary cancer cell"
"1397",1,"predict_GSE193337_Prostate_Epi_n100_GSE199994_HD1.csv","GSE199994 HD1
n=7032","100","Precision",1,"Primary cancer cell"
"1398",1,"predict_GSE193337_Prostate_Epi_n20_GSE155698_Healthy_PBMC_1.csv","GSE155698 HD1
n=2720","20","Precision",1,"Primary cancer cell"
"1399",1,"predict_GSE193337_Prostate_Epi_n20_GSE199994_HD1.csv","GSE199994 HD1
n=7032","20","Precision",1,"Primary cancer cell"
"1400",1,"predict_GSE193337_Prostate_Epi_n5_GSE155698_Healthy_PBMC_1.csv","GSE155698 HD1
n=2720","5","Precision",1,"Primary cancer cell"
"1401",1,"predict_GSE193337_Prostate_Epi_n5_GSE199994_HD1.csv","GSE199994 HD1
n=7032","5","Precision",1,"Primary cancer cell"
"1402",0.999689440993789,"predict_GSE193337_Prostate_Epi_n500_GSE155698_Healthy_PBMC_1.csv","GSE155698 HD1
n=2720","500","Precision",1,"Primary cancer cell"
"1403",0.999867233138609,"predict_GSE193337_Prostate_Epi_n500_GSE199994_HD1.csv","GSE199994 HD1
n=7032","500","Precision",1,"Primary cancer cell"
"1404",1,"predict_GSE215120_Melanoma_n10_GSE155698_Healthy_PBMC_1.csv","GSE155698 HD1
n=2720","10","Precision",1,"Primary cancer cell"
"1405",1,"predict_GSE215120_Melanoma_n10_GSE199994_HD1.csv","GSE199994 HD1
n=7032","10","Precision",1,"Primary cancer cell"
"1406",1,"predict_GSE215120_Melanoma_n100_GSE155698_Healthy_PBMC_1.csv","GSE155698 HD1
n=2720","100","Precision",1,"Primary cancer cell"
"1407",1,"predict_GSE215120_Melanoma_n100_GSE199994_HD1.csv","GSE199994 HD1
n=7032","100","Precision",1,"Primary cancer cell"
"1408",1,"predict_GSE215120_Melanoma_n20_GSE155698_Healthy_PBMC_1.csv","GSE155698 HD1
n=2720","20","Precision",1,"Primary cancer cell"
"1409",1,"predict_GSE215120_Melanoma_n20_GSE199994_HD1.csv","GSE199994 HD1
n=7032","20","Precision",1,"Primary cancer cell"
"1410",1,"predict_GSE215120_Melanoma_n5_GSE155698_Healthy_PBMC_1.csv","GSE155698 HD1
n=2720","5","Precision",1,"Primary cancer cell"
"1411",1,"predict_GSE215120_Melanoma_n5_GSE199994_HD1.csv","GSE199994 HD1
n=7032","5","Precision",1,"Primary cancer cell"
"1412",0.999689440993789,"predict_GSE215120_Melanoma_n500_GSE155698_Healthy_PBMC_1.csv","GSE155698 HD1
n=2720","500","Precision",1,"Primary cancer cell"
"1413",0.999867233138609,"predict_GSE215120_Melanoma_n500_GSE199994_HD1.csv","GSE199994 HD1
n=7032","500","Precision",1,"Primary cancer cell"
"1414",1,"predict_GSM3946506_Mela_cl_n10_GSE155698_Healthy_PBMC_1.csv","GSE155698 HD1
n=2720","10","Precision",1,"Primary cancer cell"
"1415",1,"predict_GSM3946506_Mela_cl_n10_GSE199994_HD1.csv","GSE199994 HD1
n=7032","10","Precision",1,"Primary cancer cell"
"1416",1,"predict_GSM3946506_Mela_cl_n100_GSE155698_Healthy_PBMC_1.csv","GSE155698 HD1
n=2720","100","Precision",1,"Primary cancer cell"
"1417",1,"predict_GSM3946506_Mela_cl_n100_GSE199994_HD1.csv","GSE199994 HD1
n=7032","100","Precision",1,"Primary cancer cell"
"1418",1,"predict_GSM3946506_Mela_cl_n20_GSE155698_Healthy_PBMC_1.csv","GSE155698 HD1
n=2720","20","Precision",1,"Primary cancer cell"
"1419",1,"predict_GSM3946506_Mela_cl_n20_GSE199994_HD1.csv","GSE199994 HD1
n=7032","20","Precision",1,"Primary cancer cell"
"1420",1,"predict_GSM3946506_Mela_cl_n5_GSE155698_Healthy_PBMC_1.csv","GSE155698 HD1
n=2720","5","Precision",1,"Primary cancer cell"
"1421",1,"predict_GSM3946506_Mela_cl_n5_GSE199994_HD1.csv","GSE199994 HD1
n=7032","5","Precision",1,"Primary cancer cell"
"1422",1,"predict_OMIX001073_GC_Epi_n10_GSE155698_Healthy_PBMC_1.csv","GSE155698 HD1
n=2720","10","Precision",1,"Primary cancer cell"
"1423",1,"predict_OMIX001073_GC_Epi_n10_GSE199994_HD1.csv","GSE199994 HD1
n=7032","10","Precision",1,"Primary cancer cell"
"1424",1,"predict_OMIX001073_GC_Epi_n100_GSE155698_Healthy_PBMC_1.csv","GSE155698 HD1
n=2720","100","Precision",1,"Primary cancer cell"
"1425",1,"predict_OMIX001073_GC_Epi_n100_GSE199994_HD1.csv","GSE199994 HD1
n=7032","100","Precision",1,"Primary cancer cell"
"1426",1,"predict_OMIX001073_GC_Epi_n20_GSE155698_Healthy_PBMC_1.csv","GSE155698 HD1
n=2720","20","Precision",1,"Primary cancer cell"
"1427",1,"predict_OMIX001073_GC_Epi_n20_GSE199994_HD1.csv","GSE199994 HD1
n=7032","20","Precision",1,"Primary cancer cell"
"1428",1,"predict_OMIX001073_GC_Epi_n5_GSE155698_Healthy_PBMC_1.csv","GSE155698 HD1
n=2720","5","Precision",1,"Primary cancer cell"
"1429",1,"predict_OMIX001073_GC_Epi_n5_GSE199994_HD1.csv","GSE199994 HD1
n=7032","5","Precision",1,"Primary cancer cell"
"1430",1,"predict_OMIX001073_GC_Epi_n500_GSE155698_Healthy_PBMC_1.csv","GSE155698 HD1
n=2720","500","Precision",1,"Primary cancer cell"
"1431",1,"predict_OMIX001073_GC_Epi_n500_GSE199994_HD1.csv","GSE199994 HD1
n=7032","500","Precision",1,"Primary cancer cell"
"1432",1,"CancerCellpseudoPBMC_10000_E-MTAB-11948_Cervix_Epi_n10.csv","Immune cells
n=10000","10","F_0.5",1,"Primary cancer cell"
"1433",1,"CancerCellpseudoPBMC_10000_E-MTAB-11948_Cervix_Epi_n100.csv","Immune cells
n=10000","100","F_0.5",1,"Primary cancer cell"
"1434",1,"CancerCellpseudoPBMC_10000_E-MTAB-11948_Cervix_Epi_n20.csv","Immune cells
n=10000","20","F_0.5",1,"Primary cancer cell"
"1435",1,"CancerCellpseudoPBMC_10000_E-MTAB-11948_Cervix_Epi_n5.csv","Immune cells
n=10000","5","F_0.5",1,"Primary cancer cell"
"1436",1,"CancerCellpseudoPBMC_10000_E-MTAB-11948_Cervix_Epi_n500.csv","Immune cells
n=10000","500","F_0.5",1,"Primary cancer cell"
"1437",1,"CancerCellpseudoPBMC_10000_GSE127465_NSCLC2019_Epi_n10.csv","Immune cells
n=10000","10","F_0.5",1,"Primary cancer cell"
"1438",1,"CancerCellpseudoPBMC_10000_GSE127465_NSCLC2019_Epi_n100.csv","Immune cells
n=10000","100","F_0.5",1,"Primary cancer cell"
"1439",1,"CancerCellpseudoPBMC_10000_GSE127465_NSCLC2019_Epi_n20.csv","Immune cells
n=10000","20","F_0.5",1,"Primary cancer cell"
"1440",1,"CancerCellpseudoPBMC_10000_GSE127465_NSCLC2019_Epi_n5.csv","Immune cells
n=10000","5","F_0.5",1,"Primary cancer cell"
"1441",1,"CancerCellpseudoPBMC_10000_GSE132465_CRC_Epi_n10.csv","Immune cells
n=10000","10","F_0.5",1,"Primary cancer cell"
"1442",1,"CancerCellpseudoPBMC_10000_GSE132465_CRC_Epi_n100.csv","Immune cells
n=10000","100","F_0.5",1,"Primary cancer cell"
"1443",1,"CancerCellpseudoPBMC_10000_GSE132465_CRC_Epi_n20.csv","Immune cells
n=10000","20","F_0.5",1,"Primary cancer cell"
"1444",1,"CancerCellpseudoPBMC_10000_GSE132465_CRC_Epi_n5.csv","Immune cells
n=10000","5","F_0.5",1,"Primary cancer cell"
"1445",1,"CancerCellpseudoPBMC_10000_GSE132465_CRC_Epi_n500.csv","Immune cells
n=10000","500","F_0.5",1,"Primary cancer cell"
"1446",1,"CancerCellpseudoPBMC_10000_GSE148071_LUNG_Epi_n10.csv","Immune cells
n=10000","10","F_0.5",1,"Primary cancer cell"
"1447",1,"CancerCellpseudoPBMC_10000_GSE148071_LUNG_Epi_n100.csv","Immune cells
n=10000","100","F_0.5",1,"Primary cancer cell"
"1448",1,"CancerCellpseudoPBMC_10000_GSE148071_LUNG_Epi_n20.csv","Immune cells
n=10000","20","F_0.5",1,"Primary cancer cell"
"1449",1,"CancerCellpseudoPBMC_10000_GSE148071_LUNG_Epi_n5.csv","Immune cells
n=10000","5","F_0.5",1,"Primary cancer cell"
"1450",1,"CancerCellpseudoPBMC_10000_GSE148071_LUNG_Epi_n500.csv","Immune cells
n=10000","500","F_0.5",1,"Primary cancer cell"
"1451",1,"CancerCellpseudoPBMC_10000_GSE149614_HCC_Epi_n10.csv","Immune cells
n=10000","10","F_0.5",1,"Primary cancer cell"
"1452",1,"CancerCellpseudoPBMC_10000_GSE149614_HCC_Epi_n100.csv","Immune cells
n=10000","100","F_0.5",1,"Primary cancer cell"
"1453",1,"CancerCellpseudoPBMC_10000_GSE149614_HCC_Epi_n20.csv","Immune cells
n=10000","20","F_0.5",1,"Primary cancer cell"
"1454",1,"CancerCellpseudoPBMC_10000_GSE149614_HCC_Epi_n5.csv","Immune cells
n=10000","5","F_0.5",1,"Primary cancer cell"
"1455",1,"CancerCellpseudoPBMC_10000_GSE149614_HCC_Epi_n500.csv","Immune cells
n=10000","500","F_0.5",1,"Primary cancer cell"
"1456",1,"CancerCellpseudoPBMC_10000_GSE150430_NPC_Epi_n10.csv","Immune cells
n=10000","10","F_0.5",1,"Primary cancer cell"
"1457",1,"CancerCellpseudoPBMC_10000_GSE150430_NPC_Epi_n100.csv","Immune cells
n=10000","100","F_0.5",1,"Primary cancer cell"
"1458",1,"CancerCellpseudoPBMC_10000_GSE150430_NPC_Epi_n20.csv","Immune cells
n=10000","20","F_0.5",1,"Primary cancer cell"
"1459",1,"CancerCellpseudoPBMC_10000_GSE150430_NPC_Epi_n5.csv","Immune cells
n=10000","5","F_0.5",1,"Primary cancer cell"
"1460",0.999904761904762,"CancerCellpseudoPBMC_10000_GSE150430_NPC_Epi_n500.csv","Immune cells
n=10000","500","F_0.5",0.999599358974359,"Primary cancer cell"
"1461",1,"CancerCellpseudoPBMC_10000_GSE150825_NPC_Epi_n10.csv","Immune cells
n=10000","10","F_0.5",1,"Primary cancer cell"
"1462",1,"CancerCellpseudoPBMC_10000_GSE150825_NPC_Epi_n20.csv","Immune cells
n=10000","20","F_0.5",1,"Primary cancer cell"
"1463",1,"CancerCellpseudoPBMC_10000_GSE150825_NPC_Epi_n5.csv","Immune cells
n=10000","5","F_0.5",1,"Primary cancer cell"
"1464",1,"CancerCellpseudoPBMC_10000_GSE150825_NPC_Epi_n50.csv","Immune cells
n=10000","5","F_0.5",1,"Primary cancer cell"
"1465",1,"CancerCellpseudoPBMC_10000_GSE155698_PDAC_Epi_n10.csv","Immune cells
n=10000","10","F_0.5",1,"Primary cancer cell"
"1466",1,"CancerCellpseudoPBMC_10000_GSE155698_PDAC_Epi_n100.csv","Immune cells
n=10000","100","F_0.5",1,"Primary cancer cell"
"1467",1,"CancerCellpseudoPBMC_10000_GSE155698_PDAC_Epi_n20.csv","Immune cells
n=10000","20","F_0.5",1,"Primary cancer cell"
"1468",1,"CancerCellpseudoPBMC_10000_GSE155698_PDAC_Epi_n5.csv","Immune cells
n=10000","5","F_0.5",1,"Primary cancer cell"
"1469",0.999714285714286,"CancerCellpseudoPBMC_10000_GSE155698_PDAC_Epi_n500.csv","Immune cells
n=10000","500","F_0.5",0.99879421221865,"Primary cancer cell"
"1470",1,"CancerCellpseudoPBMC_10000_GSE162025_NPC_Epi_n10.csv","Immune cells
n=10000","10","F_0.5",1,"Primary cancer cell"
"1471",1,"CancerCellpseudoPBMC_10000_GSE162025_NPC_Epi_n100.csv","Immune cells
n=10000","100","F_0.5",1,"Primary cancer cell"
"1472",1,"CancerCellpseudoPBMC_10000_GSE162025_NPC_Epi_n20.csv","Immune cells
n=10000","20","F_0.5",1,"Primary cancer cell"
"1473",1,"CancerCellpseudoPBMC_10000_GSE162025_NPC_Epi_n5.csv","Immune cells
n=10000","5","F_0.5",1,"Primary cancer cell"
"1474",1,"CancerCellpseudoPBMC_10000_GSE168652_Cervix_Epi_n10.csv","Immune cells
n=10000","10","F_0.5",1,"Primary cancer cell"
"1475",1,"CancerCellpseudoPBMC_10000_GSE168652_Cervix_Epi_n100.csv","Immune cells
n=10000","100","F_0.5",1,"Primary cancer cell"
"1476",1,"CancerCellpseudoPBMC_10000_GSE168652_Cervix_Epi_n20.csv","Immune cells
n=10000","20","F_0.5",1,"Primary cancer cell"
"1477",1,"CancerCellpseudoPBMC_10000_GSE168652_Cervix_Epi_n5.csv","Immune cells
n=10000","5","F_0.5",1,"Primary cancer cell"
"1478",1,"CancerCellpseudoPBMC_10000_GSE168652_Cervix_Epi_n500.csv","Immune cells
n=10000","500","F_0.5",1,"Primary cancer cell"
"1479",1,"CancerCellpseudoPBMC_10000_GSE173682_Endome_Epi_n10.csv","Immune cells
n=10000","10","F_0.5",1,"Primary cancer cell"
"1480",1,"CancerCellpseudoPBMC_10000_GSE173682_Endome_Epi_n100.csv","Immune cells
n=10000","100","F_0.5",1,"Primary cancer cell"
"1481",1,"CancerCellpseudoPBMC_10000_GSE173682_Endome_Epi_n20.csv","Immune cells
n=10000","20","F_0.5",1,"Primary cancer cell"
"1482",1,"CancerCellpseudoPBMC_10000_GSE173682_Endome_Epi_n5.csv","Immune cells
n=10000","5","F_0.5",1,"Primary cancer cell"
"1483",1,"CancerCellpseudoPBMC_10000_GSE173682_Endome_Epi_n500.csv","Immune cells
n=10000","500","F_0.5",1,"Primary cancer cell"
"1484",1,"CancerCellpseudoPBMC_10000_GSE173682_Ovarian_Epi_n10.csv","Immune cells
n=10000","10","F_0.5",1,"Primary cancer cell"
"1485",1,"CancerCellpseudoPBMC_10000_GSE173682_Ovarian_Epi_n100.csv","Immune cells
n=10000","100","F_0.5",1,"Primary cancer cell"
"1486",1,"CancerCellpseudoPBMC_10000_GSE173682_Ovarian_Epi_n20.csv","Immune cells
n=10000","20","F_0.5",1,"Primary cancer cell"
"1487",1,"CancerCellpseudoPBMC_10000_GSE173682_Ovarian_Epi_n5.csv","Immune cells
n=10000","5","F_0.5",1,"Primary cancer cell"
"1488",1,"CancerCellpseudoPBMC_10000_GSE173682_Ovarian_Epi_n500.csv","Immune cells
n=10000","500","F_0.5",1,"Primary cancer cell"
"1489",1,"CancerCellpseudoPBMC_10000_GSE176031_Prostate_Epi_n10.csv","Immune cells
n=10000","10","F_0.5",1,"Primary cancer cell"
"1490",1,"CancerCellpseudoPBMC_10000_GSE176031_Prostate_Epi_n100.csv","Immune cells
n=10000","100","F_0.5",1,"Primary cancer cell"
"1491",1,"CancerCellpseudoPBMC_10000_GSE176031_Prostate_Epi_n20.csv","Immune cells
n=10000","20","F_0.5",1,"Primary cancer cell"
"1492",1,"CancerCellpseudoPBMC_10000_GSE176031_Prostate_Epi_n5.csv","Immune cells
n=10000","5","F_0.5",1,"Primary cancer cell"
"1493",1,"CancerCellpseudoPBMC_10000_GSE176078_BC_Epi_n10.csv","Immune cells
n=10000","10","F_0.5",1,"Primary cancer cell"
"1494",1,"CancerCellpseudoPBMC_10000_GSE176078_BC_Epi_n100.csv","Immune cells
n=10000","100","F_0.5",1,"Primary cancer cell"
"1495",1,"CancerCellpseudoPBMC_10000_GSE176078_BC_Epi_n20.csv","Immune cells
n=10000","20","F_0.5",1,"Primary cancer cell"
"1496",1,"CancerCellpseudoPBMC_10000_GSE176078_BC_Epi_n5.csv","Immune cells
n=10000","5","F_0.5",1,"Primary cancer cell"
"1497",1,"CancerCellpseudoPBMC_10000_GSE176078_BC_Epi_n500.csv","Immune cells
n=10000","500","F_0.5",1,"Primary cancer cell"
"1498",1,"CancerCellpseudoPBMC_10000_GSE178318_CRC_Epi_n10.csv","Immune cells
n=10000","10","F_0.5",1,"Primary cancer cell"
"1499",1,"CancerCellpseudoPBMC_10000_GSE178318_CRC_Epi_n100.csv","Immune cells
n=10000","100","F_0.5",1,"Primary cancer cell"
"1500",1,"CancerCellpseudoPBMC_10000_GSE178318_CRC_Epi_n20.csv","Immune cells
n=10000","20","F_0.5",1,"Primary cancer cell"
"1501",1,"CancerCellpseudoPBMC_10000_GSE178318_CRC_Epi_n5.csv","Immune cells
n=10000","5","F_0.5",1,"Primary cancer cell"
"1502",1,"CancerCellpseudoPBMC_10000_GSE178318_CRC_Epi_n500.csv","Immune cells
n=10000","500","F_0.5",1,"Primary cancer cell"
"1503",1,"CancerCellpseudoPBMC_10000_GSE193337_Prostate_Epi_n10.csv","Immune cells
n=10000","10","F_0.5",1,"Primary cancer cell"
"1504",1,"CancerCellpseudoPBMC_10000_GSE193337_Prostate_Epi_n100.csv","Immune cells
n=10000","100","F_0.5",1,"Primary cancer cell"
"1505",1,"CancerCellpseudoPBMC_10000_GSE193337_Prostate_Epi_n20.csv","Immune cells
n=10000","20","F_0.5",1,"Primary cancer cell"
"1506",1,"CancerCellpseudoPBMC_10000_GSE193337_Prostate_Epi_n5.csv","Immune cells
n=10000","5","F_0.5",1,"Primary cancer cell"
"1507",0.999904761904762,"CancerCellpseudoPBMC_10000_GSE193337_Prostate_Epi_n500.csv","Immune cells
n=10000","500","F_0.5",0.999599358974359,"Primary cancer cell"
"1508",1,"CancerCellpseudoPBMC_10000_GSE215120_Melanoma_n10.csv","Immune cells
n=10000","10","F_0.5",1,"Primary cancer cell"
"1509",1,"CancerCellpseudoPBMC_10000_GSE215120_Melanoma_n100.csv","Immune cells
n=10000","100","F_0.5",1,"Primary cancer cell"
"1510",1,"CancerCellpseudoPBMC_10000_GSE215120_Melanoma_n20.csv","Immune cells
n=10000","20","F_0.5",1,"Primary cancer cell"
"1511",1,"CancerCellpseudoPBMC_10000_GSE215120_Melanoma_n5.csv","Immune cells
n=10000","5","F_0.5",1,"Primary cancer cell"
"1512",0.999904761904762,"CancerCellpseudoPBMC_10000_GSE215120_Melanoma_n500.csv","Immune cells
n=10000","500","F_0.5",0.999599358974359,"Primary cancer cell"
"1513",1,"CancerCellpseudoPBMC_10000_GSM3946506_Mela_cl_n10.csv","Immune cells
n=10000","10","F_0.5",1,"Primary cancer cell"
"1514",1,"CancerCellpseudoPBMC_10000_GSM3946506_Mela_cl_n100.csv","Immune cells
n=10000","100","F_0.5",1,"Primary cancer cell"
"1515",1,"CancerCellpseudoPBMC_10000_GSM3946506_Mela_cl_n20.csv","Immune cells
n=10000","20","F_0.5",1,"Primary cancer cell"
"1516",1,"CancerCellpseudoPBMC_10000_GSM3946506_Mela_cl_n5.csv","Immune cells
n=10000","5","F_0.5",1,"Primary cancer cell"
"1517",1,"CancerCellpseudoPBMC_10000_OMIX001073_GC_Epi_n10.csv","Immune cells
n=10000","10","F_0.5",1,"Primary cancer cell"
"1518",1,"CancerCellpseudoPBMC_10000_OMIX001073_GC_Epi_n100.csv","Immune cells
n=10000","100","F_0.5",1,"Primary cancer cell"
"1519",1,"CancerCellpseudoPBMC_10000_OMIX001073_GC_Epi_n20.csv","Immune cells
n=10000","20","F_0.5",1,"Primary cancer cell"
"1520",1,"CancerCellpseudoPBMC_10000_OMIX001073_GC_Epi_n5.csv","Immune cells
n=10000","5","F_0.5",1,"Primary cancer cell"
"1521",1,"CancerCellpseudoPBMC_10000_OMIX001073_GC_Epi_n500.csv","Immune cells
n=10000","500","F_0.5",1,"Primary cancer cell"
"1522",1,"CancerCellpseudoPBMC_7500_E-MTAB-11948_Cervix_Epi_n10.csv","Immune cells
n=7500","10","F_0.5",1,"Primary cancer cell"
"1523",1,"CancerCellpseudoPBMC_7500_E-MTAB-11948_Cervix_Epi_n100.csv","Immune cells
n=7500","100","F_0.5",1,"Primary cancer cell"
"1524",1,"CancerCellpseudoPBMC_7500_E-MTAB-11948_Cervix_Epi_n20.csv","Immune cells
n=7500","20","F_0.5",1,"Primary cancer cell"
"1525",1,"CancerCellpseudoPBMC_7500_E-MTAB-11948_Cervix_Epi_n5.csv","Immune cells
n=7500","5","F_0.5",1,"Primary cancer cell"
"1526",1,"CancerCellpseudoPBMC_7500_E-MTAB-11948_Cervix_Epi_n500.csv","Immune cells
n=7500","500","F_0.5",1,"Primary cancer cell"
"1527",1,"CancerCellpseudoPBMC_7500_GSE127465_NSCLC2019_Epi_n10.csv","Immune cells
n=7500","10","F_0.5",1,"Primary cancer cell"
"1528",1,"CancerCellpseudoPBMC_7500_GSE127465_NSCLC2019_Epi_n100.csv","Immune cells
n=7500","100","F_0.5",1,"Primary cancer cell"
"1529",1,"CancerCellpseudoPBMC_7500_GSE127465_NSCLC2019_Epi_n20.csv","Immune cells
n=7500","20","F_0.5",1,"Primary cancer cell"
"1530",1,"CancerCellpseudoPBMC_7500_GSE127465_NSCLC2019_Epi_n5.csv","Immune cells
n=7500","5","F_0.5",1,"Primary cancer cell"
"1531",1,"CancerCellpseudoPBMC_7500_GSE132465_CRC_Epi_n10.csv","Immune cells
n=7500","10","F_0.5",1,"Primary cancer cell"
"1532",1,"CancerCellpseudoPBMC_7500_GSE132465_CRC_Epi_n100.csv","Immune cells
n=7500","100","F_0.5",1,"Primary cancer cell"
"1533",1,"CancerCellpseudoPBMC_7500_GSE132465_CRC_Epi_n20.csv","Immune cells
n=7500","20","F_0.5",1,"Primary cancer cell"
"1534",1,"CancerCellpseudoPBMC_7500_GSE132465_CRC_Epi_n5.csv","Immune cells
n=7500","5","F_0.5",1,"Primary cancer cell"
"1535",1,"CancerCellpseudoPBMC_7500_GSE132465_CRC_Epi_n500.csv","Immune cells
n=7500","500","F_0.5",1,"Primary cancer cell"
"1536",1,"CancerCellpseudoPBMC_7500_GSE148071_LUNG_Epi_n10.csv","Immune cells
n=7500","10","F_0.5",1,"Primary cancer cell"
"1537",1,"CancerCellpseudoPBMC_7500_GSE148071_LUNG_Epi_n100.csv","Immune cells
n=7500","100","F_0.5",1,"Primary cancer cell"
"1538",1,"CancerCellpseudoPBMC_7500_GSE148071_LUNG_Epi_n20.csv","Immune cells
n=7500","20","F_0.5",1,"Primary cancer cell"
"1539",1,"CancerCellpseudoPBMC_7500_GSE148071_LUNG_Epi_n5.csv","Immune cells
n=7500","5","F_0.5",1,"Primary cancer cell"
"1540",1,"CancerCellpseudoPBMC_7500_GSE148071_LUNG_Epi_n500.csv","Immune cells
n=7500","500","F_0.5",1,"Primary cancer cell"
"1541",1,"CancerCellpseudoPBMC_7500_GSE149614_HCC_Epi_n10.csv","Immune cells
n=7500","10","F_0.5",1,"Primary cancer cell"
"1542",1,"CancerCellpseudoPBMC_7500_GSE149614_HCC_Epi_n100.csv","Immune cells
n=7500","100","F_0.5",1,"Primary cancer cell"
"1543",1,"CancerCellpseudoPBMC_7500_GSE149614_HCC_Epi_n20.csv","Immune cells
n=7500","20","F_0.5",1,"Primary cancer cell"
"1544",1,"CancerCellpseudoPBMC_7500_GSE149614_HCC_Epi_n5.csv","Immune cells
n=7500","5","F_0.5",1,"Primary cancer cell"
"1545",1,"CancerCellpseudoPBMC_7500_GSE149614_HCC_Epi_n500.csv","Immune cells
n=7500","500","F_0.5",1,"Primary cancer cell"
"1546",1,"CancerCellpseudoPBMC_7500_GSE150430_NPC_Epi_n10.csv","Immune cells
n=7500","10","F_0.5",1,"Primary cancer cell"
"1547",1,"CancerCellpseudoPBMC_7500_GSE150430_NPC_Epi_n100.csv","Immune cells
n=7500","100","F_0.5",1,"Primary cancer cell"
"1548",1,"CancerCellpseudoPBMC_7500_GSE150430_NPC_Epi_n20.csv","Immune cells
n=7500","20","F_0.5",1,"Primary cancer cell"
"1549",1,"CancerCellpseudoPBMC_7500_GSE150430_NPC_Epi_n5.csv","Immune cells
n=7500","5","F_0.5",1,"Primary cancer cell"
"1550",0.999875,"CancerCellpseudoPBMC_7500_GSE150430_NPC_Epi_n500.csv","Immune cells
n=7500","500","F_0.5",0.999599358974359,"Primary cancer cell"
"1551",1,"CancerCellpseudoPBMC_7500_GSE150825_NPC_Epi_n10.csv","Immune cells
n=7500","10","F_0.5",1,"Primary cancer cell"
"1552",1,"CancerCellpseudoPBMC_7500_GSE150825_NPC_Epi_n20.csv","Immune cells
n=7500","20","F_0.5",1,"Primary cancer cell"
"1553",1,"CancerCellpseudoPBMC_7500_GSE150825_NPC_Epi_n5.csv","Immune cells
n=7500","5","F_0.5",1,"Primary cancer cell"
"1554",1,"CancerCellpseudoPBMC_7500_GSE155698_PDAC_Epi_n10.csv","Immune cells
n=7500","10","F_0.5",1,"Primary cancer cell"
"1555",1,"CancerCellpseudoPBMC_7500_GSE155698_PDAC_Epi_n100.csv","Immune cells
n=7500","100","F_0.5",1,"Primary cancer cell"
"1556",1,"CancerCellpseudoPBMC_7500_GSE155698_PDAC_Epi_n20.csv","Immune cells
n=7500","20","F_0.5",1,"Primary cancer cell"
"1557",1,"CancerCellpseudoPBMC_7500_GSE155698_PDAC_Epi_n5.csv","Immune cells
n=7500","5","F_0.5",1,"Primary cancer cell"
"1558",0.999625,"CancerCellpseudoPBMC_7500_GSE155698_PDAC_Epi_n500.csv","Immune cells
n=7500","500","F_0.5",0.99879421221865,"Primary cancer cell"
"1559",1,"CancerCellpseudoPBMC_7500_GSE162025_NPC_Epi_n10.csv","Immune cells
n=7500","10","F_0.5",1,"Primary cancer cell"
"1560",1,"CancerCellpseudoPBMC_7500_GSE162025_NPC_Epi_n100.csv","Immune cells
n=7500","100","F_0.5",1,"Primary cancer cell"
"1561",1,"CancerCellpseudoPBMC_7500_GSE162025_NPC_Epi_n20.csv","Immune cells
n=7500","20","F_0.5",1,"Primary cancer cell"
"1562",1,"CancerCellpseudoPBMC_7500_GSE162025_NPC_Epi_n5.csv","Immune cells
n=7500","5","F_0.5",1,"Primary cancer cell"
"1563",1,"CancerCellpseudoPBMC_7500_GSE168652_Cervix_Epi_n10.csv","Immune cells
n=7500","10","F_0.5",1,"Primary cancer cell"
"1564",1,"CancerCellpseudoPBMC_7500_GSE168652_Cervix_Epi_n100.csv","Immune cells
n=7500","100","F_0.5",1,"Primary cancer cell"
"1565",1,"CancerCellpseudoPBMC_7500_GSE168652_Cervix_Epi_n20.csv","Immune cells
n=7500","20","F_0.5",1,"Primary cancer cell"
"1566",1,"CancerCellpseudoPBMC_7500_GSE168652_Cervix_Epi_n5.csv","Immune cells
n=7500","5","F_0.5",1,"Primary cancer cell"
"1567",1,"CancerCellpseudoPBMC_7500_GSE168652_Cervix_Epi_n500.csv","Immune cells
n=7500","500","F_0.5",1,"Primary cancer cell"
"1568",1,"CancerCellpseudoPBMC_7500_GSE173682_Endome_Epi_n10.csv","Immune cells
n=7500","10","F_0.5",1,"Primary cancer cell"
"1569",1,"CancerCellpseudoPBMC_7500_GSE173682_Endome_Epi_n100.csv","Immune cells
n=7500","100","F_0.5",1,"Primary cancer cell"
"1570",1,"CancerCellpseudoPBMC_7500_GSE173682_Endome_Epi_n20.csv","Immune cells
n=7500","20","F_0.5",1,"Primary cancer cell"
"1571",1,"CancerCellpseudoPBMC_7500_GSE173682_Endome_Epi_n5.csv","Immune cells
n=7500","5","F_0.5",1,"Primary cancer cell"
"1572",1,"CancerCellpseudoPBMC_7500_GSE173682_Endome_Epi_n500.csv","Immune cells
n=7500","500","F_0.5",1,"Primary cancer cell"
"1573",1,"CancerCellpseudoPBMC_7500_GSE173682_Ovarian_Epi_n10.csv","Immune cells
n=7500","10","F_0.5",1,"Primary cancer cell"
"1574",1,"CancerCellpseudoPBMC_7500_GSE173682_Ovarian_Epi_n100.csv","Immune cells
n=7500","100","F_0.5",1,"Primary cancer cell"
"1575",1,"CancerCellpseudoPBMC_7500_GSE173682_Ovarian_Epi_n20.csv","Immune cells
n=7500","20","F_0.5",1,"Primary cancer cell"
"1576",1,"CancerCellpseudoPBMC_7500_GSE173682_Ovarian_Epi_n5.csv","Immune cells
n=7500","5","F_0.5",1,"Primary cancer cell"
"1577",1,"CancerCellpseudoPBMC_7500_GSE173682_Ovarian_Epi_n500.csv","Immune cells
n=7500","500","F_0.5",1,"Primary cancer cell"
"1578",1,"CancerCellpseudoPBMC_7500_GSE176031_Prostate_Epi_n10.csv","Immune cells
n=7500","10","F_0.5",1,"Primary cancer cell"
"1579",1,"CancerCellpseudoPBMC_7500_GSE176031_Prostate_Epi_n100.csv","Immune cells
n=7500","100","F_0.5",1,"Primary cancer cell"
"1580",1,"CancerCellpseudoPBMC_7500_GSE176031_Prostate_Epi_n20.csv","Immune cells
n=7500","20","F_0.5",1,"Primary cancer cell"
"1581",1,"CancerCellpseudoPBMC_7500_GSE176031_Prostate_Epi_n5.csv","Immune cells
n=7500","5","F_0.5",1,"Primary cancer cell"
"1582",1,"CancerCellpseudoPBMC_7500_GSE176078_BC_Epi_n10.csv","Immune cells
n=7500","10","F_0.5",1,"Primary cancer cell"
"1583",1,"CancerCellpseudoPBMC_7500_GSE176078_BC_Epi_n100.csv","Immune cells
n=7500","100","F_0.5",1,"Primary cancer cell"
"1584",1,"CancerCellpseudoPBMC_7500_GSE176078_BC_Epi_n20.csv","Immune cells
n=7500","20","F_0.5",1,"Primary cancer cell"
"1585",1,"CancerCellpseudoPBMC_7500_GSE176078_BC_Epi_n5.csv","Immune cells
n=7500","5","F_0.5",1,"Primary cancer cell"
"1586",1,"CancerCellpseudoPBMC_7500_GSE176078_BC_Epi_n500.csv","Immune cells
n=7500","500","F_0.5",1,"Primary cancer cell"
"1587",1,"CancerCellpseudoPBMC_7500_GSE178318_CRC_Epi_n10.csv","Immune cells
n=7500","10","F_0.5",1,"Primary cancer cell"
"1588",1,"CancerCellpseudoPBMC_7500_GSE178318_CRC_Epi_n100.csv","Immune cells
n=7500","100","F_0.5",1,"Primary cancer cell"
"1589",1,"CancerCellpseudoPBMC_7500_GSE178318_CRC_Epi_n20.csv","Immune cells
n=7500","20","F_0.5",1,"Primary cancer cell"
"1590",1,"CancerCellpseudoPBMC_7500_GSE178318_CRC_Epi_n5.csv","Immune cells
n=7500","5","F_0.5",1,"Primary cancer cell"
"1591",1,"CancerCellpseudoPBMC_7500_GSE178318_CRC_Epi_n500.csv","Immune cells
n=7500","500","F_0.5",1,"Primary cancer cell"
"1592",1,"CancerCellpseudoPBMC_7500_GSE193337_Prostate_Epi_n10.csv","Immune cells
n=7500","10","F_0.5",1,"Primary cancer cell"
"1593",1,"CancerCellpseudoPBMC_7500_GSE193337_Prostate_Epi_n100.csv","Immune cells
n=7500","100","F_0.5",1,"Primary cancer cell"
"1594",1,"CancerCellpseudoPBMC_7500_GSE193337_Prostate_Epi_n20.csv","Immune cells
n=7500","20","F_0.5",1,"Primary cancer cell"
"1595",1,"CancerCellpseudoPBMC_7500_GSE193337_Prostate_Epi_n5.csv","Immune cells
n=7500","5","F_0.5",1,"Primary cancer cell"
"1596",0.999875,"CancerCellpseudoPBMC_7500_GSE193337_Prostate_Epi_n500.csv","Immune cells
n=7500","500","F_0.5",0.999599358974359,"Primary cancer cell"
"1597",1,"CancerCellpseudoPBMC_7500_GSE215120_Melanoma_n10.csv","Immune cells
n=7500","10","F_0.5",1,"Primary cancer cell"
"1598",1,"CancerCellpseudoPBMC_7500_GSE215120_Melanoma_n100.csv","Immune cells
n=7500","100","F_0.5",1,"Primary cancer cell"
"1599",1,"CancerCellpseudoPBMC_7500_GSE215120_Melanoma_n20.csv","Immune cells
n=7500","20","F_0.5",1,"Primary cancer cell"
"1600",1,"CancerCellpseudoPBMC_7500_GSE215120_Melanoma_n5.csv","Immune cells
n=7500","5","F_0.5",1,"Primary cancer cell"
"1601",0.999875,"CancerCellpseudoPBMC_7500_GSE215120_Melanoma_n500.csv","Immune cells
n=7500","500","F_0.5",0.999599358974359,"Primary cancer cell"
"1602",1,"CancerCellpseudoPBMC_7500_GSM3946506_Mela_cl_n10.csv","Immune cells
n=7500","10","F_0.5",1,"Primary cancer cell"
"1603",1,"CancerCellpseudoPBMC_7500_GSM3946506_Mela_cl_n100.csv","Immune cells
n=7500","100","F_0.5",1,"Primary cancer cell"
"1604",1,"CancerCellpseudoPBMC_7500_GSM3946506_Mela_cl_n20.csv","Immune cells
n=7500","20","F_0.5",1,"Primary cancer cell"
"1605",1,"CancerCellpseudoPBMC_7500_GSM3946506_Mela_cl_n5.csv","Immune cells
n=7500","5","F_0.5",1,"Primary cancer cell"
"1606",1,"CancerCellpseudoPBMC_7500_OMIX001073_GC_Epi_n10.csv","Immune cells
n=7500","10","F_0.5",1,"Primary cancer cell"
"1607",1,"CancerCellpseudoPBMC_7500_OMIX001073_GC_Epi_n100.csv","Immune cells
n=7500","100","F_0.5",1,"Primary cancer cell"
"1608",1,"CancerCellpseudoPBMC_7500_OMIX001073_GC_Epi_n20.csv","Immune cells
n=7500","20","F_0.5",1,"Primary cancer cell"
"1609",1,"CancerCellpseudoPBMC_7500_OMIX001073_GC_Epi_n5.csv","Immune cells
n=7500","5","F_0.5",1,"Primary cancer cell"
"1610",1,"CancerCellpseudoPBMC_7500_OMIX001073_GC_Epi_n500.csv","Immune cells
n=7500","500","F_0.5",1,"Primary cancer cell"
"1611",1,"predict_E-MTAB-11948_Cervix_Epi_n10_GSE155698_Healthy_PBMC_1.csv","GSE155698 HD1
n=2720","10","F_0.5",1,"Primary cancer cell"
"1612",1,"predict_E-MTAB-11948_Cervix_Epi_n10_GSE199994_HD1.csv","GSE199994 HD1
n=7032","10","F_0.5",1,"Primary cancer cell"
"1613",1,"predict_E-MTAB-11948_Cervix_Epi_n100_GSE155698_Healthy_PBMC_1.csv","GSE155698 HD1
n=2720","100","F_0.5",1,"Primary cancer cell"
"1614",1,"predict_E-MTAB-11948_Cervix_Epi_n100_GSE199994_HD1.csv","GSE199994 HD1
n=7032","100","F_0.5",1,"Primary cancer cell"
"1615",1,"predict_E-MTAB-11948_Cervix_Epi_n20_GSE155698_Healthy_PBMC_1.csv","GSE155698 HD1
n=2720","20","F_0.5",1,"Primary cancer cell"
"1616",1,"predict_E-MTAB-11948_Cervix_Epi_n20_GSE199994_HD1.csv","GSE199994 HD1
n=7032","20","F_0.5",1,"Primary cancer cell"
"1617",1,"predict_E-MTAB-11948_Cervix_Epi_n5_GSE155698_Healthy_PBMC_1.csv","GSE155698 HD1
n=2720","5","F_0.5",1,"Primary cancer cell"
"1618",1,"predict_E-MTAB-11948_Cervix_Epi_n5_GSE199994_HD1.csv","GSE199994 HD1
n=7032","5","F_0.5",1,"Primary cancer cell"
"1619",1,"predict_E-MTAB-11948_Cervix_Epi_n500_GSE155698_Healthy_PBMC_1.csv","GSE155698 HD1
n=2720","500","F_0.5",1,"Primary cancer cell"
"1620",1,"predict_E-MTAB-11948_Cervix_Epi_n500_GSE199994_HD1.csv","GSE199994 HD1
n=7032","500","F_0.5",1,"Primary cancer cell"
"1621",1,"predict_GSE127465_NSCLC2019_Epi_n10_GSE155698_Healthy_PBMC_1.csv","GSE155698 HD1
n=2720","10","F_0.5",1,"Primary cancer cell"
"1622",1,"predict_GSE127465_NSCLC2019_Epi_n10_GSE199994_HD1.csv","GSE199994 HD1
n=7032","10","F_0.5",1,"Primary cancer cell"
"1623",1,"predict_GSE127465_NSCLC2019_Epi_n100_GSE155698_Healthy_PBMC_1.csv","GSE155698 HD1
n=2720","100","F_0.5",1,"Primary cancer cell"
"1624",1,"predict_GSE127465_NSCLC2019_Epi_n100_GSE199994_HD1.csv","GSE199994 HD1
n=7032","100","F_0.5",1,"Primary cancer cell"
"1625",1,"predict_GSE127465_NSCLC2019_Epi_n20_GSE155698_Healthy_PBMC_1.csv","GSE155698 HD1
n=2720","20","F_0.5",1,"Primary cancer cell"
"1626",1,"predict_GSE127465_NSCLC2019_Epi_n20_GSE199994_HD1.csv","GSE199994 HD1
n=7032","20","F_0.5",1,"Primary cancer cell"
"1627",1,"predict_GSE127465_NSCLC2019_Epi_n5_GSE155698_Healthy_PBMC_1.csv","GSE155698 HD1
n=2720","5","F_0.5",1,"Primary cancer cell"
"1628",1,"predict_GSE127465_NSCLC2019_Epi_n5_GSE199994_HD1.csv","GSE199994 HD1
n=7032","5","F_0.5",1,"Primary cancer cell"
"1629",1,"predict_GSE132465_CRC_Epi_n10_GSE155698_Healthy_PBMC_1.csv","GSE155698 HD1
n=2720","10","F_0.5",1,"Primary cancer cell"
"1630",1,"predict_GSE132465_CRC_Epi_n10_GSE199994_HD1.csv","GSE199994 HD1
n=7032","10","F_0.5",1,"Primary cancer cell"
"1631",1,"predict_GSE132465_CRC_Epi_n100_GSE155698_Healthy_PBMC_1.csv","GSE155698 HD1
n=2720","100","F_0.5",1,"Primary cancer cell"
"1632",1,"predict_GSE132465_CRC_Epi_n100_GSE199994_HD1.csv","GSE199994 HD1
n=7032","100","F_0.5",1,"Primary cancer cell"
"1633",1,"predict_GSE132465_CRC_Epi_n20_GSE155698_Healthy_PBMC_1.csv","GSE155698 HD1
n=2720","20","F_0.5",1,"Primary cancer cell"
"1634",1,"predict_GSE132465_CRC_Epi_n20_GSE199994_HD1.csv","GSE199994 HD1
n=7032","20","F_0.5",1,"Primary cancer cell"
"1635",1,"predict_GSE132465_CRC_Epi_n5_GSE155698_Healthy_PBMC_1.csv","GSE155698 HD1
n=2720","5","F_0.5",1,"Primary cancer cell"
"1636",1,"predict_GSE132465_CRC_Epi_n5_GSE199994_HD1.csv","GSE199994 HD1
n=7032","5","F_0.5",1,"Primary cancer cell"
"1637",1,"predict_GSE132465_CRC_Epi_n500_GSE155698_Healthy_PBMC_1.csv","GSE155698 HD1
n=2720","500","F_0.5",1,"Primary cancer cell"
"1638",1,"predict_GSE132465_CRC_Epi_n500_GSE199994_HD1.csv","GSE199994 HD1
n=7032","500","F_0.5",1,"Primary cancer cell"
"1639",1,"predict_GSE148071_LUNG_Epi_n10_GSE155698_Healthy_PBMC_1.csv","GSE155698 HD1
n=2720","10","F_0.5",1,"Primary cancer cell"
"1640",1,"predict_GSE148071_LUNG_Epi_n10_GSE199994_HD1.csv","GSE199994 HD1
n=7032","10","F_0.5",1,"Primary cancer cell"
"1641",1,"predict_GSE148071_LUNG_Epi_n100_GSE155698_Healthy_PBMC_1.csv","GSE155698 HD1
n=2720","100","F_0.5",1,"Primary cancer cell"
"1642",1,"predict_GSE148071_LUNG_Epi_n100_GSE199994_HD1.csv","GSE199994 HD1
n=7032","100","F_0.5",1,"Primary cancer cell"
"1643",1,"predict_GSE148071_LUNG_Epi_n20_GSE155698_Healthy_PBMC_1.csv","GSE155698 HD1
n=2720","20","F_0.5",1,"Primary cancer cell"
"1644",1,"predict_GSE148071_LUNG_Epi_n20_GSE199994_HD1.csv","GSE199994 HD1
n=7032","20","F_0.5",1,"Primary cancer cell"
"1645",1,"predict_GSE148071_LUNG_Epi_n5_GSE155698_Healthy_PBMC_1.csv","GSE155698 HD1
n=2720","5","F_0.5",1,"Primary cancer cell"
"1646",1,"predict_GSE148071_LUNG_Epi_n5_GSE199994_HD1.csv","GSE199994 HD1
n=7032","5","F_0.5",1,"Primary cancer cell"
"1647",1,"predict_GSE148071_LUNG_Epi_n500_GSE155698_Healthy_PBMC_1.csv","GSE155698 HD1
n=2720","500","F_0.5",1,"Primary cancer cell"
"1648",1,"predict_GSE148071_LUNG_Epi_n500_GSE199994_HD1.csv","GSE199994 HD1
n=7032","500","F_0.5",1,"Primary cancer cell"
"1649",1,"predict_GSE149614_HCC_Epi_n10_GSE155698_Healthy_PBMC_1.csv","GSE155698 HD1
n=2720","10","F_0.5",1,"Primary cancer cell"
"1650",1,"predict_GSE149614_HCC_Epi_n10_GSE199994_HD1.csv","GSE199994 HD1
n=7032","10","F_0.5",1,"Primary cancer cell"
"1651",1,"predict_GSE149614_HCC_Epi_n100_GSE155698_Healthy_PBMC_1.csv","GSE155698 HD1
n=2720","100","F_0.5",1,"Primary cancer cell"
"1652",1,"predict_GSE149614_HCC_Epi_n100_GSE199994_HD1.csv","GSE199994 HD1
n=7032","100","F_0.5",1,"Primary cancer cell"
"1653",1,"predict_GSE149614_HCC_Epi_n20_GSE155698_Healthy_PBMC_1.csv","GSE155698 HD1
n=2720","20","F_0.5",1,"Primary cancer cell"
"1654",1,"predict_GSE149614_HCC_Epi_n20_GSE199994_HD1.csv","GSE199994 HD1
n=7032","20","F_0.5",1,"Primary cancer cell"
"1655",1,"predict_GSE149614_HCC_Epi_n5_GSE155698_Healthy_PBMC_1.csv","GSE155698 HD1
n=2720","5","F_0.5",1,"Primary cancer cell"
"1656",1,"predict_GSE149614_HCC_Epi_n5_GSE199994_HD1.csv","GSE199994 HD1
n=7032","5","F_0.5",1,"Primary cancer cell"
"1657",1,"predict_GSE149614_HCC_Epi_n500_GSE155698_Healthy_PBMC_1.csv","GSE155698 HD1
n=2720","500","F_0.5",1,"Primary cancer cell"
"1658",1,"predict_GSE149614_HCC_Epi_n500_GSE199994_HD1.csv","GSE199994 HD1
n=7032","500","F_0.5",1,"Primary cancer cell"
"1659",1,"predict_GSE150430_NPC_Epi_n10_GSE155698_Healthy_PBMC_1.csv","GSE155698 HD1
n=2720","10","F_0.5",1,"Primary cancer cell"
"1660",1,"predict_GSE150430_NPC_Epi_n10_GSE199994_HD1.csv","GSE199994 HD1
n=7032","10","F_0.5",1,"Primary cancer cell"
"1661",1,"predict_GSE150430_NPC_Epi_n100_GSE155698_Healthy_PBMC_1.csv","GSE155698 HD1
n=2720","100","F_0.5",1,"Primary cancer cell"
"1662",1,"predict_GSE150430_NPC_Epi_n100_GSE199994_HD1.csv","GSE199994 HD1
n=7032","100","F_0.5",1,"Primary cancer cell"
"1663",1,"predict_GSE150430_NPC_Epi_n20_GSE155698_Healthy_PBMC_1.csv","GSE155698 HD1
n=2720","20","F_0.5",1,"Primary cancer cell"
"1664",1,"predict_GSE150430_NPC_Epi_n20_GSE199994_HD1.csv","GSE199994 HD1
n=7032","20","F_0.5",1,"Primary cancer cell"
"1665",1,"predict_GSE150430_NPC_Epi_n5_GSE155698_Healthy_PBMC_1.csv","GSE155698 HD1
n=2720","5","F_0.5",1,"Primary cancer cell"
"1666",1,"predict_GSE150430_NPC_Epi_n5_GSE199994_HD1.csv","GSE199994 HD1
n=7032","5","F_0.5",1,"Primary cancer cell"
"1667",0.999689440993789,"predict_GSE150430_NPC_Epi_n500_GSE155698_Healthy_PBMC_1.csv","GSE155698 HD1
n=2720","500","F_0.5",0.999599358974359,"Primary cancer cell"
"1668",0.999867233138609,"predict_GSE150430_NPC_Epi_n500_GSE199994_HD1.csv","GSE199994 HD1
n=7032","500","F_0.5",0.999599358974359,"Primary cancer cell"
"1669",1,"predict_GSE150825_NPC_Epi_n10_GSE155698_Healthy_PBMC_1.csv","GSE155698 HD1
n=2720","10","F_0.5",1,"Primary cancer cell"
"1670",1,"predict_GSE150825_NPC_Epi_n10_GSE199994_HD1.csv","GSE199994 HD1
n=7032","10","F_0.5",1,"Primary cancer cell"
"1671",1,"predict_GSE150825_NPC_Epi_n20_GSE155698_Healthy_PBMC_1.csv","GSE155698 HD1
n=2720","20","F_0.5",1,"Primary cancer cell"
"1672",1,"predict_GSE150825_NPC_Epi_n20_GSE199994_HD1.csv","GSE199994 HD1
n=7032","20","F_0.5",1,"Primary cancer cell"
"1673",1,"predict_GSE150825_NPC_Epi_n5_GSE155698_Healthy_PBMC_1.csv","GSE155698 HD1
n=2720","5","F_0.5",1,"Primary cancer cell"
"1674",1,"predict_GSE150825_NPC_Epi_n5_GSE199994_HD1.csv","GSE199994 HD1
n=7032","5","F_0.5",1,"Primary cancer cell"
"1675",1,"predict_GSE155698_PDAC_Epi_n10_GSE155698_Healthy_PBMC_1.csv","GSE155698 HD1
n=2720","10","F_0.5",1,"Primary cancer cell"
"1676",1,"predict_GSE155698_PDAC_Epi_n10_GSE199994_HD1.csv","GSE155698 HD1
n=2720","10","F_0.5",1,"Primary cancer cell"
"1677",1,"predict_GSE155698_PDAC_Epi_n100_GSE155698_Healthy_PBMC_1.csv","GSE155698 HD1
n=2720","100","F_0.5",1,"Primary cancer cell"
"1678",1,"predict_GSE155698_PDAC_Epi_n100_GSE199994_HD1.csv","GSE155698 HD1
n=2720","100","F_0.5",1,"Primary cancer cell"
"1679",1,"predict_GSE155698_PDAC_Epi_n20_GSE155698_Healthy_PBMC_1.csv","GSE155698 HD1
n=2720","20","F_0.5",1,"Primary cancer cell"
"1680",1,"predict_GSE155698_PDAC_Epi_n20_GSE199994_HD1.csv","GSE155698 HD1
n=2720","20","F_0.5",1,"Primary cancer cell"
"1681",1,"predict_GSE155698_PDAC_Epi_n5_GSE155698_Healthy_PBMC_1.csv","GSE155698 HD1
n=2720","5","F_0.5",1,"Primary cancer cell"
"1682",1,"predict_GSE155698_PDAC_Epi_n5_GSE199994_HD1.csv","GSE155698 HD1
n=2720","5","F_0.5",1,"Primary cancer cell"
"1683",0.999068322981366,"predict_GSE155698_PDAC_Epi_n500_GSE155698_Healthy_PBMC_1.csv","GSE155698 HD1
n=2720","500","F_0.5",0.99879421221865,"Primary cancer cell"
"1684",0.999601699415826,"predict_GSE155698_PDAC_Epi_n500_GSE199994_HD1.csv","GSE155698 HD1
n=2720","500","F_0.5",0.99879421221865,"Primary cancer cell"
"1685",1,"predict_GSE162025_NPC_Epi_n10_GSE155698_Healthy_PBMC_1.csv","GSE155698 HD1
n=2720","10","F_0.5",1,"Primary cancer cell"
"1686",1,"predict_GSE162025_NPC_Epi_n10_GSE199994_HD1.csv","GSE199994 HD1
n=7032","10","F_0.5",1,"Primary cancer cell"
"1687",1,"predict_GSE162025_NPC_Epi_n100_GSE155698_Healthy_PBMC_1.csv","GSE155698 HD1
n=2720","100","F_0.5",1,"Primary cancer cell"
"1688",1,"predict_GSE162025_NPC_Epi_n100_GSE199994_HD1.csv","GSE199994 HD1
n=7032","100","F_0.5",1,"Primary cancer cell"
"1689",1,"predict_GSE162025_NPC_Epi_n20_GSE155698_Healthy_PBMC_1.csv","GSE155698 HD1
n=2720","20","F_0.5",1,"Primary cancer cell"
"1690",1,"predict_GSE162025_NPC_Epi_n20_GSE199994_HD1.csv","GSE199994 HD1
n=7032","20","F_0.5",1,"Primary cancer cell"
"1691",1,"predict_GSE162025_NPC_Epi_n5_GSE155698_Healthy_PBMC_1.csv","GSE155698 HD1
n=2720","5","F_0.5",1,"Primary cancer cell"
"1692",1,"predict_GSE162025_NPC_Epi_n5_GSE199994_HD1.csv","GSE199994 HD1
n=7032","5","F_0.5",1,"Primary cancer cell"
"1693",1,"predict_GSE168652_Cervix_Epi_n10_GSE155698_Healthy_PBMC_1.csv","GSE155698 HD1
n=2720","10","F_0.5",1,"Primary cancer cell"
"1694",1,"predict_GSE168652_Cervix_Epi_n10_GSE199994_HD1.csv","GSE199994 HD1
n=7032","10","F_0.5",1,"Primary cancer cell"
"1695",1,"predict_GSE168652_Cervix_Epi_n100_GSE155698_Healthy_PBMC_1.csv","GSE155698 HD1
n=2720","100","F_0.5",1,"Primary cancer cell"
"1696",1,"predict_GSE168652_Cervix_Epi_n100_GSE199994_HD1.csv","GSE199994 HD1
n=7032","100","F_0.5",1,"Primary cancer cell"
"1697",1,"predict_GSE168652_Cervix_Epi_n20_GSE155698_Healthy_PBMC_1.csv","GSE155698 HD1
n=2720","20","F_0.5",1,"Primary cancer cell"
"1698",1,"predict_GSE168652_Cervix_Epi_n20_GSE199994_HD1.csv","GSE199994 HD1
n=7032","20","F_0.5",1,"Primary cancer cell"
"1699",1,"predict_GSE168652_Cervix_Epi_n5_GSE155698_Healthy_PBMC_1.csv","GSE155698 HD1
n=2720","5","F_0.5",1,"Primary cancer cell"
"1700",1,"predict_GSE168652_Cervix_Epi_n5_GSE199994_HD1.csv","GSE199994 HD1
n=7032","5","F_0.5",1,"Primary cancer cell"
"1701",1,"predict_GSE168652_Cervix_Epi_n500_GSE155698_Healthy_PBMC_1.csv","GSE155698 HD1
n=2720","500","F_0.5",1,"Primary cancer cell"
"1702",1,"predict_GSE168652_Cervix_Epi_n500_GSE199994_HD1.csv","GSE199994 HD1
n=7032","500","F_0.5",1,"Primary cancer cell"
"1703",1,"predict_GSE173682_Endome_Epi_n10_GSE155698_Healthy_PBMC_1.csv","GSE155698 HD1
n=2720","10","F_0.5",1,"Primary cancer cell"
"1704",1,"predict_GSE173682_Endome_Epi_n10_GSE199994_HD1.csv","GSE199994 HD1
n=7032","10","F_0.5",1,"Primary cancer cell"
"1705",1,"predict_GSE173682_Endome_Epi_n100_GSE155698_Healthy_PBMC_1.csv","GSE155698 HD1
n=2720","100","F_0.5",1,"Primary cancer cell"
"1706",1,"predict_GSE173682_Endome_Epi_n100_GSE199994_HD1.csv","GSE199994 HD1
n=7032","100","F_0.5",1,"Primary cancer cell"
"1707",1,"predict_GSE173682_Endome_Epi_n20_GSE155698_Healthy_PBMC_1.csv","GSE155698 HD1
n=2720","20","F_0.5",1,"Primary cancer cell"
"1708",1,"predict_GSE173682_Endome_Epi_n20_GSE199994_HD1.csv","GSE199994 HD1
n=7032","20","F_0.5",1,"Primary cancer cell"
"1709",1,"predict_GSE173682_Endome_Epi_n5_GSE155698_Healthy_PBMC_1.csv","GSE155698 HD1
n=2720","5","F_0.5",1,"Primary cancer cell"
"1710",1,"predict_GSE173682_Endome_Epi_n5_GSE199994_HD1.csv","GSE199994 HD1
n=7032","5","F_0.5",1,"Primary cancer cell"
"1711",1,"predict_GSE173682_Endome_Epi_n500_GSE155698_Healthy_PBMC_1.csv","GSE155698 HD1
n=2720","500","F_0.5",1,"Primary cancer cell"
"1712",1,"predict_GSE173682_Endome_Epi_n500_GSE199994_HD1.csv","GSE199994 HD1
n=7032","500","F_0.5",1,"Primary cancer cell"
"1713",1,"predict_GSE173682_Ovarian_Epi_n10_GSE155698_Healthy_PBMC_1.csv","GSE155698 HD1
n=2720","10","F_0.5",1,"Primary cancer cell"
"1714",1,"predict_GSE173682_Ovarian_Epi_n10_GSE199994_HD1.csv","GSE199994 HD1
n=7032","10","F_0.5",1,"Primary cancer cell"
"1715",1,"predict_GSE173682_Ovarian_Epi_n100_GSE155698_Healthy_PBMC_1.csv","GSE155698 HD1
n=2720","100","F_0.5",1,"Primary cancer cell"
"1716",1,"predict_GSE173682_Ovarian_Epi_n100_GSE199994_HD1.csv","GSE199994 HD1
n=7032","100","F_0.5",1,"Primary cancer cell"
"1717",1,"predict_GSE173682_Ovarian_Epi_n20_GSE155698_Healthy_PBMC_1.csv","GSE155698 HD1
n=2720","20","F_0.5",1,"Primary cancer cell"
"1718",1,"predict_GSE173682_Ovarian_Epi_n20_GSE199994_HD1.csv","GSE199994 HD1
n=7032","20","F_0.5",1,"Primary cancer cell"
"1719",1,"predict_GSE173682_Ovarian_Epi_n5_GSE155698_Healthy_PBMC_1.csv","GSE155698 HD1
n=2720","5","F_0.5",1,"Primary cancer cell"
"1720",1,"predict_GSE173682_Ovarian_Epi_n5_GSE199994_HD1.csv","GSE199994 HD1
n=7032","5","F_0.5",1,"Primary cancer cell"
"1721",1,"predict_GSE173682_Ovarian_Epi_n500_GSE155698_Healthy_PBMC_1.csv","GSE155698 HD1
n=2720","500","F_0.5",1,"Primary cancer cell"
"1722",1,"predict_GSE173682_Ovarian_Epi_n500_GSE199994_HD1.csv","GSE199994 HD1
n=7032","500","F_0.5",1,"Primary cancer cell"
"1723",1,"predict_GSE176031_Prostate_Epi_n10_GSE155698_Healthy_PBMC_1.csv","GSE155698 HD1
n=2720","10","F_0.5",1,"Primary cancer cell"
"1724",1,"predict_GSE176031_Prostate_Epi_n10_GSE199994_HD1.csv","GSE199994 HD1
n=7032","10","F_0.5",1,"Primary cancer cell"
"1725",1,"predict_GSE176031_Prostate_Epi_n100_GSE155698_Healthy_PBMC_1.csv","GSE155698 HD1
n=2720","100","F_0.5",1,"Primary cancer cell"
"1726",1,"predict_GSE176031_Prostate_Epi_n100_GSE199994_HD1.csv","GSE199994 HD1
n=7032","100","F_0.5",1,"Primary cancer cell"
"1727",1,"predict_GSE176031_Prostate_Epi_n20_GSE155698_Healthy_PBMC_1.csv","GSE155698 HD1
n=2720","20","F_0.5",1,"Primary cancer cell"
"1728",1,"predict_GSE176031_Prostate_Epi_n20_GSE199994_HD1.csv","GSE199994 HD1
n=7032","20","F_0.5",1,"Primary cancer cell"
"1729",1,"predict_GSE176031_Prostate_Epi_n5_GSE155698_Healthy_PBMC_1.csv","GSE155698 HD1
n=2720","5","F_0.5",1,"Primary cancer cell"
"1730",1,"predict_GSE176031_Prostate_Epi_n5_GSE199994_HD1.csv","GSE199994 HD1
n=7032","5","F_0.5",1,"Primary cancer cell"
"1731",1,"predict_GSE176078_BC_Epi_n10_GSE155698_Healthy_PBMC_1.csv","GSE155698 HD1
n=2720","10","F_0.5",1,"Primary cancer cell"
"1732",1,"predict_GSE176078_BC_Epi_n10_GSE199994_HD1.csv","GSE199994 HD1
n=7032","10","F_0.5",1,"Primary cancer cell"
"1733",1,"predict_GSE176078_BC_Epi_n100_GSE155698_Healthy_PBMC_1.csv","GSE155698 HD1
n=2720","100","F_0.5",1,"Primary cancer cell"
"1734",1,"predict_GSE176078_BC_Epi_n100_GSE199994_HD1.csv","GSE199994 HD1
n=7032","100","F_0.5",1,"Primary cancer cell"
"1735",1,"predict_GSE176078_BC_Epi_n20_GSE155698_Healthy_PBMC_1.csv","GSE155698 HD1
n=2720","20","F_0.5",1,"Primary cancer cell"
"1736",1,"predict_GSE176078_BC_Epi_n20_GSE199994_HD1.csv","GSE199994 HD1
n=7032","20","F_0.5",1,"Primary cancer cell"
"1737",1,"predict_GSE176078_BC_Epi_n5_GSE155698_Healthy_PBMC_1.csv","GSE155698 HD1
n=2720","5","F_0.5",1,"Primary cancer cell"
"1738",1,"predict_GSE176078_BC_Epi_n5_GSE199994_HD1.csv","GSE199994 HD1
n=7032","5","F_0.5",1,"Primary cancer cell"
"1739",1,"predict_GSE176078_BC_Epi_n500_GSE155698_Healthy_PBMC_1.csv","GSE155698 HD1
n=2720","500","F_0.5",1,"Primary cancer cell"
"1740",1,"predict_GSE176078_BC_Epi_n500_GSE199994_HD1.csv","GSE199994 HD1
n=7032","500","F_0.5",1,"Primary cancer cell"
"1741",1,"predict_GSE178318_CRC_Epi_n10_GSE155698_Healthy_PBMC_1.csv","GSE155698 HD1
n=2720","10","F_0.5",1,"Primary cancer cell"
"1742",1,"predict_GSE178318_CRC_Epi_n10_GSE199994_HD1.csv","GSE199994 HD1
n=7032","10","F_0.5",1,"Primary cancer cell"
"1743",1,"predict_GSE178318_CRC_Epi_n100_GSE155698_Healthy_PBMC_1.csv","GSE155698 HD1
n=2720","100","F_0.5",1,"Primary cancer cell"
"1744",1,"predict_GSE178318_CRC_Epi_n100_GSE199994_HD1.csv","GSE199994 HD1
n=7032","100","F_0.5",1,"Primary cancer cell"
"1745",1,"predict_GSE178318_CRC_Epi_n20_GSE155698_Healthy_PBMC_1.csv","GSE155698 HD1
n=2720","20","F_0.5",1,"Primary cancer cell"
"1746",1,"predict_GSE178318_CRC_Epi_n20_GSE199994_HD1.csv","GSE199994 HD1
n=7032","20","F_0.5",1,"Primary cancer cell"
"1747",1,"predict_GSE178318_CRC_Epi_n5_GSE155698_Healthy_PBMC_1.csv","GSE155698 HD1
n=2720","5","F_0.5",1,"Primary cancer cell"
"1748",1,"predict_GSE178318_CRC_Epi_n5_GSE199994_HD1.csv","GSE199994 HD1
n=7032","5","F_0.5",1,"Primary cancer cell"
"1749",1,"predict_GSE178318_CRC_Epi_n500_GSE155698_Healthy_PBMC_1.csv","GSE155698 HD1
n=2720","500","F_0.5",1,"Primary cancer cell"
"1750",1,"predict_GSE178318_CRC_Epi_n500_GSE199994_HD1.csv","GSE199994 HD1
n=7032","500","F_0.5",1,"Primary cancer cell"
"1751",1,"predict_GSE193337_Prostate_Epi_n10_GSE155698_Healthy_PBMC_1.csv","GSE155698 HD1
n=2720","10","F_0.5",1,"Primary cancer cell"
"1752",1,"predict_GSE193337_Prostate_Epi_n10_GSE199994_HD1.csv","GSE199994 HD1
n=7032","10","F_0.5",1,"Primary cancer cell"
"1753",1,"predict_GSE193337_Prostate_Epi_n100_GSE155698_Healthy_PBMC_1.csv","GSE155698 HD1
n=2720","100","F_0.5",1,"Primary cancer cell"
"1754",1,"predict_GSE193337_Prostate_Epi_n100_GSE199994_HD1.csv","GSE199994 HD1
n=7032","100","F_0.5",1,"Primary cancer cell"
"1755",1,"predict_GSE193337_Prostate_Epi_n20_GSE155698_Healthy_PBMC_1.csv","GSE155698 HD1
n=2720","20","F_0.5",1,"Primary cancer cell"
"1756",1,"predict_GSE193337_Prostate_Epi_n20_GSE199994_HD1.csv","GSE199994 HD1
n=7032","20","F_0.5",1,"Primary cancer cell"
"1757",1,"predict_GSE193337_Prostate_Epi_n5_GSE155698_Healthy_PBMC_1.csv","GSE155698 HD1
n=2720","5","F_0.5",1,"Primary cancer cell"
"1758",1,"predict_GSE193337_Prostate_Epi_n5_GSE199994_HD1.csv","GSE199994 HD1
n=7032","5","F_0.5",1,"Primary cancer cell"
"1759",0.999689440993789,"predict_GSE193337_Prostate_Epi_n500_GSE155698_Healthy_PBMC_1.csv","GSE155698 HD1
n=2720","500","F_0.5",0.999599358974359,"Primary cancer cell"
"1760",0.999867233138609,"predict_GSE193337_Prostate_Epi_n500_GSE199994_HD1.csv","GSE199994 HD1
n=7032","500","F_0.5",0.999599358974359,"Primary cancer cell"
"1761",1,"predict_GSE215120_Melanoma_n10_GSE155698_Healthy_PBMC_1.csv","GSE155698 HD1
n=2720","10","F_0.5",1,"Primary cancer cell"
"1762",1,"predict_GSE215120_Melanoma_n10_GSE199994_HD1.csv","GSE199994 HD1
n=7032","10","F_0.5",1,"Primary cancer cell"
"1763",1,"predict_GSE215120_Melanoma_n100_GSE155698_Healthy_PBMC_1.csv","GSE155698 HD1
n=2720","100","F_0.5",1,"Primary cancer cell"
"1764",1,"predict_GSE215120_Melanoma_n100_GSE199994_HD1.csv","GSE199994 HD1
n=7032","100","F_0.5",1,"Primary cancer cell"
"1765",1,"predict_GSE215120_Melanoma_n20_GSE155698_Healthy_PBMC_1.csv","GSE155698 HD1
n=2720","20","F_0.5",1,"Primary cancer cell"
"1766",1,"predict_GSE215120_Melanoma_n20_GSE199994_HD1.csv","GSE199994 HD1
n=7032","20","F_0.5",1,"Primary cancer cell"
"1767",1,"predict_GSE215120_Melanoma_n5_GSE155698_Healthy_PBMC_1.csv","GSE155698 HD1
n=2720","5","F_0.5",1,"Primary cancer cell"
"1768",1,"predict_GSE215120_Melanoma_n5_GSE199994_HD1.csv","GSE199994 HD1
n=7032","5","F_0.5",1,"Primary cancer cell"
"1769",0.999689440993789,"predict_GSE215120_Melanoma_n500_GSE155698_Healthy_PBMC_1.csv","GSE155698 HD1
n=2720","500","F_0.5",0.999599358974359,"Primary cancer cell"
"1770",0.999867233138609,"predict_GSE215120_Melanoma_n500_GSE199994_HD1.csv","GSE199994 HD1
n=7032","500","F_0.5",0.999599358974359,"Primary cancer cell"
"1771",1,"predict_GSM3946506_Mela_cl_n10_GSE155698_Healthy_PBMC_1.csv","GSE155698 HD1
n=2720","10","F_0.5",1,"Primary cancer cell"
"1772",1,"predict_GSM3946506_Mela_cl_n10_GSE199994_HD1.csv","GSE199994 HD1
n=7032","10","F_0.5",1,"Primary cancer cell"
"1773",1,"predict_GSM3946506_Mela_cl_n100_GSE155698_Healthy_PBMC_1.csv","GSE155698 HD1
n=2720","100","F_0.5",1,"Primary cancer cell"
"1774",1,"predict_GSM3946506_Mela_cl_n100_GSE199994_HD1.csv","GSE199994 HD1
n=7032","100","F_0.5",1,"Primary cancer cell"
"1775",1,"predict_GSM3946506_Mela_cl_n20_GSE155698_Healthy_PBMC_1.csv","GSE155698 HD1
n=2720","20","F_0.5",1,"Primary cancer cell"
"1776",1,"predict_GSM3946506_Mela_cl_n20_GSE199994_HD1.csv","GSE199994 HD1
n=7032","20","F_0.5",1,"Primary cancer cell"
"1777",1,"predict_GSM3946506_Mela_cl_n5_GSE155698_Healthy_PBMC_1.csv","GSE155698 HD1
n=2720","5","F_0.5",1,"Primary cancer cell"
"1778",1,"predict_GSM3946506_Mela_cl_n5_GSE199994_HD1.csv","GSE199994 HD1
n=7032","5","F_0.5",1,"Primary cancer cell"
"1779",1,"predict_OMIX001073_GC_Epi_n10_GSE155698_Healthy_PBMC_1.csv","GSE155698 HD1
n=2720","10","F_0.5",1,"Primary cancer cell"
"1780",1,"predict_OMIX001073_GC_Epi_n10_GSE199994_HD1.csv","GSE199994 HD1
n=7032","10","F_0.5",1,"Primary cancer cell"
"1781",1,"predict_OMIX001073_GC_Epi_n100_GSE155698_Healthy_PBMC_1.csv","GSE155698 HD1
n=2720","100","F_0.5",1,"Primary cancer cell"
"1782",1,"predict_OMIX001073_GC_Epi_n100_GSE199994_HD1.csv","GSE199994 HD1
n=7032","100","F_0.5",1,"Primary cancer cell"
"1783",1,"predict_OMIX001073_GC_Epi_n20_GSE155698_Healthy_PBMC_1.csv","GSE155698 HD1
n=2720","20","F_0.5",1,"Primary cancer cell"
"1784",1,"predict_OMIX001073_GC_Epi_n20_GSE199994_HD1.csv","GSE199994 HD1
n=7032","20","F_0.5",1,"Primary cancer cell"
"1785",1,"predict_OMIX001073_GC_Epi_n5_GSE155698_Healthy_PBMC_1.csv","GSE155698 HD1
n=2720","5","F_0.5",1,"Primary cancer cell"
"1786",1,"predict_OMIX001073_GC_Epi_n5_GSE199994_HD1.csv","GSE199994 HD1
n=7032","5","F_0.5",1,"Primary cancer cell"
"1787",1,"predict_OMIX001073_GC_Epi_n500_GSE155698_Healthy_PBMC_1.csv","GSE155698 HD1
n=2720","500","F_0.5",1,"Primary cancer cell"
"1788",1,"predict_OMIX001073_GC_Epi_n500_GSE199994_HD1.csv","GSE199994 HD1
n=7032","500","F_0.5",1,"Primary cancer cell"
"1789",1,"CancerCellpseudoPBMC_10000_E-MTAB-11948_Cervix_Epi_n10.csv","Immune cells
n=10000","10","F_1",1,"Primary cancer cell"
"1790",1,"CancerCellpseudoPBMC_10000_E-MTAB-11948_Cervix_Epi_n100.csv","Immune cells
n=10000","100","F_1",1,"Primary cancer cell"
"1791",1,"CancerCellpseudoPBMC_10000_E-MTAB-11948_Cervix_Epi_n20.csv","Immune cells
n=10000","20","F_1",1,"Primary cancer cell"
"1792",1,"CancerCellpseudoPBMC_10000_E-MTAB-11948_Cervix_Epi_n5.csv","Immune cells
n=10000","5","F_1",1,"Primary cancer cell"
"1793",1,"CancerCellpseudoPBMC_10000_E-MTAB-11948_Cervix_Epi_n500.csv","Immune cells
n=10000","500","F_1",1,"Primary cancer cell"
"1794",1,"CancerCellpseudoPBMC_10000_GSE127465_NSCLC2019_Epi_n10.csv","Immune cells
n=10000","10","F_1",1,"Primary cancer cell"
"1795",1,"CancerCellpseudoPBMC_10000_GSE127465_NSCLC2019_Epi_n100.csv","Immune cells
n=10000","100","F_1",1,"Primary cancer cell"
"1796",1,"CancerCellpseudoPBMC_10000_GSE127465_NSCLC2019_Epi_n20.csv","Immune cells
n=10000","20","F_1",1,"Primary cancer cell"
"1797",1,"CancerCellpseudoPBMC_10000_GSE127465_NSCLC2019_Epi_n5.csv","Immune cells
n=10000","5","F_1",1,"Primary cancer cell"
"1798",1,"CancerCellpseudoPBMC_10000_GSE132465_CRC_Epi_n10.csv","Immune cells
n=10000","10","F_1",1,"Primary cancer cell"
"1799",1,"CancerCellpseudoPBMC_10000_GSE132465_CRC_Epi_n100.csv","Immune cells
n=10000","100","F_1",1,"Primary cancer cell"
"1800",1,"CancerCellpseudoPBMC_10000_GSE132465_CRC_Epi_n20.csv","Immune cells
n=10000","20","F_1",1,"Primary cancer cell"
"1801",1,"CancerCellpseudoPBMC_10000_GSE132465_CRC_Epi_n5.csv","Immune cells
n=10000","5","F_1",1,"Primary cancer cell"
"1802",1,"CancerCellpseudoPBMC_10000_GSE132465_CRC_Epi_n500.csv","Immune cells
n=10000","500","F_1",1,"Primary cancer cell"
"1803",1,"CancerCellpseudoPBMC_10000_GSE148071_LUNG_Epi_n10.csv","Immune cells
n=10000","10","F_1",1,"Primary cancer cell"
"1804",1,"CancerCellpseudoPBMC_10000_GSE148071_LUNG_Epi_n100.csv","Immune cells
n=10000","100","F_1",1,"Primary cancer cell"
"1805",1,"CancerCellpseudoPBMC_10000_GSE148071_LUNG_Epi_n20.csv","Immune cells
n=10000","20","F_1",1,"Primary cancer cell"
"1806",1,"CancerCellpseudoPBMC_10000_GSE148071_LUNG_Epi_n5.csv","Immune cells
n=10000","5","F_1",1,"Primary cancer cell"
"1807",1,"CancerCellpseudoPBMC_10000_GSE148071_LUNG_Epi_n500.csv","Immune cells
n=10000","500","F_1",1,"Primary cancer cell"
"1808",1,"CancerCellpseudoPBMC_10000_GSE149614_HCC_Epi_n10.csv","Immune cells
n=10000","10","F_1",1,"Primary cancer cell"
"1809",1,"CancerCellpseudoPBMC_10000_GSE149614_HCC_Epi_n100.csv","Immune cells
n=10000","100","F_1",1,"Primary cancer cell"
"1810",1,"CancerCellpseudoPBMC_10000_GSE149614_HCC_Epi_n20.csv","Immune cells
n=10000","20","F_1",1,"Primary cancer cell"
"1811",1,"CancerCellpseudoPBMC_10000_GSE149614_HCC_Epi_n5.csv","Immune cells
n=10000","5","F_1",1,"Primary cancer cell"
"1812",1,"CancerCellpseudoPBMC_10000_GSE149614_HCC_Epi_n500.csv","Immune cells
n=10000","500","F_1",1,"Primary cancer cell"
"1813",1,"CancerCellpseudoPBMC_10000_GSE150430_NPC_Epi_n10.csv","Immune cells
n=10000","10","F_1",1,"Primary cancer cell"
"1814",1,"CancerCellpseudoPBMC_10000_GSE150430_NPC_Epi_n100.csv","Immune cells
n=10000","100","F_1",1,"Primary cancer cell"
"1815",1,"CancerCellpseudoPBMC_10000_GSE150430_NPC_Epi_n20.csv","Immune cells
n=10000","20","F_1",1,"Primary cancer cell"
"1816",1,"CancerCellpseudoPBMC_10000_GSE150430_NPC_Epi_n5.csv","Immune cells
n=10000","5","F_1",1,"Primary cancer cell"
"1817",0.999904761904762,"CancerCellpseudoPBMC_10000_GSE150430_NPC_Epi_n500.csv","Immune cells
n=10000","500","F_1",0.998998998998999,"Primary cancer cell"
"1818",1,"CancerCellpseudoPBMC_10000_GSE150825_NPC_Epi_n10.csv","Immune cells
n=10000","10","F_1",1,"Primary cancer cell"
"1819",1,"CancerCellpseudoPBMC_10000_GSE150825_NPC_Epi_n20.csv","Immune cells
n=10000","20","F_1",1,"Primary cancer cell"
"1820",1,"CancerCellpseudoPBMC_10000_GSE150825_NPC_Epi_n5.csv","Immune cells
n=10000","5","F_1",1,"Primary cancer cell"
"1821",1,"CancerCellpseudoPBMC_10000_GSE150825_NPC_Epi_n50.csv","Immune cells
n=10000","5","F_1",1,"Primary cancer cell"
"1822",1,"CancerCellpseudoPBMC_10000_GSE155698_PDAC_Epi_n10.csv","Immune cells
n=10000","10","F_1",1,"Primary cancer cell"
"1823",1,"CancerCellpseudoPBMC_10000_GSE155698_PDAC_Epi_n100.csv","Immune cells
n=10000","100","F_1",1,"Primary cancer cell"
"1824",1,"CancerCellpseudoPBMC_10000_GSE155698_PDAC_Epi_n20.csv","Immune cells
n=10000","20","F_1",1,"Primary cancer cell"
"1825",1,"CancerCellpseudoPBMC_10000_GSE155698_PDAC_Epi_n5.csv","Immune cells
n=10000","5","F_1",1,"Primary cancer cell"
"1826",0.999714285714286,"CancerCellpseudoPBMC_10000_GSE155698_PDAC_Epi_n500.csv","Immune cells
n=10000","500","F_1",0.996990972918756,"Primary cancer cell"
"1827",1,"CancerCellpseudoPBMC_10000_GSE162025_NPC_Epi_n10.csv","Immune cells
n=10000","10","F_1",1,"Primary cancer cell"
"1828",1,"CancerCellpseudoPBMC_10000_GSE162025_NPC_Epi_n100.csv","Immune cells
n=10000","100","F_1",1,"Primary cancer cell"
"1829",1,"CancerCellpseudoPBMC_10000_GSE162025_NPC_Epi_n20.csv","Immune cells
n=10000","20","F_1",1,"Primary cancer cell"
"1830",1,"CancerCellpseudoPBMC_10000_GSE162025_NPC_Epi_n5.csv","Immune cells
n=10000","5","F_1",1,"Primary cancer cell"
"1831",1,"CancerCellpseudoPBMC_10000_GSE168652_Cervix_Epi_n10.csv","Immune cells
n=10000","10","F_1",1,"Primary cancer cell"
"1832",1,"CancerCellpseudoPBMC_10000_GSE168652_Cervix_Epi_n100.csv","Immune cells
n=10000","100","F_1",1,"Primary cancer cell"
"1833",1,"CancerCellpseudoPBMC_10000_GSE168652_Cervix_Epi_n20.csv","Immune cells
n=10000","20","F_1",1,"Primary cancer cell"
"1834",1,"CancerCellpseudoPBMC_10000_GSE168652_Cervix_Epi_n5.csv","Immune cells
n=10000","5","F_1",1,"Primary cancer cell"
"1835",1,"CancerCellpseudoPBMC_10000_GSE168652_Cervix_Epi_n500.csv","Immune cells
n=10000","500","F_1",1,"Primary cancer cell"
"1836",1,"CancerCellpseudoPBMC_10000_GSE173682_Endome_Epi_n10.csv","Immune cells
n=10000","10","F_1",1,"Primary cancer cell"
"1837",1,"CancerCellpseudoPBMC_10000_GSE173682_Endome_Epi_n100.csv","Immune cells
n=10000","100","F_1",1,"Primary cancer cell"
"1838",1,"CancerCellpseudoPBMC_10000_GSE173682_Endome_Epi_n20.csv","Immune cells
n=10000","20","F_1",1,"Primary cancer cell"
"1839",1,"CancerCellpseudoPBMC_10000_GSE173682_Endome_Epi_n5.csv","Immune cells
n=10000","5","F_1",1,"Primary cancer cell"
"1840",1,"CancerCellpseudoPBMC_10000_GSE173682_Endome_Epi_n500.csv","Immune cells
n=10000","500","F_1",1,"Primary cancer cell"
"1841",1,"CancerCellpseudoPBMC_10000_GSE173682_Ovarian_Epi_n10.csv","Immune cells
n=10000","10","F_1",1,"Primary cancer cell"
"1842",1,"CancerCellpseudoPBMC_10000_GSE173682_Ovarian_Epi_n100.csv","Immune cells
n=10000","100","F_1",1,"Primary cancer cell"
"1843",1,"CancerCellpseudoPBMC_10000_GSE173682_Ovarian_Epi_n20.csv","Immune cells
n=10000","20","F_1",1,"Primary cancer cell"
"1844",1,"CancerCellpseudoPBMC_10000_GSE173682_Ovarian_Epi_n5.csv","Immune cells
n=10000","5","F_1",1,"Primary cancer cell"
"1845",1,"CancerCellpseudoPBMC_10000_GSE173682_Ovarian_Epi_n500.csv","Immune cells
n=10000","500","F_1",1,"Primary cancer cell"
"1846",1,"CancerCellpseudoPBMC_10000_GSE176031_Prostate_Epi_n10.csv","Immune cells
n=10000","10","F_1",1,"Primary cancer cell"
"1847",1,"CancerCellpseudoPBMC_10000_GSE176031_Prostate_Epi_n100.csv","Immune cells
n=10000","100","F_1",1,"Primary cancer cell"
"1848",1,"CancerCellpseudoPBMC_10000_GSE176031_Prostate_Epi_n20.csv","Immune cells
n=10000","20","F_1",1,"Primary cancer cell"
"1849",1,"CancerCellpseudoPBMC_10000_GSE176031_Prostate_Epi_n5.csv","Immune cells
n=10000","5","F_1",1,"Primary cancer cell"
"1850",1,"CancerCellpseudoPBMC_10000_GSE176078_BC_Epi_n10.csv","Immune cells
n=10000","10","F_1",1,"Primary cancer cell"
"1851",1,"CancerCellpseudoPBMC_10000_GSE176078_BC_Epi_n100.csv","Immune cells
n=10000","100","F_1",1,"Primary cancer cell"
"1852",1,"CancerCellpseudoPBMC_10000_GSE176078_BC_Epi_n20.csv","Immune cells
n=10000","20","F_1",1,"Primary cancer cell"
"1853",1,"CancerCellpseudoPBMC_10000_GSE176078_BC_Epi_n5.csv","Immune cells
n=10000","5","F_1",1,"Primary cancer cell"
"1854",1,"CancerCellpseudoPBMC_10000_GSE176078_BC_Epi_n500.csv","Immune cells
n=10000","500","F_1",1,"Primary cancer cell"
"1855",1,"CancerCellpseudoPBMC_10000_GSE178318_CRC_Epi_n10.csv","Immune cells
n=10000","10","F_1",1,"Primary cancer cell"
"1856",1,"CancerCellpseudoPBMC_10000_GSE178318_CRC_Epi_n100.csv","Immune cells
n=10000","100","F_1",1,"Primary cancer cell"
"1857",1,"CancerCellpseudoPBMC_10000_GSE178318_CRC_Epi_n20.csv","Immune cells
n=10000","20","F_1",1,"Primary cancer cell"
"1858",1,"CancerCellpseudoPBMC_10000_GSE178318_CRC_Epi_n5.csv","Immune cells
n=10000","5","F_1",1,"Primary cancer cell"
"1859",1,"CancerCellpseudoPBMC_10000_GSE178318_CRC_Epi_n500.csv","Immune cells
n=10000","500","F_1",1,"Primary cancer cell"
"1860",1,"CancerCellpseudoPBMC_10000_GSE193337_Prostate_Epi_n10.csv","Immune cells
n=10000","10","F_1",1,"Primary cancer cell"
"1861",1,"CancerCellpseudoPBMC_10000_GSE193337_Prostate_Epi_n100.csv","Immune cells
n=10000","100","F_1",1,"Primary cancer cell"
"1862",1,"CancerCellpseudoPBMC_10000_GSE193337_Prostate_Epi_n20.csv","Immune cells
n=10000","20","F_1",1,"Primary cancer cell"
"1863",1,"CancerCellpseudoPBMC_10000_GSE193337_Prostate_Epi_n5.csv","Immune cells
n=10000","5","F_1",1,"Primary cancer cell"
"1864",0.999904761904762,"CancerCellpseudoPBMC_10000_GSE193337_Prostate_Epi_n500.csv","Immune cells
n=10000","500","F_1",0.998998998998999,"Primary cancer cell"
"1865",1,"CancerCellpseudoPBMC_10000_GSE215120_Melanoma_n10.csv","Immune cells
n=10000","10","F_1",1,"Primary cancer cell"
"1866",1,"CancerCellpseudoPBMC_10000_GSE215120_Melanoma_n100.csv","Immune cells
n=10000","100","F_1",1,"Primary cancer cell"
"1867",1,"CancerCellpseudoPBMC_10000_GSE215120_Melanoma_n20.csv","Immune cells
n=10000","20","F_1",1,"Primary cancer cell"
"1868",1,"CancerCellpseudoPBMC_10000_GSE215120_Melanoma_n5.csv","Immune cells
n=10000","5","F_1",1,"Primary cancer cell"
"1869",0.999904761904762,"CancerCellpseudoPBMC_10000_GSE215120_Melanoma_n500.csv","Immune cells
n=10000","500","F_1",0.998998998998999,"Primary cancer cell"
"1870",1,"CancerCellpseudoPBMC_10000_GSM3946506_Mela_cl_n10.csv","Immune cells
n=10000","10","F_1",1,"Primary cancer cell"
"1871",1,"CancerCellpseudoPBMC_10000_GSM3946506_Mela_cl_n100.csv","Immune cells
n=10000","100","F_1",1,"Primary cancer cell"
"1872",1,"CancerCellpseudoPBMC_10000_GSM3946506_Mela_cl_n20.csv","Immune cells
n=10000","20","F_1",1,"Primary cancer cell"
"1873",1,"CancerCellpseudoPBMC_10000_GSM3946506_Mela_cl_n5.csv","Immune cells
n=10000","5","F_1",1,"Primary cancer cell"
"1874",1,"CancerCellpseudoPBMC_10000_OMIX001073_GC_Epi_n10.csv","Immune cells
n=10000","10","F_1",1,"Primary cancer cell"
"1875",1,"CancerCellpseudoPBMC_10000_OMIX001073_GC_Epi_n100.csv","Immune cells
n=10000","100","F_1",1,"Primary cancer cell"
"1876",1,"CancerCellpseudoPBMC_10000_OMIX001073_GC_Epi_n20.csv","Immune cells
n=10000","20","F_1",1,"Primary cancer cell"
"1877",1,"CancerCellpseudoPBMC_10000_OMIX001073_GC_Epi_n5.csv","Immune cells
n=10000","5","F_1",1,"Primary cancer cell"
"1878",1,"CancerCellpseudoPBMC_10000_OMIX001073_GC_Epi_n500.csv","Immune cells
n=10000","500","F_1",1,"Primary cancer cell"
"1879",1,"CancerCellpseudoPBMC_7500_E-MTAB-11948_Cervix_Epi_n10.csv","Immune cells
n=7500","10","F_1",1,"Primary cancer cell"
"1880",1,"CancerCellpseudoPBMC_7500_E-MTAB-11948_Cervix_Epi_n100.csv","Immune cells
n=7500","100","F_1",1,"Primary cancer cell"
"1881",1,"CancerCellpseudoPBMC_7500_E-MTAB-11948_Cervix_Epi_n20.csv","Immune cells
n=7500","20","F_1",1,"Primary cancer cell"
"1882",1,"CancerCellpseudoPBMC_7500_E-MTAB-11948_Cervix_Epi_n5.csv","Immune cells
n=7500","5","F_1",1,"Primary cancer cell"
"1883",1,"CancerCellpseudoPBMC_7500_E-MTAB-11948_Cervix_Epi_n500.csv","Immune cells
n=7500","500","F_1",1,"Primary cancer cell"
"1884",1,"CancerCellpseudoPBMC_7500_GSE127465_NSCLC2019_Epi_n10.csv","Immune cells
n=7500","10","F_1",1,"Primary cancer cell"
"1885",1,"CancerCellpseudoPBMC_7500_GSE127465_NSCLC2019_Epi_n100.csv","Immune cells
n=7500","100","F_1",1,"Primary cancer cell"
"1886",1,"CancerCellpseudoPBMC_7500_GSE127465_NSCLC2019_Epi_n20.csv","Immune cells
n=7500","20","F_1",1,"Primary cancer cell"
"1887",1,"CancerCellpseudoPBMC_7500_GSE127465_NSCLC2019_Epi_n5.csv","Immune cells
n=7500","5","F_1",1,"Primary cancer cell"
"1888",1,"CancerCellpseudoPBMC_7500_GSE132465_CRC_Epi_n10.csv","Immune cells
n=7500","10","F_1",1,"Primary cancer cell"
"1889",1,"CancerCellpseudoPBMC_7500_GSE132465_CRC_Epi_n100.csv","Immune cells
n=7500","100","F_1",1,"Primary cancer cell"
"1890",1,"CancerCellpseudoPBMC_7500_GSE132465_CRC_Epi_n20.csv","Immune cells
n=7500","20","F_1",1,"Primary cancer cell"
"1891",1,"CancerCellpseudoPBMC_7500_GSE132465_CRC_Epi_n5.csv","Immune cells
n=7500","5","F_1",1,"Primary cancer cell"
"1892",1,"CancerCellpseudoPBMC_7500_GSE132465_CRC_Epi_n500.csv","Immune cells
n=7500","500","F_1",1,"Primary cancer cell"
"1893",1,"CancerCellpseudoPBMC_7500_GSE148071_LUNG_Epi_n10.csv","Immune cells
n=7500","10","F_1",1,"Primary cancer cell"
"1894",1,"CancerCellpseudoPBMC_7500_GSE148071_LUNG_Epi_n100.csv","Immune cells
n=7500","100","F_1",1,"Primary cancer cell"
"1895",1,"CancerCellpseudoPBMC_7500_GSE148071_LUNG_Epi_n20.csv","Immune cells
n=7500","20","F_1",1,"Primary cancer cell"
"1896",1,"CancerCellpseudoPBMC_7500_GSE148071_LUNG_Epi_n5.csv","Immune cells
n=7500","5","F_1",1,"Primary cancer cell"
"1897",1,"CancerCellpseudoPBMC_7500_GSE148071_LUNG_Epi_n500.csv","Immune cells
n=7500","500","F_1",1,"Primary cancer cell"
"1898",1,"CancerCellpseudoPBMC_7500_GSE149614_HCC_Epi_n10.csv","Immune cells
n=7500","10","F_1",1,"Primary cancer cell"
"1899",1,"CancerCellpseudoPBMC_7500_GSE149614_HCC_Epi_n100.csv","Immune cells
n=7500","100","F_1",1,"Primary cancer cell"
"1900",1,"CancerCellpseudoPBMC_7500_GSE149614_HCC_Epi_n20.csv","Immune cells
n=7500","20","F_1",1,"Primary cancer cell"
"1901",1,"CancerCellpseudoPBMC_7500_GSE149614_HCC_Epi_n5.csv","Immune cells
n=7500","5","F_1",1,"Primary cancer cell"
"1902",1,"CancerCellpseudoPBMC_7500_GSE149614_HCC_Epi_n500.csv","Immune cells
n=7500","500","F_1",1,"Primary cancer cell"
"1903",1,"CancerCellpseudoPBMC_7500_GSE150430_NPC_Epi_n10.csv","Immune cells
n=7500","10","F_1",1,"Primary cancer cell"
"1904",1,"CancerCellpseudoPBMC_7500_GSE150430_NPC_Epi_n100.csv","Immune cells
n=7500","100","F_1",1,"Primary cancer cell"
"1905",1,"CancerCellpseudoPBMC_7500_GSE150430_NPC_Epi_n20.csv","Immune cells
n=7500","20","F_1",1,"Primary cancer cell"
"1906",1,"CancerCellpseudoPBMC_7500_GSE150430_NPC_Epi_n5.csv","Immune cells
n=7500","5","F_1",1,"Primary cancer cell"
"1907",0.999875,"CancerCellpseudoPBMC_7500_GSE150430_NPC_Epi_n500.csv","Immune cells
n=7500","500","F_1",0.998998998998999,"Primary cancer cell"
"1908",1,"CancerCellpseudoPBMC_7500_GSE150825_NPC_Epi_n10.csv","Immune cells
n=7500","10","F_1",1,"Primary cancer cell"
"1909",1,"CancerCellpseudoPBMC_7500_GSE150825_NPC_Epi_n20.csv","Immune cells
n=7500","20","F_1",1,"Primary cancer cell"
"1910",1,"CancerCellpseudoPBMC_7500_GSE150825_NPC_Epi_n5.csv","Immune cells
n=7500","5","F_1",1,"Primary cancer cell"
"1911",1,"CancerCellpseudoPBMC_7500_GSE155698_PDAC_Epi_n10.csv","Immune cells
n=7500","10","F_1",1,"Primary cancer cell"
"1912",1,"CancerCellpseudoPBMC_7500_GSE155698_PDAC_Epi_n100.csv","Immune cells
n=7500","100","F_1",1,"Primary cancer cell"
"1913",1,"CancerCellpseudoPBMC_7500_GSE155698_PDAC_Epi_n20.csv","Immune cells
n=7500","20","F_1",1,"Primary cancer cell"
"1914",1,"CancerCellpseudoPBMC_7500_GSE155698_PDAC_Epi_n5.csv","Immune cells
n=7500","5","F_1",1,"Primary cancer cell"
"1915",0.999625,"CancerCellpseudoPBMC_7500_GSE155698_PDAC_Epi_n500.csv","Immune cells
n=7500","500","F_1",0.996990972918756,"Primary cancer cell"
"1916",1,"CancerCellpseudoPBMC_7500_GSE162025_NPC_Epi_n10.csv","Immune cells
n=7500","10","F_1",1,"Primary cancer cell"
"1917",1,"CancerCellpseudoPBMC_7500_GSE162025_NPC_Epi_n100.csv","Immune cells
n=7500","100","F_1",1,"Primary cancer cell"
"1918",1,"CancerCellpseudoPBMC_7500_GSE162025_NPC_Epi_n20.csv","Immune cells
n=7500","20","F_1",1,"Primary cancer cell"
"1919",1,"CancerCellpseudoPBMC_7500_GSE162025_NPC_Epi_n5.csv","Immune cells
n=7500","5","F_1",1,"Primary cancer cell"
"1920",1,"CancerCellpseudoPBMC_7500_GSE168652_Cervix_Epi_n10.csv","Immune cells
n=7500","10","F_1",1,"Primary cancer cell"
"1921",1,"CancerCellpseudoPBMC_7500_GSE168652_Cervix_Epi_n100.csv","Immune cells
n=7500","100","F_1",1,"Primary cancer cell"
"1922",1,"CancerCellpseudoPBMC_7500_GSE168652_Cervix_Epi_n20.csv","Immune cells
n=7500","20","F_1",1,"Primary cancer cell"
"1923",1,"CancerCellpseudoPBMC_7500_GSE168652_Cervix_Epi_n5.csv","Immune cells
n=7500","5","F_1",1,"Primary cancer cell"
"1924",1,"CancerCellpseudoPBMC_7500_GSE168652_Cervix_Epi_n500.csv","Immune cells
n=7500","500","F_1",1,"Primary cancer cell"
"1925",1,"CancerCellpseudoPBMC_7500_GSE173682_Endome_Epi_n10.csv","Immune cells
n=7500","10","F_1",1,"Primary cancer cell"
"1926",1,"CancerCellpseudoPBMC_7500_GSE173682_Endome_Epi_n100.csv","Immune cells
n=7500","100","F_1",1,"Primary cancer cell"
"1927",1,"CancerCellpseudoPBMC_7500_GSE173682_Endome_Epi_n20.csv","Immune cells
n=7500","20","F_1",1,"Primary cancer cell"
"1928",1,"CancerCellpseudoPBMC_7500_GSE173682_Endome_Epi_n5.csv","Immune cells
n=7500","5","F_1",1,"Primary cancer cell"
"1929",1,"CancerCellpseudoPBMC_7500_GSE173682_Endome_Epi_n500.csv","Immune cells
n=7500","500","F_1",1,"Primary cancer cell"
"1930",1,"CancerCellpseudoPBMC_7500_GSE173682_Ovarian_Epi_n10.csv","Immune cells
n=7500","10","F_1",1,"Primary cancer cell"
"1931",1,"CancerCellpseudoPBMC_7500_GSE173682_Ovarian_Epi_n100.csv","Immune cells
n=7500","100","F_1",1,"Primary cancer cell"
"1932",1,"CancerCellpseudoPBMC_7500_GSE173682_Ovarian_Epi_n20.csv","Immune cells
n=7500","20","F_1",1,"Primary cancer cell"
"1933",1,"CancerCellpseudoPBMC_7500_GSE173682_Ovarian_Epi_n5.csv","Immune cells
n=7500","5","F_1",1,"Primary cancer cell"
"1934",1,"CancerCellpseudoPBMC_7500_GSE173682_Ovarian_Epi_n500.csv","Immune cells
n=7500","500","F_1",1,"Primary cancer cell"
"1935",1,"CancerCellpseudoPBMC_7500_GSE176031_Prostate_Epi_n10.csv","Immune cells
n=7500","10","F_1",1,"Primary cancer cell"
"1936",1,"CancerCellpseudoPBMC_7500_GSE176031_Prostate_Epi_n100.csv","Immune cells
n=7500","100","F_1",1,"Primary cancer cell"
"1937",1,"CancerCellpseudoPBMC_7500_GSE176031_Prostate_Epi_n20.csv","Immune cells
n=7500","20","F_1",1,"Primary cancer cell"
"1938",1,"CancerCellpseudoPBMC_7500_GSE176031_Prostate_Epi_n5.csv","Immune cells
n=7500","5","F_1",1,"Primary cancer cell"
"1939",1,"CancerCellpseudoPBMC_7500_GSE176078_BC_Epi_n10.csv","Immune cells
n=7500","10","F_1",1,"Primary cancer cell"
"1940",1,"CancerCellpseudoPBMC_7500_GSE176078_BC_Epi_n100.csv","Immune cells
n=7500","100","F_1",1,"Primary cancer cell"
"1941",1,"CancerCellpseudoPBMC_7500_GSE176078_BC_Epi_n20.csv","Immune cells
n=7500","20","F_1",1,"Primary cancer cell"
"1942",1,"CancerCellpseudoPBMC_7500_GSE176078_BC_Epi_n5.csv","Immune cells
n=7500","5","F_1",1,"Primary cancer cell"
"1943",1,"CancerCellpseudoPBMC_7500_GSE176078_BC_Epi_n500.csv","Immune cells
n=7500","500","F_1",1,"Primary cancer cell"
"1944",1,"CancerCellpseudoPBMC_7500_GSE178318_CRC_Epi_n10.csv","Immune cells
n=7500","10","F_1",1,"Primary cancer cell"
"1945",1,"CancerCellpseudoPBMC_7500_GSE178318_CRC_Epi_n100.csv","Immune cells
n=7500","100","F_1",1,"Primary cancer cell"
"1946",1,"CancerCellpseudoPBMC_7500_GSE178318_CRC_Epi_n20.csv","Immune cells
n=7500","20","F_1",1,"Primary cancer cell"
"1947",1,"CancerCellpseudoPBMC_7500_GSE178318_CRC_Epi_n5.csv","Immune cells
n=7500","5","F_1",1,"Primary cancer cell"
"1948",1,"CancerCellpseudoPBMC_7500_GSE178318_CRC_Epi_n500.csv","Immune cells
n=7500","500","F_1",1,"Primary cancer cell"
"1949",1,"CancerCellpseudoPBMC_7500_GSE193337_Prostate_Epi_n10.csv","Immune cells
n=7500","10","F_1",1,"Primary cancer cell"
"1950",1,"CancerCellpseudoPBMC_7500_GSE193337_Prostate_Epi_n100.csv","Immune cells
n=7500","100","F_1",1,"Primary cancer cell"
"1951",1,"CancerCellpseudoPBMC_7500_GSE193337_Prostate_Epi_n20.csv","Immune cells
n=7500","20","F_1",1,"Primary cancer cell"
"1952",1,"CancerCellpseudoPBMC_7500_GSE193337_Prostate_Epi_n5.csv","Immune cells
n=7500","5","F_1",1,"Primary cancer cell"
"1953",0.999875,"CancerCellpseudoPBMC_7500_GSE193337_Prostate_Epi_n500.csv","Immune cells
n=7500","500","F_1",0.998998998998999,"Primary cancer cell"
"1954",1,"CancerCellpseudoPBMC_7500_GSE215120_Melanoma_n10.csv","Immune cells
n=7500","10","F_1",1,"Primary cancer cell"
"1955",1,"CancerCellpseudoPBMC_7500_GSE215120_Melanoma_n100.csv","Immune cells
n=7500","100","F_1",1,"Primary cancer cell"
"1956",1,"CancerCellpseudoPBMC_7500_GSE215120_Melanoma_n20.csv","Immune cells
n=7500","20","F_1",1,"Primary cancer cell"
"1957",1,"CancerCellpseudoPBMC_7500_GSE215120_Melanoma_n5.csv","Immune cells
n=7500","5","F_1",1,"Primary cancer cell"
"1958",0.999875,"CancerCellpseudoPBMC_7500_GSE215120_Melanoma_n500.csv","Immune cells
n=7500","500","F_1",0.998998998998999,"Primary cancer cell"
"1959",1,"CancerCellpseudoPBMC_7500_GSM3946506_Mela_cl_n10.csv","Immune cells
n=7500","10","F_1",1,"Primary cancer cell"
"1960",1,"CancerCellpseudoPBMC_7500_GSM3946506_Mela_cl_n100.csv","Immune cells
n=7500","100","F_1",1,"Primary cancer cell"
"1961",1,"CancerCellpseudoPBMC_7500_GSM3946506_Mela_cl_n20.csv","Immune cells
n=7500","20","F_1",1,"Primary cancer cell"
"1962",1,"CancerCellpseudoPBMC_7500_GSM3946506_Mela_cl_n5.csv","Immune cells
n=7500","5","F_1",1,"Primary cancer cell"
"1963",1,"CancerCellpseudoPBMC_7500_OMIX001073_GC_Epi_n10.csv","Immune cells
n=7500","10","F_1",1,"Primary cancer cell"
"1964",1,"CancerCellpseudoPBMC_7500_OMIX001073_GC_Epi_n100.csv","Immune cells
n=7500","100","F_1",1,"Primary cancer cell"
"1965",1,"CancerCellpseudoPBMC_7500_OMIX001073_GC_Epi_n20.csv","Immune cells
n=7500","20","F_1",1,"Primary cancer cell"
"1966",1,"CancerCellpseudoPBMC_7500_OMIX001073_GC_Epi_n5.csv","Immune cells
n=7500","5","F_1",1,"Primary cancer cell"
"1967",1,"CancerCellpseudoPBMC_7500_OMIX001073_GC_Epi_n500.csv","Immune cells
n=7500","500","F_1",1,"Primary cancer cell"
"1968",1,"predict_E-MTAB-11948_Cervix_Epi_n10_GSE155698_Healthy_PBMC_1.csv","GSE155698 HD1
n=2720","10","F_1",1,"Primary cancer cell"
"1969",1,"predict_E-MTAB-11948_Cervix_Epi_n10_GSE199994_HD1.csv","GSE199994 HD1
n=7032","10","F_1",1,"Primary cancer cell"
"1970",1,"predict_E-MTAB-11948_Cervix_Epi_n100_GSE155698_Healthy_PBMC_1.csv","GSE155698 HD1
n=2720","100","F_1",1,"Primary cancer cell"
"1971",1,"predict_E-MTAB-11948_Cervix_Epi_n100_GSE199994_HD1.csv","GSE199994 HD1
n=7032","100","F_1",1,"Primary cancer cell"
"1972",1,"predict_E-MTAB-11948_Cervix_Epi_n20_GSE155698_Healthy_PBMC_1.csv","GSE155698 HD1
n=2720","20","F_1",1,"Primary cancer cell"
"1973",1,"predict_E-MTAB-11948_Cervix_Epi_n20_GSE199994_HD1.csv","GSE199994 HD1
n=7032","20","F_1",1,"Primary cancer cell"
"1974",1,"predict_E-MTAB-11948_Cervix_Epi_n5_GSE155698_Healthy_PBMC_1.csv","GSE155698 HD1
n=2720","5","F_1",1,"Primary cancer cell"
"1975",1,"predict_E-MTAB-11948_Cervix_Epi_n5_GSE199994_HD1.csv","GSE199994 HD1
n=7032","5","F_1",1,"Primary cancer cell"
"1976",1,"predict_E-MTAB-11948_Cervix_Epi_n500_GSE155698_Healthy_PBMC_1.csv","GSE155698 HD1
n=2720","500","F_1",1,"Primary cancer cell"
"1977",1,"predict_E-MTAB-11948_Cervix_Epi_n500_GSE199994_HD1.csv","GSE199994 HD1
n=7032","500","F_1",1,"Primary cancer cell"
"1978",1,"predict_GSE127465_NSCLC2019_Epi_n10_GSE155698_Healthy_PBMC_1.csv","GSE155698 HD1
n=2720","10","F_1",1,"Primary cancer cell"
"1979",1,"predict_GSE127465_NSCLC2019_Epi_n10_GSE199994_HD1.csv","GSE199994 HD1
n=7032","10","F_1",1,"Primary cancer cell"
"1980",1,"predict_GSE127465_NSCLC2019_Epi_n100_GSE155698_Healthy_PBMC_1.csv","GSE155698 HD1
n=2720","100","F_1",1,"Primary cancer cell"
"1981",1,"predict_GSE127465_NSCLC2019_Epi_n100_GSE199994_HD1.csv","GSE199994 HD1
n=7032","100","F_1",1,"Primary cancer cell"
"1982",1,"predict_GSE127465_NSCLC2019_Epi_n20_GSE155698_Healthy_PBMC_1.csv","GSE155698 HD1
n=2720","20","F_1",1,"Primary cancer cell"
"1983",1,"predict_GSE127465_NSCLC2019_Epi_n20_GSE199994_HD1.csv","GSE199994 HD1
n=7032","20","F_1",1,"Primary cancer cell"
"1984",1,"predict_GSE127465_NSCLC2019_Epi_n5_GSE155698_Healthy_PBMC_1.csv","GSE155698 HD1
n=2720","5","F_1",1,"Primary cancer cell"
"1985",1,"predict_GSE127465_NSCLC2019_Epi_n5_GSE199994_HD1.csv","GSE199994 HD1
n=7032","5","F_1",1,"Primary cancer cell"
"1986",1,"predict_GSE132465_CRC_Epi_n10_GSE155698_Healthy_PBMC_1.csv","GSE155698 HD1
n=2720","10","F_1",1,"Primary cancer cell"
"1987",1,"predict_GSE132465_CRC_Epi_n10_GSE199994_HD1.csv","GSE199994 HD1
n=7032","10","F_1",1,"Primary cancer cell"
"1988",1,"predict_GSE132465_CRC_Epi_n100_GSE155698_Healthy_PBMC_1.csv","GSE155698 HD1
n=2720","100","F_1",1,"Primary cancer cell"
"1989",1,"predict_GSE132465_CRC_Epi_n100_GSE199994_HD1.csv","GSE199994 HD1
n=7032","100","F_1",1,"Primary cancer cell"
"1990",1,"predict_GSE132465_CRC_Epi_n20_GSE155698_Healthy_PBMC_1.csv","GSE155698 HD1
n=2720","20","F_1",1,"Primary cancer cell"
"1991",1,"predict_GSE132465_CRC_Epi_n20_GSE199994_HD1.csv","GSE199994 HD1
n=7032","20","F_1",1,"Primary cancer cell"
"1992",1,"predict_GSE132465_CRC_Epi_n5_GSE155698_Healthy_PBMC_1.csv","GSE155698 HD1
n=2720","5","F_1",1,"Primary cancer cell"
"1993",1,"predict_GSE132465_CRC_Epi_n5_GSE199994_HD1.csv","GSE199994 HD1
n=7032","5","F_1",1,"Primary cancer cell"
"1994",1,"predict_GSE132465_CRC_Epi_n500_GSE155698_Healthy_PBMC_1.csv","GSE155698 HD1
n=2720","500","F_1",1,"Primary cancer cell"
"1995",1,"predict_GSE132465_CRC_Epi_n500_GSE199994_HD1.csv","GSE199994 HD1
n=7032","500","F_1",1,"Primary cancer cell"
"1996",1,"predict_GSE148071_LUNG_Epi_n10_GSE155698_Healthy_PBMC_1.csv","GSE155698 HD1
n=2720","10","F_1",1,"Primary cancer cell"
"1997",1,"predict_GSE148071_LUNG_Epi_n10_GSE199994_HD1.csv","GSE199994 HD1
n=7032","10","F_1",1,"Primary cancer cell"
"1998",1,"predict_GSE148071_LUNG_Epi_n100_GSE155698_Healthy_PBMC_1.csv","GSE155698 HD1
n=2720","100","F_1",1,"Primary cancer cell"
"1999",1,"predict_GSE148071_LUNG_Epi_n100_GSE199994_HD1.csv","GSE199994 HD1
n=7032","100","F_1",1,"Primary cancer cell"
"2000",1,"predict_GSE148071_LUNG_Epi_n20_GSE155698_Healthy_PBMC_1.csv","GSE155698 HD1
n=2720","20","F_1",1,"Primary cancer cell"
"2001",1,"predict_GSE148071_LUNG_Epi_n20_GSE199994_HD1.csv","GSE199994 HD1
n=7032","20","F_1",1,"Primary cancer cell"
"2002",1,"predict_GSE148071_LUNG_Epi_n5_GSE155698_Healthy_PBMC_1.csv","GSE155698 HD1
n=2720","5","F_1",1,"Primary cancer cell"
"2003",1,"predict_GSE148071_LUNG_Epi_n5_GSE199994_HD1.csv","GSE199994 HD1
n=7032","5","F_1",1,"Primary cancer cell"
"2004",1,"predict_GSE148071_LUNG_Epi_n500_GSE155698_Healthy_PBMC_1.csv","GSE155698 HD1
n=2720","500","F_1",1,"Primary cancer cell"
"2005",1,"predict_GSE148071_LUNG_Epi_n500_GSE199994_HD1.csv","GSE199994 HD1
n=7032","500","F_1",1,"Primary cancer cell"
"2006",1,"predict_GSE149614_HCC_Epi_n10_GSE155698_Healthy_PBMC_1.csv","GSE155698 HD1
n=2720","10","F_1",1,"Primary cancer cell"
"2007",1,"predict_GSE149614_HCC_Epi_n10_GSE199994_HD1.csv","GSE199994 HD1
n=7032","10","F_1",1,"Primary cancer cell"
"2008",1,"predict_GSE149614_HCC_Epi_n100_GSE155698_Healthy_PBMC_1.csv","GSE155698 HD1
n=2720","100","F_1",1,"Primary cancer cell"
"2009",1,"predict_GSE149614_HCC_Epi_n100_GSE199994_HD1.csv","GSE199994 HD1
n=7032","100","F_1",1,"Primary cancer cell"
"2010",1,"predict_GSE149614_HCC_Epi_n20_GSE155698_Healthy_PBMC_1.csv","GSE155698 HD1
n=2720","20","F_1",1,"Primary cancer cell"
"2011",1,"predict_GSE149614_HCC_Epi_n20_GSE199994_HD1.csv","GSE199994 HD1
n=7032","20","F_1",1,"Primary cancer cell"
"2012",1,"predict_GSE149614_HCC_Epi_n5_GSE155698_Healthy_PBMC_1.csv","GSE155698 HD1
n=2720","5","F_1",1,"Primary cancer cell"
"2013",1,"predict_GSE149614_HCC_Epi_n5_GSE199994_HD1.csv","GSE199994 HD1
n=7032","5","F_1",1,"Primary cancer cell"
"2014",1,"predict_GSE149614_HCC_Epi_n500_GSE155698_Healthy_PBMC_1.csv","GSE155698 HD1
n=2720","500","F_1",1,"Primary cancer cell"
"2015",1,"predict_GSE149614_HCC_Epi_n500_GSE199994_HD1.csv","GSE199994 HD1
n=7032","500","F_1",1,"Primary cancer cell"
"2016",1,"predict_GSE150430_NPC_Epi_n10_GSE155698_Healthy_PBMC_1.csv","GSE155698 HD1
n=2720","10","F_1",1,"Primary cancer cell"
"2017",1,"predict_GSE150430_NPC_Epi_n10_GSE199994_HD1.csv","GSE199994 HD1
n=7032","10","F_1",1,"Primary cancer cell"
"2018",1,"predict_GSE150430_NPC_Epi_n100_GSE155698_Healthy_PBMC_1.csv","GSE155698 HD1
n=2720","100","F_1",1,"Primary cancer cell"
"2019",1,"predict_GSE150430_NPC_Epi_n100_GSE199994_HD1.csv","GSE199994 HD1
n=7032","100","F_1",1,"Primary cancer cell"
"2020",1,"predict_GSE150430_NPC_Epi_n20_GSE155698_Healthy_PBMC_1.csv","GSE155698 HD1
n=2720","20","F_1",1,"Primary cancer cell"
"2021",1,"predict_GSE150430_NPC_Epi_n20_GSE199994_HD1.csv","GSE199994 HD1
n=7032","20","F_1",1,"Primary cancer cell"
"2022",1,"predict_GSE150430_NPC_Epi_n5_GSE155698_Healthy_PBMC_1.csv","GSE155698 HD1
n=2720","5","F_1",1,"Primary cancer cell"
"2023",1,"predict_GSE150430_NPC_Epi_n5_GSE199994_HD1.csv","GSE199994 HD1
n=7032","5","F_1",1,"Primary cancer cell"
"2024",0.999689440993789,"predict_GSE150430_NPC_Epi_n500_GSE155698_Healthy_PBMC_1.csv","GSE155698 HD1
n=2720","500","F_1",0.998998998998999,"Primary cancer cell"
"2025",0.999867233138609,"predict_GSE150430_NPC_Epi_n500_GSE199994_HD1.csv","GSE199994 HD1
n=7032","500","F_1",0.998998998998999,"Primary cancer cell"
"2026",1,"predict_GSE150825_NPC_Epi_n10_GSE155698_Healthy_PBMC_1.csv","GSE155698 HD1
n=2720","10","F_1",1,"Primary cancer cell"
"2027",1,"predict_GSE150825_NPC_Epi_n10_GSE199994_HD1.csv","GSE199994 HD1
n=7032","10","F_1",1,"Primary cancer cell"
"2028",1,"predict_GSE150825_NPC_Epi_n20_GSE155698_Healthy_PBMC_1.csv","GSE155698 HD1
n=2720","20","F_1",1,"Primary cancer cell"
"2029",1,"predict_GSE150825_NPC_Epi_n20_GSE199994_HD1.csv","GSE199994 HD1
n=7032","20","F_1",1,"Primary cancer cell"
"2030",1,"predict_GSE150825_NPC_Epi_n5_GSE155698_Healthy_PBMC_1.csv","GSE155698 HD1
n=2720","5","F_1",1,"Primary cancer cell"
"2031",1,"predict_GSE150825_NPC_Epi_n5_GSE199994_HD1.csv","GSE199994 HD1
n=7032","5","F_1",1,"Primary cancer cell"
"2032",1,"predict_GSE155698_PDAC_Epi_n10_GSE155698_Healthy_PBMC_1.csv","GSE155698 HD1
n=2720","10","F_1",1,"Primary cancer cell"
"2033",1,"predict_GSE155698_PDAC_Epi_n10_GSE199994_HD1.csv","GSE155698 HD1
n=2720","10","F_1",1,"Primary cancer cell"
"2034",1,"predict_GSE155698_PDAC_Epi_n100_GSE155698_Healthy_PBMC_1.csv","GSE155698 HD1
n=2720","100","F_1",1,"Primary cancer cell"
"2035",1,"predict_GSE155698_PDAC_Epi_n100_GSE199994_HD1.csv","GSE155698 HD1
n=2720","100","F_1",1,"Primary cancer cell"
"2036",1,"predict_GSE155698_PDAC_Epi_n20_GSE155698_Healthy_PBMC_1.csv","GSE155698 HD1
n=2720","20","F_1",1,"Primary cancer cell"
"2037",1,"predict_GSE155698_PDAC_Epi_n20_GSE199994_HD1.csv","GSE155698 HD1
n=2720","20","F_1",1,"Primary cancer cell"
"2038",1,"predict_GSE155698_PDAC_Epi_n5_GSE155698_Healthy_PBMC_1.csv","GSE155698 HD1
n=2720","5","F_1",1,"Primary cancer cell"
"2039",1,"predict_GSE155698_PDAC_Epi_n5_GSE199994_HD1.csv","GSE155698 HD1
n=2720","5","F_1",1,"Primary cancer cell"
"2040",0.999068322981366,"predict_GSE155698_PDAC_Epi_n500_GSE155698_Healthy_PBMC_1.csv","GSE155698 HD1
n=2720","500","F_1",0.996990972918756,"Primary cancer cell"
"2041",0.999601699415826,"predict_GSE155698_PDAC_Epi_n500_GSE199994_HD1.csv","GSE155698 HD1
n=2720","500","F_1",0.996990972918756,"Primary cancer cell"
"2042",1,"predict_GSE162025_NPC_Epi_n10_GSE155698_Healthy_PBMC_1.csv","GSE155698 HD1
n=2720","10","F_1",1,"Primary cancer cell"
"2043",1,"predict_GSE162025_NPC_Epi_n10_GSE199994_HD1.csv","GSE199994 HD1
n=7032","10","F_1",1,"Primary cancer cell"
"2044",1,"predict_GSE162025_NPC_Epi_n100_GSE155698_Healthy_PBMC_1.csv","GSE155698 HD1
n=2720","100","F_1",1,"Primary cancer cell"
"2045",1,"predict_GSE162025_NPC_Epi_n100_GSE199994_HD1.csv","GSE199994 HD1
n=7032","100","F_1",1,"Primary cancer cell"
"2046",1,"predict_GSE162025_NPC_Epi_n20_GSE155698_Healthy_PBMC_1.csv","GSE155698 HD1
n=2720","20","F_1",1,"Primary cancer cell"
"2047",1,"predict_GSE162025_NPC_Epi_n20_GSE199994_HD1.csv","GSE199994 HD1
n=7032","20","F_1",1,"Primary cancer cell"
"2048",1,"predict_GSE162025_NPC_Epi_n5_GSE155698_Healthy_PBMC_1.csv","GSE155698 HD1
n=2720","5","F_1",1,"Primary cancer cell"
"2049",1,"predict_GSE162025_NPC_Epi_n5_GSE199994_HD1.csv","GSE199994 HD1
n=7032","5","F_1",1,"Primary cancer cell"
"2050",1,"predict_GSE168652_Cervix_Epi_n10_GSE155698_Healthy_PBMC_1.csv","GSE155698 HD1
n=2720","10","F_1",1,"Primary cancer cell"
"2051",1,"predict_GSE168652_Cervix_Epi_n10_GSE199994_HD1.csv","GSE199994 HD1
n=7032","10","F_1",1,"Primary cancer cell"
"2052",1,"predict_GSE168652_Cervix_Epi_n100_GSE155698_Healthy_PBMC_1.csv","GSE155698 HD1
n=2720","100","F_1",1,"Primary cancer cell"
"2053",1,"predict_GSE168652_Cervix_Epi_n100_GSE199994_HD1.csv","GSE199994 HD1
n=7032","100","F_1",1,"Primary cancer cell"
"2054",1,"predict_GSE168652_Cervix_Epi_n20_GSE155698_Healthy_PBMC_1.csv","GSE155698 HD1
n=2720","20","F_1",1,"Primary cancer cell"
"2055",1,"predict_GSE168652_Cervix_Epi_n20_GSE199994_HD1.csv","GSE199994 HD1
n=7032","20","F_1",1,"Primary cancer cell"
"2056",1,"predict_GSE168652_Cervix_Epi_n5_GSE155698_Healthy_PBMC_1.csv","GSE155698 HD1
n=2720","5","F_1",1,"Primary cancer cell"
"2057",1,"predict_GSE168652_Cervix_Epi_n5_GSE199994_HD1.csv","GSE199994 HD1
n=7032","5","F_1",1,"Primary cancer cell"
"2058",1,"predict_GSE168652_Cervix_Epi_n500_GSE155698_Healthy_PBMC_1.csv","GSE155698 HD1
n=2720","500","F_1",1,"Primary cancer cell"
"2059",1,"predict_GSE168652_Cervix_Epi_n500_GSE199994_HD1.csv","GSE199994 HD1
n=7032","500","F_1",1,"Primary cancer cell"
"2060",1,"predict_GSE173682_Endome_Epi_n10_GSE155698_Healthy_PBMC_1.csv","GSE155698 HD1
n=2720","10","F_1",1,"Primary cancer cell"
"2061",1,"predict_GSE173682_Endome_Epi_n10_GSE199994_HD1.csv","GSE199994 HD1
n=7032","10","F_1",1,"Primary cancer cell"
"2062",1,"predict_GSE173682_Endome_Epi_n100_GSE155698_Healthy_PBMC_1.csv","GSE155698 HD1
n=2720","100","F_1",1,"Primary cancer cell"
"2063",1,"predict_GSE173682_Endome_Epi_n100_GSE199994_HD1.csv","GSE199994 HD1
n=7032","100","F_1",1,"Primary cancer cell"
"2064",1,"predict_GSE173682_Endome_Epi_n20_GSE155698_Healthy_PBMC_1.csv","GSE155698 HD1
n=2720","20","F_1",1,"Primary cancer cell"
"2065",1,"predict_GSE173682_Endome_Epi_n20_GSE199994_HD1.csv","GSE199994 HD1
n=7032","20","F_1",1,"Primary cancer cell"
"2066",1,"predict_GSE173682_Endome_Epi_n5_GSE155698_Healthy_PBMC_1.csv","GSE155698 HD1
n=2720","5","F_1",1,"Primary cancer cell"
"2067",1,"predict_GSE173682_Endome_Epi_n5_GSE199994_HD1.csv","GSE199994 HD1
n=7032","5","F_1",1,"Primary cancer cell"
"2068",1,"predict_GSE173682_Endome_Epi_n500_GSE155698_Healthy_PBMC_1.csv","GSE155698 HD1
n=2720","500","F_1",1,"Primary cancer cell"
"2069",1,"predict_GSE173682_Endome_Epi_n500_GSE199994_HD1.csv","GSE199994 HD1
n=7032","500","F_1",1,"Primary cancer cell"
"2070",1,"predict_GSE173682_Ovarian_Epi_n10_GSE155698_Healthy_PBMC_1.csv","GSE155698 HD1
n=2720","10","F_1",1,"Primary cancer cell"
"2071",1,"predict_GSE173682_Ovarian_Epi_n10_GSE199994_HD1.csv","GSE199994 HD1
n=7032","10","F_1",1,"Primary cancer cell"
"2072",1,"predict_GSE173682_Ovarian_Epi_n100_GSE155698_Healthy_PBMC_1.csv","GSE155698 HD1
n=2720","100","F_1",1,"Primary cancer cell"
"2073",1,"predict_GSE173682_Ovarian_Epi_n100_GSE199994_HD1.csv","GSE199994 HD1
n=7032","100","F_1",1,"Primary cancer cell"
"2074",1,"predict_GSE173682_Ovarian_Epi_n20_GSE155698_Healthy_PBMC_1.csv","GSE155698 HD1
n=2720","20","F_1",1,"Primary cancer cell"
"2075",1,"predict_GSE173682_Ovarian_Epi_n20_GSE199994_HD1.csv","GSE199994 HD1
n=7032","20","F_1",1,"Primary cancer cell"
"2076",1,"predict_GSE173682_Ovarian_Epi_n5_GSE155698_Healthy_PBMC_1.csv","GSE155698 HD1
n=2720","5","F_1",1,"Primary cancer cell"
"2077",1,"predict_GSE173682_Ovarian_Epi_n5_GSE199994_HD1.csv","GSE199994 HD1
n=7032","5","F_1",1,"Primary cancer cell"
"2078",1,"predict_GSE173682_Ovarian_Epi_n500_GSE155698_Healthy_PBMC_1.csv","GSE155698 HD1
n=2720","500","F_1",1,"Primary cancer cell"
"2079",1,"predict_GSE173682_Ovarian_Epi_n500_GSE199994_HD1.csv","GSE199994 HD1
n=7032","500","F_1",1,"Primary cancer cell"
"2080",1,"predict_GSE176031_Prostate_Epi_n10_GSE155698_Healthy_PBMC_1.csv","GSE155698 HD1
n=2720","10","F_1",1,"Primary cancer cell"
"2081",1,"predict_GSE176031_Prostate_Epi_n10_GSE199994_HD1.csv","GSE199994 HD1
n=7032","10","F_1",1,"Primary cancer cell"
"2082",1,"predict_GSE176031_Prostate_Epi_n100_GSE155698_Healthy_PBMC_1.csv","GSE155698 HD1
n=2720","100","F_1",1,"Primary cancer cell"
"2083",1,"predict_GSE176031_Prostate_Epi_n100_GSE199994_HD1.csv","GSE199994 HD1
n=7032","100","F_1",1,"Primary cancer cell"
"2084",1,"predict_GSE176031_Prostate_Epi_n20_GSE155698_Healthy_PBMC_1.csv","GSE155698 HD1
n=2720","20","F_1",1,"Primary cancer cell"
"2085",1,"predict_GSE176031_Prostate_Epi_n20_GSE199994_HD1.csv","GSE199994 HD1
n=7032","20","F_1",1,"Primary cancer cell"
"2086",1,"predict_GSE176031_Prostate_Epi_n5_GSE155698_Healthy_PBMC_1.csv","GSE155698 HD1
n=2720","5","F_1",1,"Primary cancer cell"
"2087",1,"predict_GSE176031_Prostate_Epi_n5_GSE199994_HD1.csv","GSE199994 HD1
n=7032","5","F_1",1,"Primary cancer cell"
"2088",1,"predict_GSE176078_BC_Epi_n10_GSE155698_Healthy_PBMC_1.csv","GSE155698 HD1
n=2720","10","F_1",1,"Primary cancer cell"
"2089",1,"predict_GSE176078_BC_Epi_n10_GSE199994_HD1.csv","GSE199994 HD1
n=7032","10","F_1",1,"Primary cancer cell"
"2090",1,"predict_GSE176078_BC_Epi_n100_GSE155698_Healthy_PBMC_1.csv","GSE155698 HD1
n=2720","100","F_1",1,"Primary cancer cell"
"2091",1,"predict_GSE176078_BC_Epi_n100_GSE199994_HD1.csv","GSE199994 HD1
n=7032","100","F_1",1,"Primary cancer cell"
"2092",1,"predict_GSE176078_BC_Epi_n20_GSE155698_Healthy_PBMC_1.csv","GSE155698 HD1
n=2720","20","F_1",1,"Primary cancer cell"
"2093",1,"predict_GSE176078_BC_Epi_n20_GSE199994_HD1.csv","GSE199994 HD1
n=7032","20","F_1",1,"Primary cancer cell"
"2094",1,"predict_GSE176078_BC_Epi_n5_GSE155698_Healthy_PBMC_1.csv","GSE155698 HD1
n=2720","5","F_1",1,"Primary cancer cell"
"2095",1,"predict_GSE176078_BC_Epi_n5_GSE199994_HD1.csv","GSE199994 HD1
n=7032","5","F_1",1,"Primary cancer cell"
"2096",1,"predict_GSE176078_BC_Epi_n500_GSE155698_Healthy_PBMC_1.csv","GSE155698 HD1
n=2720","500","F_1",1,"Primary cancer cell"
"2097",1,"predict_GSE176078_BC_Epi_n500_GSE199994_HD1.csv","GSE199994 HD1
n=7032","500","F_1",1,"Primary cancer cell"
"2098",1,"predict_GSE178318_CRC_Epi_n10_GSE155698_Healthy_PBMC_1.csv","GSE155698 HD1
n=2720","10","F_1",1,"Primary cancer cell"
"2099",1,"predict_GSE178318_CRC_Epi_n10_GSE199994_HD1.csv","GSE199994 HD1
n=7032","10","F_1",1,"Primary cancer cell"
"2100",1,"predict_GSE178318_CRC_Epi_n100_GSE155698_Healthy_PBMC_1.csv","GSE155698 HD1
n=2720","100","F_1",1,"Primary cancer cell"
"2101",1,"predict_GSE178318_CRC_Epi_n100_GSE199994_HD1.csv","GSE199994 HD1
n=7032","100","F_1",1,"Primary cancer cell"
"2102",1,"predict_GSE178318_CRC_Epi_n20_GSE155698_Healthy_PBMC_1.csv","GSE155698 HD1
n=2720","20","F_1",1,"Primary cancer cell"
"2103",1,"predict_GSE178318_CRC_Epi_n20_GSE199994_HD1.csv","GSE199994 HD1
n=7032","20","F_1",1,"Primary cancer cell"
"2104",1,"predict_GSE178318_CRC_Epi_n5_GSE155698_Healthy_PBMC_1.csv","GSE155698 HD1
n=2720","5","F_1",1,"Primary cancer cell"
"2105",1,"predict_GSE178318_CRC_Epi_n5_GSE199994_HD1.csv","GSE199994 HD1
n=7032","5","F_1",1,"Primary cancer cell"
"2106",1,"predict_GSE178318_CRC_Epi_n500_GSE155698_Healthy_PBMC_1.csv","GSE155698 HD1
n=2720","500","F_1",1,"Primary cancer cell"
"2107",1,"predict_GSE178318_CRC_Epi_n500_GSE199994_HD1.csv","GSE199994 HD1
n=7032","500","F_1",1,"Primary cancer cell"
"2108",1,"predict_GSE193337_Prostate_Epi_n10_GSE155698_Healthy_PBMC_1.csv","GSE155698 HD1
n=2720","10","F_1",1,"Primary cancer cell"
"2109",1,"predict_GSE193337_Prostate_Epi_n10_GSE199994_HD1.csv","GSE199994 HD1
n=7032","10","F_1",1,"Primary cancer cell"
"2110",1,"predict_GSE193337_Prostate_Epi_n100_GSE155698_Healthy_PBMC_1.csv","GSE155698 HD1
n=2720","100","F_1",1,"Primary cancer cell"
"2111",1,"predict_GSE193337_Prostate_Epi_n100_GSE199994_HD1.csv","GSE199994 HD1
n=7032","100","F_1",1,"Primary cancer cell"
"2112",1,"predict_GSE193337_Prostate_Epi_n20_GSE155698_Healthy_PBMC_1.csv","GSE155698 HD1
n=2720","20","F_1",1,"Primary cancer cell"
"2113",1,"predict_GSE193337_Prostate_Epi_n20_GSE199994_HD1.csv","GSE199994 HD1
n=7032","20","F_1",1,"Primary cancer cell"
"2114",1,"predict_GSE193337_Prostate_Epi_n5_GSE155698_Healthy_PBMC_1.csv","GSE155698 HD1
n=2720","5","F_1",1,"Primary cancer cell"
"2115",1,"predict_GSE193337_Prostate_Epi_n5_GSE199994_HD1.csv","GSE199994 HD1
n=7032","5","F_1",1,"Primary cancer cell"
"2116",0.999689440993789,"predict_GSE193337_Prostate_Epi_n500_GSE155698_Healthy_PBMC_1.csv","GSE155698 HD1
n=2720","500","F_1",0.998998998998999,"Primary cancer cell"
"2117",0.999867233138609,"predict_GSE193337_Prostate_Epi_n500_GSE199994_HD1.csv","GSE199994 HD1
n=7032","500","F_1",0.998998998998999,"Primary cancer cell"
"2118",1,"predict_GSE215120_Melanoma_n10_GSE155698_Healthy_PBMC_1.csv","GSE155698 HD1
n=2720","10","F_1",1,"Primary cancer cell"
"2119",1,"predict_GSE215120_Melanoma_n10_GSE199994_HD1.csv","GSE199994 HD1
n=7032","10","F_1",1,"Primary cancer cell"
"2120",1,"predict_GSE215120_Melanoma_n100_GSE155698_Healthy_PBMC_1.csv","GSE155698 HD1
n=2720","100","F_1",1,"Primary cancer cell"
"2121",1,"predict_GSE215120_Melanoma_n100_GSE199994_HD1.csv","GSE199994 HD1
n=7032","100","F_1",1,"Primary cancer cell"
"2122",1,"predict_GSE215120_Melanoma_n20_GSE155698_Healthy_PBMC_1.csv","GSE155698 HD1
n=2720","20","F_1",1,"Primary cancer cell"
"2123",1,"predict_GSE215120_Melanoma_n20_GSE199994_HD1.csv","GSE199994 HD1
n=7032","20","F_1",1,"Primary cancer cell"
"2124",1,"predict_GSE215120_Melanoma_n5_GSE155698_Healthy_PBMC_1.csv","GSE155698 HD1
n=2720","5","F_1",1,"Primary cancer cell"
"2125",1,"predict_GSE215120_Melanoma_n5_GSE199994_HD1.csv","GSE199994 HD1
n=7032","5","F_1",1,"Primary cancer cell"
"2126",0.999689440993789,"predict_GSE215120_Melanoma_n500_GSE155698_Healthy_PBMC_1.csv","GSE155698 HD1
n=2720","500","F_1",0.998998998998999,"Primary cancer cell"
"2127",0.999867233138609,"predict_GSE215120_Melanoma_n500_GSE199994_HD1.csv","GSE199994 HD1
n=7032","500","F_1",0.998998998998999,"Primary cancer cell"
"2128",1,"predict_GSM3946506_Mela_cl_n10_GSE155698_Healthy_PBMC_1.csv","GSE155698 HD1
n=2720","10","F_1",1,"Primary cancer cell"
"2129",1,"predict_GSM3946506_Mela_cl_n10_GSE199994_HD1.csv","GSE199994 HD1
n=7032","10","F_1",1,"Primary cancer cell"
"2130",1,"predict_GSM3946506_Mela_cl_n100_GSE155698_Healthy_PBMC_1.csv","GSE155698 HD1
n=2720","100","F_1",1,"Primary cancer cell"
"2131",1,"predict_GSM3946506_Mela_cl_n100_GSE199994_HD1.csv","GSE199994 HD1
n=7032","100","F_1",1,"Primary cancer cell"
"2132",1,"predict_GSM3946506_Mela_cl_n20_GSE155698_Healthy_PBMC_1.csv","GSE155698 HD1
n=2720","20","F_1",1,"Primary cancer cell"
"2133",1,"predict_GSM3946506_Mela_cl_n20_GSE199994_HD1.csv","GSE199994 HD1
n=7032","20","F_1",1,"Primary cancer cell"
"2134",1,"predict_GSM3946506_Mela_cl_n5_GSE155698_Healthy_PBMC_1.csv","GSE155698 HD1
n=2720","5","F_1",1,"Primary cancer cell"
"2135",1,"predict_GSM3946506_Mela_cl_n5_GSE199994_HD1.csv","GSE199994 HD1
n=7032","5","F_1",1,"Primary cancer cell"
"2136",1,"predict_OMIX001073_GC_Epi_n10_GSE155698_Healthy_PBMC_1.csv","GSE155698 HD1
n=2720","10","F_1",1,"Primary cancer cell"
"2137",1,"predict_OMIX001073_GC_Epi_n10_GSE199994_HD1.csv","GSE199994 HD1
n=7032","10","F_1",1,"Primary cancer cell"
"2138",1,"predict_OMIX001073_GC_Epi_n100_GSE155698_Healthy_PBMC_1.csv","GSE155698 HD1
n=2720","100","F_1",1,"Primary cancer cell"
"2139",1,"predict_OMIX001073_GC_Epi_n100_GSE199994_HD1.csv","GSE199994 HD1
n=7032","100","F_1",1,"Primary cancer cell"
"2140",1,"predict_OMIX001073_GC_Epi_n20_GSE155698_Healthy_PBMC_1.csv","GSE155698 HD1
n=2720","20","F_1",1,"Primary cancer cell"
"2141",1,"predict_OMIX001073_GC_Epi_n20_GSE199994_HD1.csv","GSE199994 HD1
n=7032","20","F_1",1,"Primary cancer cell"
"2142",1,"predict_OMIX001073_GC_Epi_n5_GSE155698_Healthy_PBMC_1.csv","GSE155698 HD1
n=2720","5","F_1",1,"Primary cancer cell"
"2143",1,"predict_OMIX001073_GC_Epi_n5_GSE199994_HD1.csv","GSE199994 HD1
n=7032","5","F_1",1,"Primary cancer cell"
"2144",1,"predict_OMIX001073_GC_Epi_n500_GSE155698_Healthy_PBMC_1.csv","GSE155698 HD1
n=2720","500","F_1",1,"Primary cancer cell"
"2145",1,"predict_OMIX001073_GC_Epi_n500_GSE199994_HD1.csv","GSE199994 HD1
n=7032","500","F_1",1,"Primary cancer cell"
"2146",1,"CancerCellpseudoPBMC_10000_E-MTAB-11948_Cervix_Epi_n10.csv","Immune cells
n=10000","10","F_2",1,"Primary cancer cell"
"2147",1,"CancerCellpseudoPBMC_10000_E-MTAB-11948_Cervix_Epi_n100.csv","Immune cells
n=10000","100","F_2",1,"Primary cancer cell"
"2148",1,"CancerCellpseudoPBMC_10000_E-MTAB-11948_Cervix_Epi_n20.csv","Immune cells
n=10000","20","F_2",1,"Primary cancer cell"
"2149",1,"CancerCellpseudoPBMC_10000_E-MTAB-11948_Cervix_Epi_n5.csv","Immune cells
n=10000","5","F_2",1,"Primary cancer cell"
"2150",1,"CancerCellpseudoPBMC_10000_E-MTAB-11948_Cervix_Epi_n500.csv","Immune cells
n=10000","500","F_2",1,"Primary cancer cell"
"2151",1,"CancerCellpseudoPBMC_10000_GSE127465_NSCLC2019_Epi_n10.csv","Immune cells
n=10000","10","F_2",1,"Primary cancer cell"
"2152",1,"CancerCellpseudoPBMC_10000_GSE127465_NSCLC2019_Epi_n100.csv","Immune cells
n=10000","100","F_2",1,"Primary cancer cell"
"2153",1,"CancerCellpseudoPBMC_10000_GSE127465_NSCLC2019_Epi_n20.csv","Immune cells
n=10000","20","F_2",1,"Primary cancer cell"
"2154",1,"CancerCellpseudoPBMC_10000_GSE127465_NSCLC2019_Epi_n5.csv","Immune cells
n=10000","5","F_2",1,"Primary cancer cell"
"2155",1,"CancerCellpseudoPBMC_10000_GSE132465_CRC_Epi_n10.csv","Immune cells
n=10000","10","F_2",1,"Primary cancer cell"
"2156",1,"CancerCellpseudoPBMC_10000_GSE132465_CRC_Epi_n100.csv","Immune cells
n=10000","100","F_2",1,"Primary cancer cell"
"2157",1,"CancerCellpseudoPBMC_10000_GSE132465_CRC_Epi_n20.csv","Immune cells
n=10000","20","F_2",1,"Primary cancer cell"
"2158",1,"CancerCellpseudoPBMC_10000_GSE132465_CRC_Epi_n5.csv","Immune cells
n=10000","5","F_2",1,"Primary cancer cell"
"2159",1,"CancerCellpseudoPBMC_10000_GSE132465_CRC_Epi_n500.csv","Immune cells
n=10000","500","F_2",1,"Primary cancer cell"
"2160",1,"CancerCellpseudoPBMC_10000_GSE148071_LUNG_Epi_n10.csv","Immune cells
n=10000","10","F_2",1,"Primary cancer cell"
"2161",1,"CancerCellpseudoPBMC_10000_GSE148071_LUNG_Epi_n100.csv","Immune cells
n=10000","100","F_2",1,"Primary cancer cell"
"2162",1,"CancerCellpseudoPBMC_10000_GSE148071_LUNG_Epi_n20.csv","Immune cells
n=10000","20","F_2",1,"Primary cancer cell"
"2163",1,"CancerCellpseudoPBMC_10000_GSE148071_LUNG_Epi_n5.csv","Immune cells
n=10000","5","F_2",1,"Primary cancer cell"
"2164",1,"CancerCellpseudoPBMC_10000_GSE148071_LUNG_Epi_n500.csv","Immune cells
n=10000","500","F_2",1,"Primary cancer cell"
"2165",1,"CancerCellpseudoPBMC_10000_GSE149614_HCC_Epi_n10.csv","Immune cells
n=10000","10","F_2",1,"Primary cancer cell"
"2166",1,"CancerCellpseudoPBMC_10000_GSE149614_HCC_Epi_n100.csv","Immune cells
n=10000","100","F_2",1,"Primary cancer cell"
"2167",1,"CancerCellpseudoPBMC_10000_GSE149614_HCC_Epi_n20.csv","Immune cells
n=10000","20","F_2",1,"Primary cancer cell"
"2168",1,"CancerCellpseudoPBMC_10000_GSE149614_HCC_Epi_n5.csv","Immune cells
n=10000","5","F_2",1,"Primary cancer cell"
"2169",1,"CancerCellpseudoPBMC_10000_GSE149614_HCC_Epi_n500.csv","Immune cells
n=10000","500","F_2",1,"Primary cancer cell"
"2170",1,"CancerCellpseudoPBMC_10000_GSE150430_NPC_Epi_n10.csv","Immune cells
n=10000","10","F_2",1,"Primary cancer cell"
"2171",1,"CancerCellpseudoPBMC_10000_GSE150430_NPC_Epi_n100.csv","Immune cells
n=10000","100","F_2",1,"Primary cancer cell"
"2172",1,"CancerCellpseudoPBMC_10000_GSE150430_NPC_Epi_n20.csv","Immune cells
n=10000","20","F_2",1,"Primary cancer cell"
"2173",1,"CancerCellpseudoPBMC_10000_GSE150430_NPC_Epi_n5.csv","Immune cells
n=10000","5","F_2",1,"Primary cancer cell"
"2174",0.999904761904762,"CancerCellpseudoPBMC_10000_GSE150430_NPC_Epi_n500.csv","Immune cells
n=10000","500","F_2",0.998399359743898,"Primary cancer cell"
"2175",1,"CancerCellpseudoPBMC_10000_GSE150825_NPC_Epi_n10.csv","Immune cells
n=10000","10","F_2",1,"Primary cancer cell"
"2176",1,"CancerCellpseudoPBMC_10000_GSE150825_NPC_Epi_n20.csv","Immune cells
n=10000","20","F_2",1,"Primary cancer cell"
"2177",1,"CancerCellpseudoPBMC_10000_GSE150825_NPC_Epi_n5.csv","Immune cells
n=10000","5","F_2",1,"Primary cancer cell"
"2178",1,"CancerCellpseudoPBMC_10000_GSE150825_NPC_Epi_n50.csv","Immune cells
n=10000","5","F_2",1,"Primary cancer cell"
"2179",1,"CancerCellpseudoPBMC_10000_GSE155698_PDAC_Epi_n10.csv","Immune cells
n=10000","10","F_2",1,"Primary cancer cell"
"2180",1,"CancerCellpseudoPBMC_10000_GSE155698_PDAC_Epi_n100.csv","Immune cells
n=10000","100","F_2",1,"Primary cancer cell"
"2181",1,"CancerCellpseudoPBMC_10000_GSE155698_PDAC_Epi_n20.csv","Immune cells
n=10000","20","F_2",1,"Primary cancer cell"
"2182",1,"CancerCellpseudoPBMC_10000_GSE155698_PDAC_Epi_n5.csv","Immune cells
n=10000","5","F_2",1,"Primary cancer cell"
"2183",0.999714285714286,"CancerCellpseudoPBMC_10000_GSE155698_PDAC_Epi_n500.csv","Immune cells
n=10000","500","F_2",0.995194233079696,"Primary cancer cell"
"2184",1,"CancerCellpseudoPBMC_10000_GSE162025_NPC_Epi_n10.csv","Immune cells
n=10000","10","F_2",1,"Primary cancer cell"
"2185",1,"CancerCellpseudoPBMC_10000_GSE162025_NPC_Epi_n100.csv","Immune cells
n=10000","100","F_2",1,"Primary cancer cell"
"2186",1,"CancerCellpseudoPBMC_10000_GSE162025_NPC_Epi_n20.csv","Immune cells
n=10000","20","F_2",1,"Primary cancer cell"
"2187",1,"CancerCellpseudoPBMC_10000_GSE162025_NPC_Epi_n5.csv","Immune cells
n=10000","5","F_2",1,"Primary cancer cell"
"2188",1,"CancerCellpseudoPBMC_10000_GSE168652_Cervix_Epi_n10.csv","Immune cells
n=10000","10","F_2",1,"Primary cancer cell"
"2189",1,"CancerCellpseudoPBMC_10000_GSE168652_Cervix_Epi_n100.csv","Immune cells
n=10000","100","F_2",1,"Primary cancer cell"
"2190",1,"CancerCellpseudoPBMC_10000_GSE168652_Cervix_Epi_n20.csv","Immune cells
n=10000","20","F_2",1,"Primary cancer cell"
"2191",1,"CancerCellpseudoPBMC_10000_GSE168652_Cervix_Epi_n5.csv","Immune cells
n=10000","5","F_2",1,"Primary cancer cell"
"2192",1,"CancerCellpseudoPBMC_10000_GSE168652_Cervix_Epi_n500.csv","Immune cells
n=10000","500","F_2",1,"Primary cancer cell"
"2193",1,"CancerCellpseudoPBMC_10000_GSE173682_Endome_Epi_n10.csv","Immune cells
n=10000","10","F_2",1,"Primary cancer cell"
"2194",1,"CancerCellpseudoPBMC_10000_GSE173682_Endome_Epi_n100.csv","Immune cells
n=10000","100","F_2",1,"Primary cancer cell"
"2195",1,"CancerCellpseudoPBMC_10000_GSE173682_Endome_Epi_n20.csv","Immune cells
n=10000","20","F_2",1,"Primary cancer cell"
"2196",1,"CancerCellpseudoPBMC_10000_GSE173682_Endome_Epi_n5.csv","Immune cells
n=10000","5","F_2",1,"Primary cancer cell"
"2197",1,"CancerCellpseudoPBMC_10000_GSE173682_Endome_Epi_n500.csv","Immune cells
n=10000","500","F_2",1,"Primary cancer cell"
"2198",1,"CancerCellpseudoPBMC_10000_GSE173682_Ovarian_Epi_n10.csv","Immune cells
n=10000","10","F_2",1,"Primary cancer cell"
"2199",1,"CancerCellpseudoPBMC_10000_GSE173682_Ovarian_Epi_n100.csv","Immune cells
n=10000","100","F_2",1,"Primary cancer cell"
"2200",1,"CancerCellpseudoPBMC_10000_GSE173682_Ovarian_Epi_n20.csv","Immune cells
n=10000","20","F_2",1,"Primary cancer cell"
"2201",1,"CancerCellpseudoPBMC_10000_GSE173682_Ovarian_Epi_n5.csv","Immune cells
n=10000","5","F_2",1,"Primary cancer cell"
"2202",1,"CancerCellpseudoPBMC_10000_GSE173682_Ovarian_Epi_n500.csv","Immune cells
n=10000","500","F_2",1,"Primary cancer cell"
"2203",1,"CancerCellpseudoPBMC_10000_GSE176031_Prostate_Epi_n10.csv","Immune cells
n=10000","10","F_2",1,"Primary cancer cell"
"2204",1,"CancerCellpseudoPBMC_10000_GSE176031_Prostate_Epi_n100.csv","Immune cells
n=10000","100","F_2",1,"Primary cancer cell"
"2205",1,"CancerCellpseudoPBMC_10000_GSE176031_Prostate_Epi_n20.csv","Immune cells
n=10000","20","F_2",1,"Primary cancer cell"
"2206",1,"CancerCellpseudoPBMC_10000_GSE176031_Prostate_Epi_n5.csv","Immune cells
n=10000","5","F_2",1,"Primary cancer cell"
"2207",1,"CancerCellpseudoPBMC_10000_GSE176078_BC_Epi_n10.csv","Immune cells
n=10000","10","F_2",1,"Primary cancer cell"
"2208",1,"CancerCellpseudoPBMC_10000_GSE176078_BC_Epi_n100.csv","Immune cells
n=10000","100","F_2",1,"Primary cancer cell"
"2209",1,"CancerCellpseudoPBMC_10000_GSE176078_BC_Epi_n20.csv","Immune cells
n=10000","20","F_2",1,"Primary cancer cell"
"2210",1,"CancerCellpseudoPBMC_10000_GSE176078_BC_Epi_n5.csv","Immune cells
n=10000","5","F_2",1,"Primary cancer cell"
"2211",1,"CancerCellpseudoPBMC_10000_GSE176078_BC_Epi_n500.csv","Immune cells
n=10000","500","F_2",1,"Primary cancer cell"
"2212",1,"CancerCellpseudoPBMC_10000_GSE178318_CRC_Epi_n10.csv","Immune cells
n=10000","10","F_2",1,"Primary cancer cell"
"2213",1,"CancerCellpseudoPBMC_10000_GSE178318_CRC_Epi_n100.csv","Immune cells
n=10000","100","F_2",1,"Primary cancer cell"
"2214",1,"CancerCellpseudoPBMC_10000_GSE178318_CRC_Epi_n20.csv","Immune cells
n=10000","20","F_2",1,"Primary cancer cell"
"2215",1,"CancerCellpseudoPBMC_10000_GSE178318_CRC_Epi_n5.csv","Immune cells
n=10000","5","F_2",1,"Primary cancer cell"
"2216",1,"CancerCellpseudoPBMC_10000_GSE178318_CRC_Epi_n500.csv","Immune cells
n=10000","500","F_2",1,"Primary cancer cell"
"2217",1,"CancerCellpseudoPBMC_10000_GSE193337_Prostate_Epi_n10.csv","Immune cells
n=10000","10","F_2",1,"Primary cancer cell"
"2218",1,"CancerCellpseudoPBMC_10000_GSE193337_Prostate_Epi_n100.csv","Immune cells
n=10000","100","F_2",1,"Primary cancer cell"
"2219",1,"CancerCellpseudoPBMC_10000_GSE193337_Prostate_Epi_n20.csv","Immune cells
n=10000","20","F_2",1,"Primary cancer cell"
"2220",1,"CancerCellpseudoPBMC_10000_GSE193337_Prostate_Epi_n5.csv","Immune cells
n=10000","5","F_2",1,"Primary cancer cell"
"2221",0.999904761904762,"CancerCellpseudoPBMC_10000_GSE193337_Prostate_Epi_n500.csv","Immune cells
n=10000","500","F_2",0.998399359743898,"Primary cancer cell"
"2222",1,"CancerCellpseudoPBMC_10000_GSE215120_Melanoma_n10.csv","Immune cells
n=10000","10","F_2",1,"Primary cancer cell"
"2223",1,"CancerCellpseudoPBMC_10000_GSE215120_Melanoma_n100.csv","Immune cells
n=10000","100","F_2",1,"Primary cancer cell"
"2224",1,"CancerCellpseudoPBMC_10000_GSE215120_Melanoma_n20.csv","Immune cells
n=10000","20","F_2",1,"Primary cancer cell"
"2225",1,"CancerCellpseudoPBMC_10000_GSE215120_Melanoma_n5.csv","Immune cells
n=10000","5","F_2",1,"Primary cancer cell"
"2226",0.999904761904762,"CancerCellpseudoPBMC_10000_GSE215120_Melanoma_n500.csv","Immune cells
n=10000","500","F_2",0.998399359743898,"Primary cancer cell"
"2227",1,"CancerCellpseudoPBMC_10000_GSM3946506_Mela_cl_n10.csv","Immune cells
n=10000","10","F_2",1,"Primary cancer cell"
"2228",1,"CancerCellpseudoPBMC_10000_GSM3946506_Mela_cl_n100.csv","Immune cells
n=10000","100","F_2",1,"Primary cancer cell"
"2229",1,"CancerCellpseudoPBMC_10000_GSM3946506_Mela_cl_n20.csv","Immune cells
n=10000","20","F_2",1,"Primary cancer cell"
"2230",1,"CancerCellpseudoPBMC_10000_GSM3946506_Mela_cl_n5.csv","Immune cells
n=10000","5","F_2",1,"Primary cancer cell"
"2231",1,"CancerCellpseudoPBMC_10000_OMIX001073_GC_Epi_n10.csv","Immune cells
n=10000","10","F_2",1,"Primary cancer cell"
"2232",1,"CancerCellpseudoPBMC_10000_OMIX001073_GC_Epi_n100.csv","Immune cells
n=10000","100","F_2",1,"Primary cancer cell"
"2233",1,"CancerCellpseudoPBMC_10000_OMIX001073_GC_Epi_n20.csv","Immune cells
n=10000","20","F_2",1,"Primary cancer cell"
"2234",1,"CancerCellpseudoPBMC_10000_OMIX001073_GC_Epi_n5.csv","Immune cells
n=10000","5","F_2",1,"Primary cancer cell"
"2235",1,"CancerCellpseudoPBMC_10000_OMIX001073_GC_Epi_n500.csv","Immune cells
n=10000","500","F_2",1,"Primary cancer cell"
"2236",1,"CancerCellpseudoPBMC_7500_E-MTAB-11948_Cervix_Epi_n10.csv","Immune cells
n=7500","10","F_2",1,"Primary cancer cell"
"2237",1,"CancerCellpseudoPBMC_7500_E-MTAB-11948_Cervix_Epi_n100.csv","Immune cells
n=7500","100","F_2",1,"Primary cancer cell"
"2238",1,"CancerCellpseudoPBMC_7500_E-MTAB-11948_Cervix_Epi_n20.csv","Immune cells
n=7500","20","F_2",1,"Primary cancer cell"
"2239",1,"CancerCellpseudoPBMC_7500_E-MTAB-11948_Cervix_Epi_n5.csv","Immune cells
n=7500","5","F_2",1,"Primary cancer cell"
"2240",1,"CancerCellpseudoPBMC_7500_E-MTAB-11948_Cervix_Epi_n500.csv","Immune cells
n=7500","500","F_2",1,"Primary cancer cell"
"2241",1,"CancerCellpseudoPBMC_7500_GSE127465_NSCLC2019_Epi_n10.csv","Immune cells
n=7500","10","F_2",1,"Primary cancer cell"
"2242",1,"CancerCellpseudoPBMC_7500_GSE127465_NSCLC2019_Epi_n100.csv","Immune cells
n=7500","100","F_2",1,"Primary cancer cell"
"2243",1,"CancerCellpseudoPBMC_7500_GSE127465_NSCLC2019_Epi_n20.csv","Immune cells
n=7500","20","F_2",1,"Primary cancer cell"
"2244",1,"CancerCellpseudoPBMC_7500_GSE127465_NSCLC2019_Epi_n5.csv","Immune cells
n=7500","5","F_2",1,"Primary cancer cell"
"2245",1,"CancerCellpseudoPBMC_7500_GSE132465_CRC_Epi_n10.csv","Immune cells
n=7500","10","F_2",1,"Primary cancer cell"
"2246",1,"CancerCellpseudoPBMC_7500_GSE132465_CRC_Epi_n100.csv","Immune cells
n=7500","100","F_2",1,"Primary cancer cell"
"2247",1,"CancerCellpseudoPBMC_7500_GSE132465_CRC_Epi_n20.csv","Immune cells
n=7500","20","F_2",1,"Primary cancer cell"
"2248",1,"CancerCellpseudoPBMC_7500_GSE132465_CRC_Epi_n5.csv","Immune cells
n=7500","5","F_2",1,"Primary cancer cell"
"2249",1,"CancerCellpseudoPBMC_7500_GSE132465_CRC_Epi_n500.csv","Immune cells
n=7500","500","F_2",1,"Primary cancer cell"
"2250",1,"CancerCellpseudoPBMC_7500_GSE148071_LUNG_Epi_n10.csv","Immune cells
n=7500","10","F_2",1,"Primary cancer cell"
"2251",1,"CancerCellpseudoPBMC_7500_GSE148071_LUNG_Epi_n100.csv","Immune cells
n=7500","100","F_2",1,"Primary cancer cell"
"2252",1,"CancerCellpseudoPBMC_7500_GSE148071_LUNG_Epi_n20.csv","Immune cells
n=7500","20","F_2",1,"Primary cancer cell"
"2253",1,"CancerCellpseudoPBMC_7500_GSE148071_LUNG_Epi_n5.csv","Immune cells
n=7500","5","F_2",1,"Primary cancer cell"
"2254",1,"CancerCellpseudoPBMC_7500_GSE148071_LUNG_Epi_n500.csv","Immune cells
n=7500","500","F_2",1,"Primary cancer cell"
"2255",1,"CancerCellpseudoPBMC_7500_GSE149614_HCC_Epi_n10.csv","Immune cells
n=7500","10","F_2",1,"Primary cancer cell"
"2256",1,"CancerCellpseudoPBMC_7500_GSE149614_HCC_Epi_n100.csv","Immune cells
n=7500","100","F_2",1,"Primary cancer cell"
"2257",1,"CancerCellpseudoPBMC_7500_GSE149614_HCC_Epi_n20.csv","Immune cells
n=7500","20","F_2",1,"Primary cancer cell"
"2258",1,"CancerCellpseudoPBMC_7500_GSE149614_HCC_Epi_n5.csv","Immune cells
n=7500","5","F_2",1,"Primary cancer cell"
"2259",1,"CancerCellpseudoPBMC_7500_GSE149614_HCC_Epi_n500.csv","Immune cells
n=7500","500","F_2",1,"Primary cancer cell"
"2260",1,"CancerCellpseudoPBMC_7500_GSE150430_NPC_Epi_n10.csv","Immune cells
n=7500","10","F_2",1,"Primary cancer cell"
"2261",1,"CancerCellpseudoPBMC_7500_GSE150430_NPC_Epi_n100.csv","Immune cells
n=7500","100","F_2",1,"Primary cancer cell"
"2262",1,"CancerCellpseudoPBMC_7500_GSE150430_NPC_Epi_n20.csv","Immune cells
n=7500","20","F_2",1,"Primary cancer cell"
"2263",1,"CancerCellpseudoPBMC_7500_GSE150430_NPC_Epi_n5.csv","Immune cells
n=7500","5","F_2",1,"Primary cancer cell"
"2264",0.999875,"CancerCellpseudoPBMC_7500_GSE150430_NPC_Epi_n500.csv","Immune cells
n=7500","500","F_2",0.998399359743898,"Primary cancer cell"
"2265",1,"CancerCellpseudoPBMC_7500_GSE150825_NPC_Epi_n10.csv","Immune cells
n=7500","10","F_2",1,"Primary cancer cell"
"2266",1,"CancerCellpseudoPBMC_7500_GSE150825_NPC_Epi_n20.csv","Immune cells
n=7500","20","F_2",1,"Primary cancer cell"
"2267",1,"CancerCellpseudoPBMC_7500_GSE150825_NPC_Epi_n5.csv","Immune cells
n=7500","5","F_2",1,"Primary cancer cell"
"2268",1,"CancerCellpseudoPBMC_7500_GSE155698_PDAC_Epi_n10.csv","Immune cells
n=7500","10","F_2",1,"Primary cancer cell"
"2269",1,"CancerCellpseudoPBMC_7500_GSE155698_PDAC_Epi_n100.csv","Immune cells
n=7500","100","F_2",1,"Primary cancer cell"
"2270",1,"CancerCellpseudoPBMC_7500_GSE155698_PDAC_Epi_n20.csv","Immune cells
n=7500","20","F_2",1,"Primary cancer cell"
"2271",1,"CancerCellpseudoPBMC_7500_GSE155698_PDAC_Epi_n5.csv","Immune cells
n=7500","5","F_2",1,"Primary cancer cell"
"2272",0.999625,"CancerCellpseudoPBMC_7500_GSE155698_PDAC_Epi_n500.csv","Immune cells
n=7500","500","F_2",0.995194233079696,"Primary cancer cell"
"2273",1,"CancerCellpseudoPBMC_7500_GSE162025_NPC_Epi_n10.csv","Immune cells
n=7500","10","F_2",1,"Primary cancer cell"
"2274",1,"CancerCellpseudoPBMC_7500_GSE162025_NPC_Epi_n100.csv","Immune cells
n=7500","100","F_2",1,"Primary cancer cell"
"2275",1,"CancerCellpseudoPBMC_7500_GSE162025_NPC_Epi_n20.csv","Immune cells
n=7500","20","F_2",1,"Primary cancer cell"
"2276",1,"CancerCellpseudoPBMC_7500_GSE162025_NPC_Epi_n5.csv","Immune cells
n=7500","5","F_2",1,"Primary cancer cell"
"2277",1,"CancerCellpseudoPBMC_7500_GSE168652_Cervix_Epi_n10.csv","Immune cells
n=7500","10","F_2",1,"Primary cancer cell"
"2278",1,"CancerCellpseudoPBMC_7500_GSE168652_Cervix_Epi_n100.csv","Immune cells
n=7500","100","F_2",1,"Primary cancer cell"
"2279",1,"CancerCellpseudoPBMC_7500_GSE168652_Cervix_Epi_n20.csv","Immune cells
n=7500","20","F_2",1,"Primary cancer cell"
"2280",1,"CancerCellpseudoPBMC_7500_GSE168652_Cervix_Epi_n5.csv","Immune cells
n=7500","5","F_2",1,"Primary cancer cell"
"2281",1,"CancerCellpseudoPBMC_7500_GSE168652_Cervix_Epi_n500.csv","Immune cells
n=7500","500","F_2",1,"Primary cancer cell"
"2282",1,"CancerCellpseudoPBMC_7500_GSE173682_Endome_Epi_n10.csv","Immune cells
n=7500","10","F_2",1,"Primary cancer cell"
"2283",1,"CancerCellpseudoPBMC_7500_GSE173682_Endome_Epi_n100.csv","Immune cells
n=7500","100","F_2",1,"Primary cancer cell"
"2284",1,"CancerCellpseudoPBMC_7500_GSE173682_Endome_Epi_n20.csv","Immune cells
n=7500","20","F_2",1,"Primary cancer cell"
"2285",1,"CancerCellpseudoPBMC_7500_GSE173682_Endome_Epi_n5.csv","Immune cells
n=7500","5","F_2",1,"Primary cancer cell"
"2286",1,"CancerCellpseudoPBMC_7500_GSE173682_Endome_Epi_n500.csv","Immune cells
n=7500","500","F_2",1,"Primary cancer cell"
"2287",1,"CancerCellpseudoPBMC_7500_GSE173682_Ovarian_Epi_n10.csv","Immune cells
n=7500","10","F_2",1,"Primary cancer cell"
"2288",1,"CancerCellpseudoPBMC_7500_GSE173682_Ovarian_Epi_n100.csv","Immune cells
n=7500","100","F_2",1,"Primary cancer cell"
"2289",1,"CancerCellpseudoPBMC_7500_GSE173682_Ovarian_Epi_n20.csv","Immune cells
n=7500","20","F_2",1,"Primary cancer cell"
"2290",1,"CancerCellpseudoPBMC_7500_GSE173682_Ovarian_Epi_n5.csv","Immune cells
n=7500","5","F_2",1,"Primary cancer cell"
"2291",1,"CancerCellpseudoPBMC_7500_GSE173682_Ovarian_Epi_n500.csv","Immune cells
n=7500","500","F_2",1,"Primary cancer cell"
"2292",1,"CancerCellpseudoPBMC_7500_GSE176031_Prostate_Epi_n10.csv","Immune cells
n=7500","10","F_2",1,"Primary cancer cell"
"2293",1,"CancerCellpseudoPBMC_7500_GSE176031_Prostate_Epi_n100.csv","Immune cells
n=7500","100","F_2",1,"Primary cancer cell"
"2294",1,"CancerCellpseudoPBMC_7500_GSE176031_Prostate_Epi_n20.csv","Immune cells
n=7500","20","F_2",1,"Primary cancer cell"
"2295",1,"CancerCellpseudoPBMC_7500_GSE176031_Prostate_Epi_n5.csv","Immune cells
n=7500","5","F_2",1,"Primary cancer cell"
"2296",1,"CancerCellpseudoPBMC_7500_GSE176078_BC_Epi_n10.csv","Immune cells
n=7500","10","F_2",1,"Primary cancer cell"
"2297",1,"CancerCellpseudoPBMC_7500_GSE176078_BC_Epi_n100.csv","Immune cells
n=7500","100","F_2",1,"Primary cancer cell"
"2298",1,"CancerCellpseudoPBMC_7500_GSE176078_BC_Epi_n20.csv","Immune cells
n=7500","20","F_2",1,"Primary cancer cell"
"2299",1,"CancerCellpseudoPBMC_7500_GSE176078_BC_Epi_n5.csv","Immune cells
n=7500","5","F_2",1,"Primary cancer cell"
"2300",1,"CancerCellpseudoPBMC_7500_GSE176078_BC_Epi_n500.csv","Immune cells
n=7500","500","F_2",1,"Primary cancer cell"
"2301",1,"CancerCellpseudoPBMC_7500_GSE178318_CRC_Epi_n10.csv","Immune cells
n=7500","10","F_2",1,"Primary cancer cell"
"2302",1,"CancerCellpseudoPBMC_7500_GSE178318_CRC_Epi_n100.csv","Immune cells
n=7500","100","F_2",1,"Primary cancer cell"
"2303",1,"CancerCellpseudoPBMC_7500_GSE178318_CRC_Epi_n20.csv","Immune cells
n=7500","20","F_2",1,"Primary cancer cell"
"2304",1,"CancerCellpseudoPBMC_7500_GSE178318_CRC_Epi_n5.csv","Immune cells
n=7500","5","F_2",1,"Primary cancer cell"
"2305",1,"CancerCellpseudoPBMC_7500_GSE178318_CRC_Epi_n500.csv","Immune cells
n=7500","500","F_2",1,"Primary cancer cell"
"2306",1,"CancerCellpseudoPBMC_7500_GSE193337_Prostate_Epi_n10.csv","Immune cells
n=7500","10","F_2",1,"Primary cancer cell"
"2307",1,"CancerCellpseudoPBMC_7500_GSE193337_Prostate_Epi_n100.csv","Immune cells
n=7500","100","F_2",1,"Primary cancer cell"
"2308",1,"CancerCellpseudoPBMC_7500_GSE193337_Prostate_Epi_n20.csv","Immune cells
n=7500","20","F_2",1,"Primary cancer cell"
"2309",1,"CancerCellpseudoPBMC_7500_GSE193337_Prostate_Epi_n5.csv","Immune cells
n=7500","5","F_2",1,"Primary cancer cell"
"2310",0.999875,"CancerCellpseudoPBMC_7500_GSE193337_Prostate_Epi_n500.csv","Immune cells
n=7500","500","F_2",0.998399359743898,"Primary cancer cell"
"2311",1,"CancerCellpseudoPBMC_7500_GSE215120_Melanoma_n10.csv","Immune cells
n=7500","10","F_2",1,"Primary cancer cell"
"2312",1,"CancerCellpseudoPBMC_7500_GSE215120_Melanoma_n100.csv","Immune cells
n=7500","100","F_2",1,"Primary cancer cell"
"2313",1,"CancerCellpseudoPBMC_7500_GSE215120_Melanoma_n20.csv","Immune cells
n=7500","20","F_2",1,"Primary cancer cell"
"2314",1,"CancerCellpseudoPBMC_7500_GSE215120_Melanoma_n5.csv","Immune cells
n=7500","5","F_2",1,"Primary cancer cell"
"2315",0.999875,"CancerCellpseudoPBMC_7500_GSE215120_Melanoma_n500.csv","Immune cells
n=7500","500","F_2",0.998399359743898,"Primary cancer cell"
"2316",1,"CancerCellpseudoPBMC_7500_GSM3946506_Mela_cl_n10.csv","Immune cells
n=7500","10","F_2",1,"Primary cancer cell"
"2317",1,"CancerCellpseudoPBMC_7500_GSM3946506_Mela_cl_n100.csv","Immune cells
n=7500","100","F_2",1,"Primary cancer cell"
"2318",1,"CancerCellpseudoPBMC_7500_GSM3946506_Mela_cl_n20.csv","Immune cells
n=7500","20","F_2",1,"Primary cancer cell"
"2319",1,"CancerCellpseudoPBMC_7500_GSM3946506_Mela_cl_n5.csv","Immune cells
n=7500","5","F_2",1,"Primary cancer cell"
"2320",1,"CancerCellpseudoPBMC_7500_OMIX001073_GC_Epi_n10.csv","Immune cells
n=7500","10","F_2",1,"Primary cancer cell"
"2321",1,"CancerCellpseudoPBMC_7500_OMIX001073_GC_Epi_n100.csv","Immune cells
n=7500","100","F_2",1,"Primary cancer cell"
"2322",1,"CancerCellpseudoPBMC_7500_OMIX001073_GC_Epi_n20.csv","Immune cells
n=7500","20","F_2",1,"Primary cancer cell"
"2323",1,"CancerCellpseudoPBMC_7500_OMIX001073_GC_Epi_n5.csv","Immune cells
n=7500","5","F_2",1,"Primary cancer cell"
"2324",1,"CancerCellpseudoPBMC_7500_OMIX001073_GC_Epi_n500.csv","Immune cells
n=7500","500","F_2",1,"Primary cancer cell"
"2325",1,"predict_E-MTAB-11948_Cervix_Epi_n10_GSE155698_Healthy_PBMC_1.csv","GSE155698 HD1
n=2720","10","F_2",1,"Primary cancer cell"
"2326",1,"predict_E-MTAB-11948_Cervix_Epi_n10_GSE199994_HD1.csv","GSE199994 HD1
n=7032","10","F_2",1,"Primary cancer cell"
"2327",1,"predict_E-MTAB-11948_Cervix_Epi_n100_GSE155698_Healthy_PBMC_1.csv","GSE155698 HD1
n=2720","100","F_2",1,"Primary cancer cell"
"2328",1,"predict_E-MTAB-11948_Cervix_Epi_n100_GSE199994_HD1.csv","GSE199994 HD1
n=7032","100","F_2",1,"Primary cancer cell"
"2329",1,"predict_E-MTAB-11948_Cervix_Epi_n20_GSE155698_Healthy_PBMC_1.csv","GSE155698 HD1
n=2720","20","F_2",1,"Primary cancer cell"
"2330",1,"predict_E-MTAB-11948_Cervix_Epi_n20_GSE199994_HD1.csv","GSE199994 HD1
n=7032","20","F_2",1,"Primary cancer cell"
"2331",1,"predict_E-MTAB-11948_Cervix_Epi_n5_GSE155698_Healthy_PBMC_1.csv","GSE155698 HD1
n=2720","5","F_2",1,"Primary cancer cell"
"2332",1,"predict_E-MTAB-11948_Cervix_Epi_n5_GSE199994_HD1.csv","GSE199994 HD1
n=7032","5","F_2",1,"Primary cancer cell"
"2333",1,"predict_E-MTAB-11948_Cervix_Epi_n500_GSE155698_Healthy_PBMC_1.csv","GSE155698 HD1
n=2720","500","F_2",1,"Primary cancer cell"
"2334",1,"predict_E-MTAB-11948_Cervix_Epi_n500_GSE199994_HD1.csv","GSE199994 HD1
n=7032","500","F_2",1,"Primary cancer cell"
"2335",1,"predict_GSE127465_NSCLC2019_Epi_n10_GSE155698_Healthy_PBMC_1.csv","GSE155698 HD1
n=2720","10","F_2",1,"Primary cancer cell"
"2336",1,"predict_GSE127465_NSCLC2019_Epi_n10_GSE199994_HD1.csv","GSE199994 HD1
n=7032","10","F_2",1,"Primary cancer cell"
"2337",1,"predict_GSE127465_NSCLC2019_Epi_n100_GSE155698_Healthy_PBMC_1.csv","GSE155698 HD1
n=2720","100","F_2",1,"Primary cancer cell"
"2338",1,"predict_GSE127465_NSCLC2019_Epi_n100_GSE199994_HD1.csv","GSE199994 HD1
n=7032","100","F_2",1,"Primary cancer cell"
"2339",1,"predict_GSE127465_NSCLC2019_Epi_n20_GSE155698_Healthy_PBMC_1.csv","GSE155698 HD1
n=2720","20","F_2",1,"Primary cancer cell"
"2340",1,"predict_GSE127465_NSCLC2019_Epi_n20_GSE199994_HD1.csv","GSE199994 HD1
n=7032","20","F_2",1,"Primary cancer cell"
"2341",1,"predict_GSE127465_NSCLC2019_Epi_n5_GSE155698_Healthy_PBMC_1.csv","GSE155698 HD1
n=2720","5","F_2",1,"Primary cancer cell"
"2342",1,"predict_GSE127465_NSCLC2019_Epi_n5_GSE199994_HD1.csv","GSE199994 HD1
n=7032","5","F_2",1,"Primary cancer cell"
"2343",1,"predict_GSE132465_CRC_Epi_n10_GSE155698_Healthy_PBMC_1.csv","GSE155698 HD1
n=2720","10","F_2",1,"Primary cancer cell"
"2344",1,"predict_GSE132465_CRC_Epi_n10_GSE199994_HD1.csv","GSE199994 HD1
n=7032","10","F_2",1,"Primary cancer cell"
"2345",1,"predict_GSE132465_CRC_Epi_n100_GSE155698_Healthy_PBMC_1.csv","GSE155698 HD1
n=2720","100","F_2",1,"Primary cancer cell"
"2346",1,"predict_GSE132465_CRC_Epi_n100_GSE199994_HD1.csv","GSE199994 HD1
n=7032","100","F_2",1,"Primary cancer cell"
"2347",1,"predict_GSE132465_CRC_Epi_n20_GSE155698_Healthy_PBMC_1.csv","GSE155698 HD1
n=2720","20","F_2",1,"Primary cancer cell"
"2348",1,"predict_GSE132465_CRC_Epi_n20_GSE199994_HD1.csv","GSE199994 HD1
n=7032","20","F_2",1,"Primary cancer cell"
"2349",1,"predict_GSE132465_CRC_Epi_n5_GSE155698_Healthy_PBMC_1.csv","GSE155698 HD1
n=2720","5","F_2",1,"Primary cancer cell"
"2350",1,"predict_GSE132465_CRC_Epi_n5_GSE199994_HD1.csv","GSE199994 HD1
n=7032","5","F_2",1,"Primary cancer cell"
"2351",1,"predict_GSE132465_CRC_Epi_n500_GSE155698_Healthy_PBMC_1.csv","GSE155698 HD1
n=2720","500","F_2",1,"Primary cancer cell"
"2352",1,"predict_GSE132465_CRC_Epi_n500_GSE199994_HD1.csv","GSE199994 HD1
n=7032","500","F_2",1,"Primary cancer cell"
"2353",1,"predict_GSE148071_LUNG_Epi_n10_GSE155698_Healthy_PBMC_1.csv","GSE155698 HD1
n=2720","10","F_2",1,"Primary cancer cell"
"2354",1,"predict_GSE148071_LUNG_Epi_n10_GSE199994_HD1.csv","GSE199994 HD1
n=7032","10","F_2",1,"Primary cancer cell"
"2355",1,"predict_GSE148071_LUNG_Epi_n100_GSE155698_Healthy_PBMC_1.csv","GSE155698 HD1
n=2720","100","F_2",1,"Primary cancer cell"
"2356",1,"predict_GSE148071_LUNG_Epi_n100_GSE199994_HD1.csv","GSE199994 HD1
n=7032","100","F_2",1,"Primary cancer cell"
"2357",1,"predict_GSE148071_LUNG_Epi_n20_GSE155698_Healthy_PBMC_1.csv","GSE155698 HD1
n=2720","20","F_2",1,"Primary cancer cell"
"2358",1,"predict_GSE148071_LUNG_Epi_n20_GSE199994_HD1.csv","GSE199994 HD1
n=7032","20","F_2",1,"Primary cancer cell"
"2359",1,"predict_GSE148071_LUNG_Epi_n5_GSE155698_Healthy_PBMC_1.csv","GSE155698 HD1
n=2720","5","F_2",1,"Primary cancer cell"
"2360",1,"predict_GSE148071_LUNG_Epi_n5_GSE199994_HD1.csv","GSE199994 HD1
n=7032","5","F_2",1,"Primary cancer cell"
"2361",1,"predict_GSE148071_LUNG_Epi_n500_GSE155698_Healthy_PBMC_1.csv","GSE155698 HD1
n=2720","500","F_2",1,"Primary cancer cell"
"2362",1,"predict_GSE148071_LUNG_Epi_n500_GSE199994_HD1.csv","GSE199994 HD1
n=7032","500","F_2",1,"Primary cancer cell"
"2363",1,"predict_GSE149614_HCC_Epi_n10_GSE155698_Healthy_PBMC_1.csv","GSE155698 HD1
n=2720","10","F_2",1,"Primary cancer cell"
"2364",1,"predict_GSE149614_HCC_Epi_n10_GSE199994_HD1.csv","GSE199994 HD1
n=7032","10","F_2",1,"Primary cancer cell"
"2365",1,"predict_GSE149614_HCC_Epi_n100_GSE155698_Healthy_PBMC_1.csv","GSE155698 HD1
n=2720","100","F_2",1,"Primary cancer cell"
"2366",1,"predict_GSE149614_HCC_Epi_n100_GSE199994_HD1.csv","GSE199994 HD1
n=7032","100","F_2",1,"Primary cancer cell"
"2367",1,"predict_GSE149614_HCC_Epi_n20_GSE155698_Healthy_PBMC_1.csv","GSE155698 HD1
n=2720","20","F_2",1,"Primary cancer cell"
"2368",1,"predict_GSE149614_HCC_Epi_n20_GSE199994_HD1.csv","GSE199994 HD1
n=7032","20","F_2",1,"Primary cancer cell"
"2369",1,"predict_GSE149614_HCC_Epi_n5_GSE155698_Healthy_PBMC_1.csv","GSE155698 HD1
n=2720","5","F_2",1,"Primary cancer cell"
"2370",1,"predict_GSE149614_HCC_Epi_n5_GSE199994_HD1.csv","GSE199994 HD1
n=7032","5","F_2",1,"Primary cancer cell"
"2371",1,"predict_GSE149614_HCC_Epi_n500_GSE155698_Healthy_PBMC_1.csv","GSE155698 HD1
n=2720","500","F_2",1,"Primary cancer cell"
"2372",1,"predict_GSE149614_HCC_Epi_n500_GSE199994_HD1.csv","GSE199994 HD1
n=7032","500","F_2",1,"Primary cancer cell"
"2373",1,"predict_GSE150430_NPC_Epi_n10_GSE155698_Healthy_PBMC_1.csv","GSE155698 HD1
n=2720","10","F_2",1,"Primary cancer cell"
"2374",1,"predict_GSE150430_NPC_Epi_n10_GSE199994_HD1.csv","GSE199994 HD1
n=7032","10","F_2",1,"Primary cancer cell"
"2375",1,"predict_GSE150430_NPC_Epi_n100_GSE155698_Healthy_PBMC_1.csv","GSE155698 HD1
n=2720","100","F_2",1,"Primary cancer cell"
"2376",1,"predict_GSE150430_NPC_Epi_n100_GSE199994_HD1.csv","GSE199994 HD1
n=7032","100","F_2",1,"Primary cancer cell"
"2377",1,"predict_GSE150430_NPC_Epi_n20_GSE155698_Healthy_PBMC_1.csv","GSE155698 HD1
n=2720","20","F_2",1,"Primary cancer cell"
"2378",1,"predict_GSE150430_NPC_Epi_n20_GSE199994_HD1.csv","GSE199994 HD1
n=7032","20","F_2",1,"Primary cancer cell"
"2379",1,"predict_GSE150430_NPC_Epi_n5_GSE155698_Healthy_PBMC_1.csv","GSE155698 HD1
n=2720","5","F_2",1,"Primary cancer cell"
"2380",1,"predict_GSE150430_NPC_Epi_n5_GSE199994_HD1.csv","GSE199994 HD1
n=7032","5","F_2",1,"Primary cancer cell"
"2381",0.999689440993789,"predict_GSE150430_NPC_Epi_n500_GSE155698_Healthy_PBMC_1.csv","GSE155698 HD1
n=2720","500","F_2",0.998399359743898,"Primary cancer cell"
"2382",0.999867233138609,"predict_GSE150430_NPC_Epi_n500_GSE199994_HD1.csv","GSE199994 HD1
n=7032","500","F_2",0.998399359743898,"Primary cancer cell"
"2383",1,"predict_GSE150825_NPC_Epi_n10_GSE155698_Healthy_PBMC_1.csv","GSE155698 HD1
n=2720","10","F_2",1,"Primary cancer cell"
"2384",1,"predict_GSE150825_NPC_Epi_n10_GSE199994_HD1.csv","GSE199994 HD1
n=7032","10","F_2",1,"Primary cancer cell"
"2385",1,"predict_GSE150825_NPC_Epi_n20_GSE155698_Healthy_PBMC_1.csv","GSE155698 HD1
n=2720","20","F_2",1,"Primary cancer cell"
"2386",1,"predict_GSE150825_NPC_Epi_n20_GSE199994_HD1.csv","GSE199994 HD1
n=7032","20","F_2",1,"Primary cancer cell"
"2387",1,"predict_GSE150825_NPC_Epi_n5_GSE155698_Healthy_PBMC_1.csv","GSE155698 HD1
n=2720","5","F_2",1,"Primary cancer cell"
"2388",1,"predict_GSE150825_NPC_Epi_n5_GSE199994_HD1.csv","GSE199994 HD1
n=7032","5","F_2",1,"Primary cancer cell"
"2389",1,"predict_GSE155698_PDAC_Epi_n10_GSE155698_Healthy_PBMC_1.csv","GSE155698 HD1
n=2720","10","F_2",1,"Primary cancer cell"
"2390",1,"predict_GSE155698_PDAC_Epi_n10_GSE199994_HD1.csv","GSE155698 HD1
n=2720","10","F_2",1,"Primary cancer cell"
"2391",1,"predict_GSE155698_PDAC_Epi_n100_GSE155698_Healthy_PBMC_1.csv","GSE155698 HD1
n=2720","100","F_2",1,"Primary cancer cell"
"2392",1,"predict_GSE155698_PDAC_Epi_n100_GSE199994_HD1.csv","GSE155698 HD1
n=2720","100","F_2",1,"Primary cancer cell"
"2393",1,"predict_GSE155698_PDAC_Epi_n20_GSE155698_Healthy_PBMC_1.csv","GSE155698 HD1
n=2720","20","F_2",1,"Primary cancer cell"
"2394",1,"predict_GSE155698_PDAC_Epi_n20_GSE199994_HD1.csv","GSE155698 HD1
n=2720","20","F_2",1,"Primary cancer cell"
"2395",1,"predict_GSE155698_PDAC_Epi_n5_GSE155698_Healthy_PBMC_1.csv","GSE155698 HD1
n=2720","5","F_2",1,"Primary cancer cell"
"2396",1,"predict_GSE155698_PDAC_Epi_n5_GSE199994_HD1.csv","GSE155698 HD1
n=2720","5","F_2",1,"Primary cancer cell"
"2397",0.999068322981366,"predict_GSE155698_PDAC_Epi_n500_GSE155698_Healthy_PBMC_1.csv","GSE155698 HD1
n=2720","500","F_2",0.995194233079696,"Primary cancer cell"
"2398",0.999601699415826,"predict_GSE155698_PDAC_Epi_n500_GSE199994_HD1.csv","GSE155698 HD1
n=2720","500","F_2",0.995194233079696,"Primary cancer cell"
"2399",1,"predict_GSE162025_NPC_Epi_n10_GSE155698_Healthy_PBMC_1.csv","GSE155698 HD1
n=2720","10","F_2",1,"Primary cancer cell"
"2400",1,"predict_GSE162025_NPC_Epi_n10_GSE199994_HD1.csv","GSE199994 HD1
n=7032","10","F_2",1,"Primary cancer cell"
"2401",1,"predict_GSE162025_NPC_Epi_n100_GSE155698_Healthy_PBMC_1.csv","GSE155698 HD1
n=2720","100","F_2",1,"Primary cancer cell"
"2402",1,"predict_GSE162025_NPC_Epi_n100_GSE199994_HD1.csv","GSE199994 HD1
n=7032","100","F_2",1,"Primary cancer cell"
"2403",1,"predict_GSE162025_NPC_Epi_n20_GSE155698_Healthy_PBMC_1.csv","GSE155698 HD1
n=2720","20","F_2",1,"Primary cancer cell"
"2404",1,"predict_GSE162025_NPC_Epi_n20_GSE199994_HD1.csv","GSE199994 HD1
n=7032","20","F_2",1,"Primary cancer cell"
"2405",1,"predict_GSE162025_NPC_Epi_n5_GSE155698_Healthy_PBMC_1.csv","GSE155698 HD1
n=2720","5","F_2",1,"Primary cancer cell"
"2406",1,"predict_GSE162025_NPC_Epi_n5_GSE199994_HD1.csv","GSE199994 HD1
n=7032","5","F_2",1,"Primary cancer cell"
"2407",1,"predict_GSE168652_Cervix_Epi_n10_GSE155698_Healthy_PBMC_1.csv","GSE155698 HD1
n=2720","10","F_2",1,"Primary cancer cell"
"2408",1,"predict_GSE168652_Cervix_Epi_n10_GSE199994_HD1.csv","GSE199994 HD1
n=7032","10","F_2",1,"Primary cancer cell"
"2409",1,"predict_GSE168652_Cervix_Epi_n100_GSE155698_Healthy_PBMC_1.csv","GSE155698 HD1
n=2720","100","F_2",1,"Primary cancer cell"
"2410",1,"predict_GSE168652_Cervix_Epi_n100_GSE199994_HD1.csv","GSE199994 HD1
n=7032","100","F_2",1,"Primary cancer cell"
"2411",1,"predict_GSE168652_Cervix_Epi_n20_GSE155698_Healthy_PBMC_1.csv","GSE155698 HD1
n=2720","20","F_2",1,"Primary cancer cell"
"2412",1,"predict_GSE168652_Cervix_Epi_n20_GSE199994_HD1.csv","GSE199994 HD1
n=7032","20","F_2",1,"Primary cancer cell"
"2413",1,"predict_GSE168652_Cervix_Epi_n5_GSE155698_Healthy_PBMC_1.csv","GSE155698 HD1
n=2720","5","F_2",1,"Primary cancer cell"
"2414",1,"predict_GSE168652_Cervix_Epi_n5_GSE199994_HD1.csv","GSE199994 HD1
n=7032","5","F_2",1,"Primary cancer cell"
"2415",1,"predict_GSE168652_Cervix_Epi_n500_GSE155698_Healthy_PBMC_1.csv","GSE155698 HD1
n=2720","500","F_2",1,"Primary cancer cell"
"2416",1,"predict_GSE168652_Cervix_Epi_n500_GSE199994_HD1.csv","GSE199994 HD1
n=7032","500","F_2",1,"Primary cancer cell"
"2417",1,"predict_GSE173682_Endome_Epi_n10_GSE155698_Healthy_PBMC_1.csv","GSE155698 HD1
n=2720","10","F_2",1,"Primary cancer cell"
"2418",1,"predict_GSE173682_Endome_Epi_n10_GSE199994_HD1.csv","GSE199994 HD1
n=7032","10","F_2",1,"Primary cancer cell"
"2419",1,"predict_GSE173682_Endome_Epi_n100_GSE155698_Healthy_PBMC_1.csv","GSE155698 HD1
n=2720","100","F_2",1,"Primary cancer cell"
"2420",1,"predict_GSE173682_Endome_Epi_n100_GSE199994_HD1.csv","GSE199994 HD1
n=7032","100","F_2",1,"Primary cancer cell"
"2421",1,"predict_GSE173682_Endome_Epi_n20_GSE155698_Healthy_PBMC_1.csv","GSE155698 HD1
n=2720","20","F_2",1,"Primary cancer cell"
"2422",1,"predict_GSE173682_Endome_Epi_n20_GSE199994_HD1.csv","GSE199994 HD1
n=7032","20","F_2",1,"Primary cancer cell"
"2423",1,"predict_GSE173682_Endome_Epi_n5_GSE155698_Healthy_PBMC_1.csv","GSE155698 HD1
n=2720","5","F_2",1,"Primary cancer cell"
"2424",1,"predict_GSE173682_Endome_Epi_n5_GSE199994_HD1.csv","GSE199994 HD1
n=7032","5","F_2",1,"Primary cancer cell"
"2425",1,"predict_GSE173682_Endome_Epi_n500_GSE155698_Healthy_PBMC_1.csv","GSE155698 HD1
n=2720","500","F_2",1,"Primary cancer cell"
"2426",1,"predict_GSE173682_Endome_Epi_n500_GSE199994_HD1.csv","GSE199994 HD1
n=7032","500","F_2",1,"Primary cancer cell"
"2427",1,"predict_GSE173682_Ovarian_Epi_n10_GSE155698_Healthy_PBMC_1.csv","GSE155698 HD1
n=2720","10","F_2",1,"Primary cancer cell"
"2428",1,"predict_GSE173682_Ovarian_Epi_n10_GSE199994_HD1.csv","GSE199994 HD1
n=7032","10","F_2",1,"Primary cancer cell"
"2429",1,"predict_GSE173682_Ovarian_Epi_n100_GSE155698_Healthy_PBMC_1.csv","GSE155698 HD1
n=2720","100","F_2",1,"Primary cancer cell"
"2430",1,"predict_GSE173682_Ovarian_Epi_n100_GSE199994_HD1.csv","GSE199994 HD1
n=7032","100","F_2",1,"Primary cancer cell"
"2431",1,"predict_GSE173682_Ovarian_Epi_n20_GSE155698_Healthy_PBMC_1.csv","GSE155698 HD1
n=2720","20","F_2",1,"Primary cancer cell"
"2432",1,"predict_GSE173682_Ovarian_Epi_n20_GSE199994_HD1.csv","GSE199994 HD1
n=7032","20","F_2",1,"Primary cancer cell"
"2433",1,"predict_GSE173682_Ovarian_Epi_n5_GSE155698_Healthy_PBMC_1.csv","GSE155698 HD1
n=2720","5","F_2",1,"Primary cancer cell"
"2434",1,"predict_GSE173682_Ovarian_Epi_n5_GSE199994_HD1.csv","GSE199994 HD1
n=7032","5","F_2",1,"Primary cancer cell"
"2435",1,"predict_GSE173682_Ovarian_Epi_n500_GSE155698_Healthy_PBMC_1.csv","GSE155698 HD1
n=2720","500","F_2",1,"Primary cancer cell"
"2436",1,"predict_GSE173682_Ovarian_Epi_n500_GSE199994_HD1.csv","GSE199994 HD1
n=7032","500","F_2",1,"Primary cancer cell"
"2437",1,"predict_GSE176031_Prostate_Epi_n10_GSE155698_Healthy_PBMC_1.csv","GSE155698 HD1
n=2720","10","F_2",1,"Primary cancer cell"
"2438",1,"predict_GSE176031_Prostate_Epi_n10_GSE199994_HD1.csv","GSE199994 HD1
n=7032","10","F_2",1,"Primary cancer cell"
"2439",1,"predict_GSE176031_Prostate_Epi_n100_GSE155698_Healthy_PBMC_1.csv","GSE155698 HD1
n=2720","100","F_2",1,"Primary cancer cell"
"2440",1,"predict_GSE176031_Prostate_Epi_n100_GSE199994_HD1.csv","GSE199994 HD1
n=7032","100","F_2",1,"Primary cancer cell"
"2441",1,"predict_GSE176031_Prostate_Epi_n20_GSE155698_Healthy_PBMC_1.csv","GSE155698 HD1
n=2720","20","F_2",1,"Primary cancer cell"
"2442",1,"predict_GSE176031_Prostate_Epi_n20_GSE199994_HD1.csv","GSE199994 HD1
n=7032","20","F_2",1,"Primary cancer cell"
"2443",1,"predict_GSE176031_Prostate_Epi_n5_GSE155698_Healthy_PBMC_1.csv","GSE155698 HD1
n=2720","5","F_2",1,"Primary cancer cell"
"2444",1,"predict_GSE176031_Prostate_Epi_n5_GSE199994_HD1.csv","GSE199994 HD1
n=7032","5","F_2",1,"Primary cancer cell"
"2445",1,"predict_GSE176078_BC_Epi_n10_GSE155698_Healthy_PBMC_1.csv","GSE155698 HD1
n=2720","10","F_2",1,"Primary cancer cell"
"2446",1,"predict_GSE176078_BC_Epi_n10_GSE199994_HD1.csv","GSE199994 HD1
n=7032","10","F_2",1,"Primary cancer cell"
"2447",1,"predict_GSE176078_BC_Epi_n100_GSE155698_Healthy_PBMC_1.csv","GSE155698 HD1
n=2720","100","F_2",1,"Primary cancer cell"
"2448",1,"predict_GSE176078_BC_Epi_n100_GSE199994_HD1.csv","GSE199994 HD1
n=7032","100","F_2",1,"Primary cancer cell"
"2449",1,"predict_GSE176078_BC_Epi_n20_GSE155698_Healthy_PBMC_1.csv","GSE155698 HD1
n=2720","20","F_2",1,"Primary cancer cell"
"2450",1,"predict_GSE176078_BC_Epi_n20_GSE199994_HD1.csv","GSE199994 HD1
n=7032","20","F_2",1,"Primary cancer cell"
"2451",1,"predict_GSE176078_BC_Epi_n5_GSE155698_Healthy_PBMC_1.csv","GSE155698 HD1
n=2720","5","F_2",1,"Primary cancer cell"
"2452",1,"predict_GSE176078_BC_Epi_n5_GSE199994_HD1.csv","GSE199994 HD1
n=7032","5","F_2",1,"Primary cancer cell"
"2453",1,"predict_GSE176078_BC_Epi_n500_GSE155698_Healthy_PBMC_1.csv","GSE155698 HD1
n=2720","500","F_2",1,"Primary cancer cell"
"2454",1,"predict_GSE176078_BC_Epi_n500_GSE199994_HD1.csv","GSE199994 HD1
n=7032","500","F_2",1,"Primary cancer cell"
"2455",1,"predict_GSE178318_CRC_Epi_n10_GSE155698_Healthy_PBMC_1.csv","GSE155698 HD1
n=2720","10","F_2",1,"Primary cancer cell"
"2456",1,"predict_GSE178318_CRC_Epi_n10_GSE199994_HD1.csv","GSE199994 HD1
n=7032","10","F_2",1,"Primary cancer cell"
"2457",1,"predict_GSE178318_CRC_Epi_n100_GSE155698_Healthy_PBMC_1.csv","GSE155698 HD1
n=2720","100","F_2",1,"Primary cancer cell"
"2458",1,"predict_GSE178318_CRC_Epi_n100_GSE199994_HD1.csv","GSE199994 HD1
n=7032","100","F_2",1,"Primary cancer cell"
"2459",1,"predict_GSE178318_CRC_Epi_n20_GSE155698_Healthy_PBMC_1.csv","GSE155698 HD1
n=2720","20","F_2",1,"Primary cancer cell"
"2460",1,"predict_GSE178318_CRC_Epi_n20_GSE199994_HD1.csv","GSE199994 HD1
n=7032","20","F_2",1,"Primary cancer cell"
"2461",1,"predict_GSE178318_CRC_Epi_n5_GSE155698_Healthy_PBMC_1.csv","GSE155698 HD1
n=2720","5","F_2",1,"Primary cancer cell"
"2462",1,"predict_GSE178318_CRC_Epi_n5_GSE199994_HD1.csv","GSE199994 HD1
n=7032","5","F_2",1,"Primary cancer cell"
"2463",1,"predict_GSE178318_CRC_Epi_n500_GSE155698_Healthy_PBMC_1.csv","GSE155698 HD1
n=2720","500","F_2",1,"Primary cancer cell"
"2464",1,"predict_GSE178318_CRC_Epi_n500_GSE199994_HD1.csv","GSE199994 HD1
n=7032","500","F_2",1,"Primary cancer cell"
"2465",1,"predict_GSE193337_Prostate_Epi_n10_GSE155698_Healthy_PBMC_1.csv","GSE155698 HD1
n=2720","10","F_2",1,"Primary cancer cell"
"2466",1,"predict_GSE193337_Prostate_Epi_n10_GSE199994_HD1.csv","GSE199994 HD1
n=7032","10","F_2",1,"Primary cancer cell"
"2467",1,"predict_GSE193337_Prostate_Epi_n100_GSE155698_Healthy_PBMC_1.csv","GSE155698 HD1
n=2720","100","F_2",1,"Primary cancer cell"
"2468",1,"predict_GSE193337_Prostate_Epi_n100_GSE199994_HD1.csv","GSE199994 HD1
n=7032","100","F_2",1,"Primary cancer cell"
"2469",1,"predict_GSE193337_Prostate_Epi_n20_GSE155698_Healthy_PBMC_1.csv","GSE155698 HD1
n=2720","20","F_2",1,"Primary cancer cell"
"2470",1,"predict_GSE193337_Prostate_Epi_n20_GSE199994_HD1.csv","GSE199994 HD1
n=7032","20","F_2",1,"Primary cancer cell"
"2471",1,"predict_GSE193337_Prostate_Epi_n5_GSE155698_Healthy_PBMC_1.csv","GSE155698 HD1
n=2720","5","F_2",1,"Primary cancer cell"
"2472",1,"predict_GSE193337_Prostate_Epi_n5_GSE199994_HD1.csv","GSE199994 HD1
n=7032","5","F_2",1,"Primary cancer cell"
"2473",0.999689440993789,"predict_GSE193337_Prostate_Epi_n500_GSE155698_Healthy_PBMC_1.csv","GSE155698 HD1
n=2720","500","F_2",0.998399359743898,"Primary cancer cell"
"2474",0.999867233138609,"predict_GSE193337_Prostate_Epi_n500_GSE199994_HD1.csv","GSE199994 HD1
n=7032","500","F_2",0.998399359743898,"Primary cancer cell"
"2475",1,"predict_GSE215120_Melanoma_n10_GSE155698_Healthy_PBMC_1.csv","GSE155698 HD1
n=2720","10","F_2",1,"Primary cancer cell"
"2476",1,"predict_GSE215120_Melanoma_n10_GSE199994_HD1.csv","GSE199994 HD1
n=7032","10","F_2",1,"Primary cancer cell"
"2477",1,"predict_GSE215120_Melanoma_n100_GSE155698_Healthy_PBMC_1.csv","GSE155698 HD1
n=2720","100","F_2",1,"Primary cancer cell"
"2478",1,"predict_GSE215120_Melanoma_n100_GSE199994_HD1.csv","GSE199994 HD1
n=7032","100","F_2",1,"Primary cancer cell"
"2479",1,"predict_GSE215120_Melanoma_n20_GSE155698_Healthy_PBMC_1.csv","GSE155698 HD1
n=2720","20","F_2",1,"Primary cancer cell"
"2480",1,"predict_GSE215120_Melanoma_n20_GSE199994_HD1.csv","GSE199994 HD1
n=7032","20","F_2",1,"Primary cancer cell"
"2481",1,"predict_GSE215120_Melanoma_n5_GSE155698_Healthy_PBMC_1.csv","GSE155698 HD1
n=2720","5","F_2",1,"Primary cancer cell"
"2482",1,"predict_GSE215120_Melanoma_n5_GSE199994_HD1.csv","GSE199994 HD1
n=7032","5","F_2",1,"Primary cancer cell"
"2483",0.999689440993789,"predict_GSE215120_Melanoma_n500_GSE155698_Healthy_PBMC_1.csv","GSE155698 HD1
n=2720","500","F_2",0.998399359743898,"Primary cancer cell"
"2484",0.999867233138609,"predict_GSE215120_Melanoma_n500_GSE199994_HD1.csv","GSE199994 HD1
n=7032","500","F_2",0.998399359743898,"Primary cancer cell"
"2485",1,"predict_GSM3946506_Mela_cl_n10_GSE155698_Healthy_PBMC_1.csv","GSE155698 HD1
n=2720","10","F_2",1,"Primary cancer cell"
"2486",1,"predict_GSM3946506_Mela_cl_n10_GSE199994_HD1.csv","GSE199994 HD1
n=7032","10","F_2",1,"Primary cancer cell"
"2487",1,"predict_GSM3946506_Mela_cl_n100_GSE155698_Healthy_PBMC_1.csv","GSE155698 HD1
n=2720","100","F_2",1,"Primary cancer cell"
"2488",1,"predict_GSM3946506_Mela_cl_n100_GSE199994_HD1.csv","GSE199994 HD1
n=7032","100","F_2",1,"Primary cancer cell"
"2489",1,"predict_GSM3946506_Mela_cl_n20_GSE155698_Healthy_PBMC_1.csv","GSE155698 HD1
n=2720","20","F_2",1,"Primary cancer cell"
"2490",1,"predict_GSM3946506_Mela_cl_n20_GSE199994_HD1.csv","GSE199994 HD1
n=7032","20","F_2",1,"Primary cancer cell"
"2491",1,"predict_GSM3946506_Mela_cl_n5_GSE155698_Healthy_PBMC_1.csv","GSE155698 HD1
n=2720","5","F_2",1,"Primary cancer cell"
"2492",1,"predict_GSM3946506_Mela_cl_n5_GSE199994_HD1.csv","GSE199994 HD1
n=7032","5","F_2",1,"Primary cancer cell"
"2493",1,"predict_OMIX001073_GC_Epi_n10_GSE155698_Healthy_PBMC_1.csv","GSE155698 HD1
n=2720","10","F_2",1,"Primary cancer cell"
"2494",1,"predict_OMIX001073_GC_Epi_n10_GSE199994_HD1.csv","GSE199994 HD1
n=7032","10","F_2",1,"Primary cancer cell"
"2495",1,"predict_OMIX001073_GC_Epi_n100_GSE155698_Healthy_PBMC_1.csv","GSE155698 HD1
n=2720","100","F_2",1,"Primary cancer cell"
"2496",1,"predict_OMIX001073_GC_Epi_n100_GSE199994_HD1.csv","GSE199994 HD1
n=7032","100","F_2",1,"Primary cancer cell"
"2497",1,"predict_OMIX001073_GC_Epi_n20_GSE155698_Healthy_PBMC_1.csv","GSE155698 HD1
n=2720","20","F_2",1,"Primary cancer cell"
"2498",1,"predict_OMIX001073_GC_Epi_n20_GSE199994_HD1.csv","GSE199994 HD1
n=7032","20","F_2",1,"Primary cancer cell"
"2499",1,"predict_OMIX001073_GC_Epi_n5_GSE155698_Healthy_PBMC_1.csv","GSE155698 HD1
n=2720","5","F_2",1,"Primary cancer cell"
"2500",1,"predict_OMIX001073_GC_Epi_n5_GSE199994_HD1.csv","GSE199994 HD1
n=7032","5","F_2",1,"Primary cancer cell"
"2501",1,"predict_OMIX001073_GC_Epi_n500_GSE155698_Healthy_PBMC_1.csv","GSE155698 HD1
n=2720","500","F_2",1,"Primary cancer cell"
"2502",1,"predict_OMIX001073_GC_Epi_n500_GSE199994_HD1.csv","GSE199994 HD1
n=7032","500","F_2",1,"Primary cancer cell"
"2503",1,"CancerCellpseudoPBMC_10000_GSE162708_OVCme_n10.csv","Immune cells
n=10000","10","Specificity",1,"Metastics cancer cell"
"2504",1,"CancerCellpseudoPBMC_10000_GSE162708_OVCme_n100.csv","Immune cells
n=10000","100","Specificity",1,"Metastics cancer cell"
"2505",1,"CancerCellpseudoPBMC_10000_GSE162708_OVCme_n20.csv","Immune cells
n=10000","20","Specificity",1,"Metastics cancer cell"
"2506",1,"CancerCellpseudoPBMC_10000_GSE162708_OVCme_n5.csv","Immune cells
n=10000","5","Specificity",1,"Metastics cancer cell"
"2507",0.999809523809524,"CancerCellpseudoPBMC_10000_GSE162708_OVCme_n500.csv","Immune cells
n=10000","500","Specificity",1,"Metastics cancer cell"
"2508",1,"CancerCellpseudoPBMC_10000_GSE163558_GCme_n10.csv","Immune cells
n=10000","10","Specificity",1,"Metastics cancer cell"
"2509",0.99960396039604,"CancerCellpseudoPBMC_10000_GSE163558_GCme_n100.csv","Immune cells
n=10000","100","Specificity",1,"Metastics cancer cell"
"2510",1,"CancerCellpseudoPBMC_10000_GSE163558_GCme_n20.csv","Immune cells
n=10000","20","Specificity",1,"Metastics cancer cell"
"2511",1,"CancerCellpseudoPBMC_10000_GSE163558_GCme_n5.csv","Immune cells
n=10000","5","Specificity",1,"Metastics cancer cell"
"2512",0.999428571428571,"CancerCellpseudoPBMC_10000_GSE163558_GCme_n500.csv","Immune cells
n=10000","500","Specificity",1,"Metastics cancer cell"
"2513",1,"CancerCellpseudoPBMC_10000_GSE176029_LiverMela_n10.csv","Immune cells
n=10000","10","Specificity",1,"Metastics cancer cell"
"2514",0.99990099009901,"CancerCellpseudoPBMC_10000_GSE176029_LiverMela_n100.csv","Immune cells
n=10000","100","Specificity",1,"Metastics cancer cell"
"2515",0.999900199600798,"CancerCellpseudoPBMC_10000_GSE176029_LiverMela_n20.csv","Immune cells
n=10000","20","Specificity",1,"Metastics cancer cell"
"2516",0.999900049975012,"CancerCellpseudoPBMC_10000_GSE176029_LiverMela_n5.csv","Immune cells
n=10000","5","Specificity",1,"Metastics cancer cell"
"2517",0.999714285714286,"CancerCellpseudoPBMC_10000_GSE176029_LiverMela_n500.csv","Immune cells
n=10000","500","Specificity",1,"Metastics cancer cell"
"2518",1,"CancerCellpseudoPBMC_7500_GSE162708_OVCme_n10.csv","Immune cells
n=7500","10","Specificity",1,"Metastics cancer cell"
"2519",1,"CancerCellpseudoPBMC_7500_GSE162708_OVCme_n100.csv","Immune cells
n=7500","100","Specificity",1,"Metastics cancer cell"
"2520",1,"CancerCellpseudoPBMC_7500_GSE162708_OVCme_n20.csv","Immune cells
n=7500","20","Specificity",1,"Metastics cancer cell"
"2521",1,"CancerCellpseudoPBMC_7500_GSE162708_OVCme_n5.csv","Immune cells
n=7500","5","Specificity",1,"Metastics cancer cell"
"2522",0.99975,"CancerCellpseudoPBMC_7500_GSE162708_OVCme_n500.csv","Immune cells
n=7500","500","Specificity",1,"Metastics cancer cell"
"2523",1,"CancerCellpseudoPBMC_7500_GSE163558_GCme_n10.csv","Immune cells
n=7500","10","Specificity",1,"Metastics cancer cell"
"2524",0.999473684210526,"CancerCellpseudoPBMC_7500_GSE163558_GCme_n100.csv","Immune cells
n=7500","100","Specificity",1,"Metastics cancer cell"
"2525",1,"CancerCellpseudoPBMC_7500_GSE163558_GCme_n20.csv","Immune cells
n=7500","20","Specificity",1,"Metastics cancer cell"
"2526",1,"CancerCellpseudoPBMC_7500_GSE163558_GCme_n5.csv","Immune cells
n=7500","5","Specificity",1,"Metastics cancer cell"
"2527",0.99925,"CancerCellpseudoPBMC_7500_GSE163558_GCme_n500.csv","Immune cells
n=7500","500","Specificity",1,"Metastics cancer cell"
"2528",1,"CancerCellpseudoPBMC_7500_GSE176029_LiverMela_n10.csv","Immune cells
n=7500","10","Specificity",1,"Metastics cancer cell"
"2529",0.999868421052632,"CancerCellpseudoPBMC_7500_GSE176029_LiverMela_n100.csv","Immune cells
n=7500","100","Specificity",1,"Metastics cancer cell"
"2530",0.999867021276596,"CancerCellpseudoPBMC_7500_GSE176029_LiverMela_n20.csv","Immune cells
n=7500","20","Specificity",1,"Metastics cancer cell"
"2531",0.999866755496336,"CancerCellpseudoPBMC_7500_GSE176029_LiverMela_n5.csv","Immune cells
n=7500","5","Specificity",1,"Metastics cancer cell"
"2532",0.999625,"CancerCellpseudoPBMC_7500_GSE176029_LiverMela_n500.csv","Immune cells
n=7500","500","Specificity",1,"Metastics cancer cell"
"2533",1,"predict_GSE147082_OVCme_n10_GSE155698_Healthy_PBMC_1.csv","GSE155698 HD1
n=2720","10","Specificity",1,"Metastics cancer cell"
"2534",1,"predict_GSE147082_OVCme_n10_GSE199994_HD1.csv","GSE199994 HD1
n=7032","10","Specificity",1,"Metastics cancer cell"
"2535",1,"predict_GSE147082_OVCme_n100_GSE155698_Healthy_PBMC_1.csv","GSE155698 HD1
n=2720","100","Specificity",1,"Metastics cancer cell"
"2536",1,"predict_GSE147082_OVCme_n100_GSE199994_HD1.csv","GSE199994 HD1
n=7032","100","Specificity",1,"Metastics cancer cell"
"2537",1,"predict_GSE147082_OVCme_n20_GSE155698_Healthy_PBMC_1.csv","GSE155698 HD1
n=2720","20","Specificity",1,"Metastics cancer cell"
"2538",1,"predict_GSE147082_OVCme_n20_GSE199994_HD1.csv","GSE199994 HD1
n=7032","20","Specificity",1,"Metastics cancer cell"
"2539",1,"predict_GSE147082_OVCme_n5_GSE155698_Healthy_PBMC_1.csv","GSE155698 HD1
n=2720","5","Specificity",1,"Metastics cancer cell"
"2540",1,"predict_GSE147082_OVCme_n5_GSE199994_HD1.csv","GSE199994 HD1
n=7032","5","Specificity",1,"Metastics cancer cell"
"2541",0.999378881987578,"predict_GSE147082_OVCme_n500_GSE155698_Healthy_PBMC_1.csv","GSE155698 HD1
n=2720","500","Specificity",1,"Metastics cancer cell"
"2542",0.999734466277217,"predict_GSE147082_OVCme_n500_GSE199994_HD1.csv","GSE199994 HD1
n=7032","500","Specificity",1,"Metastics cancer cell"
"2543",1,"predict_GSE163558_GCme_n10_GSE155698_Healthy_PBMC_1.csv","GSE155698 HD1
n=2720","10","Specificity",1,"Metastics cancer cell"
"2544",1,"predict_GSE163558_GCme_n10_GSE199994_HD1.csv","GSE199994 HD1
n=7032","10","Specificity",1,"Metastics cancer cell"
"2545",0.998581560283688,"predict_GSE163558_GCme_n100_GSE155698_Healthy_PBMC_1.csv","GSE155698 HD1
n=2720","100","Specificity",1,"Metastics cancer cell"
"2546",0.999439147504206,"predict_GSE163558_GCme_n100_GSE199994_HD1.csv","GSE199994 HD1
n=7032","100","Specificity",1,"Metastics cancer cell"
"2547",1,"predict_GSE163558_GCme_n20_GSE155698_Healthy_PBMC_1.csv","GSE155698 HD1
n=2720","20","Specificity",1,"Metastics cancer cell"
"2548",1,"predict_GSE163558_GCme_n20_GSE199994_HD1.csv","GSE199994 HD1
n=7032","20","Specificity",1,"Metastics cancer cell"
"2549",1,"predict_GSE163558_GCme_n5_GSE155698_Healthy_PBMC_1.csv","GSE155698 HD1
n=2720","5","Specificity",1,"Metastics cancer cell"
"2550",1,"predict_GSE163558_GCme_n5_GSE199994_HD1.csv","GSE199994 HD1
n=7032","5","Specificity",1,"Metastics cancer cell"
"2551",0.998136645962733,"predict_GSE163558_GCme_n500_GSE155698_Healthy_PBMC_1.csv","GSE155698 HD1
n=2720","500","Specificity",1,"Metastics cancer cell"
"2552",0.999203398831652,"predict_GSE163558_GCme_n500_GSE199994_HD1.csv","GSE199994 HD1
n=7032","500","Specificity",1,"Metastics cancer cell"
"2553",1,"predict_GSE176029_LiverMela_n10_GSE155698_Healthy_PBMC_1.csv","GSE155698 HD1
n=2720","10","Specificity",1,"Metastics cancer cell"
"2554",1,"predict_GSE176029_LiverMela_n10_GSE199994_HD1.csv","GSE199994 HD1
n=7032","10","Specificity",1,"Metastics cancer cell"
"2555",0.999645390070922,"predict_GSE176029_LiverMela_n100_GSE155698_Healthy_PBMC_1.csv","GSE155698 HD1
n=2720","100","Specificity",1,"Metastics cancer cell"
"2556",0.999859786876052,"predict_GSE176029_LiverMela_n100_GSE199994_HD1.csv","GSE199994 HD1
n=7032","100","Specificity",1,"Metastics cancer cell"
"2557",0.99963503649635,"predict_GSE176029_LiverMela_n20_GSE155698_Healthy_PBMC_1.csv","GSE155698 HD1
n=2720","20","Specificity",1,"Metastics cancer cell"
"2558",0.999858196256381,"predict_GSE176029_LiverMela_n20_GSE199994_HD1.csv","GSE199994 HD1
n=7032","20","Specificity",1,"Metastics cancer cell"
"2559",0.999633027522936,"predict_GSE176029_LiverMela_n5_GSE155698_Healthy_PBMC_1.csv","GSE155698 HD1
n=2720","5","Specificity",1,"Metastics cancer cell"
"2560",0.999857893988916,"predict_GSE176029_LiverMela_n5_GSE199994_HD1.csv","GSE199994 HD1
n=7032","5","Specificity",1,"Metastics cancer cell"
"2561",0.999068322981366,"predict_GSE176029_LiverMela_n500_GSE155698_Healthy_PBMC_1.csv","GSE155698 HD1
n=2720","500","Specificity",1,"Metastics cancer cell"
"2562",0.999601699415826,"predict_GSE176029_LiverMela_n500_GSE199994_HD1.csv","GSE199994 HD1
n=7032","500","Specificity",1,"Metastics cancer cell"
"2563",1,"CancerCellpseudoPBMC_10000_GSE162708_OVCme_n10.csv","Immune cells
n=10000","10","Sensitivity",1,"Metastics cancer cell"
"2564",1,"CancerCellpseudoPBMC_10000_GSE162708_OVCme_n100.csv","Immune cells
n=10000","100","Sensitivity",1,"Metastics cancer cell"
"2565",1,"CancerCellpseudoPBMC_10000_GSE162708_OVCme_n20.csv","Immune cells
n=10000","20","Sensitivity",1,"Metastics cancer cell"
"2566",1,"CancerCellpseudoPBMC_10000_GSE162708_OVCme_n5.csv","Immune cells
n=10000","5","Sensitivity",1,"Metastics cancer cell"
"2567",0.999809523809524,"CancerCellpseudoPBMC_10000_GSE162708_OVCme_n500.csv","Immune cells
n=10000","500","Sensitivity",0.996,"Metastics cancer cell"
"2568",1,"CancerCellpseudoPBMC_10000_GSE163558_GCme_n10.csv","Immune cells
n=10000","10","Sensitivity",1,"Metastics cancer cell"
"2569",0.99960396039604,"CancerCellpseudoPBMC_10000_GSE163558_GCme_n100.csv","Immune cells
n=10000","100","Sensitivity",0.96,"Metastics cancer cell"
"2570",1,"CancerCellpseudoPBMC_10000_GSE163558_GCme_n20.csv","Immune cells
n=10000","20","Sensitivity",1,"Metastics cancer cell"
"2571",1,"CancerCellpseudoPBMC_10000_GSE163558_GCme_n5.csv","Immune cells
n=10000","5","Sensitivity",1,"Metastics cancer cell"
"2572",0.999428571428571,"CancerCellpseudoPBMC_10000_GSE163558_GCme_n500.csv","Immune cells
n=10000","500","Sensitivity",0.988,"Metastics cancer cell"
"2573",1,"CancerCellpseudoPBMC_10000_GSE176029_LiverMela_n10.csv","Immune cells
n=10000","10","Sensitivity",1,"Metastics cancer cell"
"2574",0.99990099009901,"CancerCellpseudoPBMC_10000_GSE176029_LiverMela_n100.csv","Immune cells
n=10000","100","Sensitivity",0.99,"Metastics cancer cell"
"2575",0.999900199600798,"CancerCellpseudoPBMC_10000_GSE176029_LiverMela_n20.csv","Immune cells
n=10000","20","Sensitivity",0.95,"Metastics cancer cell"
"2576",0.999900049975012,"CancerCellpseudoPBMC_10000_GSE176029_LiverMela_n5.csv","Immune cells
n=10000","5","Sensitivity",0.8,"Metastics cancer cell"
"2577",0.999714285714286,"CancerCellpseudoPBMC_10000_GSE176029_LiverMela_n500.csv","Immune cells
n=10000","500","Sensitivity",0.994,"Metastics cancer cell"
"2578",1,"CancerCellpseudoPBMC_7500_GSE162708_OVCme_n10.csv","Immune cells
n=7500","10","Sensitivity",1,"Metastics cancer cell"
"2579",1,"CancerCellpseudoPBMC_7500_GSE162708_OVCme_n100.csv","Immune cells
n=7500","100","Sensitivity",1,"Metastics cancer cell"
"2580",1,"CancerCellpseudoPBMC_7500_GSE162708_OVCme_n20.csv","Immune cells
n=7500","20","Sensitivity",1,"Metastics cancer cell"
"2581",1,"CancerCellpseudoPBMC_7500_GSE162708_OVCme_n5.csv","Immune cells
n=7500","5","Sensitivity",1,"Metastics cancer cell"
"2582",0.99975,"CancerCellpseudoPBMC_7500_GSE162708_OVCme_n500.csv","Immune cells
n=7500","500","Sensitivity",0.996,"Metastics cancer cell"
"2583",1,"CancerCellpseudoPBMC_7500_GSE163558_GCme_n10.csv","Immune cells
n=7500","10","Sensitivity",1,"Metastics cancer cell"
"2584",0.999473684210526,"CancerCellpseudoPBMC_7500_GSE163558_GCme_n100.csv","Immune cells
n=7500","100","Sensitivity",0.96,"Metastics cancer cell"
"2585",1,"CancerCellpseudoPBMC_7500_GSE163558_GCme_n20.csv","Immune cells
n=7500","20","Sensitivity",1,"Metastics cancer cell"
"2586",1,"CancerCellpseudoPBMC_7500_GSE163558_GCme_n5.csv","Immune cells
n=7500","5","Sensitivity",1,"Metastics cancer cell"
"2587",0.99925,"CancerCellpseudoPBMC_7500_GSE163558_GCme_n500.csv","Immune cells
n=7500","500","Sensitivity",0.988,"Metastics cancer cell"
"2588",1,"CancerCellpseudoPBMC_7500_GSE176029_LiverMela_n10.csv","Immune cells
n=7500","10","Sensitivity",1,"Metastics cancer cell"
"2589",0.999868421052632,"CancerCellpseudoPBMC_7500_GSE176029_LiverMela_n100.csv","Immune cells
n=7500","100","Sensitivity",0.99,"Metastics cancer cell"
"2590",0.999867021276596,"CancerCellpseudoPBMC_7500_GSE176029_LiverMela_n20.csv","Immune cells
n=7500","20","Sensitivity",0.95,"Metastics cancer cell"
"2591",0.999866755496336,"CancerCellpseudoPBMC_7500_GSE176029_LiverMela_n5.csv","Immune cells
n=7500","5","Sensitivity",0.8,"Metastics cancer cell"
"2592",0.999625,"CancerCellpseudoPBMC_7500_GSE176029_LiverMela_n500.csv","Immune cells
n=7500","500","Sensitivity",0.994,"Metastics cancer cell"
"2593",1,"predict_GSE147082_OVCme_n10_GSE155698_Healthy_PBMC_1.csv","GSE155698 HD1
n=2720","10","Sensitivity",1,"Metastics cancer cell"
"2594",1,"predict_GSE147082_OVCme_n10_GSE199994_HD1.csv","GSE199994 HD1
n=7032","10","Sensitivity",1,"Metastics cancer cell"
"2595",1,"predict_GSE147082_OVCme_n100_GSE155698_Healthy_PBMC_1.csv","GSE155698 HD1
n=2720","100","Sensitivity",1,"Metastics cancer cell"
"2596",1,"predict_GSE147082_OVCme_n100_GSE199994_HD1.csv","GSE199994 HD1
n=7032","100","Sensitivity",1,"Metastics cancer cell"
"2597",1,"predict_GSE147082_OVCme_n20_GSE155698_Healthy_PBMC_1.csv","GSE155698 HD1
n=2720","20","Sensitivity",1,"Metastics cancer cell"
"2598",1,"predict_GSE147082_OVCme_n20_GSE199994_HD1.csv","GSE199994 HD1
n=7032","20","Sensitivity",1,"Metastics cancer cell"
"2599",1,"predict_GSE147082_OVCme_n5_GSE155698_Healthy_PBMC_1.csv","GSE155698 HD1
n=2720","5","Sensitivity",1,"Metastics cancer cell"
"2600",1,"predict_GSE147082_OVCme_n5_GSE199994_HD1.csv","GSE199994 HD1
n=7032","5","Sensitivity",1,"Metastics cancer cell"
"2601",0.999378881987578,"predict_GSE147082_OVCme_n500_GSE155698_Healthy_PBMC_1.csv","GSE155698 HD1
n=2720","500","Sensitivity",0.996,"Metastics cancer cell"
"2602",0.999734466277217,"predict_GSE147082_OVCme_n500_GSE199994_HD1.csv","GSE199994 HD1
n=7032","500","Sensitivity",0.996,"Metastics cancer cell"
"2603",1,"predict_GSE163558_GCme_n10_GSE155698_Healthy_PBMC_1.csv","GSE155698 HD1
n=2720","10","Sensitivity",1,"Metastics cancer cell"
"2604",1,"predict_GSE163558_GCme_n10_GSE199994_HD1.csv","GSE199994 HD1
n=7032","10","Sensitivity",1,"Metastics cancer cell"
"2605",0.998581560283688,"predict_GSE163558_GCme_n100_GSE155698_Healthy_PBMC_1.csv","GSE155698 HD1
n=2720","100","Sensitivity",0.96,"Metastics cancer cell"
"2606",0.999439147504206,"predict_GSE163558_GCme_n100_GSE199994_HD1.csv","GSE199994 HD1
n=7032","100","Sensitivity",0.96,"Metastics cancer cell"
"2607",1,"predict_GSE163558_GCme_n20_GSE155698_Healthy_PBMC_1.csv","GSE155698 HD1
n=2720","20","Sensitivity",1,"Metastics cancer cell"
"2608",1,"predict_GSE163558_GCme_n20_GSE199994_HD1.csv","GSE199994 HD1
n=7032","20","Sensitivity",1,"Metastics cancer cell"
"2609",1,"predict_GSE163558_GCme_n5_GSE155698_Healthy_PBMC_1.csv","GSE155698 HD1
n=2720","5","Sensitivity",1,"Metastics cancer cell"
"2610",1,"predict_GSE163558_GCme_n5_GSE199994_HD1.csv","GSE199994 HD1
n=7032","5","Sensitivity",1,"Metastics cancer cell"
"2611",0.998136645962733,"predict_GSE163558_GCme_n500_GSE155698_Healthy_PBMC_1.csv","GSE155698 HD1
n=2720","500","Sensitivity",0.988,"Metastics cancer cell"
"2612",0.999203398831652,"predict_GSE163558_GCme_n500_GSE199994_HD1.csv","GSE199994 HD1
n=7032","500","Sensitivity",0.988,"Metastics cancer cell"
"2613",1,"predict_GSE176029_LiverMela_n10_GSE155698_Healthy_PBMC_1.csv","GSE155698 HD1
n=2720","10","Sensitivity",1,"Metastics cancer cell"
"2614",1,"predict_GSE176029_LiverMela_n10_GSE199994_HD1.csv","GSE199994 HD1
n=7032","10","Sensitivity",1,"Metastics cancer cell"
"2615",0.999645390070922,"predict_GSE176029_LiverMela_n100_GSE155698_Healthy_PBMC_1.csv","GSE155698 HD1
n=2720","100","Sensitivity",0.99,"Metastics cancer cell"
"2616",0.999859786876052,"predict_GSE176029_LiverMela_n100_GSE199994_HD1.csv","GSE199994 HD1
n=7032","100","Sensitivity",0.99,"Metastics cancer cell"
"2617",0.99963503649635,"predict_GSE176029_LiverMela_n20_GSE155698_Healthy_PBMC_1.csv","GSE155698 HD1
n=2720","20","Sensitivity",0.95,"Metastics cancer cell"
"2618",0.999858196256381,"predict_GSE176029_LiverMela_n20_GSE199994_HD1.csv","GSE199994 HD1
n=7032","20","Sensitivity",0.95,"Metastics cancer cell"
"2619",0.999633027522936,"predict_GSE176029_LiverMela_n5_GSE155698_Healthy_PBMC_1.csv","GSE155698 HD1
n=2720","5","Sensitivity",0.8,"Metastics cancer cell"
"2620",0.999857893988916,"predict_GSE176029_LiverMela_n5_GSE199994_HD1.csv","GSE199994 HD1
n=7032","5","Sensitivity",0.8,"Metastics cancer cell"
"2621",0.999068322981366,"predict_GSE176029_LiverMela_n500_GSE155698_Healthy_PBMC_1.csv","GSE155698 HD1
n=2720","500","Sensitivity",0.994,"Metastics cancer cell"
"2622",0.999601699415826,"predict_GSE176029_LiverMela_n500_GSE199994_HD1.csv","GSE199994 HD1
n=7032","500","Sensitivity",0.994,"Metastics cancer cell"
"2623",1,"CancerCellpseudoPBMC_10000_GSE162708_OVCme_n10.csv","Immune cells
n=10000","10","Precision",1,"Metastics cancer cell"
"2624",1,"CancerCellpseudoPBMC_10000_GSE162708_OVCme_n100.csv","Immune cells
n=10000","100","Precision",1,"Metastics cancer cell"
"2625",1,"CancerCellpseudoPBMC_10000_GSE162708_OVCme_n20.csv","Immune cells
n=10000","20","Precision",1,"Metastics cancer cell"
"2626",1,"CancerCellpseudoPBMC_10000_GSE162708_OVCme_n5.csv","Immune cells
n=10000","5","Precision",1,"Metastics cancer cell"
"2627",0.999809523809524,"CancerCellpseudoPBMC_10000_GSE162708_OVCme_n500.csv","Immune cells
n=10000","500","Precision",1,"Metastics cancer cell"
"2628",1,"CancerCellpseudoPBMC_10000_GSE163558_GCme_n10.csv","Immune cells
n=10000","10","Precision",1,"Metastics cancer cell"
"2629",0.99960396039604,"CancerCellpseudoPBMC_10000_GSE163558_GCme_n100.csv","Immune cells
n=10000","100","Precision",1,"Metastics cancer cell"
"2630",1,"CancerCellpseudoPBMC_10000_GSE163558_GCme_n20.csv","Immune cells
n=10000","20","Precision",1,"Metastics cancer cell"
"2631",1,"CancerCellpseudoPBMC_10000_GSE163558_GCme_n5.csv","Immune cells
n=10000","5","Precision",1,"Metastics cancer cell"
"2632",0.999428571428571,"CancerCellpseudoPBMC_10000_GSE163558_GCme_n500.csv","Immune cells
n=10000","500","Precision",1,"Metastics cancer cell"
"2633",1,"CancerCellpseudoPBMC_10000_GSE176029_LiverMela_n10.csv","Immune cells
n=10000","10","Precision",1,"Metastics cancer cell"
"2634",0.99990099009901,"CancerCellpseudoPBMC_10000_GSE176029_LiverMela_n100.csv","Immune cells
n=10000","100","Precision",1,"Metastics cancer cell"
"2635",0.999900199600798,"CancerCellpseudoPBMC_10000_GSE176029_LiverMela_n20.csv","Immune cells
n=10000","20","Precision",1,"Metastics cancer cell"
"2636",0.999900049975012,"CancerCellpseudoPBMC_10000_GSE176029_LiverMela_n5.csv","Immune cells
n=10000","5","Precision",1,"Metastics cancer cell"
"2637",0.999714285714286,"CancerCellpseudoPBMC_10000_GSE176029_LiverMela_n500.csv","Immune cells
n=10000","500","Precision",1,"Metastics cancer cell"
"2638",1,"CancerCellpseudoPBMC_7500_GSE162708_OVCme_n10.csv","Immune cells
n=7500","10","Precision",1,"Metastics cancer cell"
"2639",1,"CancerCellpseudoPBMC_7500_GSE162708_OVCme_n100.csv","Immune cells
n=7500","100","Precision",1,"Metastics cancer cell"
"2640",1,"CancerCellpseudoPBMC_7500_GSE162708_OVCme_n20.csv","Immune cells
n=7500","20","Precision",1,"Metastics cancer cell"
"2641",1,"CancerCellpseudoPBMC_7500_GSE162708_OVCme_n5.csv","Immune cells
n=7500","5","Precision",1,"Metastics cancer cell"
"2642",0.99975,"CancerCellpseudoPBMC_7500_GSE162708_OVCme_n500.csv","Immune cells
n=7500","500","Precision",1,"Metastics cancer cell"
"2643",1,"CancerCellpseudoPBMC_7500_GSE163558_GCme_n10.csv","Immune cells
n=7500","10","Precision",1,"Metastics cancer cell"
"2644",0.999473684210526,"CancerCellpseudoPBMC_7500_GSE163558_GCme_n100.csv","Immune cells
n=7500","100","Precision",1,"Metastics cancer cell"
"2645",1,"CancerCellpseudoPBMC_7500_GSE163558_GCme_n20.csv","Immune cells
n=7500","20","Precision",1,"Metastics cancer cell"
"2646",1,"CancerCellpseudoPBMC_7500_GSE163558_GCme_n5.csv","Immune cells
n=7500","5","Precision",1,"Metastics cancer cell"
"2647",0.99925,"CancerCellpseudoPBMC_7500_GSE163558_GCme_n500.csv","Immune cells
n=7500","500","Precision",1,"Metastics cancer cell"
"2648",1,"CancerCellpseudoPBMC_7500_GSE176029_LiverMela_n10.csv","Immune cells
n=7500","10","Precision",1,"Metastics cancer cell"
"2649",0.999868421052632,"CancerCellpseudoPBMC_7500_GSE176029_LiverMela_n100.csv","Immune cells
n=7500","100","Precision",1,"Metastics cancer cell"
"2650",0.999867021276596,"CancerCellpseudoPBMC_7500_GSE176029_LiverMela_n20.csv","Immune cells
n=7500","20","Precision",1,"Metastics cancer cell"
"2651",0.999866755496336,"CancerCellpseudoPBMC_7500_GSE176029_LiverMela_n5.csv","Immune cells
n=7500","5","Precision",1,"Metastics cancer cell"
"2652",0.999625,"CancerCellpseudoPBMC_7500_GSE176029_LiverMela_n500.csv","Immune cells
n=7500","500","Precision",1,"Metastics cancer cell"
"2653",1,"predict_GSE147082_OVCme_n10_GSE155698_Healthy_PBMC_1.csv","GSE155698 HD1
n=2720","10","Precision",1,"Metastics cancer cell"
"2654",1,"predict_GSE147082_OVCme_n10_GSE199994_HD1.csv","GSE199994 HD1
n=7032","10","Precision",1,"Metastics cancer cell"
"2655",1,"predict_GSE147082_OVCme_n100_GSE155698_Healthy_PBMC_1.csv","GSE155698 HD1
n=2720","100","Precision",1,"Metastics cancer cell"
"2656",1,"predict_GSE147082_OVCme_n100_GSE199994_HD1.csv","GSE199994 HD1
n=7032","100","Precision",1,"Metastics cancer cell"
"2657",1,"predict_GSE147082_OVCme_n20_GSE155698_Healthy_PBMC_1.csv","GSE155698 HD1
n=2720","20","Precision",1,"Metastics cancer cell"
"2658",1,"predict_GSE147082_OVCme_n20_GSE199994_HD1.csv","GSE199994 HD1
n=7032","20","Precision",1,"Metastics cancer cell"
"2659",1,"predict_GSE147082_OVCme_n5_GSE155698_Healthy_PBMC_1.csv","GSE155698 HD1
n=2720","5","Precision",1,"Metastics cancer cell"
"2660",1,"predict_GSE147082_OVCme_n5_GSE199994_HD1.csv","GSE199994 HD1
n=7032","5","Precision",1,"Metastics cancer cell"
"2661",0.999378881987578,"predict_GSE147082_OVCme_n500_GSE155698_Healthy_PBMC_1.csv","GSE155698 HD1
n=2720","500","Precision",1,"Metastics cancer cell"
"2662",0.999734466277217,"predict_GSE147082_OVCme_n500_GSE199994_HD1.csv","GSE199994 HD1
n=7032","500","Precision",1,"Metastics cancer cell"
"2663",1,"predict_GSE163558_GCme_n10_GSE155698_Healthy_PBMC_1.csv","GSE155698 HD1
n=2720","10","Precision",1,"Metastics cancer cell"
"2664",1,"predict_GSE163558_GCme_n10_GSE199994_HD1.csv","GSE199994 HD1
n=7032","10","Precision",1,"Metastics cancer cell"
"2665",0.998581560283688,"predict_GSE163558_GCme_n100_GSE155698_Healthy_PBMC_1.csv","GSE155698 HD1
n=2720","100","Precision",1,"Metastics cancer cell"
"2666",0.999439147504206,"predict_GSE163558_GCme_n100_GSE199994_HD1.csv","GSE199994 HD1
n=7032","100","Precision",1,"Metastics cancer cell"
"2667",1,"predict_GSE163558_GCme_n20_GSE155698_Healthy_PBMC_1.csv","GSE155698 HD1
n=2720","20","Precision",1,"Metastics cancer cell"
"2668",1,"predict_GSE163558_GCme_n20_GSE199994_HD1.csv","GSE199994 HD1
n=7032","20","Precision",1,"Metastics cancer cell"
"2669",1,"predict_GSE163558_GCme_n5_GSE155698_Healthy_PBMC_1.csv","GSE155698 HD1
n=2720","5","Precision",1,"Metastics cancer cell"
"2670",1,"predict_GSE163558_GCme_n5_GSE199994_HD1.csv","GSE199994 HD1
n=7032","5","Precision",1,"Metastics cancer cell"
"2671",0.998136645962733,"predict_GSE163558_GCme_n500_GSE155698_Healthy_PBMC_1.csv","GSE155698 HD1
n=2720","500","Precision",1,"Metastics cancer cell"
"2672",0.999203398831652,"predict_GSE163558_GCme_n500_GSE199994_HD1.csv","GSE199994 HD1
n=7032","500","Precision",1,"Metastics cancer cell"
"2673",1,"predict_GSE176029_LiverMela_n10_GSE155698_Healthy_PBMC_1.csv","GSE155698 HD1
n=2720","10","Precision",1,"Metastics cancer cell"
"2674",1,"predict_GSE176029_LiverMela_n10_GSE199994_HD1.csv","GSE199994 HD1
n=7032","10","Precision",1,"Metastics cancer cell"
"2675",0.999645390070922,"predict_GSE176029_LiverMela_n100_GSE155698_Healthy_PBMC_1.csv","GSE155698 HD1
n=2720","100","Precision",1,"Metastics cancer cell"
"2676",0.999859786876052,"predict_GSE176029_LiverMela_n100_GSE199994_HD1.csv","GSE199994 HD1
n=7032","100","Precision",1,"Metastics cancer cell"
"2677",0.99963503649635,"predict_GSE176029_LiverMela_n20_GSE155698_Healthy_PBMC_1.csv","GSE155698 HD1
n=2720","20","Precision",1,"Metastics cancer cell"
"2678",0.999858196256381,"predict_GSE176029_LiverMela_n20_GSE199994_HD1.csv","GSE199994 HD1
n=7032","20","Precision",1,"Metastics cancer cell"
"2679",0.999633027522936,"predict_GSE176029_LiverMela_n5_GSE155698_Healthy_PBMC_1.csv","GSE155698 HD1
n=2720","5","Precision",1,"Metastics cancer cell"
"2680",0.999857893988916,"predict_GSE176029_LiverMela_n5_GSE199994_HD1.csv","GSE199994 HD1
n=7032","5","Precision",1,"Metastics cancer cell"
"2681",0.999068322981366,"predict_GSE176029_LiverMela_n500_GSE155698_Healthy_PBMC_1.csv","GSE155698 HD1
n=2720","500","Precision",1,"Metastics cancer cell"
"2682",0.999601699415826,"predict_GSE176029_LiverMela_n500_GSE199994_HD1.csv","GSE199994 HD1
n=7032","500","Precision",1,"Metastics cancer cell"
"2683",1,"CancerCellpseudoPBMC_10000_GSE162708_OVCme_n10.csv","Immune cells
n=10000","10","F_0.5",1,"Metastics cancer cell"
"2684",1,"CancerCellpseudoPBMC_10000_GSE162708_OVCme_n100.csv","Immune cells
n=10000","100","F_0.5",1,"Metastics cancer cell"
"2685",1,"CancerCellpseudoPBMC_10000_GSE162708_OVCme_n20.csv","Immune cells
n=10000","20","F_0.5",1,"Metastics cancer cell"
"2686",1,"CancerCellpseudoPBMC_10000_GSE162708_OVCme_n5.csv","Immune cells
n=10000","5","F_0.5",1,"Metastics cancer cell"
"2687",0.999809523809524,"CancerCellpseudoPBMC_10000_GSE162708_OVCme_n500.csv","Immune cells
n=10000","500","F_0.5",0.999197431781702,"Metastics cancer cell"
"2688",1,"CancerCellpseudoPBMC_10000_GSE163558_GCme_n10.csv","Immune cells
n=10000","10","F_0.5",1,"Metastics cancer cell"
"2689",0.99960396039604,"CancerCellpseudoPBMC_10000_GSE163558_GCme_n100.csv","Immune cells
n=10000","100","F_0.5",0.991735537190083,"Metastics cancer cell"
"2690",1,"CancerCellpseudoPBMC_10000_GSE163558_GCme_n20.csv","Immune cells
n=10000","20","F_0.5",1,"Metastics cancer cell"
"2691",1,"CancerCellpseudoPBMC_10000_GSE163558_GCme_n5.csv","Immune cells
n=10000","5","F_0.5",1,"Metastics cancer cell"
"2692",0.999428571428571,"CancerCellpseudoPBMC_10000_GSE163558_GCme_n500.csv","Immune cells
n=10000","500","F_0.5",0.997576736672052,"Metastics cancer cell"
"2693",1,"CancerCellpseudoPBMC_10000_GSE176029_LiverMela_n10.csv","Immune cells
n=10000","10","F_0.5",1,"Metastics cancer cell"
"2694",0.99990099009901,"CancerCellpseudoPBMC_10000_GSE176029_LiverMela_n100.csv","Immune cells
n=10000","100","F_0.5",0.997983870967742,"Metastics cancer cell"
"2695",0.999900199600798,"CancerCellpseudoPBMC_10000_GSE176029_LiverMela_n20.csv","Immune cells
n=10000","20","F_0.5",0.989583333333333,"Metastics cancer cell"
"2696",0.999900049975012,"CancerCellpseudoPBMC_10000_GSE176029_LiverMela_n5.csv","Immune cells
n=10000","5","F_0.5",0.952380952380952,"Metastics cancer cell"
"2697",0.999714285714286,"CancerCellpseudoPBMC_10000_GSE176029_LiverMela_n500.csv","Immune cells
n=10000","500","F_0.5",0.99879421221865,"Metastics cancer cell"
"2698",1,"CancerCellpseudoPBMC_7500_GSE162708_OVCme_n10.csv","Immune cells
n=7500","10","F_0.5",1,"Metastics cancer cell"
"2699",1,"CancerCellpseudoPBMC_7500_GSE162708_OVCme_n100.csv","Immune cells
n=7500","100","F_0.5",1,"Metastics cancer cell"
"2700",1,"CancerCellpseudoPBMC_7500_GSE162708_OVCme_n20.csv","Immune cells
n=7500","20","F_0.5",1,"Metastics cancer cell"
"2701",1,"CancerCellpseudoPBMC_7500_GSE162708_OVCme_n5.csv","Immune cells
n=7500","5","F_0.5",1,"Metastics cancer cell"
"2702",0.99975,"CancerCellpseudoPBMC_7500_GSE162708_OVCme_n500.csv","Immune cells
n=7500","500","F_0.5",0.999197431781702,"Metastics cancer cell"
"2703",1,"CancerCellpseudoPBMC_7500_GSE163558_GCme_n10.csv","Immune cells
n=7500","10","F_0.5",1,"Metastics cancer cell"
"2704",0.999473684210526,"CancerCellpseudoPBMC_7500_GSE163558_GCme_n100.csv","Immune cells
n=7500","100","F_0.5",0.991735537190083,"Metastics cancer cell"
"2705",1,"CancerCellpseudoPBMC_7500_GSE163558_GCme_n20.csv","Immune cells
n=7500","20","F_0.5",1,"Metastics cancer cell"
"2706",1,"CancerCellpseudoPBMC_7500_GSE163558_GCme_n5.csv","Immune cells
n=7500","5","F_0.5",1,"Metastics cancer cell"
"2707",0.99925,"CancerCellpseudoPBMC_7500_GSE163558_GCme_n500.csv","Immune cells
n=7500","500","F_0.5",0.997576736672052,"Metastics cancer cell"
"2708",1,"CancerCellpseudoPBMC_7500_GSE176029_LiverMela_n10.csv","Immune cells
n=7500","10","F_0.5",1,"Metastics cancer cell"
"2709",0.999868421052632,"CancerCellpseudoPBMC_7500_GSE176029_LiverMela_n100.csv","Immune cells
n=7500","100","F_0.5",0.997983870967742,"Metastics cancer cell"
"2710",0.999867021276596,"CancerCellpseudoPBMC_7500_GSE176029_LiverMela_n20.csv","Immune cells
n=7500","20","F_0.5",0.989583333333333,"Metastics cancer cell"
"2711",0.999866755496336,"CancerCellpseudoPBMC_7500_GSE176029_LiverMela_n5.csv","Immune cells
n=7500","5","F_0.5",0.952380952380952,"Metastics cancer cell"
"2712",0.999625,"CancerCellpseudoPBMC_7500_GSE176029_LiverMela_n500.csv","Immune cells
n=7500","500","F_0.5",0.99879421221865,"Metastics cancer cell"
"2713",1,"predict_GSE147082_OVCme_n10_GSE155698_Healthy_PBMC_1.csv","GSE155698 HD1
n=2720","10","F_0.5",1,"Metastics cancer cell"
"2714",1,"predict_GSE147082_OVCme_n10_GSE199994_HD1.csv","GSE199994 HD1
n=7032","10","F_0.5",1,"Metastics cancer cell"
"2715",1,"predict_GSE147082_OVCme_n100_GSE155698_Healthy_PBMC_1.csv","GSE155698 HD1
n=2720","100","F_0.5",1,"Metastics cancer cell"
"2716",1,"predict_GSE147082_OVCme_n100_GSE199994_HD1.csv","GSE199994 HD1
n=7032","100","F_0.5",1,"Metastics cancer cell"
"2717",1,"predict_GSE147082_OVCme_n20_GSE155698_Healthy_PBMC_1.csv","GSE155698 HD1
n=2720","20","F_0.5",1,"Metastics cancer cell"
"2718",1,"predict_GSE147082_OVCme_n20_GSE199994_HD1.csv","GSE199994 HD1
n=7032","20","F_0.5",1,"Metastics cancer cell"
"2719",1,"predict_GSE147082_OVCme_n5_GSE155698_Healthy_PBMC_1.csv","GSE155698 HD1
n=2720","5","F_0.5",1,"Metastics cancer cell"
"2720",1,"predict_GSE147082_OVCme_n5_GSE199994_HD1.csv","GSE199994 HD1
n=7032","5","F_0.5",1,"Metastics cancer cell"
"2721",0.999378881987578,"predict_GSE147082_OVCme_n500_GSE155698_Healthy_PBMC_1.csv","GSE155698 HD1
n=2720","500","F_0.5",0.999197431781702,"Metastics cancer cell"
"2722",0.999734466277217,"predict_GSE147082_OVCme_n500_GSE199994_HD1.csv","GSE199994 HD1
n=7032","500","F_0.5",0.999197431781702,"Metastics cancer cell"
"2723",1,"predict_GSE163558_GCme_n10_GSE155698_Healthy_PBMC_1.csv","GSE155698 HD1
n=2720","10","F_0.5",1,"Metastics cancer cell"
"2724",1,"predict_GSE163558_GCme_n10_GSE199994_HD1.csv","GSE199994 HD1
n=7032","10","F_0.5",1,"Metastics cancer cell"
"2725",0.998581560283688,"predict_GSE163558_GCme_n100_GSE155698_Healthy_PBMC_1.csv","GSE155698 HD1
n=2720","100","F_0.5",0.991735537190083,"Metastics cancer cell"
"2726",0.999439147504206,"predict_GSE163558_GCme_n100_GSE199994_HD1.csv","GSE199994 HD1
n=7032","100","F_0.5",0.991735537190083,"Metastics cancer cell"
"2727",1,"predict_GSE163558_GCme_n20_GSE155698_Healthy_PBMC_1.csv","GSE155698 HD1
n=2720","20","F_0.5",1,"Metastics cancer cell"
"2728",1,"predict_GSE163558_GCme_n20_GSE199994_HD1.csv","GSE199994 HD1
n=7032","20","F_0.5",1,"Metastics cancer cell"
"2729",1,"predict_GSE163558_GCme_n5_GSE155698_Healthy_PBMC_1.csv","GSE155698 HD1
n=2720","5","F_0.5",1,"Metastics cancer cell"
"2730",1,"predict_GSE163558_GCme_n5_GSE199994_HD1.csv","GSE199994 HD1
n=7032","5","F_0.5",1,"Metastics cancer cell"
"2731",0.998136645962733,"predict_GSE163558_GCme_n500_GSE155698_Healthy_PBMC_1.csv","GSE155698 HD1
n=2720","500","F_0.5",0.997576736672052,"Metastics cancer cell"
"2732",0.999203398831652,"predict_GSE163558_GCme_n500_GSE199994_HD1.csv","GSE199994 HD1
n=7032","500","F_0.5",0.997576736672052,"Metastics cancer cell"
"2733",1,"predict_GSE176029_LiverMela_n10_GSE155698_Healthy_PBMC_1.csv","GSE155698 HD1
n=2720","10","F_0.5",1,"Metastics cancer cell"
"2734",1,"predict_GSE176029_LiverMela_n10_GSE199994_HD1.csv","GSE199994 HD1
n=7032","10","F_0.5",1,"Metastics cancer cell"
"2735",0.999645390070922,"predict_GSE176029_LiverMela_n100_GSE155698_Healthy_PBMC_1.csv","GSE155698 HD1
n=2720","100","F_0.5",0.997983870967742,"Metastics cancer cell"
"2736",0.999859786876052,"predict_GSE176029_LiverMela_n100_GSE199994_HD1.csv","GSE199994 HD1
n=7032","100","F_0.5",0.997983870967742,"Metastics cancer cell"
"2737",0.99963503649635,"predict_GSE176029_LiverMela_n20_GSE155698_Healthy_PBMC_1.csv","GSE155698 HD1
n=2720","20","F_0.5",0.989583333333333,"Metastics cancer cell"
"2738",0.999858196256381,"predict_GSE176029_LiverMela_n20_GSE199994_HD1.csv","GSE199994 HD1
n=7032","20","F_0.5",0.989583333333333,"Metastics cancer cell"
"2739",0.999633027522936,"predict_GSE176029_LiverMela_n5_GSE155698_Healthy_PBMC_1.csv","GSE155698 HD1
n=2720","5","F_0.5",0.952380952380952,"Metastics cancer cell"
"2740",0.999857893988916,"predict_GSE176029_LiverMela_n5_GSE199994_HD1.csv","GSE199994 HD1
n=7032","5","F_0.5",0.952380952380952,"Metastics cancer cell"
"2741",0.999068322981366,"predict_GSE176029_LiverMela_n500_GSE155698_Healthy_PBMC_1.csv","GSE155698 HD1
n=2720","500","F_0.5",0.99879421221865,"Metastics cancer cell"
"2742",0.999601699415826,"predict_GSE176029_LiverMela_n500_GSE199994_HD1.csv","GSE199994 HD1
n=7032","500","F_0.5",0.99879421221865,"Metastics cancer cell"
"2743",1,"CancerCellpseudoPBMC_10000_GSE162708_OVCme_n10.csv","Immune cells
n=10000","10","F_1",1,"Metastics cancer cell"
"2744",1,"CancerCellpseudoPBMC_10000_GSE162708_OVCme_n100.csv","Immune cells
n=10000","100","F_1",1,"Metastics cancer cell"
"2745",1,"CancerCellpseudoPBMC_10000_GSE162708_OVCme_n20.csv","Immune cells
n=10000","20","F_1",1,"Metastics cancer cell"
"2746",1,"CancerCellpseudoPBMC_10000_GSE162708_OVCme_n5.csv","Immune cells
n=10000","5","F_1",1,"Metastics cancer cell"
"2747",0.999809523809524,"CancerCellpseudoPBMC_10000_GSE162708_OVCme_n500.csv","Immune cells
n=10000","500","F_1",0.997995991983968,"Metastics cancer cell"
"2748",1,"CancerCellpseudoPBMC_10000_GSE163558_GCme_n10.csv","Immune cells
n=10000","10","F_1",1,"Metastics cancer cell"
"2749",0.99960396039604,"CancerCellpseudoPBMC_10000_GSE163558_GCme_n100.csv","Immune cells
n=10000","100","F_1",0.979591836734694,"Metastics cancer cell"
"2750",1,"CancerCellpseudoPBMC_10000_GSE163558_GCme_n20.csv","Immune cells
n=10000","20","F_1",1,"Metastics cancer cell"
"2751",1,"CancerCellpseudoPBMC_10000_GSE163558_GCme_n5.csv","Immune cells
n=10000","5","F_1",1,"Metastics cancer cell"
"2752",0.999428571428571,"CancerCellpseudoPBMC_10000_GSE163558_GCme_n500.csv","Immune cells
n=10000","500","F_1",0.993963782696177,"Metastics cancer cell"
"2753",1,"CancerCellpseudoPBMC_10000_GSE176029_LiverMela_n10.csv","Immune cells
n=10000","10","F_1",1,"Metastics cancer cell"
"2754",0.99990099009901,"CancerCellpseudoPBMC_10000_GSE176029_LiverMela_n100.csv","Immune cells
n=10000","100","F_1",0.994974874371859,"Metastics cancer cell"
"2755",0.999900199600798,"CancerCellpseudoPBMC_10000_GSE176029_LiverMela_n20.csv","Immune cells
n=10000","20","F_1",0.974358974358974,"Metastics cancer cell"
"2756",0.999900049975012,"CancerCellpseudoPBMC_10000_GSE176029_LiverMela_n5.csv","Immune cells
n=10000","5","F_1",0.888888888888889,"Metastics cancer cell"
"2757",0.999714285714286,"CancerCellpseudoPBMC_10000_GSE176029_LiverMela_n500.csv","Immune cells
n=10000","500","F_1",0.996990972918756,"Metastics cancer cell"
"2758",1,"CancerCellpseudoPBMC_7500_GSE162708_OVCme_n10.csv","Immune cells
n=7500","10","F_1",1,"Metastics cancer cell"
"2759",1,"CancerCellpseudoPBMC_7500_GSE162708_OVCme_n100.csv","Immune cells
n=7500","100","F_1",1,"Metastics cancer cell"
"2760",1,"CancerCellpseudoPBMC_7500_GSE162708_OVCme_n20.csv","Immune cells
n=7500","20","F_1",1,"Metastics cancer cell"
"2761",1,"CancerCellpseudoPBMC_7500_GSE162708_OVCme_n5.csv","Immune cells
n=7500","5","F_1",1,"Metastics cancer cell"
"2762",0.99975,"CancerCellpseudoPBMC_7500_GSE162708_OVCme_n500.csv","Immune cells
n=7500","500","F_1",0.997995991983968,"Metastics cancer cell"
"2763",1,"CancerCellpseudoPBMC_7500_GSE163558_GCme_n10.csv","Immune cells
n=7500","10","F_1",1,"Metastics cancer cell"
"2764",0.999473684210526,"CancerCellpseudoPBMC_7500_GSE163558_GCme_n100.csv","Immune cells
n=7500","100","F_1",0.979591836734694,"Metastics cancer cell"
"2765",1,"CancerCellpseudoPBMC_7500_GSE163558_GCme_n20.csv","Immune cells
n=7500","20","F_1",1,"Metastics cancer cell"
"2766",1,"CancerCellpseudoPBMC_7500_GSE163558_GCme_n5.csv","Immune cells
n=7500","5","F_1",1,"Metastics cancer cell"
"2767",0.99925,"CancerCellpseudoPBMC_7500_GSE163558_GCme_n500.csv","Immune cells
n=7500","500","F_1",0.993963782696177,"Metastics cancer cell"
"2768",1,"CancerCellpseudoPBMC_7500_GSE176029_LiverMela_n10.csv","Immune cells
n=7500","10","F_1",1,"Metastics cancer cell"
"2769",0.999868421052632,"CancerCellpseudoPBMC_7500_GSE176029_LiverMela_n100.csv","Immune cells
n=7500","100","F_1",0.994974874371859,"Metastics cancer cell"
"2770",0.999867021276596,"CancerCellpseudoPBMC_7500_GSE176029_LiverMela_n20.csv","Immune cells
n=7500","20","F_1",0.974358974358974,"Metastics cancer cell"
"2771",0.999866755496336,"CancerCellpseudoPBMC_7500_GSE176029_LiverMela_n5.csv","Immune cells
n=7500","5","F_1",0.888888888888889,"Metastics cancer cell"
"2772",0.999625,"CancerCellpseudoPBMC_7500_GSE176029_LiverMela_n500.csv","Immune cells
n=7500","500","F_1",0.996990972918756,"Metastics cancer cell"
"2773",1,"predict_GSE147082_OVCme_n10_GSE155698_Healthy_PBMC_1.csv","GSE155698 HD1
n=2720","10","F_1",1,"Metastics cancer cell"
"2774",1,"predict_GSE147082_OVCme_n10_GSE199994_HD1.csv","GSE199994 HD1
n=7032","10","F_1",1,"Metastics cancer cell"
"2775",1,"predict_GSE147082_OVCme_n100_GSE155698_Healthy_PBMC_1.csv","GSE155698 HD1
n=2720","100","F_1",1,"Metastics cancer cell"
"2776",1,"predict_GSE147082_OVCme_n100_GSE199994_HD1.csv","GSE199994 HD1
n=7032","100","F_1",1,"Metastics cancer cell"
"2777",1,"predict_GSE147082_OVCme_n20_GSE155698_Healthy_PBMC_1.csv","GSE155698 HD1
n=2720","20","F_1",1,"Metastics cancer cell"
"2778",1,"predict_GSE147082_OVCme_n20_GSE199994_HD1.csv","GSE199994 HD1
n=7032","20","F_1",1,"Metastics cancer cell"
"2779",1,"predict_GSE147082_OVCme_n5_GSE155698_Healthy_PBMC_1.csv","GSE155698 HD1
n=2720","5","F_1",1,"Metastics cancer cell"
"2780",1,"predict_GSE147082_OVCme_n5_GSE199994_HD1.csv","GSE199994 HD1
n=7032","5","F_1",1,"Metastics cancer cell"
"2781",0.999378881987578,"predict_GSE147082_OVCme_n500_GSE155698_Healthy_PBMC_1.csv","GSE155698 HD1
n=2720","500","F_1",0.997995991983968,"Metastics cancer cell"
"2782",0.999734466277217,"predict_GSE147082_OVCme_n500_GSE199994_HD1.csv","GSE199994 HD1
n=7032","500","F_1",0.997995991983968,"Metastics cancer cell"
"2783",1,"predict_GSE163558_GCme_n10_GSE155698_Healthy_PBMC_1.csv","GSE155698 HD1
n=2720","10","F_1",1,"Metastics cancer cell"
"2784",1,"predict_GSE163558_GCme_n10_GSE199994_HD1.csv","GSE199994 HD1
n=7032","10","F_1",1,"Metastics cancer cell"
"2785",0.998581560283688,"predict_GSE163558_GCme_n100_GSE155698_Healthy_PBMC_1.csv","GSE155698 HD1
n=2720","100","F_1",0.979591836734694,"Metastics cancer cell"
"2786",0.999439147504206,"predict_GSE163558_GCme_n100_GSE199994_HD1.csv","GSE199994 HD1
n=7032","100","F_1",0.979591836734694,"Metastics cancer cell"
"2787",1,"predict_GSE163558_GCme_n20_GSE155698_Healthy_PBMC_1.csv","GSE155698 HD1
n=2720","20","F_1",1,"Metastics cancer cell"
"2788",1,"predict_GSE163558_GCme_n20_GSE199994_HD1.csv","GSE199994 HD1
n=7032","20","F_1",1,"Metastics cancer cell"
"2789",1,"predict_GSE163558_GCme_n5_GSE155698_Healthy_PBMC_1.csv","GSE155698 HD1
n=2720","5","F_1",1,"Metastics cancer cell"
"2790",1,"predict_GSE163558_GCme_n5_GSE199994_HD1.csv","GSE199994 HD1
n=7032","5","F_1",1,"Metastics cancer cell"
"2791",0.998136645962733,"predict_GSE163558_GCme_n500_GSE155698_Healthy_PBMC_1.csv","GSE155698 HD1
n=2720","500","F_1",0.993963782696177,"Metastics cancer cell"
"2792",0.999203398831652,"predict_GSE163558_GCme_n500_GSE199994_HD1.csv","GSE199994 HD1
n=7032","500","F_1",0.993963782696177,"Metastics cancer cell"
"2793",1,"predict_GSE176029_LiverMela_n10_GSE155698_Healthy_PBMC_1.csv","GSE155698 HD1
n=2720","10","F_1",1,"Metastics cancer cell"
"2794",1,"predict_GSE176029_LiverMela_n10_GSE199994_HD1.csv","GSE199994 HD1
n=7032","10","F_1",1,"Metastics cancer cell"
"2795",0.999645390070922,"predict_GSE176029_LiverMela_n100_GSE155698_Healthy_PBMC_1.csv","GSE155698 HD1
n=2720","100","F_1",0.994974874371859,"Metastics cancer cell"
"2796",0.999859786876052,"predict_GSE176029_LiverMela_n100_GSE199994_HD1.csv","GSE199994 HD1
n=7032","100","F_1",0.994974874371859,"Metastics cancer cell"
"2797",0.99963503649635,"predict_GSE176029_LiverMela_n20_GSE155698_Healthy_PBMC_1.csv","GSE155698 HD1
n=2720","20","F_1",0.974358974358974,"Metastics cancer cell"
"2798",0.999858196256381,"predict_GSE176029_LiverMela_n20_GSE199994_HD1.csv","GSE199994 HD1
n=7032","20","F_1",0.974358974358974,"Metastics cancer cell"
"2799",0.999633027522936,"predict_GSE176029_LiverMela_n5_GSE155698_Healthy_PBMC_1.csv","GSE155698 HD1
n=2720","5","F_1",0.888888888888889,"Metastics cancer cell"
"2800",0.999857893988916,"predict_GSE176029_LiverMela_n5_GSE199994_HD1.csv","GSE199994 HD1
n=7032","5","F_1",0.888888888888889,"Metastics cancer cell"
"2801",0.999068322981366,"predict_GSE176029_LiverMela_n500_GSE155698_Healthy_PBMC_1.csv","GSE155698 HD1
n=2720","500","F_1",0.996990972918756,"Metastics cancer cell"
"2802",0.999601699415826,"predict_GSE176029_LiverMela_n500_GSE199994_HD1.csv","GSE199994 HD1
n=7032","500","F_1",0.996990972918756,"Metastics cancer cell"
"2803",1,"CancerCellpseudoPBMC_10000_GSE162708_OVCme_n10.csv","Immune cells
n=10000","10","F_2",1,"Metastics cancer cell"
"2804",1,"CancerCellpseudoPBMC_10000_GSE162708_OVCme_n100.csv","Immune cells
n=10000","100","F_2",1,"Metastics cancer cell"
"2805",1,"CancerCellpseudoPBMC_10000_GSE162708_OVCme_n20.csv","Immune cells
n=10000","20","F_2",1,"Metastics cancer cell"
"2806",1,"CancerCellpseudoPBMC_10000_GSE162708_OVCme_n5.csv","Immune cells
n=10000","5","F_2",1,"Metastics cancer cell"
"2807",0.999809523809524,"CancerCellpseudoPBMC_10000_GSE162708_OVCme_n500.csv","Immune cells
n=10000","500","F_2",0.99679743795036,"Metastics cancer cell"
"2808",1,"CancerCellpseudoPBMC_10000_GSE163558_GCme_n10.csv","Immune cells
n=10000","10","F_2",1,"Metastics cancer cell"
"2809",0.99960396039604,"CancerCellpseudoPBMC_10000_GSE163558_GCme_n100.csv","Immune cells
n=10000","100","F_2",0.967741935483871,"Metastics cancer cell"
"2810",1,"CancerCellpseudoPBMC_10000_GSE163558_GCme_n20.csv","Immune cells
n=10000","20","F_2",1,"Metastics cancer cell"
"2811",1,"CancerCellpseudoPBMC_10000_GSE163558_GCme_n5.csv","Immune cells
n=10000","5","F_2",1,"Metastics cancer cell"
"2812",0.999428571428571,"CancerCellpseudoPBMC_10000_GSE163558_GCme_n500.csv","Immune cells
n=10000","500","F_2",0.99037690457097,"Metastics cancer cell"
"2813",1,"CancerCellpseudoPBMC_10000_GSE176029_LiverMela_n10.csv","Immune cells
n=10000","10","F_2",1,"Metastics cancer cell"
"2814",0.99990099009901,"CancerCellpseudoPBMC_10000_GSE176029_LiverMela_n100.csv","Immune cells
n=10000","100","F_2",0.991983967935872,"Metastics cancer cell"
"2815",0.999900199600798,"CancerCellpseudoPBMC_10000_GSE176029_LiverMela_n20.csv","Immune cells
n=10000","20","F_2",0.95959595959596,"Metastics cancer cell"
"2816",0.999900049975012,"CancerCellpseudoPBMC_10000_GSE176029_LiverMela_n5.csv","Immune cells
n=10000","5","F_2",0.833333333333333,"Metastics cancer cell"
"2817",0.999714285714286,"CancerCellpseudoPBMC_10000_GSE176029_LiverMela_n500.csv","Immune cells
n=10000","500","F_2",0.995194233079696,"Metastics cancer cell"
"2818",1,"CancerCellpseudoPBMC_7500_GSE162708_OVCme_n10.csv","Immune cells
n=7500","10","F_2",1,"Metastics cancer cell"
"2819",1,"CancerCellpseudoPBMC_7500_GSE162708_OVCme_n100.csv","Immune cells
n=7500","100","F_2",1,"Metastics cancer cell"
"2820",1,"CancerCellpseudoPBMC_7500_GSE162708_OVCme_n20.csv","Immune cells
n=7500","20","F_2",1,"Metastics cancer cell"
"2821",1,"CancerCellpseudoPBMC_7500_GSE162708_OVCme_n5.csv","Immune cells
n=7500","5","F_2",1,"Metastics cancer cell"
"2822",0.99975,"CancerCellpseudoPBMC_7500_GSE162708_OVCme_n500.csv","Immune cells
n=7500","500","F_2",0.99679743795036,"Metastics cancer cell"
"2823",1,"CancerCellpseudoPBMC_7500_GSE163558_GCme_n10.csv","Immune cells
n=7500","10","F_2",1,"Metastics cancer cell"
"2824",0.999473684210526,"CancerCellpseudoPBMC_7500_GSE163558_GCme_n100.csv","Immune cells
n=7500","100","F_2",0.967741935483871,"Metastics cancer cell"
"2825",1,"CancerCellpseudoPBMC_7500_GSE163558_GCme_n20.csv","Immune cells
n=7500","20","F_2",1,"Metastics cancer cell"
"2826",1,"CancerCellpseudoPBMC_7500_GSE163558_GCme_n5.csv","Immune cells
n=7500","5","F_2",1,"Metastics cancer cell"
"2827",0.99925,"CancerCellpseudoPBMC_7500_GSE163558_GCme_n500.csv","Immune cells
n=7500","500","F_2",0.99037690457097,"Metastics cancer cell"
"2828",1,"CancerCellpseudoPBMC_7500_GSE176029_LiverMela_n10.csv","Immune cells
n=7500","10","F_2",1,"Metastics cancer cell"
"2829",0.999868421052632,"CancerCellpseudoPBMC_7500_GSE176029_LiverMela_n100.csv","Immune cells
n=7500","100","F_2",0.991983967935872,"Metastics cancer cell"
"2830",0.999867021276596,"CancerCellpseudoPBMC_7500_GSE176029_LiverMela_n20.csv","Immune cells
n=7500","20","F_2",0.95959595959596,"Metastics cancer cell"
"2831",0.999866755496336,"CancerCellpseudoPBMC_7500_GSE176029_LiverMela_n5.csv","Immune cells
n=7500","5","F_2",0.833333333333333,"Metastics cancer cell"
"2832",0.999625,"CancerCellpseudoPBMC_7500_GSE176029_LiverMela_n500.csv","Immune cells
n=7500","500","F_2",0.995194233079696,"Metastics cancer cell"
"2833",1,"predict_GSE147082_OVCme_n10_GSE155698_Healthy_PBMC_1.csv","GSE155698 HD1
n=2720","10","F_2",1,"Metastics cancer cell"
"2834",1,"predict_GSE147082_OVCme_n10_GSE199994_HD1.csv","GSE199994 HD1
n=7032","10","F_2",1,"Metastics cancer cell"
"2835",1,"predict_GSE147082_OVCme_n100_GSE155698_Healthy_PBMC_1.csv","GSE155698 HD1
n=2720","100","F_2",1,"Metastics cancer cell"
"2836",1,"predict_GSE147082_OVCme_n100_GSE199994_HD1.csv","GSE199994 HD1
n=7032","100","F_2",1,"Metastics cancer cell"
"2837",1,"predict_GSE147082_OVCme_n20_GSE155698_Healthy_PBMC_1.csv","GSE155698 HD1
n=2720","20","F_2",1,"Metastics cancer cell"
"2838",1,"predict_GSE147082_OVCme_n20_GSE199994_HD1.csv","GSE199994 HD1
n=7032","20","F_2",1,"Metastics cancer cell"
"2839",1,"predict_GSE147082_OVCme_n5_GSE155698_Healthy_PBMC_1.csv","GSE155698 HD1
n=2720","5","F_2",1,"Metastics cancer cell"
"2840",1,"predict_GSE147082_OVCme_n5_GSE199994_HD1.csv","GSE199994 HD1
n=7032","5","F_2",1,"Metastics cancer cell"
"2841",0.999378881987578,"predict_GSE147082_OVCme_n500_GSE155698_Healthy_PBMC_1.csv","GSE155698 HD1
n=2720","500","F_2",0.99679743795036,"Metastics cancer cell"
"2842",0.999734466277217,"predict_GSE147082_OVCme_n500_GSE199994_HD1.csv","GSE199994 HD1
n=7032","500","F_2",0.99679743795036,"Metastics cancer cell"
"2843",1,"predict_GSE163558_GCme_n10_GSE155698_Healthy_PBMC_1.csv","GSE155698 HD1
n=2720","10","F_2",1,"Metastics cancer cell"
"2844",1,"predict_GSE163558_GCme_n10_GSE199994_HD1.csv","GSE199994 HD1
n=7032","10","F_2",1,"Metastics cancer cell"
"2845",0.998581560283688,"predict_GSE163558_GCme_n100_GSE155698_Healthy_PBMC_1.csv","GSE155698 HD1
n=2720","100","F_2",0.967741935483871,"Metastics cancer cell"
"2846",0.999439147504206,"predict_GSE163558_GCme_n100_GSE199994_HD1.csv","GSE199994 HD1
n=7032","100","F_2",0.967741935483871,"Metastics cancer cell"
"2847",1,"predict_GSE163558_GCme_n20_GSE155698_Healthy_PBMC_1.csv","GSE155698 HD1
n=2720","20","F_2",1,"Metastics cancer cell"
"2848",1,"predict_GSE163558_GCme_n20_GSE199994_HD1.csv","GSE199994 HD1
n=7032","20","F_2",1,"Metastics cancer cell"
"2849",1,"predict_GSE163558_GCme_n5_GSE155698_Healthy_PBMC_1.csv","GSE155698 HD1
n=2720","5","F_2",1,"Metastics cancer cell"
"2850",1,"predict_GSE163558_GCme_n5_GSE199994_HD1.csv","GSE199994 HD1
n=7032","5","F_2",1,"Metastics cancer cell"
"2851",0.998136645962733,"predict_GSE163558_GCme_n500_GSE155698_Healthy_PBMC_1.csv","GSE155698 HD1
n=2720","500","F_2",0.99037690457097,"Metastics cancer cell"
"2852",0.999203398831652,"predict_GSE163558_GCme_n500_GSE199994_HD1.csv","GSE199994 HD1
n=7032","500","F_2",0.99037690457097,"Metastics cancer cell"
"2853",1,"predict_GSE176029_LiverMela_n10_GSE155698_Healthy_PBMC_1.csv","GSE155698 HD1
n=2720","10","F_2",1,"Metastics cancer cell"
"2854",1,"predict_GSE176029_LiverMela_n10_GSE199994_HD1.csv","GSE199994 HD1
n=7032","10","F_2",1,"Metastics cancer cell"
"2855",0.999645390070922,"predict_GSE176029_LiverMela_n100_GSE155698_Healthy_PBMC_1.csv","GSE155698 HD1
n=2720","100","F_2",0.991983967935872,"Metastics cancer cell"
"2856",0.999859786876052,"predict_GSE176029_LiverMela_n100_GSE199994_HD1.csv","GSE199994 HD1
n=7032","100","F_2",0.991983967935872,"Metastics cancer cell"
"2857",0.99963503649635,"predict_GSE176029_LiverMela_n20_GSE155698_Healthy_PBMC_1.csv","GSE155698 HD1
n=2720","20","F_2",0.95959595959596,"Metastics cancer cell"
"2858",0.999858196256381,"predict_GSE176029_LiverMela_n20_GSE199994_HD1.csv","GSE199994 HD1
n=7032","20","F_2",0.95959595959596,"Metastics cancer cell"
"2859",0.999633027522936,"predict_GSE176029_LiverMela_n5_GSE155698_Healthy_PBMC_1.csv","GSE155698 HD1
n=2720","5","F_2",0.833333333333333,"Metastics cancer cell"
"2860",0.999857893988916,"predict_GSE176029_LiverMela_n5_GSE199994_HD1.csv","GSE199994 HD1
n=7032","5","F_2",0.833333333333333,"Metastics cancer cell"
"2861",0.999068322981366,"predict_GSE176029_LiverMela_n500_GSE155698_Healthy_PBMC_1.csv","GSE155698 HD1
n=2720","500","F_2",0.995194233079696,"Metastics cancer cell"
"2862",0.999601699415826,"predict_GSE176029_LiverMela_n500_GSE199994_HD1.csv","GSE199994 HD1
n=7032","500","F_2",0.995194233079696,"Metastics cancer cell"
